Econs;Eprod;full_date
2.2865;0.0;2024-01-15 00:00:00
2.4195;0.0;2024-01-15 00:15:00
2.5345;0.0;2024-01-15 00:30:00
2.1325;0.0;2024-01-15 00:45:00
2.3575;0.0;2024-01-15 01:00:00
2.389;0.0;2024-01-15 01:15:00
2.402;0.0;2024-01-15 01:30:00
2.471;0.0;2024-01-15 01:45:00
2.233;0.0;2024-01-15 02:00:00
2.6045;0.0;2024-01-15 02:15:00
2.4515;0.0;2024-01-15 02:30:00
2.643;0.0;2024-01-15 02:45:00
2.121;0.0;2024-01-15 03:00:00
2.388;0.0;2024-01-15 03:15:00
2.011;0.0;2024-01-15 03:30:00
2.5065;0.0;2024-01-15 03:45:00
2.3105;0.0;2024-01-15 04:00:00
2.4995;0.0;2024-01-15 04:15:00
2.6605;0.0;2024-01-15 04:30:00
2.2915;0.0;2024-01-15 04:45:00
2.5155;0.0;2024-01-15 05:00:00
2.393;0.0;2024-01-15 05:15:00
2.48;0.0;2024-01-15 05:30:00
1.741;0.0;2024-01-15 05:45:00
1.985;0.0136666666666667;2024-01-15 06:00:00
1.9545;0.07025;2024-01-15 06:15:00
1.5535;0.161916666666667;2024-01-15 06:30:00
1.5905;0.290916666666667;2024-01-15 06:45:00
2.2365;0.849833333333333;2024-01-15 07:00:00
1.45;0.975083333333333;2024-01-15 07:15:00
1.814;0.77775;2024-01-15 07:30:00
1.6115;1.54175;2024-01-15 07:45:00
1.9725;0.718083333333334;2024-01-15 08:00:00
1.757;2.65216666666667;2024-01-15 08:15:00
1.517;2.78641666666667;2024-01-15 08:30:00
1.679;2.46891666666667;2024-01-15 08:45:00
1.863;2.67116666666667;2024-01-15 09:00:00
1.406;1.47108333333333;2024-01-15 09:15:00
1.731;2.52725;2024-01-15 09:30:00
1.693;1.66483333333333;2024-01-15 09:45:00
1.673;3.4875;2024-01-15 10:00:00
1.599;4.30658333333333;2024-01-15 10:15:00
1.526;2.24725;2024-01-15 10:30:00
1.5095;1.70116666666667;2024-01-15 10:45:00
1.6205;2.38491666666667;2024-01-15 11:00:00
1.233;2.83075;2024-01-15 11:15:00
1.606;3.844;2024-01-15 11:30:00
2.0035;3.59933333333333;2024-01-15 11:45:00
2.5045;8.08358333333333;2024-01-15 12:00:00
3.24;2.58575;2024-01-15 12:15:00
2.874;3.48141666666667;2024-01-15 12:30:00
2.772;4.06441666666667;2024-01-15 12:45:00
2.752;3.368;2024-01-15 13:00:00
2.832;4.14408333333333;2024-01-15 13:15:00
2.994;3.82375;2024-01-15 13:30:00
2.674;4.82575;2024-01-15 13:45:00
3.082;6.73858333333333;2024-01-15 14:00:00
3.074;5.19658333333333;2024-01-15 14:15:00
2.838;8.08366666666667;2024-01-15 14:30:00
3.017;7.48308333333333;2024-01-15 14:45:00
2.709;6.3985;2024-01-15 15:00:00
2.8615;8.07583333333333;2024-01-15 15:15:00
3.2445;5.04308333333333;2024-01-15 15:30:00
3.779;2.6515;2024-01-15 15:45:00
3.107;2.69483333333333;2024-01-15 16:00:00
2.145;2.59916666666667;2024-01-15 16:15:00
1.86;3.02133333333333;2024-01-15 16:30:00
1.754;2.03341666666667;2024-01-15 16:45:00
1.716;3.78166666666667;2024-01-15 17:00:00
1.218;2.96508333333333;2024-01-15 17:15:00
1.373;1.863;2024-01-15 17:30:00
1.583;2.45041666666667;2024-01-15 17:45:00
1.636;1.2645;2024-01-15 18:00:00
1.236;2.81133333333333;2024-01-15 18:15:00
1.013;3.23383333333333;2024-01-15 18:30:00
1.3645;3.11916666666667;2024-01-15 18:45:00
1.5705;0.542666666666667;2024-01-15 19:00:00
0.992;2.04616666666667;2024-01-15 19:15:00
1.229;1.432;2024-01-15 19:30:00
1.5365;1.13391666666667;2024-01-15 19:45:00
0.9795;0.89375;2024-01-15 20:00:00
1.2835;0.635166666666667;2024-01-15 20:15:00
1.0255;0.39125;2024-01-15 20:30:00
1.376;0.102583333333333;2024-01-15 20:45:00
1.81;0.00616666666666667;2024-01-15 21:00:00
1.8675;0.0;2024-01-15 21:15:00
1.9495;0.0;2024-01-15 21:30:00
2.601;0.0;2024-01-15 21:45:00
2.256;0.0;2024-01-15 22:00:00
2.5445;0.0;2024-01-15 22:15:00
2.3055;0.0;2024-01-15 22:30:00
2.4;0.0;2024-01-15 22:45:00
2.537;0.0;2024-01-15 23:00:00
2.758;0.0;2024-01-15 23:15:00
2.502;0.0;2024-01-15 23:30:00
2.2135;0.0;2024-01-15 23:45:00
2.146;0.0;2024-01-02 00:00:00
2.1775;0.0;2024-01-02 00:15:00
1.5955;0.0;2024-01-02 00:30:00
1.8875;0.0;2024-01-02 00:45:00
2.3625;0.0;2024-01-02 01:00:00
1.5665;0.0;2024-01-02 01:15:00
1.7545;0.0;2024-01-02 01:30:00
2.297;0.0;2024-01-02 01:45:00
1.817;0.0;2024-01-02 02:00:00
1.66;0.0;2024-01-02 02:15:00
2.153;0.0;2024-01-02 02:30:00
2.319;0.0;2024-01-02 02:45:00
2.102;0.0;2024-01-02 03:00:00
2.51;0.0;2024-01-02 03:15:00
2.507;0.0;2024-01-02 03:30:00
2.228;0.0;2024-01-02 03:45:00
2.44;0.0;2024-01-02 04:00:00
2.033;0.0;2024-01-02 04:15:00
2.605;0.0;2024-01-02 04:30:00
2.5535;0.0;2024-01-02 04:45:00
2.1085;0.0;2024-01-02 05:00:00
2.0975;0.0;2024-01-02 05:15:00
2.3105;0.0;2024-01-02 05:30:00
2.059;0.0;2024-01-02 05:45:00
1.922;0.0;2024-01-02 06:00:00
1.8425;0.0;2024-01-02 06:15:00
1.2165;0.0;2024-01-02 06:30:00
1.6185;0.0223333333333333;2024-01-02 06:45:00
1.4775;0.0979166666666667;2024-01-02 07:00:00
1.3575;0.276416666666667;2024-01-02 07:15:00
0.8595;0.541333333333333;2024-01-02 07:30:00
1.2135;0.899416666666667;2024-01-02 07:45:00
1.1175;1.31566666666667;2024-01-02 08:00:00
1.3645;1.76591666666667;2024-01-02 08:15:00
1.5725;2.23508333333333;2024-01-02 08:30:00
2.0745;2.70883333333333;2024-01-02 08:45:00
1.8125;3.17825;2024-01-02 09:00:00
1.5855;3.64441666666667;2024-01-02 09:15:00
1.7795;4.04308333333333;2024-01-02 09:30:00
1.9195;4.44725;2024-01-02 09:45:00
1.3075;4.82216666666667;2024-01-02 10:00:00
1.207;5.17266666666667;2024-01-02 10:15:00
1.463;5.39525;2024-01-02 10:30:00
1.1265;5.70608333333333;2024-01-02 10:45:00
0.9365;5.98558333333333;2024-01-02 11:00:00
1.2425;6.25391666666667;2024-01-02 11:15:00
1.2685;6.456;2024-01-02 11:30:00
0.9115;6.56758333333333;2024-01-02 11:45:00
0.9615;6.791;2024-01-02 12:00:00
1.229;6.86283333333333;2024-01-02 12:15:00
1.155;7.03808333333333;2024-01-02 12:30:00
0.939;7.11108333333333;2024-01-02 12:45:00
1.103;7.19566666666667;2024-01-02 13:00:00
0.948;7.19533333333333;2024-01-02 13:15:00
1.102;7.14241666666667;2024-01-02 13:30:00
1.0695;7.08116666666667;2024-01-02 13:45:00
1.0535;7.08741666666667;2024-01-02 14:00:00
0.8935;7.01816666666667;2024-01-02 14:15:00
1.0155;6.93033333333333;2024-01-02 14:30:00
0.892;6.80266666666667;2024-01-02 14:45:00
0.975;6.7525;2024-01-02 15:00:00
1.01;6.55725;2024-01-02 15:15:00
1.071;6.328;2024-01-02 15:30:00
1.4;6.1265;2024-01-02 15:45:00
1.143;5.87716666666667;2024-01-02 16:00:00
1.0765;5.60216666666667;2024-01-02 16:15:00
0.9185;5.29358333333333;2024-01-02 16:30:00
1.0805;4.96941666666667;2024-01-02 16:45:00
0.8775;4.62166666666667;2024-01-02 17:00:00
1.1055;4.18925;2024-01-02 17:15:00
0.8735;3.76175;2024-01-02 17:30:00
1.0395;3.25358333333333;2024-01-02 17:45:00
0.9725;2.79383333333333;2024-01-02 18:00:00
0.9775;2.47825;2024-01-02 18:15:00
1.0215;1.98916666666667;2024-01-02 18:30:00
0.963;1.54975;2024-01-02 18:45:00
1.098;1.10491666666667;2024-01-02 19:00:00
0.9245;0.7505;2024-01-02 19:15:00
1.0815;0.444583333333333;2024-01-02 19:30:00
0.985;0.247166666666667;2024-01-02 19:45:00
1.127;0.127083333333333;2024-01-02 20:00:00
1.0585;0.0275833333333333;2024-01-02 20:15:00
1.3975;0.0;2024-01-02 20:30:00
1.257;0.0;2024-01-02 20:45:00
2.055;0.0;2024-01-02 21:00:00
1.659;0.0;2024-01-02 21:15:00
2.085;0.0;2024-01-02 21:30:00
1.863;0.0;2024-01-02 21:45:00
1.609;0.0;2024-01-02 22:00:00
2.473;0.0;2024-01-02 22:15:00
2.292;0.0;2024-01-02 22:30:00
2.295;0.0;2024-01-02 22:45:00
2.857;0.0;2024-01-02 23:00:00
2.7095;0.0;2024-01-02 23:15:00
2.2205;0.0;2024-01-02 23:30:00
2.14;0.0;2024-01-02 23:45:00
2.7055;0.0;2024-01-21 00:00:00
2.307;0.0;2024-01-21 00:15:00
2.449;0.0;2024-01-21 00:30:00
2.344;0.0;2024-01-21 00:45:00
1.994;0.0;2024-01-21 01:00:00
1.9585;0.0;2024-01-21 01:15:00
1.5035;0.0;2024-01-21 01:30:00
2.059;0.0;2024-01-21 01:45:00
2.315;0.0;2024-01-21 02:00:00
1.563;0.0;2024-01-21 02:15:00
1.667;0.0;2024-01-21 02:30:00
2.171;0.0;2024-01-21 02:45:00
1.718;0.0;2024-01-21 03:00:00
1.4695;0.0;2024-01-21 03:15:00
2.0225;0.0;2024-01-21 03:30:00
1.934;0.0;2024-01-21 03:45:00
1.447;0.0;2024-01-21 04:00:00
2.069;0.0;2024-01-21 04:15:00
2.274;0.0;2024-01-21 04:30:00
2.5245;0.0;2024-01-21 04:45:00
2.1395;0.0;2024-01-21 05:00:00
2.301;0.0;2024-01-21 05:15:00
2.779;0.0;2024-01-21 05:30:00
2.238;0.0;2024-01-21 05:45:00
1.574;0.0;2024-01-21 06:00:00
1.671;0.0;2024-01-21 06:15:00
1.639;0.0420833333333333;2024-01-21 06:30:00
1.4815;0.0754166666666667;2024-01-21 06:45:00
1.3595;0.189333333333333;2024-01-21 07:00:00
1.6685;0.462583333333333;2024-01-21 07:15:00
1.5745;0.174083333333333;2024-01-21 07:30:00
1.474;0.0956666666666666;2024-01-21 07:45:00
1.16;0.5145;2024-01-21 08:00:00
1.174;0.44125;2024-01-21 08:15:00
0.84;1.4925;2024-01-21 08:30:00
1.396;1.09483333333333;2024-01-21 08:45:00
0.93;1.047;2024-01-21 09:00:00
1.653;1.04733333333333;2024-01-21 09:15:00
2.71;1.04925;2024-01-21 09:30:00
2.9285;2.90658333333333;2024-01-21 09:45:00
2.5095;3.15608333333333;2024-01-21 10:00:00
2.449;7.916;2024-01-21 10:15:00
2.81;1.05325;2024-01-21 10:30:00
2.7775;1.20725;2024-01-21 10:45:00
3.3955;4.23633333333333;2024-01-21 11:00:00
3.056;8.08308333333333;2024-01-21 11:15:00
3.243;2.63658333333333;2024-01-21 11:30:00
3.6905;2.66216666666667;2024-01-21 11:45:00
3.4095;6.99391666666667;2024-01-21 12:00:00
3.2195;1.56875;2024-01-21 12:15:00
3.0545;2.27783333333333;2024-01-21 12:30:00
2.4725;2.10883333333333;2024-01-21 12:45:00
2.8535;1.54666666666667;2024-01-21 13:00:00
3.146;3.3245;2024-01-21 13:15:00
2.908;2.41291666666667;2024-01-21 13:30:00
2.2075;2.75158333333333;2024-01-21 13:45:00
1.3455;3.59625;2024-01-21 14:00:00
1.333;3.67816666666667;2024-01-21 14:15:00
1.543;4.4465;2024-01-21 14:30:00
0.874;3.60783333333333;2024-01-21 14:45:00
1.007;3.97091666666667;2024-01-21 15:00:00
1.8805;3.77158333333333;2024-01-21 15:15:00
1.6565;3.21708333333333;2024-01-21 15:30:00
1.429;1.66841666666667;2024-01-21 15:45:00
1.945;2.41641666666667;2024-01-21 16:00:00
1.612;2.70075;2024-01-21 16:15:00
0.798;2.14458333333333;2024-01-21 16:30:00
1.4935;2.25483333333333;2024-01-21 16:45:00
1.5205;2.892;2024-01-21 17:00:00
0.8335;1.56275;2024-01-21 17:15:00
1.1795;1.09891666666667;2024-01-21 17:30:00
1.204;1.36841666666667;2024-01-21 17:45:00
0.811;1.69408333333333;2024-01-21 18:00:00
0.9955;3.73216666666667;2024-01-21 18:15:00
1.0705;3.38333333333333;2024-01-21 18:30:00
0.8845;0.91425;2024-01-21 18:45:00
1.3455;1.23125;2024-01-21 19:00:00
0.7685;1.0915;2024-01-21 19:15:00
0.8575;0.720083333333333;2024-01-21 19:30:00
1.744;0.38;2024-01-21 19:45:00
1.928;0.3935;2024-01-21 20:00:00
1.6495;0.159833333333333;2024-01-21 20:15:00
1.6865;0.145166666666667;2024-01-21 20:30:00
1.58;0.0445;2024-01-21 20:45:00
1.699;0.0005;2024-01-21 21:00:00
1.466;0.0;2024-01-21 21:15:00
2.141;0.0;2024-01-21 21:30:00
2.504;0.0;2024-01-21 21:45:00
2.34;0.0;2024-01-21 22:00:00
2.1435;0.0;2024-01-21 22:15:00
1.4085;0.0;2024-01-21 22:30:00
1.6395;0.0;2024-01-21 22:45:00
2.1105;0.0;2024-01-21 23:00:00
2.005;0.0;2024-01-21 23:15:00
1.726;0.0;2024-01-21 23:30:00
1.853;0.0;2024-01-21 23:45:00
1.892;0.0;2024-01-16 00:00:00
1.856;0.0;2024-01-16 00:15:00
1.995;0.0;2024-01-16 00:30:00
2.0035;0.0;2024-01-16 00:45:00
1.6715;0.0;2024-01-16 01:00:00
1.8875;0.0;2024-01-16 01:15:00
1.6955;0.0;2024-01-16 01:30:00
1.8515;0.0;2024-01-16 01:45:00
1.7795;0.0;2024-01-16 02:00:00
1.8125;0.0;2024-01-16 02:15:00
1.8365;0.0;2024-01-16 02:30:00
1.7435;0.0;2024-01-16 02:45:00
2.0515;0.0;2024-01-16 03:00:00
1.794;0.0;2024-01-16 03:15:00
1.896;0.0;2024-01-16 03:30:00
2.4205;0.0;2024-01-16 03:45:00
2.1015;0.0;2024-01-16 04:00:00
2.3215;0.0;2024-01-16 04:15:00
3.6765;0.0;2024-01-16 04:30:00
7.452;0.0;2024-01-16 04:45:00
10.155;0.0;2024-01-16 05:00:00
22.7115;0.0;2024-01-16 05:15:00
34.8465;0.0;2024-01-16 05:30:00
34.134;0.0005;2024-01-16 05:45:00
29.076;0.00925;2024-01-16 06:00:00
31.1845;0.066;2024-01-16 06:15:00
33.2215;0.105333333333333;2024-01-16 06:30:00
34.4;0.252916666666667;2024-01-16 06:45:00
30.128;0.178416666666667;2024-01-16 07:00:00
28.365;0.503;2024-01-16 07:15:00
33.298;1.3535;2024-01-16 07:30:00
35.365;1.42416666666667;2024-01-16 07:45:00
34.352;1.67475;2024-01-16 08:00:00
34.284;1.29291666666667;2024-01-16 08:15:00
36.869;2.02883333333333;2024-01-16 08:30:00
32.2295;3.60716666666667;2024-01-16 08:45:00
21.9015;4.01875;2024-01-16 09:00:00
20.12;3.8825;2024-01-16 09:15:00
32.465;4.12425;2024-01-16 09:30:00
30.0615;5.61666666666667;2024-01-16 09:45:00
32.3765;6.28875;2024-01-16 10:00:00
36.712;9.79683333333333;2024-01-16 10:15:00
34.28;13.5266666666667;2024-01-16 10:30:00
32.1205;9.72225;2024-01-16 10:45:00
35.9065;14.9745833333333;2024-01-16 11:00:00
33.8265;13.371;2024-01-16 11:15:00
31.7315;8.68558333333333;2024-01-16 11:30:00
33.1075;9.57816666666666;2024-01-16 11:45:00
32.8425;8.237;2024-01-16 12:00:00
25.5115;7.59191666666667;2024-01-16 12:15:00
17.6525;9.22558333333333;2024-01-16 12:30:00
12.537;7.97716666666667;2024-01-16 12:45:00
12.155;7.30783333333333;2024-01-16 13:00:00
12.9995;11.6359166666667;2024-01-16 13:15:00
13.1085;8.084;2024-01-16 13:30:00
10.37;8.97533333333333;2024-01-16 13:45:00
10.194;5.37991666666667;2024-01-16 14:00:00
10.401;9.54416666666667;2024-01-16 14:15:00
10.92;7.81008333333333;2024-01-16 14:30:00
10.309;9.93583333333333;2024-01-16 14:45:00
8.883;8.47916666666667;2024-01-16 15:00:00
7.4765;5.37516666666667;2024-01-16 15:15:00
6.3355;3.98983333333333;2024-01-16 15:30:00
6.4435;3.36075;2024-01-16 15:45:00
5.5845;2.62808333333333;2024-01-16 16:00:00
5.9425;3.02133333333333;2024-01-16 16:15:00
5.4015;1.94758333333333;2024-01-16 16:30:00
5.475;2.20966666666667;2024-01-16 16:45:00
5.393;1.99441666666667;2024-01-16 17:00:00
5.1675;1.37741666666667;2024-01-16 17:15:00
5.2005;1.55383333333333;2024-01-16 17:30:00
5.394;1.96216666666667;2024-01-16 17:45:00
5.151;1.34858333333333;2024-01-16 18:00:00
3.7415;1.45908333333333;2024-01-16 18:15:00
2.5895;1.18766666666667;2024-01-16 18:30:00
2.29;0.9605;2024-01-16 18:45:00
1.995;0.795833333333333;2024-01-16 19:00:00
2.301;0.51475;2024-01-16 19:15:00
2.058;0.37625;2024-01-16 19:30:00
1.7245;0.227916666666667;2024-01-16 19:45:00
1.8905;0.193166666666667;2024-01-16 20:00:00
1.8215;0.0933333333333333;2024-01-16 20:15:00
2.0565;0.0624166666666667;2024-01-16 20:30:00
1.6465;0.00291666666666667;2024-01-16 20:45:00
1.7235;0.0;2024-01-16 21:00:00
2.156;0.0;2024-01-16 21:15:00
2.487;0.0;2024-01-16 21:30:00
2.341;0.0;2024-01-16 21:45:00
2.767;0.0;2024-01-16 22:00:00
2.244;0.0;2024-01-16 22:15:00
2.495;0.0;2024-01-16 22:30:00
2.2755;0.0;2024-01-16 22:45:00
2.3675;0.0;2024-01-16 23:00:00
2.398;0.0;2024-01-16 23:15:00
2.231;0.0;2024-01-16 23:30:00
2.5295;0.0;2024-01-16 23:45:00
1.5515;0.0;2024-01-23 00:00:00
1.624;0.0;2024-01-23 00:15:00
1.585;0.0;2024-01-23 00:30:00
1.581;0.0;2024-01-23 00:45:00
1.607;0.0;2024-01-23 01:00:00
1.5825;0.0;2024-01-23 01:15:00
1.6755;0.0;2024-01-23 01:30:00
1.7435;0.0;2024-01-23 01:45:00
1.8915;0.0;2024-01-23 02:00:00
1.9955;0.0;2024-01-23 02:15:00
1.6335;0.0;2024-01-23 02:30:00
1.575;0.0;2024-01-23 02:45:00
1.615;0.0;2024-01-23 03:00:00
1.591;0.0;2024-01-23 03:15:00
1.601;0.0;2024-01-23 03:30:00
1.597;0.0;2024-01-23 03:45:00
1.615;0.0;2024-01-23 04:00:00
1.5935;0.0;2024-01-23 04:15:00
2.4355;0.0;2024-01-23 04:30:00
7.793;0.0;2024-01-23 04:45:00
10.485;0.0;2024-01-23 05:00:00
9.36;0.0;2024-01-23 05:15:00
11.506;0.0;2024-01-23 05:30:00
31.0965;0.0;2024-01-23 05:45:00
31.6405;0.0;2024-01-23 06:00:00
30.493;0.0;2024-01-23 06:15:00
28.061;0.0;2024-01-23 06:30:00
28.5205;0.0;2024-01-23 06:45:00
28.4475;0.043;2024-01-23 07:00:00
30.33;0.385333333333333;2024-01-23 07:15:00
28.664;0.593666666666667;2024-01-23 07:30:00
32.5155;0.676583333333333;2024-01-23 07:45:00
38.3385;0.941083333333333;2024-01-23 08:00:00
35.11;1.65275;2024-01-23 08:15:00
31.529;1.11466666666667;2024-01-23 08:30:00
25.8665;0.49325;2024-01-23 08:45:00
23.2755;0.457583333333333;2024-01-23 09:00:00
23.655;0.435916666666667;2024-01-23 09:15:00
26.23;1.4965;2024-01-23 09:30:00
39.403;2.98991666666667;2024-01-23 09:45:00
29.248;3.73641666666667;2024-01-23 10:00:00
28.07;4.708;2024-01-23 10:15:00
29.48;12.4285;2024-01-23 10:30:00
29.0935;8.52491666666667;2024-01-23 10:45:00
27.7485;8.87416666666667;2024-01-23 11:00:00
25.178;4.72016666666667;2024-01-23 11:15:00
25.058;4.52683333333333;2024-01-23 11:30:00
34.378;9.89675;2024-01-23 11:45:00
30.703;5.253;2024-01-23 12:00:00
23.2805;2.24716666666667;2024-01-23 12:15:00
14.8995;4.52358333333333;2024-01-23 12:30:00
10.8375;8.03933333333333;2024-01-23 12:45:00
6.7385;3.46475;2024-01-23 13:00:00
5.1835;3.0795;2024-01-23 13:15:00
5.6975;3.2785;2024-01-23 13:30:00
6.449;4.22066666666667;2024-01-23 13:45:00
5.984;3.21091666666667;2024-01-23 14:00:00
5.329;2.67958333333333;2024-01-23 14:15:00
4.817;3.06491666666667;2024-01-23 14:30:00
4.565;3.23425;2024-01-23 14:45:00
3.569;3.44108333333333;2024-01-23 15:00:00
3.2245;1.69566666666667;2024-01-23 15:15:00
3.4005;1.68858333333333;2024-01-23 15:30:00
4.162;2.18975;2024-01-23 15:45:00
4.199;2.24633333333333;2024-01-23 16:00:00
3.8195;1.95525;2024-01-23 16:15:00
3.8305;2.94891666666667;2024-01-23 16:30:00
3.56;2.10458333333333;2024-01-23 16:45:00
3.112;2.73866666666667;2024-01-23 17:00:00
3.181;2.05766666666667;2024-01-23 17:15:00
2.474;1.4175;2024-01-23 17:30:00
2.2535;2.24575;2024-01-23 17:45:00
2.1485;1.73241666666667;2024-01-23 18:00:00
2.1095;1.78783333333333;2024-01-23 18:15:00
2.3605;1.55366666666667;2024-01-23 18:30:00
1.601;1.17983333333333;2024-01-23 18:45:00
1.52;1.098;2024-01-23 19:00:00
1.77;0.658083333333333;2024-01-23 19:15:00
1.366;0.570666666666667;2024-01-23 19:30:00
0.979;0.1525;2024-01-23 19:45:00
1.101;0.152;2024-01-23 20:00:00
1.1865;0.106333333333333;2024-01-23 20:15:00
0.9575;0.0075;2024-01-23 20:30:00
1.2115;0.0;2024-01-23 20:45:00
1.7415;0.0;2024-01-23 21:00:00
1.9775;0.0;2024-01-23 21:15:00
1.6245;0.0;2024-01-23 21:30:00
1.6335;0.0;2024-01-23 21:45:00
1.6295;0.0;2024-01-23 22:00:00
1.7115;0.0;2024-01-23 22:15:00
1.6115;0.0;2024-01-23 22:30:00
1.6355;0.0;2024-01-23 22:45:00
1.6215;0.0;2024-01-23 23:00:00
1.7245;0.0;2024-01-23 23:15:00
2.0425;0.0;2024-01-23 23:30:00
1.637;0.0;2024-01-23 23:45:00
3.9625;0.0;2024-01-03 00:00:00
3.593;0.0;2024-01-03 00:15:00
3.938;0.0;2024-01-03 00:30:00
3.3695;0.0;2024-01-03 00:45:00
3.9005;0.0;2024-01-03 01:00:00
4.8195;0.0;2024-01-03 01:15:00
4.8395;0.0;2024-01-03 01:30:00
3.783;0.0;2024-01-03 01:45:00
3.1;0.0;2024-01-03 02:00:00
2.6145;0.0;2024-01-03 02:15:00
2.7105;0.0;2024-01-03 02:30:00
3.045;0.0;2024-01-03 02:45:00
3.296;0.0;2024-01-03 03:00:00
3.1065;0.0;2024-01-03 03:15:00
2.6915;0.0;2024-01-03 03:30:00
3.26;0.0;2024-01-03 03:45:00
3.334;0.0;2024-01-03 04:00:00
3.1975;0.0;2024-01-03 04:15:00
5.3225;0.0;2024-01-03 04:30:00
8.4235;0.0;2024-01-03 04:45:00
11.9475;0.0;2024-01-03 05:00:00
30.2255;0.0;2024-01-03 05:15:00
37.7115;0.0;2024-01-03 05:30:00
40.377;0.0;2024-01-03 05:45:00
38.426;0.001;2024-01-03 06:00:00
32.4295;0.0415;2024-01-03 06:15:00
33.5585;0.106916666666667;2024-01-03 06:30:00
29.7035;0.349166666666667;2024-01-03 06:45:00
29.8385;0.8875;2024-01-03 07:00:00
34.055;1.74491666666667;2024-01-03 07:15:00
35.645;2.39066666666667;2024-01-03 07:30:00
35.1365;3.3135;2024-01-03 07:45:00
32.1695;3.6245;2024-01-03 08:00:00
34.877;4.01375;2024-01-03 08:15:00
34.735;5.6005;2024-01-03 08:30:00
29.7105;6.34266666666667;2024-01-03 08:45:00
17.2465;4.79833333333333;2024-01-03 09:00:00
14.613;4.39041666666667;2024-01-03 09:15:00
19.906;6.676;2024-01-03 09:30:00
36.977;7.6825;2024-01-03 09:45:00
42.189;10.5123333333333;2024-01-03 10:00:00
39.901;12.0914166666667;2024-01-03 10:15:00
34.403;11.5315;2024-01-03 10:30:00
24.4355;13.6541666666667;2024-01-03 10:45:00
23.0415;12.59425;2024-01-03 11:00:00
39.7295;15.7403333333333;2024-01-03 11:15:00
42.4805;16.80925;2024-01-03 11:30:00
40.0395;16.8864166666667;2024-01-03 11:45:00
32.5155;17.8896666666667;2024-01-03 12:00:00
26.8925;19.4465833333333;2024-01-03 12:15:00
25.2925;16.9601666666667;2024-01-03 12:30:00
20.6535;18.1364166666667;2024-01-03 12:45:00
20.6175;8.08241666666667;2024-01-03 13:00:00
21.3825;6.6655;2024-01-03 13:15:00
15.3105;8.00716666666667;2024-01-03 13:30:00
12.791;5.95866666666667;2024-01-03 13:45:00
12.945;7.77391666666667;2024-01-03 14:00:00
12.9715;7.47083333333333;2024-01-03 14:15:00
12.1105;7.68833333333333;2024-01-03 14:30:00
11.9125;7.46166666666667;2024-01-03 14:45:00
12.0945;6.98383333333333;2024-01-03 15:00:00
13.6175;7.10375;2024-01-03 15:15:00
12.8995;6.818;2024-01-03 15:30:00
13.26;12.9718333333333;2024-01-03 15:45:00
13.475;6.848;2024-01-03 16:00:00
13.197;6.24366666666667;2024-01-03 16:15:00
12.742;6.657;2024-01-03 16:30:00
12.634;6.98058333333333;2024-01-03 16:45:00
11.019;6.80275;2024-01-03 17:00:00
10.107;8.73425;2024-01-03 17:15:00
8.829;6.84491666666667;2024-01-03 17:30:00
9.794;5.66016666666667;2024-01-03 17:45:00
8.814;8.08725;2024-01-03 18:00:00
8.24;6.83333333333333;2024-01-03 18:15:00
7.828;6.31716666666667;2024-01-03 18:30:00
5.5815;5.40166666666667;2024-01-03 18:45:00
4.4725;2.24191666666667;2024-01-03 19:00:00
3.48;1.81483333333333;2024-01-03 19:15:00
3.347;2.783;2024-01-03 19:30:00
2.5585;1.9135;2024-01-03 19:45:00
2.7735;1.11016666666667;2024-01-03 20:00:00
2.3175;1.18575;2024-01-03 20:15:00
2.0195;0.2515;2024-01-03 20:30:00
1.568;0.0288333333333333;2024-01-03 20:45:00
1.87;0.000166666666666667;2024-01-03 21:00:00
1.326;0.0;2024-01-03 21:15:00
2.296;0.0;2024-01-03 21:30:00
2.2175;0.0;2024-01-03 21:45:00
3.0825;0.0;2024-01-03 22:00:00
2.4075;0.0;2024-01-03 22:15:00
3.0325;0.0;2024-01-03 22:30:00
3.7505;0.0;2024-01-03 22:45:00
4.4545;0.0;2024-01-03 23:00:00
3.4775;0.0;2024-01-03 23:15:00
3.5165;0.0;2024-01-03 23:30:00
3.5455;0.0;2024-01-03 23:45:00
2.663;0.0;2024-02-25 00:00:00
3.0735;0.0;2024-02-25 00:15:00
2.6945;0.0;2024-02-25 00:30:00
2.8235;0.0;2024-02-25 00:45:00
2.6265;0.0;2024-02-25 01:00:00
2.692;0.0;2024-02-25 01:15:00
3.36;0.0;2024-02-25 01:30:00
2.952;0.0;2024-02-25 01:45:00
2.606;0.0;2024-02-25 02:00:00
2.57;0.0;2024-02-25 02:15:00
2.665;0.0;2024-02-25 02:30:00
2.72;0.0;2024-02-25 02:45:00
2.456;0.0;2024-02-25 03:00:00
2.7185;0.0;2024-02-25 03:15:00
2.5245;0.0;2024-02-25 03:30:00
2.5745;0.0;2024-02-25 03:45:00
2.3305;0.0;2024-02-25 04:00:00
2.588;0.0;2024-02-25 04:15:00
3.011;0.0;2024-02-25 04:30:00
2.5405;0.0;2024-02-25 04:45:00
2.7435;0.0;2024-02-25 05:00:00
2.7795;0.0;2024-02-25 05:15:00
7.2365;0.0;2024-02-25 05:30:00
7.6135;0.0;2024-02-25 05:45:00
11.0475;0.0;2024-02-25 06:00:00
17.357;0.0;2024-02-25 06:15:00
14.87;0.0;2024-02-25 06:30:00
18.4935;0.0;2024-02-25 06:45:00
19.3885;0.0;2024-02-25 07:00:00
23.868;0.0;2024-02-25 07:15:00
20.5;0.0;2024-02-25 07:30:00
14.974;0.0;2024-02-25 07:45:00
14.176;0.0;2024-02-25 08:00:00
16.918;0.0;2024-02-25 08:15:00
16.163;0.0;2024-02-25 08:30:00
15.7655;0.0;2024-02-25 08:45:00
14.9075;0.0;2024-02-25 09:00:00
16.044;0.0;2024-02-25 09:15:00
23.886;0.0;2024-02-25 09:30:00
16.428;0.0;2024-02-25 09:45:00
24.931;0.237;2024-02-25 10:00:00
34.1865;1.15341666666667;2024-02-25 10:15:00
37.2825;0.9865;2024-02-25 10:30:00
38.389;1.70391666666667;2024-02-25 10:45:00
38.259;1.67841666666667;2024-02-25 11:00:00
39.7425;2.58958333333333;2024-02-25 11:15:00
40.3455;2.73233333333333;2024-02-25 11:30:00
36.0655;3.06833333333333;2024-02-25 11:45:00
34.8125;3.858;2024-02-25 12:00:00
34.091;3.662;2024-02-25 12:15:00
30.773;3.68083333333333;2024-02-25 12:30:00
39.776;1.67308333333333;2024-02-25 12:45:00
35.87;2.27008333333333;2024-02-25 13:00:00
31.513;4.10458333333333;2024-02-25 13:15:00
26.994;3.87675;2024-02-25 13:30:00
24.5785;3.61233333333333;2024-02-25 13:45:00
23.8905;4.02416666666667;2024-02-25 14:00:00
28.013;3.73025;2024-02-25 14:15:00
27.869;4.47433333333333;2024-02-25 14:30:00
28.731;3.81241666666667;2024-02-25 14:45:00
31.804;6.35291666666667;2024-02-25 15:00:00
28.49;6.33458333333333;2024-02-25 15:15:00
26.574;5.02808333333333;2024-02-25 15:30:00
32.9335;5.46066666666667;2024-02-25 15:45:00
32.2505;5.56275;2024-02-25 16:00:00
31.258;4.03933333333333;2024-02-25 16:15:00
26.521;4.20825;2024-02-25 16:30:00
21.6045;2.27108333333333;2024-02-25 16:45:00
21.3445;3.18333333333333;2024-02-25 17:00:00
24.4105;2.06241666666667;2024-02-25 17:15:00
21.3395;1.17175;2024-02-25 17:30:00
26.504;0.67;2024-02-25 17:45:00
27.771;0.26875;2024-02-25 18:00:00
26.6875;0.0250833333333333;2024-02-25 18:15:00
20.5525;0.0;2024-02-25 18:30:00
19.7375;0.0;2024-02-25 18:45:00
17.6975;0.0;2024-02-25 19:00:00
17.2505;0.0;2024-02-25 19:15:00
17.1845;0.0;2024-02-25 19:30:00
13.683;0.0;2024-02-25 19:45:00
5.426;0.0;2024-02-25 20:00:00
3.563;0.0;2024-02-25 20:15:00
3.101;0.0;2024-02-25 20:30:00
3.0395;0.0;2024-02-25 20:45:00
3.0575;0.0;2024-02-25 21:00:00
2.891;0.0;2024-02-25 21:15:00
2.568;0.0;2024-02-25 21:30:00
2.609;0.0;2024-02-25 21:45:00
2.529;0.0;2024-02-25 22:00:00
2.69;0.0;2024-02-25 22:15:00
2.498;0.0;2024-02-25 22:30:00
3.0605;0.0;2024-02-25 22:45:00
3.8605;0.0;2024-02-25 23:00:00
4.15;0.0;2024-02-25 23:15:00
3.336;0.0;2024-02-25 23:30:00
3.557;0.0;2024-02-25 23:45:00
2.845;0.0;2024-02-20 00:00:00
2.742;0.0;2024-02-20 00:15:00
2.43;0.0;2024-02-20 00:30:00
3.579;0.0;2024-02-20 00:45:00
3.521;0.0;2024-02-20 01:00:00
2.672;0.0;2024-02-20 01:15:00
2.557;0.0;2024-02-20 01:30:00
2.462;0.0;2024-02-20 01:45:00
2.786;0.0;2024-02-20 02:00:00
2.7;0.0;2024-02-20 02:15:00
2.845;0.0;2024-02-20 02:30:00
3.879;0.0;2024-02-20 02:45:00
3.44;0.0;2024-02-20 03:00:00
2.654;0.0;2024-02-20 03:15:00
3.004;0.0;2024-02-20 03:30:00
2.695;0.0;2024-02-20 03:45:00
2.756;0.0;2024-02-20 04:00:00
2.8305;0.0;2024-02-20 04:15:00
2.9765;0.0;2024-02-20 04:30:00
2.852;0.0;2024-02-20 04:45:00
2.803;0.0;2024-02-20 05:00:00
3.144;0.0;2024-02-20 05:15:00
7.631;0.0;2024-02-20 05:30:00
7.783;0.0;2024-02-20 05:45:00
19.36;0.0;2024-02-20 06:00:00
31.1085;0.0;2024-02-20 06:15:00
32.0835;0.0;2024-02-20 06:30:00
30.082;0.0;2024-02-20 06:45:00
34.132;0.0;2024-02-20 07:00:00
38.8675;0.0;2024-02-20 07:15:00
37.4305;0.0;2024-02-20 07:30:00
41.058;0.0;2024-02-20 07:45:00
33.645;0.0;2024-02-20 08:00:00
32.718;0.0;2024-02-20 08:15:00
32.506;0.0;2024-02-20 08:30:00
34.666;0.0;2024-02-20 08:45:00
32.764;0.0;2024-02-20 09:00:00
36.1755;0.002;2024-02-20 09:15:00
31.7845;0.00725;2024-02-20 09:30:00
30.134;0.1805;2024-02-20 09:45:00
29.3;0.25525;2024-02-20 10:00:00
28.9325;0.15825;2024-02-20 10:15:00
37.2025;0.376166666666667;2024-02-20 10:30:00
34.0635;0.443833333333333;2024-02-20 10:45:00
33.9235;0.833666666666667;2024-02-20 11:00:00
36.304;0.66925;2024-02-20 11:15:00
38.722;0.293083333333333;2024-02-20 11:30:00
38.9035;0.309166666666667;2024-02-20 11:45:00
35.2475;0.40775;2024-02-20 12:00:00
34.4345;0.6025;2024-02-20 12:15:00
30.6685;0.798916666666667;2024-02-20 12:30:00
17.189;0.958333333333333;2024-02-20 12:45:00
19.133;0.491416666666667;2024-02-20 13:00:00
16.339;0.425083333333333;2024-02-20 13:15:00
15.494;0.249333333333333;2024-02-20 13:30:00
11.4215;0.59975;2024-02-20 13:45:00
6.4985;0.810166666666667;2024-02-20 14:00:00
3.088;0.631583333333333;2024-02-20 14:15:00
3.022;0.55825;2024-02-20 14:30:00
2.878;0.506083333333333;2024-02-20 14:45:00
3.09;0.63975;2024-02-20 15:00:00
4.0775;1.17308333333333;2024-02-20 15:15:00
4.4675;1.014;2024-02-20 15:30:00
4.358;0.78425;2024-02-20 15:45:00
4.523;1.28408333333333;2024-02-20 16:00:00
3.1485;1.15408333333333;2024-02-20 16:15:00
3.2075;1.14116666666667;2024-02-20 16:30:00
2.67;0.380166666666667;2024-02-20 16:45:00
2.813;0.243083333333333;2024-02-20 17:00:00
2.6905;0.205916666666667;2024-02-20 17:15:00
2.7875;0.114833333333333;2024-02-20 17:30:00
2.899;0.02525;2024-02-20 17:45:00
2.917;0.0;2024-02-20 18:00:00
3.54;0.0;2024-02-20 18:15:00
3.745;0.0;2024-02-20 18:30:00
3.5275;0.0;2024-02-20 18:45:00
3.8365;0.0;2024-02-20 19:00:00
3.699;0.0;2024-02-20 19:15:00
3.452;0.0;2024-02-20 19:30:00
3.5365;0.0;2024-02-20 19:45:00
3.3125;0.0;2024-02-20 20:00:00
3.0965;0.0;2024-02-20 20:15:00
3.3425;0.0;2024-02-20 20:30:00
3.579;0.0;2024-02-20 20:45:00
3.222;0.0;2024-02-20 21:00:00
3.852;0.0;2024-02-20 21:15:00
3.175;0.0;2024-02-20 21:30:00
3.024;0.0;2024-02-20 21:45:00
3.4;0.0;2024-02-20 22:00:00
3.28;0.0;2024-02-20 22:15:00
3.675;0.0;2024-02-20 22:30:00
3.254;0.0;2024-02-20 22:45:00
3.413;0.0;2024-02-20 23:00:00
3.2945;0.0;2024-02-20 23:15:00
3.3735;0.0;2024-02-20 23:30:00
3.012;0.0;2024-02-20 23:45:00
1.88;0.0;2024-02-02 00:00:00
1.649;0.0;2024-02-02 00:15:00
1.986;0.0;2024-02-02 00:30:00
2.0035;0.0;2024-02-02 00:45:00
2.1175;0.0;2024-02-02 01:00:00
1.983;0.0;2024-02-02 01:15:00
2.317;0.0;2024-02-02 01:30:00
1.661;0.0;2024-02-02 01:45:00
1.78;0.0;2024-02-02 02:00:00
2.34;0.0;2024-02-02 02:15:00
2.176;0.0;2024-02-02 02:30:00
1.692;0.0;2024-02-02 02:45:00
1.977;0.0;2024-02-02 03:00:00
1.982;0.0;2024-02-02 03:15:00
1.858;0.0;2024-02-02 03:30:00
1.8995;0.0;2024-02-02 03:45:00
1.6575;0.0;2024-02-02 04:00:00
1.756;0.0;2024-02-02 04:15:00
2.191;0.0;2024-02-02 04:30:00
1.6855;0.0;2024-02-02 04:45:00
2.2265;0.0;2024-02-02 05:00:00
2.5125;0.0;2024-02-02 05:15:00
2.4635;0.0;2024-02-02 05:30:00
2.765;0.0;2024-02-02 05:45:00
2.433;0.0;2024-02-02 06:00:00
1.5755;0.0055;2024-02-02 06:15:00
2.0225;0.0719166666666667;2024-02-02 06:30:00
2.019;0.211916666666667;2024-02-02 06:45:00
1.219;0.391583333333333;2024-02-02 07:00:00
1.923;0.60175;2024-02-02 07:15:00
2.362;0.737583333333333;2024-02-02 07:30:00
1.8745;0.947166666666667;2024-02-02 07:45:00
2.2815;1.28016666666667;2024-02-02 08:00:00
2.91;1.65616666666667;2024-02-02 08:15:00
2.668;2.29575;2024-02-02 08:30:00
2.9305;2.28858333333333;2024-02-02 08:45:00
2.6275;1.22466666666667;2024-02-02 09:00:00
3.119;1.80416666666667;2024-02-02 09:15:00
3.149;1.71825;2024-02-02 09:30:00
2.9725;1.8035;2024-02-02 09:45:00
3.1585;2.03808333333333;2024-02-02 10:00:00
3.409;1.88658333333333;2024-02-02 10:15:00
3.548;1.82541666666667;2024-02-02 10:30:00
3.528;2.32741666666667;2024-02-02 10:45:00
4.174;2.59591666666667;2024-02-02 11:00:00
4.492;3.14883333333333;2024-02-02 11:15:00
5.201;3.91683333333333;2024-02-02 11:30:00
5.1595;3.8635;2024-02-02 11:45:00
4.4325;2.62758333333333;2024-02-02 12:00:00
5.209;3.84583333333333;2024-02-02 12:15:00
4.346;3.14991666666667;2024-02-02 12:30:00
8.0;6.94258333333333;2024-02-02 12:45:00
8.793;7.52391666666667;2024-02-02 13:00:00
7.038;5.36683333333333;2024-02-02 13:15:00
7.313;6.21941666666667;2024-02-02 13:30:00
6.8505;4.30383333333333;2024-02-02 13:45:00
7.5935;4.97666666666667;2024-02-02 14:00:00
7.712;4.56841666666667;2024-02-02 14:15:00
8.811;5.36583333333333;2024-02-02 14:30:00
8.929;8.08408333333333;2024-02-02 14:45:00
7.242;5.00433333333333;2024-02-02 15:00:00
8.47;7.49941666666667;2024-02-02 15:15:00
7.882;7.789;2024-02-02 15:30:00
8.359;6.81716666666667;2024-02-02 15:45:00
7.866;6.63383333333333;2024-02-02 16:00:00
7.384;6.11258333333333;2024-02-02 16:15:00
7.096;5.34125;2024-02-02 16:30:00
6.9355;5.46458333333333;2024-02-02 16:45:00
6.4685;5.16408333333333;2024-02-02 17:00:00
5.9675;4.87008333333333;2024-02-02 17:15:00
5.9865;4.5465;2024-02-02 17:30:00
5.2555;4.06875;2024-02-02 17:45:00
5.0485;3.7175;2024-02-02 18:00:00
4.3815;3.3025;2024-02-02 18:15:00
4.0055;2.87775;2024-02-02 18:30:00
3.6105;2.43008333333333;2024-02-02 18:45:00
3.0955;2.00683333333333;2024-02-02 19:00:00
2.619;1.56833333333333;2024-02-02 19:15:00
2.583;2.35808333333333;2024-02-02 19:30:00
1.9775;1.55908333333333;2024-02-02 19:45:00
1.6285;0.946416666666667;2024-02-02 20:00:00
1.558;0.487416666666667;2024-02-02 20:15:00
1.131;0.283583333333333;2024-02-02 20:30:00
1.1655;0.140666666666667;2024-02-02 20:45:00
1.0415;0.042;2024-02-02 21:00:00
1.0735;0.0;2024-02-02 21:15:00
1.2965;0.0;2024-02-02 21:30:00
1.734;0.0;2024-02-02 21:45:00
1.789;0.0;2024-02-02 22:00:00
1.6315;0.0;2024-02-02 22:15:00
1.8995;0.0;2024-02-02 22:30:00
1.651;0.0;2024-02-02 22:45:00
1.746;0.0;2024-02-02 23:00:00
1.779;0.0;2024-02-02 23:15:00
1.857;0.0;2024-02-02 23:30:00
1.681;0.0;2024-02-02 23:45:00
2.5485;0.0;2024-02-01 00:00:00
2.9695;0.0;2024-02-01 00:15:00
2.6835;0.0;2024-02-01 00:30:00
2.5705;0.0;2024-02-01 00:45:00
2.4085;0.0;2024-02-01 01:00:00
2.4205;0.0;2024-02-01 01:15:00
2.9985;0.0;2024-02-01 01:30:00
2.5975;0.0;2024-02-01 01:45:00
2.6705;0.0;2024-02-01 02:00:00
2.453;0.0;2024-02-01 02:15:00
2.977;0.0;2024-02-01 02:30:00
2.956;0.0;2024-02-01 02:45:00
2.528;0.0;2024-02-01 03:00:00
2.508;0.0;2024-02-01 03:15:00
2.458;0.0;2024-02-01 03:30:00
3.0025;0.0;2024-02-01 03:45:00
2.6395;0.0;2024-02-01 04:00:00
2.698;0.0;2024-02-01 04:15:00
2.406;0.0;2024-02-01 04:30:00
2.596;0.0;2024-02-01 04:45:00
2.277;0.0;2024-02-01 05:00:00
2.7935;0.0;2024-02-01 05:15:00
3.4495;0.0;2024-02-01 05:30:00
2.454;0.0;2024-02-01 05:45:00
2.51;0.0;2024-02-01 06:00:00
2.459;0.0;2024-02-01 06:15:00
2.561;0.0;2024-02-01 06:30:00
2.7735;0.0;2024-02-01 06:45:00
2.9375;0.0;2024-02-01 07:00:00
2.631;0.0;2024-02-01 07:15:00
2.616;0.0;2024-02-01 07:30:00
2.644;0.0;2024-02-01 07:45:00
2.657;0.0;2024-02-01 08:00:00
2.5425;0.0;2024-02-01 08:15:00
2.8895;0.0;2024-02-01 08:30:00
2.6385;0.0;2024-02-01 08:45:00
1.9655;0.003;2024-02-01 09:00:00
1.894;0.0930833333333333;2024-02-01 09:15:00
1.818;0.145916666666667;2024-02-01 09:30:00
1.9355;0.189;2024-02-01 09:45:00
1.8545;0.1965;2024-02-01 10:00:00
1.814;0.246583333333333;2024-02-01 10:15:00
2.125;0.372583333333333;2024-02-01 10:30:00
2.4875;0.378416666666667;2024-02-01 10:45:00
3.1865;0.612333333333333;2024-02-01 11:00:00
2.6935;0.72925;2024-02-01 11:15:00
2.8995;0.737583333333333;2024-02-01 11:30:00
2.3305;0.828083333333333;2024-02-01 11:45:00
2.2155;0.897916666666667;2024-02-01 12:00:00
3.0805;1.01875;2024-02-01 12:15:00
3.2315;1.63525;2024-02-01 12:30:00
3.0425;1.78016666666667;2024-02-01 12:45:00
2.9585;1.619;2024-02-01 13:00:00
2.7965;1.47425;2024-02-01 13:15:00
3.3735;1.62025;2024-02-01 13:30:00
3.589;1.46258333333333;2024-02-01 13:45:00
2.934;1.44483333333333;2024-02-01 14:00:00
2.945;1.1765;2024-02-01 14:15:00
4.096;1.74341666666667;2024-02-01 14:30:00
5.374;4.02125;2024-02-01 14:45:00
6.133;2.39991666666667;2024-02-01 15:00:00
7.228;2.92758333333333;2024-02-01 15:15:00
5.418;4.375;2024-02-01 15:30:00
6.669;6.05183333333333;2024-02-01 15:45:00
6.161;5.43675;2024-02-01 16:00:00
4.894;4.09816666666667;2024-02-01 16:15:00
6.005;5.39666666666667;2024-02-01 16:30:00
6.3935;5.53316666666667;2024-02-01 16:45:00
4.5495;3.55408333333333;2024-02-01 17:00:00
3.3475;1.63433333333333;2024-02-01 17:15:00
4.1415;2.75158333333333;2024-02-01 17:30:00
3.364;2.491;2024-02-01 17:45:00
3.186;0.952416666666667;2024-02-01 18:00:00
2.9425;1.00983333333333;2024-02-01 18:15:00
2.5745;0.515666666666667;2024-02-01 18:30:00
2.433;0.191583333333333;2024-02-01 18:45:00
2.045;0.0954166666666666;2024-02-01 19:00:00
2.311;0.0;2024-02-01 19:15:00
2.733;0.0;2024-02-01 19:30:00
2.858;0.0;2024-02-01 19:45:00
2.928;0.0;2024-02-01 20:00:00
2.4485;0.0;2024-02-01 20:15:00
3.0275;0.0;2024-02-01 20:30:00
2.7925;0.0;2024-02-01 20:45:00
2.6635;0.0;2024-02-01 21:00:00
2.5845;0.0;2024-02-01 21:15:00
2.1585;0.0;2024-02-01 21:30:00
3.015;0.0;2024-02-01 21:45:00
3.299;0.0;2024-02-01 22:00:00
2.8095;0.0;2024-02-01 22:15:00
2.6875;0.0;2024-02-01 22:30:00
2.4905;0.0;2024-02-01 22:45:00
3.4725;0.0;2024-02-01 23:00:00
2.802;0.0;2024-02-01 23:15:00
2.719;0.0;2024-02-01 23:30:00
2.6685;0.0;2024-02-01 23:45:00
2.871;0.0;2024-02-13 00:00:00
2.9455;0.0;2024-02-13 00:15:00
2.8265;0.0;2024-02-13 00:30:00
2.973;0.0;2024-02-13 00:45:00
2.875;0.0;2024-02-13 01:00:00
3.0835;0.0;2024-02-13 01:15:00
2.8405;0.0;2024-02-13 01:30:00
2.5395;0.0;2024-02-13 01:45:00
2.7535;0.0;2024-02-13 02:00:00
2.5465;0.0;2024-02-13 02:15:00
2.7195;0.0;2024-02-13 02:30:00
2.813;0.0;2024-02-13 02:45:00
2.754;0.0;2024-02-13 03:00:00
3.0425;0.0;2024-02-13 03:15:00
2.9025;0.0;2024-02-13 03:30:00
2.838;0.0;2024-02-13 03:45:00
2.865;0.0;2024-02-13 04:00:00
2.8365;0.0;2024-02-13 04:15:00
2.5815;0.0;2024-02-13 04:30:00
2.8115;0.0;2024-02-13 04:45:00
3.2305;0.0;2024-02-13 05:00:00
2.5355;0.0;2024-02-13 05:15:00
2.4725;0.0;2024-02-13 05:30:00
2.6285;0.0;2024-02-13 05:45:00
2.5335;0.0;2024-02-13 06:00:00
2.6215;0.0;2024-02-13 06:15:00
2.8005;0.0;2024-02-13 06:30:00
3.1995;0.0;2024-02-13 06:45:00
2.7715;0.0;2024-02-13 07:00:00
2.841;0.0;2024-02-13 07:15:00
2.88;0.0;2024-02-13 07:30:00
3.0605;0.0;2024-02-13 07:45:00
3.0705;0.0;2024-02-13 08:00:00
3.189;0.0;2024-02-13 08:15:00
2.864;0.0;2024-02-13 08:30:00
2.4835;0.0005;2024-02-13 08:45:00
2.0925;0.0323333333333333;2024-02-13 09:00:00
2.4055;0.36075;2024-02-13 09:15:00
2.7745;0.72025;2024-02-13 09:30:00
2.8475;1.24108333333333;2024-02-13 09:45:00
3.1365;1.69083333333333;2024-02-13 10:00:00
3.839;2.62816666666667;2024-02-13 10:15:00
4.291;3.08841666666667;2024-02-13 10:30:00
4.68;3.33116666666667;2024-02-13 10:45:00
4.016;2.94508333333333;2024-02-13 11:00:00
6.0655;5.44766666666667;2024-02-13 11:15:00
7.8055;2.74783333333333;2024-02-13 11:30:00
8.7575;3.51325;2024-02-13 11:45:00
9.2685;3.781;2024-02-13 12:00:00
9.664;4.88658333333333;2024-02-13 12:15:00
6.255;5.84383333333333;2024-02-13 12:30:00
5.3585;4.35183333333333;2024-02-13 12:45:00
5.5365;5.19708333333333;2024-02-13 13:00:00
5.5875;2.89808333333333;2024-02-13 13:15:00
5.7325;5.393;2024-02-13 13:30:00
6.4545;4.00258333333333;2024-02-13 13:45:00
6.8815;6.20675;2024-02-13 14:00:00
8.4945;4.7105;2024-02-13 14:15:00
8.4175;4.1545;2024-02-13 14:30:00
7.244;2.28608333333333;2024-02-13 14:45:00
7.773;2.11633333333333;2024-02-13 15:00:00
5.601;5.18933333333333;2024-02-13 15:15:00
5.241;4.8065;2024-02-13 15:30:00
4.669;3.66958333333333;2024-02-13 15:45:00
4.472;3.62858333333333;2024-02-13 16:00:00
4.495;3.24141666666667;2024-02-13 16:15:00
3.386;2.45508333333333;2024-02-13 16:30:00
2.6735;1.22975;2024-02-13 16:45:00
2.4715;0.639666666666667;2024-02-13 17:00:00
2.609;1.07766666666667;2024-02-13 17:15:00
2.503;0.755;2024-02-13 17:30:00
1.637;0.262666666666667;2024-02-13 17:45:00
1.994;0.329166666666667;2024-02-13 18:00:00
1.6645;0.101833333333333;2024-02-13 18:15:00
2.0325;0.0025;2024-02-13 18:30:00
3.2595;0.0;2024-02-13 18:45:00
3.1575;0.0;2024-02-13 19:00:00
2.8025;0.0;2024-02-13 19:15:00
2.6635;0.0;2024-02-13 19:30:00
2.2825;0.0;2024-02-13 19:45:00
2.4775;0.0;2024-02-13 20:00:00
2.771;0.0;2024-02-13 20:15:00
3.355;0.0;2024-02-13 20:30:00
2.753;0.0;2024-02-13 20:45:00
2.616;0.0;2024-02-13 21:00:00
2.906;0.0;2024-02-13 21:15:00
2.97;0.0;2024-02-13 21:30:00
2.503;0.0;2024-02-13 21:45:00
2.89;0.0;2024-02-13 22:00:00
2.85;0.0;2024-02-13 22:15:00
2.313;0.0;2024-02-13 22:30:00
2.614;0.0;2024-02-13 22:45:00
2.882;0.0;2024-02-13 23:00:00
2.5535;0.0;2024-02-13 23:15:00
2.4835;0.0;2024-02-13 23:30:00
2.317;0.0;2024-02-13 23:45:00
2.3615;0.0;2024-02-23 00:00:00
2.6005;0.0;2024-02-23 00:15:00
2.2165;0.0;2024-02-23 00:30:00
1.7965;0.0;2024-02-23 00:45:00
1.7885;0.0;2024-02-23 01:00:00
1.986;0.0;2024-02-23 01:15:00
1.939;0.0;2024-02-23 01:30:00
1.7705;0.0;2024-02-23 01:45:00
1.8085;0.0;2024-02-23 02:00:00
2.038;0.0;2024-02-23 02:15:00
1.962;0.0;2024-02-23 02:30:00
1.8205;0.0;2024-02-23 02:45:00
1.7785;0.0;2024-02-23 03:00:00
1.876;0.0;2024-02-23 03:15:00
1.936;0.0;2024-02-23 03:30:00
2.0475;0.0;2024-02-23 03:45:00
1.7745;0.0;2024-02-23 04:00:00
1.67;0.0;2024-02-23 04:15:00
1.674;0.0;2024-02-23 04:30:00
1.8045;0.0;2024-02-23 04:45:00
2.0335;0.0;2024-02-23 05:00:00
1.652;0.0;2024-02-23 05:15:00
1.65;0.0;2024-02-23 05:30:00
1.675;0.0;2024-02-23 05:45:00
1.652;0.0;2024-02-23 06:00:00
1.375;0.0;2024-02-23 06:15:00
1.446;0.00841666666666667;2024-02-23 06:30:00
1.4865;0.0921666666666667;2024-02-23 06:45:00
1.1075;0.180083333333333;2024-02-23 07:00:00
1.14;0.19825;2024-02-23 07:15:00
1.362;0.622583333333333;2024-02-23 07:30:00
1.558;0.927583333333333;2024-02-23 07:45:00
1.532;0.95225;2024-02-23 08:00:00
1.6835;1.27133333333333;2024-02-23 08:15:00
1.7525;1.47308333333333;2024-02-23 08:30:00
1.967;1.6345;2024-02-23 08:45:00
2.444;1.28158333333333;2024-02-23 09:00:00
2.838;1.79708333333333;2024-02-23 09:15:00
3.194;1.89933333333333;2024-02-23 09:30:00
4.1135;2.782;2024-02-23 09:45:00
4.3475;2.72366666666667;2024-02-23 10:00:00
3.172;1.97016666666667;2024-02-23 10:15:00
2.993;1.71241666666667;2024-02-23 10:30:00
3.2585;2.312;2024-02-23 10:45:00
3.3805;2.133;2024-02-23 11:00:00
3.34;1.87216666666667;2024-02-23 11:15:00
3.895;3.159;2024-02-23 11:30:00
3.781;2.42241666666667;2024-02-23 11:45:00
6.002;3.1715;2024-02-23 12:00:00
5.6515;3.304;2024-02-23 12:15:00
5.2565;5.12808333333333;2024-02-23 12:30:00
5.1255;3.57208333333333;2024-02-23 12:45:00
7.1295;3.64791666666667;2024-02-23 13:00:00
8.275;3.71266666666667;2024-02-23 13:15:00
5.91;4.40275;2024-02-23 13:30:00
6.4355;4.0225;2024-02-23 13:45:00
7.7445;3.3355;2024-02-23 14:00:00
8.8445;7.56625;2024-02-23 14:15:00
8.7485;7.24641666666667;2024-02-23 14:30:00
8.4465;7.11191666666667;2024-02-23 14:45:00
5.5405;2.22791666666667;2024-02-23 15:00:00
7.7435;7.95491666666667;2024-02-23 15:15:00
8.5095;3.752;2024-02-23 15:30:00
5.4875;3.5005;2024-02-23 15:45:00
5.9395;2.01616666666667;2024-02-23 16:00:00
5.296;3.195;2024-02-23 16:15:00
5.819;4.95816666666667;2024-02-23 16:30:00
5.2155;2.017;2024-02-23 16:45:00
5.4135;1.86375;2024-02-23 17:00:00
4.4985;2.65333333333333;2024-02-23 17:15:00
4.4345;6.03358333333333;2024-02-23 17:30:00
3.938;2.13783333333333;2024-02-23 17:45:00
3.982;1.91058333333333;2024-02-23 18:00:00
4.083;1.86708333333333;2024-02-23 18:15:00
3.528;3.7035;2024-02-23 18:30:00
3.251;1.71333333333333;2024-02-23 18:45:00
2.349;2.29658333333333;2024-02-23 19:00:00
1.6115;1.24825;2024-02-23 19:15:00
1.5505;1.00775;2024-02-23 19:30:00
1.7775;1.59941666666667;2024-02-23 19:45:00
1.5815;1.097;2024-02-23 20:00:00
1.2285;0.491;2024-02-23 20:15:00
1.0935;0.144333333333333;2024-02-23 20:30:00
0.9965;0.0415833333333333;2024-02-23 20:45:00
1.2355;0.0015;2024-02-23 21:00:00
1.72;0.0;2024-02-23 21:15:00
1.688;0.0;2024-02-23 21:30:00
1.66;0.0;2024-02-23 21:45:00
1.653;0.0;2024-02-23 22:00:00
1.6545;0.0;2024-02-23 22:15:00
1.7805;0.0;2024-02-23 22:30:00
1.989;0.0;2024-02-23 22:45:00
1.906;0.0;2024-02-23 23:00:00
1.7715;0.0;2024-02-23 23:15:00
1.6695;0.0;2024-02-23 23:30:00
1.8625;0.0;2024-02-23 23:45:00
1.7035;0.0;2024-02-04 00:00:00
1.49;0.0;2024-02-04 00:15:00
1.55;0.0;2024-02-04 00:30:00
1.4895;0.0;2024-02-04 00:45:00
1.7255;0.0;2024-02-04 01:00:00
1.9145;0.0;2024-02-04 01:15:00
1.7365;0.0;2024-02-04 01:30:00
1.9355;0.0;2024-02-04 01:45:00
1.7645;0.0;2024-02-04 02:00:00
1.926;0.0;2024-02-04 02:15:00
1.784;0.0;2024-02-04 02:30:00
1.8805;0.0;2024-02-04 02:45:00
1.8465;0.0;2024-02-04 03:00:00
1.8845;0.0;2024-02-04 03:15:00
1.8665;0.0;2024-02-04 03:30:00
1.8615;0.0;2024-02-04 03:45:00
1.8835;0.0;2024-02-04 04:00:00
1.932;0.0;2024-02-04 04:15:00
1.936;0.0;2024-02-04 04:30:00
2.077;0.0;2024-02-04 04:45:00
2.103;0.0;2024-02-04 05:00:00
1.9985;0.0;2024-02-04 05:15:00
2.1555;0.0;2024-02-04 05:30:00
1.809;0.0;2024-02-04 05:45:00
1.928;0.0;2024-02-04 06:00:00
1.9895;0.0;2024-02-04 06:15:00
1.8215;0.0;2024-02-04 06:30:00
1.894;0.0;2024-02-04 06:45:00
1.338;0.0;2024-02-04 07:00:00
1.3525;0.0278333333333333;2024-02-04 07:15:00
1.3355;0.135;2024-02-04 07:30:00
1.046;0.336916666666667;2024-02-04 07:45:00
1.034;0.3595;2024-02-04 08:00:00
1.548;0.462833333333333;2024-02-04 08:15:00
1.293;0.6135;2024-02-04 08:30:00
1.3625;0.630833333333333;2024-02-04 08:45:00
1.2525;0.8;2024-02-04 09:00:00
1.597;0.933583333333333;2024-02-04 09:15:00
1.542;1.00475;2024-02-04 09:30:00
1.9465;1.50858333333333;2024-02-04 09:45:00
2.2835;2.07433333333333;2024-02-04 10:00:00
1.91;1.55125;2024-02-04 10:15:00
2.176;1.15783333333333;2024-02-04 10:30:00
2.067;1.77308333333333;2024-02-04 10:45:00
2.264;1.178;2024-02-04 11:00:00
2.5495;1.66266666666667;2024-02-04 11:15:00
3.2505;2.165;2024-02-04 11:30:00
4.065;3.465;2024-02-04 11:45:00
3.589;2.62291666666667;2024-02-04 12:00:00
2.351;1.38233333333333;2024-02-04 12:15:00
2.15;1.06533333333333;2024-02-04 12:30:00
2.359;1.3815;2024-02-04 12:45:00
3.154;2.17308333333333;2024-02-04 13:00:00
3.258;2.24183333333333;2024-02-04 13:15:00
3.796;2.66958333333333;2024-02-04 13:30:00
4.1655;3.04716666666667;2024-02-04 13:45:00
6.0005;4.07475;2024-02-04 14:00:00
7.2905;4.73883333333333;2024-02-04 14:15:00
7.1515;4.74758333333333;2024-02-04 14:30:00
7.866;7.18908333333333;2024-02-04 14:45:00
7.552;6.37366666666667;2024-02-04 15:00:00
5.037;2.48033333333333;2024-02-04 15:15:00
4.579;3.65066666666667;2024-02-04 15:30:00
5.4;3.04708333333333;2024-02-04 15:45:00
6.189;5.51416666666667;2024-02-04 16:00:00
4.378;3.18041666666667;2024-02-04 16:15:00
3.773;3.00916666666667;2024-02-04 16:30:00
2.8185;1.889;2024-02-04 16:45:00
2.8915;1.83808333333333;2024-02-04 17:00:00
2.554;1.86866666666667;2024-02-04 17:15:00
1.984;1.981;2024-02-04 17:30:00
1.917;1.74583333333333;2024-02-04 17:45:00
1.811;0.992083333333333;2024-02-04 18:00:00
1.521;1.2355;2024-02-04 18:15:00
1.461;1.04766666666667;2024-02-04 18:30:00
1.607;1.00125;2024-02-04 18:45:00
1.308;0.655916666666667;2024-02-04 19:00:00
1.4135;0.551416666666667;2024-02-04 19:15:00
1.1195;0.34475;2024-02-04 19:30:00
0.8315;0.104;2024-02-04 19:45:00
1.2435;0.0075;2024-02-04 20:00:00
1.186;0.0;2024-02-04 20:15:00
1.452;0.0;2024-02-04 20:30:00
1.6085;0.0;2024-02-04 20:45:00
1.4595;0.0;2024-02-04 21:00:00
1.508;0.0;2024-02-04 21:15:00
1.627;0.0;2024-02-04 21:30:00
1.5795;0.0;2024-02-04 21:45:00
1.4735;0.0;2024-02-04 22:00:00
1.7895;0.0;2024-02-04 22:15:00
1.4615;0.0;2024-02-04 22:30:00
1.53;0.0;2024-02-04 22:45:00
1.578;0.0;2024-02-04 23:00:00
1.5525;0.0;2024-02-04 23:15:00
1.5505;0.0;2024-02-04 23:30:00
1.6105;0.0;2024-02-04 23:45:00
1.5935;0.0;2024-02-10 00:00:00
1.598;0.0;2024-02-10 00:15:00
1.613;0.0;2024-02-10 00:30:00
1.8675;0.0;2024-02-10 00:45:00
1.5695;0.0;2024-02-10 01:00:00
1.4695;0.0;2024-02-10 01:15:00
1.4475;0.0;2024-02-10 01:30:00
1.457;0.0;2024-02-10 01:45:00
1.444;0.0;2024-02-10 02:00:00
1.455;0.0;2024-02-10 02:15:00
1.464;0.0;2024-02-10 02:30:00
1.4675;0.0;2024-02-10 02:45:00
1.4455;0.0;2024-02-10 03:00:00
1.4765;0.0;2024-02-10 03:15:00
1.4305;0.0;2024-02-10 03:30:00
1.506;0.0;2024-02-10 03:45:00
1.448;0.0;2024-02-10 04:00:00
1.791;0.0;2024-02-10 04:15:00
1.527;0.0;2024-02-10 04:30:00
1.4585;0.0;2024-02-10 04:45:00
1.4585;0.0;2024-02-10 05:00:00
1.446;0.0;2024-02-10 05:15:00
1.475;0.0;2024-02-10 05:30:00
1.4285;0.0;2024-02-10 05:45:00
1.4605;0.0;2024-02-10 06:00:00
1.267;0.0;2024-02-10 06:15:00
0.918;0.0109166666666667;2024-02-10 06:30:00
0.8715;0.140083333333333;2024-02-10 06:45:00
0.9685;0.344916666666667;2024-02-10 07:00:00
1.1715;0.64325;2024-02-10 07:15:00
1.3865;1.17741666666667;2024-02-10 07:30:00
1.782;0.896166666666667;2024-02-10 07:45:00
2.317;1.17716666666667;2024-02-10 08:00:00
2.6635;1.55683333333333;2024-02-10 08:15:00
2.8025;1.96866666666667;2024-02-10 08:30:00
3.1325;2.42333333333333;2024-02-10 08:45:00
3.2375;2.47641666666667;2024-02-10 09:00:00
4.2675;3.34483333333333;2024-02-10 09:15:00
4.6665;3.63458333333333;2024-02-10 09:30:00
5.049;3.97866666666667;2024-02-10 09:45:00
5.389;4.3215;2024-02-10 10:00:00
5.8155;4.62233333333333;2024-02-10 10:15:00
5.9805;4.94633333333333;2024-02-10 10:30:00
6.429;5.24658333333333;2024-02-10 10:45:00
6.653;5.51358333333333;2024-02-10 11:00:00
6.914;5.67866666666667;2024-02-10 11:15:00
7.102;5.89233333333333;2024-02-10 11:30:00
7.2615;6.049;2024-02-10 11:45:00
7.4275;6.20616666666667;2024-02-10 12:00:00
7.9825;6.43916666666667;2024-02-10 12:15:00
7.9035;6.49683333333333;2024-02-10 12:30:00
7.8625;6.5865;2024-02-10 12:45:00
7.9225;6.61375;2024-02-10 13:00:00
7.949;6.73133333333333;2024-02-10 13:15:00
7.957;6.25858333333333;2024-02-10 13:30:00
7.924;6.90991666666667;2024-02-10 13:45:00
8.094;6.64091666666667;2024-02-10 14:00:00
7.999;6.52216666666667;2024-02-10 14:15:00
7.915;6.51383333333333;2024-02-10 14:30:00
7.4365;6.41666666666667;2024-02-10 14:45:00
7.6985;7.68491666666667;2024-02-10 15:00:00
6.2865;6.92775;2024-02-10 15:15:00
6.9685;6.63458333333333;2024-02-10 15:30:00
6.4445;6.10858333333333;2024-02-10 15:45:00
5.4955;2.93716666666667;2024-02-10 16:00:00
6.539;3.09;2024-02-10 16:15:00
6.335;5.992;2024-02-10 16:30:00
5.7925;2.1605;2024-02-10 16:45:00
5.4425;4.3485;2024-02-10 17:00:00
5.309;4.02158333333333;2024-02-10 17:15:00
4.746;3.676;2024-02-10 17:30:00
4.303;3.28516666666667;2024-02-10 17:45:00
4.132;2.92725;2024-02-10 18:00:00
4.023;2.53633333333333;2024-02-10 18:15:00
3.389;2.14883333333333;2024-02-10 18:30:00
2.7045;1.761;2024-02-10 18:45:00
2.2375;1.39075;2024-02-10 19:00:00
1.8185;1.01058333333333;2024-02-10 19:15:00
1.5535;1.38391666666667;2024-02-10 19:30:00
1.3925;0.88525;2024-02-10 19:45:00
1.3095;0.537666666666667;2024-02-10 20:00:00
1.1995;0.304666666666667;2024-02-10 20:15:00
1.1125;0.12675;2024-02-10 20:30:00
0.771;0.00483333333333333;2024-02-10 20:45:00
0.893;0.0;2024-02-10 21:00:00
1.459;0.0;2024-02-10 21:15:00
1.432;0.0;2024-02-10 21:30:00
1.471;0.0;2024-02-10 21:45:00
1.672;0.0;2024-02-10 22:00:00
1.7295;0.0;2024-02-10 22:15:00
1.4845;0.0;2024-02-10 22:30:00
1.4885;0.0;2024-02-10 22:45:00
1.6295;0.0;2024-02-10 23:00:00
1.7595;0.0;2024-02-10 23:15:00
1.5795;0.0;2024-02-10 23:30:00
1.48;0.0;2024-02-10 23:45:00
1.914;0.0;2024-03-10 00:00:00
2.371;0.0;2024-03-10 00:15:00
1.997;0.0;2024-03-10 00:30:00
2.245;0.0;2024-03-10 00:45:00
2.484;0.0;2024-03-10 01:00:00
1.769;0.0;2024-03-10 01:15:00
2.0;0.0;2024-03-10 01:30:00
2.318;0.0;2024-03-10 01:45:00
1.878;0.0;2024-03-10 02:00:00
2.19;0.0;2024-03-10 02:15:00
2.06;0.0;2024-03-10 02:30:00
2.0565;0.0;2024-03-10 02:45:00
1.7845;0.0;2024-03-10 03:00:00
2.509;0.0;2024-03-10 03:15:00
1.826;0.0;2024-03-10 03:30:00
2.276;0.0;2024-03-10 03:45:00
2.42;0.0;2024-03-10 04:00:00
1.9465;0.0;2024-03-10 04:15:00
2.4605;0.0;2024-03-10 04:30:00
6.566;0.0;2024-03-10 04:45:00
10.744;0.0;2024-03-10 05:00:00
14.2935;0.0;2024-03-10 05:15:00
14.2135;0.0;2024-03-10 05:30:00
33.4505;0.0;2024-03-10 05:45:00
32.0365;0.0;2024-03-10 06:00:00
32.661;0.0;2024-03-10 06:15:00
31.803;0.0;2024-03-10 06:30:00
31.1055;0.0;2024-03-10 06:45:00
33.2535;0.0;2024-03-10 07:00:00
40.3155;0.006;2024-03-10 07:15:00
35.5295;0.0791666666666667;2024-03-10 07:30:00
29.455;0.298666666666667;2024-03-10 07:45:00
27.538;0.537833333333333;2024-03-10 08:00:00
30.9475;0.90125;2024-03-10 08:15:00
30.9115;1.26241666666667;2024-03-10 08:30:00
29.438;1.58241666666667;2024-03-10 08:45:00
27.915;2.17008333333333;2024-03-10 09:00:00
27.9865;2.932;2024-03-10 09:15:00
30.8645;3.74591666666667;2024-03-10 09:30:00
39.3395;4.40833333333333;2024-03-10 09:45:00
39.7315;4.65441666666667;2024-03-10 10:00:00
36.7935;4.80308333333333;2024-03-10 10:15:00
37.1995;4.74258333333333;2024-03-10 10:30:00
41.7325;4.56158333333333;2024-03-10 10:45:00
43.7145;5.11208333333333;2024-03-10 11:00:00
40.6855;5.52158333333333;2024-03-10 11:15:00
38.4235;5.98841666666667;2024-03-10 11:30:00
33.8445;6.1905;2024-03-10 11:45:00
21.0655;6.5635;2024-03-10 12:00:00
18.923;7.06508333333333;2024-03-10 12:15:00
18.444;6.98116666666667;2024-03-10 12:30:00
10.889;8.38558333333333;2024-03-10 12:45:00
8.121;7.91175;2024-03-10 13:00:00
7.2465;4.0095;2024-03-10 13:15:00
7.4015;4.06808333333333;2024-03-10 13:30:00
6.1875;3.94566666666667;2024-03-10 13:45:00
5.9625;3.798;2024-03-10 14:00:00
6.1075;4.00991666666667;2024-03-10 14:15:00
6.0085;3.91283333333333;2024-03-10 14:30:00
5.575;3.62316666666667;2024-03-10 14:45:00
5.237;5.17308333333333;2024-03-10 15:00:00
4.2725;2.09466666666667;2024-03-10 15:15:00
4.2705;4.21466666666667;2024-03-10 15:30:00
4.18;3.798;2024-03-10 15:45:00
4.259;3.52841666666667;2024-03-10 16:00:00
3.841;3.4965;2024-03-10 16:15:00
4.205;3.50616666666667;2024-03-10 16:30:00
3.9745;3.01641666666667;2024-03-10 16:45:00
3.5325;2.685;2024-03-10 17:00:00
3.639;2.45791666666667;2024-03-10 17:15:00
3.506;1.94075;2024-03-10 17:30:00
2.5145;1.43775;2024-03-10 17:45:00
2.2695;0.838916666666667;2024-03-10 18:00:00
2.2265;0.544916666666667;2024-03-10 18:15:00
1.7455;0.560333333333333;2024-03-10 18:30:00
2.074;0.316666666666667;2024-03-10 18:45:00
1.799;0.211916666666667;2024-03-10 19:00:00
1.5435;0.0880833333333333;2024-03-10 19:15:00
1.4145;0.00608333333333333;2024-03-10 19:30:00
2.1425;0.0;2024-03-10 19:45:00
2.2805;0.0;2024-03-10 20:00:00
2.0165;0.0;2024-03-10 20:15:00
2.3715;0.0;2024-03-10 20:30:00
1.8305;0.0;2024-03-10 20:45:00
1.9595;0.0;2024-03-10 21:00:00
2.4445;0.0;2024-03-10 21:15:00
1.8265;0.0;2024-03-10 21:30:00
2.478;0.0;2024-03-10 21:45:00
2.626;0.0;2024-03-10 22:00:00
1.8095;0.0;2024-03-10 22:15:00
2.0305;0.0;2024-03-10 22:30:00
2.6355;0.0;2024-03-10 22:45:00
2.0375;0.0;2024-03-10 23:00:00
1.912;0.0;2024-03-10 23:15:00
2.413;0.0;2024-03-10 23:30:00
2.1765;0.0;2024-03-10 23:45:00
2.173;0.0;2024-03-07 00:00:00
2.887;0.0;2024-03-07 00:15:00
2.327;0.0;2024-03-07 00:30:00
2.5515;0.0;2024-03-07 00:45:00
2.1365;0.0;2024-03-07 01:00:00
2.2705;0.0;2024-03-07 01:15:00
2.4765;0.0;2024-03-07 01:30:00
2.234;0.0;2024-03-07 01:45:00
2.168;0.0;2024-03-07 02:00:00
2.333;0.0;2024-03-07 02:15:00
2.0;0.0;2024-03-07 02:30:00
2.7935;0.0;2024-03-07 02:45:00
2.6295;0.0;2024-03-07 03:00:00
2.055;0.0;2024-03-07 03:15:00
3.097;0.0;2024-03-07 03:30:00
2.51;0.0;2024-03-07 03:45:00
2.55;0.0;2024-03-07 04:00:00
3.3185;0.0;2024-03-07 04:15:00
4.6025;0.0;2024-03-07 04:30:00
9.3695;0.0;2024-03-07 04:45:00
13.1155;0.0;2024-03-07 05:00:00
22.121;0.0;2024-03-07 05:15:00
30.407;0.0;2024-03-07 05:30:00
31.543;0.0;2024-03-07 05:45:00
33.272;0.0;2024-03-07 06:00:00
37.621;0.00416666666666667;2024-03-07 06:15:00
34.713;0.04575;2024-03-07 06:30:00
28.562;0.141416666666667;2024-03-07 06:45:00
33.234;0.36625;2024-03-07 07:00:00
30.507;0.531833333333333;2024-03-07 07:15:00
31.982;0.785916666666667;2024-03-07 07:30:00
37.586;0.929833333333333;2024-03-07 07:45:00
35.883;0.970583333333333;2024-03-07 08:00:00
32.0225;2.10741666666667;2024-03-07 08:15:00
32.4725;2.52183333333333;2024-03-07 08:30:00
32.7375;2.98041666666667;2024-03-07 08:45:00
31.3945;3.228;2024-03-07 09:00:00
29.6725;2.35725;2024-03-07 09:15:00
38.2455;4.5395;2024-03-07 09:30:00
41.9075;4.878;2024-03-07 09:45:00
29.6965;5.24325;2024-03-07 10:00:00
18.321;5.57533333333333;2024-03-07 10:15:00
20.24;5.83341666666667;2024-03-07 10:30:00
21.1455;5.96025;2024-03-07 10:45:00
21.9385;6.20991666666667;2024-03-07 11:00:00
17.7125;6.40333333333333;2024-03-07 11:15:00
17.7835;6.57608333333333;2024-03-07 11:30:00
20.8195;6.71916666666667;2024-03-07 11:45:00
20.4575;6.77525;2024-03-07 12:00:00
18.4465;6.84933333333333;2024-03-07 12:15:00
16.1825;7.06233333333333;2024-03-07 12:30:00
9.313;7.1375;2024-03-07 12:45:00
3.776;7.13658333333333;2024-03-07 13:00:00
3.286;7.18525;2024-03-07 13:15:00
2.522;7.24141666666667;2024-03-07 13:30:00
2.2755;7.16325;2024-03-07 13:45:00
2.7245;7.03291666666667;2024-03-07 14:00:00
2.153;7.078;2024-03-07 14:15:00
2.024;6.67983333333333;2024-03-07 14:30:00
2.295;5.69408333333333;2024-03-07 14:45:00
2.414;6.6555;2024-03-07 15:00:00
2.1425;6.52266666666667;2024-03-07 15:15:00
2.6145;6.34116666666667;2024-03-07 15:30:00
2.31;6.11766666666667;2024-03-07 15:45:00
2.028;5.87691666666667;2024-03-07 16:00:00
2.4405;5.53408333333333;2024-03-07 16:15:00
2.3625;5.34366666666667;2024-03-07 16:30:00
2.163;5.06308333333333;2024-03-07 16:45:00
2.615;4.82633333333333;2024-03-07 17:00:00
2.0935;3.52608333333333;2024-03-07 17:15:00
2.1255;3.84283333333333;2024-03-07 17:30:00
2.1545;2.61816666666667;2024-03-07 17:45:00
2.2765;2.15333333333333;2024-03-07 18:00:00
1.885;3.24833333333333;2024-03-07 18:15:00
1.707;2.56191666666667;2024-03-07 18:30:00
1.631;2.03408333333333;2024-03-07 18:45:00
1.567;1.558;2024-03-07 19:00:00
1.6435;1.13741666666667;2024-03-07 19:15:00
1.8275;0.579333333333333;2024-03-07 19:30:00
1.323;0.37425;2024-03-07 19:45:00
1.533;0.198916666666667;2024-03-07 20:00:00
2.2835;0.1315;2024-03-07 20:15:00
1.7345;0.0514166666666667;2024-03-07 20:30:00
1.4685;0.0;2024-03-07 20:45:00
1.9455;0.0;2024-03-07 21:00:00
2.0355;0.0;2024-03-07 21:15:00
2.2385;0.0;2024-03-07 21:30:00
2.3485;0.0;2024-03-07 21:45:00
2.3245;0.0;2024-03-07 22:00:00
1.942;0.0;2024-03-07 22:15:00
2.526;0.0;2024-03-07 22:30:00
2.0355;0.0;2024-03-07 22:45:00
2.0805;0.0;2024-03-07 23:00:00
2.636;0.0;2024-03-07 23:15:00
2.166;0.0;2024-03-07 23:30:00
2.1565;0.0;2024-03-07 23:45:00
3.27;0.0;2024-04-20 00:00:00
3.0175;0.0;2024-04-20 00:15:00
3.2115;0.0;2024-04-20 00:30:00
4.089;0.0;2024-04-20 00:45:00
3.527;0.0;2024-04-20 01:00:00
3.042;0.0;2024-04-20 01:15:00
3.523;0.0;2024-04-20 01:30:00
3.6335;0.0;2024-04-20 01:45:00
3.7145;0.0;2024-04-20 02:00:00
3.6045;0.0;2024-04-20 02:15:00
3.6445;0.0;2024-04-20 02:30:00
2.9525;0.0;2024-04-20 02:45:00
3.4245;0.0;2024-04-20 03:00:00
3.6825;0.0;2024-04-20 03:15:00
3.2095;0.0;2024-04-20 03:30:00
3.6655;0.0;2024-04-20 03:45:00
3.2025;0.0;2024-04-20 04:00:00
3.6565;0.0;2024-04-20 04:15:00
3.8265;0.0;2024-04-20 04:30:00
3.0765;0.0;2024-04-20 04:45:00
3.1875;0.0;2024-04-20 05:00:00
4.126;0.0;2024-04-20 05:15:00
4.009;0.0;2024-04-20 05:30:00
8.3535;0.0;2024-04-20 05:45:00
11.4645;0.0;2024-04-20 06:00:00
11.2255;0.0;2024-04-20 06:15:00
11.4825;0.0;2024-04-20 06:30:00
13.4195;0.0;2024-04-20 06:45:00
17.9575;0.0;2024-04-20 07:00:00
20.9635;0.0;2024-04-20 07:15:00
20.6035;0.0;2024-04-20 07:30:00
17.245;0.0;2024-04-20 07:45:00
14.695;0.0;2024-04-20 08:00:00
17.448;0.0810833333333333;2024-04-20 08:15:00
25.898;0.231;2024-04-20 08:30:00
24.2755;0.931833333333333;2024-04-20 08:45:00
24.7425;1.38358333333333;2024-04-20 09:00:00
28.772;1.758;2024-04-20 09:15:00
28.409;2.20691666666667;2024-04-20 09:30:00
30.121;2.95483333333333;2024-04-20 09:45:00
24.004;3.65016666666667;2024-04-20 10:00:00
14.58;5.58141666666667;2024-04-20 10:15:00
15.23;5.15075;2024-04-20 10:30:00
16.2185;5.36408333333333;2024-04-20 10:45:00
19.2415;7.38608333333333;2024-04-20 11:00:00
18.445;7.6835;2024-04-20 11:15:00
19.339;9.82758333333333;2024-04-20 11:30:00
19.3205;8.11766666666666;2024-04-20 11:45:00
21.6075;8.60291666666667;2024-04-20 12:00:00
30.946;15.4895;2024-04-20 12:15:00
28.897;15.9995;2024-04-20 12:30:00
24.6375;14.5674166666667;2024-04-20 12:45:00
25.5755;14.1565;2024-04-20 13:00:00
26.61;17.2565833333333;2024-04-20 13:15:00
21.983;13.055;2024-04-20 13:30:00
19.8545;13.2968333333333;2024-04-20 13:45:00
16.5965;10.95975;2024-04-20 14:00:00
14.767;11.4485833333333;2024-04-20 14:15:00
13.141;4.6905;2024-04-20 14:30:00
14.368;14.2508333333333;2024-04-20 14:45:00
15.317;5.16308333333333;2024-04-20 15:00:00
10.757;9.82825;2024-04-20 15:15:00
10.901;9.95975;2024-04-20 15:30:00
10.1355;8.48641666666667;2024-04-20 15:45:00
9.8765;8.23358333333333;2024-04-20 16:00:00
9.42;9.07691666666667;2024-04-20 16:15:00
10.861;10.67225;2024-04-20 16:30:00
8.9345;8.61733333333333;2024-04-20 16:45:00
10.4305;7.22458333333333;2024-04-20 17:00:00
11.0965;5.37316666666667;2024-04-20 17:15:00
10.8095;4.20183333333333;2024-04-20 17:30:00
8.831;3.30416666666667;2024-04-20 17:45:00
9.165;2.44408333333333;2024-04-20 18:00:00
6.4155;1.93666666666667;2024-04-20 18:15:00
3.5855;1.11466666666667;2024-04-20 18:30:00
2.7175;0.46625;2024-04-20 18:45:00
2.6955;0.0963333333333333;2024-04-20 19:00:00
2.1055;0.0;2024-04-20 19:15:00
2.7975;0.0;2024-04-20 19:30:00
2.7745;0.0;2024-04-20 19:45:00
3.3785;0.0;2024-04-20 20:00:00
2.9175;0.0;2024-04-20 20:15:00
3.6995;0.0;2024-04-20 20:30:00
3.4445;0.0;2024-04-20 20:45:00
3.6875;0.0;2024-04-20 21:00:00
3.1415;0.0;2024-04-20 21:15:00
3.7605;0.0;2024-04-20 21:30:00
3.443;0.0;2024-04-20 21:45:00
3.463;0.0;2024-04-20 22:00:00
3.4885;0.0;2024-04-20 22:15:00
3.4515;0.0;2024-04-20 22:30:00
3.029;0.0;2024-04-20 22:45:00
3.563;0.0;2024-04-20 23:00:00
3.0605;0.0;2024-04-20 23:15:00
3.6565;0.0;2024-04-20 23:30:00
2.889;0.0;2024-04-20 23:45:00
3.1845;0.0;2024-04-24 00:00:00
3.2555;0.0;2024-04-24 00:15:00
2.8185;0.0;2024-04-24 00:30:00
2.593;0.0;2024-04-24 00:45:00
3.019;0.0;2024-04-24 01:00:00
3.1755;0.0;2024-04-24 01:15:00
3.1355;0.0;2024-04-24 01:30:00
2.7495;0.0;2024-04-24 01:45:00
2.8035;0.0;2024-04-24 02:00:00
3.345;0.0;2024-04-24 02:15:00
3.722;0.0;2024-04-24 02:30:00
2.9965;0.0;2024-04-24 02:45:00
2.7455;0.0;2024-04-24 03:00:00
3.0835;0.0;2024-04-24 03:15:00
2.7375;0.0;2024-04-24 03:30:00
3.1625;0.0;2024-04-24 03:45:00
2.9765;0.0;2024-04-24 04:00:00
3.0615;0.0;2024-04-24 04:15:00
3.2585;0.0;2024-04-24 04:30:00
2.8025;0.0;2024-04-24 04:45:00
2.8485;0.0;2024-04-24 05:00:00
3.2575;0.0;2024-04-24 05:15:00
4.7585;0.0;2024-04-24 05:30:00
9.6275;0.0;2024-04-24 05:45:00
10.3545;0.0;2024-04-24 06:00:00
15.2225;0.0;2024-04-24 06:15:00
13.3525;0.0;2024-04-24 06:30:00
19.8135;0.0;2024-04-24 06:45:00
18.9855;0.0;2024-04-24 07:00:00
18.163;0.0;2024-04-24 07:15:00
14.471;0.0;2024-04-24 07:30:00
12.1415;0.0;2024-04-24 07:45:00
13.1225;0.0;2024-04-24 08:00:00
14.022;0.0;2024-04-24 08:15:00
14.088;0.0;2024-04-24 08:30:00
13.6285;0.0;2024-04-24 08:45:00
12.2675;0.113;2024-04-24 09:00:00
11.2545;0.757083333333333;2024-04-24 09:15:00
12.2265;1.36441666666667;2024-04-24 09:30:00
12.35;2.31316666666667;2024-04-24 09:45:00
11.205;3.52125;2024-04-24 10:00:00
12.116;4.86375;2024-04-24 10:15:00
14.016;5.793;2024-04-24 10:30:00
14.4225;6.789;2024-04-24 10:45:00
15.6175;8.03041666666667;2024-04-24 11:00:00
16.2705;9.59541666666667;2024-04-24 11:15:00
17.7525;10.357;2024-04-24 11:30:00
17.469;11.2336666666667;2024-04-24 11:45:00
18.695;11.9165;2024-04-24 12:00:00
17.84;12.5014166666667;2024-04-24 12:15:00
18.393;12.9473333333333;2024-04-24 12:30:00
18.871;13.3309166666667;2024-04-24 12:45:00
18.787;13.6280833333333;2024-04-24 13:00:00
19.792;14.0901666666667;2024-04-24 13:15:00
17.751;14.1128333333333;2024-04-24 13:30:00
16.901;14.0386666666667;2024-04-24 13:45:00
15.784;14.05325;2024-04-24 14:00:00
14.0785;13.87175;2024-04-24 14:15:00
13.7905;13.5559166666667;2024-04-24 14:30:00
13.125;13.1148333333333;2024-04-24 14:45:00
12.671;4.12675;2024-04-24 15:00:00
12.2685;3.987;2024-04-24 15:15:00
11.5685;11.4215833333333;2024-04-24 15:30:00
10.708;10.4164166666667;2024-04-24 15:45:00
9.805;9.32191666666667;2024-04-24 16:00:00
9.425;8.60325;2024-04-24 16:15:00
8.717;7.96808333333333;2024-04-24 16:30:00
7.432;6.89608333333333;2024-04-24 16:45:00
6.405;5.76175;2024-04-24 17:00:00
5.057;4.57683333333333;2024-04-24 17:15:00
4.308;3.30741666666667;2024-04-24 17:30:00
3.8585;2.533;2024-04-24 17:45:00
3.1645;1.65583333333333;2024-04-24 18:00:00
2.5345;0.893416666666667;2024-04-24 18:15:00
2.3145;0.462666666666667;2024-04-24 18:30:00
2.064;0.0501666666666667;2024-04-24 18:45:00
2.049;0.0015;2024-04-24 19:00:00
2.307;0.0;2024-04-24 19:15:00
2.185;0.0;2024-04-24 19:30:00
2.2965;0.0;2024-04-24 19:45:00
2.2875;0.0;2024-04-24 20:00:00
2.4165;0.0;2024-04-24 20:15:00
2.2745;0.0;2024-04-24 20:30:00
2.152;0.0;2024-04-24 20:45:00
2.678;0.0;2024-04-24 21:00:00
2.3665;0.0;2024-04-24 21:15:00
2.5805;0.0;2024-04-24 21:30:00
2.5475;0.0;2024-04-24 21:45:00
2.5245;0.0;2024-04-24 22:00:00
2.764;0.0;2024-04-24 22:15:00
2.758;0.0;2024-04-24 22:30:00
2.4145;0.0;2024-04-24 22:45:00
2.4295;0.0;2024-04-24 23:00:00
2.8695;0.0;2024-04-24 23:15:00
2.4495;0.0;2024-04-24 23:30:00
2.0785;0.0;2024-04-24 23:45:00
3.2315;0.0;2024-04-06 00:00:00
3.2345;0.0;2024-04-06 00:15:00
2.7035;0.0;2024-04-06 00:30:00
3.323;0.0;2024-04-06 00:45:00
2.799;0.0;2024-04-06 01:00:00
3.6885;0.0;2024-04-06 01:15:00
3.1395;0.0;2024-04-06 01:30:00
3.142;0.0;2024-04-06 01:45:00
2.961;0.0;2024-04-06 02:00:00
3.3095;0.0;2024-04-06 02:15:00
2.7085;0.0;2024-04-06 02:30:00
3.3645;0.0;2024-04-06 02:45:00
3.4805;0.0;2024-04-06 03:00:00
3.466;0.0;2024-04-06 03:15:00
3.19;0.0;2024-04-06 03:30:00
3.448;0.0;2024-04-06 03:45:00
3.174;0.0;2024-04-06 04:00:00
3.883;0.0;2024-04-06 04:15:00
3.428;0.0;2024-04-06 04:30:00
3.524;0.0;2024-04-06 04:45:00
3.564;0.0;2024-04-06 05:00:00
3.9695;0.0;2024-04-06 05:15:00
7.2985;0.0;2024-04-06 05:30:00
8.541;0.0;2024-04-06 05:45:00
10.544;0.0;2024-04-06 06:00:00
11.7715;0.0;2024-04-06 06:15:00
12.0625;0.0;2024-04-06 06:30:00
11.723;0.0;2024-04-06 06:45:00
11.876;0.0;2024-04-06 07:00:00
13.208;0.0;2024-04-06 07:15:00
13.011;0.0;2024-04-06 07:30:00
11.295;0.0;2024-04-06 07:45:00
12.006;0.0;2024-04-06 08:00:00
12.0105;0.0;2024-04-06 08:15:00
12.4715;0.0;2024-04-06 08:30:00
11.601;0.0135;2024-04-06 08:45:00
10.724;0.161;2024-04-06 09:00:00
11.4025;0.35;2024-04-06 09:15:00
11.2665;0.434166666666667;2024-04-06 09:30:00
11.154;0.825583333333333;2024-04-06 09:45:00
10.34;1.01266666666667;2024-04-06 10:00:00
11.2415;2.07558333333333;2024-04-06 10:15:00
11.8595;2.11041666666667;2024-04-06 10:30:00
12.5635;2.23741666666667;2024-04-06 10:45:00
12.8675;2.38008333333333;2024-04-06 11:00:00
13.3765;3.7255;2024-04-06 11:15:00
16.9265;6.44983333333333;2024-04-06 11:30:00
20.3045;10.7359166666667;2024-04-06 11:45:00
24.4815;11.2480833333333;2024-04-06 12:00:00
27.1795;11.9499166666667;2024-04-06 12:15:00
25.5695;11.3731666666667;2024-04-06 12:30:00
24.165;11.8819166666667;2024-04-06 12:45:00
22.722;12.9978333333333;2024-04-06 13:00:00
23.7325;13.23775;2024-04-06 13:15:00
26.1485;13.0766666666667;2024-04-06 13:30:00
23.1225;13.6216666666667;2024-04-06 13:45:00
16.1695;13.22225;2024-04-06 14:00:00
12.125;4.50025;2024-04-06 14:15:00
10.576;9.52308333333333;2024-04-06 14:30:00
10.2575;3.9745;2024-04-06 14:45:00
10.2605;3.70166666666667;2024-04-06 15:00:00
9.8835;3.53291666666667;2024-04-06 15:15:00
10.4895;10.2203333333333;2024-04-06 15:30:00
8.384;3.36341666666667;2024-04-06 15:45:00
8.953;3.0605;2024-04-06 16:00:00
8.457;2.84858333333333;2024-04-06 16:15:00
7.288;7.2395;2024-04-06 16:30:00
6.8465;5.63325;2024-04-06 16:45:00
6.0895;5.184;2024-04-06 17:00:00
5.922;4.02966666666667;2024-04-06 17:15:00
4.685;3.00758333333333;2024-04-06 17:30:00
4.828;1.95791666666667;2024-04-06 17:45:00
4.181;1.23566666666667;2024-04-06 18:00:00
4.0715;0.601083333333333;2024-04-06 18:15:00
3.3025;0.228666666666667;2024-04-06 18:30:00
3.528;0.0225833333333333;2024-04-06 18:45:00
3.15;0.0;2024-04-06 19:00:00
3.503;0.0;2024-04-06 19:15:00
2.681;0.0;2024-04-06 19:30:00
3.5715;0.0;2024-04-06 19:45:00
2.7865;0.0;2024-04-06 20:00:00
3.3905;0.0;2024-04-06 20:15:00
2.9765;0.0;2024-04-06 20:30:00
2.993;0.0;2024-04-06 20:45:00
3.059;0.0;2024-04-06 21:00:00
2.9815;0.0;2024-04-06 21:15:00
2.4895;0.0;2024-04-06 21:30:00
2.9885;0.0;2024-04-06 21:45:00
2.6535;0.0;2024-04-06 22:00:00
2.7165;0.0;2024-04-06 22:15:00
3.1785;0.0;2024-04-06 22:30:00
3.0495;0.0;2024-04-06 22:45:00
2.7435;0.0;2024-04-06 23:00:00
3.0385;0.0;2024-04-06 23:15:00
2.9625;0.0;2024-04-06 23:30:00
2.9425;0.0;2024-04-06 23:45:00
2.6545;0.0;2024-05-26 00:00:00
2.2895;0.0;2024-05-26 00:15:00
2.3785;0.0;2024-05-26 00:30:00
2.803;0.0;2024-05-26 00:45:00
2.056;0.0;2024-05-26 01:00:00
2.4905;0.0;2024-05-26 01:15:00
2.4825;0.0;2024-05-26 01:30:00
2.141;0.0;2024-05-26 01:45:00
1.995;0.0;2024-05-26 02:00:00
2.5905;0.0;2024-05-26 02:15:00
2.5015;0.0;2024-05-26 02:30:00
2.226;0.0;2024-05-26 02:45:00
2.534;0.0;2024-05-26 03:00:00
2.5305;0.0;2024-05-26 03:15:00
2.5115;0.0;2024-05-26 03:30:00
3.2155;0.0;2024-05-26 03:45:00
2.6995;0.0;2024-05-26 04:00:00
2.925;0.0;2024-05-26 04:15:00
3.786;0.0;2024-05-26 04:30:00
7.045;0.0;2024-05-26 04:45:00
8.768;0.0;2024-05-26 05:00:00
13.617;0.0;2024-05-26 05:15:00
14.839;0.0;2024-05-26 05:30:00
15.974;0.0;2024-05-26 05:45:00
18.231;0.0;2024-05-26 06:00:00
26.383;0.0376666666666667;2024-05-26 06:15:00
22.616;0.0728333333333333;2024-05-26 06:30:00
35.3215;0.106333333333333;2024-05-26 06:45:00
39.7715;0.319166666666667;2024-05-26 07:00:00
47.985;0.633666666666667;2024-05-26 07:15:00
45.091;0.472416666666667;2024-05-26 07:30:00
41.18;0.836916666666667;2024-05-26 07:45:00
37.732;0.663583333333333;2024-05-26 08:00:00
29.833;1.32558333333333;2024-05-26 08:15:00
29.336;1.40116666666667;2024-05-26 08:30:00
38.159;1.9125;2024-05-26 08:45:00
35.408;1.125;2024-05-26 09:00:00
32.958;2.121;2024-05-26 09:15:00
34.677;1.38483333333333;2024-05-26 09:30:00
30.9;2.08725;2024-05-26 09:45:00
32.385;2.37775;2024-05-26 10:00:00
34.174;6.4735;2024-05-26 10:15:00
39.324;3.15025;2024-05-26 10:30:00
33.899;7.79075;2024-05-26 10:45:00
27.644;4.66533333333333;2024-05-26 11:00:00
31.2145;6.6325;2024-05-26 11:15:00
31.4915;4.88333333333333;2024-05-26 11:30:00
27.8685;2.76716666666667;2024-05-26 11:45:00
28.2965;2.80125;2024-05-26 12:00:00
28.368;3.60566666666667;2024-05-26 12:15:00
26.068;3.54091666666667;2024-05-26 12:30:00
22.019;1.66233333333333;2024-05-26 12:45:00
18.189;2.59583333333333;2024-05-26 13:00:00
17.473;3.23966666666667;2024-05-26 13:15:00
23.436;3.77975;2024-05-26 13:30:00
25.739;2.99475;2024-05-26 13:45:00
25.169;3.58333333333333;2024-05-26 14:00:00
24.852;2.71641666666667;2024-05-26 14:15:00
21.166;2.05533333333333;2024-05-26 14:30:00
19.468;2.84391666666667;2024-05-26 14:45:00
21.855;2.79791666666667;2024-05-26 15:00:00
26.3575;6.86675;2024-05-26 15:15:00
26.0595;2.53825;2024-05-26 15:30:00
25.794;8.08316666666667;2024-05-26 15:45:00
22.693;2.45366666666667;2024-05-26 16:00:00
20.74;5.44958333333333;2024-05-26 16:15:00
19.581;6.38783333333333;2024-05-26 16:30:00
19.3315;1.30383333333333;2024-05-26 16:45:00
19.5925;1.17008333333333;2024-05-26 17:00:00
21.1705;4.22108333333333;2024-05-26 17:15:00
26.7305;1.73616666666667;2024-05-26 17:30:00
28.6755;1.35608333333333;2024-05-26 17:45:00
28.8865;2.19983333333333;2024-05-26 18:00:00
27.4735;2.47358333333333;2024-05-26 18:15:00
24.3285;2.20708333333333;2024-05-26 18:30:00
23.124;1.02625;2024-05-26 18:45:00
31.966;1.17791666666667;2024-05-26 19:00:00
25.434;0.892333333333333;2024-05-26 19:15:00
25.473;0.714083333333333;2024-05-26 19:30:00
24.58;0.570083333333333;2024-05-26 19:45:00
10.369;0.469583333333333;2024-05-26 20:00:00
2.5565;0.26875;2024-05-26 20:15:00
2.6305;0.27625;2024-05-26 20:30:00
2.2545;0.0515833333333333;2024-05-26 20:45:00
1.5905;0.000166666666666667;2024-05-26 21:00:00
2.436;0.0;2024-05-26 21:15:00
2.321;0.0;2024-05-26 21:30:00
2.5695;0.0;2024-05-26 21:45:00
2.7845;0.0;2024-05-26 22:00:00
2.3395;0.0;2024-05-26 22:15:00
2.7845;0.0;2024-05-26 22:30:00
2.0735;0.0;2024-05-26 22:45:00
2.7285;0.0;2024-05-26 23:00:00
2.655;0.0;2024-05-26 23:15:00
2.17;0.0;2024-05-26 23:30:00
2.757;0.0;2024-05-26 23:45:00
3.231;0.0;2024-05-19 00:00:00
3.413;0.0;2024-05-19 00:15:00
3.412;0.0;2024-05-19 00:30:00
3.0225;0.0;2024-05-19 00:45:00
3.0235;0.0;2024-05-19 01:00:00
3.4755;0.0;2024-05-19 01:15:00
3.1205;0.0;2024-05-19 01:30:00
3.05;0.0;2024-05-19 01:45:00
3.097;0.0;2024-05-19 02:00:00
3.0295;0.0;2024-05-19 02:15:00
3.0005;0.0;2024-05-19 02:30:00
2.9155;0.0;2024-05-19 02:45:00
3.0895;0.0;2024-05-19 03:00:00
3.673;0.0;2024-05-19 03:15:00
3.301;0.0;2024-05-19 03:30:00
3.163;0.0;2024-05-19 03:45:00
3.47;0.0;2024-05-19 04:00:00
3.556;0.0;2024-05-19 04:15:00
3.35;0.0;2024-05-19 04:30:00
3.368;0.0;2024-05-19 04:45:00
3.238;0.0;2024-05-19 05:00:00
3.1775;0.0;2024-05-19 05:15:00
5.4375;0.0;2024-05-19 05:30:00
8.3475;0.0;2024-05-19 05:45:00
8.6905;0.0;2024-05-19 06:00:00
13.5895;0.0;2024-05-19 06:15:00
27.4965;0.0;2024-05-19 06:30:00
37.772;0.0;2024-05-19 06:45:00
30.546;0.0;2024-05-19 07:00:00
30.7825;0.0;2024-05-19 07:15:00
30.7595;0.0;2024-05-19 07:30:00
31.595;0.0;2024-05-19 07:45:00
30.58;0.0;2024-05-19 08:00:00
30.253;0.0;2024-05-19 08:15:00
29.349;0.0;2024-05-19 08:30:00
36.7455;0.0;2024-05-19 08:45:00
39.0635;0.0;2024-05-19 09:00:00
35.805;0.0035;2024-05-19 09:15:00
32.438;0.0280833333333333;2024-05-19 09:30:00
28.5125;0.151833333333333;2024-05-19 09:45:00
27.2895;0.25675;2024-05-19 10:00:00
28.8915;0.516416666666667;2024-05-19 10:15:00
33.2735;0.740416666666667;2024-05-19 10:30:00
31.4175;1.15183333333333;2024-05-19 10:45:00
32.2645;0.775916666666667;2024-05-19 11:00:00
33.388;0.982916666666667;2024-05-19 11:15:00
30.998;1.3035;2024-05-19 11:30:00
32.1895;2.91091666666667;2024-05-19 11:45:00
32.1545;2.50341666666667;2024-05-19 12:00:00
27.5335;2.46958333333333;2024-05-19 12:15:00
27.9985;3.40125;2024-05-19 12:30:00
31.177;6.59741666666667;2024-05-19 12:45:00
28.171;4.799;2024-05-19 13:00:00
25.496;2.89408333333333;2024-05-19 13:15:00
23.431;2.98266666666667;2024-05-19 13:30:00
17.9395;1.73358333333333;2024-05-19 13:45:00
16.5235;1.37466666666667;2024-05-19 14:00:00
24.9065;1.4755;2024-05-19 14:15:00
25.5055;1.71266666666667;2024-05-19 14:30:00
24.6505;1.40283333333333;2024-05-19 14:45:00
25.9695;1.94691666666667;2024-05-19 15:00:00
21.7295;5.069;2024-05-19 15:15:00
21.2775;2.52225;2024-05-19 15:30:00
25.7535;2.712;2024-05-19 15:45:00
26.2585;2.28125;2024-05-19 16:00:00
24.2095;2.39208333333333;2024-05-19 16:15:00
22.4575;2.84808333333333;2024-05-19 16:30:00
19.6205;2.42066666666667;2024-05-19 16:45:00
19.6975;1.79733333333333;2024-05-19 17:00:00
20.0915;1.11233333333333;2024-05-19 17:15:00
22.7465;1.28441666666667;2024-05-19 17:30:00
22.085;0.765833333333333;2024-05-19 17:45:00
25.701;0.230833333333333;2024-05-19 18:00:00
25.2825;0.019;2024-05-19 18:15:00
20.0835;0.0;2024-05-19 18:30:00
21.4575;0.0;2024-05-19 18:45:00
27.5485;0.0;2024-05-19 19:00:00
19.596;0.0;2024-05-19 19:15:00
19.992;0.0;2024-05-19 19:30:00
19.272;0.0;2024-05-19 19:45:00
18.099;0.0;2024-05-19 20:00:00
6.5705;0.0;2024-05-19 20:15:00
4.1925;0.0;2024-05-19 20:30:00
3.944;0.0;2024-05-19 20:45:00
3.953;0.0;2024-05-19 21:00:00
2.8405;0.0;2024-05-19 21:15:00
3.2525;0.0;2024-05-19 21:30:00
2.997;0.0;2024-05-19 21:45:00
3.129;0.0;2024-05-19 22:00:00
2.6595;0.0;2024-05-19 22:15:00
3.4765;0.0;2024-05-19 22:30:00
2.5895;0.0;2024-05-19 22:45:00
2.9085;0.0;2024-05-19 23:00:00
2.3135;0.0;2024-05-19 23:15:00
2.6155;0.0;2024-05-19 23:30:00
2.333;0.0;2024-05-19 23:45:00
4.0385;0.0;2024-05-08 00:00:00
3.505;0.0;2024-05-08 00:15:00
3.239;0.0;2024-05-08 00:30:00
3.8455;0.0;2024-05-08 00:45:00
3.7125;0.0;2024-05-08 01:00:00
4.081;0.0;2024-05-08 01:15:00
4.211;0.0;2024-05-08 01:30:00
3.333;0.0;2024-05-08 01:45:00
3.365;0.0;2024-05-08 02:00:00
3.785;0.0;2024-05-08 02:15:00
3.685;0.0;2024-05-08 02:30:00
3.363;0.0;2024-05-08 02:45:00
3.308;0.0;2024-05-08 03:00:00
3.8455;0.0;2024-05-08 03:15:00
3.6655;0.0;2024-05-08 03:30:00
4.0215;0.0;2024-05-08 03:45:00
3.5735;0.0;2024-05-08 04:00:00
3.377;0.0;2024-05-08 04:15:00
3.305;0.0;2024-05-08 04:30:00
3.5985;0.0;2024-05-08 04:45:00
3.6165;0.0;2024-05-08 05:00:00
3.7965;0.0;2024-05-08 05:15:00
5.0265;0.0;2024-05-08 05:30:00
8.7085;0.0;2024-05-08 05:45:00
9.4835;0.0;2024-05-08 06:00:00
12.423;0.0;2024-05-08 06:15:00
18.455;0.0;2024-05-08 06:30:00
31.675;0.0;2024-05-08 06:45:00
32.704;0.0;2024-05-08 07:00:00
35.295;0.0;2024-05-08 07:15:00
30.166;0.0;2024-05-08 07:30:00
29.949;0.0;2024-05-08 07:45:00
27.54;0.0;2024-05-08 08:00:00
27.259;0.0;2024-05-08 08:15:00
28.773;0.0;2024-05-08 08:30:00
36.065;0.09625;2024-05-08 08:45:00
37.195;0.277916666666667;2024-05-08 09:00:00
40.121;0.594833333333333;2024-05-08 09:15:00
39.227;0.837916666666667;2024-05-08 09:30:00
38.1245;1.78708333333333;2024-05-08 09:45:00
32.0685;1.67083333333333;2024-05-08 10:00:00
30.032;2.23016666666667;2024-05-08 10:15:00
34.227;5.36316666666667;2024-05-08 10:30:00
33.331;4.67858333333333;2024-05-08 10:45:00
33.256;5.48408333333333;2024-05-08 11:00:00
25.5695;4.96058333333333;2024-05-08 11:15:00
19.6425;6.62516666666667;2024-05-08 11:30:00
22.7985;14.4956666666667;2024-05-08 11:45:00
27.3025;9.16025;2024-05-08 12:00:00
48.401;16.0116666666667;2024-05-08 12:15:00
46.849;14.8665833333333;2024-05-08 12:30:00
40.105;9.20925;2024-05-08 12:45:00
41.343;16.016;2024-05-08 13:00:00
38.1895;15.9533333333333;2024-05-08 13:15:00
37.1295;16.3384166666667;2024-05-08 13:30:00
32.579;16.345;2024-05-08 13:45:00
30.074;13.7630833333333;2024-05-08 14:00:00
28.081;11.1210833333333;2024-05-08 14:15:00
27.181;15.6794166666667;2024-05-08 14:30:00
24.713;15.3611666666667;2024-05-08 14:45:00
24.342;14.764;2024-05-08 15:00:00
23.802;14.0480833333333;2024-05-08 15:15:00
22.634;13.1158333333333;2024-05-08 15:30:00
23.1555;12.8933333333333;2024-05-08 15:45:00
21.8165;12.0361666666667;2024-05-08 16:00:00
19.487;6.52266666666667;2024-05-08 16:15:00
20.377;9.73741666666667;2024-05-08 16:30:00
19.902;8.25008333333333;2024-05-08 16:45:00
18.778;7.34308333333333;2024-05-08 17:00:00
18.446;6.09041666666667;2024-05-08 17:15:00
17.342;4.89433333333333;2024-05-08 17:30:00
16.8945;3.53241666666667;2024-05-08 17:45:00
15.5225;2.46733333333333;2024-05-08 18:00:00
15.1335;1.385;2024-05-08 18:15:00
14.3565;0.6935;2024-05-08 18:30:00
14.534;0.20025;2024-05-08 18:45:00
13.765;0.0325;2024-05-08 19:00:00
14.5495;0.0;2024-05-08 19:15:00
14.2235;0.0;2024-05-08 19:30:00
14.952;0.0;2024-05-08 19:45:00
14.429;0.0;2024-05-08 20:00:00
14.4695;0.0;2024-05-08 20:15:00
14.3295;0.0;2024-05-08 20:30:00
14.865;0.0;2024-05-08 20:45:00
14.637;0.0;2024-05-08 21:00:00
15.1555;0.0;2024-05-08 21:15:00
14.9425;0.0;2024-05-08 21:30:00
15.4865;0.0;2024-05-08 21:45:00
14.8065;0.0;2024-05-08 22:00:00
15.079;0.0;2024-05-08 22:15:00
14.27;0.0;2024-05-08 22:30:00
14.7315;0.0;2024-05-08 22:45:00
14.5295;0.0;2024-05-08 23:00:00
14.3615;0.0;2024-05-08 23:15:00
14.3575;0.0;2024-05-08 23:30:00
14.564;0.0;2024-05-08 23:45:00
14.1665;0.0;2024-05-22 00:00:00
14.0715;0.0;2024-05-22 00:15:00
14.1265;0.0;2024-05-22 00:30:00
13.6535;0.0;2024-05-22 00:45:00
14.1875;0.0;2024-05-22 01:00:00
13.965;0.0;2024-05-22 01:15:00
14.053;0.0;2024-05-22 01:30:00
13.58;0.0;2024-05-22 01:45:00
13.643;0.0;2024-05-22 02:00:00
13.8035;0.0;2024-05-22 02:15:00
14.3755;0.0;2024-05-22 02:30:00
14.544;0.0;2024-05-22 02:45:00
14.043;0.0;2024-05-22 03:00:00
14.933;0.0;2024-05-22 03:15:00
14.332;0.0;2024-05-22 03:30:00
14.647;0.0;2024-05-22 03:45:00
14.359;0.0;2024-05-22 04:00:00
13.722;0.0;2024-05-22 04:15:00
14.341;0.0;2024-05-22 04:30:00
14.709;0.0;2024-05-22 04:45:00
14.473;0.0;2024-05-22 05:00:00
14.305;0.0;2024-05-22 05:15:00
17.087;0.0;2024-05-22 05:30:00
19.8775;0.0;2024-05-22 05:45:00
20.4255;0.0;2024-05-22 06:00:00
25.729;0.0;2024-05-22 06:15:00
22.6;0.0;2024-05-22 06:30:00
23.769;0.0;2024-05-22 06:45:00
23.698;0.0;2024-05-22 07:00:00
25.8485;0.0;2024-05-22 07:15:00
25.0355;0.0;2024-05-22 07:30:00
25.207;0.0;2024-05-22 07:45:00
17.77;0.0;2024-05-22 08:00:00
20.3635;0.0;2024-05-22 08:15:00
22.4335;0.0;2024-05-22 08:30:00
19.971;0.0;2024-05-22 08:45:00
23.638;0.0;2024-05-22 09:00:00
15.936;0.0;2024-05-22 09:15:00
13.597;0.0;2024-05-22 09:30:00
11.586;0.0;2024-05-22 09:45:00
10.519;0.249;2024-05-22 10:00:00
10.8335;1.28091666666667;2024-05-22 10:15:00
13.3035;1.90241666666667;2024-05-22 10:30:00
18.4675;2.09591666666667;2024-05-22 10:45:00
31.4785;2.42491666666667;2024-05-22 11:00:00
35.536;4.13841666666667;2024-05-22 11:15:00
33.825;3.39658333333333;2024-05-22 11:30:00
34.5065;3.20858333333333;2024-05-22 11:45:00
32.7815;2.20458333333333;2024-05-22 12:00:00
32.0515;2.32458333333333;2024-05-22 12:15:00
34.7785;2.57558333333333;2024-05-22 12:30:00
20.1125;2.23833333333333;2024-05-22 12:45:00
13.9295;1.78125;2024-05-22 13:00:00
14.275;2.4995;2024-05-22 13:15:00
12.852;2.77108333333333;2024-05-22 13:30:00
10.274;3.39366666666667;2024-05-22 13:45:00
10.223;4.79791666666667;2024-05-22 14:00:00
9.957;4.94425;2024-05-22 14:15:00
6.428;2.89333333333333;2024-05-22 14:30:00
5.784;3.19691666666667;2024-05-22 14:45:00
5.781;3.87725;2024-05-22 15:00:00
6.5225;3.38483333333333;2024-05-22 15:15:00
5.3005;2.75283333333333;2024-05-22 15:30:00
4.47;1.81166666666667;2024-05-22 15:45:00
5.041;1.843;2024-05-22 16:00:00
5.207;2.6995;2024-05-22 16:15:00
4.721;2.06058333333333;2024-05-22 16:30:00
4.4845;1.76266666666667;2024-05-22 16:45:00
4.2025;1.867;2024-05-22 17:00:00
3.8705;1.17416666666667;2024-05-22 17:15:00
4.2275;1.20083333333333;2024-05-22 17:30:00
3.399;0.869583333333333;2024-05-22 17:45:00
2.984;0.474;2024-05-22 18:00:00
3.377;0.209;2024-05-22 18:15:00
4.309;0.0193333333333333;2024-05-22 18:30:00
4.411;0.0;2024-05-22 18:45:00
4.807;0.0;2024-05-22 19:00:00
4.759;0.0;2024-05-22 19:15:00
5.1;0.0;2024-05-22 19:30:00
4.9155;0.0;2024-05-22 19:45:00
5.2665;0.0;2024-05-22 20:00:00
4.825;0.0;2024-05-22 20:15:00
4.958;0.0;2024-05-22 20:30:00
4.488;0.0;2024-05-22 20:45:00
4.83;0.0;2024-05-22 21:00:00
3.8775;0.0;2024-05-22 21:15:00
4.1165;0.0;2024-05-22 21:30:00
3.6255;0.0;2024-05-22 21:45:00
4.2625;0.0;2024-05-22 22:00:00
3.5095;0.0;2024-05-22 22:15:00
3.9275;0.0;2024-05-22 22:30:00
3.271;0.0;2024-05-22 22:45:00
3.801;0.0;2024-05-22 23:00:00
3.6845;0.0;2024-05-22 23:15:00
4.0785;0.0;2024-05-22 23:30:00
3.502;0.0;2024-05-22 23:45:00
3.3425;0.0;2024-06-21 00:00:00
2.9835;0.0;2024-06-21 00:15:00
3.4325;0.0;2024-06-21 00:30:00
2.8855;0.0;2024-06-21 00:45:00
3.4565;0.0;2024-06-21 01:00:00
3.265;0.0;2024-06-21 01:15:00
3.361;0.0;2024-06-21 01:30:00
3.144;0.0;2024-06-21 01:45:00
3.58;0.0;2024-06-21 02:00:00
3.1855;0.0;2024-06-21 02:15:00
3.8015;0.0;2024-06-21 02:30:00
3.5685;0.0;2024-06-21 02:45:00
3.8355;0.0;2024-06-21 03:00:00
3.563;0.0;2024-06-21 03:15:00
3.822;0.0;2024-06-21 03:30:00
3.2325;0.0;2024-06-21 03:45:00
3.5705;0.0;2024-06-21 04:00:00
2.998;0.0;2024-06-21 04:15:00
3.626;0.0;2024-06-21 04:30:00
3.608;0.0;2024-06-21 04:45:00
4.346;0.0;2024-06-21 05:00:00
3.2575;0.0;2024-06-21 05:15:00
3.8955;0.0;2024-06-21 05:30:00
7.6775;0.0;2024-06-21 05:45:00
11.6615;0.0;2024-06-21 06:00:00
22.189;0.0;2024-06-21 06:15:00
28.441;0.0;2024-06-21 06:30:00
29.0035;0.0;2024-06-21 06:45:00
33.8545;0.0;2024-06-21 07:00:00
32.768;0.0;2024-06-21 07:15:00
33.324;0.0;2024-06-21 07:30:00
33.162;0.0;2024-06-21 07:45:00
34.135;0.0;2024-06-21 08:00:00
27.4895;0.0;2024-06-21 08:15:00
25.1045;0.0;2024-06-21 08:30:00
24.4525;0.0;2024-06-21 08:45:00
24.0215;0.0;2024-06-21 09:00:00
27.0195;0.0;2024-06-21 09:15:00
27.0505;0.0;2024-06-21 09:30:00
26.433;0.0;2024-06-21 09:45:00
21.871;0.0;2024-06-21 10:00:00
23.6625;0.399583333333333;2024-06-21 10:15:00
27.4995;0.332916666666667;2024-06-21 10:30:00
28.0645;1.14183333333333;2024-06-21 10:45:00
30.0665;0.796416666666667;2024-06-21 11:00:00
29.545;3.34491666666667;2024-06-21 11:15:00
28.157;2.29908333333333;2024-06-21 11:30:00
36.035;14.76025;2024-06-21 11:45:00
34.654;10.1266666666667;2024-06-21 12:00:00
34.672;4.0085;2024-06-21 12:15:00
37.983;3.93208333333333;2024-06-21 12:30:00
40.339;2.40966666666667;2024-06-21 12:45:00
45.064;13.6010833333333;2024-06-21 13:00:00
32.182;2.04558333333333;2024-06-21 13:15:00
34.767;9.1645;2024-06-21 13:30:00
24.6455;8.53558333333333;2024-06-21 13:45:00
12.5535;7.685;2024-06-21 14:00:00
16.3415;15.4995;2024-06-21 14:15:00
11.0625;5.63358333333333;2024-06-21 14:30:00
11.7295;3.83066666666667;2024-06-21 14:45:00
6.8595;3.80333333333333;2024-06-21 15:00:00
6.9185;2.07766666666667;2024-06-21 15:15:00
7.1205;2.15808333333333;2024-06-21 15:30:00
2.8115;1.09591666666667;2024-06-21 15:45:00
6.2835;4.39833333333333;2024-06-21 16:00:00
8.4745;3.34008333333333;2024-06-21 16:15:00
6.7125;6.15775;2024-06-21 16:30:00
4.933;2.23358333333333;2024-06-21 16:45:00
6.175;4.35908333333333;2024-06-21 17:00:00
4.642;3.05841666666667;2024-06-21 17:15:00
4.844;2.742;2024-06-21 17:30:00
4.9005;2.06116666666667;2024-06-21 17:45:00
6.0705;2.32825;2024-06-21 18:00:00
5.1325;2.04691666666667;2024-06-21 18:15:00
4.2735;0.503666666666667;2024-06-21 18:30:00
4.1625;0.239333333333333;2024-06-21 18:45:00
4.6595;0.0493333333333333;2024-06-21 19:00:00
5.9675;0.00408333333333333;2024-06-21 19:15:00
5.8935;0.0;2024-06-21 19:30:00
4.9495;0.0;2024-06-21 19:45:00
4.7875;0.0;2024-06-21 20:00:00
5.525;0.0;2024-06-21 20:15:00
4.596;0.0;2024-06-21 20:30:00
3.856;0.0;2024-06-21 20:45:00
3.324;0.0;2024-06-21 21:00:00
2.9455;0.0;2024-06-21 21:15:00
3.1795;0.0;2024-06-21 21:30:00
2.8985;0.0;2024-06-21 21:45:00
2.8485;0.0;2024-06-21 22:00:00
2.697;0.0;2024-06-21 22:15:00
2.885;0.0;2024-06-21 22:30:00
3.203;0.0;2024-06-21 22:45:00
3.128;0.0;2024-06-21 23:00:00
3.1135;0.0;2024-06-21 23:15:00
3.2965;0.0;2024-06-21 23:30:00
3.157;0.0;2024-06-21 23:45:00
3.0385;0.0;2024-06-22 00:00:00
3.4525;0.0;2024-06-22 00:15:00
2.8595;0.0;2024-06-22 00:30:00
3.0895;0.0;2024-06-22 00:45:00
2.8375;0.0;2024-06-22 01:00:00
3.119;0.0;2024-06-22 01:15:00
2.928;0.0;2024-06-22 01:30:00
3.626;0.0;2024-06-22 01:45:00
3.538;0.0;2024-06-22 02:00:00
2.747;0.0;2024-06-22 02:15:00
3.281;0.0;2024-06-22 02:30:00
3.349;0.0;2024-06-22 02:45:00
3.34;0.0;2024-06-22 03:00:00
3.3305;0.0;2024-06-22 03:15:00
2.8515;0.0;2024-06-22 03:30:00
3.2975;0.0;2024-06-22 03:45:00
2.8585;0.0;2024-06-22 04:00:00
3.4485;0.0;2024-06-22 04:15:00
4.6655;0.0;2024-06-22 04:30:00
8.5205;0.0;2024-06-22 04:45:00
12.9445;0.0;2024-06-22 05:00:00
31.1525;0.0;2024-06-22 05:15:00
37.3085;0.0;2024-06-22 05:30:00
37.66;0.0;2024-06-22 05:45:00
37.708;0.0;2024-06-22 06:00:00
39.31;0.0;2024-06-22 06:15:00
39.369;0.01175;2024-06-22 06:30:00
37.591;0.0541666666666667;2024-06-22 06:45:00
35.114;0.2545;2024-06-22 07:00:00
38.5695;0.550833333333333;2024-06-22 07:15:00
38.5735;0.919583333333333;2024-06-22 07:30:00
32.949;1.34391666666667;2024-06-22 07:45:00
33.636;1.79591666666667;2024-06-22 08:00:00
35.2745;1.61966666666667;2024-06-22 08:15:00
36.5295;1.93375;2024-06-22 08:30:00
32.3345;2.76833333333333;2024-06-22 08:45:00
31.0235;3.11883333333333;2024-06-22 09:00:00
30.604;2.59383333333333;2024-06-22 09:15:00
32.839;3.56683333333333;2024-06-22 09:30:00
34.7335;4.61325;2024-06-22 09:45:00
35.9765;5.17283333333333;2024-06-22 10:00:00
36.599;5.3965;2024-06-22 10:15:00
34.61;5.28541666666667;2024-06-22 10:30:00
34.639;5.49916666666667;2024-06-22 10:45:00
34.141;6.472;2024-06-22 11:00:00
31.9155;6.43633333333333;2024-06-22 11:15:00
31.2685;6.53516666666667;2024-06-22 11:30:00
31.7775;4.82708333333333;2024-06-22 11:45:00
21.8615;4.12908333333333;2024-06-22 12:00:00
12.5495;6.81291666666667;2024-06-22 12:15:00
10.5875;7.345;2024-06-22 12:30:00
7.008;7.5765;2024-06-22 12:45:00
6.715;7.54175;2024-06-22 13:00:00
6.068;7.52525;2024-06-22 13:15:00
7.076;7.4785;2024-06-22 13:30:00
5.8175;7.31475;2024-06-22 13:45:00
5.6355;6.86216666666667;2024-06-22 14:00:00
6.1125;6.65691666666667;2024-06-22 14:15:00
6.4175;6.39316666666667;2024-06-22 14:30:00
7.494;5.23583333333333;2024-06-22 14:45:00
6.807;4.9995;2024-06-22 15:00:00
7.0715;3.96641666666667;2024-06-22 15:15:00
6.6425;3.59775;2024-06-22 15:30:00
6.7445;4.28916666666667;2024-06-22 15:45:00
6.7815;5.0495;2024-06-22 16:00:00
7.344;4.40291666666667;2024-06-22 16:15:00
6.743;3.529;2024-06-22 16:30:00
6.6705;3.182;2024-06-22 16:45:00
7.3325;3.9625;2024-06-22 17:00:00
6.799;2.99408333333333;2024-06-22 17:15:00
6.643;3.0275;2024-06-22 17:30:00
7.013;2.502;2024-06-22 17:45:00
6.31;2.46758333333333;2024-06-22 18:00:00
7.382;2.82566666666667;2024-06-22 18:15:00
4.204;2.40366666666667;2024-06-22 18:30:00
2.7835;1.51258333333333;2024-06-22 18:45:00
2.4235;0.549416666666667;2024-06-22 19:00:00
2.1445;0.590583333333333;2024-06-22 19:15:00
2.4725;0.437333333333333;2024-06-22 19:30:00
2.1415;0.247833333333333;2024-06-22 19:45:00
2.2005;0.0616666666666667;2024-06-22 20:00:00
2.3005;0.0181666666666667;2024-06-22 20:15:00
2.4895;0.0;2024-06-22 20:30:00
2.6;0.0;2024-06-22 20:45:00
2.858;0.0;2024-06-22 21:00:00
2.877;0.0;2024-06-22 21:15:00
2.672;0.0;2024-06-22 21:30:00
3.4505;0.0;2024-06-22 21:45:00
3.5785;0.0;2024-06-22 22:00:00
2.7645;0.0;2024-06-22 22:15:00
3.3215;0.0;2024-06-22 22:30:00
2.9825;0.0;2024-06-22 22:45:00
2.9605;0.0;2024-06-22 23:00:00
3.103;0.0;2024-06-22 23:15:00
3.747;0.0;2024-06-22 23:30:00
3.6325;0.0;2024-06-22 23:45:00
1.962;0.0;2024-06-08 00:00:00
2.044;0.0;2024-06-08 00:15:00
2.023;0.0;2024-06-08 00:30:00
2.04;0.0;2024-06-08 00:45:00
2.258;0.0;2024-06-08 01:00:00
1.8925;0.0;2024-06-08 01:15:00
2.3505;0.0;2024-06-08 01:30:00
2.407;0.0;2024-06-08 01:45:00
1.861;0.0;2024-06-08 02:00:00
2.353;0.0;2024-06-08 02:15:00
2.514;0.0;2024-06-08 02:30:00
1.8965;0.0;2024-06-08 02:45:00
2.3045;0.0;2024-06-08 03:00:00
2.431;0.0;2024-06-08 03:15:00
1.895;0.0;2024-06-08 03:30:00
2.28;0.0;2024-06-08 03:45:00
2.438;0.0;2024-06-08 04:00:00
1.895;0.0;2024-06-08 04:15:00
2.324;0.0;2024-06-08 04:30:00
2.4555;0.0;2024-06-08 04:45:00
2.0585;0.0;2024-06-08 05:00:00
4.807;0.0;2024-06-08 05:15:00
8.683;0.0;2024-06-08 05:30:00
7.071;0.0;2024-06-08 05:45:00
13.344;0.0;2024-06-08 06:00:00
33.763;0.0;2024-06-08 06:15:00
39.398;0.0;2024-06-08 06:30:00
40.636;0.0;2024-06-08 06:45:00
35.874;0.0;2024-06-08 07:00:00
34.863;0.0;2024-06-08 07:15:00
36.401;0.0;2024-06-08 07:30:00
36.2215;0.0;2024-06-08 07:45:00
35.9695;0.012;2024-06-08 08:00:00
35.6635;0.129333333333333;2024-06-08 08:15:00
41.0865;0.108916666666667;2024-06-08 08:30:00
41.317;0.0996666666666667;2024-06-08 08:45:00
38.172;0.1255;2024-06-08 09:00:00
34.656;0.976333333333333;2024-06-08 09:15:00
33.633;1.3585;2024-06-08 09:30:00
28.2035;1.6595;2024-06-08 09:45:00
26.1475;0.977333333333333;2024-06-08 10:00:00
26.265;6.20425;2024-06-08 10:15:00
32.409;2.50816666666667;2024-06-08 10:30:00
35.558;3.1315;2024-06-08 10:45:00
35.493;3.58041666666667;2024-06-08 11:00:00
34.1675;10.1718333333333;2024-06-08 11:15:00
39.5955;8.94875;2024-06-08 11:30:00
39.008;11.1963333333333;2024-06-08 11:45:00
42.963;9.522;2024-06-08 12:00:00
40.701;11.7324166666667;2024-06-08 12:15:00
38.75;9.87583333333333;2024-06-08 12:30:00
39.694;12.0985833333333;2024-06-08 12:45:00
34.348;10.0466666666667;2024-06-08 13:00:00
32.2455;12.1111666666667;2024-06-08 13:15:00
17.4755;10.0300833333333;2024-06-08 13:30:00
7.8165;12.0435;2024-06-08 13:45:00
6.5135;9.2055;2024-06-08 14:00:00
5.321;12.0245833333333;2024-06-08 14:15:00
5.571;9.54908333333333;2024-06-08 14:30:00
4.8925;6.11483333333333;2024-06-08 14:45:00
5.1035;8.62;2024-06-08 15:00:00
4.6225;10.30675;2024-06-08 15:15:00
5.0565;7.99691666666667;2024-06-08 15:30:00
5.1245;8.82216666666667;2024-06-08 15:45:00
5.9465;6.60625;2024-06-08 16:00:00
5.8325;6.52375;2024-06-08 16:15:00
5.7745;0.806166666666667;2024-06-08 16:30:00
5.687;1.19016666666667;2024-06-08 16:45:00
6.242;0.202416666666667;2024-06-08 17:00:00
5.1115;0.0865833333333333;2024-06-08 17:15:00
5.2125;0.0315833333333333;2024-06-08 17:30:00
5.3095;0.185583333333333;2024-06-08 17:45:00
5.7555;0.213916666666667;2024-06-08 18:00:00
5.0855;0.197916666666667;2024-06-08 18:15:00
5.0965;0.00275;2024-06-08 18:30:00
4.6255;0.0;2024-06-08 18:45:00
4.3045;0.0;2024-06-08 19:00:00
4.449;0.0;2024-06-08 19:15:00
4.282;0.0;2024-06-08 19:30:00
4.24;0.0;2024-06-08 19:45:00
3.208;0.0;2024-06-08 20:00:00
2.541;0.0;2024-06-08 20:15:00
3.246;0.0;2024-06-08 20:30:00
2.7395;0.0;2024-06-08 20:45:00
2.3565;0.0;2024-06-08 21:00:00
3.4815;0.0;2024-06-08 21:15:00
2.7425;0.0;2024-06-08 21:30:00
2.7995;0.0;2024-06-08 21:45:00
2.3215;0.0;2024-06-08 22:00:00
3.4065;0.0;2024-06-08 22:15:00
2.5385;0.0;2024-06-08 22:30:00
2.852;0.0;2024-06-08 22:45:00
2.573;0.0;2024-06-08 23:00:00
2.7425;0.0;2024-06-08 23:15:00
2.4655;0.0;2024-06-08 23:30:00
2.7865;0.0;2024-06-08 23:45:00
2.16;0.0;2024-07-08 00:00:00
1.916;0.0;2024-07-08 00:15:00
1.968;0.0;2024-07-08 00:30:00
2.2015;0.0;2024-07-08 00:45:00
1.9555;0.0;2024-07-08 01:00:00
2.04;0.0;2024-07-08 01:15:00
2.151;0.0;2024-07-08 01:30:00
1.961;0.0;2024-07-08 01:45:00
1.911;0.0;2024-07-08 02:00:00
2.2085;0.0;2024-07-08 02:15:00
2.0985;0.0;2024-07-08 02:30:00
2.1295;0.0;2024-07-08 02:45:00
2.3685;0.0;2024-07-08 03:00:00
2.5035;0.0;2024-07-08 03:15:00
1.7685;0.0;2024-07-08 03:30:00
1.8375;0.0;2024-07-08 03:45:00
3.4105;0.0;2024-07-08 04:00:00
5.022;0.0;2024-07-08 04:15:00
6.497;0.0;2024-07-08 04:30:00
6.9925;0.0;2024-07-08 04:45:00
7.7935;0.0;2024-07-08 05:00:00
14.5385;0.0;2024-07-08 05:15:00
18.5775;0.0;2024-07-08 05:30:00
14.9495;0.0;2024-07-08 05:45:00
13.3405;0.0;2024-07-08 06:00:00
14.826;0.0;2024-07-08 06:15:00
13.108;0.0;2024-07-08 06:30:00
13.553;0.0;2024-07-08 06:45:00
15.92;0.0;2024-07-08 07:00:00
13.4;0.0;2024-07-08 07:15:00
13.239;0.0;2024-07-08 07:30:00
16.224;0.0;2024-07-08 07:45:00
14.68;0.026;2024-07-08 08:00:00
15.354;0.165833333333333;2024-07-08 08:15:00
13.728;0.311916666666667;2024-07-08 08:30:00
13.9715;0.627083333333333;2024-07-08 08:45:00
12.7695;0.644833333333333;2024-07-08 09:00:00
10.8435;0.903666666666667;2024-07-08 09:15:00
17.4625;0.948666666666667;2024-07-08 09:30:00
21.143;1.40891666666667;2024-07-08 09:45:00
19.113;1.93741666666667;2024-07-08 10:00:00
18.1335;2.11491666666667;2024-07-08 10:15:00
17.0065;2.2235;2024-07-08 10:30:00
17.8135;1.6625;2024-07-08 10:45:00
18.0685;1.31941666666667;2024-07-08 11:00:00
17.7685;2.099;2024-07-08 11:15:00
16.9875;2.98066666666667;2024-07-08 11:30:00
17.3815;4.31291666666667;2024-07-08 11:45:00
17.2295;3.28391666666667;2024-07-08 12:00:00
13.797;1.69325;2024-07-08 12:15:00
11.815;2.17958333333333;2024-07-08 12:30:00
7.9895;1.88666666666667;2024-07-08 12:45:00
7.1745;2.333;2024-07-08 13:00:00
4.8035;2.46208333333333;2024-07-08 13:15:00
4.0885;3.08141666666667;2024-07-08 13:30:00
3.522;2.96916666666667;2024-07-08 13:45:00
2.978;2.0005;2024-07-08 14:00:00
3.451;2.77308333333333;2024-07-08 14:15:00
4.179;3.84675;2024-07-08 14:30:00
4.4055;4.38275;2024-07-08 14:45:00
5.0905;4.856;2024-07-08 15:00:00
3.292;1.81908333333333;2024-07-08 15:15:00
4.063;2.95541666666667;2024-07-08 15:30:00
4.2175;2.79825;2024-07-08 15:45:00
4.1395;3.24891666666667;2024-07-08 16:00:00
3.8785;2.31;2024-07-08 16:15:00
3.9325;2.29666666666667;2024-07-08 16:30:00
3.4155;1.80783333333333;2024-07-08 16:45:00
3.3815;1.46858333333333;2024-07-08 17:00:00
3.826;1.50516666666667;2024-07-08 17:15:00
3.026;0.898666666666667;2024-07-08 17:30:00
3.0175;0.79425;2024-07-08 17:45:00
2.5415;0.575;2024-07-08 18:00:00
1.89;0.388333333333333;2024-07-08 18:15:00
1.621;0.368;2024-07-08 18:30:00
1.793;0.16875;2024-07-08 18:45:00
1.236;0.0313333333333333;2024-07-08 19:00:00
1.949;0.0;2024-07-08 19:15:00
2.183;0.0;2024-07-08 19:30:00
1.9735;0.0;2024-07-08 19:45:00
2.0755;0.0;2024-07-08 20:00:00
2.1925;0.0;2024-07-08 20:15:00
2.0805;0.0;2024-07-08 20:30:00
2.319;0.0;2024-07-08 20:45:00
2.041;0.0;2024-07-08 21:00:00
2.1345;0.0;2024-07-08 21:15:00
2.1115;0.0;2024-07-08 21:30:00
1.8795;0.0;2024-07-08 21:45:00
1.9005;0.0;2024-07-08 22:00:00
2.5855;0.0;2024-07-08 22:15:00
2.2495;0.0;2024-07-08 22:30:00
2.536;0.0;2024-07-08 22:45:00
4.162;0.0;2024-07-08 23:00:00
4.996;0.0;2024-07-08 23:15:00
4.328;0.0;2024-07-08 23:30:00
5.635;0.0;2024-07-08 23:45:00
1.8815;0.0;2024-07-21 00:00:00
2.1055;0.0;2024-07-21 00:15:00
2.3155;0.0;2024-07-21 00:30:00
1.667;0.0;2024-07-21 00:45:00
1.998;0.0;2024-07-21 01:00:00
2.8845;0.0;2024-07-21 01:15:00
2.2285;0.0;2024-07-21 01:30:00
2.4725;0.0;2024-07-21 01:45:00
2.9015;0.0;2024-07-21 02:00:00
2.235;0.0;2024-07-21 02:15:00
2.407;0.0;2024-07-21 02:30:00
2.714;0.0;2024-07-21 02:45:00
2.207;0.0;2024-07-21 03:00:00
2.401;0.0;2024-07-21 03:15:00
2.861;0.0;2024-07-21 03:30:00
2.1045;0.0;2024-07-21 03:45:00
2.2395;0.0;2024-07-21 04:00:00
2.9285;0.0;2024-07-21 04:15:00
3.9795;0.0;2024-07-21 04:30:00
7.7175;0.0;2024-07-21 04:45:00
11.5085;0.0;2024-07-21 05:00:00
31.025;0.0;2024-07-21 05:15:00
36.189;0.0;2024-07-21 05:30:00
36.821;0.0;2024-07-21 05:45:00
34.297;0.0;2024-07-21 06:00:00
29.239;0.0;2024-07-21 06:15:00
28.803;0.0;2024-07-21 06:30:00
30.3965;0.0;2024-07-21 06:45:00
32.6845;0.0;2024-07-21 07:00:00
34.3245;0.0;2024-07-21 07:15:00
32.9035;0.0;2024-07-21 07:30:00
37.117;0.0;2024-07-21 07:45:00
37.292;0.191;2024-07-21 08:00:00
37.8745;0.9305;2024-07-21 08:15:00
36.6545;1.42541666666667;2024-07-21 08:30:00
33.35;1.13891666666667;2024-07-21 08:45:00
33.533;1.11525;2024-07-21 09:00:00
34.05;1.0015;2024-07-21 09:15:00
40.184;3.56141666666667;2024-07-21 09:30:00
37.7205;6.78708333333333;2024-07-21 09:45:00
45.7915;8.905;2024-07-21 10:00:00
42.9795;1.36816666666667;2024-07-21 10:15:00
42.5145;4.11891666666667;2024-07-21 10:30:00
44.8455;9.69375;2024-07-21 10:45:00
38.4225;1.0925;2024-07-21 11:00:00
38.44;5.72666666666667;2024-07-21 11:15:00
44.228;9.22141666666667;2024-07-21 11:30:00
47.5335;11.523;2024-07-21 11:45:00
52.7205;11.9655;2024-07-21 12:00:00
46.9755;12.493;2024-07-21 12:15:00
40.0425;13.64475;2024-07-21 12:30:00
36.3415;6.28291666666667;2024-07-21 12:45:00
36.7275;12.7239166666667;2024-07-21 13:00:00
37.9755;12.2674166666667;2024-07-21 13:15:00
36.7075;12.7690833333333;2024-07-21 13:30:00
31.9685;12.3928333333333;2024-07-21 13:45:00
17.0195;12.4759166666667;2024-07-21 14:00:00
14.6935;11.4960833333333;2024-07-21 14:15:00
11.8765;4.05066666666667;2024-07-21 14:30:00
14.8;5.769;2024-07-21 14:45:00
16.905;11.4543333333333;2024-07-21 15:00:00
13.7935;8.52225;2024-07-21 15:15:00
13.7625;9.65725;2024-07-21 15:30:00
15.4765;10.1345833333333;2024-07-21 15:45:00
15.4845;9.16675;2024-07-21 16:00:00
14.2785;8.67383333333333;2024-07-21 16:15:00
15.6485;7.83383333333333;2024-07-21 16:30:00
14.0705;6.9975;2024-07-21 16:45:00
13.8055;6.21683333333333;2024-07-21 17:00:00
12.776;5.4385;2024-07-21 17:15:00
11.784;4.35341666666667;2024-07-21 17:30:00
6.5405;3.403;2024-07-21 17:45:00
3.3035;2.56741666666667;2024-07-21 18:00:00
2.7845;1.16908333333333;2024-07-21 18:15:00
2.7195;0.8685;2024-07-21 18:30:00
2.3535;0.585666666666667;2024-07-21 18:45:00
2.1655;0.2885;2024-07-21 19:00:00
2.6625;0.05;2024-07-21 19:15:00
2.1305;0.0005;2024-07-21 19:30:00
2.5995;0.0;2024-07-21 19:45:00
3.3465;0.0;2024-07-21 20:00:00
2.65;0.0;2024-07-21 20:15:00
2.598;0.0;2024-07-21 20:30:00
3.1815;0.0;2024-07-21 20:45:00
2.6575;0.0;2024-07-21 21:00:00
2.5875;0.0;2024-07-21 21:15:00
3.0835;0.0;2024-07-21 21:30:00
2.77;0.0;2024-07-21 21:45:00
2.464;0.0;2024-07-21 22:00:00
3.084;0.0;2024-07-21 22:15:00
2.919;0.0;2024-07-21 22:30:00
2.4415;0.0;2024-07-21 22:45:00
2.9625;0.0;2024-07-21 23:00:00
2.8805;0.0;2024-07-21 23:15:00
2.1665;0.0;2024-07-21 23:30:00
2.4005;0.0;2024-07-21 23:45:00
2.575;0.0;2024-07-27 00:00:00
2.5295;0.0;2024-07-27 00:15:00
2.6505;0.0;2024-07-27 00:30:00
2.636;0.0;2024-07-27 00:45:00
2.59;0.0;2024-07-27 01:00:00
2.8855;0.0;2024-07-27 01:15:00
3.3865;0.0;2024-07-27 01:30:00
3.0635;0.0;2024-07-27 01:45:00
2.8985;0.0;2024-07-27 02:00:00
2.633;0.0;2024-07-27 02:15:00
2.495;0.0;2024-07-27 02:30:00
2.7795;0.0;2024-07-27 02:45:00
3.2995;0.0;2024-07-27 03:00:00
3.601;0.0;2024-07-27 03:15:00
3.346;0.0;2024-07-27 03:30:00
3.315;0.0;2024-07-27 03:45:00
3.567;0.0;2024-07-27 04:00:00
3.218;0.0;2024-07-27 04:15:00
3.185;0.0;2024-07-27 04:30:00
3.382;0.0;2024-07-27 04:45:00
3.117;0.0;2024-07-27 05:00:00
3.3095;0.0;2024-07-27 05:15:00
3.3785;0.0;2024-07-27 05:30:00
3.116;0.0;2024-07-27 05:45:00
3.286;0.0;2024-07-27 06:00:00
3.4965;0.0;2024-07-27 06:15:00
3.3865;0.0;2024-07-27 06:30:00
3.371;0.0;2024-07-27 06:45:00
3.382;0.0;2024-07-27 07:00:00
3.4825;0.0;2024-07-27 07:15:00
3.4485;0.0;2024-07-27 07:30:00
3.178;0.0;2024-07-27 07:45:00
3.467;0.0;2024-07-27 08:00:00
3.3665;0.0;2024-07-27 08:15:00
3.3995;0.0;2024-07-27 08:30:00
3.2785;0.062;2024-07-27 08:45:00
3.2675;0.282416666666667;2024-07-27 09:00:00
3.617;0.802583333333333;2024-07-27 09:15:00
4.194;1.41116666666667;2024-07-27 09:30:00
4.062;2.34675;2024-07-27 09:45:00
5.024;3.619;2024-07-27 10:00:00
6.246;4.9405;2024-07-27 10:15:00
6.552;5.89016666666667;2024-07-27 10:30:00
7.377;7.00466666666667;2024-07-27 10:45:00
8.484;2.76158333333333;2024-07-27 11:00:00
9.267;3.09791666666667;2024-07-27 11:15:00
9.722;3.38566666666667;2024-07-27 11:30:00
10.665;3.6595;2024-07-27 11:45:00
10.725;3.86183333333333;2024-07-27 12:00:00
11.3615;4.03575;2024-07-27 12:15:00
11.2295;4.15758333333333;2024-07-27 12:30:00
11.805;4.26633333333333;2024-07-27 12:45:00
11.575;4.35033333333333;2024-07-27 13:00:00
11.7965;4.39658333333333;2024-07-27 13:15:00
11.8335;4.38183333333333;2024-07-27 13:30:00
11.804;4.362;2024-07-27 13:45:00
11.717;4.389;2024-07-27 14:00:00
11.2625;4.31758333333333;2024-07-27 14:15:00
11.0275;4.215;2024-07-27 14:30:00
10.8695;4.09033333333333;2024-07-27 14:45:00
10.4955;3.98566666666667;2024-07-27 15:00:00
10.0545;3.79916666666667;2024-07-27 15:15:00
8.9695;3.56866666666667;2024-07-27 15:30:00
8.411;3.45941666666667;2024-07-27 15:45:00
7.987;3.21975;2024-07-27 16:00:00
7.4235;2.92983333333333;2024-07-27 16:15:00
6.7575;2.58158333333333;2024-07-27 16:30:00
5.8575;2.23033333333333;2024-07-27 16:45:00
5.2065;1.87841666666667;2024-07-27 17:00:00
4.4335;1.54475;2024-07-27 17:15:00
3.8435;3.56658333333333;2024-07-27 17:30:00
3.147;2.287;2024-07-27 17:45:00
2.17;1.1375;2024-07-27 18:00:00
1.592;0.4315;2024-07-27 18:15:00
1.622;0.236666666666667;2024-07-27 18:30:00
2.0165;0.0380833333333333;2024-07-27 18:45:00
1.8475;0.0;2024-07-27 19:00:00
2.3495;0.0;2024-07-27 19:15:00
2.4795;0.0;2024-07-27 19:30:00
2.773;0.0;2024-07-27 19:45:00
3.002;0.0;2024-07-27 20:00:00
2.5135;0.0;2024-07-27 20:15:00
2.6185;0.0;2024-07-27 20:30:00
2.5055;0.0;2024-07-27 20:45:00
2.5815;0.0;2024-07-27 21:00:00
2.827;0.0;2024-07-27 21:15:00
3.035;0.0;2024-07-27 21:30:00
3.1785;0.0;2024-07-27 21:45:00
2.5075;0.0;2024-07-27 22:00:00
2.459;0.0;2024-07-27 22:15:00
2.607;0.0;2024-07-27 22:30:00
2.393;0.0;2024-07-27 22:45:00
2.381;0.0;2024-07-27 23:00:00
2.4785;0.0;2024-07-27 23:15:00
2.5055;0.0;2024-07-27 23:30:00
2.8035;0.0;2024-07-27 23:45:00
3.8505;0.0;2024-08-13 00:00:00
3.289;0.0;2024-08-13 00:15:00
3.028;0.0;2024-08-13 00:30:00
3.349;0.0;2024-08-13 00:45:00
4.073;0.0;2024-08-13 01:00:00
3.728;0.0;2024-08-13 01:15:00
3.996;0.0;2024-08-13 01:30:00
2.787;0.0;2024-08-13 01:45:00
2.568;0.0;2024-08-13 02:00:00
2.21;0.0;2024-08-13 02:15:00
2.791;0.0;2024-08-13 02:30:00
1.8845;0.0;2024-08-13 02:45:00
2.3235;0.0;2024-08-13 03:00:00
2.0785;0.0;2024-08-13 03:15:00
2.5025;0.0;2024-08-13 03:30:00
2.0375;0.0;2024-08-13 03:45:00
3.0305;0.0;2024-08-13 04:00:00
2.3855;0.0;2024-08-13 04:15:00
2.3765;0.0;2024-08-13 04:30:00
3.9175;0.0;2024-08-13 04:45:00
6.9445;0.0;2024-08-13 05:00:00
7.6445;0.0;2024-08-13 05:15:00
10.9685;0.0;2024-08-13 05:30:00
14.1315;0.0;2024-08-13 05:45:00
14.6115;0.0;2024-08-13 06:00:00
10.7305;0.0015;2024-08-13 06:15:00
12.3705;0.0323333333333333;2024-08-13 06:30:00
10.478;0.0835;2024-08-13 06:45:00
11.994;0.09675;2024-08-13 07:00:00
11.6585;0.237833333333333;2024-08-13 07:15:00
10.6965;0.349666666666667;2024-08-13 07:30:00
11.953;0.39025;2024-08-13 07:45:00
11.16;0.444416666666667;2024-08-13 08:00:00
9.738;0.730583333333333;2024-08-13 08:15:00
10.947;0.961833333333333;2024-08-13 08:30:00
9.557;2.13258333333333;2024-08-13 08:45:00
8.424;1.63316666666667;2024-08-13 09:00:00
7.354;2.12133333333333;2024-08-13 09:15:00
8.229;1.71758333333333;2024-08-13 09:30:00
10.031;2.74333333333333;2024-08-13 09:45:00
11.153;2.42866666666667;2024-08-13 10:00:00
10.323;2.70808333333333;2024-08-13 10:15:00
13.684;5.9765;2024-08-13 10:30:00
11.5985;4.85483333333333;2024-08-13 10:45:00
12.7745;4.81775;2024-08-13 11:00:00
12.543;6.49008333333333;2024-08-13 11:15:00
11.083;5.71066666666667;2024-08-13 11:30:00
10.18;5.22958333333333;2024-08-13 11:45:00
8.383;4.8645;2024-08-13 12:00:00
6.8285;3.81533333333333;2024-08-13 12:15:00
7.7265;5.93775;2024-08-13 12:30:00
7.826;4.56608333333333;2024-08-13 12:45:00
5.982;3.24208333333333;2024-08-13 13:00:00
7.1995;5.17341666666667;2024-08-13 13:15:00
6.9505;2.57041666666667;2024-08-13 13:30:00
4.3725;4.31091666666667;2024-08-13 13:45:00
4.9565;4.55133333333333;2024-08-13 14:00:00
6.0935;2.62866666666667;2024-08-13 14:15:00
6.6275;3.06975;2024-08-13 14:30:00
6.405;2.84691666666667;2024-08-13 14:45:00
4.746;1.99658333333333;2024-08-13 15:00:00
4.272;4.15041666666667;2024-08-13 15:15:00
4.57;1.88633333333333;2024-08-13 15:30:00
3.937;1.77566666666667;2024-08-13 15:45:00
3.575;1.33375;2024-08-13 16:00:00
3.6145;3.39691666666667;2024-08-13 16:15:00
3.4645;1.33191666666667;2024-08-13 16:30:00
3.9445;1.3805;2024-08-13 16:45:00
4.3505;1.55616666666667;2024-08-13 17:00:00
6.851;4.37941666666667;2024-08-13 17:15:00
5.478;3.53508333333333;2024-08-13 17:30:00
4.96;2.17075;2024-08-13 17:45:00
4.779;1.44408333333333;2024-08-13 18:00:00
3.674;1.60541666666667;2024-08-13 18:15:00
2.852;2.43375;2024-08-13 18:30:00
2.27;1.51783333333333;2024-08-13 18:45:00
1.926;1.35333333333333;2024-08-13 19:00:00
1.5185;0.54225;2024-08-13 19:15:00
1.7085;0.374;2024-08-13 19:30:00
1.17;0.207333333333333;2024-08-13 19:45:00
1.264;0.162083333333333;2024-08-13 20:00:00
1.5695;0.118833333333333;2024-08-13 20:15:00
1.7095;0.06075;2024-08-13 20:30:00
1.7375;0.013;2024-08-13 20:45:00
1.7105;0.0005;2024-08-13 21:00:00
1.9165;0.0;2024-08-13 21:15:00
2.2265;0.0;2024-08-13 21:30:00
2.5285;0.0;2024-08-13 21:45:00
2.8775;0.0;2024-08-13 22:00:00
2.6905;0.0;2024-08-13 22:15:00
2.8285;0.0;2024-08-13 22:30:00
2.6505;0.0;2024-08-13 22:45:00
2.7005;0.0;2024-08-13 23:00:00
2.794;0.0;2024-08-13 23:15:00
2.255;0.0;2024-08-13 23:30:00
2.266;0.0;2024-08-13 23:45:00
2.74;0.0;2024-08-31 00:00:00
2.6645;0.0;2024-08-31 00:15:00
2.5525;0.0;2024-08-31 00:30:00
3.09;0.0;2024-08-31 00:45:00
2.563;0.0;2024-08-31 01:00:00
2.4255;0.0;2024-08-31 01:15:00
2.4095;0.0;2024-08-31 01:30:00
2.511;0.0;2024-08-31 01:45:00
2.729;0.0;2024-08-31 02:00:00
2.9775;0.0;2024-08-31 02:15:00
2.7805;0.0;2024-08-31 02:30:00
2.5695;0.0;2024-08-31 02:45:00
2.2455;0.0;2024-08-31 03:00:00
2.727;0.0;2024-08-31 03:15:00
2.721;0.0;2024-08-31 03:30:00
2.663;0.0;2024-08-31 03:45:00
2.622;0.0;2024-08-31 04:00:00
2.845;0.0;2024-08-31 04:15:00
2.566;0.0;2024-08-31 04:30:00
3.023;0.0;2024-08-31 04:45:00
3.154;0.0;2024-08-31 05:00:00
3.4185;0.0;2024-08-31 05:15:00
2.8125;0.0;2024-08-31 05:30:00
2.743;0.0;2024-08-31 05:45:00
2.881;0.0;2024-08-31 06:00:00
3.3295;0.0;2024-08-31 06:15:00
2.6535;0.0;2024-08-31 06:30:00
2.7575;0.0;2024-08-31 06:45:00
2.5935;0.0;2024-08-31 07:00:00
2.507;0.0;2024-08-31 07:15:00
2.572;0.0;2024-08-31 07:30:00
2.685;0.0;2024-08-31 07:45:00
2.771;0.0;2024-08-31 08:00:00
3.637;0.0;2024-08-31 08:15:00
3.312;0.0;2024-08-31 08:30:00
2.187;0.003;2024-08-31 08:45:00
1.951;0.149583333333333;2024-08-31 09:00:00
2.2015;0.381083333333333;2024-08-31 09:15:00
2.2425;0.477333333333333;2024-08-31 09:30:00
3.842;1.66866666666667;2024-08-31 09:45:00
4.773;3.81858333333333;2024-08-31 10:00:00
4.4845;2.76541666666667;2024-08-31 10:15:00
4.6995;2.60808333333333;2024-08-31 10:30:00
2.9685;1.60958333333333;2024-08-31 10:45:00
4.7185;3.76325;2024-08-31 11:00:00
5.499;4.93541666666667;2024-08-31 11:15:00
4.587;3.07241666666667;2024-08-31 11:30:00
10.1825;3.19133333333333;2024-08-31 11:45:00
6.9765;6.85191666666667;2024-08-31 12:00:00
8.2525;7.8795;2024-08-31 12:15:00
10.0365;2.44958333333333;2024-08-31 12:30:00
7.673;6.12983333333333;2024-08-31 12:45:00
8.54;7.03883333333333;2024-08-31 13:00:00
12.601;5.39866666666667;2024-08-31 13:15:00
10.553;9.90591666666667;2024-08-31 13:30:00
12.59;12.4921666666667;2024-08-31 13:45:00
9.972;2.5545;2024-08-31 14:00:00
6.104;4.84058333333333;2024-08-31 14:15:00
8.642;5.69258333333333;2024-08-31 14:30:00
10.594;5.50933333333333;2024-08-31 14:45:00
9.437;8.675;2024-08-31 15:00:00
8.3035;6.90616666666667;2024-08-31 15:15:00
9.5735;9.05383333333333;2024-08-31 15:30:00
10.252;4.32216666666667;2024-08-31 15:45:00
9.026;8.38408333333333;2024-08-31 16:00:00
7.3445;3.43333333333333;2024-08-31 16:15:00
5.1295;4.22541666666667;2024-08-31 16:30:00
4.374;2.81191666666667;2024-08-31 16:45:00
5.468;2.50658333333333;2024-08-31 17:00:00
3.445;2.42366666666667;2024-08-31 17:15:00
3.963;2.89991666666667;2024-08-31 17:30:00
4.0665;3.08991666666667;2024-08-31 17:45:00
3.2745;2.00425;2024-08-31 18:00:00
2.779;0.489583333333333;2024-08-31 18:15:00
2.993;1.123;2024-08-31 18:30:00
2.4375;0.146333333333333;2024-08-31 18:45:00
2.0595;0.002;2024-08-31 19:00:00
2.384;0.0;2024-08-31 19:15:00
2.58;0.0;2024-08-31 19:30:00
2.8845;0.0;2024-08-31 19:45:00
2.9295;0.0;2024-08-31 20:00:00
2.8805;0.0;2024-08-31 20:15:00
2.9135;0.0;2024-08-31 20:30:00
2.386;0.0;2024-08-31 20:45:00
2.449;0.0;2024-08-31 21:00:00
2.5095;0.0;2024-08-31 21:15:00
2.3585;0.0;2024-08-31 21:30:00
2.5875;0.0;2024-08-31 21:45:00
2.6605;0.0;2024-08-31 22:00:00
2.896;0.0;2024-08-31 22:15:00
2.168;0.0;2024-08-31 22:30:00
2.5525;0.0;2024-08-31 22:45:00
3.3845;0.0;2024-08-31 23:00:00
2.8385;0.0;2024-08-31 23:15:00
2.8235;0.0;2024-08-31 23:30:00
2.4165;0.0;2024-08-31 23:45:00
1.4355;0.0;2024-08-10 00:00:00
1.5065;0.0;2024-08-10 00:15:00
1.4875;0.0;2024-08-10 00:30:00
1.4495;0.0;2024-08-10 00:45:00
1.4575;0.0;2024-08-10 01:00:00
1.502;0.0;2024-08-10 01:15:00
1.463;0.0;2024-08-10 01:30:00
1.4675;0.0;2024-08-10 01:45:00
1.4755;0.0;2024-08-10 02:00:00
1.5005;0.0;2024-08-10 02:15:00
1.4465;0.0;2024-08-10 02:30:00
1.463;0.0;2024-08-10 02:45:00
1.791;0.0;2024-08-10 03:00:00
1.8415;0.0;2024-08-10 03:15:00
1.4615;0.0;2024-08-10 03:30:00
1.57;0.0;2024-08-10 03:45:00
1.583;0.0;2024-08-10 04:00:00
1.6775;0.0;2024-08-10 04:15:00
5.2595;0.0;2024-08-10 04:30:00
7.1855;0.0;2024-08-10 04:45:00
10.7935;0.0;2024-08-10 05:00:00
11.3175;0.0;2024-08-10 05:15:00
11.0265;0.0;2024-08-10 05:30:00
16.908;0.0;2024-08-10 05:45:00
17.447;0.0;2024-08-10 06:00:00
14.0465;0.0;2024-08-10 06:15:00
16.8935;0.0;2024-08-10 06:30:00
13.5285;0.0;2024-08-10 06:45:00
9.3215;0.0;2024-08-10 07:00:00
23.7845;0.0181666666666667;2024-08-10 07:15:00
24.8455;0.116583333333333;2024-08-10 07:30:00
16.4125;0.429083333333333;2024-08-10 07:45:00
16.5655;0.879916666666667;2024-08-10 08:00:00
14.8685;1.19566666666667;2024-08-10 08:15:00
20.4195;1.8765;2024-08-10 08:30:00
21.887;1.48216666666667;2024-08-10 08:45:00
12.992;1.86241666666667;2024-08-10 09:00:00
10.196;1.51416666666667;2024-08-10 09:15:00
17.717;1.77583333333333;2024-08-10 09:30:00
26.831;3.27816666666667;2024-08-10 09:45:00
30.275;5.12683333333333;2024-08-10 10:00:00
21.969;3.19783333333333;2024-08-10 10:15:00
22.42;3.294;2024-08-10 10:30:00
18.051;3.39741666666667;2024-08-10 10:45:00
17.415;5.34183333333333;2024-08-10 11:00:00
18.627;6.29466666666667;2024-08-10 11:15:00
17.274;7.3085;2024-08-10 11:30:00
16.525;5.20975;2024-08-10 11:45:00
17.649;5.66108333333333;2024-08-10 12:00:00
17.381;10.2380833333333;2024-08-10 12:15:00
18.135;12.5533333333333;2024-08-10 12:30:00
11.792;7.98466666666667;2024-08-10 12:45:00
9.994;4.99641666666667;2024-08-10 13:00:00
9.1065;4.931;2024-08-10 13:15:00
6.9665;4.31625;2024-08-10 13:30:00
6.3855;3.67991666666667;2024-08-10 13:45:00
6.5795;4.08158333333333;2024-08-10 14:00:00
4.943;3.22916666666667;2024-08-10 14:15:00
3.676;1.89858333333333;2024-08-10 14:30:00
3.722;3.48658333333333;2024-08-10 14:45:00
3.007;1.63475;2024-08-10 15:00:00
3.5055;1.93666666666667;2024-08-10 15:15:00
5.5835;2.78625;2024-08-10 15:30:00
4.794;3.14766666666667;2024-08-10 15:45:00
4.975;3.14958333333333;2024-08-10 16:00:00
4.9285;3.19541666666667;2024-08-10 16:15:00
4.1045;2.61833333333333;2024-08-10 16:30:00
3.4175;2.38666666666667;2024-08-10 16:45:00
2.8185;1.85866666666667;2024-08-10 17:00:00
2.962;2.7285;2024-08-10 17:15:00
3.039;1.822;2024-08-10 17:30:00
3.0605;2.50716666666667;2024-08-10 17:45:00
2.9715;1.71383333333333;2024-08-10 18:00:00
2.5525;2.51516666666667;2024-08-10 18:15:00
2.7655;1.7655;2024-08-10 18:30:00
2.1045;1.31558333333333;2024-08-10 18:45:00
1.5765;0.888916666666667;2024-08-10 19:00:00
2.0635;0.62775;2024-08-10 19:15:00
1.4055;0.33975;2024-08-10 19:30:00
1.2975;0.100166666666667;2024-08-10 19:45:00
1.6445;0.0126666666666667;2024-08-10 20:00:00
1.67;0.0;2024-08-10 20:15:00
1.988;0.0;2024-08-10 20:30:00
2.0415;0.0;2024-08-10 20:45:00
1.9885;0.0;2024-08-10 21:00:00
2.0715;0.0;2024-08-10 21:15:00
2.0465;0.0;2024-08-10 21:30:00
2.112;0.0;2024-08-10 21:45:00
1.942;0.0;2024-08-10 22:00:00
2.2145;0.0;2024-08-10 22:15:00
2.4185;0.0;2024-08-10 22:30:00
1.826;0.0;2024-08-10 22:45:00
2.036;0.0;2024-08-10 23:00:00
2.2735;0.0;2024-08-10 23:15:00
2.0165;0.0;2024-08-10 23:30:00
2.0625;0.0;2024-08-10 23:45:00
2.1775;0.0;2024-08-09 00:00:00
2.432;0.0;2024-08-09 00:15:00
2.021;0.0;2024-08-09 00:30:00
2.041;0.0;2024-08-09 00:45:00
2.281;0.0;2024-08-09 01:00:00
1.982;0.0;2024-08-09 01:15:00
2.081;0.0;2024-08-09 01:30:00
2.335;0.0;2024-08-09 01:45:00
1.852;0.0;2024-08-09 02:00:00
2.3575;0.0;2024-08-09 02:15:00
2.2025;0.0;2024-08-09 02:30:00
1.808;0.0;2024-08-09 02:45:00
2.819;0.0;2024-08-09 03:00:00
1.976;0.0;2024-08-09 03:15:00
1.785;0.0;2024-08-09 03:30:00
2.6105;0.0;2024-08-09 03:45:00
1.7545;0.0;2024-08-09 04:00:00
2.3835;0.0;2024-08-09 04:15:00
4.0345;0.0;2024-08-09 04:30:00
12.0975;0.0;2024-08-09 04:45:00
19.8685;0.0;2024-08-09 05:00:00
30.5975;0.0;2024-08-09 05:15:00
38.5955;0.0;2024-08-09 05:30:00
41.179;0.0;2024-08-09 05:45:00
40.418;0.0;2024-08-09 06:00:00
41.611;0.0;2024-08-09 06:15:00
40.051;0.0;2024-08-09 06:30:00
38.379;0.0;2024-08-09 06:45:00
36.031;0.012;2024-08-09 07:00:00
42.9445;0.204833333333333;2024-08-09 07:15:00
48.0875;0.445583333333333;2024-08-09 07:30:00
40.509;1.03575;2024-08-09 07:45:00
38.189;0.9065;2024-08-09 08:00:00
36.714;1.33275;2024-08-09 08:15:00
39.441;1.57458333333333;2024-08-09 08:30:00
24.03;1.65958333333333;2024-08-09 08:45:00
13.482;1.38075;2024-08-09 09:00:00
18.478;1.1515;2024-08-09 09:15:00
36.76;1.42516666666667;2024-08-09 09:30:00
42.5045;1.6695;2024-08-09 09:45:00
39.8285;1.58683333333333;2024-08-09 10:00:00
37.905;2.23983333333333;2024-08-09 10:15:00
40.803;2.22116666666667;2024-08-09 10:30:00
39.716;3.09741666666667;2024-08-09 10:45:00
39.533;4.0765;2024-08-09 11:00:00
41.5155;5.36591666666667;2024-08-09 11:15:00
39.7065;5.10241666666667;2024-08-09 11:30:00
42.099;4.84625;2024-08-09 11:45:00
41.406;6.5275;2024-08-09 12:00:00
28.6635;4.55883333333333;2024-08-09 12:15:00
17.6215;3.23683333333333;2024-08-09 12:30:00
11.862;4.07391666666667;2024-08-09 12:45:00
10.188;4.46366666666667;2024-08-09 13:00:00
5.729;3.10725;2024-08-09 13:15:00
6.844;3.31566666666667;2024-08-09 13:30:00
5.6355;4.35316666666667;2024-08-09 13:45:00
5.3005;2.21183333333333;2024-08-09 14:00:00
6.153;3.13425;2024-08-09 14:15:00
5.254;3.77158333333333;2024-08-09 14:30:00
4.609;1.76866666666667;2024-08-09 14:45:00
4.897;1.25266666666667;2024-08-09 15:00:00
4.891;2.35066666666667;2024-08-09 15:15:00
5.49;4.51191666666667;2024-08-09 15:30:00
5.4375;3.06958333333333;2024-08-09 15:45:00
5.4995;4.03533333333333;2024-08-09 16:00:00
6.683;6.13816666666667;2024-08-09 16:15:00
7.852;5.11416666666667;2024-08-09 16:30:00
6.1905;3.31341666666667;2024-08-09 16:45:00
3.6945;2.18216666666667;2024-08-09 17:00:00
3.6345;2.44141666666667;2024-08-09 17:15:00
4.2835;4.27916666666667;2024-08-09 17:30:00
3.678;2.04716666666667;2024-08-09 17:45:00
3.307;2.73833333333333;2024-08-09 18:00:00
2.478;1.37841666666667;2024-08-09 18:15:00
2.413;1.54833333333333;2024-08-09 18:30:00
2.498;0.927833333333333;2024-08-09 18:45:00
1.978;0.686916666666667;2024-08-09 19:00:00
1.7275;0.389166666666667;2024-08-09 19:15:00
1.7455;0.247666666666667;2024-08-09 19:30:00
2.067;0.0930833333333333;2024-08-09 19:45:00
1.763;0.00933333333333333;2024-08-09 20:00:00
1.5655;0.0;2024-08-09 20:15:00
2.9965;0.0;2024-08-09 20:30:00
1.873;0.0;2024-08-09 20:45:00
1.814;0.0;2024-08-09 21:00:00
2.7725;0.0;2024-08-09 21:15:00
2.5685;0.0;2024-08-09 21:30:00
2.4335;0.0;2024-08-09 21:45:00
2.1255;0.0;2024-08-09 22:00:00
2.787;0.0;2024-08-09 22:15:00
2.27;0.0;2024-08-09 22:30:00
2.1685;0.0;2024-08-09 22:45:00
3.1335;0.0;2024-08-09 23:00:00
2.0135;0.0;2024-08-09 23:15:00
1.9805;0.0;2024-08-09 23:30:00
3.4995;0.0;2024-08-09 23:45:00
2.2525;0.0;2024-08-26 00:00:00
3.0565;0.0;2024-08-26 00:15:00
2.5335;0.0;2024-08-26 00:30:00
2.621;0.0;2024-08-26 00:45:00
3.275;0.0;2024-08-26 01:00:00
2.7875;0.0;2024-08-26 01:15:00
2.7405;0.0;2024-08-26 01:30:00
2.648;0.0;2024-08-26 01:45:00
3.139;0.0;2024-08-26 02:00:00
2.664;0.0;2024-08-26 02:15:00
2.301;0.0;2024-08-26 02:30:00
3.384;0.0;2024-08-26 02:45:00
2.851;0.0;2024-08-26 03:00:00
2.3845;0.0;2024-08-26 03:15:00
3.6015;0.0;2024-08-26 03:30:00
2.7075;0.0;2024-08-26 03:45:00
2.3845;0.0;2024-08-26 04:00:00
3.149;0.0;2024-08-26 04:15:00
2.713;0.0;2024-08-26 04:30:00
2.6615;0.0;2024-08-26 04:45:00
3.0625;0.0;2024-08-26 05:00:00
3.0265;0.0;2024-08-26 05:15:00
3.6685;0.0;2024-08-26 05:30:00
7.1615;0.0;2024-08-26 05:45:00
16.4665;0.0;2024-08-26 06:00:00
32.5615;0.0;2024-08-26 06:15:00
33.3085;0.0;2024-08-26 06:30:00
38.1245;0.0;2024-08-26 06:45:00
41.3825;0.0;2024-08-26 07:00:00
37.3435;0.0;2024-08-26 07:15:00
36.9715;0.0;2024-08-26 07:30:00
33.1375;0.0;2024-08-26 07:45:00
36.2115;0.0;2024-08-26 08:00:00
39.2895;0.0;2024-08-26 08:15:00
41.4055;0.0;2024-08-26 08:30:00
40.394;0.0;2024-08-26 08:45:00
39.714;0.0;2024-08-26 09:00:00
43.7325;0.0;2024-08-26 09:15:00
40.9075;0.0;2024-08-26 09:30:00
35.7175;0.0;2024-08-26 09:45:00
35.1955;0.8;2024-08-26 10:00:00
32.2135;7.234;2024-08-26 10:15:00
34.8975;1.55825;2024-08-26 10:30:00
35.4015;4.56908333333333;2024-08-26 10:45:00
37.1275;6.07408333333333;2024-08-26 11:00:00
39.5445;7.00266666666667;2024-08-26 11:15:00
43.3295;4.8835;2024-08-26 11:30:00
44.0935;16.2501666666667;2024-08-26 11:45:00
40.3435;12.4984166666667;2024-08-26 12:00:00
42.1005;16.5423333333333;2024-08-26 12:15:00
44.2325;6.66358333333333;2024-08-26 12:30:00
46.087;17.5351666666667;2024-08-26 12:45:00
45.477;15.1018333333333;2024-08-26 13:00:00
38.5;17.9300833333333;2024-08-26 13:15:00
30.248;15.8338333333333;2024-08-26 13:30:00
6.351;12.4256666666667;2024-08-26 13:45:00
2.477;14.0965833333333;2024-08-26 14:00:00
2.5355;3.55633333333333;2024-08-26 14:15:00
2.9735;6.938;2024-08-26 14:30:00
2.199;15.055;2024-08-26 14:45:00
2.061;11.68425;2024-08-26 15:00:00
2.492;14.29125;2024-08-26 15:15:00
2.327;11.4781666666667;2024-08-26 15:30:00
2.0345;12.2486666666667;2024-08-26 15:45:00
2.5155;8.5795;2024-08-26 16:00:00
1.8185;10.7206666666667;2024-08-26 16:15:00
1.7215;6.81258333333333;2024-08-26 16:30:00
2.217;4.94708333333333;2024-08-26 16:45:00
1.842;2.18458333333333;2024-08-26 17:00:00
1.9075;2.70108333333333;2024-08-26 17:15:00
2.1415;1.77966666666667;2024-08-26 17:30:00
1.697;1.63716666666667;2024-08-26 17:45:00
2.229;1.41466666666667;2024-08-26 18:00:00
2.175;0.737166666666667;2024-08-26 18:15:00
1.633;0.16225;2024-08-26 18:30:00
1.99;0.00591666666666667;2024-08-26 18:45:00
1.905;0.0;2024-08-26 19:00:00
1.2025;0.0;2024-08-26 19:15:00
1.6925;0.0;2024-08-26 19:30:00
2.1925;0.0;2024-08-26 19:45:00
1.9705;0.0;2024-08-26 20:00:00
2.9325;0.0;2024-08-26 20:15:00
2.9625;0.0;2024-08-26 20:30:00
2.508;0.0;2024-08-26 20:45:00
3.023;0.0;2024-08-26 21:00:00
2.6455;0.0;2024-08-26 21:15:00
2.0765;0.0;2024-08-26 21:30:00
2.4445;0.0;2024-08-26 21:45:00
2.4705;0.0;2024-08-26 22:00:00
2.0315;0.0;2024-08-26 22:15:00
2.6755;0.0;2024-08-26 22:30:00
2.617;0.0;2024-08-26 22:45:00
2.04;0.0;2024-08-26 23:00:00
2.437;0.0;2024-08-26 23:15:00
2.692;0.0;2024-08-26 23:30:00
1.998;0.0;2024-08-26 23:45:00
2.994;0.0;2024-09-19 00:00:00
3.5175;0.0;2024-09-19 00:15:00
3.3475;0.0;2024-09-19 00:30:00
3.05;0.0;2024-09-19 00:45:00
3.18;0.0;2024-09-19 01:00:00
3.605;0.0;2024-09-19 01:15:00
3.248;0.0;2024-09-19 01:30:00
3.183;0.0;2024-09-19 01:45:00
3.329;0.0;2024-09-19 02:00:00
3.4075;0.0;2024-09-19 02:15:00
3.3885;0.0;2024-09-19 02:30:00
3.096;0.0;2024-09-19 02:45:00
3.616;0.0;2024-09-19 03:00:00
3.3;0.0;2024-09-19 03:15:00
3.293;0.0;2024-09-19 03:30:00
3.838;0.0;2024-09-19 03:45:00
3.779;0.0;2024-09-19 04:00:00
3.3595;0.0;2024-09-19 04:15:00
3.1775;0.0;2024-09-19 04:30:00
3.371;0.0;2024-09-19 04:45:00
3.344;0.0;2024-09-19 05:00:00
3.285;0.0;2024-09-19 05:15:00
5.946;0.0;2024-09-19 05:30:00
8.04;0.0;2024-09-19 05:45:00
10.036;0.0;2024-09-19 06:00:00
19.8455;0.0;2024-09-19 06:15:00
31.6925;0.0;2024-09-19 06:30:00
29.5925;0.0;2024-09-19 06:45:00
29.1055;0.0;2024-09-19 07:00:00
27.729;0.0;2024-09-19 07:15:00
26.736;0.0;2024-09-19 07:30:00
26.4845;0.0;2024-09-19 07:45:00
28.7495;0.0;2024-09-19 08:00:00
32.15;0.0;2024-09-19 08:15:00
33.401;0.0;2024-09-19 08:30:00
35.4435;0.0;2024-09-19 08:45:00
36.7895;0.0;2024-09-19 09:00:00
31.04;0.0563333333333333;2024-09-19 09:15:00
32.313;0.349333333333333;2024-09-19 09:30:00
35.2215;0.79375;2024-09-19 09:45:00
29.3815;1.25458333333333;2024-09-19 10:00:00
29.421;1.60175;2024-09-19 10:15:00
32.99;1.65033333333333;2024-09-19 10:30:00
38.8575;1.78191666666667;2024-09-19 10:45:00
37.2415;2.82075;2024-09-19 11:00:00
33.9515;3.51991666666667;2024-09-19 11:15:00
31.8285;3.66875;2024-09-19 11:30:00
42.764;4.35125;2024-09-19 11:45:00
38.298;4.036;2024-09-19 12:00:00
34.3925;2.54575;2024-09-19 12:15:00
32.1745;1.4655;2024-09-19 12:30:00
25.993;1.23925;2024-09-19 12:45:00
16.948;2.13108333333333;2024-09-19 13:00:00
17.4595;3.31583333333333;2024-09-19 13:15:00
16.3385;5.29225;2024-09-19 13:30:00
12.8545;6.26916666666667;2024-09-19 13:45:00
9.4135;6.00766666666667;2024-09-19 14:00:00
6.398;5.73358333333333;2024-09-19 14:15:00
7.322;6.812;2024-09-19 14:30:00
8.625;3.18816666666667;2024-09-19 14:45:00
8.541;2.87366666666667;2024-09-19 15:00:00
6.746;5.06575;2024-09-19 15:15:00
6.403;3.50575;2024-09-19 15:30:00
7.808;6.69708333333333;2024-09-19 15:45:00
6.444;5.14041666666667;2024-09-19 16:00:00
5.553;3.95308333333333;2024-09-19 16:15:00
4.99;2.51216666666667;2024-09-19 16:30:00
3.569;0.72975;2024-09-19 16:45:00
4.044;1.2015;2024-09-19 17:00:00
3.9145;1.27925;2024-09-19 17:15:00
3.9275;0.770166666666667;2024-09-19 17:30:00
3.5245;0.314166666666667;2024-09-19 17:45:00
3.8225;0.0948333333333333;2024-09-19 18:00:00
3.97;0.00308333333333333;2024-09-19 18:15:00
3.75;0.0;2024-09-19 18:30:00
4.4405;0.0;2024-09-19 18:45:00
4.8685;0.0;2024-09-19 19:00:00
4.097;0.0;2024-09-19 19:15:00
3.598;0.0;2024-09-19 19:30:00
3.0185;0.0;2024-09-19 19:45:00
3.1615;0.0;2024-09-19 20:00:00
3.0675;0.0;2024-09-19 20:15:00
3.0625;0.0;2024-09-19 20:30:00
2.7945;0.0;2024-09-19 20:45:00
2.8105;0.0;2024-09-19 21:00:00
2.992;0.0;2024-09-19 21:15:00
2.617;0.0;2024-09-19 21:30:00
3.0955;0.0;2024-09-19 21:45:00
3.0455;0.0;2024-09-19 22:00:00
2.7605;0.0;2024-09-19 22:15:00
2.6055;0.0;2024-09-19 22:30:00
2.9515;0.0;2024-09-19 22:45:00
2.6485;0.0;2024-09-19 23:00:00
2.833;0.0;2024-09-19 23:15:00
3.299;0.0;2024-09-19 23:30:00
2.849;0.0;2024-09-19 23:45:00
1.676;0.0;2024-09-30 00:00:00
1.8125;0.0;2024-09-30 00:15:00
1.7985;0.0;2024-09-30 00:30:00
1.53;0.0;2024-09-30 00:45:00
1.533;0.0;2024-09-30 01:00:00
1.6535;0.0;2024-09-30 01:15:00
1.5185;0.0;2024-09-30 01:30:00
1.659;0.0;2024-09-30 01:45:00
1.453;0.0;2024-09-30 02:00:00
1.7355;0.0;2024-09-30 02:15:00
1.4455;0.0;2024-09-30 02:30:00
1.711;0.0;2024-09-30 02:45:00
1.482;0.0;2024-09-30 03:00:00
1.6165;0.0;2024-09-30 03:15:00
1.5495;0.0;2024-09-30 03:30:00
1.626;0.0;2024-09-30 03:45:00
1.579;0.0;2024-09-30 04:00:00
1.5675;0.0;2024-09-30 04:15:00
4.0285;0.0;2024-09-30 04:30:00
8.6725;0.0;2024-09-30 04:45:00
9.9465;0.0;2024-09-30 05:00:00
27.885;0.0;2024-09-30 05:15:00
35.323;0.0;2024-09-30 05:30:00
34.499;0.0;2024-09-30 05:45:00
35.004;0.0;2024-09-30 06:00:00
33.0895;0.0;2024-09-30 06:15:00
35.6045;0.0;2024-09-30 06:30:00
32.2755;0.0;2024-09-30 06:45:00
35.3595;0.0;2024-09-30 07:00:00
35.0655;0.0;2024-09-30 07:15:00
34.4085;0.068;2024-09-30 07:30:00
36.167;0.747666666666667;2024-09-30 07:45:00
37.104;1.4615;2024-09-30 08:00:00
40.452;1.37875;2024-09-30 08:15:00
38.407;0.583666666666667;2024-09-30 08:30:00
35.355;0.380833333333333;2024-09-30 08:45:00
31.573;0.81475;2024-09-30 09:00:00
31.365;1.18266666666667;2024-09-30 09:15:00
35.387;1.63458333333333;2024-09-30 09:30:00
37.6905;1.984;2024-09-30 09:45:00
33.6605;1.86933333333333;2024-09-30 10:00:00
37.4825;1.96883333333333;2024-09-30 10:15:00
36.9875;2.257;2024-09-30 10:30:00
36.5275;2.28558333333333;2024-09-30 10:45:00
34.7695;1.76866666666667;2024-09-30 11:00:00
33.858;1.19491666666667;2024-09-30 11:15:00
35.254;0.831416666666667;2024-09-30 11:30:00
34.392;0.718;2024-09-30 11:45:00
32.14;1.73858333333333;2024-09-30 12:00:00
35.0845;2.66016666666667;2024-09-30 12:15:00
23.8865;3.06175;2024-09-30 12:30:00
8.858;3.8795;2024-09-30 12:45:00
6.043;5.09725;2024-09-30 13:00:00
5.0115;2.517;2024-09-30 13:15:00
4.9535;4.80575;2024-09-30 13:30:00
4.165;2.04266666666667;2024-09-30 13:45:00
4.216;2.30208333333333;2024-09-30 14:00:00
4.692;2.28591666666667;2024-09-30 14:15:00
4.399;2.53316666666667;2024-09-30 14:30:00
4.3275;2.267;2024-09-30 14:45:00
4.8895;2.51975;2024-09-30 15:00:00
4.1725;2.30408333333333;2024-09-30 15:15:00
4.2115;2.37958333333333;2024-09-30 15:30:00
4.4505;2.21241666666667;2024-09-30 15:45:00
3.9225;2.27825;2024-09-30 16:00:00
3.666;1.79825;2024-09-30 16:15:00
3.854;3.44875;2024-09-30 16:30:00
3.1155;2.78916666666667;2024-09-30 16:45:00
2.8685;2.24316666666667;2024-09-30 17:00:00
3.03;1.42591666666667;2024-09-30 17:15:00
2.311;1.34833333333333;2024-09-30 17:30:00
2.382;1.02366666666667;2024-09-30 17:45:00
2.309;0.9205;2024-09-30 18:00:00
1.7815;0.871333333333333;2024-09-30 18:15:00
1.4685;0.58425;2024-09-30 18:30:00
2.3295;0.4605;2024-09-30 18:45:00
1.5595;0.315583333333333;2024-09-30 19:00:00
1.721;0.168833333333333;2024-09-30 19:15:00
1.656;0.0928333333333333;2024-09-30 19:30:00
1.392;0.0281666666666667;2024-09-30 19:45:00
1.955;0.0;2024-09-30 20:00:00
2.0685;0.0;2024-09-30 20:15:00
2.3475;0.0;2024-09-30 20:30:00
2.0185;0.0;2024-09-30 20:45:00
2.0435;0.0;2024-09-30 21:00:00
2.1735;0.0;2024-09-30 21:15:00
2.3445;0.0;2024-09-30 21:30:00
1.887;0.0;2024-09-30 21:45:00
2.238;0.0;2024-09-30 22:00:00
2.5335;0.0;2024-09-30 22:15:00
2.0525;0.0;2024-09-30 22:30:00
2.1775;0.0;2024-09-30 22:45:00
2.3595;0.0;2024-09-30 23:00:00
1.9965;0.0;2024-09-30 23:15:00
2.1985;0.0;2024-09-30 23:30:00
2.323;0.0;2024-09-30 23:45:00
1.5895;0.0;2024-09-27 00:00:00
1.77;0.0;2024-09-27 00:15:00
1.788;0.0;2024-09-27 00:30:00
1.609;0.0;2024-09-27 00:45:00
1.562;0.0;2024-09-27 01:00:00
1.5975;0.0;2024-09-27 01:15:00
1.6105;0.0;2024-09-27 01:30:00
1.5645;0.0;2024-09-27 01:45:00
1.6235;0.0;2024-09-27 02:00:00
1.5775;0.0;2024-09-27 02:15:00
1.6055;0.0;2024-09-27 02:30:00
1.5835;0.0;2024-09-27 02:45:00
1.6015;0.0;2024-09-27 03:00:00
1.817;0.0;2024-09-27 03:15:00
1.745;0.0;2024-09-27 03:30:00
1.6055;0.0;2024-09-27 03:45:00
1.5945;0.0;2024-09-27 04:00:00
1.738;0.0;2024-09-27 04:15:00
2.617;0.0;2024-09-27 04:30:00
8.151;0.0;2024-09-27 04:45:00
8.855;0.0;2024-09-27 05:00:00
13.217;0.0;2024-09-27 05:15:00
13.984;0.0;2024-09-27 05:30:00
15.0415;0.0;2024-09-27 05:45:00
17.1125;0.0;2024-09-27 06:00:00
15.067;0.0;2024-09-27 06:15:00
16.448;0.0240833333333333;2024-09-27 06:30:00
31.6665;0.138416666666667;2024-09-27 06:45:00
34.3495;0.384333333333333;2024-09-27 07:00:00
26.7935;0.813916666666667;2024-09-27 07:15:00
27.1275;1.35258333333333;2024-09-27 07:30:00
26.8685;2.12025;2024-09-27 07:45:00
25.6245;2.8905;2024-09-27 08:00:00
25.71;3.77191666666667;2024-09-27 08:15:00
26.513;4.59675;2024-09-27 08:30:00
25.8495;5.53008333333333;2024-09-27 08:45:00
23.9185;6.37441666666667;2024-09-27 09:00:00
24.8875;7.24816666666667;2024-09-27 09:15:00
30.7665;7.98483333333333;2024-09-27 09:30:00
36.264;8.78925;2024-09-27 09:45:00
31.074;9.40633333333333;2024-09-27 10:00:00
25.946;10.1314166666667;2024-09-27 10:15:00
27.343;10.7393333333333;2024-09-27 10:30:00
27.069;11.36575;2024-09-27 10:45:00
27.726;11.8706666666667;2024-09-27 11:00:00
29.1335;12.4066666666667;2024-09-27 11:15:00
28.4875;12.7904166666667;2024-09-27 11:30:00
29.814;13.2250833333333;2024-09-27 11:45:00
30.709;13.5976666666667;2024-09-27 12:00:00
28.887;13.8938333333333;2024-09-27 12:15:00
24.909;14.10675;2024-09-27 12:30:00
16.7745;14.2863333333333;2024-09-27 12:45:00
14.2435;6.94025;2024-09-27 13:00:00
11.636;6.98041666666667;2024-09-27 13:15:00
10.843;7.00941666666667;2024-09-27 13:30:00
10.8945;7.02916666666667;2024-09-27 13:45:00
10.1155;6.94225;2024-09-27 14:00:00
9.221;6.95466666666667;2024-09-27 14:15:00
8.882;6.84716666666667;2024-09-27 14:30:00
8.571;6.75991666666667;2024-09-27 14:45:00
8.517;6.65291666666667;2024-09-27 15:00:00
8.212;6.45525;2024-09-27 15:15:00
8.049;6.28466666666667;2024-09-27 15:30:00
7.7595;6.06633333333333;2024-09-27 15:45:00
7.4585;5.823;2024-09-27 16:00:00
8.842;5.54316666666667;2024-09-27 16:15:00
7.243;5.29041666666667;2024-09-27 16:30:00
6.5085;4.98041666666667;2024-09-27 16:45:00
6.2465;4.63741666666667;2024-09-27 17:00:00
5.674;4.318;2024-09-27 17:15:00
5.031;3.93908333333333;2024-09-27 17:30:00
4.618;3.54991666666667;2024-09-27 17:45:00
4.337;3.15441666666667;2024-09-27 18:00:00
3.988;2.755;2024-09-27 18:15:00
3.333;2.32841666666667;2024-09-27 18:30:00
2.964;1.89758333333333;2024-09-27 18:45:00
2.695;1.47641666666667;2024-09-27 19:00:00
2.247;2.13891666666667;2024-09-27 19:15:00
1.799;1.45025;2024-09-27 19:30:00
1.677;0.84225;2024-09-27 19:45:00
1.26;0.46825;2024-09-27 20:00:00
1.0185;0.236916666666667;2024-09-27 20:15:00
0.9605;0.10625;2024-09-27 20:30:00
0.829;0.00916666666666667;2024-09-27 20:45:00
0.835;0.0;2024-09-27 21:00:00
1.3995;0.0;2024-09-27 21:15:00
1.4745;0.0;2024-09-27 21:30:00
1.5715;0.0;2024-09-27 21:45:00
1.7505;0.0;2024-09-27 22:00:00
1.464;0.0;2024-09-27 22:15:00
1.448;0.0;2024-09-27 22:30:00
1.4535;0.0;2024-09-27 22:45:00
1.4465;0.0;2024-09-27 23:00:00
1.4725;0.0;2024-09-27 23:15:00
1.5395;0.0;2024-09-27 23:30:00
1.5855;0.0;2024-09-27 23:45:00
1.7075;0.0;2024-09-02 00:00:00
1.513;0.0;2024-09-02 00:15:00
1.73;0.0;2024-09-02 00:30:00
1.901;0.0;2024-09-02 00:45:00
1.683;0.0;2024-09-02 01:00:00
1.706;0.0;2024-09-02 01:15:00
1.75;0.0;2024-09-02 01:30:00
1.519;0.0;2024-09-02 01:45:00
1.675;0.0;2024-09-02 02:00:00
1.4625;0.0;2024-09-02 02:15:00
1.7325;0.0;2024-09-02 02:30:00
1.499;0.0;2024-09-02 02:45:00
1.723;0.0;2024-09-02 03:00:00
1.6035;0.0;2024-09-02 03:15:00
1.6675;0.0;2024-09-02 03:30:00
1.5395;0.0;2024-09-02 03:45:00
1.9285;0.0;2024-09-02 04:00:00
2.9655;0.0;2024-09-02 04:15:00
7.3155;0.0;2024-09-02 04:30:00
7.811;0.0;2024-09-02 04:45:00
6.664;0.0;2024-09-02 05:00:00
7.9475;0.0;2024-09-02 05:15:00
8.2645;0.0;2024-09-02 05:30:00
15.8155;0.0;2024-09-02 05:45:00
18.4645;0.0;2024-09-02 06:00:00
24.5535;0.0;2024-09-02 06:15:00
23.3115;0.0;2024-09-02 06:30:00
23.669;0.0;2024-09-02 06:45:00
22.754;0.10825;2024-09-02 07:00:00
22.2995;0.3755;2024-09-02 07:15:00
21.6625;0.746333333333333;2024-09-02 07:30:00
22.255;1.39766666666667;2024-09-02 07:45:00
23.13;2.15708333333333;2024-09-02 08:00:00
28.6635;3.08941666666667;2024-09-02 08:15:00
35.8245;3.87883333333333;2024-09-02 08:30:00
16.5825;4.88383333333333;2024-09-02 08:45:00
13.9285;5.85908333333333;2024-09-02 09:00:00
17.914;6.7975;2024-09-02 09:15:00
31.787;7.55708333333333;2024-09-02 09:30:00
38.919;8.38383333333333;2024-09-02 09:45:00
39.245;9.11166666666667;2024-09-02 10:00:00
16.7965;9.81958333333333;2024-09-02 10:15:00
16.6575;10.51725;2024-09-02 10:30:00
18.1635;11.1761666666667;2024-09-02 10:45:00
25.5265;11.669;2024-09-02 11:00:00
21.925;11.9795;2024-09-02 11:15:00
18.256;12.5218333333333;2024-09-02 11:30:00
18.1405;12.8971666666667;2024-09-02 11:45:00
18.5165;13.3080833333333;2024-09-02 12:00:00
18.1315;13.4369166666667;2024-09-02 12:15:00
16.9515;13.5295;2024-09-02 12:30:00
16.061;13.7948333333333;2024-09-02 12:45:00
11.163;6.68008333333333;2024-09-02 13:00:00
10.1815;6.62141666666667;2024-09-02 13:15:00
10.0245;6.66741666666667;2024-09-02 13:30:00
9.6515;6.73791666666667;2024-09-02 13:45:00
8.9865;6.68;2024-09-02 14:00:00
8.8435;6.09433333333333;2024-09-02 14:15:00
8.8095;6.34458333333333;2024-09-02 14:30:00
8.481;6.517;2024-09-02 14:45:00
7.886;5.58608333333333;2024-09-02 15:00:00
7.5465;3.5665;2024-09-02 15:15:00
8.2645;6.06075;2024-09-02 15:30:00
6.4225;3.20083333333333;2024-09-02 15:45:00
5.2665;2.87483333333333;2024-09-02 16:00:00
5.619;3.8255;2024-09-02 16:15:00
6.586;5.45933333333333;2024-09-02 16:30:00
5.448;3.59075;2024-09-02 16:45:00
4.466;2.86566666666667;2024-09-02 17:00:00
4.227;2.29741666666667;2024-09-02 17:15:00
4.945;4.3755;2024-09-02 17:30:00
3.0285;2.64275;2024-09-02 17:45:00
3.2475;1.44283333333333;2024-09-02 18:00:00
2.8085;1.505;2024-09-02 18:15:00
2.8775;2.82525;2024-09-02 18:30:00
2.469;1.78558333333333;2024-09-02 18:45:00
2.114;1.62383333333333;2024-09-02 19:00:00
2.5895;1.92333333333333;2024-09-02 19:15:00
2.0585;1.22616666666667;2024-09-02 19:30:00
1.446;0.575666666666667;2024-09-02 19:45:00
1.273;0.2135;2024-09-02 20:00:00
1.618;0.0173333333333333;2024-09-02 20:15:00
1.263;0.0;2024-09-02 20:30:00
2.2635;0.0;2024-09-02 20:45:00
2.0835;0.0;2024-09-02 21:00:00
1.7915;0.0;2024-09-02 21:15:00
1.8095;0.0;2024-09-02 21:30:00
2.285;0.0;2024-09-02 21:45:00
1.823;0.0;2024-09-02 22:00:00
2.0505;0.0;2024-09-02 22:15:00
2.0325;0.0;2024-09-02 22:30:00
1.799;0.0;2024-09-02 22:45:00
1.854;0.0;2024-09-02 23:00:00
2.5945;0.0;2024-09-02 23:15:00
1.8615;0.0;2024-09-02 23:30:00
2.03;0.0;2024-09-02 23:45:00
1.3045;0.0;2024-09-05 00:00:00
1.5905;0.0;2024-09-05 00:15:00
1.3405;0.0;2024-09-05 00:30:00
1.3195;0.0;2024-09-05 00:45:00
1.5355;0.0;2024-09-05 01:00:00
1.3085;0.0;2024-09-05 01:15:00
1.5585;0.0;2024-09-05 01:30:00
1.268;0.0;2024-09-05 01:45:00
1.474;0.0;2024-09-05 02:00:00
1.3715;0.0;2024-09-05 02:15:00
1.3965;0.0;2024-09-05 02:30:00
2.021;0.0;2024-09-05 02:45:00
1.695;0.0;2024-09-05 03:00:00
2.186;0.0;2024-09-05 03:15:00
1.906;0.0;2024-09-05 03:30:00
2.0215;0.0;2024-09-05 03:45:00
1.8875;0.0;2024-09-05 04:00:00
2.005;0.0;2024-09-05 04:15:00
2.062;0.0;2024-09-05 04:30:00
1.676;0.0;2024-09-05 04:45:00
2.145;0.0;2024-09-05 05:00:00
2.1925;0.0;2024-09-05 05:15:00
1.6945;0.0;2024-09-05 05:30:00
2.09;0.0;2024-09-05 05:45:00
2.483;0.0;2024-09-05 06:00:00
1.7805;0.0;2024-09-05 06:15:00
1.8615;0.0;2024-09-05 06:30:00
2.5125;0.0;2024-09-05 06:45:00
2.2945;0.0;2024-09-05 07:00:00
1.91;0.0;2024-09-05 07:15:00
2.261;0.0;2024-09-05 07:30:00
2.178;0.0735;2024-09-05 07:45:00
1.697;0.292916666666667;2024-09-05 08:00:00
2.2045;0.861083333333333;2024-09-05 08:15:00
2.0915;1.42791666666667;2024-09-05 08:30:00
1.166;2.98166666666667;2024-09-05 08:45:00
1.361;3.28058333333333;2024-09-05 09:00:00
1.7655;5.82733333333333;2024-09-05 09:15:00
1.2675;5.6785;2024-09-05 09:30:00
1.2355;8.64541666666667;2024-09-05 09:45:00
1.7825;7.41616666666667;2024-09-05 10:00:00
1.276;10.859;2024-09-05 10:15:00
1.15;8.92208333333333;2024-09-05 10:30:00
1.8465;10.9035;2024-09-05 10:45:00
1.6895;10.5910833333333;2024-09-05 11:00:00
1.131;14.364;2024-09-05 11:15:00
1.071;11.6989166666667;2024-09-05 11:30:00
1.3465;15.4159166666667;2024-09-05 11:45:00
1.0285;12.4175833333333;2024-09-05 12:00:00
0.787;16.1600833333333;2024-09-05 12:15:00
0.82;12.0906666666667;2024-09-05 12:30:00
0.6345;14.7039166666667;2024-09-05 12:45:00
0.8665;12.7400833333333;2024-09-05 13:00:00
0.661;16.8344166666667;2024-09-05 13:15:00
0.948;11.444;2024-09-05 13:30:00
0.928;14.8228333333333;2024-09-05 13:45:00
0.919;11.73325;2024-09-05 14:00:00
0.782;13.5115833333333;2024-09-05 14:15:00
0.79;7.9235;2024-09-05 14:30:00
0.709;12.5430833333333;2024-09-05 14:45:00
0.748;10.8473333333333;2024-09-05 15:00:00
0.698;14.1233333333333;2024-09-05 15:15:00
1.02;9.27633333333333;2024-09-05 15:30:00
0.9365;9.31841666666667;2024-09-05 15:45:00
0.8105;5.90775;2024-09-05 16:00:00
0.666;6.98341666666667;2024-09-05 16:15:00
0.713;6.11433333333333;2024-09-05 16:30:00
0.7765;5.44366666666667;2024-09-05 16:45:00
0.7395;3.55825;2024-09-05 17:00:00
0.7075;3.27758333333333;2024-09-05 17:15:00
0.7805;1.75216666666667;2024-09-05 17:30:00
0.916;1.78583333333333;2024-09-05 17:45:00
0.965;0.973416666666667;2024-09-05 18:00:00
0.833;0.742083333333333;2024-09-05 18:15:00
0.768;0.172583333333333;2024-09-05 18:30:00
0.726;0.00216666666666667;2024-09-05 18:45:00
0.748;0.0;2024-09-05 19:00:00
0.7445;0.0;2024-09-05 19:15:00
0.7075;0.0;2024-09-05 19:30:00
0.8785;0.0;2024-09-05 19:45:00
1.2725;0.0;2024-09-05 20:00:00
1.763;0.0;2024-09-05 20:15:00
1.314;0.0;2024-09-05 20:30:00
1.483;0.0;2024-09-05 20:45:00
1.29;0.0;2024-09-05 21:00:00
1.4815;0.0;2024-09-05 21:15:00
1.2755;0.0;2024-09-05 21:30:00
1.765;0.0;2024-09-05 21:45:00
1.725;0.0;2024-09-05 22:00:00
1.738;0.0;2024-09-05 22:15:00
1.881;0.0;2024-09-05 22:30:00
1.702;0.0;2024-09-05 22:45:00
1.849;0.0;2024-09-05 23:00:00
1.653;0.0;2024-09-05 23:15:00
1.937;0.0;2024-09-05 23:30:00
1.694;0.0;2024-09-05 23:45:00
2.4145;0.0;2024-09-09 00:00:00
2.3685;0.0;2024-09-09 00:15:00
2.7515;0.0;2024-09-09 00:30:00
3.159;0.0;2024-09-09 00:45:00
2.459;0.0;2024-09-09 01:00:00
2.8265;0.0;2024-09-09 01:15:00
2.8185;0.0;2024-09-09 01:30:00
2.5875;0.0;2024-09-09 01:45:00
2.6935;0.0;2024-09-09 02:00:00
2.394;0.0;2024-09-09 02:15:00
2.369;0.0;2024-09-09 02:30:00
3.0415;0.0;2024-09-09 02:45:00
2.6295;0.0;2024-09-09 03:00:00
2.6485;0.0;2024-09-09 03:15:00
2.6585;0.0;2024-09-09 03:30:00
2.3705;0.0;2024-09-09 03:45:00
2.8635;0.0;2024-09-09 04:00:00
2.3295;0.0;2024-09-09 04:15:00
2.7995;0.0;2024-09-09 04:30:00
7.392;0.0;2024-09-09 04:45:00
9.859;0.0;2024-09-09 05:00:00
25.1245;0.0;2024-09-09 05:15:00
35.0035;0.0;2024-09-09 05:30:00
31.0825;0.0;2024-09-09 05:45:00
34.9925;0.0;2024-09-09 06:00:00
35.372;0.0;2024-09-09 06:15:00
37.667;0.0;2024-09-09 06:30:00
34.494;0.0;2024-09-09 06:45:00
34.413;0.0;2024-09-09 07:00:00
32.179;0.0;2024-09-09 07:15:00
30.389;0.0;2024-09-09 07:30:00
34.1745;0.0;2024-09-09 07:45:00
33.1055;0.0;2024-09-09 08:00:00
32.747;0.0;2024-09-09 08:15:00
28.754;0.0;2024-09-09 08:30:00
11.691;0.0;2024-09-09 08:45:00
11.027;0.449;2024-09-09 09:00:00
15.561;1.96533333333333;2024-09-09 09:15:00
34.988;5.74333333333333;2024-09-09 09:30:00
40.218;5.129;2024-09-09 09:45:00
38.895;7.637;2024-09-09 10:00:00
38.068;8.73358333333333;2024-09-09 10:15:00
37.166;5.43191666666667;2024-09-09 10:30:00
32.7145;4.02258333333333;2024-09-09 10:45:00
37.3315;4.4875;2024-09-09 11:00:00
33.169;7.16925;2024-09-09 11:15:00
39.539;11.3874166666667;2024-09-09 11:30:00
41.3575;12.1328333333333;2024-09-09 11:45:00
37.0445;12.48625;2024-09-09 12:00:00
36.4855;12.7914166666667;2024-09-09 12:15:00
34.0925;13.0226666666667;2024-09-09 12:30:00
23.5925;12.2349166666667;2024-09-09 12:45:00
15.1985;14.0080833333333;2024-09-09 13:00:00
13.079;13.0349166666667;2024-09-09 13:15:00
13.057;12.9285;2024-09-09 13:30:00
12.3215;6.28333333333333;2024-09-09 13:45:00
12.6685;6.75183333333333;2024-09-09 14:00:00
10.969;8.34083333333333;2024-09-09 14:15:00
9.259;5.31141666666667;2024-09-09 14:30:00
12.74;7.63775;2024-09-09 14:45:00
20.738;11.8265833333333;2024-09-09 15:00:00
34.9165;10.2253333333333;2024-09-09 15:15:00
33.5695;6.05208333333333;2024-09-09 15:30:00
33.341;9.55483333333333;2024-09-09 15:45:00
33.684;5.57475;2024-09-09 16:00:00
31.679;8.55033333333333;2024-09-09 16:15:00
30.868;8.10466666666667;2024-09-09 16:30:00
33.4165;7.17441666666667;2024-09-09 16:45:00
32.1985;6.33158333333333;2024-09-09 17:00:00
30.7695;5.26108333333333;2024-09-09 17:15:00
28.7965;2.73325;2024-09-09 17:30:00
24.184;3.38708333333333;2024-09-09 17:45:00
10.431;2.567;2024-09-09 18:00:00
3.5285;1.77833333333333;2024-09-09 18:15:00
2.6435;1.25158333333333;2024-09-09 18:30:00
2.129;0.55625;2024-09-09 18:45:00
2.058;0.243083333333333;2024-09-09 19:00:00
1.9355;0.05025;2024-09-09 19:15:00
2.1815;0.001;2024-09-09 19:30:00
2.326;0.0;2024-09-09 19:45:00
2.687;0.0;2024-09-09 20:00:00
2.736;0.0;2024-09-09 20:15:00
2.355;0.0;2024-09-09 20:30:00
2.248;0.0;2024-09-09 20:45:00
2.71;0.0;2024-09-09 21:00:00
2.3025;0.0;2024-09-09 21:15:00
1.8975;0.0;2024-09-09 21:30:00
2.0065;0.0;2024-09-09 21:45:00
2.1815;0.0;2024-09-09 22:00:00
1.7565;0.0;2024-09-09 22:15:00
1.9065;0.0;2024-09-09 22:30:00
2.482;0.0;2024-09-09 22:45:00
1.908;0.0;2024-09-09 23:00:00
1.6485;0.0;2024-09-09 23:15:00
2.0555;0.0;2024-09-09 23:30:00
2.2015;0.0;2024-09-09 23:45:00
1.59;0.0;2024-09-26 00:00:00
1.82;0.0;2024-09-26 00:15:00
1.585;0.0;2024-09-26 00:30:00
1.9785;0.0;2024-09-26 00:45:00
1.8545;0.0;2024-09-26 01:00:00
1.71;0.0;2024-09-26 01:15:00
2.009;0.0;2024-09-26 01:30:00
1.699;0.0;2024-09-26 01:45:00
1.606;0.0;2024-09-26 02:00:00
1.6855;0.0;2024-09-26 02:15:00
1.6315;0.0;2024-09-26 02:30:00
1.61;0.0;2024-09-26 02:45:00
1.767;0.0;2024-09-26 03:00:00
1.856;0.0;2024-09-26 03:15:00
2.0;0.0;2024-09-26 03:30:00
1.577;0.0;2024-09-26 03:45:00
1.714;0.0;2024-09-26 04:00:00
1.736;0.0;2024-09-26 04:15:00
1.798;0.0;2024-09-26 04:30:00
2.359;0.0;2024-09-26 04:45:00
2.244;0.0;2024-09-26 05:00:00
2.314;0.0;2024-09-26 05:15:00
2.127;0.0;2024-09-26 05:30:00
2.1175;0.0;2024-09-26 05:45:00
2.4335;0.0;2024-09-26 06:00:00
1.979;0.0471666666666667;2024-09-26 06:15:00
1.546;0.0968333333333333;2024-09-26 06:30:00
1.5605;0.161166666666667;2024-09-26 06:45:00
1.0875;0.248916666666667;2024-09-26 07:00:00
1.4365;0.272916666666667;2024-09-26 07:15:00
1.0805;0.322583333333333;2024-09-26 07:30:00
1.508;0.397916666666667;2024-09-26 07:45:00
1.74;0.430333333333333;2024-09-26 08:00:00
1.1935;0.432416666666667;2024-09-26 08:15:00
1.3435;0.519083333333333;2024-09-26 08:30:00
1.7185;0.350583333333333;2024-09-26 08:45:00
1.2115;0.283333333333333;2024-09-26 09:00:00
1.6565;0.484916666666667;2024-09-26 09:15:00
2.2775;1.00325;2024-09-26 09:30:00
1.5595;0.985833333333333;2024-09-26 09:45:00
2.1315;1.48633333333333;2024-09-26 10:00:00
3.021;2.44858333333333;2024-09-26 10:15:00
2.569;1.30375;2024-09-26 10:30:00
2.502;1.27883333333333;2024-09-26 10:45:00
3.034;2.60433333333333;2024-09-26 11:00:00
2.4885;1.39091666666667;2024-09-26 11:15:00
2.8215;1.80308333333333;2024-09-26 11:30:00
3.5885;2.05316666666667;2024-09-26 11:45:00
2.8885;1.66991666666667;2024-09-26 12:00:00
2.8745;2.87133333333333;2024-09-26 12:15:00
3.6195;2.50891666666667;2024-09-26 12:30:00
3.049;2.20083333333333;2024-09-26 12:45:00
2.346;1.883;2024-09-26 13:00:00
2.453;1.29116666666667;2024-09-26 13:15:00
3.146;2.35716666666667;2024-09-26 13:30:00
2.8935;1.47966666666667;2024-09-26 13:45:00
2.6365;2.47866666666667;2024-09-26 14:00:00
2.733;1.52458333333333;2024-09-26 14:15:00
1.942;1.43683333333333;2024-09-26 14:30:00
1.6195;1.22066666666667;2024-09-26 14:45:00
2.1205;1.39841666666667;2024-09-26 15:00:00
2.199;1.71083333333333;2024-09-26 15:15:00
2.025;1.83883333333333;2024-09-26 15:30:00
2.0135;1.26625;2024-09-26 15:45:00
2.1455;1.06283333333333;2024-09-26 16:00:00
2.2235;1.56325;2024-09-26 16:15:00
1.9095;0.976916666666667;2024-09-26 16:30:00
1.906;1.04666666666667;2024-09-26 16:45:00
1.922;1.72675;2024-09-26 17:00:00
2.858;1.95808333333333;2024-09-26 17:15:00
1.537;1.02133333333333;2024-09-26 17:30:00
2.196;1.73291666666667;2024-09-26 17:45:00
2.599;1.56216666666667;2024-09-26 18:00:00
2.1675;1.19458333333333;2024-09-26 18:15:00
2.0845;1.85708333333333;2024-09-26 18:30:00
2.0805;1.4555;2024-09-26 18:45:00
1.7535;1.58025;2024-09-26 19:00:00
1.8185;1.22433333333333;2024-09-26 19:15:00
2.5945;0.781416666666667;2024-09-26 19:30:00
3.1895;0.475666666666667;2024-09-26 19:45:00
3.6095;0.393416666666667;2024-09-26 20:00:00
3.8175;0.2885;2024-09-26 20:15:00
3.4555;0.184416666666667;2024-09-26 20:30:00
3.547;0.0934166666666667;2024-09-26 20:45:00
3.106;0.0180833333333333;2024-09-26 21:00:00
2.86;0.0;2024-09-26 21:15:00
3.08;0.0;2024-09-26 21:30:00
3.517;0.0;2024-09-26 21:45:00
3.426;0.0;2024-09-26 22:00:00
3.572;0.0;2024-09-26 22:15:00
3.419;0.0;2024-09-26 22:30:00
3.5245;0.0;2024-09-26 22:45:00
3.6065;0.0;2024-09-26 23:00:00
3.78;0.0;2024-09-26 23:15:00
3.58;0.0;2024-09-26 23:30:00
2.0655;0.0;2024-09-26 23:45:00
1.7185;0.0;2024-10-07 00:00:00
1.773;0.0;2024-10-07 00:15:00
1.742;0.0;2024-10-07 00:30:00
2.0165;0.0;2024-10-07 00:45:00
2.0175;0.0;2024-10-07 01:00:00
2.2145;0.0;2024-10-07 01:15:00
2.2435;0.0;2024-10-07 01:30:00
2.132;0.0;2024-10-07 01:45:00
1.9;0.0;2024-10-07 02:00:00
2.02;0.0;2024-10-07 02:15:00
1.899;0.0;2024-10-07 02:30:00
2.008;0.0;2024-10-07 02:45:00
1.99;0.0;2024-10-07 03:00:00
1.923;0.0;2024-10-07 03:15:00
2.403;0.0;2024-10-07 03:30:00
1.9245;0.0;2024-10-07 03:45:00
2.0585;0.0;2024-10-07 04:00:00
2.2605;0.0;2024-10-07 04:15:00
1.8155;0.0;2024-10-07 04:30:00
2.0665;0.0;2024-10-07 04:45:00
2.0825;0.0;2024-10-07 05:00:00
2.438;0.0;2024-10-07 05:15:00
2.32;0.0;2024-10-07 05:30:00
2.2185;0.0;2024-10-07 05:45:00
2.0315;0.0;2024-10-07 06:00:00
2.0895;0.0;2024-10-07 06:15:00
1.7365;0.0;2024-10-07 06:30:00
2.3055;0.0;2024-10-07 06:45:00
2.1425;0.0;2024-10-07 07:00:00
2.148;0.0;2024-10-07 07:15:00
2.404;0.0;2024-10-07 07:30:00
1.634;0.0;2024-10-07 07:45:00
1.968;0.0;2024-10-07 08:00:00
1.7;0.0;2024-10-07 08:15:00
1.456;0.0;2024-10-07 08:30:00
1.56;0.0;2024-10-07 08:45:00
1.701;0.0;2024-10-07 09:00:00
1.728;0.0;2024-10-07 09:15:00
1.956;0.0;2024-10-07 09:30:00
1.364;0.0;2024-10-07 09:45:00
1.211;0.0;2024-10-07 10:00:00
1.4055;0.0;2024-10-07 10:15:00
1.4185;0.0;2024-10-07 10:30:00
1.245;0.0;2024-10-07 10:45:00
1.251;0.0;2024-10-07 11:00:00
1.3605;0.0;2024-10-07 11:15:00
1.3925;0.0;2024-10-07 11:30:00
1.3545;0.0;2024-10-07 11:45:00
1.3585;0.0;2024-10-07 12:00:00
1.145;0.0;2024-10-07 12:15:00
1.219;0.0;2024-10-07 12:30:00
1.4405;0.0;2024-10-07 12:45:00
1.6515;0.0;2024-10-07 13:00:00
1.376;0.0;2024-10-07 13:15:00
1.15;0.0;2024-10-07 13:30:00
1.5845;0.0;2024-10-07 13:45:00
1.3185;0.0;2024-10-07 14:00:00
1.2425;0.0;2024-10-07 14:15:00
1.2165;0.0;2024-10-07 14:30:00
1.3815;0.0;2024-10-07 14:45:00
1.4125;0.0;2024-10-07 15:00:00
1.2765;0.0;2024-10-07 15:15:00
1.2195;0.0;2024-10-07 15:30:00
1.1285;0.0;2024-10-07 15:45:00
1.2065;0.0;2024-10-07 16:00:00
1.3445;0.0;2024-10-07 16:15:00
1.8425;0.0;2024-10-07 16:30:00
2.041;0.0;2024-10-07 16:45:00
1.717;0.0;2024-10-07 17:00:00
1.803;0.0;2024-10-07 17:15:00
1.405;0.0;2024-10-07 17:30:00
1.4235;0.0;2024-10-07 17:45:00
1.5845;0.0;2024-10-07 18:00:00
1.367;0.0;2024-10-07 18:15:00
1.336;0.0;2024-10-07 18:30:00
1.0155;0.0;2024-10-07 18:45:00
1.3215;0.0;2024-10-07 19:00:00
1.0645;0.0;2024-10-07 19:15:00
0.8335;0.0;2024-10-07 19:30:00
1.279;0.0;2024-10-07 19:45:00
1.35;0.0;2024-10-07 20:00:00
1.2;0.0;2024-10-07 20:15:00
1.482;0.0;2024-10-07 20:30:00
1.5375;0.0;2024-10-07 20:45:00
1.8465;0.0;2024-10-07 21:00:00
2.322;0.0;2024-10-07 21:15:00
2.661;0.0;2024-10-07 21:30:00
2.68;0.0;2024-10-07 21:45:00
2.756;0.0;2024-10-07 22:00:00
2.1945;0.0;2024-10-07 22:15:00
2.6155;0.0;2024-10-07 22:30:00
2.759;0.0;2024-10-07 22:45:00
1.971;0.0;2024-10-07 23:00:00
1.9135;0.0;2024-10-07 23:15:00
1.9685;0.0;2024-10-07 23:30:00
2.3005;0.0;2024-10-07 23:45:00
3.6615;0.0;2024-10-17 00:00:00
3.051;0.0;2024-10-17 00:15:00
3.042;0.0;2024-10-17 00:30:00
3.8805;0.0;2024-10-17 00:45:00
3.0755;0.0;2024-10-17 01:00:00
3.008;0.0;2024-10-17 01:15:00
2.983;0.0;2024-10-17 01:30:00
2.91;0.0;2024-10-17 01:45:00
3.197;0.0;2024-10-17 02:00:00
2.7845;0.0;2024-10-17 02:15:00
3.1805;0.0;2024-10-17 02:30:00
3.204;0.0;2024-10-17 02:45:00
2.672;0.0;2024-10-17 03:00:00
2.9165;0.0;2024-10-17 03:15:00
3.2235;0.0;2024-10-17 03:30:00
2.7;0.0;2024-10-17 03:45:00
2.719;0.0;2024-10-17 04:00:00
3.172;0.0;2024-10-17 04:15:00
3.025;0.0;2024-10-17 04:30:00
3.1295;0.0;2024-10-17 04:45:00
3.4645;0.0;2024-10-17 05:00:00
3.2575;0.0;2024-10-17 05:15:00
3.0105;0.0;2024-10-17 05:30:00
2.9455;0.0;2024-10-17 05:45:00
2.7045;0.0;2024-10-17 06:00:00
3.217;0.0;2024-10-17 06:15:00
3.078;0.0;2024-10-17 06:30:00
3.093;0.0;2024-10-17 06:45:00
3.125;0.0;2024-10-17 07:00:00
2.962;0.0;2024-10-17 07:15:00
3.033;0.0;2024-10-17 07:30:00
3.0535;0.0;2024-10-17 07:45:00
3.0755;0.0511666666666667;2024-10-17 08:00:00
2.3385;0.1875;2024-10-17 08:15:00
2.6345;0.242;2024-10-17 08:30:00
3.0465;0.926666666666667;2024-10-17 08:45:00
2.9715;1.334;2024-10-17 09:00:00
4.341;3.13033333333333;2024-10-17 09:15:00
4.598;2.06283333333333;2024-10-17 09:30:00
5.58;4.525;2024-10-17 09:45:00
5.917;3.15333333333333;2024-10-17 10:00:00
4.719;4.44183333333333;2024-10-17 10:15:00
7.52;9.81916666666667;2024-10-17 10:30:00
6.5935;3.22983333333333;2024-10-17 10:45:00
5.0825;4.03216666666667;2024-10-17 11:00:00
8.6795;8.94866666666667;2024-10-17 11:15:00
9.9585;3.36433333333333;2024-10-17 11:30:00
10.5875;14.8018333333333;2024-10-17 11:45:00
13.2445;12.6016666666667;2024-10-17 12:00:00
15.3875;12.6778333333333;2024-10-17 12:15:00
14.7285;14.2403333333333;2024-10-17 12:30:00
15.777;12.8383333333333;2024-10-17 12:45:00
9.61;9.25866666666667;2024-10-17 13:00:00
12.2075;9.93066666666667;2024-10-17 13:15:00
5.5775;5.35316666666667;2024-10-17 13:30:00
4.852;2.61116666666667;2024-10-17 13:45:00
9.566;3.456;2024-10-17 14:00:00
9.6455;7.71266666666667;2024-10-17 14:15:00
9.5025;3.929;2024-10-17 14:30:00
13.3525;11.8708333333333;2024-10-17 14:45:00
9.1155;7.0795;2024-10-17 15:00:00
7.015;3.405;2024-10-17 15:15:00
6.158;4.54733333333333;2024-10-17 15:30:00
5.667;2.361;2024-10-17 15:45:00
7.277;6.81133333333333;2024-10-17 16:00:00
10.5175;10.3285;2024-10-17 16:15:00
8.1555;4.05516666666667;2024-10-17 16:30:00
6.399;6.17433333333333;2024-10-17 16:45:00
5.275;2.4975;2024-10-17 17:00:00
4.595;2.22016666666667;2024-10-17 17:15:00
6.002;5.59116666666667;2024-10-17 17:30:00
3.687;2.88933333333333;2024-10-17 17:45:00
3.933;3.04433333333333;2024-10-17 18:00:00
3.798;3.37033333333333;2024-10-17 18:15:00
4.657;2.35483333333333;2024-10-17 18:30:00
2.986;1.92533333333333;2024-10-17 18:45:00
2.071;0.550666666666667;2024-10-17 19:00:00
2.5745;0.0648333333333333;2024-10-17 19:15:00
2.4125;0.036;2024-10-17 19:30:00
2.5295;0.0;2024-10-17 19:45:00
2.9005;0.0;2024-10-17 20:00:00
2.878;0.0;2024-10-17 20:15:00
2.914;0.0;2024-10-17 20:30:00
2.653;0.0;2024-10-17 20:45:00
2.718;0.0;2024-10-17 21:00:00
2.7915;0.0;2024-10-17 21:15:00
2.9115;0.0;2024-10-17 21:30:00
3.112;0.0;2024-10-17 21:45:00
2.861;0.0;2024-10-17 22:00:00
2.8845;0.0;2024-10-17 22:15:00
2.7575;0.0;2024-10-17 22:30:00
2.9695;0.0;2024-10-17 22:45:00
2.9135;0.0;2024-10-17 23:00:00
2.7635;0.0;2024-10-17 23:15:00
2.9065;0.0;2024-10-17 23:30:00
2.845;0.0;2024-10-17 23:45:00
3.609;0.0;2024-10-13 00:00:00
3.4705;0.0;2024-10-13 00:15:00
3.4105;0.0;2024-10-13 00:30:00
4.0355;0.0;2024-10-13 00:45:00
3.9375;0.0;2024-10-13 01:00:00
3.444;0.0;2024-10-13 01:15:00
3.386;0.0;2024-10-13 01:30:00
3.624;0.0;2024-10-13 01:45:00
3.353;0.0;2024-10-13 02:00:00
3.58;0.0;2024-10-13 02:15:00
3.289;0.0;2024-10-13 02:30:00
3.1625;0.0;2024-10-13 02:45:00
3.0075;0.0;2024-10-13 03:00:00
3.2865;0.0;2024-10-13 03:15:00
3.4095;0.0;2024-10-13 03:30:00
3.9935;0.0;2024-10-13 03:45:00
3.4355;0.0;2024-10-13 04:00:00
3.3115;0.0;2024-10-13 04:15:00
3.2905;0.0;2024-10-13 04:30:00
3.864;0.0;2024-10-13 04:45:00
3.709;0.0;2024-10-13 05:00:00
3.2385;0.0;2024-10-13 05:15:00
3.7595;0.0;2024-10-13 05:30:00
9.1015;0.0;2024-10-13 05:45:00
11.2815;0.0;2024-10-13 06:00:00
13.1625;0.0;2024-10-13 06:15:00
16.4745;0.0;2024-10-13 06:30:00
16.778;0.0;2024-10-13 06:45:00
15.076;0.0;2024-10-13 07:00:00
16.0915;0.0;2024-10-13 07:15:00
15.9885;0.0;2024-10-13 07:30:00
15.927;0.0;2024-10-13 07:45:00
23.773;0.0;2024-10-13 08:00:00
33.405;0.0746666666666667;2024-10-13 08:15:00
32.188;0.448833333333333;2024-10-13 08:30:00
32.493;1.27933333333333;2024-10-13 08:45:00
28.977;2.10716666666667;2024-10-13 09:00:00
29.426;3.17216666666667;2024-10-13 09:15:00
28.618;4.8195;2024-10-13 09:30:00
28.6635;7.695;2024-10-13 09:45:00
25.4315;4.11716666666667;2024-10-13 10:00:00
25.529;5.474;2024-10-13 10:15:00
28.606;7.4095;2024-10-13 10:30:00
28.588;5.9435;2024-10-13 10:45:00
30.158;5.65983333333333;2024-10-13 11:00:00
34.578;17.8601666666667;2024-10-13 11:15:00
30.024;4.449;2024-10-13 11:30:00
25.134;2.788;2024-10-13 11:45:00
18.177;5.7025;2024-10-13 12:00:00
23.776;9.89066666666667;2024-10-13 12:15:00
24.495;17.3411666666667;2024-10-13 12:30:00
23.145;14.4131666666667;2024-10-13 12:45:00
22.503;8.54766666666667;2024-10-13 13:00:00
18.1105;8.32783333333333;2024-10-13 13:15:00
15.9545;11.4615;2024-10-13 13:30:00
13.288;9.87566666666667;2024-10-13 13:45:00
10.465;6.47766666666667;2024-10-13 14:00:00
9.9555;6.88116666666667;2024-10-13 14:15:00
6.7145;5.48966666666667;2024-10-13 14:30:00
4.575;3.721;2024-10-13 14:45:00
4.849;3.90366666666667;2024-10-13 15:00:00
4.5655;3.812;2024-10-13 15:15:00
4.5465;3.33083333333333;2024-10-13 15:30:00
6.0815;4.1935;2024-10-13 15:45:00
4.7435;2.011;2024-10-13 16:00:00
5.575;3.05566666666667;2024-10-13 16:15:00
7.903;5.2015;2024-10-13 16:30:00
11.398;5.8675;2024-10-13 16:45:00
7.681;3.75183333333333;2024-10-13 17:00:00
6.414;3.9775;2024-10-13 17:15:00
7.358;5.52933333333333;2024-10-13 17:30:00
7.936;6.27366666666667;2024-10-13 17:45:00
6.793;5.55516666666667;2024-10-13 18:00:00
7.25;4.01;2024-10-13 18:15:00
7.347;3.0065;2024-10-13 18:30:00
5.636;1.00233333333333;2024-10-13 18:45:00
5.26;0.492333333333333;2024-10-13 19:00:00
3.1595;0.139666666666667;2024-10-13 19:15:00
3.3925;0.012;2024-10-13 19:30:00
3.0255;0.0;2024-10-13 19:45:00
3.7215;0.0;2024-10-13 20:00:00
4.0715;0.0;2024-10-13 20:15:00
3.8535;0.0;2024-10-13 20:30:00
3.711;0.0;2024-10-13 20:45:00
3.649;0.0;2024-10-13 21:00:00
3.8955;0.0;2024-10-13 21:15:00
3.9345;0.0;2024-10-13 21:30:00
3.6815;0.0;2024-10-13 21:45:00
3.3115;0.0;2024-10-13 22:00:00
3.734;0.0;2024-10-13 22:15:00
3.657;0.0;2024-10-13 22:30:00
3.2905;0.0;2024-10-13 22:45:00
3.2395;0.0;2024-10-13 23:00:00
3.5045;0.0;2024-10-13 23:15:00
3.2425;0.0;2024-10-13 23:30:00
4.188;0.0;2024-10-13 23:45:00
