Econs;Eprod;full_date
2.3905;0.0;2024-01-06 00:00:00
2.4345;0.0;2024-01-06 00:15:00
2.4575;0.0;2024-01-06 00:30:00
1.935;0.0;2024-01-06 00:45:00
1.894;0.0;2024-01-06 01:00:00
1.9105;0.0;2024-01-06 01:15:00
1.9995;0.0;2024-01-06 01:30:00
2.6135;0.0;2024-01-06 01:45:00
2.0875;0.0;2024-01-06 02:00:00
1.7345;0.0;2024-01-06 02:15:00
1.9865;0.0;2024-01-06 02:30:00
1.8625;0.0;2024-01-06 02:45:00
1.9715;0.0;2024-01-06 03:00:00
1.897;0.0;2024-01-06 03:15:00
1.85;0.0;2024-01-06 03:30:00
2.3185;0.0;2024-01-06 03:45:00
2.7155;0.0;2024-01-06 04:00:00
2.4745;0.0;2024-01-06 04:15:00
2.5525;0.0;2024-01-06 04:30:00
2.602;0.0;2024-01-06 04:45:00
2.891;0.0;2024-01-06 05:00:00
2.5095;0.0;2024-01-06 05:15:00
2.2065;0.0;2024-01-06 05:30:00
2.564;0.0;2024-01-06 05:45:00
2.503;0.0;2024-01-06 06:00:00
2.4015;0.0;2024-01-06 06:15:00
2.4485;0.0;2024-01-06 06:30:00
2.304;0.0;2024-01-06 06:45:00
2.362;0.0;2024-01-06 07:00:00
2.59;0.0;2024-01-06 07:15:00
2.534;0.0;2024-01-06 07:30:00
2.3665;0.0;2024-01-06 07:45:00
2.6055;0.0;2024-01-06 08:00:00
3.4005;0.0;2024-01-06 08:15:00
2.3495;0.0233333333333333;2024-01-06 08:30:00
1.9865;0.351833333333333;2024-01-06 08:45:00
2.1275;0.905166666666667;2024-01-06 09:00:00
1.9165;1.07633333333333;2024-01-06 09:15:00
2.2995;2.071;2024-01-06 09:30:00
3.01;2.87033333333333;2024-01-06 09:45:00
3.35;1.78683333333333;2024-01-06 10:00:00
2.67;2.46333333333333;2024-01-06 10:15:00
2.835;1.8635;2024-01-06 10:30:00
2.7395;2.642;2024-01-06 10:45:00
3.2975;2.048;2024-01-06 11:00:00
3.3055;1.5885;2024-01-06 11:15:00
3.4315;1.98966666666667;2024-01-06 11:30:00
3.947;1.81333333333333;2024-01-06 11:45:00
5.629;2.98566666666667;2024-01-06 12:00:00
5.3715;3.518;2024-01-06 12:15:00
6.3955;4.299;2024-01-06 12:30:00
6.963;5.1715;2024-01-06 12:45:00
5.599;3.46233333333333;2024-01-06 13:00:00
4.895;3.07;2024-01-06 13:15:00
5.232;3.77616666666667;2024-01-06 13:30:00
4.1585;2.1775;2024-01-06 13:45:00
4.3785;2.66066666666667;2024-01-06 14:00:00
4.077;2.541;2024-01-06 14:15:00
3.748;1.823;2024-01-06 14:30:00
4.306;2.45066666666667;2024-01-06 14:45:00
5.09;3.55916666666667;2024-01-06 15:00:00
5.6805;3.80033333333333;2024-01-06 15:15:00
7.3425;5.91633333333333;2024-01-06 15:30:00
5.527;5.61033333333333;2024-01-06 15:45:00
3.019;2.9625;2024-01-06 16:00:00
3.4585;2.45466666666667;2024-01-06 16:15:00
3.1185;1.73916666666667;2024-01-06 16:30:00
2.1565;1.40366666666667;2024-01-06 16:45:00
2.0945;1.30216666666667;2024-01-06 17:00:00
1.8795;1.20616666666667;2024-01-06 17:15:00
2.1155;1.824;2024-01-06 17:30:00
1.9055;1.10433333333333;2024-01-06 17:45:00
1.5935;1.06666666666667;2024-01-06 18:00:00
1.6285;0.701;2024-01-06 18:15:00
1.9555;0.554833333333333;2024-01-06 18:30:00
1.888;0.103333333333333;2024-01-06 18:45:00
2.234;0.0085;2024-01-06 19:00:00
2.5995;0.0;2024-01-06 19:15:00
2.4175;0.0;2024-01-06 19:30:00
2.465;0.0;2024-01-06 19:45:00
2.393;0.0;2024-01-06 20:00:00
2.3665;0.0;2024-01-06 20:15:00
2.4385;0.0;2024-01-06 20:30:00
2.1155;0.0;2024-01-06 20:45:00
2.3825;0.0;2024-01-06 21:00:00
2.228;0.0;2024-01-06 21:15:00
2.333;0.0;2024-01-06 21:30:00
2.361;0.0;2024-01-06 21:45:00
2.308;0.0;2024-01-06 22:00:00
2.0955;0.0;2024-01-06 22:15:00
1.9675;0.0;2024-01-06 22:30:00
2.1285;0.0;2024-01-06 22:45:00
2.2725;0.0;2024-01-06 23:00:00
1.728;0.0;2024-01-06 23:15:00
1.713;0.0;2024-01-06 23:30:00
2.2235;0.0;2024-01-06 23:45:00
1.848;0.0;2024-01-14 00:00:00
1.833;0.0;2024-01-14 00:15:00
2.135;0.0;2024-01-14 00:30:00
2.2905;0.0;2024-01-14 00:45:00
1.6775;0.0;2024-01-14 01:00:00
2.1055;0.0;2024-01-14 01:15:00
2.2705;0.0;2024-01-14 01:30:00
2.0995;0.0;2024-01-14 01:45:00
2.3235;0.0;2024-01-14 02:00:00
2.489;0.0;2024-01-14 02:15:00
2.909;0.0;2024-01-14 02:30:00
2.6905;0.0;2024-01-14 02:45:00
2.3205;0.0;2024-01-14 03:00:00
2.3405;0.0;2024-01-14 03:15:00
2.5075;0.0;2024-01-14 03:30:00
2.6335;0.0;2024-01-14 03:45:00
2.1015;0.0;2024-01-14 04:00:00
2.9255;0.0;2024-01-14 04:15:00
2.9295;0.0;2024-01-14 04:30:00
2.794;0.0;2024-01-14 04:45:00
2.594;0.0;2024-01-14 05:00:00
2.785;0.0;2024-01-14 05:15:00
2.727;0.0;2024-01-14 05:30:00
2.384;0.0;2024-01-14 05:45:00
3.007;0.0;2024-01-14 06:00:00
2.874;0.0;2024-01-14 06:15:00
2.401;0.0;2024-01-14 06:30:00
2.294;0.0;2024-01-14 06:45:00
2.277;0.0;2024-01-14 07:00:00
2.6395;0.0;2024-01-14 07:15:00
2.2815;0.0;2024-01-14 07:30:00
1.798;0.11075;2024-01-14 07:45:00
2.625;0.596166666666667;2024-01-14 08:00:00
2.296;0.834166666666667;2024-01-14 08:15:00
3.272;2.03958333333333;2024-01-14 08:30:00
3.3735;2.1215;2024-01-14 08:45:00
3.8225;3.77508333333333;2024-01-14 09:00:00
4.2245;2.34966666666667;2024-01-14 09:15:00
4.5925;2.35991666666667;2024-01-14 09:30:00
4.213;2.40241666666667;2024-01-14 09:45:00
4.895;4.588;2024-01-14 10:00:00
4.344;2.8055;2024-01-14 10:15:00
4.403;2.36125;2024-01-14 10:30:00
4.9755;2.68516666666667;2024-01-14 10:45:00
5.1195;2.96383333333333;2024-01-14 11:00:00
8.035;6.11333333333333;2024-01-14 11:15:00
6.802;5.73758333333333;2024-01-14 11:30:00
7.1375;5.08383333333333;2024-01-14 11:45:00
7.2225;6.21491666666667;2024-01-14 12:00:00
6.746;5.0855;2024-01-14 12:15:00
6.865;5.29083333333333;2024-01-14 12:30:00
7.4305;5.85366666666667;2024-01-14 12:45:00
6.7055;5.12316666666667;2024-01-14 13:00:00
7.7575;6.6755;2024-01-14 13:15:00
7.7025;6.37633333333333;2024-01-14 13:30:00
7.8135;6.53166666666667;2024-01-14 13:45:00
8.1885;6.57083333333333;2024-01-14 14:00:00
7.369;4.6945;2024-01-14 14:15:00
8.428;4.5015;2024-01-14 14:30:00
7.863;6.2655;2024-01-14 14:45:00
7.242;5.36925;2024-01-14 15:00:00
6.561;5.531;2024-01-14 15:15:00
5.828;3.81541666666667;2024-01-14 15:30:00
5.1775;3.95558333333333;2024-01-14 15:45:00
4.5265;2.86258333333333;2024-01-14 16:00:00
3.703;2.45258333333333;2024-01-14 16:15:00
4.262;2.735;2024-01-14 16:30:00
3.6175;2.24891666666667;2024-01-14 16:45:00
4.0485;3.10291666666667;2024-01-14 17:00:00
3.5765;2.00233333333333;2024-01-14 17:15:00
3.0025;1.85275;2024-01-14 17:30:00
3.1275;1.67508333333333;2024-01-14 17:45:00
3.0525;3.02666666666667;2024-01-14 18:00:00
2.7845;2.27658333333333;2024-01-14 18:15:00
2.9685;2.03983333333333;2024-01-14 18:30:00
3.145;1.30758333333333;2024-01-14 18:45:00
2.733;0.8075;2024-01-14 19:00:00
1.881;0.37225;2024-01-14 19:15:00
2.068;0.1935;2024-01-14 19:30:00
1.231;0.02225;2024-01-14 19:45:00
1.581;0.0;2024-01-14 20:00:00
1.8285;0.0;2024-01-14 20:15:00
1.8315;0.0;2024-01-14 20:30:00
2.08;0.0;2024-01-14 20:45:00
1.598;0.0;2024-01-14 21:00:00
1.979;0.0;2024-01-14 21:15:00
2.111;0.0;2024-01-14 21:30:00
2.0745;0.0;2024-01-14 21:45:00
1.8745;0.0;2024-01-14 22:00:00
1.94;0.0;2024-01-14 22:15:00
2.063;0.0;2024-01-14 22:30:00
1.7155;0.0;2024-01-14 22:45:00
2.5585;0.0;2024-01-14 23:00:00
2.2265;0.0;2024-01-14 23:15:00
1.8505;0.0;2024-01-14 23:30:00
2.3345;0.0;2024-01-14 23:45:00
2.221;0.0;2024-01-11 00:00:00
1.849;0.0;2024-01-11 00:15:00
2.434;0.0;2024-01-11 00:30:00
2.985;0.0;2024-01-11 00:45:00
2.795;0.0;2024-01-11 01:00:00
2.2095;0.0;2024-01-11 01:15:00
2.7135;0.0;2024-01-11 01:30:00
2.815;0.0;2024-01-11 01:45:00
2.232;0.0;2024-01-11 02:00:00
2.804;0.0;2024-01-11 02:15:00
2.411;0.0;2024-01-11 02:30:00
2.659;0.0;2024-01-11 02:45:00
2.595;0.0;2024-01-11 03:00:00
2.458;0.0;2024-01-11 03:15:00
2.254;0.0;2024-01-11 03:30:00
2.7225;0.0;2024-01-11 03:45:00
2.5645;0.0;2024-01-11 04:00:00
2.908;0.0;2024-01-11 04:15:00
2.452;0.0;2024-01-11 04:30:00
2.5;0.0;2024-01-11 04:45:00
2.183;0.0;2024-01-11 05:00:00
2.858;0.0;2024-01-11 05:15:00
2.689;0.0;2024-01-11 05:30:00
2.72;0.0;2024-01-11 05:45:00
2.209;0.0;2024-01-11 06:00:00
2.0385;0.0;2024-01-11 06:15:00
2.4025;0.0;2024-01-11 06:30:00
1.7975;0.0;2024-01-11 06:45:00
2.0335;0.0;2024-01-11 07:00:00
1.7435;0.0;2024-01-11 07:15:00
1.9865;0.0;2024-01-11 07:30:00
1.378;0.00983333333333333;2024-01-11 07:45:00
1.165;0.1125;2024-01-11 08:00:00
1.6075;0.413666666666667;2024-01-11 08:15:00
2.2805;0.788166666666667;2024-01-11 08:30:00
2.0525;0.91825;2024-01-11 08:45:00
2.8355;1.30558333333333;2024-01-11 09:00:00
2.8265;1.731;2024-01-11 09:15:00
2.9155;1.57408333333333;2024-01-11 09:30:00
5.1775;3.29275;2024-01-11 09:45:00
5.0375;2.86491666666667;2024-01-11 10:00:00
4.611;2.11241666666667;2024-01-11 10:15:00
4.788;3.21425;2024-01-11 10:30:00
6.2385;4.14708333333333;2024-01-11 10:45:00
5.7695;4.78183333333333;2024-01-11 11:00:00
4.1995;2.37908333333333;2024-01-11 11:15:00
3.8675;2.16541666666667;2024-01-11 11:30:00
3.7865;3.727;2024-01-11 11:45:00
3.6995;1.74858333333333;2024-01-11 12:00:00
3.496;2.39083333333333;2024-01-11 12:15:00
3.841;3.57825;2024-01-11 12:30:00
3.6645;3.62216666666667;2024-01-11 12:45:00
5.5735;3.17391666666667;2024-01-11 13:00:00
4.7425;2.56841666666667;2024-01-11 13:15:00
3.2315;2.40041666666667;2024-01-11 13:30:00
2.994;2.69333333333333;2024-01-11 13:45:00
2.761;1.7195;2024-01-11 14:00:00
2.9205;2.02216666666667;2024-01-11 14:15:00
3.6125;1.8875;2024-01-11 14:30:00
4.162;2.55891666666667;2024-01-11 14:45:00
3.944;2.57158333333333;2024-01-11 15:00:00
2.4525;2.06675;2024-01-11 15:15:00
2.9375;2.35666666666667;2024-01-11 15:30:00
3.3875;1.78125;2024-01-11 15:45:00
3.8535;2.93025;2024-01-11 16:00:00
2.389;2.20208333333333;2024-01-11 16:15:00
2.942;2.06608333333333;2024-01-11 16:30:00
3.042;1.51058333333333;2024-01-11 16:45:00
2.486;1.42008333333333;2024-01-11 17:00:00
1.935;1.34841666666667;2024-01-11 17:15:00
2.54;1.75633333333333;2024-01-11 17:30:00
2.0455;0.967;2024-01-11 17:45:00
1.8765;0.795083333333333;2024-01-11 18:00:00
1.384;0.742583333333333;2024-01-11 18:15:00
1.471;0.414916666666667;2024-01-11 18:30:00
1.7395;0.371916666666667;2024-01-11 18:45:00
1.9565;0.0868333333333333;2024-01-11 19:00:00
1.8675;0.0291666666666667;2024-01-11 19:15:00
1.8225;0.001;2024-01-11 19:30:00
1.7105;0.0;2024-01-11 19:45:00
1.8695;0.0;2024-01-11 20:00:00
1.9425;0.0;2024-01-11 20:15:00
2.0155;0.0;2024-01-11 20:30:00
2.1445;0.0;2024-01-11 20:45:00
2.3135;0.0;2024-01-11 21:00:00
1.6995;0.0;2024-01-11 21:15:00
1.6185;0.0;2024-01-11 21:30:00
2.4215;0.0;2024-01-11 21:45:00
2.2305;0.0;2024-01-11 22:00:00
2.3425;0.0;2024-01-11 22:15:00
2.1955;0.0;2024-01-11 22:30:00
2.2685;0.0;2024-01-11 22:45:00
2.5865;0.0;2024-01-11 23:00:00
2.6215;0.0;2024-01-11 23:15:00
2.4135;0.0;2024-01-11 23:30:00
2.562;0.0;2024-01-11 23:45:00
2.723;0.0;2024-02-18 00:00:00
4.007;0.0;2024-02-18 00:15:00
4.476;0.0;2024-02-18 00:30:00
3.624;0.0;2024-02-18 00:45:00
3.155;0.0;2024-02-18 01:00:00
3.2945;0.0;2024-02-18 01:15:00
3.6575;0.0;2024-02-18 01:30:00
4.364;0.0;2024-02-18 01:45:00
3.709;0.0;2024-02-18 02:00:00
3.082;0.0;2024-02-18 02:15:00
3.774;0.0;2024-02-18 02:30:00
3.925;0.0;2024-02-18 02:45:00
4.351;0.0;2024-02-18 03:00:00
3.362;0.0;2024-02-18 03:15:00
3.135;0.0;2024-02-18 03:30:00
4.1485;0.0;2024-02-18 03:45:00
4.3095;0.0;2024-02-18 04:00:00
4.106;0.0;2024-02-18 04:15:00
3.076;0.0;2024-02-18 04:30:00
3.706;0.0;2024-02-18 04:45:00
4.119;0.0;2024-02-18 05:00:00
4.576;0.0;2024-02-18 05:15:00
3.541;0.0;2024-02-18 05:30:00
3.376;0.0;2024-02-18 05:45:00
4.085;0.0;2024-02-18 06:00:00
4.6225;0.0;2024-02-18 06:15:00
4.3505;0.0;2024-02-18 06:30:00
3.105;0.0;2024-02-18 06:45:00
3.743;0.0;2024-02-18 07:00:00
4.254;0.0;2024-02-18 07:15:00
4.362;0.0;2024-02-18 07:30:00
4.6325;0.0;2024-02-18 07:45:00
4.4595;0.0;2024-02-18 08:00:00
4.5405;0.0;2024-02-18 08:15:00
4.5775;0.0;2024-02-18 08:30:00
4.268;0.0;2024-02-18 08:45:00
3.934;0.0188333333333333;2024-02-18 09:00:00
3.8565;0.315;2024-02-18 09:15:00
4.8975;1.60708333333333;2024-02-18 09:30:00
3.49;0.63425;2024-02-18 09:45:00
2.751;0.90675;2024-02-18 10:00:00
4.867;1.654;2024-02-18 10:15:00
5.9;3.57216666666667;2024-02-18 10:30:00
5.576;2.54408333333333;2024-02-18 10:45:00
7.621;6.44158333333333;2024-02-18 11:00:00
7.883;6.65416666666667;2024-02-18 11:15:00
8.622;7.80266666666667;2024-02-18 11:30:00
9.5515;8.64716666666667;2024-02-18 11:45:00
9.1145;3.44666666666667;2024-02-18 12:00:00
11.134;3.64691666666667;2024-02-18 12:15:00
9.446;4.367;2024-02-18 12:30:00
8.4385;6.71341666666667;2024-02-18 12:45:00
11.4935;4.20225;2024-02-18 13:00:00
10.0225;4.69958333333333;2024-02-18 13:15:00
9.8945;3.633;2024-02-18 13:30:00
10.762;3.88808333333333;2024-02-18 13:45:00
10.179;3.83525;2024-02-18 14:00:00
11.779;4.23216666666667;2024-02-18 14:15:00
6.059;5.42916666666667;2024-02-18 14:30:00
4.8675;2.53141666666667;2024-02-18 14:45:00
6.1435;3.90625;2024-02-18 15:00:00
6.102;4.18058333333333;2024-02-18 15:15:00
5.713;5.0565;2024-02-18 15:30:00
8.2805;3.24783333333333;2024-02-18 15:45:00
7.5565;7.08933333333333;2024-02-18 16:00:00
5.81;5.49666666666667;2024-02-18 16:15:00
6.462;5.48691666666667;2024-02-18 16:30:00
4.864;4.65566666666667;2024-02-18 16:45:00
3.519;2.539;2024-02-18 17:00:00
3.56;1.51908333333333;2024-02-18 17:15:00
3.895;0.940166666666667;2024-02-18 17:30:00
3.933;0.3955;2024-02-18 17:45:00
3.317;0.1525;2024-02-18 18:00:00
2.6005;8.33333333333333e-05;2024-02-18 18:15:00
2.9695;0.0;2024-02-18 18:30:00
2.8385;0.0;2024-02-18 18:45:00
2.7725;0.0;2024-02-18 19:00:00
3.5255;0.0;2024-02-18 19:15:00
4.2695;0.0;2024-02-18 19:30:00
4.4655;0.0;2024-02-18 19:45:00
3.4395;0.0;2024-02-18 20:00:00
3.1275;0.0;2024-02-18 20:15:00
3.8695;0.0;2024-02-18 20:30:00
4.156;0.0;2024-02-18 20:45:00
4.398;0.0;2024-02-18 21:00:00
4.0805;0.0;2024-02-18 21:15:00
3.3485;0.0;2024-02-18 21:30:00
3.5715;0.0;2024-02-18 21:45:00
4.2345;0.0;2024-02-18 22:00:00
4.392;0.0;2024-02-18 22:15:00
4.457;0.0;2024-02-18 22:30:00
4.095;0.0;2024-02-18 22:45:00
3.196;0.0;2024-02-18 23:00:00
3.7085;0.0;2024-02-18 23:15:00
4.4205;0.0;2024-02-18 23:30:00
4.9545;0.0;2024-02-18 23:45:00
3.0345;0.0;2024-03-19 00:00:00
3.6605;0.0;2024-03-19 00:15:00
2.7335;0.0;2024-03-19 00:30:00
3.194;0.0;2024-03-19 00:45:00
2.781;0.0;2024-03-19 01:00:00
3.383;0.0;2024-03-19 01:15:00
3.635;0.0;2024-03-19 01:30:00
3.528;0.0;2024-03-19 01:45:00
2.843;0.0;2024-03-19 02:00:00
2.3205;0.0;2024-03-19 02:15:00
3.0025;0.0;2024-03-19 02:30:00
3.502;0.0;2024-03-19 02:45:00
2.809;0.0;2024-03-19 03:00:00
2.4535;0.0;2024-03-19 03:15:00
2.5735;0.0;2024-03-19 03:30:00
2.1075;0.0;2024-03-19 03:45:00
2.2805;0.0;2024-03-19 04:00:00
2.4425;0.0;2024-03-19 04:15:00
1.7385;0.0;2024-03-19 04:30:00
2.324;0.0;2024-03-19 04:45:00
2.009;0.0;2024-03-19 05:00:00
1.7115;0.0;2024-03-19 05:15:00
2.1485;0.0;2024-03-19 05:30:00
1.9525;0.0;2024-03-19 05:45:00
1.9605;0.0;2024-03-19 06:00:00
1.304;0.0;2024-03-19 06:15:00
1.442;0.006;2024-03-19 06:30:00
1.897;0.19025;2024-03-19 06:45:00
1.417;0.376666666666667;2024-03-19 07:00:00
1.5475;0.4615;2024-03-19 07:15:00
1.8675;1.01983333333333;2024-03-19 07:30:00
2.198;1.52975;2024-03-19 07:45:00
2.114;1.92716666666667;2024-03-19 08:00:00
2.6735;1.32908333333333;2024-03-19 08:15:00
3.6535;3.65033333333333;2024-03-19 08:30:00
4.0775;2.13316666666667;2024-03-19 08:45:00
5.0035;3.62883333333333;2024-03-19 09:00:00
5.9545;4.62675;2024-03-19 09:15:00
7.9665;6.15;2024-03-19 09:30:00
6.622;3.561;2024-03-19 09:45:00
8.284;7.16558333333333;2024-03-19 10:00:00
6.64;6.43216666666667;2024-03-19 10:15:00
5.629;7.64341666666667;2024-03-19 10:30:00
5.1895;2.50091666666667;2024-03-19 10:45:00
7.6725;7.33066666666667;2024-03-19 11:00:00
6.53;2.24358333333333;2024-03-19 11:15:00
8.163;7.30375;2024-03-19 11:30:00
8.269;2.624;2024-03-19 11:45:00
9.098;7.3055;2024-03-19 12:00:00
9.153;7.43533333333333;2024-03-19 12:15:00
9.209;7.47616666666667;2024-03-19 12:30:00
9.1565;7.55833333333333;2024-03-19 12:45:00
9.4375;7.55958333333333;2024-03-19 13:00:00
9.67;7.59883333333333;2024-03-19 13:15:00
9.253;7.60341666666667;2024-03-19 13:30:00
9.42;7.59375;2024-03-19 13:45:00
9.188;7.55725;2024-03-19 14:00:00
9.254;7.54091666666667;2024-03-19 14:15:00
9.129;7.43833333333333;2024-03-19 14:30:00
8.9765;7.3615;2024-03-19 14:45:00
8.9505;7.23258333333333;2024-03-19 15:00:00
8.53;7.10366666666667;2024-03-19 15:15:00
7.371;6.0945;2024-03-19 15:30:00
5.766;7.02333333333333;2024-03-19 15:45:00
6.711;7.33083333333333;2024-03-19 16:00:00
6.824;7.03266666666667;2024-03-19 16:15:00
7.044;6.10383333333333;2024-03-19 16:30:00
6.299;5.88833333333333;2024-03-19 16:45:00
6.804;5.46283333333333;2024-03-19 17:00:00
6.228;5.12;2024-03-19 17:15:00
5.467;3.58883333333333;2024-03-19 17:30:00
5.792;4.76975;2024-03-19 17:45:00
4.923;3.78366666666667;2024-03-19 18:00:00
5.104;3.85833333333333;2024-03-19 18:15:00
4.426;3.4395;2024-03-19 18:30:00
3.9055;2.68766666666667;2024-03-19 18:45:00
3.7555;2.14825;2024-03-19 19:00:00
2.967;1.91341666666667;2024-03-19 19:15:00
2.515;1.45975;2024-03-19 19:30:00
2.1535;1.91483333333333;2024-03-19 19:45:00
1.6515;1.22541666666667;2024-03-19 20:00:00
1.4995;0.694833333333333;2024-03-19 20:15:00
1.5195;0.420666666666667;2024-03-19 20:30:00
1.33;0.241333333333333;2024-03-19 20:45:00
1.277;0.11275;2024-03-19 21:00:00
1.2045;0.016;2024-03-19 21:15:00
1.0755;0.0;2024-03-19 21:30:00
1.8395;0.0;2024-03-19 21:45:00
1.6945;0.0;2024-03-19 22:00:00
2.265;0.0;2024-03-19 22:15:00
2.428;0.0;2024-03-19 22:30:00
2.751;0.0;2024-03-19 22:45:00
2.772;0.0;2024-03-19 23:00:00
3.116;0.0;2024-03-19 23:15:00
2.753;0.0;2024-03-19 23:30:00
3.313;0.0;2024-03-19 23:45:00
3.384;0.0;2024-03-16 00:00:00
4.078;0.0;2024-03-16 00:15:00
4.324;0.0;2024-03-16 00:30:00
3.058;0.0;2024-03-16 00:45:00
2.945;0.0;2024-03-16 01:00:00
3.269;0.0;2024-03-16 01:15:00
2.915;0.0;2024-03-16 01:30:00
3.7615;0.0;2024-03-16 01:45:00
4.0405;0.0;2024-03-16 02:00:00
3.8225;0.0;2024-03-16 02:15:00
3.1575;0.0;2024-03-16 02:30:00
2.5455;0.0;2024-03-16 02:45:00
2.8635;0.0;2024-03-16 03:00:00
4.3365;0.0;2024-03-16 03:15:00
4.1855;0.0;2024-03-16 03:30:00
3.8375;0.0;2024-03-16 03:45:00
2.8565;0.0;2024-03-16 04:00:00
3.3775;0.0;2024-03-16 04:15:00
4.4285;0.0;2024-03-16 04:30:00
3.119;0.0;2024-03-16 04:45:00
2.908;0.0;2024-03-16 05:00:00
4.0345;0.0;2024-03-16 05:15:00
4.2685;0.0;2024-03-16 05:30:00
3.9925;0.0;2024-03-16 05:45:00
2.9235;0.0;2024-03-16 06:00:00
2.945;0.0;2024-03-16 06:15:00
2.978;0.0;2024-03-16 06:30:00
3.294;0.0;2024-03-16 06:45:00
4.063;0.0;2024-03-16 07:00:00
4.314;0.0;2024-03-16 07:15:00
3.996;0.0;2024-03-16 07:30:00
4.164;0.0;2024-03-16 07:45:00
4.063;0.0;2024-03-16 08:00:00
3.8085;0.0;2024-03-16 08:15:00
3.0335;0.0;2024-03-16 08:30:00
3.3495;0.0;2024-03-16 08:45:00
3.9095;0.0;2024-03-16 09:00:00
4.4665;0.0;2024-03-16 09:15:00
3.2775;0.0;2024-03-16 09:30:00
2.355;0.002;2024-03-16 09:45:00
3.048;0.0394166666666667;2024-03-16 10:00:00
3.92;0.217583333333333;2024-03-16 10:15:00
4.046;0.54075;2024-03-16 10:30:00
3.318;1.458;2024-03-16 10:45:00
4.121;2.46716666666667;2024-03-16 11:00:00
5.796;4.14175;2024-03-16 11:15:00
8.679;3.90225;2024-03-16 11:30:00
10.036;3.84883333333333;2024-03-16 11:45:00
10.193;4.437;2024-03-16 12:00:00
6.2035;6.09383333333333;2024-03-16 12:15:00
5.6255;4.94116666666667;2024-03-16 12:30:00
7.8455;2.57041666666667;2024-03-16 12:45:00
11.5155;5.03216666666667;2024-03-16 13:00:00
8.1085;2.82316666666667;2024-03-16 13:15:00
7.6135;3.43375;2024-03-16 13:30:00
10.688;10.5221666666667;2024-03-16 13:45:00
13.101;3.2795;2024-03-16 14:00:00
10.718;4.36433333333333;2024-03-16 14:15:00
7.863;7.12066666666667;2024-03-16 14:30:00
6.913;2.02683333333333;2024-03-16 14:45:00
6.273;4.7225;2024-03-16 15:00:00
5.279;4.93416666666667;2024-03-16 15:15:00
3.365;2.99091666666667;2024-03-16 15:30:00
2.8665;1.47833333333333;2024-03-16 15:45:00
3.7655;2.39075;2024-03-16 16:00:00
4.656;3.20116666666667;2024-03-16 16:15:00
3.0;2.10941666666667;2024-03-16 16:30:00
3.075;1.36866666666667;2024-03-16 16:45:00
3.406;0.580083333333333;2024-03-16 17:00:00
2.6905;0.5385;2024-03-16 17:15:00
2.6265;0.563333333333333;2024-03-16 17:30:00
2.4175;0.169416666666667;2024-03-16 17:45:00
2.2175;0.0696666666666667;2024-03-16 18:00:00
2.283;0.00158333333333333;2024-03-16 18:15:00
2.132;0.0;2024-03-16 18:30:00
2.899;0.0;2024-03-16 18:45:00
2.759;0.0;2024-03-16 19:00:00
2.9185;0.0;2024-03-16 19:15:00
2.8585;0.0;2024-03-16 19:30:00
2.7185;0.0;2024-03-16 19:45:00
2.9375;0.0;2024-03-16 20:00:00
2.699;0.0;2024-03-16 20:15:00
2.878;0.0;2024-03-16 20:30:00
2.4205;0.0;2024-03-16 20:45:00
2.3045;0.0;2024-03-16 21:00:00
2.766;0.0;2024-03-16 21:15:00
2.733;0.0;2024-03-16 21:30:00
2.6005;0.0;2024-03-16 21:45:00
3.0115;0.0;2024-03-16 22:00:00
2.6615;0.0;2024-03-16 22:15:00
2.6985;0.0;2024-03-16 22:30:00
2.973;0.0;2024-03-16 22:45:00
3.871;0.0;2024-03-16 23:00:00
2.9115;0.0;2024-03-16 23:15:00
2.7845;0.0;2024-03-16 23:30:00
2.886;0.0;2024-03-16 23:45:00
2.863;0.0;2024-03-14 00:00:00
2.2795;0.0;2024-03-14 00:15:00
2.6285;0.0;2024-03-14 00:30:00
2.193;0.0;2024-03-14 00:45:00
2.919;0.0;2024-03-14 01:00:00
2.7135;0.0;2024-03-14 01:15:00
2.8755;0.0;2024-03-14 01:30:00
3.6275;0.0;2024-03-14 01:45:00
2.8915;0.0;2024-03-14 02:00:00
2.537;0.0;2024-03-14 02:15:00
2.477;0.0;2024-03-14 02:30:00
2.8705;0.0;2024-03-14 02:45:00
2.8195;0.0;2024-03-14 03:00:00
2.7415;0.0;2024-03-14 03:15:00
2.4295;0.0;2024-03-14 03:30:00
2.613;0.0;2024-03-14 03:45:00
3.049;0.0;2024-03-14 04:00:00
2.5795;0.0;2024-03-14 04:15:00
2.5755;0.0;2024-03-14 04:30:00
8.145;0.0;2024-03-14 04:45:00
13.019;0.0;2024-03-14 05:00:00
13.8465;0.0;2024-03-14 05:15:00
12.9405;0.0;2024-03-14 05:30:00
12.7;0.0;2024-03-14 05:45:00
18.65;0.0;2024-03-14 06:00:00
21.623;0.0;2024-03-14 06:15:00
35.192;0.0;2024-03-14 06:30:00
41.3585;0.0;2024-03-14 06:45:00
38.9015;0.0;2024-03-14 07:00:00
34.615;0.0;2024-03-14 07:15:00
33.247;0.0;2024-03-14 07:30:00
28.911;0.0;2024-03-14 07:45:00
28.86;0.0;2024-03-14 08:00:00
30.314;0.0;2024-03-14 08:15:00
28.648;0.0;2024-03-14 08:30:00
31.383;0.0;2024-03-14 08:45:00
32.505;0.0;2024-03-14 09:00:00
28.3675;0.0;2024-03-14 09:15:00
35.0385;0.0;2024-03-14 09:30:00
33.807;0.0;2024-03-14 09:45:00
34.598;0.0;2024-03-14 10:00:00
33.809;0.0;2024-03-14 10:15:00
33.551;0.0;2024-03-14 10:30:00
36.0375;0.0;2024-03-14 10:45:00
34.5715;0.0;2024-03-14 11:00:00
34.738;0.0;2024-03-14 11:15:00
34.672;0.0;2024-03-14 11:30:00
34.2825;0.0;2024-03-14 11:45:00
34.0605;0.0;2024-03-14 12:00:00
38.043;0.0;2024-03-14 12:15:00
32.369;0.0;2024-03-14 12:30:00
11.802;0.0;2024-03-14 12:45:00
8.22;0.0;2024-03-14 13:00:00
6.1525;0.0;2024-03-14 13:15:00
4.1385;0.0;2024-03-14 13:30:00
3.3395;0.0;2024-03-14 13:45:00
3.5045;0.0;2024-03-14 14:00:00
3.1125;0.0;2024-03-14 14:15:00
3.5445;0.0;2024-03-14 14:30:00
3.07;0.0;2024-03-14 14:45:00
3.351;0.0;2024-03-14 15:00:00
3.243;0.0;2024-03-14 15:15:00
3.599;0.0;2024-03-14 15:30:00
4.4955;0.0;2024-03-14 15:45:00
3.8805;0.0;2024-03-14 16:00:00
3.35;0.0;2024-03-14 16:15:00
2.914;0.0;2024-03-14 16:30:00
3.7325;0.0;2024-03-14 16:45:00
3.1335;0.0;2024-03-14 17:00:00
3.2845;0.0;2024-03-14 17:15:00
2.9905;0.0;2024-03-14 17:30:00
2.8935;0.0;2024-03-14 17:45:00
3.0445;0.0;2024-03-14 18:00:00
2.5045;0.0;2024-03-14 18:15:00
2.9815;0.0;2024-03-14 18:30:00
2.542;0.0;2024-03-14 18:45:00
3.402;0.0;2024-03-14 19:00:00
3.2235;0.0;2024-03-14 19:15:00
2.8215;0.0;2024-03-14 19:30:00
3.055;0.0;2024-03-14 19:45:00
2.854;0.0;2024-03-14 20:00:00
3.699;0.0;2024-03-14 20:15:00
2.946;0.0;2024-03-14 20:30:00
3.7395;0.0;2024-03-14 20:45:00
3.5825;0.0;2024-03-14 21:00:00
3.1825;0.0;2024-03-14 21:15:00
3.4095;0.0;2024-03-14 21:30:00
3.202;0.0;2024-03-14 21:45:00
3.579;0.0;2024-03-14 22:00:00
3.658;0.0;2024-03-14 22:15:00
3.552;0.0;2024-03-14 22:30:00
3.237;0.0;2024-03-14 22:45:00
3.308;0.0;2024-03-14 23:00:00
3.7865;0.0;2024-03-14 23:15:00
3.3035;0.0;2024-03-14 23:30:00
3.6575;0.0;2024-03-14 23:45:00
1.949;0.0;2024-03-12 00:00:00
2.154;0.0;2024-03-12 00:15:00
2.513;0.0;2024-03-12 00:30:00
2.26;0.0;2024-03-12 00:45:00
2.535;0.0;2024-03-12 01:00:00
2.549;0.0;2024-03-12 01:15:00
2.788;0.0;2024-03-12 01:30:00
2.389;0.0;2024-03-12 01:45:00
2.573;0.0;2024-03-12 02:00:00
2.261;0.0;2024-03-12 02:15:00
2.55;0.0;2024-03-12 02:30:00
2.6895;0.0;2024-03-12 02:45:00
2.6245;0.0;2024-03-12 03:00:00
2.41;0.0;2024-03-12 03:15:00
2.492;0.0;2024-03-12 03:30:00
2.504;0.0;2024-03-12 03:45:00
2.101;0.0;2024-03-12 04:00:00
2.154;0.0;2024-03-12 04:15:00
3.189;0.0;2024-03-12 04:30:00
8.1;0.0;2024-03-12 04:45:00
10.931;0.0;2024-03-12 05:00:00
12.0485;0.0;2024-03-12 05:15:00
18.6075;0.0;2024-03-12 05:30:00
35.457;0.0;2024-03-12 05:45:00
40.097;0.0;2024-03-12 06:00:00
37.582;0.0;2024-03-12 06:15:00
38.507;0.0;2024-03-12 06:30:00
36.0945;0.0;2024-03-12 06:45:00
35.7805;0.0;2024-03-12 07:00:00
37.8845;0.0;2024-03-12 07:15:00
36.0335;0.0;2024-03-12 07:30:00
37.704;0.0;2024-03-12 07:45:00
39.975;0.0;2024-03-12 08:00:00
35.57;0.0;2024-03-12 08:15:00
35.756;0.0;2024-03-12 08:30:00
36.259;0.0;2024-03-12 08:45:00
32.461;0.0;2024-03-12 09:00:00
31.508;0.0;2024-03-12 09:15:00
33.2;0.0;2024-03-12 09:30:00
40.068;0.0;2024-03-12 09:45:00
41.692;0.0;2024-03-12 10:00:00
36.7935;0.0;2024-03-12 10:15:00
37.2275;0.0;2024-03-12 10:30:00
38.545;0.0;2024-03-12 10:45:00
37.38;0.0;2024-03-12 11:00:00
43.6055;0.0;2024-03-12 11:15:00
45.9185;0.0;2024-03-12 11:30:00
39.2045;0.0;2024-03-12 11:45:00
41.6805;0.0;2024-03-12 12:00:00
39.161;0.0;2024-03-12 12:15:00
38.303;0.0;2024-03-12 12:30:00
14.275;0.0;2024-03-12 12:45:00
4.083;0.0;2024-03-12 13:00:00
3.818;0.0;2024-03-12 13:15:00
3.423;0.0;2024-03-12 13:30:00
3.775;0.0;2024-03-12 13:45:00
3.801;0.0;2024-03-12 14:00:00
3.515;0.0;2024-03-12 14:15:00
3.461;0.0;2024-03-12 14:30:00
3.7195;0.0;2024-03-12 14:45:00
3.4935;0.0;2024-03-12 15:00:00
3.455;0.0;2024-03-12 15:15:00
3.18;0.0;2024-03-12 15:30:00
3.313;0.0;2024-03-12 15:45:00
3.405;0.0;2024-03-12 16:00:00
3.3805;0.0;2024-03-12 16:15:00
3.9715;0.0;2024-03-12 16:30:00
4.0295;0.0;2024-03-12 16:45:00
3.9115;0.0;2024-03-12 17:00:00
3.7955;0.0;2024-03-12 17:15:00
4.0735;0.0;2024-03-12 17:30:00
3.407;0.0;2024-03-12 17:45:00
3.482;0.0;2024-03-12 18:00:00
3.5835;0.0;2024-03-12 18:15:00
2.7245;0.0;2024-03-12 18:30:00
2.8015;0.0;2024-03-12 18:45:00
2.6745;0.0;2024-03-12 19:00:00
2.5395;0.0;2024-03-12 19:15:00
2.9035;0.0;2024-03-12 19:30:00
2.387;0.0;2024-03-12 19:45:00
2.496;0.0;2024-03-12 20:00:00
2.96;0.0;2024-03-12 20:15:00
3.79;0.0;2024-03-12 20:30:00
3.4435;0.0;2024-03-12 20:45:00
3.3675;0.0;2024-03-12 21:00:00
3.259;0.0;2024-03-12 21:15:00
3.178;0.0;2024-03-12 21:30:00
3.26;0.0;2024-03-12 21:45:00
2.852;0.0;2024-03-12 22:00:00
3.449;0.0;2024-03-12 22:15:00
3.579;0.0;2024-03-12 22:30:00
4.865;0.0;2024-03-12 22:45:00
3.826;0.0;2024-03-12 23:00:00
3.3385;0.0;2024-03-12 23:15:00
3.9355;0.0;2024-03-12 23:30:00
3.7065;0.0;2024-03-12 23:45:00
1.701;0.0;2024-03-04 00:00:00
1.627;0.0;2024-03-04 00:15:00
1.807;0.0;2024-03-04 00:30:00
1.6285;0.0;2024-03-04 00:45:00
1.6225;0.0;2024-03-04 01:00:00
1.7735;0.0;2024-03-04 01:15:00
1.7165;0.0;2024-03-04 01:30:00
1.619;0.0;2024-03-04 01:45:00
1.61;0.0;2024-03-04 02:00:00
1.818;0.0;2024-03-04 02:15:00
1.66;0.0;2024-03-04 02:30:00
1.613;0.0;2024-03-04 02:45:00
1.753;0.0;2024-03-04 03:00:00
1.6545;0.0;2024-03-04 03:15:00
1.6135;0.0;2024-03-04 03:30:00
1.6705;0.0;2024-03-04 03:45:00
1.7575;0.0;2024-03-04 04:00:00
1.641;0.0;2024-03-04 04:15:00
3.137;0.0;2024-03-04 04:30:00
6.799;0.0;2024-03-04 04:45:00
17.481;0.0;2024-03-04 05:00:00
32.637;0.0;2024-03-04 05:15:00
29.893;0.0;2024-03-04 05:30:00
26.5735;0.0;2024-03-04 05:45:00
31.9195;0.0;2024-03-04 06:00:00
36.1115;0.0;2024-03-04 06:15:00
37.6265;0.0;2024-03-04 06:30:00
35.494;0.0;2024-03-04 06:45:00
32.515;0.039;2024-03-04 07:00:00
33.4475;0.259333333333333;2024-03-04 07:15:00
33.2075;0.448;2024-03-04 07:30:00
30.5865;0.884666666666667;2024-03-04 07:45:00
33.2085;1.54383333333333;2024-03-04 08:00:00
30.4975;1.77916666666667;2024-03-04 08:15:00
26.3215;1.57733333333333;2024-03-04 08:30:00
26.2155;1.64633333333333;2024-03-04 08:45:00
26.2805;2.81433333333333;2024-03-04 09:00:00
26.171;2.08766666666667;2024-03-04 09:15:00
28.726;2.05933333333333;2024-03-04 09:30:00
35.571;4.25533333333333;2024-03-04 09:45:00
35.441;3.68033333333333;2024-03-04 10:00:00
35.466;4.29233333333333;2024-03-04 10:15:00
37.202;9.7305;2024-03-04 10:30:00
43.0655;11.4046666666667;2024-03-04 10:45:00
37.5005;15.7933333333333;2024-03-04 11:00:00
36.335;15.7501666666667;2024-03-04 11:15:00
32.516;19.6186666666667;2024-03-04 11:30:00
34.024;9.831;2024-03-04 11:45:00
38.313;16.918;2024-03-04 12:00:00
22.965;12.2053333333333;2024-03-04 12:15:00
13.606;7.39683333333333;2024-03-04 12:30:00
10.233;6.92066666666667;2024-03-04 12:45:00
8.345;6.19083333333333;2024-03-04 13:00:00
7.6075;6.87216666666667;2024-03-04 13:15:00
8.4665;11.494;2024-03-04 13:30:00
9.1485;12.4358333333333;2024-03-04 13:45:00
8.3895;15.142;2024-03-04 14:00:00
8.7215;14.9001666666667;2024-03-04 14:15:00
9.3435;16.1733333333333;2024-03-04 14:30:00
8.2895;8.785;2024-03-04 14:45:00
7.9695;14.014;2024-03-04 15:00:00
8.4015;15.9791666666667;2024-03-04 15:15:00
8.1585;14.7736666666667;2024-03-04 15:30:00
7.4755;12.3903333333333;2024-03-04 15:45:00
7.3605;7.34666666666667;2024-03-04 16:00:00
5.82;5.29383333333333;2024-03-04 16:15:00
6.377;10.7135;2024-03-04 16:30:00
4.851;2.0595;2024-03-04 16:45:00
5.654;9.6185;2024-03-04 17:00:00
5.7825;8.48283333333333;2024-03-04 17:15:00
5.2805;7.64083333333333;2024-03-04 17:30:00
4.85;5.9885;2024-03-04 17:45:00
4.576;5.7155;2024-03-04 18:00:00
4.0905;4.91733333333333;2024-03-04 18:15:00
3.8115;4.05083333333333;2024-03-04 18:30:00
2.9825;3.22033333333333;2024-03-04 18:45:00
2.9625;2.42066666666667;2024-03-04 19:00:00
2.111;1.6115;2024-03-04 19:15:00
2.274;1.4695;2024-03-04 19:30:00
1.5485;0.7695;2024-03-04 19:45:00
2.1855;0.354166666666667;2024-03-04 20:00:00
1.392;0.136166666666667;2024-03-04 20:15:00
1.652;0.0128333333333333;2024-03-04 20:30:00
1.3515;0.0;2024-03-04 20:45:00
2.2155;0.0;2024-03-04 21:00:00
1.852;0.0;2024-03-04 21:15:00
2.273;0.0;2024-03-04 21:30:00
1.8495;0.0;2024-03-04 21:45:00
2.3105;0.0;2024-03-04 22:00:00
1.797;0.0;2024-03-04 22:15:00
2.329;0.0;2024-03-04 22:30:00
1.832;0.0;2024-03-04 22:45:00
2.377;0.0;2024-03-04 23:00:00
2.1435;0.0;2024-03-04 23:15:00
2.3165;0.0;2024-03-04 23:30:00
1.851;0.0;2024-03-04 23:45:00
1.4355;0.0;2024-03-31 00:00:00
1.5065;0.0;2024-03-31 00:15:00
1.4875;0.0;2024-03-31 00:30:00
1.4495;0.0;2024-03-31 00:45:00
1.4575;0.0;2024-03-31 01:00:00
1.502;0.0;2024-03-31 01:15:00
1.463;0.0;2024-03-31 01:30:00
1.4675;0.0;2024-03-31 01:45:00
1.4755;0.0;2024-03-31 02:00:00
1.5005;0.0;2024-03-31 02:15:00
1.4465;0.0;2024-03-31 02:30:00
1.463;0.0;2024-03-31 02:45:00
1.791;0.0;2024-03-31 03:00:00
1.8415;0.0;2024-03-31 03:15:00
1.4615;0.0;2024-03-31 03:30:00
1.57;0.0;2024-03-31 03:45:00
1.583;0.0;2024-03-31 04:00:00
1.6775;0.0;2024-03-31 04:15:00
5.2595;0.0;2024-03-31 04:30:00
7.1855;0.0;2024-03-31 04:45:00
10.7935;0.0;2024-03-31 05:00:00
11.3175;0.0;2024-03-31 05:15:00
11.0265;0.0;2024-03-31 05:30:00
16.908;0.0;2024-03-31 05:45:00
17.447;0.0;2024-03-31 06:00:00
14.0465;0.0;2024-03-31 06:15:00
16.8935;0.0;2024-03-31 06:30:00
13.5285;0.0;2024-03-31 06:45:00
9.3215;0.0;2024-03-31 07:00:00
23.7845;0.0181666666666667;2024-03-31 07:15:00
24.8455;0.116583333333333;2024-03-31 07:30:00
16.4125;0.429083333333333;2024-03-31 07:45:00
16.5655;0.879916666666667;2024-03-31 08:00:00
14.8685;1.19566666666667;2024-03-31 08:15:00
20.4195;1.8765;2024-03-31 08:30:00
21.887;1.48216666666667;2024-03-31 08:45:00
12.992;1.86241666666667;2024-03-31 09:00:00
10.196;1.51416666666667;2024-03-31 09:15:00
17.717;1.77583333333333;2024-03-31 09:30:00
26.831;3.27816666666667;2024-03-31 09:45:00
30.275;5.12683333333333;2024-03-31 10:00:00
21.969;3.19783333333333;2024-03-31 10:15:00
22.42;3.294;2024-03-31 10:30:00
18.051;3.39741666666667;2024-03-31 10:45:00
17.415;5.34183333333333;2024-03-31 11:00:00
18.627;6.29466666666667;2024-03-31 11:15:00
17.274;7.3085;2024-03-31 11:30:00
16.525;5.20975;2024-03-31 11:45:00
17.649;5.66108333333333;2024-03-31 12:00:00
17.381;10.2380833333333;2024-03-31 12:15:00
18.135;12.5533333333333;2024-03-31 12:30:00
11.792;7.98466666666667;2024-03-31 12:45:00
9.994;4.99641666666667;2024-03-31 13:00:00
9.1065;4.931;2024-03-31 13:15:00
6.9665;4.31625;2024-03-31 13:30:00
6.3855;3.67991666666667;2024-03-31 13:45:00
6.5795;4.08158333333333;2024-03-31 14:00:00
4.943;3.22916666666667;2024-03-31 14:15:00
3.676;1.89858333333333;2024-03-31 14:30:00
3.722;3.48658333333333;2024-03-31 14:45:00
3.007;1.63475;2024-03-31 15:00:00
3.5055;1.93666666666667;2024-03-31 15:15:00
5.5835;2.78625;2024-03-31 15:30:00
4.794;3.14766666666667;2024-03-31 15:45:00
4.975;3.14958333333333;2024-03-31 16:00:00
4.9285;3.19541666666667;2024-03-31 16:15:00
4.1045;2.61833333333333;2024-03-31 16:30:00
3.4175;2.38666666666667;2024-03-31 16:45:00
2.8185;1.85866666666667;2024-03-31 17:00:00
2.962;2.7285;2024-03-31 17:15:00
3.039;1.822;2024-03-31 17:30:00
3.0605;2.50716666666667;2024-03-31 17:45:00
2.9715;1.71383333333333;2024-03-31 18:00:00
2.5525;2.51516666666667;2024-03-31 18:15:00
2.7655;1.7655;2024-03-31 18:30:00
2.1045;1.31558333333333;2024-03-31 18:45:00
1.5765;0.888916666666667;2024-03-31 19:00:00
2.0635;0.62775;2024-03-31 19:15:00
1.4055;0.33975;2024-03-31 19:30:00
1.2975;0.100166666666667;2024-03-31 19:45:00
1.6445;0.0126666666666667;2024-03-31 20:00:00
1.67;0.0;2024-03-31 20:15:00
1.988;0.0;2024-03-31 20:30:00
2.0415;0.0;2024-03-31 20:45:00
1.9885;0.0;2024-03-31 21:00:00
2.0715;0.0;2024-03-31 21:15:00
2.0465;0.0;2024-03-31 21:30:00
2.112;0.0;2024-03-31 21:45:00
1.942;0.0;2024-03-31 22:00:00
2.2145;0.0;2024-03-31 22:15:00
2.4185;0.0;2024-03-31 22:30:00
1.826;0.0;2024-03-31 22:45:00
2.036;0.0;2024-03-31 23:00:00
2.2735;0.0;2024-03-31 23:15:00
2.0165;0.0;2024-03-31 23:30:00
2.0625;0.0;2024-03-31 23:45:00
3.049;0.0;2024-04-02 00:00:00
2.7415;0.0;2024-04-02 00:15:00
2.5495;0.0;2024-04-02 00:30:00
2.72;0.0;2024-04-02 00:45:00
3.115;0.0;2024-04-02 01:00:00
2.664;0.0;2024-04-02 01:15:00
2.712;0.0;2024-04-02 01:30:00
2.5855;0.0;2024-04-02 01:45:00
2.5495;0.0;2024-04-02 02:00:00
2.909;0.0;2024-04-02 02:15:00
2.776;0.0;2024-04-02 02:30:00
3.2615;0.0;2024-04-02 02:45:00
3.5755;0.0;2024-04-02 03:00:00
2.9755;0.0;2024-04-02 03:15:00
2.8735;0.0;2024-04-02 03:30:00
2.9155;0.0;2024-04-02 03:45:00
3.1785;0.0;2024-04-02 04:00:00
2.7505;0.0;2024-04-02 04:15:00
2.4935;0.0;2024-04-02 04:30:00
2.9335;0.0;2024-04-02 04:45:00
3.0725;0.0;2024-04-02 05:00:00
2.54;0.0;2024-04-02 05:15:00
2.148;0.0;2024-04-02 05:30:00
2.8235;0.0;2024-04-02 05:45:00
2.3675;0.0;2024-04-02 06:00:00
2.3945;0.0;2024-04-02 06:15:00
2.3735;0.0;2024-04-02 06:30:00
1.677;0.0;2024-04-02 06:45:00
1.788;0.000833333333333333;2024-04-02 07:00:00
2.2705;0.0270833333333333;2024-04-02 07:15:00
2.1565;0.03975;2024-04-02 07:30:00
2.797;0.157916666666667;2024-04-02 07:45:00
2.49;0.341416666666667;2024-04-02 08:00:00
2.7285;0.290666666666667;2024-04-02 08:15:00
2.6465;0.270666666666667;2024-04-02 08:30:00
2.137;0.36975;2024-04-02 08:45:00
2.317;0.690916666666667;2024-04-02 09:00:00
3.405;0.71;2024-04-02 09:15:00
2.791;0.394333333333333;2024-04-02 09:30:00
2.3585;1.3175;2024-04-02 09:45:00
2.7385;1.52383333333333;2024-04-02 10:00:00
2.2065;1.54441666666667;2024-04-02 10:15:00
2.1655;0.48025;2024-04-02 10:30:00
2.327;1.14558333333333;2024-04-02 10:45:00
2.345;2.42316666666667;2024-04-02 11:00:00
2.001;3.107;2024-04-02 11:15:00
1.928;4.39725;2024-04-02 11:30:00
2.6605;5.27083333333333;2024-04-02 11:45:00
2.0825;4.87933333333333;2024-04-02 12:00:00
2.0735;4.84583333333333;2024-04-02 12:15:00
2.0265;5.31233333333333;2024-04-02 12:30:00
2.419;7.09025;2024-04-02 12:45:00
2.152;7.5315;2024-04-02 13:00:00
1.6125;7.71841666666667;2024-04-02 13:15:00
1.9945;6.83725;2024-04-02 13:30:00
2.171;7.75741666666667;2024-04-02 13:45:00
1.479;7.78608333333333;2024-04-02 14:00:00
1.635;7.903;2024-04-02 14:15:00
1.541;8.08316666666667;2024-04-02 14:30:00
1.2615;5.37125;2024-04-02 14:45:00
1.5685;1.73166666666667;2024-04-02 15:00:00
1.2925;2.11641666666667;2024-04-02 15:15:00
1.4415;1.75558333333333;2024-04-02 15:30:00
1.873;2.178;2024-04-02 15:45:00
1.87;3.86833333333333;2024-04-02 16:00:00
1.9135;2.88591666666667;2024-04-02 16:15:00
1.9805;2.67983333333333;2024-04-02 16:30:00
2.285;2.78375;2024-04-02 16:45:00
2.209;2.51366666666667;2024-04-02 17:00:00
1.716;1.15191666666667;2024-04-02 17:15:00
2.103;4.84416666666667;2024-04-02 17:30:00
2.438;0.862666666666667;2024-04-02 17:45:00
1.896;2.4115;2024-04-02 18:00:00
1.74;0.554166666666667;2024-04-02 18:15:00
2.051;0.61175;2024-04-02 18:30:00
1.972;1.48791666666667;2024-04-02 18:45:00
2.172;0.942833333333333;2024-04-02 19:00:00
1.5465;0.502;2024-04-02 19:15:00
1.5055;0.620083333333333;2024-04-02 19:30:00
1.3235;0.131083333333333;2024-04-02 19:45:00
1.4595;0.0505833333333333;2024-04-02 20:00:00
1.7275;0.00491666666666667;2024-04-02 20:15:00
2.1205;0.00683333333333333;2024-04-02 20:30:00
1.733;0.0;2024-04-02 20:45:00
2.141;0.0;2024-04-02 21:00:00
2.108;0.0;2024-04-02 21:15:00
2.29;0.0;2024-04-02 21:30:00
2.0835;0.0;2024-04-02 21:45:00
2.5275;0.0;2024-04-02 22:00:00
3.1745;0.0;2024-04-02 22:15:00
2.8985;0.0;2024-04-02 22:30:00
2.702;0.0;2024-04-02 22:45:00
2.894;0.0;2024-04-02 23:00:00
2.567;0.0;2024-04-02 23:15:00
2.459;0.0;2024-04-02 23:30:00
2.4695;0.0;2024-04-02 23:45:00
2.48;0.0;2024-04-04 00:00:00
2.0085;0.0;2024-04-04 00:15:00
2.4265;0.0;2024-04-04 00:30:00
2.0915;0.0;2024-04-04 00:45:00
2.3265;0.0;2024-04-04 01:00:00
2.531;0.0;2024-04-04 01:15:00
2.424;0.0;2024-04-04 01:30:00
2.1355;0.0;2024-04-04 01:45:00
1.8335;0.0;2024-04-04 02:00:00
1.9315;0.0;2024-04-04 02:15:00
2.0395;0.0;2024-04-04 02:30:00
1.7645;0.0;2024-04-04 02:45:00
2.0345;0.0;2024-04-04 03:00:00
2.1115;0.0;2024-04-04 03:15:00
1.5695;0.0;2024-04-04 03:30:00
2.1275;0.0;2024-04-04 03:45:00
2.0745;0.0;2024-04-04 04:00:00
1.887;0.0;2024-04-04 04:15:00
1.887;0.0;2024-04-04 04:30:00
4.1905;0.0;2024-04-04 04:45:00
5.4275;0.0;2024-04-04 05:00:00
5.919;0.0;2024-04-04 05:15:00
6.913;0.0;2024-04-04 05:30:00
6.273;0.0;2024-04-04 05:45:00
5.687;0.0;2024-04-04 06:00:00
5.6535;0.0;2024-04-04 06:15:00
5.4315;0.00108333333333333;2024-04-04 06:30:00
4.301;0.0;2024-04-04 06:45:00
4.676;0.0508333333333333;2024-04-04 07:00:00
3.6665;0.0918333333333333;2024-04-04 07:15:00
3.5495;0.227833333333333;2024-04-04 07:30:00
3.5365;0.266833333333333;2024-04-04 07:45:00
3.7305;0.233166666666667;2024-04-04 08:00:00
3.869;0.566666666666667;2024-04-04 08:15:00
4.031;0.675333333333333;2024-04-04 08:30:00
4.152;0.450083333333333;2024-04-04 08:45:00
4.101;0.56075;2024-04-04 09:00:00
5.314;1.12741666666667;2024-04-04 09:15:00
4.379;0.744583333333333;2024-04-04 09:30:00
3.4665;1.76658333333333;2024-04-04 09:45:00
3.9215;1.66458333333333;2024-04-04 10:00:00
3.9655;0.563;2024-04-04 10:15:00
3.6565;2.61641666666667;2024-04-04 10:30:00
3.674;1.69025;2024-04-04 10:45:00
3.71;1.549;2024-04-04 11:00:00
3.669;2.2555;2024-04-04 11:15:00
3.371;2.44916666666667;2024-04-04 11:30:00
2.532;2.09558333333333;2024-04-04 11:45:00
2.007;5.97783333333333;2024-04-04 12:00:00
1.239;2.78333333333333;2024-04-04 12:15:00
1.398;3.13325;2024-04-04 12:30:00
1.0825;2.43225;2024-04-04 12:45:00
1.0155;1.791;2024-04-04 13:00:00
1.2875;2.11825;2024-04-04 13:15:00
1.3985;1.86683333333333;2024-04-04 13:30:00
1.391;1.11766666666667;2024-04-04 13:45:00
1.385;2.72925;2024-04-04 14:00:00
0.8215;2.32225;2024-04-04 14:15:00
1.4385;2.56258333333333;2024-04-04 14:30:00
1.7065;7.98525;2024-04-04 14:45:00
1.2025;7.91916666666667;2024-04-04 15:00:00
1.716;6.67891666666667;2024-04-04 15:15:00
1.809;7.78733333333333;2024-04-04 15:30:00
1.724;5.8565;2024-04-04 15:45:00
1.715;8.08316666666667;2024-04-04 16:00:00
1.639;7.11966666666667;2024-04-04 16:15:00
1.834;5.68525;2024-04-04 16:30:00
1.5665;5.49083333333333;2024-04-04 16:45:00
1.7875;4.06908333333333;2024-04-04 17:00:00
1.079;5.6995;2024-04-04 17:15:00
1.405;2.42675;2024-04-04 17:30:00
1.138;1.53925;2024-04-04 17:45:00
1.325;0.908833333333333;2024-04-04 18:00:00
1.365;1.17108333333333;2024-04-04 18:15:00
1.54;0.914666666666667;2024-04-04 18:30:00
0.9735;0.490083333333333;2024-04-04 18:45:00
1.2695;0.861833333333333;2024-04-04 19:00:00
1.097;0.431666666666667;2024-04-04 19:15:00
1.25;0.25375;2024-04-04 19:30:00
0.9635;0.121583333333333;2024-04-04 19:45:00
1.0725;0.0646666666666667;2024-04-04 20:00:00
1.385;0.0185;2024-04-04 20:15:00
1.472;0.0;2024-04-04 20:30:00
1.7915;0.0;2024-04-04 20:45:00
2.0935;0.0;2024-04-04 21:00:00
2.3595;0.0;2024-04-04 21:15:00
2.3285;0.0;2024-04-04 21:30:00
2.251;0.0;2024-04-04 21:45:00
2.165;0.0;2024-04-04 22:00:00
2.317;0.0;2024-04-04 22:15:00
2.371;0.0;2024-04-04 22:30:00
1.9895;0.0;2024-04-04 22:45:00
2.3975;0.0;2024-04-04 23:00:00
2.6315;0.0;2024-04-04 23:15:00
2.5855;0.0;2024-04-04 23:30:00
2.3205;0.0;2024-04-04 23:45:00
1.8925;0.0;2024-04-27 00:00:00
1.989;0.0;2024-04-27 00:15:00
1.875;0.0;2024-04-27 00:30:00
2.204;0.0;2024-04-27 00:45:00
1.704;0.0;2024-04-27 01:00:00
1.857;0.0;2024-04-27 01:15:00
1.618;0.0;2024-04-27 01:30:00
1.895;0.0;2024-04-27 01:45:00
1.669;0.0;2024-04-27 02:00:00
1.846;0.0;2024-04-27 02:15:00
1.789;0.0;2024-04-27 02:30:00
1.788;0.0;2024-04-27 02:45:00
2.146;0.0;2024-04-27 03:00:00
1.7735;0.0;2024-04-27 03:15:00
1.9895;0.0;2024-04-27 03:30:00
1.341;0.0;2024-04-27 03:45:00
1.504;0.0;2024-04-27 04:00:00
1.3095;0.0;2024-04-27 04:15:00
1.5085;0.0;2024-04-27 04:30:00
1.311;0.0;2024-04-27 04:45:00
1.395;0.0;2024-04-27 05:00:00
1.417;0.0;2024-04-27 05:15:00
1.383;0.0;2024-04-27 05:30:00
1.745;0.0;2024-04-27 05:45:00
1.597;0.0;2024-04-27 06:00:00
1.435;0.0;2024-04-27 06:15:00
1.299;0.0;2024-04-27 06:30:00
1.5985;0.0;2024-04-27 06:45:00
1.3565;0.0;2024-04-27 07:00:00
1.5395;0.0;2024-04-27 07:15:00
1.8825;0.0;2024-04-27 07:30:00
1.763;0.0;2024-04-27 07:45:00
1.872;0.02825;2024-04-27 08:00:00
1.7735;0.460583333333333;2024-04-27 08:15:00
1.9525;0.707083333333333;2024-04-27 08:30:00
1.5955;0.96225;2024-04-27 08:45:00
1.2825;1.97541666666667;2024-04-27 09:00:00
1.801;4.23991666666667;2024-04-27 09:15:00
1.297;5.42225;2024-04-27 09:30:00
1.1775;8.156;2024-04-27 09:45:00
1.6795;7.26866666666667;2024-04-27 10:00:00
1.3015;10.45725;2024-04-27 10:15:00
1.0415;9.02175;2024-04-27 10:30:00
1.6465;12.0361666666667;2024-04-27 10:45:00
1.3755;10.1991666666667;2024-04-27 11:00:00
1.1465;13.9581666666667;2024-04-27 11:15:00
1.1935;11.492;2024-04-27 11:30:00
1.2975;15.14625;2024-04-27 11:45:00
1.1115;11.9653333333333;2024-04-27 12:00:00
1.456;15.9369166666667;2024-04-27 12:15:00
1.238;12.5431666666667;2024-04-27 12:30:00
0.9455;16.6376666666667;2024-04-27 12:45:00
0.8185;12.8746666666667;2024-04-27 13:00:00
0.682;16.5758333333333;2024-04-27 13:15:00
0.834;12.8078333333333;2024-04-27 13:30:00
0.753;16.4481666666667;2024-04-27 13:45:00
0.971;12.4395833333333;2024-04-27 14:00:00
0.815;14.8285833333333;2024-04-27 14:15:00
0.974;5.6955;2024-04-27 14:30:00
0.7185;12.3771666666667;2024-04-27 14:45:00
0.6825;11.2366666666667;2024-04-27 15:00:00
0.8155;13.94375;2024-04-27 15:15:00
0.6725;10.14475;2024-04-27 15:30:00
0.9035;11.796;2024-04-27 15:45:00
1.0305;8.63975;2024-04-27 16:00:00
0.837;7.63216666666667;2024-04-27 16:15:00
0.696;3.68225;2024-04-27 16:30:00
0.845;9.407;2024-04-27 16:45:00
0.77;3.44791666666667;2024-04-27 17:00:00
0.7605;4.26591666666667;2024-04-27 17:15:00
0.7615;3.40766666666667;2024-04-27 17:30:00
0.681;2.85983333333333;2024-04-27 17:45:00
0.84;1.28716666666667;2024-04-27 18:00:00
0.68;0.992416666666667;2024-04-27 18:15:00
0.813;0.32825;2024-04-27 18:30:00
0.7245;0.130083333333333;2024-04-27 18:45:00
0.7415;0.0;2024-04-27 19:00:00
0.811;0.0;2024-04-27 19:15:00
0.832;0.0;2024-04-27 19:30:00
1.231;0.0;2024-04-27 19:45:00
1.203;0.0;2024-04-27 20:00:00
1.4205;0.0;2024-04-27 20:15:00
1.9295;0.0;2024-04-27 20:30:00
1.6405;0.0;2024-04-27 20:45:00
1.9635;0.0;2024-04-27 21:00:00
1.642;0.0;2024-04-27 21:15:00
1.947;0.0;2024-04-27 21:30:00
1.707;0.0;2024-04-27 21:45:00
1.688;0.0;2024-04-27 22:00:00
1.965;0.0;2024-04-27 22:15:00
1.337;0.0;2024-04-27 22:30:00
1.551;0.0;2024-04-27 22:45:00
1.264;0.0;2024-04-27 23:00:00
1.747;0.0;2024-04-27 23:15:00
1.626;0.0;2024-04-27 23:30:00
1.4975;0.0;2024-04-27 23:45:00
2.816;0.0;2024-04-11 00:00:00
2.8435;0.0;2024-04-11 00:15:00
2.1215;0.0;2024-04-11 00:30:00
2.64;0.0;2024-04-11 00:45:00
2.616;0.0;2024-04-11 01:00:00
2.097;0.0;2024-04-11 01:15:00
2.521;0.0;2024-04-11 01:30:00
2.7;0.0;2024-04-11 01:45:00
2.15;0.0;2024-04-11 02:00:00
2.6185;0.0;2024-04-11 02:15:00
3.0515;0.0;2024-04-11 02:30:00
2.0935;0.0;2024-04-11 02:45:00
2.2975;0.0;2024-04-11 03:00:00
2.8625;0.0;2024-04-11 03:15:00
2.3185;0.0;2024-04-11 03:30:00
2.2175;0.0;2024-04-11 03:45:00
2.7605;0.0;2024-04-11 04:00:00
2.5215;0.0;2024-04-11 04:15:00
2.1045;0.0;2024-04-11 04:30:00
2.8445;0.0;2024-04-11 04:45:00
2.8365;0.0;2024-04-11 05:00:00
2.0945;0.0;2024-04-11 05:15:00
4.3595;0.0;2024-04-11 05:30:00
6.919;0.0;2024-04-11 05:45:00
9.672;0.0;2024-04-11 06:00:00
15.571;0.0;2024-04-11 06:15:00
15.28;0.0;2024-04-11 06:30:00
13.652;0.0;2024-04-11 06:45:00
15.344;0.0;2024-04-11 07:00:00
15.4405;0.0;2024-04-11 07:15:00
18.2735;0.0;2024-04-11 07:30:00
17.8695;0.0;2024-04-11 07:45:00
23.5655;0.129;2024-04-11 08:00:00
33.9095;1.55583333333333;2024-04-11 08:15:00
39.5855;0.533;2024-04-11 08:30:00
37.745;0.404666666666667;2024-04-11 08:45:00
39.68;0.769916666666667;2024-04-11 09:00:00
39.8625;2.04766666666667;2024-04-11 09:15:00
36.5985;1.16866666666667;2024-04-11 09:30:00
35.4195;1.46525;2024-04-11 09:45:00
34.3625;2.72808333333333;2024-04-11 10:00:00
30.895;2.97233333333333;2024-04-11 10:15:00
35.49;1.47183333333333;2024-04-11 10:30:00
34.2615;1.97033333333333;2024-04-11 10:45:00
36.8045;3.20591666666667;2024-04-11 11:00:00
40.384;2.371;2024-04-11 11:15:00
39.274;6.26375;2024-04-11 11:30:00
35.986;10.98925;2024-04-11 11:45:00
31.24;3.93341666666667;2024-04-11 12:00:00
23.67;2.40691666666667;2024-04-11 12:15:00
13.589;2.109;2024-04-11 12:30:00
12.1675;0.841833333333333;2024-04-11 12:45:00
14.6395;1.35416666666667;2024-04-11 13:00:00
13.254;0.0;2024-04-11 13:15:00
10.073;0.0;2024-04-11 13:30:00
6.5185;0.0;2024-04-11 13:45:00
3.1675;0.0;2024-04-11 14:00:00
0.0;0.0;2024-04-11 14:15:00
0.0;0.01;2024-04-11 14:30:00
0.0;0.452083333333333;2024-04-11 14:45:00
0.0;1.20991666666667;2024-04-11 15:00:00
0.466;4.04408333333333;2024-04-11 15:15:00
1.608;5.09366666666667;2024-04-11 15:30:00
1.609;9.23766666666667;2024-04-11 15:45:00
2.187;4.53283333333333;2024-04-11 16:00:00
1.4935;11.04175;2024-04-11 16:15:00
1.4495;2.74733333333333;2024-04-11 16:30:00
1.669;2.88716666666667;2024-04-11 16:45:00
1.525;5.59375;2024-04-11 17:00:00
1.525;1.04991666666667;2024-04-11 17:15:00
1.53;0.318083333333333;2024-04-11 17:30:00
1.551;0.522;2024-04-11 17:45:00
1.527;1.44016666666667;2024-04-11 18:00:00
1.397;1.24366666666667;2024-04-11 18:15:00
1.723;0.337083333333333;2024-04-11 18:30:00
1.4285;0.00766666666666667;2024-04-11 18:45:00
1.5275;0.0;2024-04-11 19:00:00
1.471;0.0;2024-04-11 19:15:00
1.585;0.0;2024-04-11 19:30:00
1.528;0.0;2024-04-11 19:45:00
1.237;0.0;2024-04-11 20:00:00
1.754;0.0;2024-04-11 20:15:00
1.747;0.0;2024-04-11 20:30:00
1.563;0.0;2024-04-11 20:45:00
1.385;0.0;2024-04-11 21:00:00
1.509;0.0;2024-04-11 21:15:00
1.595;0.0;2024-04-11 21:30:00
1.6165;0.0;2024-04-11 21:45:00
1.2685;0.0;2024-04-11 22:00:00
1.4105;0.0;2024-04-11 22:15:00
1.3935;0.0;2024-04-11 22:30:00
1.5195;0.0;2024-04-11 22:45:00
1.6355;0.0;2024-04-11 23:00:00
1.456;0.0;2024-04-11 23:15:00
1.497;0.0;2024-04-11 23:30:00
1.9565;0.0;2024-04-11 23:45:00
2.3895;0.0;2024-05-04 00:00:00
2.6525;0.0;2024-05-04 00:15:00
2.1695;0.0;2024-05-04 00:30:00
2.664;0.0;2024-05-04 00:45:00
2.838;0.0;2024-05-04 01:00:00
2.4245;0.0;2024-05-04 01:15:00
2.7165;0.0;2024-05-04 01:30:00
2.164;0.0;2024-05-04 01:45:00
3.022;0.0;2024-05-04 02:00:00
3.107;0.0;2024-05-04 02:15:00
3.208;0.0;2024-05-04 02:30:00
3.2825;0.0;2024-05-04 02:45:00
3.0475;0.0;2024-05-04 03:00:00
3.5805;0.0;2024-05-04 03:15:00
2.9735;0.0;2024-05-04 03:30:00
3.3005;0.0;2024-05-04 03:45:00
3.3945;0.0;2024-05-04 04:00:00
2.862;0.0;2024-05-04 04:15:00
4.009;0.0;2024-05-04 04:30:00
7.3955;0.0;2024-05-04 04:45:00
8.8185;0.0;2024-05-04 05:00:00
17.5015;0.0;2024-05-04 05:15:00
23.5305;0.0;2024-05-04 05:30:00
30.547;0.0;2024-05-04 05:45:00
29.345;0.0;2024-05-04 06:00:00
33.559;0.0;2024-05-04 06:15:00
37.052;0.0;2024-05-04 06:30:00
36.1405;0.0;2024-05-04 06:45:00
31.7045;0.0;2024-05-04 07:00:00
34.438;0.0;2024-05-04 07:15:00
31.452;0.0;2024-05-04 07:30:00
29.5415;0.0;2024-05-04 07:45:00
33.1805;0.0;2024-05-04 08:00:00
37.0125;0.0;2024-05-04 08:15:00
38.8635;0.0;2024-05-04 08:30:00
36.3965;0.0;2024-05-04 08:45:00
31.1285;0.0;2024-05-04 09:00:00
30.3215;0.0;2024-05-04 09:15:00
32.1225;0.0;2024-05-04 09:30:00
29.9425;0.0;2024-05-04 09:45:00
29.7255;0.0;2024-05-04 10:00:00
32.105;0.0;2024-05-04 10:15:00
29.355;0.0;2024-05-04 10:30:00
29.9665;0.0;2024-05-04 10:45:00
28.3985;0.0;2024-05-04 11:00:00
26.846;0.0;2024-05-04 11:15:00
25.97;0.0;2024-05-04 11:30:00
25.173;0.0;2024-05-04 11:45:00
27.12;0.0;2024-05-04 12:00:00
26.154;0.0;2024-05-04 12:15:00
17.539;0.0;2024-05-04 12:30:00
6.446;0.0;2024-05-04 12:45:00
5.553;0.0;2024-05-04 13:00:00
4.9925;0.0;2024-05-04 13:15:00
3.1775;0.0;2024-05-04 13:30:00
2.523;0.0;2024-05-04 13:45:00
2.92;0.0;2024-05-04 14:00:00
2.4665;0.0;2024-05-04 14:15:00
2.2755;0.0;2024-05-04 14:30:00
2.404;0.0;2024-05-04 14:45:00
2.785;0.0;2024-05-04 15:00:00
2.8675;0.0;2024-05-04 15:15:00
2.4265;0.0;2024-05-04 15:30:00
2.8315;0.0;2024-05-04 15:45:00
2.3525;0.0;2024-05-04 16:00:00
3.0485;0.0;2024-05-04 16:15:00
2.7665;0.0;2024-05-04 16:30:00
2.187;0.0;2024-05-04 16:45:00
2.563;0.0;2024-05-04 17:00:00
2.274;0.0;2024-05-04 17:15:00
2.164;0.0;2024-05-04 17:30:00
1.877;0.0;2024-05-04 17:45:00
1.946;0.0;2024-05-04 18:00:00
2.262;0.0;2024-05-04 18:15:00
2.04;0.0;2024-05-04 18:30:00
2.005;0.0;2024-05-04 18:45:00
1.504;0.0;2024-05-04 19:00:00
1.934;0.0;2024-05-04 19:15:00
1.451;0.0;2024-05-04 19:30:00
2.042;0.0;2024-05-04 19:45:00
1.947;0.0;2024-05-04 20:00:00
1.364;0.0;2024-05-04 20:15:00
2.492;0.0;2024-05-04 20:30:00
2.356;0.0;2024-05-04 20:45:00
2.132;0.0;2024-05-04 21:00:00
2.405;0.0;2024-05-04 21:15:00
2.182;0.0;2024-05-04 21:30:00
2.3825;0.0;2024-05-04 21:45:00
2.1635;0.0;2024-05-04 22:00:00
2.445;0.0;2024-05-04 22:15:00
2.111;0.0;2024-05-04 22:30:00
2.596;0.0;2024-05-04 22:45:00
2.359;0.0;2024-05-04 23:00:00
2.43;0.0;2024-05-04 23:15:00
2.535;0.0;2024-05-04 23:30:00
2.1505;0.0;2024-05-04 23:45:00
2.297;0.0;2024-05-22 00:00:00
2.1745;0.0;2024-05-22 00:15:00
2.4285;0.0;2024-05-22 00:30:00
2.1065;0.0;2024-05-22 00:45:00
2.3805;0.0;2024-05-22 01:00:00
1.8355;0.0;2024-05-22 01:15:00
2.0775;0.0;2024-05-22 01:30:00
2.1875;0.0;2024-05-22 01:45:00
2.1085;0.0;2024-05-22 02:00:00
2.182;0.0;2024-05-22 02:15:00
2.284;0.0;2024-05-22 02:30:00
2.0465;0.0;2024-05-22 02:45:00
1.9965;0.0;2024-05-22 03:00:00
2.672;0.0;2024-05-22 03:15:00
2.109;0.0;2024-05-22 03:30:00
2.014;0.0;2024-05-22 03:45:00
2.038;0.0;2024-05-22 04:00:00
2.5445;0.0;2024-05-22 04:15:00
4.4205;0.0;2024-05-22 04:30:00
7.245;0.0;2024-05-22 04:45:00
17.818;0.0;2024-05-22 05:00:00
37.56;0.0;2024-05-22 05:15:00
38.043;0.0;2024-05-22 05:30:00
36.859;0.0;2024-05-22 05:45:00
33.563;0.0;2024-05-22 06:00:00
36.6925;0.0;2024-05-22 06:15:00
38.9315;0.0;2024-05-22 06:30:00
31.0065;0.0;2024-05-22 06:45:00
30.1285;0.0;2024-05-22 07:00:00
32.668;0.0;2024-05-22 07:15:00
33.643;0.054;2024-05-22 07:30:00
38.6095;0.4145;2024-05-22 07:45:00
36.0775;0.584166666666667;2024-05-22 08:00:00
38.325;0.871916666666667;2024-05-22 08:15:00
21.56;1.05225;2024-05-22 08:30:00
14.785;1.298;2024-05-22 08:45:00
13.99;1.45433333333333;2024-05-22 09:00:00
13.092;1.69366666666667;2024-05-22 09:15:00
14.928;2.04958333333333;2024-05-22 09:30:00
18.82;2.50366666666667;2024-05-22 09:45:00
27.695;2.68866666666667;2024-05-22 10:00:00
36.4355;2.76708333333333;2024-05-22 10:15:00
33.5275;3.17958333333333;2024-05-22 10:30:00
37.15;4.513;2024-05-22 10:45:00
32.708;5.39825;2024-05-22 11:00:00
30.3075;6.363;2024-05-22 11:15:00
39.2765;8.21583333333333;2024-05-22 11:30:00
38.3135;8.63275;2024-05-22 11:45:00
40.7345;11.788;2024-05-22 12:00:00
37.1835;13.4789166666667;2024-05-22 12:15:00
18.3685;12.7934166666667;2024-05-22 12:30:00
12.002;11.0459166666667;2024-05-22 12:45:00
10.375;4.95375;2024-05-22 13:00:00
9.8645;8.05525;2024-05-22 13:15:00
10.8505;7.42475;2024-05-22 13:30:00
10.6505;6.845;2024-05-22 13:45:00
11.2095;6.647;2024-05-22 14:00:00
10.365;6.59883333333333;2024-05-22 14:15:00
10.44;6.50416666666667;2024-05-22 14:30:00
10.322;6.31858333333333;2024-05-22 14:45:00
10.321;6.17708333333333;2024-05-22 15:00:00
9.676;5.95558333333333;2024-05-22 15:15:00
9.992;5.74483333333333;2024-05-22 15:30:00
9.095;5.49016666666667;2024-05-22 15:45:00
8.937;5.17633333333333;2024-05-22 16:00:00
8.718;4.89716666666667;2024-05-22 16:15:00
8.473;4.53525;2024-05-22 16:30:00
7.692;4.12816666666667;2024-05-22 16:45:00
7.84;7.75975;2024-05-22 17:00:00
6.716;3.36516666666667;2024-05-22 17:15:00
5.619;2.9635;2024-05-22 17:30:00
4.672;2.47266666666667;2024-05-22 17:45:00
4.269;4.089;2024-05-22 18:00:00
2.8255;1.532;2024-05-22 18:15:00
3.0005;2.29583333333333;2024-05-22 18:30:00
1.939;1.54775;2024-05-22 18:45:00
2.072;0.853916666666667;2024-05-22 19:00:00
1.7005;0.298583333333333;2024-05-22 19:15:00
1.7155;0.268583333333333;2024-05-22 19:30:00
1.2875;0.0708333333333333;2024-05-22 19:45:00
1.7465;0.0;2024-05-22 20:00:00
2.421;0.0;2024-05-22 20:15:00
2.209;0.0;2024-05-22 20:30:00
2.6265;0.0;2024-05-22 20:45:00
2.5465;0.0;2024-05-22 21:00:00
2.0065;0.0;2024-05-22 21:15:00
2.5035;0.0;2024-05-22 21:30:00
2.542;0.0;2024-05-22 21:45:00
1.758;0.0;2024-05-22 22:00:00
3.163;0.0;2024-05-22 22:15:00
2.471;0.0;2024-05-22 22:30:00
2.112;0.0;2024-05-22 22:45:00
2.611;0.0;2024-05-22 23:00:00
2.591;0.0;2024-05-22 23:15:00
2.206;0.0;2024-05-22 23:30:00
2.574;0.0;2024-05-22 23:45:00
2.6545;0.0;2024-05-24 00:00:00
2.2895;0.0;2024-05-24 00:15:00
2.3785;0.0;2024-05-24 00:30:00
2.803;0.0;2024-05-24 00:45:00
2.056;0.0;2024-05-24 01:00:00
2.4905;0.0;2024-05-24 01:15:00
2.4825;0.0;2024-05-24 01:30:00
2.141;0.0;2024-05-24 01:45:00
1.995;0.0;2024-05-24 02:00:00
2.5905;0.0;2024-05-24 02:15:00
2.5015;0.0;2024-05-24 02:30:00
2.226;0.0;2024-05-24 02:45:00
2.534;0.0;2024-05-24 03:00:00
2.5305;0.0;2024-05-24 03:15:00
2.5115;0.0;2024-05-24 03:30:00
3.2155;0.0;2024-05-24 03:45:00
2.6995;0.0;2024-05-24 04:00:00
2.925;0.0;2024-05-24 04:15:00
3.786;0.0;2024-05-24 04:30:00
7.045;0.0;2024-05-24 04:45:00
8.768;0.0;2024-05-24 05:00:00
13.617;0.0;2024-05-24 05:15:00
14.839;0.0;2024-05-24 05:30:00
15.974;0.0;2024-05-24 05:45:00
18.231;0.0;2024-05-24 06:00:00
26.383;0.0376666666666667;2024-05-24 06:15:00
22.616;0.0728333333333333;2024-05-24 06:30:00
35.3215;0.106333333333333;2024-05-24 06:45:00
39.7715;0.319166666666667;2024-05-24 07:00:00
47.985;0.633666666666667;2024-05-24 07:15:00
45.091;0.472416666666667;2024-05-24 07:30:00
41.18;0.836916666666667;2024-05-24 07:45:00
37.732;0.663583333333333;2024-05-24 08:00:00
29.833;1.32558333333333;2024-05-24 08:15:00
29.336;1.40116666666667;2024-05-24 08:30:00
38.159;1.9125;2024-05-24 08:45:00
35.408;1.125;2024-05-24 09:00:00
32.958;2.121;2024-05-24 09:15:00
34.677;1.38483333333333;2024-05-24 09:30:00
30.9;2.08725;2024-05-24 09:45:00
32.385;2.37775;2024-05-24 10:00:00
34.174;6.4735;2024-05-24 10:15:00
39.324;3.15025;2024-05-24 10:30:00
33.899;7.79075;2024-05-24 10:45:00
27.644;4.66533333333333;2024-05-24 11:00:00
31.2145;6.6325;2024-05-24 11:15:00
31.4915;4.88333333333333;2024-05-24 11:30:00
27.8685;2.76716666666667;2024-05-24 11:45:00
28.2965;2.80125;2024-05-24 12:00:00
28.368;3.60566666666667;2024-05-24 12:15:00
26.068;3.54091666666667;2024-05-24 12:30:00
22.019;1.66233333333333;2024-05-24 12:45:00
18.189;2.59583333333333;2024-05-24 13:00:00
17.473;3.23966666666667;2024-05-24 13:15:00
23.436;3.77975;2024-05-24 13:30:00
25.739;2.99475;2024-05-24 13:45:00
25.169;3.58333333333333;2024-05-24 14:00:00
24.852;2.71641666666667;2024-05-24 14:15:00
21.166;2.05533333333333;2024-05-24 14:30:00
19.468;2.84391666666667;2024-05-24 14:45:00
21.855;2.79791666666667;2024-05-24 15:00:00
26.3575;6.86675;2024-05-24 15:15:00
26.0595;2.53825;2024-05-24 15:30:00
25.794;8.08316666666667;2024-05-24 15:45:00
22.693;2.45366666666667;2024-05-24 16:00:00
20.74;5.44958333333333;2024-05-24 16:15:00
19.581;6.38783333333333;2024-05-24 16:30:00
19.3315;1.30383333333333;2024-05-24 16:45:00
19.5925;1.17008333333333;2024-05-24 17:00:00
21.1705;4.22108333333333;2024-05-24 17:15:00
26.7305;1.73616666666667;2024-05-24 17:30:00
28.6755;1.35608333333333;2024-05-24 17:45:00
28.8865;2.19983333333333;2024-05-24 18:00:00
27.4735;2.47358333333333;2024-05-24 18:15:00
24.3285;2.20708333333333;2024-05-24 18:30:00
23.124;1.02625;2024-05-24 18:45:00
31.966;1.17791666666667;2024-05-24 19:00:00
25.434;0.892333333333333;2024-05-24 19:15:00
25.473;0.714083333333333;2024-05-24 19:30:00
24.58;0.570083333333333;2024-05-24 19:45:00
10.369;0.469583333333333;2024-05-24 20:00:00
2.5565;0.26875;2024-05-24 20:15:00
2.6305;0.27625;2024-05-24 20:30:00
2.2545;0.0515833333333333;2024-05-24 20:45:00
1.5905;0.000166666666666667;2024-05-24 21:00:00
2.436;0.0;2024-05-24 21:15:00
2.321;0.0;2024-05-24 21:30:00
2.5695;0.0;2024-05-24 21:45:00
2.7845;0.0;2024-05-24 22:00:00
2.3395;0.0;2024-05-24 22:15:00
2.7845;0.0;2024-05-24 22:30:00
2.0735;0.0;2024-05-24 22:45:00
2.7285;0.0;2024-05-24 23:00:00
2.655;0.0;2024-05-24 23:15:00
2.17;0.0;2024-05-24 23:30:00
2.757;0.0;2024-05-24 23:45:00
5.31;0.0;2024-05-28 00:00:00
5.462;0.0;2024-05-28 00:15:00
5.393;0.0;2024-05-28 00:30:00
5.4915;0.0;2024-05-28 00:45:00
5.4285;0.0;2024-05-28 01:00:00
5.377;0.0;2024-05-28 01:15:00
5.403;0.0;2024-05-28 01:30:00
5.0765;0.0;2024-05-28 01:45:00
3.9575;0.0;2024-05-28 02:00:00
4.2135;0.0;2024-05-28 02:15:00
5.2695;0.0;2024-05-28 02:30:00
5.435;0.0;2024-05-28 02:45:00
5.16;0.0;2024-05-28 03:00:00
5.183;0.0;2024-05-28 03:15:00
5.342;0.0;2024-05-28 03:30:00
5.2295;0.0;2024-05-28 03:45:00
5.0875;0.0;2024-05-28 04:00:00
5.124;0.0;2024-05-28 04:15:00
5.239;0.0;2024-05-28 04:30:00
5.382;0.0;2024-05-28 04:45:00
5.077;0.0;2024-05-28 05:00:00
5.009;0.0;2024-05-28 05:15:00
8.903;0.0;2024-05-28 05:30:00
9.5685;0.0;2024-05-28 05:45:00
14.5545;0.0;2024-05-28 06:00:00
24.1685;0.0;2024-05-28 06:15:00
24.2715;0.0;2024-05-28 06:30:00
22.676;0.0;2024-05-28 06:45:00
27.823;0.0;2024-05-28 07:00:00
34.1445;0.0;2024-05-28 07:15:00
32.6985;0.0;2024-05-28 07:30:00
34.4625;0.0;2024-05-28 07:45:00
30.3025;0.0;2024-05-28 08:00:00
29.0645;0.0;2024-05-28 08:15:00
30.1205;0.0;2024-05-28 08:30:00
29.8685;0.0;2024-05-28 08:45:00
32.6455;0.0;2024-05-28 09:00:00
34.267;0.191666666666667;2024-05-28 09:15:00
29.544;0.595666666666667;2024-05-28 09:30:00
28.727;1.47058333333333;2024-05-28 09:45:00
26.281;2.55475;2024-05-28 10:00:00
26.6415;1.11058333333333;2024-05-28 10:15:00
30.8625;1.83216666666667;2024-05-28 10:30:00
35.789;3.64216666666667;2024-05-28 10:45:00
35.932;7.2635;2024-05-28 11:00:00
38.228;8.47575;2024-05-28 11:15:00
35.156;8.51016666666667;2024-05-28 11:30:00
32.374;4.01233333333333;2024-05-28 11:45:00
38.434;8.17825;2024-05-28 12:00:00
37.13;8.64966666666666;2024-05-28 12:15:00
30.297;4.9765;2024-05-28 12:30:00
29.501;4.46258333333333;2024-05-28 12:45:00
27.037;2.54333333333333;2024-05-28 13:00:00
24.5415;3.27575;2024-05-28 13:15:00
24.1055;3.48425;2024-05-28 13:30:00
22.8145;3.1805;2024-05-28 13:45:00
30.1245;3.38233333333333;2024-05-28 14:00:00
28.4485;2.36541666666667;2024-05-28 14:15:00
28.4675;2.22;2024-05-28 14:30:00
29.9945;3.69641666666667;2024-05-28 14:45:00
29.2425;4.14458333333333;2024-05-28 15:00:00
32.709;8.24475;2024-05-28 15:15:00
30.609;11.4176666666667;2024-05-28 15:30:00
24.287;5.51483333333333;2024-05-28 15:45:00
23.8;7.92175;2024-05-28 16:00:00
21.7905;5.63516666666667;2024-05-28 16:15:00
13.9415;3.33208333333333;2024-05-28 16:30:00
11.6155;1.47266666666667;2024-05-28 16:45:00
13.6635;3.14416666666667;2024-05-28 17:00:00
13.0335;1.87258333333333;2024-05-28 17:15:00
19.1915;1.40066666666667;2024-05-28 17:30:00
21.8695;0.617666666666667;2024-05-28 17:45:00
21.2785;0.211083333333333;2024-05-28 18:00:00
23.737;0.0378333333333333;2024-05-28 18:15:00
27.141;0.0;2024-05-28 18:30:00
26.8685;0.0;2024-05-28 18:45:00
28.7385;0.0;2024-05-28 19:00:00
27.597;0.0;2024-05-28 19:15:00
27.447;0.0;2024-05-28 19:30:00
28.255;0.0;2024-05-28 19:45:00
22.992;0.0;2024-05-28 20:00:00
16.319;0.0;2024-05-28 20:15:00
7.975;0.0;2024-05-28 20:30:00
4.771;0.0;2024-05-28 20:45:00
5.047;0.0;2024-05-28 21:00:00
4.625;0.0;2024-05-28 21:15:00
4.544;0.0;2024-05-28 21:30:00
5.878;0.0;2024-05-28 21:45:00
5.548;0.0;2024-05-28 22:00:00
5.177;0.0;2024-05-28 22:15:00
5.101;0.0;2024-05-28 22:30:00
5.079;0.0;2024-05-28 22:45:00
5.087;0.0;2024-05-28 23:00:00
5.0815;0.0;2024-05-28 23:15:00
5.0845;0.0;2024-05-28 23:30:00
5.1255;0.0;2024-05-28 23:45:00
2.139;0.0;2024-06-24 00:00:00
1.637;0.0;2024-06-24 00:15:00
1.654;0.0;2024-06-24 00:30:00
2.107;0.0;2024-06-24 00:45:00
1.843;0.0;2024-06-24 01:00:00
1.9285;0.0;2024-06-24 01:15:00
1.9645;0.0;2024-06-24 01:30:00
2.2105;0.0;2024-06-24 01:45:00
2.2485;0.0;2024-06-24 02:00:00
2.088;0.0;2024-06-24 02:15:00
2.293;0.0;2024-06-24 02:30:00
2.08;0.0;2024-06-24 02:45:00
2.144;0.0;2024-06-24 03:00:00
1.8225;0.0;2024-06-24 03:15:00
2.1455;0.0;2024-06-24 03:30:00
1.682;0.0;2024-06-24 03:45:00
1.885;0.0;2024-06-24 04:00:00
1.7565;0.0;2024-06-24 04:15:00
3.1125;0.0;2024-06-24 04:30:00
5.4115;0.0;2024-06-24 04:45:00
8.5645;0.0;2024-06-24 05:00:00
14.876;0.0;2024-06-24 05:15:00
26.833;0.0;2024-06-24 05:30:00
33.053;0.0;2024-06-24 05:45:00
35.656;0.00333333333333333;2024-06-24 06:00:00
33.4855;0.0385;2024-06-24 06:15:00
30.6695;0.137;2024-06-24 06:30:00
29.4065;0.242833333333333;2024-06-24 06:45:00
28.8735;0.313166666666667;2024-06-24 07:00:00
29.84;0.5115;2024-06-24 07:15:00
32.188;1.23658333333333;2024-06-24 07:30:00
32.0715;2.12608333333333;2024-06-24 07:45:00
34.4305;2.594;2024-06-24 08:00:00
21.198;3.06058333333333;2024-06-24 08:15:00
24.179;2.93958333333333;2024-06-24 08:30:00
23.653;3.8185;2024-06-24 08:45:00
17.08;4.27591666666667;2024-06-24 09:00:00
15.106;4.8675;2024-06-24 09:15:00
29.688;6.66916666666667;2024-06-24 09:30:00
34.284;7.19725;2024-06-24 09:45:00
35.485;10.9586666666667;2024-06-24 10:00:00
47.672;19.4446666666667;2024-06-24 10:15:00
48.391;18.4385833333333;2024-06-24 10:30:00
56.131;16.2525833333333;2024-06-24 10:45:00
55.433;20.1746666666667;2024-06-24 11:00:00
50.4755;20.5004166666667;2024-06-24 11:15:00
36.6005;20.7975;2024-06-24 11:30:00
32.253;21.2625833333333;2024-06-24 11:45:00
31.63;21.6320833333333;2024-06-24 12:00:00
35.235;22.17775;2024-06-24 12:15:00
30.756;22.3788333333333;2024-06-24 12:30:00
25.409;22.5446666666667;2024-06-24 12:45:00
21.788;7.1635;2024-06-24 13:00:00
21.856;7.19875;2024-06-24 13:15:00
20.666;7.12383333333333;2024-06-24 13:30:00
18.76;7.14391666666667;2024-06-24 13:45:00
18.451;7.107;2024-06-24 14:00:00
18.4445;7.10283333333333;2024-06-24 14:15:00
18.3065;6.96775;2024-06-24 14:30:00
17.857;6.83516666666667;2024-06-24 14:45:00
17.635;6.73866666666667;2024-06-24 15:00:00
18.0485;6.59083333333333;2024-06-24 15:15:00
18.5975;6.42641666666667;2024-06-24 15:30:00
18.102;6.22408333333333;2024-06-24 15:45:00
17.608;5.96883333333333;2024-06-24 16:00:00
16.924;5.74908333333333;2024-06-24 16:15:00
16.701;5.53416666666667;2024-06-24 16:30:00
16.0265;5.32183333333333;2024-06-24 16:45:00
15.1635;5.03825;2024-06-24 17:00:00
14.5165;4.74025;2024-06-24 17:15:00
13.8015;13.6571666666667;2024-06-24 17:30:00
12.418;4.0465;2024-06-24 17:45:00
11.145;3.715;2024-06-24 18:00:00
9.7745;3.37466666666667;2024-06-24 18:15:00
6.8975;2.47733333333333;2024-06-24 18:30:00
5.6125;5.11608333333333;2024-06-24 18:45:00
3.9125;3.03191666666667;2024-06-24 19:00:00
3.8925;2.1055;2024-06-24 19:15:00
4.0695;3.495;2024-06-24 19:30:00
3.037;2.6695;2024-06-24 19:45:00
3.022;1.51;2024-06-24 20:00:00
2.165;0.752;2024-06-24 20:15:00
1.971;0.43325;2024-06-24 20:30:00
1.831;0.241583333333333;2024-06-24 20:45:00
1.966;0.121666666666667;2024-06-24 21:00:00
1.6195;0.0258333333333333;2024-06-24 21:15:00
1.5995;0.0;2024-06-24 21:30:00
2.141;0.0;2024-06-24 21:45:00
2.499;0.0;2024-06-24 22:00:00
2.4755;0.0;2024-06-24 22:15:00
2.2545;0.0;2024-06-24 22:30:00
2.2435;0.0;2024-06-24 22:45:00
2.4895;0.0;2024-06-24 23:00:00
2.595;0.0;2024-06-24 23:15:00
3.573;0.0;2024-06-24 23:30:00
3.065;0.0;2024-06-24 23:45:00
2.6445;0.0;2024-06-14 00:00:00
2.649;0.0;2024-06-14 00:15:00
2.358;0.0;2024-06-14 00:30:00
3.0565;0.0;2024-06-14 00:45:00
2.3875;0.0;2024-06-14 01:00:00
2.668;0.0;2024-06-14 01:15:00
2.278;0.0;2024-06-14 01:30:00
3.1465;0.0;2024-06-14 01:45:00
2.6135;0.0;2024-06-14 02:00:00
2.916;0.0;2024-06-14 02:15:00
2.355;0.0;2024-06-14 02:30:00
2.96;0.0;2024-06-14 02:45:00
2.775;0.0;2024-06-14 03:00:00
3.5895;0.0;2024-06-14 03:15:00
3.0815;0.0;2024-06-14 03:30:00
3.559;0.0;2024-06-14 03:45:00
2.915;0.0;2024-06-14 04:00:00
3.823;0.0;2024-06-14 04:15:00
3.004;0.0;2024-06-14 04:30:00
3.349;0.0;2024-06-14 04:45:00
2.612;0.0;2024-06-14 05:00:00
3.022;0.0;2024-06-14 05:15:00
3.468;0.0;2024-06-14 05:30:00
9.3245;0.0;2024-06-14 05:45:00
16.8235;0.0;2024-06-14 06:00:00
39.573;0.0;2024-06-14 06:15:00
40.729;0.0;2024-06-14 06:30:00
37.9405;0.0;2024-06-14 06:45:00
38.5415;0.0;2024-06-14 07:00:00
36.836;0.0;2024-06-14 07:15:00
37.843;0.0;2024-06-14 07:30:00
36.9255;0.0;2024-06-14 07:45:00
31.9855;0.0638333333333333;2024-06-14 08:00:00
33.4655;0.08775;2024-06-14 08:15:00
28.7015;0.590833333333333;2024-06-14 08:30:00
37.1315;1.17091666666667;2024-06-14 08:45:00
38.5085;1.12216666666667;2024-06-14 09:00:00
38.3505;1.63833333333333;2024-06-14 09:15:00
42.3525;2.70575;2024-06-14 09:30:00
34.934;3.40108333333333;2024-06-14 09:45:00
32.946;4.10866666666667;2024-06-14 10:00:00
37.314;7.93658333333333;2024-06-14 10:15:00
42.698;8.58991666666667;2024-06-14 10:30:00
40.5025;9.16225;2024-06-14 10:45:00
43.6395;9.81283333333333;2024-06-14 11:00:00
43.9685;10.7088333333333;2024-06-14 11:15:00
42.6815;9.13975;2024-06-14 11:30:00
42.6725;3.98266666666667;2024-06-14 11:45:00
40.4035;3.80916666666667;2024-06-14 12:00:00
40.1255;4.60458333333333;2024-06-14 12:15:00
41.7145;3.79608333333333;2024-06-14 12:30:00
40.8595;3.20541666666667;2024-06-14 12:45:00
37.5905;5.19125;2024-06-14 13:00:00
47.416;10.2744166666667;2024-06-14 13:15:00
42.66;7.64583333333333;2024-06-14 13:30:00
11.6385;3.97208333333333;2024-06-14 13:45:00
8.8235;2.17991666666667;2024-06-14 14:00:00
8.669;1.90075;2024-06-14 14:15:00
8.054;4.45183333333333;2024-06-14 14:30:00
4.691;4.28133333333333;2024-06-14 14:45:00
5.25;3.79233333333333;2024-06-14 15:00:00
4.6015;2.66041666666667;2024-06-14 15:15:00
3.3475;1.76641666666667;2024-06-14 15:30:00
3.3475;1.37833333333333;2024-06-14 15:45:00
6.5125;3.63491666666667;2024-06-14 16:00:00
6.744;6.59908333333333;2024-06-14 16:15:00
7.686;5.693;2024-06-14 16:30:00
6.5985;4.43866666666667;2024-06-14 16:45:00
6.1755;3.9695;2024-06-14 17:00:00
5.565;5.18741666666667;2024-06-14 17:15:00
6.172;3.45633333333333;2024-06-14 17:30:00
5.527;3.24158333333333;2024-06-14 17:45:00
5.802;4.90641666666667;2024-06-14 18:00:00
3.4425;2.87;2024-06-14 18:15:00
3.5915;1.99258333333333;2024-06-14 18:30:00
2.798;1.24366666666667;2024-06-14 18:45:00
2.724;0.886;2024-06-14 19:00:00
2.4635;0.686666666666667;2024-06-14 19:15:00
2.6255;0.17825;2024-06-14 19:30:00
2.117;0.0;2024-06-14 19:45:00
2.742;0.0;2024-06-14 20:00:00
2.984;0.0;2024-06-14 20:15:00
3.327;0.0;2024-06-14 20:30:00
2.2625;0.0;2024-06-14 20:45:00
2.6695;0.0;2024-06-14 21:00:00
2.955;0.0;2024-06-14 21:15:00
3.554;0.0;2024-06-14 21:30:00
2.6225;0.0;2024-06-14 21:45:00
3.5935;0.0;2024-06-14 22:00:00
2.1125;0.0;2024-06-14 22:15:00
2.6895;0.0;2024-06-14 22:30:00
2.0875;0.0;2024-06-14 22:45:00
2.2805;0.0;2024-06-14 23:00:00
2.683;0.0;2024-06-14 23:15:00
2.455;0.0;2024-06-14 23:30:00
2.655;0.0;2024-06-14 23:45:00
2.8105;0.0;2024-06-05 00:00:00
2.748;0.0;2024-06-05 00:15:00
2.706;0.0;2024-06-05 00:30:00
3.1895;0.0;2024-06-05 00:45:00
2.3915;0.0;2024-06-05 01:00:00
2.905;0.0;2024-06-05 01:15:00
2.806;0.0;2024-06-05 01:30:00
2.421;0.0;2024-06-05 01:45:00
2.65;0.0;2024-06-05 02:00:00
2.3785;0.0;2024-06-05 02:15:00
1.9055;0.0;2024-06-05 02:30:00
2.964;0.0;2024-06-05 02:45:00
2.721;0.0;2024-06-05 03:00:00
2.3595;0.0;2024-06-05 03:15:00
2.5285;0.0;2024-06-05 03:30:00
2.7005;0.0;2024-06-05 03:45:00
1.9535;0.0;2024-06-05 04:00:00
2.602;0.0;2024-06-05 04:15:00
3.982;0.0;2024-06-05 04:30:00
6.6325;0.0;2024-06-05 04:45:00
8.0905;0.0;2024-06-05 05:00:00
12.8415;0.0;2024-06-05 05:15:00
13.9315;0.0;2024-06-05 05:30:00
16.9425;0.0;2024-06-05 05:45:00
25.5775;0.0;2024-06-05 06:00:00
38.6135;0.0;2024-06-05 06:15:00
38.5195;0.05375;2024-06-05 06:30:00
37.5855;0.0825;2024-06-05 06:45:00
38.0845;0.07775;2024-06-05 07:00:00
32.4315;0.1685;2024-06-05 07:15:00
40.1615;0.655833333333333;2024-06-05 07:30:00
42.7515;0.693333333333333;2024-06-05 07:45:00
40.9935;0.837833333333333;2024-06-05 08:00:00
41.452;0.676;2024-06-05 08:15:00
41.861;0.890583333333333;2024-06-05 08:30:00
39.375;0.950083333333333;2024-06-05 08:45:00
33.002;1.32508333333333;2024-06-05 09:00:00
32.1105;1.83758333333333;2024-06-05 09:15:00
38.8935;2.21458333333333;2024-06-05 09:30:00
36.093;3.22758333333333;2024-06-05 09:45:00
33.317;3.14275;2024-06-05 10:00:00
31.3615;4.40666666666667;2024-06-05 10:15:00
31.8885;3.128;2024-06-05 10:30:00
34.8315;1.67275;2024-06-05 10:45:00
32.8575;3.5965;2024-06-05 11:00:00
30.1155;0.905916666666667;2024-06-05 11:15:00
32.5775;1.99941666666667;2024-06-05 11:30:00
32.8475;3.21641666666667;2024-06-05 11:45:00
34.4605;4.95458333333333;2024-06-05 12:00:00
20.654;4.52208333333333;2024-06-05 12:15:00
18.237;4.75008333333333;2024-06-05 12:30:00
10.7275;5.1185;2024-06-05 12:45:00
5.2285;4.30983333333333;2024-06-05 13:00:00
3.498;3.43075;2024-06-05 13:15:00
3.487;3.756;2024-06-05 13:30:00
2.967;3.61458333333333;2024-06-05 13:45:00
3.13;4.44641666666667;2024-06-05 14:00:00
4.328;2.69083333333333;2024-06-05 14:15:00
3.245;3.26508333333333;2024-06-05 14:30:00
3.1795;5.05841666666667;2024-06-05 14:45:00
2.6235;4.37408333333333;2024-06-05 15:00:00
2.7075;2.98266666666667;2024-06-05 15:15:00
2.2115;4.01308333333333;2024-06-05 15:30:00
3.056;6.2835;2024-06-05 15:45:00
2.559;7.45466666666667;2024-06-05 16:00:00
1.269;4.69333333333333;2024-06-05 16:15:00
1.223;4.04491666666667;2024-06-05 16:30:00
1.2395;2.16575;2024-06-05 16:45:00
1.4055;3.32575;2024-06-05 17:00:00
1.137;3.52591666666667;2024-06-05 17:15:00
1.349;5.17008333333333;2024-06-05 17:30:00
1.0355;3.64925;2024-06-05 17:45:00
1.0805;4.08758333333333;2024-06-05 18:00:00
1.1135;3.60275;2024-06-05 18:15:00
1.1125;3.24041666666667;2024-06-05 18:30:00
0.776;2.72058333333333;2024-06-05 18:45:00
0.905;2.0765;2024-06-05 19:00:00
0.7905;1.82025;2024-06-05 19:15:00
1.1415;1.32825;2024-06-05 19:30:00
0.9585;0.42;2024-06-05 19:45:00
0.7145;0.350416666666667;2024-06-05 20:00:00
0.8685;0.389833333333333;2024-06-05 20:15:00
0.9265;0.23775;2024-06-05 20:30:00
1.212;0.127166666666667;2024-06-05 20:45:00
0.784;0.0456666666666667;2024-06-05 21:00:00
1.1065;0.00716666666666667;2024-06-05 21:15:00
1.8045;0.0;2024-06-05 21:30:00
1.7265;0.0;2024-06-05 21:45:00
2.1165;0.0;2024-06-05 22:00:00
2.6035;0.0;2024-06-05 22:15:00
1.9295;0.0;2024-06-05 22:30:00
1.9105;0.0;2024-06-05 22:45:00
1.9165;0.0;2024-06-05 23:00:00
1.829;0.0;2024-06-05 23:15:00
2.01;0.0;2024-06-05 23:30:00
1.631;0.0;2024-06-05 23:45:00
2.9835;0.0;2024-06-25 00:00:00
2.464;0.0;2024-06-25 00:15:00
2.342;0.0;2024-06-25 00:30:00
2.8295;0.0;2024-06-25 00:45:00
2.2985;0.0;2024-06-25 01:00:00
2.2315;0.0;2024-06-25 01:15:00
3.0265;0.0;2024-06-25 01:30:00
2.5355;0.0;2024-06-25 01:45:00
2.1035;0.0;2024-06-25 02:00:00
2.8055;0.0;2024-06-25 02:15:00
2.5245;0.0;2024-06-25 02:30:00
2.147;0.0;2024-06-25 02:45:00
2.676;0.0;2024-06-25 03:00:00
2.9015;0.0;2024-06-25 03:15:00
2.2535;0.0;2024-06-25 03:30:00
2.5725;0.0;2024-06-25 03:45:00
2.7825;0.0;2024-06-25 04:00:00
3.3585;0.0;2024-06-25 04:15:00
7.8465;0.0;2024-06-25 04:30:00
7.23;0.0;2024-06-25 04:45:00
6.839;0.0;2024-06-25 05:00:00
8.506;0.0;2024-06-25 05:15:00
9.354;0.0;2024-06-25 05:30:00
8.4025;0.0;2024-06-25 05:45:00
7.3625;0.0;2024-06-25 06:00:00
8.167;0.0;2024-06-25 06:15:00
8.569;0.0;2024-06-25 06:30:00
9.0875;0.0;2024-06-25 06:45:00
11.3595;0.0;2024-06-25 07:00:00
12.1885;0.0025;2024-06-25 07:15:00
11.4895;0.0519166666666667;2024-06-25 07:30:00
8.474;0.279083333333333;2024-06-25 07:45:00
9.465;0.6265;2024-06-25 08:00:00
8.782;1.37758333333333;2024-06-25 08:15:00
9.373;1.93841666666667;2024-06-25 08:30:00
11.71;2.75975;2024-06-25 08:45:00
11.757;4.26025;2024-06-25 09:00:00
13.236;5.19083333333333;2024-06-25 09:15:00
25.527;6.01566666666667;2024-06-25 09:30:00
29.0795;6.94941666666667;2024-06-25 09:45:00
29.5205;7.72958333333333;2024-06-25 10:00:00
29.8565;8.53175;2024-06-25 10:15:00
30.4185;9.12441666666667;2024-06-25 10:30:00
26.5975;9.48791666666667;2024-06-25 10:45:00
14.5225;10.3410833333333;2024-06-25 11:00:00
13.692;10.84425;2024-06-25 11:15:00
13.589;11.01925;2024-06-25 11:30:00
12.002;11.3824166666667;2024-06-25 11:45:00
9.597;5.93383333333333;2024-06-25 12:00:00
8.5445;5.82316666666667;2024-06-25 12:15:00
8.2675;6.12333333333333;2024-06-25 12:30:00
8.7;6.91741666666667;2024-06-25 12:45:00
9.034;5.97525;2024-06-25 13:00:00
7.292;4.588;2024-06-25 13:15:00
7.373;5.6875;2024-06-25 13:30:00
7.842;4.4775;2024-06-25 13:45:00
8.083;7.064;2024-06-25 14:00:00
7.018;4.85891666666667;2024-06-25 14:15:00
7.17;3.54558333333333;2024-06-25 14:30:00
7.8745;4.97175;2024-06-25 14:45:00
7.5515;5.52875;2024-06-25 15:00:00
5.4135;4.06291666666667;2024-06-25 15:15:00
5.5075;3.95883333333333;2024-06-25 15:30:00
5.345;3.58708333333333;2024-06-25 15:45:00
3.931;3.01508333333333;2024-06-25 16:00:00
4.2895;2.38808333333333;2024-06-25 16:15:00
4.0585;2.31316666666667;2024-06-25 16:30:00
3.5455;2.14341666666667;2024-06-25 16:45:00
3.7665;2.32716666666667;2024-06-25 17:00:00
2.709;1.34633333333333;2024-06-25 17:15:00
2.196;1.124;2024-06-25 17:30:00
2.0245;1.64983333333333;2024-06-25 17:45:00
1.7955;1.19941666666667;2024-06-25 18:00:00
1.911;0.676333333333333;2024-06-25 18:15:00
1.945;0.565333333333333;2024-06-25 18:30:00
1.111;0.324166666666667;2024-06-25 18:45:00
1.37;0.10525;2024-06-25 19:00:00
1.6585;0.00158333333333333;2024-06-25 19:15:00
1.8015;0.0;2024-06-25 19:30:00
2.25;0.0;2024-06-25 19:45:00
2.748;0.0;2024-06-25 20:00:00
2.0275;0.0;2024-06-25 20:15:00
2.2345;0.0;2024-06-25 20:30:00
2.799;0.0;2024-06-25 20:45:00
2.269;0.0;2024-06-25 21:00:00
2.189;0.0;2024-06-25 21:15:00
2.475;0.0;2024-06-25 21:30:00
2.3575;0.0;2024-06-25 21:45:00
2.3545;0.0;2024-06-25 22:00:00
2.054;0.0;2024-06-25 22:15:00
2.493;0.0;2024-06-25 22:30:00
2.81;0.0;2024-06-25 22:45:00
2.271;0.0;2024-06-25 23:00:00
2.4825;0.0;2024-06-25 23:15:00
3.2115;0.0;2024-06-25 23:30:00
2.192;0.0;2024-06-25 23:45:00
3.9825;0.0;2024-06-22 00:00:00
2.7595;0.0;2024-06-22 00:15:00
2.6595;0.0;2024-06-22 00:30:00
2.7155;0.0;2024-06-22 00:45:00
2.5415;0.0;2024-06-22 01:00:00
3.003;0.0;2024-06-22 01:15:00
2.428;0.0;2024-06-22 01:30:00
2.788;0.0;2024-06-22 01:45:00
2.876;0.0;2024-06-22 02:00:00
2.894;0.0;2024-06-22 02:15:00
2.313;0.0;2024-06-22 02:30:00
3.323;0.0;2024-06-22 02:45:00
2.831;0.0;2024-06-22 03:00:00
3.507;0.0;2024-06-22 03:15:00
3.097;0.0;2024-06-22 03:30:00
3.6485;0.0;2024-06-22 03:45:00
3.4145;0.0;2024-06-22 04:00:00
3.715;0.0;2024-06-22 04:15:00
3.185;0.0;2024-06-22 04:30:00
3.2275;0.0;2024-06-22 04:45:00
2.9965;0.0;2024-06-22 05:00:00
3.747;0.0;2024-06-22 05:15:00
3.712;0.0;2024-06-22 05:30:00
9.1005;0.0;2024-06-22 05:45:00
11.4595;0.0;2024-06-22 06:00:00
30.5105;0.0;2024-06-22 06:15:00
34.2935;0.0;2024-06-22 06:30:00
33.943;0.0;2024-06-22 06:45:00
36.427;0.0;2024-06-22 07:00:00
34.073;0.0;2024-06-22 07:15:00
32.783;0.0;2024-06-22 07:30:00
33.745;0.0045;2024-06-22 07:45:00
31.429;0.123333333333333;2024-06-22 08:00:00
34.4325;0.494916666666667;2024-06-22 08:15:00
33.2905;1.01058333333333;2024-06-22 08:30:00
38.236;1.69158333333333;2024-06-22 08:45:00
41.713;3.46225;2024-06-22 09:00:00
41.2785;6.17875;2024-06-22 09:15:00
43.2515;7.90216666666667;2024-06-22 09:30:00
39.001;9.34608333333333;2024-06-22 09:45:00
35.759;10.9251666666667;2024-06-22 10:00:00
33.455;9.36983333333333;2024-06-22 10:15:00
40.639;10.8355833333333;2024-06-22 10:30:00
42.193;11.6008333333333;2024-06-22 10:45:00
42.607;14.6824166666667;2024-06-22 11:00:00
50.5905;15.43125;2024-06-22 11:15:00
53.3595;16.4274166666667;2024-06-22 11:30:00
52.3735;17.0306666666667;2024-06-22 11:45:00
42.0955;17.5005833333333;2024-06-22 12:00:00
41.119;18.3534166666667;2024-06-22 12:15:00
40.251;18.2354166666667;2024-06-22 12:30:00
38.353;17.2629166666667;2024-06-22 12:45:00
42.703;18.7208333333333;2024-06-22 13:00:00
37.982;17.4101666666667;2024-06-22 13:15:00
30.192;19.0074166666667;2024-06-22 13:30:00
20.2025;17.3715;2024-06-22 13:45:00
20.0755;18.5331666666667;2024-06-22 14:00:00
19.953;18.5265;2024-06-22 14:15:00
16.813;5.76658333333333;2024-06-22 14:30:00
14.408;5.69666666666667;2024-06-22 14:45:00
14.608;5.55391666666667;2024-06-22 15:00:00
13.788;5.29666666666667;2024-06-22 15:15:00
12.677;4.41541666666667;2024-06-22 15:30:00
12.6155;4.91058333333333;2024-06-22 15:45:00
12.6655;4.23991666666667;2024-06-22 16:00:00
10.741;3.59958333333333;2024-06-22 16:15:00
11.598;3.92325;2024-06-22 16:30:00
11.446;4.15333333333333;2024-06-22 16:45:00
10.769;3.74983333333333;2024-06-22 17:00:00
9.727;3.42775;2024-06-22 17:15:00
8.794;8.66791666666667;2024-06-22 17:30:00
7.074;6.05558333333333;2024-06-22 17:45:00
6.664;5.56266666666667;2024-06-22 18:00:00
5.618;3.7265;2024-06-22 18:15:00
4.962;2.37541666666667;2024-06-22 18:30:00
4.626;1.42491666666667;2024-06-22 18:45:00
5.065;0.912083333333333;2024-06-22 19:00:00
4.4945;0.336833333333333;2024-06-22 19:15:00
4.4615;0.0701666666666667;2024-06-22 19:30:00
4.556;0.0;2024-06-22 19:45:00
3.32;0.0;2024-06-22 20:00:00
3.0795;0.0;2024-06-22 20:15:00
3.0405;0.0;2024-06-22 20:30:00
3.121;0.0;2024-06-22 20:45:00
3.052;0.0;2024-06-22 21:00:00
3.382;0.0;2024-06-22 21:15:00
3.322;0.0;2024-06-22 21:30:00
2.8295;0.0;2024-06-22 21:45:00
3.0855;0.0;2024-06-22 22:00:00
3.1735;0.0;2024-06-22 22:15:00
3.2725;0.0;2024-06-22 22:30:00
3.289;0.0;2024-06-22 22:45:00
3.432;0.0;2024-06-22 23:00:00
3.623;0.0;2024-06-22 23:15:00
3.572;0.0;2024-06-22 23:30:00
3.8655;0.0;2024-06-22 23:45:00
2.16;0.0;2024-07-06 00:00:00
1.916;0.0;2024-07-06 00:15:00
1.968;0.0;2024-07-06 00:30:00
2.2015;0.0;2024-07-06 00:45:00
1.9555;0.0;2024-07-06 01:00:00
2.04;0.0;2024-07-06 01:15:00
2.151;0.0;2024-07-06 01:30:00
1.961;0.0;2024-07-06 01:45:00
1.911;0.0;2024-07-06 02:00:00
2.2085;0.0;2024-07-06 02:15:00
2.0985;0.0;2024-07-06 02:30:00
2.1295;0.0;2024-07-06 02:45:00
2.3685;0.0;2024-07-06 03:00:00
2.5035;0.0;2024-07-06 03:15:00
1.7685;0.0;2024-07-06 03:30:00
1.8375;0.0;2024-07-06 03:45:00
3.4105;0.0;2024-07-06 04:00:00
5.022;0.0;2024-07-06 04:15:00
6.497;0.0;2024-07-06 04:30:00
6.9925;0.0;2024-07-06 04:45:00
7.7935;0.0;2024-07-06 05:00:00
14.5385;0.0;2024-07-06 05:15:00
18.5775;0.0;2024-07-06 05:30:00
14.9495;0.0;2024-07-06 05:45:00
13.3405;0.0;2024-07-06 06:00:00
14.826;0.0;2024-07-06 06:15:00
13.108;0.0;2024-07-06 06:30:00
13.553;0.0;2024-07-06 06:45:00
15.92;0.0;2024-07-06 07:00:00
13.4;0.0;2024-07-06 07:15:00
13.239;0.0;2024-07-06 07:30:00
16.224;0.0;2024-07-06 07:45:00
14.68;0.026;2024-07-06 08:00:00
15.354;0.165833333333333;2024-07-06 08:15:00
13.728;0.311916666666667;2024-07-06 08:30:00
13.9715;0.627083333333333;2024-07-06 08:45:00
12.7695;0.644833333333333;2024-07-06 09:00:00
10.8435;0.903666666666667;2024-07-06 09:15:00
17.4625;0.948666666666667;2024-07-06 09:30:00
21.143;1.40891666666667;2024-07-06 09:45:00
19.113;1.93741666666667;2024-07-06 10:00:00
18.1335;2.11491666666667;2024-07-06 10:15:00
17.0065;2.2235;2024-07-06 10:30:00
17.8135;1.6625;2024-07-06 10:45:00
18.0685;1.31941666666667;2024-07-06 11:00:00
17.7685;2.099;2024-07-06 11:15:00
16.9875;2.98066666666667;2024-07-06 11:30:00
17.3815;4.31291666666667;2024-07-06 11:45:00
17.2295;3.28391666666667;2024-07-06 12:00:00
13.797;1.69325;2024-07-06 12:15:00
11.815;2.17958333333333;2024-07-06 12:30:00
7.9895;1.88666666666667;2024-07-06 12:45:00
7.1745;2.333;2024-07-06 13:00:00
4.8035;2.46208333333333;2024-07-06 13:15:00
4.0885;3.08141666666667;2024-07-06 13:30:00
3.522;2.96916666666667;2024-07-06 13:45:00
2.978;2.0005;2024-07-06 14:00:00
3.451;2.77308333333333;2024-07-06 14:15:00
4.179;3.84675;2024-07-06 14:30:00
4.4055;4.38275;2024-07-06 14:45:00
5.0905;4.856;2024-07-06 15:00:00
3.292;1.81908333333333;2024-07-06 15:15:00
4.063;2.95541666666667;2024-07-06 15:30:00
4.2175;2.79825;2024-07-06 15:45:00
4.1395;3.24891666666667;2024-07-06 16:00:00
3.8785;2.31;2024-07-06 16:15:00
3.9325;2.29666666666667;2024-07-06 16:30:00
3.4155;1.80783333333333;2024-07-06 16:45:00
3.3815;1.46858333333333;2024-07-06 17:00:00
3.826;1.50516666666667;2024-07-06 17:15:00
3.026;0.898666666666667;2024-07-06 17:30:00
3.0175;0.79425;2024-07-06 17:45:00
2.5415;0.575;2024-07-06 18:00:00
1.89;0.388333333333333;2024-07-06 18:15:00
1.621;0.368;2024-07-06 18:30:00
1.793;0.16875;2024-07-06 18:45:00
1.236;0.0313333333333333;2024-07-06 19:00:00
1.949;0.0;2024-07-06 19:15:00
2.183;0.0;2024-07-06 19:30:00
1.9735;0.0;2024-07-06 19:45:00
2.0755;0.0;2024-07-06 20:00:00
2.1925;0.0;2024-07-06 20:15:00
2.0805;0.0;2024-07-06 20:30:00
2.319;0.0;2024-07-06 20:45:00
2.041;0.0;2024-07-06 21:00:00
2.1345;0.0;2024-07-06 21:15:00
2.1115;0.0;2024-07-06 21:30:00
1.8795;0.0;2024-07-06 21:45:00
1.9005;0.0;2024-07-06 22:00:00
2.5855;0.0;2024-07-06 22:15:00
2.2495;0.0;2024-07-06 22:30:00
2.536;0.0;2024-07-06 22:45:00
4.162;0.0;2024-07-06 23:00:00
4.996;0.0;2024-07-06 23:15:00
4.328;0.0;2024-07-06 23:30:00
5.635;0.0;2024-07-06 23:45:00
3.7875;0.0;2024-08-20 00:00:00
3.491;0.0;2024-08-20 00:15:00
3.457;0.0;2024-08-20 00:30:00
3.819;0.0;2024-08-20 00:45:00
3.794;0.0;2024-08-20 01:00:00
3.514;0.0;2024-08-20 01:15:00
3.622;0.0;2024-08-20 01:30:00
3.731;0.0;2024-08-20 01:45:00
3.291;0.0;2024-08-20 02:00:00
3.735;0.0;2024-08-20 02:15:00
3.365;0.0;2024-08-20 02:30:00
4.06;0.0;2024-08-20 02:45:00
3.682;0.0;2024-08-20 03:00:00
3.6025;0.0;2024-08-20 03:15:00
3.7505;0.0;2024-08-20 03:30:00
3.366;0.0;2024-08-20 03:45:00
3.769;0.0;2024-08-20 04:00:00
3.1065;0.0;2024-08-20 04:15:00
3.0935;0.0;2024-08-20 04:30:00
3.143;0.0;2024-08-20 04:45:00
3.16;0.0;2024-08-20 05:00:00
3.3255;0.0;2024-08-20 05:15:00
7.6945;0.0;2024-08-20 05:30:00
9.4455;0.0;2024-08-20 05:45:00
11.1135;0.0;2024-08-20 06:00:00
15.4665;0.0;2024-08-20 06:15:00
21.4375;0.0;2024-08-20 06:30:00
20.3135;0.0;2024-08-20 06:45:00
19.7535;0.0;2024-08-20 07:00:00
19.7805;0.0;2024-08-20 07:15:00
21.7785;0.0;2024-08-20 07:30:00
18.522;0.0;2024-08-20 07:45:00
19.851;0.0;2024-08-20 08:00:00
16.898;0.0;2024-08-20 08:15:00
19.31;0.0;2024-08-20 08:30:00
21.069;0.0;2024-08-20 08:45:00
22.84;0.195;2024-08-20 09:00:00
23.0415;1.85633333333333;2024-08-20 09:15:00
23.1755;0.900333333333333;2024-08-20 09:30:00
22.887;2.10041666666667;2024-08-20 09:45:00
17.71;3.62391666666667;2024-08-20 10:00:00
16.5875;3.85675;2024-08-20 10:15:00
23.3795;10.5854166666667;2024-08-20 10:30:00
26.8505;13.4925;2024-08-20 10:45:00
30.4695;14.46425;2024-08-20 11:00:00
30.5085;15.134;2024-08-20 11:15:00
31.0585;14.1005;2024-08-20 11:30:00
25.348;10.868;2024-08-20 11:45:00
27.761;11.111;2024-08-20 12:00:00
38.8415;9.44708333333333;2024-08-20 12:15:00
45.6695;11.5215;2024-08-20 12:30:00
46.4375;16.7518333333333;2024-08-20 12:45:00
41.0505;12.0715833333333;2024-08-20 13:00:00
43.9435;11.1225833333333;2024-08-20 13:15:00
34.1455;16.5520833333333;2024-08-20 13:30:00
14.884;7.06558333333333;2024-08-20 13:45:00
10.377;2.40783333333333;2024-08-20 14:00:00
9.2675;2.06783333333333;2024-08-20 14:15:00
12.0155;7.68991666666667;2024-08-20 14:30:00
12.855;11.3159166666667;2024-08-20 14:45:00
9.389;7.00166666666667;2024-08-20 15:00:00
5.833;1.91066666666667;2024-08-20 15:15:00
10.047;8.68008333333333;2024-08-20 15:30:00
13.0355;5.39666666666667;2024-08-20 15:45:00
12.7535;12.0585;2024-08-20 16:00:00
11.3255;8.69675;2024-08-20 16:15:00
10.6745;7.98775;2024-08-20 16:30:00
8.313;4.38383333333333;2024-08-20 16:45:00
8.56;3.13366666666667;2024-08-20 17:00:00
9.471;5.14433333333333;2024-08-20 17:15:00
9.77;6.40008333333333;2024-08-20 17:30:00
9.6515;5.68491666666667;2024-08-20 17:45:00
8.7925;3.12808333333333;2024-08-20 18:00:00
6.0175;1.12391666666667;2024-08-20 18:15:00
5.5845;0.7215;2024-08-20 18:30:00
4.758;0.559583333333333;2024-08-20 18:45:00
4.127;0.440416666666667;2024-08-20 19:00:00
2.975;0.0519166666666667;2024-08-20 19:15:00
3.004;0.0;2024-08-20 19:30:00
3.316;0.0;2024-08-20 19:45:00
3.759;0.0;2024-08-20 20:00:00
3.5105;0.0;2024-08-20 20:15:00
3.9925;0.0;2024-08-20 20:30:00
3.248;0.0;2024-08-20 20:45:00
3.939;0.0;2024-08-20 21:00:00
3.64;0.0;2024-08-20 21:15:00
4.044;0.0;2024-08-20 21:30:00
2.811;0.0;2024-08-20 21:45:00
4.096;0.0;2024-08-20 22:00:00
4.1925;0.0;2024-08-20 22:15:00
3.3065;0.0;2024-08-20 22:30:00
3.5365;0.0;2024-08-20 22:45:00
3.3625;0.0;2024-08-20 23:00:00
3.9915;0.0;2024-08-20 23:15:00
3.8335;0.0;2024-08-20 23:30:00
3.395;0.0;2024-08-20 23:45:00
2.577;0.0;2024-08-21 00:00:00
2.2215;0.0;2024-08-21 00:15:00
2.6615;0.0;2024-08-21 00:30:00
2.903;0.0;2024-08-21 00:45:00
2.641;0.0;2024-08-21 01:00:00
2.2;0.0;2024-08-21 01:15:00
2.618;0.0;2024-08-21 01:30:00
2.6115;0.0;2024-08-21 01:45:00
2.6135;0.0;2024-08-21 02:00:00
2.3795;0.0;2024-08-21 02:15:00
2.4425;0.0;2024-08-21 02:30:00
2.6455;0.0;2024-08-21 02:45:00
2.9035;0.0;2024-08-21 03:00:00
2.8005;0.0;2024-08-21 03:15:00
2.5535;0.0;2024-08-21 03:30:00
3.142;0.0;2024-08-21 03:45:00
2.764;0.0;2024-08-21 04:00:00
2.6495;0.0;2024-08-21 04:15:00
3.5905;0.0;2024-08-21 04:30:00
7.2985;0.0;2024-08-21 04:45:00
19.6915;0.0;2024-08-21 05:00:00
25.0235;0.0;2024-08-21 05:15:00
28.1405;0.0;2024-08-21 05:30:00
35.4145;0.0;2024-08-21 05:45:00
38.3055;0.018;2024-08-21 06:00:00
32.5345;0.395666666666667;2024-08-21 06:15:00
30.9485;0.741083333333333;2024-08-21 06:30:00
29.9835;1.40541666666667;2024-08-21 06:45:00
29.4265;2.1885;2024-08-21 07:00:00
34.615;3.2725;2024-08-21 07:15:00
40.206;4.33775;2024-08-21 07:30:00
39.3835;5.70416666666667;2024-08-21 07:45:00
43.8245;6.92366666666667;2024-08-21 08:00:00
39.8935;8.66658333333333;2024-08-21 08:15:00
38.2805;7.40108333333333;2024-08-21 08:30:00
30.6375;5.857;2024-08-21 08:45:00
22.1635;8.47025;2024-08-21 09:00:00
14.447;6.74641666666667;2024-08-21 09:15:00
17.126;5.56975;2024-08-21 09:30:00
34.2095;4.53566666666667;2024-08-21 09:45:00
42.3455;4.70375;2024-08-21 10:00:00
44.6435;5.08383333333333;2024-08-21 10:15:00
34.4635;5.23258333333333;2024-08-21 10:30:00
29.6925;5.5365;2024-08-21 10:45:00
31.4905;5.90941666666667;2024-08-21 11:00:00
32.1895;6.76466666666667;2024-08-21 11:15:00
31.6765;7.10058333333333;2024-08-21 11:30:00
38.002;6.49691666666667;2024-08-21 11:45:00
37.845;7.03233333333333;2024-08-21 12:00:00
39.1265;8.90233333333333;2024-08-21 12:15:00
38.0645;8.56133333333333;2024-08-21 12:30:00
34.3195;8.53883333333333;2024-08-21 12:45:00
30.9935;11.1625;2024-08-21 13:00:00
37.5755;15.6521666666667;2024-08-21 13:15:00
40.0685;21.3806666666667;2024-08-21 13:30:00
42.0015;20.5686666666667;2024-08-21 13:45:00
40.5055;18.8363333333333;2024-08-21 14:00:00
37.217;20.274;2024-08-21 14:15:00
34.363;13.9984166666667;2024-08-21 14:30:00
43.003;22.012;2024-08-21 14:45:00
46.147;19.96;2024-08-21 15:00:00
42.5795;14.94375;2024-08-21 15:15:00
39.8775;12.8791666666667;2024-08-21 15:30:00
39.3435;18.5995;2024-08-21 15:45:00
37.3565;15.29275;2024-08-21 16:00:00
37.5575;15.4215;2024-08-21 16:15:00
38.7985;18.17725;2024-08-21 16:30:00
34.375;10.47825;2024-08-21 16:45:00
32.541;15.023;2024-08-21 17:00:00
18.7;10.435;2024-08-21 17:15:00
19.26;12.5253333333333;2024-08-21 17:30:00
15.8735;10.69175;2024-08-21 17:45:00
11.3625;4.14608333333333;2024-08-21 18:00:00
8.4125;7.30991666666667;2024-08-21 18:15:00
8.1955;7.50941666666667;2024-08-21 18:30:00
6.0295;4.43666666666667;2024-08-21 18:45:00
5.2155;2.955;2024-08-21 19:00:00
4.882;3.448;2024-08-21 19:15:00
4.934;2.49575;2024-08-21 19:30:00
5.096;3.45641666666667;2024-08-21 19:45:00
4.111;2.10191666666667;2024-08-21 20:00:00
3.2205;1.65633333333333;2024-08-21 20:15:00
2.8485;1.08075;2024-08-21 20:30:00
2.726;0.333333333333333;2024-08-21 20:45:00
2.473;0.0775833333333333;2024-08-21 21:00:00
2.1755;0.0;2024-08-21 21:15:00
2.8995;0.0;2024-08-21 21:30:00
2.5935;0.0;2024-08-21 21:45:00
2.5075;0.0;2024-08-21 22:00:00
2.7065;0.0;2024-08-21 22:15:00
2.9845;0.0;2024-08-21 22:30:00
2.5855;0.0;2024-08-21 22:45:00
2.5095;0.0;2024-08-21 23:00:00
2.671;0.0;2024-08-21 23:15:00
2.838;0.0;2024-08-21 23:30:00
2.65;0.0;2024-08-21 23:45:00
2.286;0.0;2024-08-07 00:00:00
1.8255;0.0;2024-08-07 00:15:00
2.2715;0.0;2024-08-07 00:30:00
1.855;0.0;2024-08-07 00:45:00
2.271;0.0;2024-08-07 01:00:00
1.853;0.0;2024-08-07 01:15:00
2.286;0.0;2024-08-07 01:30:00
1.812;0.0;2024-08-07 01:45:00
2.297;0.0;2024-08-07 02:00:00
1.81;0.0;2024-08-07 02:15:00
2.42;0.0;2024-08-07 02:30:00
2.0905;0.0;2024-08-07 02:45:00
2.3125;0.0;2024-08-07 03:00:00
1.804;0.0;2024-08-07 03:15:00
2.285;0.0;2024-08-07 03:30:00
1.823;0.0;2024-08-07 03:45:00
2.267;0.0;2024-08-07 04:00:00
2.1325;0.0;2024-08-07 04:15:00
4.3505;0.0;2024-08-07 04:30:00
7.019;0.0;2024-08-07 04:45:00
16.963;0.0;2024-08-07 05:00:00
33.3525;0.0;2024-08-07 05:15:00
32.0825;0.0;2024-08-07 05:30:00
32.1875;0.0;2024-08-07 05:45:00
26.0955;0.0;2024-08-07 06:00:00
30.21;0.0;2024-08-07 06:15:00
34.521;0.0;2024-08-07 06:30:00
33.6985;0.0035;2024-08-07 06:45:00
34.4805;0.0864166666666667;2024-08-07 07:00:00
36.5355;0.433583333333333;2024-08-07 07:15:00
36.2365;0.83075;2024-08-07 07:30:00
33.899;1.63958333333333;2024-08-07 07:45:00
31.866;2.30708333333333;2024-08-07 08:00:00
35.702;3.38316666666667;2024-08-07 08:15:00
31.692;3.74266666666667;2024-08-07 08:30:00
12.9295;2.501;2024-08-07 08:45:00
12.9515;5.90375;2024-08-07 09:00:00
18.09;3.86841666666667;2024-08-07 09:15:00
33.37;3.9975;2024-08-07 09:30:00
33.8785;5.57758333333333;2024-08-07 09:45:00
34.4835;7.45758333333333;2024-08-07 10:00:00
35.218;10.4965833333333;2024-08-07 10:15:00
36.591;11.0543333333333;2024-08-07 10:30:00
31.693;12.6180833333333;2024-08-07 10:45:00
31.735;7.13016666666667;2024-08-07 11:00:00
34.502;7.94483333333333;2024-08-07 11:15:00
32.213;11.3404166666667;2024-08-07 11:30:00
31.6425;9.83;2024-08-07 11:45:00
30.2925;13.4639166666667;2024-08-07 12:00:00
31.7905;13.5274166666667;2024-08-07 12:15:00
32.0575;12.48925;2024-08-07 12:30:00
13.9705;13.70525;2024-08-07 12:45:00
13.8285;7.05491666666667;2024-08-07 13:00:00
11.3875;6.92283333333333;2024-08-07 13:15:00
9.6035;6.98833333333333;2024-08-07 13:30:00
9.898;6.914;2024-08-07 13:45:00
9.33;6.93133333333333;2024-08-07 14:00:00
9.443;6.80175;2024-08-07 14:15:00
8.883;6.72225;2024-08-07 14:30:00
9.228;6.61541666666667;2024-08-07 14:45:00
8.802;6.47991666666667;2024-08-07 15:00:00
9.077;6.29808333333333;2024-08-07 15:15:00
8.399;6.12291666666667;2024-08-07 15:30:00
8.542;5.89158333333333;2024-08-07 15:45:00
7.741;5.62283333333333;2024-08-07 16:00:00
7.6525;5.36725;2024-08-07 16:15:00
6.9605;5.06958333333333;2024-08-07 16:30:00
6.976;4.74741666666667;2024-08-07 16:45:00
5.919;4.42366666666667;2024-08-07 17:00:00
5.863;4.05841666666667;2024-08-07 17:15:00
5.086;3.65516666666667;2024-08-07 17:30:00
5.3015;3.25133333333333;2024-08-07 17:45:00
4.1475;2.82;2024-08-07 18:00:00
4.06;2.35966666666667;2024-08-07 18:15:00
3.26;1.93233333333333;2024-08-07 18:30:00
3.387;3.05291666666667;2024-08-07 18:45:00
2.752;2.275;2024-08-07 19:00:00
2.345;1.49191666666667;2024-08-07 19:15:00
1.744;0.92775;2024-08-07 19:30:00
1.7035;0.471666666666667;2024-08-07 19:45:00
1.5155;0.242166666666667;2024-08-07 20:00:00
1.4335;0.072;2024-08-07 20:15:00
1.4565;0.003;2024-08-07 20:30:00
1.687;0.0;2024-08-07 20:45:00
2.405;0.0;2024-08-07 21:00:00
2.0565;0.0;2024-08-07 21:15:00
2.0655;0.0;2024-08-07 21:30:00
2.074;0.0;2024-08-07 21:45:00
2.221;0.0;2024-08-07 22:00:00
2.2705;0.0;2024-08-07 22:15:00
2.0645;0.0;2024-08-07 22:30:00
2.111;0.0;2024-08-07 22:45:00
2.08;0.0;2024-08-07 23:00:00
2.2475;0.0;2024-08-07 23:15:00
2.2575;0.0;2024-08-07 23:30:00
2.0965;0.0;2024-08-07 23:45:00
2.8155;0.0;2024-09-02 00:00:00
3.577;0.0;2024-09-02 00:15:00
3.109;0.0;2024-09-02 00:30:00
3.072;0.0;2024-09-02 00:45:00
3.098;0.0;2024-09-02 01:00:00
3.1515;0.0;2024-09-02 01:15:00
3.5465;0.0;2024-09-02 01:30:00
2.8935;0.0;2024-09-02 01:45:00
3.3995;0.0;2024-09-02 02:00:00
2.7925;0.0;2024-09-02 02:15:00
2.7005;0.0;2024-09-02 02:30:00
2.8745;0.0;2024-09-02 02:45:00
2.8595;0.0;2024-09-02 03:00:00
3.2515;0.0;2024-09-02 03:15:00
3.0015;0.0;2024-09-02 03:30:00
2.6255;0.0;2024-09-02 03:45:00
2.4675;0.0;2024-09-02 04:00:00
2.85;0.0;2024-09-02 04:15:00
3.209;0.0;2024-09-02 04:30:00
2.4875;0.0;2024-09-02 04:45:00
3.0145;0.0;2024-09-02 05:00:00
3.6745;0.0;2024-09-02 05:15:00
3.7165;0.0;2024-09-02 05:30:00
3.67;0.0;2024-09-02 05:45:00
3.652;0.0;2024-09-02 06:00:00
3.6875;0.0;2024-09-02 06:15:00
3.6665;0.0;2024-09-02 06:30:00
3.6705;0.0;2024-09-02 06:45:00
3.4925;0.0;2024-09-02 07:00:00
3.0585;0.0;2024-09-02 07:15:00
2.9645;0.0;2024-09-02 07:30:00
3.2465;0.0;2024-09-02 07:45:00
3.1885;0.0;2024-09-02 08:00:00
3.0035;0.0;2024-09-02 08:15:00
2.9925;0.0;2024-09-02 08:30:00
2.9415;0.0;2024-09-02 08:45:00
3.0055;0.0;2024-09-02 09:00:00
2.9955;0.0;2024-09-02 09:15:00
3.0105;0.0;2024-09-02 09:30:00
2.999;0.0;2024-09-02 09:45:00
2.973;0.0;2024-09-02 10:00:00
3.0255;0.0;2024-09-02 10:15:00
2.9975;0.0;2024-09-02 10:30:00
3.0125;0.0;2024-09-02 10:45:00
3.0235;0.0;2024-09-02 11:00:00
3.1665;0.0;2024-09-02 11:15:00
3.5215;0.0;2024-09-02 11:30:00
3.189;0.0;2024-09-02 11:45:00
3.195;0.0;2024-09-02 12:00:00
3.111;0.0;2024-09-02 12:15:00
3.043;0.0;2024-09-02 12:30:00
3.0835;0.0;2024-09-02 12:45:00
3.0305;0.0;2024-09-02 13:00:00
3.048;0.0;2024-09-02 13:15:00
2.986;0.0;2024-09-02 13:30:00
3.0075;0.0;2024-09-02 13:45:00
3.0085;0.0;2024-09-02 14:00:00
2.8135;0.0;2024-09-02 14:15:00
2.0605;0.0;2024-09-02 14:30:00
1.861;0.0;2024-09-02 14:45:00
2.017;0.0;2024-09-02 15:00:00
1.941;0.0;2024-09-02 15:15:00
2.558;0.0;2024-09-02 15:30:00
4.0355;0.0;2024-09-02 15:45:00
2.8945;0.0;2024-09-02 16:00:00
2.176;0.0;2024-09-02 16:15:00
2.61;0.0;2024-09-02 16:30:00
1.9615;0.0;2024-09-02 16:45:00
2.4555;0.0;2024-09-02 17:00:00
1.9965;0.0;2024-09-02 17:15:00
2.2705;0.0;2024-09-02 17:30:00
2.2925;0.0;2024-09-02 17:45:00
2.0805;0.0;2024-09-02 18:00:00
2.4285;0.0;2024-09-02 18:15:00
2.3415;0.0;2024-09-02 18:30:00
2.2275;0.0;2024-09-02 18:45:00
2.1285;0.0;2024-09-02 19:00:00
2.338;0.0;2024-09-02 19:15:00
2.304;0.0;2024-09-02 19:30:00
1.895;0.0;2024-09-02 19:45:00
1.985;0.0;2024-09-02 20:00:00
3.5165;0.0;2024-09-02 20:15:00
2.9405;0.0;2024-09-02 20:30:00
2.797;0.0;2024-09-02 20:45:00
2.78;0.0;2024-09-02 21:00:00
2.8145;0.0;2024-09-02 21:15:00
2.9345;0.0;2024-09-02 21:30:00
3.0995;0.0;2024-09-02 21:45:00
3.7575;0.0;2024-09-02 22:00:00
2.74;0.0;2024-09-02 22:15:00
2.882;0.0;2024-09-02 22:30:00
2.918;0.0;2024-09-02 22:45:00
3.178;0.0;2024-09-02 23:00:00
2.666;0.0;2024-09-02 23:15:00
2.76;0.0;2024-09-02 23:30:00
2.88;0.0;2024-09-02 23:45:00
3.466;0.0;2024-09-10 00:00:00
3.326;0.0;2024-09-10 00:15:00
2.873;0.0;2024-09-10 00:30:00
3.598;0.0;2024-09-10 00:45:00
3.733;0.0;2024-09-10 01:00:00
3.402;0.0;2024-09-10 01:15:00
3.01;0.0;2024-09-10 01:30:00
3.6045;0.0;2024-09-10 01:45:00
3.5525;0.0;2024-09-10 02:00:00
3.141;0.0;2024-09-10 02:15:00
2.822;0.0;2024-09-10 02:30:00
2.6435;0.0;2024-09-10 02:45:00
3.3195;0.0;2024-09-10 03:00:00
3.0935;0.0;2024-09-10 03:15:00
2.8225;0.0;2024-09-10 03:30:00
2.245;0.0;2024-09-10 03:45:00
2.265;0.0;2024-09-10 04:00:00
2.4275;0.0;2024-09-10 04:15:00
2.9725;0.0;2024-09-10 04:30:00
6.3965;0.0;2024-09-10 04:45:00
8.6795;0.0;2024-09-10 05:00:00
18.757;0.0;2024-09-10 05:15:00
31.938;0.0;2024-09-10 05:30:00
35.3255;0.0005;2024-09-10 05:45:00
34.1105;0.0330833333333333;2024-09-10 06:00:00
31.294;0.183916666666667;2024-09-10 06:15:00
35.849;0.31425;2024-09-10 06:30:00
35.059;0.584333333333333;2024-09-10 06:45:00
37.146;0.905583333333333;2024-09-10 07:00:00
33.2985;1.29391666666667;2024-09-10 07:15:00
34.7875;1.63783333333333;2024-09-10 07:30:00
36.293;1.89183333333333;2024-09-10 07:45:00
33.06;2.42775;2024-09-10 08:00:00
34.3235;3.73116666666667;2024-09-10 08:15:00
38.9235;4.59625;2024-09-10 08:30:00
30.4595;5.3235;2024-09-10 08:45:00
22.2815;4.3955;2024-09-10 09:00:00
22.057;4.621;2024-09-10 09:15:00
30.68;7.6675;2024-09-10 09:30:00
37.3065;5.90216666666667;2024-09-10 09:45:00
37.2025;6.554;2024-09-10 10:00:00
37.8845;5.75783333333333;2024-09-10 10:15:00
39.3965;5.6885;2024-09-10 10:30:00
31.696;7.24266666666667;2024-09-10 10:45:00
28.927;7.81891666666667;2024-09-10 11:00:00
23.921;6.87233333333333;2024-09-10 11:15:00
19.799;5.10358333333333;2024-09-10 11:30:00
26.065;5.51275;2024-09-10 11:45:00
27.651;8.08091666666667;2024-09-10 12:00:00
20.303;7.00166666666667;2024-09-10 12:15:00
17.179;5.984;2024-09-10 12:30:00
12.721;6.30525;2024-09-10 12:45:00
10.173;4.91033333333333;2024-09-10 13:00:00
8.211;5.66016666666667;2024-09-10 13:15:00
10.56;8.98183333333333;2024-09-10 13:30:00
10.015;9.53133333333333;2024-09-10 13:45:00
8.0;6.08733333333333;2024-09-10 14:00:00
7.4015;6.13308333333333;2024-09-10 14:15:00
8.1165;6.63658333333333;2024-09-10 14:30:00
8.0415;7.44166666666667;2024-09-10 14:45:00
8.6075;6.24808333333333;2024-09-10 15:00:00
9.4275;6.35741666666667;2024-09-10 15:15:00
9.6095;5.71875;2024-09-10 15:30:00
13.131;8.87975;2024-09-10 15:45:00
17.035;13.2109166666667;2024-09-10 16:00:00
17.051;12.911;2024-09-10 16:15:00
19.319;18.31025;2024-09-10 16:30:00
15.3075;6.75833333333333;2024-09-10 16:45:00
13.2585;9.19425;2024-09-10 17:00:00
13.686;9.20908333333333;2024-09-10 17:15:00
16.412;14.81875;2024-09-10 17:30:00
12.917;12.7523333333333;2024-09-10 17:45:00
8.104;6.39358333333333;2024-09-10 18:00:00
9.0395;7.185;2024-09-10 18:15:00
8.0485;3.08708333333333;2024-09-10 18:30:00
6.191;2.57058333333333;2024-09-10 18:45:00
5.026;4.67883333333333;2024-09-10 19:00:00
5.3535;2.22933333333333;2024-09-10 19:15:00
3.6025;2.11775;2024-09-10 19:30:00
3.4355;1.92516666666667;2024-09-10 19:45:00
3.4635;1.63491666666667;2024-09-10 20:00:00
2.876;1.37991666666667;2024-09-10 20:15:00
2.654;1.05983333333333;2024-09-10 20:30:00
2.5885;0.528;2024-09-10 20:45:00
1.8605;0.169166666666667;2024-09-10 21:00:00
1.821;0.003;2024-09-10 21:15:00
2.131;0.0;2024-09-10 21:30:00
2.567;0.0;2024-09-10 21:45:00
2.281;0.0;2024-09-10 22:00:00
2.7995;0.0;2024-09-10 22:15:00
2.8165;0.0;2024-09-10 22:30:00
2.928;0.0;2024-09-10 22:45:00
3.611;0.0;2024-09-10 23:00:00
3.162;0.0;2024-09-10 23:15:00
3.862;0.0;2024-09-10 23:30:00
3.3345;0.0;2024-09-10 23:45:00
2.6645;0.0;2024-09-28 00:00:00
3.7425;0.0;2024-09-28 00:15:00
2.7055;0.0;2024-09-28 00:30:00
3.019;0.0;2024-09-28 00:45:00
2.654;0.0;2024-09-28 01:00:00
3.1015;0.0;2024-09-28 01:15:00
2.9975;0.0;2024-09-28 01:30:00
3.131;0.0;2024-09-28 01:45:00
2.467;0.0;2024-09-28 02:00:00
2.609;0.0;2024-09-28 02:15:00
2.677;0.0;2024-09-28 02:30:00
1.96;0.0;2024-09-28 02:45:00
2.339;0.0;2024-09-28 03:00:00
2.661;0.0;2024-09-28 03:15:00
1.758;0.0;2024-09-28 03:30:00
2.706;0.0;2024-09-28 03:45:00
2.745;0.0;2024-09-28 04:00:00
2.007;0.0;2024-09-28 04:15:00
3.024;0.0;2024-09-28 04:30:00
5.958;0.0;2024-09-28 04:45:00
10.762;0.0;2024-09-28 05:00:00
24.281;0.0;2024-09-28 05:15:00
20.446;0.0;2024-09-28 05:30:00
16.3605;0.0;2024-09-28 05:45:00
19.2475;0.0;2024-09-28 06:00:00
17.4775;0.0431666666666667;2024-09-28 06:15:00
21.9065;0.1045;2024-09-28 06:30:00
39.243;0.206916666666667;2024-09-28 06:45:00
39.379;0.621416666666667;2024-09-28 07:00:00
35.324;0.986333333333333;2024-09-28 07:15:00
35.925;1.406;2024-09-28 07:30:00
32.0005;1.83616666666667;2024-09-28 07:45:00
35.0365;2.27933333333333;2024-09-28 08:00:00
37.448;2.75858333333333;2024-09-28 08:15:00
36.468;3.27841666666667;2024-09-28 08:30:00
31.481;3.66658333333333;2024-09-28 08:45:00
26.819;4.1175;2024-09-28 09:00:00
27.5645;4.5315;2024-09-28 09:15:00
37.6035;4.89758333333333;2024-09-28 09:30:00
38.5735;5.24008333333333;2024-09-28 09:45:00
38.9085;5.57916666666667;2024-09-28 10:00:00
31.7325;5.86058333333333;2024-09-28 10:15:00
36.7475;6.03783333333333;2024-09-28 10:30:00
36.1035;6.31466666666667;2024-09-28 10:45:00
34.2655;6.45141666666667;2024-09-28 11:00:00
35.992;6.6975;2024-09-28 11:15:00
33.855;6.7945;2024-09-28 11:30:00
33.003;6.95891666666667;2024-09-28 11:45:00
35.775;7.03833333333333;2024-09-28 12:00:00
20.651;7.2025;2024-09-28 12:15:00
13.486;7.35825;2024-09-28 12:30:00
9.596;7.48008333333333;2024-09-28 12:45:00
6.908;7.55458333333333;2024-09-28 13:00:00
4.3375;7.6235;2024-09-28 13:15:00
3.8635;7.63258333333333;2024-09-28 13:30:00
3.3035;7.51216666666667;2024-09-28 13:45:00
3.1665;7.26125;2024-09-28 14:00:00
3.529;7.45316666666667;2024-09-28 14:15:00
3.622;7.32591666666667;2024-09-28 14:30:00
3.327;6.97175;2024-09-28 14:45:00
3.198;7.072;2024-09-28 15:00:00
2.9575;6.91908333333333;2024-09-28 15:15:00
2.8045;6.74408333333333;2024-09-28 15:30:00
2.811;6.57225;2024-09-28 15:45:00
3.051;6.07266666666667;2024-09-28 16:00:00
12.315;5.23416666666667;2024-09-28 16:15:00
16.793;5.68416666666667;2024-09-28 16:30:00
19.7835;5.29683333333333;2024-09-28 16:45:00
21.3225;5.12941666666667;2024-09-28 17:00:00
21.4005;4.92108333333333;2024-09-28 17:15:00
16.6485;3.84375;2024-09-28 17:30:00
15.3315;3.86483333333333;2024-09-28 17:45:00
16.9475;3.67091666666667;2024-09-28 18:00:00
13.6585;3.25525;2024-09-28 18:15:00
13.9095;2.49558333333333;2024-09-28 18:30:00
3.202;2.3645;2024-09-28 18:45:00
2.182;2.03316666666667;2024-09-28 19:00:00
1.7905;0.94175;2024-09-28 19:15:00
1.6345;0.715583333333333;2024-09-28 19:30:00
1.739;0.754916666666667;2024-09-28 19:45:00
1.733;0.41725;2024-09-28 20:00:00
1.048;0.180916666666667;2024-09-28 20:15:00
0.98;0.120083333333333;2024-09-28 20:30:00
1.2225;0.0439166666666667;2024-09-28 20:45:00
1.2275;0.0;2024-09-28 21:00:00
1.3635;0.0;2024-09-28 21:15:00
1.6005;0.0;2024-09-28 21:30:00
1.977;0.0;2024-09-28 21:45:00
1.639;0.0;2024-09-28 22:00:00
1.5695;0.0;2024-09-28 22:15:00
1.8065;0.0;2024-09-28 22:30:00
2.501;0.0;2024-09-28 22:45:00
2.349;0.0;2024-09-28 23:00:00
2.5635;0.0;2024-09-28 23:15:00
2.3165;0.0;2024-09-28 23:30:00
2.48;0.0;2024-09-28 23:45:00
2.2525;0.0;2024-09-30 00:00:00
3.0565;0.0;2024-09-30 00:15:00
2.5335;0.0;2024-09-30 00:30:00
2.621;0.0;2024-09-30 00:45:00
3.275;0.0;2024-09-30 01:00:00
2.7875;0.0;2024-09-30 01:15:00
2.7405;0.0;2024-09-30 01:30:00
2.648;0.0;2024-09-30 01:45:00
3.139;0.0;2024-09-30 02:00:00
2.664;0.0;2024-09-30 02:15:00
2.301;0.0;2024-09-30 02:30:00
3.384;0.0;2024-09-30 02:45:00
2.851;0.0;2024-09-30 03:00:00
2.3845;0.0;2024-09-30 03:15:00
3.6015;0.0;2024-09-30 03:30:00
2.7075;0.0;2024-09-30 03:45:00
2.3845;0.0;2024-09-30 04:00:00
3.149;0.0;2024-09-30 04:15:00
2.713;0.0;2024-09-30 04:30:00
2.6615;0.0;2024-09-30 04:45:00
3.0625;0.0;2024-09-30 05:00:00
3.0265;0.0;2024-09-30 05:15:00
3.6685;0.0;2024-09-30 05:30:00
7.1615;0.0;2024-09-30 05:45:00
16.4665;0.0;2024-09-30 06:00:00
32.5615;0.0;2024-09-30 06:15:00
33.3085;0.0;2024-09-30 06:30:00
38.1245;0.0;2024-09-30 06:45:00
41.3825;0.0;2024-09-30 07:00:00
37.3435;0.0;2024-09-30 07:15:00
36.9715;0.0;2024-09-30 07:30:00
33.1375;0.0;2024-09-30 07:45:00
36.2115;0.0;2024-09-30 08:00:00
39.2895;0.0;2024-09-30 08:15:00
41.4055;0.0;2024-09-30 08:30:00
40.394;0.0;2024-09-30 08:45:00
39.714;0.0;2024-09-30 09:00:00
43.7325;0.0;2024-09-30 09:15:00
40.9075;0.0;2024-09-30 09:30:00
35.7175;0.0;2024-09-30 09:45:00
35.1955;0.8;2024-09-30 10:00:00
32.2135;7.234;2024-09-30 10:15:00
34.8975;1.55825;2024-09-30 10:30:00
35.4015;4.56908333333333;2024-09-30 10:45:00
37.1275;6.07408333333333;2024-09-30 11:00:00
39.5445;7.00266666666667;2024-09-30 11:15:00
43.3295;4.8835;2024-09-30 11:30:00
44.0935;16.2501666666667;2024-09-30 11:45:00
40.3435;12.4984166666667;2024-09-30 12:00:00
42.1005;16.5423333333333;2024-09-30 12:15:00
44.2325;6.66358333333333;2024-09-30 12:30:00
46.087;17.5351666666667;2024-09-30 12:45:00
45.477;15.1018333333333;2024-09-30 13:00:00
38.5;17.9300833333333;2024-09-30 13:15:00
30.248;15.8338333333333;2024-09-30 13:30:00
6.351;12.4256666666667;2024-09-30 13:45:00
2.477;14.0965833333333;2024-09-30 14:00:00
2.5355;3.55633333333333;2024-09-30 14:15:00
2.9735;6.938;2024-09-30 14:30:00
2.199;15.055;2024-09-30 14:45:00
2.061;11.68425;2024-09-30 15:00:00
2.492;14.29125;2024-09-30 15:15:00
2.327;11.4781666666667;2024-09-30 15:30:00
2.0345;12.2486666666667;2024-09-30 15:45:00
2.5155;8.5795;2024-09-30 16:00:00
1.8185;10.7206666666667;2024-09-30 16:15:00
1.7215;6.81258333333333;2024-09-30 16:30:00
2.217;4.94708333333333;2024-09-30 16:45:00
1.842;2.18458333333333;2024-09-30 17:00:00
1.9075;2.70108333333333;2024-09-30 17:15:00
2.1415;1.77966666666667;2024-09-30 17:30:00
1.697;1.63716666666667;2024-09-30 17:45:00
2.229;1.41466666666667;2024-09-30 18:00:00
2.175;0.737166666666667;2024-09-30 18:15:00
1.633;0.16225;2024-09-30 18:30:00
1.99;0.00591666666666667;2024-09-30 18:45:00
1.905;0.0;2024-09-30 19:00:00
1.2025;0.0;2024-09-30 19:15:00
1.6925;0.0;2024-09-30 19:30:00
2.1925;0.0;2024-09-30 19:45:00
1.9705;0.0;2024-09-30 20:00:00
2.9325;0.0;2024-09-30 20:15:00
2.9625;0.0;2024-09-30 20:30:00
2.508;0.0;2024-09-30 20:45:00
3.023;0.0;2024-09-30 21:00:00
2.6455;0.0;2024-09-30 21:15:00
2.0765;0.0;2024-09-30 21:30:00
2.4445;0.0;2024-09-30 21:45:00
2.4705;0.0;2024-09-30 22:00:00
2.0315;0.0;2024-09-30 22:15:00
2.6755;0.0;2024-09-30 22:30:00
2.617;0.0;2024-09-30 22:45:00
2.04;0.0;2024-09-30 23:00:00
2.437;0.0;2024-09-30 23:15:00
2.692;0.0;2024-09-30 23:30:00
1.998;0.0;2024-09-30 23:45:00
3.8505;0.0;2024-10-12 00:00:00
3.289;0.0;2024-10-12 00:15:00
3.028;0.0;2024-10-12 00:30:00
3.349;0.0;2024-10-12 00:45:00
4.073;0.0;2024-10-12 01:00:00
3.728;0.0;2024-10-12 01:15:00
3.996;0.0;2024-10-12 01:30:00
2.787;0.0;2024-10-12 01:45:00
2.568;0.0;2024-10-12 02:00:00
2.21;0.0;2024-10-12 02:15:00
2.791;0.0;2024-10-12 02:30:00
1.8845;0.0;2024-10-12 02:45:00
2.3235;0.0;2024-10-12 03:00:00
2.0785;0.0;2024-10-12 03:15:00
2.5025;0.0;2024-10-12 03:30:00
2.0375;0.0;2024-10-12 03:45:00
3.0305;0.0;2024-10-12 04:00:00
2.3855;0.0;2024-10-12 04:15:00
2.3765;0.0;2024-10-12 04:30:00
3.9175;0.0;2024-10-12 04:45:00
6.9445;0.0;2024-10-12 05:00:00
7.6445;0.0;2024-10-12 05:15:00
10.9685;0.0;2024-10-12 05:30:00
14.1315;0.0;2024-10-12 05:45:00
14.6115;0.0;2024-10-12 06:00:00
10.7305;0.0015;2024-10-12 06:15:00
12.3705;0.0323333333333333;2024-10-12 06:30:00
10.478;0.0835;2024-10-12 06:45:00
11.994;0.09675;2024-10-12 07:00:00
11.6585;0.237833333333333;2024-10-12 07:15:00
10.6965;0.349666666666667;2024-10-12 07:30:00
11.953;0.39025;2024-10-12 07:45:00
11.16;0.444416666666667;2024-10-12 08:00:00
9.738;0.730583333333333;2024-10-12 08:15:00
10.947;0.961833333333333;2024-10-12 08:30:00
9.557;2.13258333333333;2024-10-12 08:45:00
8.424;1.63316666666667;2024-10-12 09:00:00
7.354;2.12133333333333;2024-10-12 09:15:00
8.229;1.71758333333333;2024-10-12 09:30:00
10.031;2.74333333333333;2024-10-12 09:45:00
11.153;2.42866666666667;2024-10-12 10:00:00
10.323;2.70808333333333;2024-10-12 10:15:00
13.684;5.9765;2024-10-12 10:30:00
11.5985;4.85483333333333;2024-10-12 10:45:00
12.7745;4.81775;2024-10-12 11:00:00
12.543;6.49008333333333;2024-10-12 11:15:00
11.083;5.71066666666667;2024-10-12 11:30:00
10.18;5.22958333333333;2024-10-12 11:45:00
8.383;4.8645;2024-10-12 12:00:00
6.8285;3.81533333333333;2024-10-12 12:15:00
7.7265;5.93775;2024-10-12 12:30:00
7.826;4.56608333333333;2024-10-12 12:45:00
5.982;3.24208333333333;2024-10-12 13:00:00
7.1995;5.17341666666667;2024-10-12 13:15:00
6.9505;2.57041666666667;2024-10-12 13:30:00
4.3725;4.31091666666667;2024-10-12 13:45:00
4.9565;4.55133333333333;2024-10-12 14:00:00
6.0935;2.62866666666667;2024-10-12 14:15:00
6.6275;3.06975;2024-10-12 14:30:00
6.405;2.84691666666667;2024-10-12 14:45:00
4.746;1.99658333333333;2024-10-12 15:00:00
4.272;4.15041666666667;2024-10-12 15:15:00
4.57;1.88633333333333;2024-10-12 15:30:00
3.937;1.77566666666667;2024-10-12 15:45:00
3.575;1.33375;2024-10-12 16:00:00
3.6145;3.39691666666667;2024-10-12 16:15:00
3.4645;1.33191666666667;2024-10-12 16:30:00
3.9445;1.3805;2024-10-12 16:45:00
4.3505;1.55616666666667;2024-10-12 17:00:00
6.851;4.37941666666667;2024-10-12 17:15:00
5.478;3.53508333333333;2024-10-12 17:30:00
4.96;2.17075;2024-10-12 17:45:00
4.779;1.44408333333333;2024-10-12 18:00:00
3.674;1.60541666666667;2024-10-12 18:15:00
2.852;2.43375;2024-10-12 18:30:00
2.27;1.51783333333333;2024-10-12 18:45:00
1.926;1.35333333333333;2024-10-12 19:00:00
1.5185;0.54225;2024-10-12 19:15:00
1.7085;0.374;2024-10-12 19:30:00
1.17;0.207333333333333;2024-10-12 19:45:00
1.264;0.162083333333333;2024-10-12 20:00:00
1.5695;0.118833333333333;2024-10-12 20:15:00
1.7095;0.06075;2024-10-12 20:30:00
1.7375;0.013;2024-10-12 20:45:00
1.7105;0.0005;2024-10-12 21:00:00
1.9165;0.0;2024-10-12 21:15:00
2.2265;0.0;2024-10-12 21:30:00
2.5285;0.0;2024-10-12 21:45:00
2.8775;0.0;2024-10-12 22:00:00
2.6905;0.0;2024-10-12 22:15:00
2.8285;0.0;2024-10-12 22:30:00
2.6505;0.0;2024-10-12 22:45:00
2.7005;0.0;2024-10-12 23:00:00
2.794;0.0;2024-10-12 23:15:00
2.255;0.0;2024-10-12 23:30:00
2.266;0.0;2024-10-12 23:45:00
2.1465;0.0;2024-10-11 00:00:00
2.0625;0.0;2024-10-11 00:15:00
2.2195;0.0;2024-10-11 00:30:00
1.8285;0.0;2024-10-11 00:45:00
2.3035;0.0;2024-10-11 01:00:00
2.1605;0.0;2024-10-11 01:15:00
1.9545;0.0;2024-10-11 01:30:00
2.351;0.0;2024-10-11 01:45:00
2.238;0.0;2024-10-11 02:00:00
1.9685;0.0;2024-10-11 02:15:00
2.0725;0.0;2024-10-11 02:30:00
2.1355;0.0;2024-10-11 02:45:00
2.2725;0.0;2024-10-11 03:00:00
2.054;0.0;2024-10-11 03:15:00
2.086;0.0;2024-10-11 03:30:00
2.098;0.0;2024-10-11 03:45:00
2.268;0.0;2024-10-11 04:00:00
1.978;0.0;2024-10-11 04:15:00
2.309;0.0;2024-10-11 04:30:00
1.952;0.0;2024-10-11 04:45:00
2.097;0.0;2024-10-11 05:00:00
2.35;0.0;2024-10-11 05:15:00
2.557;0.0;2024-10-11 05:30:00
2.252;0.0;2024-10-11 05:45:00
2.352;0.0;2024-10-11 06:00:00
1.9815;0.0;2024-10-11 06:15:00
2.2735;0.0;2024-10-11 06:30:00
2.4065;0.0;2024-10-11 06:45:00
2.0785;0.0;2024-10-11 07:00:00
2.2875;0.0;2024-10-11 07:15:00
2.3255;0.0;2024-10-11 07:30:00
2.251;0.0;2024-10-11 07:45:00
1.917;0.0115;2024-10-11 08:00:00
1.8305;0.230583333333333;2024-10-11 08:15:00
1.7915;0.750916666666667;2024-10-11 08:30:00
2.411;1.79966666666667;2024-10-11 08:45:00
2.768;1.91166666666667;2024-10-11 09:00:00
3.5525;2.9055;2024-10-11 09:15:00
4.2695;3.49891666666667;2024-10-11 09:30:00
4.3025;4.59391666666667;2024-10-11 09:45:00
5.7105;6.10408333333333;2024-10-11 10:00:00
6.698;7.526;2024-10-11 10:15:00
7.278;8.60783333333333;2024-10-11 10:30:00
8.359;9.46716666666667;2024-10-11 10:45:00
8.956;10.4045;2024-10-11 11:00:00
9.16;11.118;2024-10-11 11:15:00
9.64;11.6223333333333;2024-10-11 11:30:00
10.021;12.10275;2024-10-11 11:45:00
11.047;12.43825;2024-10-11 12:00:00
12.1995;12.7258333333333;2024-10-11 12:15:00
12.4365;12.8620833333333;2024-10-11 12:30:00
11.349;11.4791666666667;2024-10-11 12:45:00
12.385;13.5963333333333;2024-10-11 13:00:00
12.634;13.4116666666667;2024-10-11 13:15:00
12.074;13.3440833333333;2024-10-11 13:30:00
11.998;13.2298333333333;2024-10-11 13:45:00
11.659;12.8714166666667;2024-10-11 14:00:00
11.6525;12.4570833333333;2024-10-11 14:15:00
11.4395;11.9726666666667;2024-10-11 14:30:00
10.627;11.4476666666667;2024-10-11 14:45:00
10.553;10.8288333333333;2024-10-11 15:00:00
9.858;10.10025;2024-10-11 15:15:00
9.204;9.35175;2024-10-11 15:30:00
8.1445;8.4775;2024-10-11 15:45:00
7.1795;7.56641666666667;2024-10-11 16:00:00
5.697;6.548;2024-10-11 16:15:00
5.184;5.4885;2024-10-11 16:30:00
4.223;4.42866666666667;2024-10-11 16:45:00
3.471;3.35475;2024-10-11 17:00:00
2.55;2.3495;2024-10-11 17:15:00
2.098;1.45375;2024-10-11 17:30:00
1.358;1.2985;2024-10-11 17:45:00
1.686;0.507333333333333;2024-10-11 18:00:00
1.1325;0.0556666666666667;2024-10-11 18:15:00
1.4385;0.0;2024-10-11 18:30:00
2.1525;0.0;2024-10-11 18:45:00
2.1945;0.0;2024-10-11 19:00:00
1.8135;0.0;2024-10-11 19:15:00
1.8885;0.0;2024-10-11 19:30:00
1.306;0.0;2024-10-11 19:45:00
1.692;0.0;2024-10-11 20:00:00
1.5215;0.0;2024-10-11 20:15:00
1.5175;0.0;2024-10-11 20:30:00
1.7385;0.0;2024-10-11 20:45:00
1.3435;0.0;2024-10-11 21:00:00
1.856;0.0;2024-10-11 21:15:00
1.722;0.0;2024-10-11 21:30:00
1.6435;0.0;2024-10-11 21:45:00
1.3435;0.0;2024-10-11 22:00:00
1.742;0.0;2024-10-11 22:15:00
1.97;0.0;2024-10-11 22:30:00
1.556;0.0;2024-10-11 22:45:00
2.055;0.0;2024-10-11 23:00:00
2.761;0.0;2024-10-11 23:15:00
1.8;0.0;2024-10-11 23:30:00
2.0715;0.0;2024-10-11 23:45:00
1.7965;0.0;2024-10-17 00:00:00
1.5975;0.0;2024-10-17 00:15:00
1.6215;0.0;2024-10-17 00:30:00
1.5615;0.0;2024-10-17 00:45:00
1.5745;0.0;2024-10-17 01:00:00
1.611;0.0;2024-10-17 01:15:00
1.588;0.0;2024-10-17 01:30:00
1.608;0.0;2024-10-17 01:45:00
1.57;0.0;2024-10-17 02:00:00
1.605;0.0;2024-10-17 02:15:00
1.607;0.0;2024-10-17 02:30:00
1.908;0.0;2024-10-17 02:45:00
1.625;0.0;2024-10-17 03:00:00
1.5895;0.0;2024-10-17 03:15:00
1.5465;0.0;2024-10-17 03:30:00
1.5935;0.0;2024-10-17 03:45:00
1.5645;0.0;2024-10-17 04:00:00
1.587;0.0;2024-10-17 04:15:00
2.325;0.0;2024-10-17 04:30:00
7.9875;0.0;2024-10-17 04:45:00
10.0605;0.0;2024-10-17 05:00:00
12.862;0.0;2024-10-17 05:15:00
10.722;0.0;2024-10-17 05:30:00
11.464;0.0;2024-10-17 05:45:00
19.57;0.0;2024-10-17 06:00:00
21.793;0.0;2024-10-17 06:15:00
27.611;0.00483333333333333;2024-10-17 06:30:00
29.7665;0.131416666666667;2024-10-17 06:45:00
32.0625;0.475916666666667;2024-10-17 07:00:00
31.099;0.790666666666667;2024-10-17 07:15:00
29.121;0.834333333333333;2024-10-17 07:30:00
31.025;1.35633333333333;2024-10-17 07:45:00
32.173;1.92708333333333;2024-10-17 08:00:00
24.9735;2.7085;2024-10-17 08:15:00
26.9815;3.26891666666667;2024-10-17 08:30:00
25.475;3.80033333333333;2024-10-17 08:45:00
24.864;3.8745;2024-10-17 09:00:00
26.6615;4.49816666666667;2024-10-17 09:15:00
33.4415;5.40275;2024-10-17 09:30:00
35.892;5.77133333333333;2024-10-17 09:45:00
35.637;7.40775;2024-10-17 10:00:00
34.5385;7.27275;2024-10-17 10:15:00
32.2785;7.34583333333333;2024-10-17 10:30:00
31.3545;5.37816666666667;2024-10-17 10:45:00
29.9725;6.58325;2024-10-17 11:00:00
18.159;5.97758333333333;2024-10-17 11:15:00
13.9;4.99875;2024-10-17 11:30:00
14.751;6.01008333333333;2024-10-17 11:45:00
13.621;4.74558333333333;2024-10-17 12:00:00
13.2075;5.25591666666667;2024-10-17 12:15:00
11.5895;6.02458333333333;2024-10-17 12:30:00
10.759;7.07508333333333;2024-10-17 12:45:00
7.209;3.72016666666667;2024-10-17 13:00:00
5.4745;2.86591666666667;2024-10-17 13:15:00
6.0195;3.58466666666667;2024-10-17 13:30:00
6.772;3.83191666666667;2024-10-17 13:45:00
7.462;4.718;2024-10-17 14:00:00
7.4075;6.363;2024-10-17 14:15:00
7.5235;5.556;2024-10-17 14:30:00
6.3275;3.574;2024-10-17 14:45:00
6.2245;4.02866666666667;2024-10-17 15:00:00
5.3645;3.4515;2024-10-17 15:15:00
5.5605;3.19233333333333;2024-10-17 15:30:00
7.903;6.02883333333333;2024-10-17 15:45:00
6.875;7.86325;2024-10-17 16:00:00
6.009;3.58625;2024-10-17 16:15:00
6.438;5.22316666666667;2024-10-17 16:30:00
5.6355;4.5985;2024-10-17 16:45:00
4.1265;2.31816666666667;2024-10-17 17:00:00
3.476;1.83925;2024-10-17 17:15:00
3.232;1.97466666666667;2024-10-17 17:30:00
2.8465;1.64291666666667;2024-10-17 17:45:00
2.9755;1.5255;2024-10-17 18:00:00
2.9085;2.37125;2024-10-17 18:15:00
2.7895;2.78733333333333;2024-10-17 18:30:00
1.9575;1.90608333333333;2024-10-17 18:45:00
2.0955;2.08566666666667;2024-10-17 19:00:00
1.812;1.29716666666667;2024-10-17 19:15:00
1.705;1.27616666666667;2024-10-17 19:30:00
1.512;0.599666666666667;2024-10-17 19:45:00
1.432;0.38825;2024-10-17 20:00:00
1.4215;0.232833333333333;2024-10-17 20:15:00
1.4255;0.10625;2024-10-17 20:30:00
1.1305;0.0164166666666667;2024-10-17 20:45:00
1.2015;0.0;2024-10-17 21:00:00
1.5005;0.0;2024-10-17 21:15:00
1.8895;0.0;2024-10-17 21:30:00
1.7195;0.0;2024-10-17 21:45:00
1.9075;0.0;2024-10-17 22:00:00
1.71;0.0;2024-10-17 22:15:00
2.137;0.0;2024-10-17 22:30:00
1.971;0.0;2024-10-17 22:45:00
1.81;0.0;2024-10-17 23:00:00
1.786;0.0;2024-10-17 23:15:00
1.907;0.0;2024-10-17 23:30:00
1.6855;0.0;2024-10-17 23:45:00
3.156;0.0;2024-11-03 00:00:00
2.733;0.0;2024-11-03 00:15:00
2.096;0.0;2024-11-03 00:30:00
2.2915;0.0;2024-11-03 00:45:00
2.3855;0.0;2024-11-03 01:00:00
2.032;0.0;2024-11-03 01:15:00
2.504;0.0;2024-11-03 01:30:00
2.4775;0.0;2024-11-03 01:45:00
2.5795;0.0;2024-11-03 02:00:00
2.4875;0.0;2024-11-03 02:15:00
2.0815;0.0;2024-11-03 02:30:00
2.3735;0.0;2024-11-03 02:45:00
2.1295;0.0;2024-11-03 03:00:00
3.246;0.0;2024-11-03 03:15:00
3.534;0.0;2024-11-03 03:30:00
2.4965;0.0;2024-11-03 03:45:00
3.1195;0.0;2024-11-03 04:00:00
2.9575;0.0;2024-11-03 04:15:00
3.6335;0.0;2024-11-03 04:30:00
6.779;0.0;2024-11-03 04:45:00
13.031;0.0;2024-11-03 05:00:00
23.5125;0.0;2024-11-03 05:15:00
36.6775;0.0;2024-11-03 05:30:00
38.2665;0.0;2024-11-03 05:45:00
36.5875;0.0138333333333333;2024-11-03 06:00:00
35.2235;0.0825;2024-11-03 06:15:00
34.1285;0.182916666666667;2024-11-03 06:30:00
32.6625;0.340083333333333;2024-11-03 06:45:00
29.8555;0.664083333333333;2024-11-03 07:00:00
34.0075;1.03633333333333;2024-11-03 07:15:00
33.3005;1.44366666666667;2024-11-03 07:30:00
36.889;1.8335;2024-11-03 07:45:00
37.177;2.08175;2024-11-03 08:00:00
31.748;2.531;2024-11-03 08:15:00
28.469;3.07433333333333;2024-11-03 08:30:00
32.376;3.527;2024-11-03 08:45:00
26.163;3.73783333333333;2024-11-03 09:00:00
24.9105;4.15516666666667;2024-11-03 09:15:00
28.7055;4.71133333333333;2024-11-03 09:30:00
30.79;4.98783333333333;2024-11-03 09:45:00
28.494;5.318;2024-11-03 10:00:00
28.473;5.59041666666667;2024-11-03 10:15:00
29.016;5.87416666666667;2024-11-03 10:30:00
32.5065;6.31733333333333;2024-11-03 10:45:00
28.4145;6.54008333333333;2024-11-03 11:00:00
27.0815;6.77158333333333;2024-11-03 11:15:00
28.3715;6.02375;2024-11-03 11:30:00
28.6745;6.10875;2024-11-03 11:45:00
23.5315;7.15316666666667;2024-11-03 12:00:00
13.971;7.39241666666667;2024-11-03 12:15:00
11.828;7.41408333333333;2024-11-03 12:30:00
8.6195;7.53933333333333;2024-11-03 12:45:00
6.5755;7.48266666666667;2024-11-03 13:00:00
6.771;7.34633333333333;2024-11-03 13:15:00
7.539;7.35758333333333;2024-11-03 13:30:00
7.792;7.19708333333333;2024-11-03 13:45:00
7.95;6.99908333333333;2024-11-03 14:00:00
7.508;6.90216666666667;2024-11-03 14:15:00
7.153;6.215;2024-11-03 14:30:00
7.3715;7.06266666666667;2024-11-03 14:45:00
7.8605;7.33358333333333;2024-11-03 15:00:00
7.1475;7.24983333333333;2024-11-03 15:15:00
8.2405;6.78341666666667;2024-11-03 15:30:00
7.433;6.39925;2024-11-03 15:45:00
7.693;6.06758333333333;2024-11-03 16:00:00
4.193;5.57741666666667;2024-11-03 16:15:00
3.023;5.93133333333333;2024-11-03 16:30:00
3.582;5.62841666666667;2024-11-03 16:45:00
2.787;4.862;2024-11-03 17:00:00
2.316;4.9755;2024-11-03 17:15:00
2.177;4.62033333333333;2024-11-03 17:30:00
2.979;4.01975;2024-11-03 17:45:00
2.693;3.73766666666667;2024-11-03 18:00:00
2.199;3.30833333333333;2024-11-03 18:15:00
2.194;2.8345;2024-11-03 18:30:00
2.262;2.40241666666667;2024-11-03 18:45:00
2.049;1.95266666666667;2024-11-03 19:00:00
2.596;1.55658333333333;2024-11-03 19:15:00
2.186;0.351583333333333;2024-11-03 19:30:00
2.131;0.761333333333333;2024-11-03 19:45:00
2.592;0.55025;2024-11-03 20:00:00
2.0185;0.32925;2024-11-03 20:15:00
2.1365;0.134416666666667;2024-11-03 20:30:00
2.473;0.0668333333333333;2024-11-03 20:45:00
2.047;0.0151666666666667;2024-11-03 21:00:00
1.6855;0.0;2024-11-03 21:15:00
2.3835;0.0;2024-11-03 21:30:00
2.33;0.0;2024-11-03 21:45:00
2.732;0.0;2024-11-03 22:00:00
3.166;0.0;2024-11-03 22:15:00
2.602;0.0;2024-11-03 22:30:00
2.346;0.0;2024-11-03 22:45:00
2.707;0.0;2024-11-03 23:00:00
2.336;0.0;2024-11-03 23:15:00
2.156;0.0;2024-11-03 23:30:00
2.519;0.0;2024-11-03 23:45:00
