Econs;Eprod;full_date
0.45600000000000007;0.0;2024-01-16 00:15:00
0.596;0.0;2024-01-16 00:30:00
0.597;0.0;2024-01-16 00:45:00
0.551;0.0;2024-01-16 01:00:00
0.497;0.0;2024-01-16 01:15:00
0.528;0.0;2024-01-16 01:30:00
0.5640000000000001;0.0;2024-01-16 01:45:00
0.4620000000000001;0.0;2024-01-16 02:00:00
0.505;0.0;2024-01-16 02:15:00
0.511;0.0;2024-01-16 02:30:00
0.558;0.0;2024-01-16 02:45:00
0.456;0.0;2024-01-16 03:00:00
0.6260000000000001;0.0;2024-01-16 03:15:00
0.8600000000000001;0.0;2024-01-16 03:30:00
0.46;0.0;2024-01-16 03:45:00
0.478;0.0;2024-01-16 04:00:00
0.5700000000000001;0.0;2024-01-16 04:15:00
0.5289999999999999;0.0;2024-01-16 04:30:00
0.45500000000000007;0.0;2024-01-16 04:45:00
0.482;0.0;2024-01-16 05:00:00
0.563;0.0;2024-01-16 05:15:00
0.517;0.0;2024-01-16 05:30:00
0.5609999999999999;0.0;2024-01-16 05:45:00
0.65;0.0;2024-01-16 06:00:00
0.70214;0.00214;2024-01-16 06:15:00
0.57655;0.032549999999999996;2024-01-16 06:30:00
0.60297;0.07397000000000001;2024-01-16 06:45:00
0.5966600000000001;0.13366;2024-01-16 07:00:00
0.51513;0.19413000000000002;2024-01-16 07:15:00
0.5542199999999999;0.22821999999999998;2024-01-16 07:30:00
1.0628;0.3728;2024-01-16 07:45:00
0.6629700000000001;0.69197;2024-01-16 08:00:00
0.80823;0.8782300000000001;2024-01-16 08:15:00
0.9356899999999999;1.17869;2024-01-16 08:30:00
1.93057;1.12357;2024-01-16 08:45:00
2.45913;1.49813;2024-01-16 09:00:00
2.4930200000000005;1.7730200000000003;2024-01-16 09:15:00
2.4303399999999997;2.00134;2024-01-16 09:30:00
2.20518;2.11918;2024-01-16 09:45:00
2.1335800000000003;2.28358;2024-01-16 10:00:00
2.2836600000000002;2.41966;2024-01-16 10:15:00
2.14498;2.56998;2024-01-16 10:30:00
1.7153699999999998;2.67837;2024-01-16 10:45:00
1.34624;2.77424;2024-01-16 11:00:00
1.4199199999999998;3.1419200000000003;2024-01-16 11:15:00
1.3165799999999999;3.37058;2024-01-16 11:30:00
1.10246;3.32046;2024-01-16 11:45:00
0.85737;3.3183700000000007;2024-01-16 12:00:00
1.17492;3.3379200000000004;2024-01-16 12:15:00
0.6506799999999999;3.16268;2024-01-16 12:30:00
1.1318400000000002;3.2778400000000003;2024-01-16 12:45:00
0.7151500000000001;3.24315;2024-01-16 13:00:00
0.64438;2.50138;2024-01-16 13:15:00
0.54634;3.58534;2024-01-16 13:30:00
0.6336499999999999;3.4266499999999995;2024-01-16 13:45:00
0.58037;3.3933700000000004;2024-01-16 14:00:00
0.6655500000000001;2.9375500000000003;2024-01-16 14:15:00
0.59131;2.05331;2024-01-16 14:30:00
1.0101;2.7011000000000003;2024-01-16 14:45:00
1.0558;2.7438000000000002;2024-01-16 15:00:00
1.1267800000000001;3.24578;2024-01-16 15:15:00
1.22016;2.17316;2024-01-16 15:30:00
1.41519;2.53119;2024-01-16 15:45:00
1.46144;2.07844;2024-01-16 16:00:00
1.6966100000000002;2.43661;2024-01-16 16:15:00
1.9990700000000001;2.47107;2024-01-16 16:30:00
2.15234;1.39134;2024-01-16 16:45:00
2.13438;1.41338;2024-01-16 17:00:00
2.5366500000000003;0.8326500000000001;2024-01-16 17:15:00
3.3914999999999997;0.7354999999999999;2024-01-16 17:30:00
3.42889;0.5038900000000001;2024-01-16 17:45:00
3.44829;0.48828999999999995;2024-01-16 18:00:00
2.5141;0.43810000000000004;2024-01-16 18:15:00
2.66087;0.51187;2024-01-16 18:30:00
2.84952;0.31652;2024-01-16 18:45:00
2.79617;0.24417;2024-01-16 19:00:00
2.67649;0.27849;2024-01-16 19:15:00
2.73695;0.23695;2024-01-16 19:30:00
2.63962;0.15961999999999998;2024-01-16 19:45:00
2.80289;0.10389;2024-01-16 20:00:00
2.7290799999999997;0.06008000000000001;2024-01-16 20:15:00
2.62533;0.02533;2024-01-16 20:30:00
1.95621;0.00021;2024-01-16 20:45:00
1.7080000000000002;0.0;2024-01-16 21:00:00
2.214;0.0;2024-01-16 21:15:00
1.4540000000000002;0.0;2024-01-16 21:30:00
1.4880000000000002;0.0;2024-01-16 21:45:00
0.996;0.0;2024-01-16 22:00:00
0.8540000000000001;0.0;2024-01-16 22:15:00
1.392;0.0;2024-01-16 22:30:00
1.6;0.0;2024-01-16 22:45:00
0.9950000000000001;0.0;2024-01-16 23:00:00
0.766;0.0;2024-01-16 23:15:00
0.801;0.0;2024-01-16 23:30:00
1.044;0.0;2024-01-16 23:45:00
1.452;0.0;2024-01-17 00:00:00
0.46299999999999997;0.0;2024-01-16 00:15:00
0.556;0.0;2024-01-16 00:30:00
0.609;0.0;2024-01-16 00:45:00
0.45000000000000007;0.0;2024-01-16 01:00:00
0.55;0.0;2024-01-16 01:15:00
0.567;0.0;2024-01-16 01:30:00
0.53;0.0;2024-01-16 01:45:00
0.493;0.0;2024-01-16 02:00:00
0.529;0.0;2024-01-16 02:15:00
0.603;0.0;2024-01-16 02:30:00
0.876;0.0;2024-01-16 02:45:00
0.501;0.0;2024-01-16 03:00:00
0.559;0.0;2024-01-16 03:15:00
0.524;0.0;2024-01-16 03:30:00
0.46399999999999997;0.0;2024-01-16 03:45:00
0.534;0.0;2024-01-16 04:00:00
0.553;0.0;2024-01-16 04:15:00
0.48;0.0;2024-01-16 04:30:00
0.488;0.0;2024-01-16 04:45:00
0.5409999999999999;0.0;2024-01-16 05:00:00
0.536;0.0;2024-01-16 05:15:00
0.438;0.0;2024-01-16 05:30:00
0.624;0.0;2024-01-16 05:45:00
0.684;0.0;2024-01-16 06:00:00
1.3010899999999999;0.00209;2024-01-16 06:15:00
1.24128;0.024280000000000003;2024-01-16 06:30:00
1.0895;0.10450000000000001;2024-01-16 06:45:00
1.22588;0.18088;2024-01-16 07:00:00
2.3105;0.3005;2024-01-16 07:15:00
1.7409499999999998;0.26095;2024-01-16 07:30:00
1.75643;0.33843;2024-01-16 07:45:00
2.05071;0.23171000000000003;2024-01-16 08:00:00
2.3948;0.24580000000000002;2024-01-16 08:15:00
2.73768;0.34468;2024-01-16 08:30:00
2.6521500000000002;0.58215;2024-01-16 08:45:00
2.97961;0.5946100000000001;2024-01-16 09:00:00
3.5946100000000003;0.48861;2024-01-16 09:15:00
3.32683;0.41083000000000003;2024-01-16 09:30:00
3.6984500000000002;0.27245;2024-01-16 09:45:00
3.07892;0.24692;2024-01-16 10:00:00
3.71359;0.29959;2024-01-16 10:15:00
3.4841499999999996;0.32215;2024-01-16 10:30:00
3.19353;0.37453000000000003;2024-01-16 10:45:00
3.00174;0.46574000000000004;2024-01-16 11:00:00
2.8968800000000003;0.69988;2024-01-16 11:15:00
3.1667200000000006;1.41772;2024-01-16 11:30:00
3.2841400000000003;2.16614;2024-01-16 11:45:00
3.2064900000000005;2.07949;2024-01-16 12:00:00
3.6673;1.5493000000000001;2024-01-16 12:15:00
3.1095000000000006;1.3575;2024-01-16 12:30:00
3.2173999999999996;1.7024;2024-01-16 12:45:00
2.74663;1.7506300000000001;2024-01-16 13:00:00
2.4215;1.8145;2024-01-16 13:15:00
2.5736;2.3276000000000003;2024-01-16 13:30:00
2.87256;1.6245599999999998;2024-01-16 13:45:00
1.7702500000000003;1.04925;2024-01-16 14:00:00
2.0683;1.2403;2024-01-16 14:15:00
1.92327;1.68427;2024-01-16 14:30:00
1.54571;2.95271;2024-01-16 14:45:00
1.26311;2.48111;2024-01-16 15:00:00
1.51986;1.82686;2024-01-16 15:15:00
2.37305;1.33705;2024-01-16 15:30:00
2.43379;0.9357899999999999;2024-01-16 15:45:00
2.40572;0.8687199999999999;2024-01-16 16:00:00
1.63586;1.4768599999999998;2024-01-16 16:15:00
1.8972700000000002;1.1142699999999999;2024-01-16 16:30:00
1.84612;0.93912;2024-01-16 16:45:00
2.06982;1.4838200000000001;2024-01-16 17:00:00
2.7511400000000004;1.32714;2024-01-16 17:15:00
3.1620299999999997;1.51403;2024-01-16 17:30:00
2.6115;0.7945;2024-01-16 17:45:00
2.6518100000000002;1.1528100000000001;2024-01-16 18:00:00
2.70857;1.07357;2024-01-16 18:15:00
2.7579200000000004;0.51692;2024-01-16 18:30:00
2.83327;0.39627;2024-01-16 18:45:00
2.8124700000000002;0.26847;2024-01-16 19:00:00
3.1219799999999998;0.17498000000000002;2024-01-16 19:15:00
3.1663500000000004;0.13835;2024-01-16 19:30:00
3.37404;0.09604;2024-01-16 19:45:00
3.45618;0.08618;2024-01-16 20:00:00
3.31076;0.09676;2024-01-16 20:15:00
2.72219;0.07319;2024-01-16 20:30:00
3.0462700000000003;0.00927;2024-01-16 20:45:00
3.1114000000000006;0.0063999999999999994;2024-01-16 21:00:00
2.463;0.0;2024-01-16 21:15:00
2.307;0.0;2024-01-16 21:30:00
1.9969999999999999;0.0;2024-01-16 21:45:00
1.9050000000000002;0.0;2024-01-16 22:00:00
1.211;0.0;2024-01-16 22:15:00
1.46;0.0;2024-01-16 22:30:00
1.5180000000000002;0.0;2024-01-16 22:45:00
1.314;0.0;2024-01-16 23:00:00
1.1669999999999998;0.0;2024-01-16 23:15:00
0.853;0.0;2024-01-16 23:30:00
0.532;0.0;2024-01-16 23:45:00
0.48800000000000004;0.0;2024-01-17 00:00:00
2.235;0.0;2024-01-12 00:15:00
2.294;0.0;2024-01-12 00:30:00
2.17;0.0;2024-01-12 00:45:00
2.21;0.0;2024-01-12 01:00:00
2.0060000000000002;0.0;2024-01-12 01:15:00
2.119;0.0;2024-01-12 01:30:00
1.977;0.0;2024-01-12 01:45:00
2.13;0.0;2024-01-12 02:00:00
2.009;0.0;2024-01-12 02:15:00
2.0949999999999998;0.0;2024-01-12 02:30:00
2.069;0.0;2024-01-12 02:45:00
2.0440000000000005;0.0;2024-01-12 03:00:00
2.087;0.0;2024-01-12 03:15:00
1.975;0.0;2024-01-12 03:30:00
2.089;0.0;2024-01-12 03:45:00
2.025;0.0;2024-01-12 04:00:00
2.069;0.0;2024-01-12 04:15:00
2.094;0.0;2024-01-12 04:30:00
2.041;0.0;2024-01-12 04:45:00
2.071;0.0;2024-01-12 05:00:00
2.0010000000000003;0.0;2024-01-12 05:15:00
2.058;0.0;2024-01-12 05:30:00
2.028;0.0;2024-01-12 05:45:00
2.019;0.0;2024-01-12 06:00:00
2.0500000000000003;0.0;2024-01-12 06:15:00
2.019;0.0;2024-01-12 06:30:00
2.0980000000000003;0.0;2024-01-12 06:45:00
2.0100000000000002;0.0;2024-01-12 07:00:00
2.035;0.0;2024-01-12 07:15:00
2.027;0.0;2024-01-12 07:30:00
2.005;0.0;2024-01-12 07:45:00
2.055;0.0;2024-01-12 08:00:00
1.961;0.0;2024-01-12 08:15:00
2.0860000000000003;0.0;2024-01-12 08:30:00
1.18486;0.00186;2024-01-12 08:45:00
1.2591700000000001;0.04617;2024-01-12 09:00:00
3.1921600000000003;0.14016;2024-01-12 09:15:00
2.3153;0.2163;2024-01-12 09:30:00
2.74255;0.37655000000000005;2024-01-12 09:45:00
3.53303;0.19103000000000003;2024-01-12 10:00:00
3.8286000000000002;0.1866;2024-01-12 10:15:00
5.11662;0.31462;2024-01-12 10:30:00
5.06018;0.36218000000000006;2024-01-12 10:45:00
4.9177;0.27070000000000005;2024-01-12 11:00:00
4.57991;0.31091;2024-01-12 11:15:00
4.84413;0.23613;2024-01-12 11:30:00
3.38877;0.18877;2024-01-12 11:45:00
3.74202;0.15702;2024-01-12 12:00:00
3.63773;0.19473000000000001;2024-01-12 12:15:00
2.82142;0.16642;2024-01-12 12:30:00
2.9382500000000005;0.11025000000000001;2024-01-12 12:45:00
1.97315;0.17715;2024-01-12 13:00:00
1.6463;0.20429999999999998;2024-01-12 13:15:00
1.93422;0.23521999999999998;2024-01-12 13:30:00
1.5634700000000001;0.30447;2024-01-12 13:45:00
1.3106900000000001;0.16869;2024-01-12 14:00:00
0.5928100000000001;0.18781;2024-01-12 14:15:00
0.70931;0.17831000000000002;2024-01-12 14:30:00
0.6773;0.1493;2024-01-12 14:45:00
2.2365500000000003;0.19055;2024-01-12 15:00:00
2.01006;0.21106;2024-01-12 15:15:00
3.2379300000000004;0.16893;2024-01-12 15:30:00
2.65284;0.14584000000000003;2024-01-12 15:45:00
3.5696299999999996;0.22463;2024-01-12 16:00:00
2.56029;0.29729;2024-01-12 16:15:00
3.6183299999999994;0.29033000000000003;2024-01-12 16:30:00
3.1125499999999997;0.13055;2024-01-12 16:45:00
4.30745;0.11645;2024-01-12 17:00:00
3.67834;0.06434000000000001;2024-01-12 17:15:00
4.6361799999999995;0.037180000000000005;2024-01-12 17:30:00
3.9776999999999996;0.0297;2024-01-12 17:45:00
3.8542299999999994;0.00123;2024-01-12 18:00:00
4.25403;0.004030000000000001;2024-01-12 18:15:00
3.3829700000000003;0.0029700000000000004;2024-01-12 18:30:00
3.39051;0.0015100000000000003;2024-01-12 18:45:00
3.704;0.0;2024-01-12 19:00:00
3.6550000000000002;0.0;2024-01-12 19:15:00
3.45;0.0;2024-01-12 19:30:00
3.48;0.0;2024-01-12 19:45:00
2.734;0.0;2024-01-12 20:00:00
2.577;0.0;2024-01-12 20:15:00
2.568;0.0;2024-01-12 20:30:00
2.573;0.0;2024-01-12 20:45:00
2.512;0.0;2024-01-12 21:00:00
2.312;0.0;2024-01-12 21:15:00
2.226;0.0;2024-01-12 21:30:00
1.8820000000000001;0.0;2024-01-12 21:45:00
2.266;0.0;2024-01-12 22:00:00
2.2439999999999998;0.0;2024-01-12 22:15:00
1.8880000000000001;0.0;2024-01-12 22:30:00
1.4989999999999999;0.0;2024-01-12 22:45:00
1.581;0.0;2024-01-12 23:00:00
1.617;0.0;2024-01-12 23:15:00
1.348;0.0;2024-01-12 23:30:00
1.081;0.0;2024-01-12 23:45:00
0.52;0.0;2024-01-13 00:00:00
2.201;0.0;2024-02-09 00:15:00
2.1839999999999997;0.0;2024-02-09 00:30:00
2.1710000000000003;0.0;2024-02-09 00:45:00
2.187;0.0;2024-02-09 01:00:00
2.181;0.0;2024-02-09 01:15:00
2.098;0.0;2024-02-09 01:30:00
2.176;0.0;2024-02-09 01:45:00
2.2279999999999998;0.0;2024-02-09 02:00:00
2.119;0.0;2024-02-09 02:15:00
2.1239999999999997;0.0;2024-02-09 02:30:00
2.186;0.0;2024-02-09 02:45:00
2.0700000000000003;0.0;2024-02-09 03:00:00
2.133;0.0;2024-02-09 03:15:00
2.224;0.0;2024-02-09 03:30:00
2.079;0.0;2024-02-09 03:45:00
2.105;0.0;2024-02-09 04:00:00
2.146;0.0;2024-02-09 04:15:00
2.095;0.0;2024-02-09 04:30:00
2.1639999999999997;0.0;2024-02-09 04:45:00
2.225;0.0;2024-02-09 05:00:00
2.267;0.0;2024-02-09 05:15:00
2.2119999999999997;0.0;2024-02-09 05:30:00
2.332;0.0;2024-02-09 05:45:00
2.278;0.0;2024-02-09 06:00:00
2.175;0.0;2024-02-09 06:15:00
2.1999999999999997;0.0;2024-02-09 06:30:00
2.183;0.0;2024-02-09 06:45:00
2.0980000000000003;0.0;2024-02-09 07:00:00
2.19;0.0;2024-02-09 07:15:00
2.143;0.0;2024-02-09 07:30:00
2.161;0.0;2024-02-09 07:45:00
1.33881;0.00181;2024-02-09 08:00:00
2.19192;0.02792;2024-02-09 08:15:00
2.66804;0.06804;2024-02-09 08:30:00
3.85038;0.10838;2024-02-09 08:45:00
4.39379;0.13079000000000002;2024-02-09 09:00:00
4.39078;0.08177999999999999;2024-02-09 09:15:00
5.04314;0.09614;2024-02-09 09:30:00
3.78897;0.18297;2024-02-09 09:45:00
3.6492699999999996;0.29527000000000003;2024-02-09 10:00:00
4.48632;0.38532;2024-02-09 10:15:00
3.79026;0.40826000000000007;2024-02-09 10:30:00
3.58523;0.85023;2024-02-09 10:45:00
3.1660500000000003;0.73005;2024-02-09 11:00:00
3.1566400000000003;0.5136400000000001;2024-02-09 11:15:00
3.31358;0.7965800000000001;2024-02-09 11:30:00
2.30604;0.72404;2024-02-09 11:45:00
1.78272;0.71972;2024-02-09 12:00:00
1.50529;0.8632899999999999;2024-02-09 12:15:00
0.9739300000000002;1.20093;2024-02-09 12:30:00
0.7512399999999999;1.3842400000000001;2024-02-09 12:45:00
0.75796;3.07296;2024-02-09 13:00:00
0.64544;3.31344;2024-02-09 13:15:00
0.61233;3.15233;2024-02-09 13:30:00
0.82526;3.17326;2024-02-09 13:45:00
1.1065299999999998;2.96953;2024-02-09 14:00:00
1.7729300000000001;2.35793;2024-02-09 14:15:00
2.9000299999999997;2.70903;2024-02-09 14:30:00
2.34246;2.8444599999999998;2024-02-09 14:45:00
2.27127;2.72727;2024-02-09 15:00:00
2.54596;2.56896;2024-02-09 15:15:00
3.35888;2.40788;2024-02-09 15:30:00
3.01272;2.47872;2024-02-09 15:45:00
3.07324;1.9522400000000002;2024-02-09 16:00:00
3.2633599999999996;1.53036;2024-02-09 16:15:00
3.4843200000000003;1.76932;2024-02-09 16:30:00
3.82729;1.6722900000000003;2024-02-09 16:45:00
4.467040000000001;1.30504;2024-02-09 17:00:00
3.78177;0.9617699999999999;2024-02-09 17:15:00
4.08347;0.65847;2024-02-09 17:30:00
4.23137;0.41237;2024-02-09 17:45:00
4.15782;0.21482;2024-02-09 18:00:00
4.66915;0.11715000000000002;2024-02-09 18:15:00
3.4486499999999998;0.041650000000000006;2024-02-09 18:30:00
3.53315;0.007149999999999999;2024-02-09 18:45:00
3.0429999999999997;0.0;2024-02-09 19:00:00
2.505;0.0;2024-02-09 19:15:00
2.4930000000000003;0.0;2024-02-09 19:30:00
3.1800000000000006;0.0;2024-02-09 19:45:00
2.7880000000000003;0.0;2024-02-09 20:00:00
2.565;0.0;2024-02-09 20:15:00
2.61;0.0;2024-02-09 20:30:00
2.4810000000000003;0.0;2024-02-09 20:45:00
2.4450000000000003;0.0;2024-02-09 21:00:00
2.5060000000000002;0.0;2024-02-09 21:15:00
2.16;0.0;2024-02-09 21:30:00
1.73;0.0;2024-02-09 21:45:00
1.5500000000000003;0.0;2024-02-09 22:00:00
1.326;0.0;2024-02-09 22:15:00
0.765;0.0;2024-02-09 22:30:00
1.334;0.0;2024-02-09 22:45:00
1.6280000000000001;0.0;2024-02-09 23:00:00
1.883;0.0;2024-02-09 23:15:00
1.399;0.0;2024-02-09 23:30:00
1.092;0.0;2024-02-09 23:45:00
0.485;0.0;2024-02-10 00:00:00
0.512;0.0;2024-02-09 00:15:00
0.44700000000000006;0.0;2024-02-09 00:30:00
0.522;0.0;2024-02-09 00:45:00
0.573;0.0;2024-02-09 01:00:00
0.41100000000000003;0.0;2024-02-09 01:15:00
0.471;0.0;2024-02-09 01:30:00
0.484;0.0;2024-02-09 01:45:00
0.44100000000000006;0.0;2024-02-09 02:00:00
0.469;0.0;2024-02-09 02:15:00
0.488;0.0;2024-02-09 02:30:00
0.396;0.0;2024-02-09 02:45:00
0.862;0.0;2024-02-09 03:00:00
0.528;0.0;2024-02-09 03:15:00
0.451;0.0;2024-02-09 03:30:00
0.399;0.0;2024-02-09 03:45:00
0.478;0.0;2024-02-09 04:00:00
0.475;0.0;2024-02-09 04:15:00
0.447;0.0;2024-02-09 04:30:00
0.47;0.0;2024-02-09 04:45:00
0.478;0.0;2024-02-09 05:00:00
0.524;0.0;2024-02-09 05:15:00
0.673;0.0;2024-02-09 05:30:00
0.633;0.0;2024-02-09 05:45:00
0.444;0.0;2024-02-09 06:00:00
0.5469999999999999;0.0;2024-02-09 06:15:00
0.532;0.0;2024-02-09 06:30:00
0.915;0.0;2024-02-09 06:45:00
0.548;0.0;2024-02-09 07:00:00
0.5229999999999999;0.0;2024-02-09 07:15:00
0.728;0.0;2024-02-09 07:30:00
0.9278900000000001;0.00189;2024-02-09 07:45:00
1.5682300000000002;0.01923;2024-02-09 08:00:00
1.82743;0.10043;2024-02-09 08:15:00
1.7359500000000003;0.13394999999999999;2024-02-09 08:30:00
1.82489;0.056889999999999996;2024-02-09 08:45:00
2.44752;0.13352;2024-02-09 09:00:00
2.6935700000000002;0.07557;2024-02-09 09:15:00
2.54997;0.07597;2024-02-09 09:30:00
2.4953600000000002;0.18436000000000002;2024-02-09 09:45:00
2.6191999999999998;0.32020000000000004;2024-02-09 10:00:00
2.65809;0.18809;2024-02-09 10:15:00
3.18687;0.20287;2024-02-09 10:30:00
2.65006;0.31606;2024-02-09 10:45:00
2.6020700000000003;0.23507;2024-02-09 11:00:00
2.64478;0.20377999999999996;2024-02-09 11:15:00
2.8311;0.3131;2024-02-09 11:30:00
2.69907;0.48107;2024-02-09 11:45:00
2.5906700000000003;0.67867;2024-02-09 12:00:00
2.72512;1.35212;2024-02-09 12:15:00
3.03209;0.6960900000000001;2024-02-09 12:30:00
3.35198;0.82098;2024-02-09 12:45:00
3.18166;1.18266;2024-02-09 13:00:00
2.4000500000000002;1.18205;2024-02-09 13:15:00
2.27323;1.23223;2024-02-09 13:30:00
1.32673;1.23273;2024-02-09 13:45:00
0.5919399999999999;0.7899400000000001;2024-02-09 14:00:00
1.1332600000000002;0.40326;2024-02-09 14:15:00
0.6652100000000001;0.29821;2024-02-09 14:30:00
0.7298;0.26580000000000004;2024-02-09 14:45:00
0.64823;0.33022999999999997;2024-02-09 15:00:00
1.7958500000000002;0.40585;2024-02-09 15:15:00
2.4862900000000003;0.56029;2024-02-09 15:30:00
2.2382299999999997;0.54123;2024-02-09 15:45:00
2.38486;0.20186;2024-02-09 16:00:00
2.21422;0.15222;2024-02-09 16:15:00
2.51446;0.16346;2024-02-09 16:30:00
2.03153;0.06753;2024-02-09 16:45:00
2.53868;0.057679999999999995;2024-02-09 17:00:00
2.3788300000000002;0.06583;2024-02-09 17:15:00
2.7928900000000003;0.09989;2024-02-09 17:30:00
2.17141;0.12341000000000002;2024-02-09 17:45:00
2.17819;0.10118999999999999;2024-02-09 18:00:00
1.9485900000000003;0.10359000000000002;2024-02-09 18:15:00
2.11214;0.05714;2024-02-09 18:30:00
1.71175;0.04075;2024-02-09 18:45:00
1.54371;0.008709999999999999;2024-02-09 19:00:00
1.72977;0.0007700000000000001;2024-02-09 19:15:00
0.9630000000000001;0.0;2024-02-09 19:30:00
1.064;0.0;2024-02-09 19:45:00
0.664;0.0;2024-02-09 20:00:00
0.747;0.0;2024-02-09 20:15:00
0.55;0.0;2024-02-09 20:30:00
0.43999999999999995;0.0;2024-02-09 20:45:00
0.42600000000000005;0.0;2024-02-09 21:00:00
0.579;0.0;2024-02-09 21:15:00
0.469;0.0;2024-02-09 21:30:00
0.8510000000000001;0.0;2024-02-09 21:45:00
0.55;0.0;2024-02-09 22:00:00
0.44100000000000006;0.0;2024-02-09 22:15:00
0.45400000000000007;0.0;2024-02-09 22:30:00
0.552;0.0;2024-02-09 22:45:00
0.442;0.0;2024-02-09 23:00:00
0.373;0.0;2024-02-09 23:15:00
0.511;0.0;2024-02-09 23:30:00
0.498;0.0;2024-02-09 23:45:00
0.44400000000000006;0.0;2024-02-10 00:00:00
2.201;0.0;2024-02-09 00:15:00
2.1839999999999997;0.0;2024-02-09 00:30:00
2.1710000000000003;0.0;2024-02-09 00:45:00
2.187;0.0;2024-02-09 01:00:00
2.181;0.0;2024-02-09 01:15:00
2.098;0.0;2024-02-09 01:30:00
2.176;0.0;2024-02-09 01:45:00
2.2279999999999998;0.0;2024-02-09 02:00:00
2.119;0.0;2024-02-09 02:15:00
2.1239999999999997;0.0;2024-02-09 02:30:00
2.186;0.0;2024-02-09 02:45:00
2.0700000000000003;0.0;2024-02-09 03:00:00
2.133;0.0;2024-02-09 03:15:00
2.224;0.0;2024-02-09 03:30:00
2.079;0.0;2024-02-09 03:45:00
2.105;0.0;2024-02-09 04:00:00
2.146;0.0;2024-02-09 04:15:00
2.095;0.0;2024-02-09 04:30:00
2.1639999999999997;0.0;2024-02-09 04:45:00
2.225;0.0;2024-02-09 05:00:00
2.267;0.0;2024-02-09 05:15:00
2.2119999999999997;0.0;2024-02-09 05:30:00
2.332;0.0;2024-02-09 05:45:00
2.278;0.0;2024-02-09 06:00:00
2.175;0.0;2024-02-09 06:15:00
2.1999999999999997;0.0;2024-02-09 06:30:00
2.183;0.0;2024-02-09 06:45:00
2.0980000000000003;0.0;2024-02-09 07:00:00
2.19;0.0;2024-02-09 07:15:00
2.143;0.0;2024-02-09 07:30:00
2.161;0.0;2024-02-09 07:45:00
1.33881;0.00181;2024-02-09 08:00:00
2.19192;0.02792;2024-02-09 08:15:00
2.66804;0.06804;2024-02-09 08:30:00
3.85038;0.10838;2024-02-09 08:45:00
4.39379;0.13079000000000002;2024-02-09 09:00:00
4.39078;0.08177999999999999;2024-02-09 09:15:00
5.04314;0.09614;2024-02-09 09:30:00
3.78897;0.18297;2024-02-09 09:45:00
3.6492699999999996;0.29527000000000003;2024-02-09 10:00:00
4.48632;0.38532;2024-02-09 10:15:00
3.79026;0.40826000000000007;2024-02-09 10:30:00
3.58523;0.85023;2024-02-09 10:45:00
3.1660500000000003;0.73005;2024-02-09 11:00:00
3.1566400000000003;0.5136400000000001;2024-02-09 11:15:00
3.31358;0.7965800000000001;2024-02-09 11:30:00
2.30604;0.72404;2024-02-09 11:45:00
1.78272;0.71972;2024-02-09 12:00:00
1.50529;0.8632899999999999;2024-02-09 12:15:00
0.9739300000000002;1.20093;2024-02-09 12:30:00
0.7512399999999999;1.3842400000000001;2024-02-09 12:45:00
0.75796;3.07296;2024-02-09 13:00:00
0.64544;3.31344;2024-02-09 13:15:00
0.61233;3.15233;2024-02-09 13:30:00
0.82526;3.17326;2024-02-09 13:45:00
1.1065299999999998;2.96953;2024-02-09 14:00:00
1.7729300000000001;2.35793;2024-02-09 14:15:00
2.9000299999999997;2.70903;2024-02-09 14:30:00
2.34246;2.8444599999999998;2024-02-09 14:45:00
2.27127;2.72727;2024-02-09 15:00:00
2.54596;2.56896;2024-02-09 15:15:00
3.35888;2.40788;2024-02-09 15:30:00
3.01272;2.47872;2024-02-09 15:45:00
3.07324;1.9522400000000002;2024-02-09 16:00:00
3.2633599999999996;1.53036;2024-02-09 16:15:00
3.4843200000000003;1.76932;2024-02-09 16:30:00
3.82729;1.6722900000000003;2024-02-09 16:45:00
4.467040000000001;1.30504;2024-02-09 17:00:00
3.78177;0.9617699999999999;2024-02-09 17:15:00
4.08347;0.65847;2024-02-09 17:30:00
4.23137;0.41237;2024-02-09 17:45:00
4.15782;0.21482;2024-02-09 18:00:00
4.66915;0.11715000000000002;2024-02-09 18:15:00
3.4486499999999998;0.041650000000000006;2024-02-09 18:30:00
3.53315;0.007149999999999999;2024-02-09 18:45:00
3.0429999999999997;0.0;2024-02-09 19:00:00
2.505;0.0;2024-02-09 19:15:00
2.4930000000000003;0.0;2024-02-09 19:30:00
3.1800000000000006;0.0;2024-02-09 19:45:00
2.7880000000000003;0.0;2024-02-09 20:00:00
2.565;0.0;2024-02-09 20:15:00
2.61;0.0;2024-02-09 20:30:00
2.4810000000000003;0.0;2024-02-09 20:45:00
2.4450000000000003;0.0;2024-02-09 21:00:00
2.5060000000000002;0.0;2024-02-09 21:15:00
2.16;0.0;2024-02-09 21:30:00
1.73;0.0;2024-02-09 21:45:00
1.5500000000000003;0.0;2024-02-09 22:00:00
1.326;0.0;2024-02-09 22:15:00
0.765;0.0;2024-02-09 22:30:00
1.334;0.0;2024-02-09 22:45:00
1.6280000000000001;0.0;2024-02-09 23:00:00
1.883;0.0;2024-02-09 23:15:00
1.399;0.0;2024-02-09 23:30:00
1.092;0.0;2024-02-09 23:45:00
0.485;0.0;2024-02-10 00:00:00
2.235;0.0;2024-02-09 00:15:00
2.294;0.0;2024-02-09 00:30:00
2.17;0.0;2024-02-09 00:45:00
2.21;0.0;2024-02-09 01:00:00
2.0060000000000002;0.0;2024-02-09 01:15:00
2.119;0.0;2024-02-09 01:30:00
1.977;0.0;2024-02-09 01:45:00
2.13;0.0;2024-02-09 02:00:00
2.009;0.0;2024-02-09 02:15:00
2.0949999999999998;0.0;2024-02-09 02:30:00
2.069;0.0;2024-02-09 02:45:00
2.0440000000000005;0.0;2024-02-09 03:00:00
2.087;0.0;2024-02-09 03:15:00
1.975;0.0;2024-02-09 03:30:00
2.089;0.0;2024-02-09 03:45:00
2.025;0.0;2024-02-09 04:00:00
2.069;0.0;2024-02-09 04:15:00
2.094;0.0;2024-02-09 04:30:00
2.041;0.0;2024-02-09 04:45:00
2.071;0.0;2024-02-09 05:00:00
2.0010000000000003;0.0;2024-02-09 05:15:00
2.058;0.0;2024-02-09 05:30:00
2.028;0.0;2024-02-09 05:45:00
2.019;0.0;2024-02-09 06:00:00
2.0500000000000003;0.0;2024-02-09 06:15:00
2.019;0.0;2024-02-09 06:30:00
2.0980000000000003;0.0;2024-02-09 06:45:00
2.0100000000000002;0.0;2024-02-09 07:00:00
2.035;0.0;2024-02-09 07:15:00
2.027;0.0;2024-02-09 07:30:00
2.005;0.0;2024-02-09 07:45:00
2.055;0.0;2024-02-09 08:00:00
1.961;0.0;2024-02-09 08:15:00
2.0860000000000003;0.0;2024-02-09 08:30:00
1.18486;0.00186;2024-02-09 08:45:00
1.2591700000000001;0.04617;2024-02-09 09:00:00
3.1921600000000003;0.14016;2024-02-09 09:15:00
2.3153;0.2163;2024-02-09 09:30:00
2.74255;0.37655000000000005;2024-02-09 09:45:00
3.53303;0.19103000000000003;2024-02-09 10:00:00
3.8286000000000002;0.1866;2024-02-09 10:15:00
5.11662;0.31462;2024-02-09 10:30:00
5.06018;0.36218000000000006;2024-02-09 10:45:00
4.9177;0.27070000000000005;2024-02-09 11:00:00
4.57991;0.31091;2024-02-09 11:15:00
4.84413;0.23613;2024-02-09 11:30:00
3.38877;0.18877;2024-02-09 11:45:00
3.74202;0.15702;2024-02-09 12:00:00
3.63773;0.19473000000000001;2024-02-09 12:15:00
2.82142;0.16642;2024-02-09 12:30:00
2.9382500000000005;0.11025000000000001;2024-02-09 12:45:00
1.97315;0.17715;2024-02-09 13:00:00
1.6463;0.20429999999999998;2024-02-09 13:15:00
1.93422;0.23521999999999998;2024-02-09 13:30:00
1.5634700000000001;0.30447;2024-02-09 13:45:00
1.3106900000000001;0.16869;2024-02-09 14:00:00
0.5928100000000001;0.18781;2024-02-09 14:15:00
0.70931;0.17831000000000002;2024-02-09 14:30:00
0.6773;0.1493;2024-02-09 14:45:00
2.2365500000000003;0.19055;2024-02-09 15:00:00
2.01006;0.21106;2024-02-09 15:15:00
3.2379300000000004;0.16893;2024-02-09 15:30:00
2.65284;0.14584000000000003;2024-02-09 15:45:00
3.5696299999999996;0.22463;2024-02-09 16:00:00
2.56029;0.29729;2024-02-09 16:15:00
3.6183299999999994;0.29033000000000003;2024-02-09 16:30:00
3.1125499999999997;0.13055;2024-02-09 16:45:00
4.30745;0.11645;2024-02-09 17:00:00
3.67834;0.06434000000000001;2024-02-09 17:15:00
4.6361799999999995;0.037180000000000005;2024-02-09 17:30:00
3.9776999999999996;0.0297;2024-02-09 17:45:00
3.8542299999999994;0.00123;2024-02-09 18:00:00
4.25403;0.004030000000000001;2024-02-09 18:15:00
3.3829700000000003;0.0029700000000000004;2024-02-09 18:30:00
3.39051;0.0015100000000000003;2024-02-09 18:45:00
3.704;0.0;2024-02-09 19:00:00
3.6550000000000002;0.0;2024-02-09 19:15:00
3.45;0.0;2024-02-09 19:30:00
3.48;0.0;2024-02-09 19:45:00
2.734;0.0;2024-02-09 20:00:00
2.577;0.0;2024-02-09 20:15:00
2.568;0.0;2024-02-09 20:30:00
2.573;0.0;2024-02-09 20:45:00
2.512;0.0;2024-02-09 21:00:00
2.312;0.0;2024-02-09 21:15:00
2.226;0.0;2024-02-09 21:30:00
1.8820000000000001;0.0;2024-02-09 21:45:00
2.266;0.0;2024-02-09 22:00:00
2.2439999999999998;0.0;2024-02-09 22:15:00
1.8880000000000001;0.0;2024-02-09 22:30:00
1.4989999999999999;0.0;2024-02-09 22:45:00
1.581;0.0;2024-02-09 23:00:00
1.617;0.0;2024-02-09 23:15:00
1.348;0.0;2024-02-09 23:30:00
1.081;0.0;2024-02-09 23:45:00
0.52;0.0;2024-02-10 00:00:00
0.509;0.0;2024-02-09 00:15:00
0.5920000000000001;0.0;2024-02-09 00:30:00
0.48900000000000005;0.0;2024-02-09 00:45:00
0.531;0.0;2024-02-09 01:00:00
0.638;0.0;2024-02-09 01:15:00
0.739;0.0;2024-02-09 01:30:00
0.544;0.0;2024-02-09 01:45:00
0.523;0.0;2024-02-09 02:00:00
0.45500000000000007;0.0;2024-02-09 02:15:00
0.489;0.0;2024-02-09 02:30:00
0.502;0.0;2024-02-09 02:45:00
0.44100000000000006;0.0;2024-02-09 03:00:00
0.5509999999999999;0.0;2024-02-09 03:15:00
0.398;0.0;2024-02-09 03:30:00
0.497;0.0;2024-02-09 03:45:00
0.473;0.0;2024-02-09 04:00:00
0.857;0.0;2024-02-09 04:15:00
0.46799999999999997;0.0;2024-02-09 04:30:00
0.496;0.0;2024-02-09 04:45:00
0.404;0.0;2024-02-09 05:00:00
0.502;0.0;2024-02-09 05:15:00
0.443;0.0;2024-02-09 05:30:00
0.466;0.0;2024-02-09 05:45:00
0.499;0.0;2024-02-09 06:00:00
0.38095999999999997;0.011959999999999998;2024-02-09 06:15:00
0.50013;0.00813;2024-02-09 06:30:00
0.4381999999999999;0.030200000000000005;2024-02-09 06:45:00
0.9168800000000001;0.02188;2024-02-09 07:00:00
2.57218;0.00618;2024-02-09 07:15:00
1.66872;0.07472000000000001;2024-02-09 07:30:00
1.42207;0.17107;2024-02-09 07:45:00
1.4492500000000001;0.25125000000000003;2024-02-09 08:00:00
2.0000199999999997;0.25402;2024-02-09 08:15:00
2.5355399999999997;0.30354;2024-02-09 08:30:00
2.16751;0.36851000000000006;2024-02-09 08:45:00
2.26823;0.38023;2024-02-09 09:00:00
2.32797;0.76597;2024-02-09 09:15:00
2.50706;0.7610600000000001;2024-02-09 09:30:00
3.09336;1.19836;2024-02-09 09:45:00
2.71711;0.92311;2024-02-09 10:00:00
2.65015;1.23115;2024-02-09 10:15:00
2.6725700000000003;0.65557;2024-02-09 10:30:00
2.37805;0.7240500000000001;2024-02-09 10:45:00
2.15569;1.51469;2024-02-09 11:00:00
2.67929;1.26029;2024-02-09 11:15:00
2.7797300000000003;1.23173;2024-02-09 11:30:00
2.5022;0.7802;2024-02-09 11:45:00
1.67211;0.73011;2024-02-09 12:00:00
2.12092;0.59992;2024-02-09 12:15:00
1.6479500000000002;0.65295;2024-02-09 12:30:00
1.43818;1.26818;2024-02-09 12:45:00
1.28244;1.9394400000000003;2024-02-09 13:00:00
1.16473;1.23273;2024-02-09 13:15:00
1.31365;0.6516500000000001;2024-02-09 13:30:00
2.26973;0.7087300000000001;2024-02-09 13:45:00
1.1648399999999999;0.73884;2024-02-09 14:00:00
1.3827;0.7627;2024-02-09 14:15:00
2.12611;1.00411;2024-02-09 14:30:00
1.8759900000000003;1.10799;2024-02-09 14:45:00
1.6453600000000002;1.28336;2024-02-09 15:00:00
1.55516;1.41016;2024-02-09 15:15:00
1.35492;1.3009199999999999;2024-02-09 15:30:00
1.38418;0.4581799999999999;2024-02-09 15:45:00
1.96766;0.37666;2024-02-09 16:00:00
2.56599;0.33599;2024-02-09 16:15:00
2.70521;0.21221;2024-02-09 16:30:00
2.42817;0.20217000000000002;2024-02-09 16:45:00
2.48916;0.22116;2024-02-09 17:00:00
2.57905;0.48905;2024-02-09 17:15:00
2.87198;0.7799800000000001;2024-02-09 17:30:00
2.79272;1.20572;2024-02-09 17:45:00
3.26607;0.66907;2024-02-09 18:00:00
3.20198;0.65398;2024-02-09 18:15:00
3.1018100000000004;0.72081;2024-02-09 18:30:00
2.6799;0.6519;2024-02-09 18:45:00
2.49815;0.62315;2024-02-09 19:00:00
2.53981;0.54781;2024-02-09 19:15:00
2.4919900000000004;0.34199;2024-02-09 19:30:00
2.57493;0.18392999999999998;2024-02-09 19:45:00
2.44889;0.14289000000000002;2024-02-09 20:00:00
2.44653;0.09353;2024-02-09 20:15:00
2.5926500000000003;0.03065;2024-02-09 20:30:00
3.0899599999999996;0.01896;2024-02-09 20:45:00
2.37577;0.00377;2024-02-09 21:00:00
2.5253200000000002;0.00032;2024-02-09 21:15:00
2.516;0.0;2024-02-09 21:30:00
2.193;0.0;2024-02-09 21:45:00
2.232;0.0;2024-02-09 22:00:00
1.508;0.0;2024-02-09 22:15:00
1.197;0.0;2024-02-09 22:30:00
0.65;0.0;2024-02-09 22:45:00
0.5609999999999999;0.0;2024-02-09 23:00:00
0.511;0.0;2024-02-09 23:15:00
0.625;0.0;2024-02-09 23:30:00
0.764;0.0;2024-02-09 23:45:00
0.5;0.0;2024-02-10 00:00:00
0.673;0.0;2024-02-09 00:15:00
0.6040000000000001;0.0;2024-02-09 00:30:00
0.6;0.0;2024-02-09 00:45:00
0.705;0.0;2024-02-09 01:00:00
0.637;0.0;2024-02-09 01:15:00
1.0050000000000001;0.0;2024-02-09 01:30:00
0.614;0.0;2024-02-09 01:45:00
0.713;0.0;2024-02-09 02:00:00
0.5910000000000001;0.0;2024-02-09 02:15:00
0.63;0.0;2024-02-09 02:30:00
1.2610000000000001;0.0;2024-02-09 02:45:00
1.345;0.0;2024-02-09 03:00:00
1.3940000000000001;0.0;2024-02-09 03:15:00
0.563;0.0;2024-02-09 03:30:00
0.66;0.0;2024-02-09 03:45:00
0.589;0.0;2024-02-09 04:00:00
0.59;0.0;2024-02-09 04:15:00
0.662;0.0;2024-02-09 04:30:00
0.595;0.0;2024-02-09 04:45:00
0.545;0.0;2024-02-09 05:00:00
0.616;0.0;2024-02-09 05:15:00
0.749;0.0;2024-02-09 05:30:00
0.6960000000000001;0.0;2024-02-09 05:45:00
1.129;0.0;2024-02-09 06:00:00
0.728;0.0;2024-02-09 06:15:00
0.66;0.0;2024-02-09 06:30:00
0.5760000000000001;0.0;2024-02-09 06:45:00
1.35092;0.00292;2024-02-09 07:00:00
1.8258800000000002;0.029880000000000004;2024-02-09 07:15:00
1.5366;0.06960000000000001;2024-02-09 07:30:00
1.6353299999999997;0.10933000000000001;2024-02-09 07:45:00
2.25454;0.13454;2024-02-09 08:00:00
2.09983;0.13883;2024-02-09 08:15:00
2.94864;0.19564;2024-02-09 08:30:00
3.23711;0.17411;2024-02-09 08:45:00
2.77198;0.24298000000000003;2024-02-09 09:00:00
3.19058;0.56458;2024-02-09 09:15:00
3.6995999999999998;0.7666;2024-02-09 09:30:00
3.6285;1.2675;2024-02-09 09:45:00
3.62271;1.42971;2024-02-09 10:00:00
3.7785;1.8885;2024-02-09 10:15:00
4.02098;0.73398;2024-02-09 10:30:00
3.81107;2.0850700000000004;2024-02-09 10:45:00
3.75654;0.89654;2024-02-09 11:00:00
3.3143400000000005;1.62834;2024-02-09 11:15:00
2.81468;2.0636799999999997;2024-02-09 11:30:00
2.74435;2.21435;2024-02-09 11:45:00
2.77203;2.48703;2024-02-09 12:00:00
2.03125;3.05125;2024-02-09 12:15:00
2.37387;3.39487;2024-02-09 12:30:00
2.47859;1.3115899999999998;2024-02-09 12:45:00
2.63909;3.07609;2024-02-09 13:00:00
1.95026;3.5762599999999996;2024-02-09 13:15:00
1.7908;3.4648;2024-02-09 13:30:00
1.7509700000000001;3.4179699999999995;2024-02-09 13:45:00
1.5969000000000002;3.3049;2024-02-09 14:00:00
2.27167;3.32667;2024-02-09 14:15:00
1.7710600000000003;3.2240600000000006;2024-02-09 14:30:00
1.6393499999999999;3.1213499999999996;2024-02-09 14:45:00
0.79017;3.00917;2024-02-09 15:00:00
0.65869;2.89669;2024-02-09 15:15:00
0.77634;2.79134;2024-02-09 15:30:00
0.57596;2.62196;2024-02-09 15:45:00
0.64869;2.5356899999999998;2024-02-09 16:00:00
0.68481;2.26981;2024-02-09 16:15:00
0.66672;1.97272;2024-02-09 16:30:00
0.70014;2.03914;2024-02-09 16:45:00
1.77475;1.74675;2024-02-09 17:00:00
2.15956;1.3755600000000001;2024-02-09 17:15:00
2.0569200000000003;1.2399200000000001;2024-02-09 17:30:00
1.9040500000000002;1.13805;2024-02-09 17:45:00
2.1409599999999998;0.93996;2024-02-09 18:00:00
2.23085;0.74785;2024-02-09 18:15:00
1.7127;0.6727000000000001;2024-02-09 18:30:00
1.82348;0.42748;2024-02-09 18:45:00
1.70003;0.29303;2024-02-09 19:00:00
1.8009000000000002;0.2739;2024-02-09 19:15:00
2.0277000000000003;0.1837;2024-02-09 19:30:00
2.08074;0.09374;2024-02-09 19:45:00
1.8075299999999999;0.03153;2024-02-09 20:00:00
1.88456;0.00156;2024-02-09 20:15:00
1.8809999999999998;0.0;2024-02-09 20:30:00
1.5070000000000001;0.0;2024-02-09 20:45:00
1.403;0.0;2024-02-09 21:00:00
1.359;0.0;2024-02-09 21:15:00
1.613;0.0;2024-02-09 21:30:00
1.434;0.0;2024-02-09 21:45:00
0.882;0.0;2024-02-09 22:00:00
0.599;0.0;2024-02-09 22:15:00
0.5830000000000001;0.0;2024-02-09 22:30:00
0.484;0.0;2024-02-09 22:45:00
1.033;0.0;2024-02-09 23:00:00
0.623;0.0;2024-02-09 23:15:00
0.515;0.0;2024-02-09 23:30:00
0.518;0.0;2024-02-09 23:45:00
0.623;0.0;2024-02-10 00:00:00
0.958;0.0;2024-02-09 00:15:00
0.579;0.0;2024-02-09 00:30:00
0.583;0.0;2024-02-09 00:45:00
0.509;0.0;2024-02-09 01:00:00
0.621;0.0;2024-02-09 01:15:00
0.539;0.0;2024-02-09 01:30:00
0.505;0.0;2024-02-09 01:45:00
0.552;0.0;2024-02-09 02:00:00
0.609;0.0;2024-02-09 02:15:00
0.509;0.0;2024-02-09 02:30:00
0.44500000000000006;0.0;2024-02-09 02:45:00
0.571;0.0;2024-02-09 03:00:00
0.554;0.0;2024-02-09 03:15:00
0.5700000000000001;0.0;2024-02-09 03:30:00
0.42200000000000004;0.0;2024-02-09 03:45:00
0.5329999999999999;0.0;2024-02-09 04:00:00
0.5609999999999999;0.0;2024-02-09 04:15:00
0.554;0.0;2024-02-09 04:30:00
0.44300000000000006;0.0;2024-02-09 04:45:00
0.671;0.0;2024-02-09 05:00:00
0.802;0.0;2024-02-09 05:15:00
0.525;0.0;2024-02-09 05:30:00
0.632;0.0;2024-02-09 05:45:00
0.609;0.0;2024-02-09 06:00:00
0.70001;1e-05;2024-02-09 06:15:00
0.6821699999999999;0.00417;2024-02-09 06:30:00
0.5615;0.0325;2024-02-09 06:45:00
0.53914;0.055139999999999995;2024-02-09 07:00:00
0.57126;0.09326000000000001;2024-02-09 07:15:00
0.69889;0.13389;2024-02-09 07:30:00
0.52867;0.15667;2024-02-09 07:45:00
0.6907700000000001;0.21677;2024-02-09 08:00:00
0.96655;0.26955;2024-02-09 08:15:00
0.9374100000000001;0.28141;2024-02-09 08:30:00
0.88293;0.30793;2024-02-09 08:45:00
1.5952800000000003;0.40528;2024-02-09 09:00:00
1.8701199999999998;0.50912;2024-02-09 09:15:00
2.7202800000000003;0.53228;2024-02-09 09:30:00
2.23527;0.5782700000000001;2024-02-09 09:45:00
2.42138;0.63438;2024-02-09 10:00:00
2.92605;0.78505;2024-02-09 10:15:00
2.97933;0.79433;2024-02-09 10:30:00
3.12974;1.01174;2024-02-09 10:45:00
2.4554;1.2544000000000002;2024-02-09 11:00:00
2.0845599999999997;1.37756;2024-02-09 11:15:00
1.9178;1.3118;2024-02-09 11:30:00
1.9332600000000002;1.2262600000000001;2024-02-09 11:45:00
2.0925399999999996;1.6765400000000001;2024-02-09 12:00:00
1.2551100000000002;1.86511;2024-02-09 12:15:00
0.93523;2.77223;2024-02-09 12:30:00
0.8796700000000001;1.57067;2024-02-09 12:45:00
0.6728400000000001;1.9888400000000002;2024-02-09 13:00:00
0.60077;2.21677;2024-02-09 13:15:00
0.52466;1.96266;2024-02-09 13:30:00
0.58769;2.01769;2024-02-09 13:45:00
1.1156200000000003;2.15962;2024-02-09 14:00:00
0.47418000000000005;2.25218;2024-02-09 14:15:00
0.5912999999999999;2.6183000000000005;2024-02-09 14:30:00
0.68135;3.0263500000000003;2024-02-09 14:45:00
0.55685;2.77685;2024-02-09 15:00:00
0.68313;2.9661300000000006;2024-02-09 15:15:00
0.4757;2.9326999999999996;2024-02-09 15:30:00
0.5903600000000001;2.76336;2024-02-09 15:45:00
0.67945;2.59145;2024-02-09 16:00:00
0.60591;2.4569099999999997;2024-02-09 16:15:00
0.47365;2.28065;2024-02-09 16:30:00
0.5961500000000001;2.11315;2024-02-09 16:45:00
0.61912;1.92012;2024-02-09 17:00:00
0.67542;1.74242;2024-02-09 17:15:00
0.93126;1.47726;2024-02-09 17:30:00
0.95835;1.3523500000000002;2024-02-09 17:45:00
1.1359400000000002;1.06294;2024-02-09 18:00:00
1.1685800000000002;0.86558;2024-02-09 18:15:00
1.69883;0.69783;2024-02-09 18:30:00
1.18998;0.49298;2024-02-09 18:45:00
1.44886;0.36286;2024-02-09 19:00:00
1.72519;0.23619;2024-02-09 19:15:00
1.90096;0.20996;2024-02-09 19:30:00
2.0435;0.1855;2024-02-09 19:45:00
1.97039;0.15239000000000003;2024-02-09 20:00:00
1.65634;0.10734000000000002;2024-02-09 20:15:00
1.51485;0.04785;2024-02-09 20:30:00
1.15048;0.02248;2024-02-09 20:45:00
1.07878;0.0007800000000000001;2024-02-09 21:00:00
0.962;0.0;2024-02-09 21:15:00
1.046;0.0;2024-02-09 21:30:00
0.951;0.0;2024-02-09 21:45:00
0.714;0.0;2024-02-09 22:00:00
0.487;0.0;2024-02-09 22:15:00
0.608;0.0;2024-02-09 22:30:00
0.613;0.0;2024-02-09 22:45:00
0.9480000000000001;0.0;2024-02-09 23:00:00
0.524;0.0;2024-02-09 23:15:00
0.5980000000000001;0.0;2024-02-09 23:30:00
0.587;0.0;2024-02-09 23:45:00
0.599;0.0;2024-02-10 00:00:00
2.235;0.0;2024-02-09 00:15:00
2.294;0.0;2024-02-09 00:30:00
2.17;0.0;2024-02-09 00:45:00
2.21;0.0;2024-02-09 01:00:00
2.0060000000000002;0.0;2024-02-09 01:15:00
2.119;0.0;2024-02-09 01:30:00
1.977;0.0;2024-02-09 01:45:00
2.13;0.0;2024-02-09 02:00:00
2.009;0.0;2024-02-09 02:15:00
2.0949999999999998;0.0;2024-02-09 02:30:00
2.069;0.0;2024-02-09 02:45:00
2.0440000000000005;0.0;2024-02-09 03:00:00
2.087;0.0;2024-02-09 03:15:00
1.975;0.0;2024-02-09 03:30:00
2.089;0.0;2024-02-09 03:45:00
2.025;0.0;2024-02-09 04:00:00
2.069;0.0;2024-02-09 04:15:00
2.094;0.0;2024-02-09 04:30:00
2.041;0.0;2024-02-09 04:45:00
2.071;0.0;2024-02-09 05:00:00
2.0010000000000003;0.0;2024-02-09 05:15:00
2.058;0.0;2024-02-09 05:30:00
2.028;0.0;2024-02-09 05:45:00
2.019;0.0;2024-02-09 06:00:00
2.0500000000000003;0.0;2024-02-09 06:15:00
2.019;0.0;2024-02-09 06:30:00
2.0980000000000003;0.0;2024-02-09 06:45:00
2.0100000000000002;0.0;2024-02-09 07:00:00
2.035;0.0;2024-02-09 07:15:00
2.027;0.0;2024-02-09 07:30:00
2.005;0.0;2024-02-09 07:45:00
2.055;0.0;2024-02-09 08:00:00
1.961;0.0;2024-02-09 08:15:00
2.0860000000000003;0.0;2024-02-09 08:30:00
1.18486;0.00186;2024-02-09 08:45:00
1.2591700000000001;0.04617;2024-02-09 09:00:00
3.1921600000000003;0.14016;2024-02-09 09:15:00
2.3153;0.2163;2024-02-09 09:30:00
2.74255;0.37655000000000005;2024-02-09 09:45:00
3.53303;0.19103000000000003;2024-02-09 10:00:00
3.8286000000000002;0.1866;2024-02-09 10:15:00
5.11662;0.31462;2024-02-09 10:30:00
5.06018;0.36218000000000006;2024-02-09 10:45:00
4.9177;0.27070000000000005;2024-02-09 11:00:00
4.57991;0.31091;2024-02-09 11:15:00
4.84413;0.23613;2024-02-09 11:30:00
3.38877;0.18877;2024-02-09 11:45:00
3.74202;0.15702;2024-02-09 12:00:00
3.63773;0.19473000000000001;2024-02-09 12:15:00
2.82142;0.16642;2024-02-09 12:30:00
2.9382500000000005;0.11025000000000001;2024-02-09 12:45:00
1.97315;0.17715;2024-02-09 13:00:00
1.6463;0.20429999999999998;2024-02-09 13:15:00
1.93422;0.23521999999999998;2024-02-09 13:30:00
1.5634700000000001;0.30447;2024-02-09 13:45:00
1.3106900000000001;0.16869;2024-02-09 14:00:00
0.5928100000000001;0.18781;2024-02-09 14:15:00
0.70931;0.17831000000000002;2024-02-09 14:30:00
0.6773;0.1493;2024-02-09 14:45:00
2.2365500000000003;0.19055;2024-02-09 15:00:00
2.01006;0.21106;2024-02-09 15:15:00
3.2379300000000004;0.16893;2024-02-09 15:30:00
2.65284;0.14584000000000003;2024-02-09 15:45:00
3.5696299999999996;0.22463;2024-02-09 16:00:00
2.56029;0.29729;2024-02-09 16:15:00
3.6183299999999994;0.29033000000000003;2024-02-09 16:30:00
3.1125499999999997;0.13055;2024-02-09 16:45:00
4.30745;0.11645;2024-02-09 17:00:00
3.67834;0.06434000000000001;2024-02-09 17:15:00
4.6361799999999995;0.037180000000000005;2024-02-09 17:30:00
3.9776999999999996;0.0297;2024-02-09 17:45:00
3.8542299999999994;0.00123;2024-02-09 18:00:00
4.25403;0.004030000000000001;2024-02-09 18:15:00
3.3829700000000003;0.0029700000000000004;2024-02-09 18:30:00
3.39051;0.0015100000000000003;2024-02-09 18:45:00
3.704;0.0;2024-02-09 19:00:00
3.6550000000000002;0.0;2024-02-09 19:15:00
3.45;0.0;2024-02-09 19:30:00
3.48;0.0;2024-02-09 19:45:00
2.734;0.0;2024-02-09 20:00:00
2.577;0.0;2024-02-09 20:15:00
2.568;0.0;2024-02-09 20:30:00
2.573;0.0;2024-02-09 20:45:00
2.512;0.0;2024-02-09 21:00:00
2.312;0.0;2024-02-09 21:15:00
2.226;0.0;2024-02-09 21:30:00
1.8820000000000001;0.0;2024-02-09 21:45:00
2.266;0.0;2024-02-09 22:00:00
2.2439999999999998;0.0;2024-02-09 22:15:00
1.8880000000000001;0.0;2024-02-09 22:30:00
1.4989999999999999;0.0;2024-02-09 22:45:00
1.581;0.0;2024-02-09 23:00:00
1.617;0.0;2024-02-09 23:15:00
1.348;0.0;2024-02-09 23:30:00
1.081;0.0;2024-02-09 23:45:00
0.52;0.0;2024-02-10 00:00:00
0.5840000000000001;0.0;2024-02-01 00:15:00
1.041;0.0;2024-02-01 00:30:00
0.561;0.0;2024-02-01 00:45:00
0.475;0.0;2024-02-01 01:00:00
0.605;0.0;2024-02-01 01:15:00
0.633;0.0;2024-02-01 01:30:00
0.537;0.0;2024-02-01 01:45:00
0.4740000000000001;0.0;2024-02-01 02:00:00
0.648;0.0;2024-02-01 02:15:00
0.589;0.0;2024-02-01 02:30:00
0.499;0.0;2024-02-01 02:45:00
0.5149999999999999;0.0;2024-02-01 03:00:00
0.554;0.0;2024-02-01 03:15:00
0.5720000000000001;0.0;2024-02-01 03:30:00
0.473;0.0;2024-02-01 03:45:00
0.5149999999999999;0.0;2024-02-01 04:00:00
0.514;0.0;2024-02-01 04:15:00
0.565;0.0;2024-02-01 04:30:00
0.498;0.0;2024-02-01 04:45:00
0.938;0.0;2024-02-01 05:00:00
0.534;0.0;2024-02-01 05:15:00
0.656;0.0;2024-02-01 05:30:00
0.59;0.0;2024-02-01 05:45:00
0.675;0.0;2024-02-01 06:00:00
0.5940000000000001;0.0;2024-02-01 06:15:00
0.538;0.0;2024-02-01 06:30:00
0.58801;1e-05;2024-02-01 06:45:00
1.1660499999999998;0.01205;2024-02-01 07:00:00
2.14271;0.033710000000000004;2024-02-01 07:15:00
2.22656;0.07456;2024-02-01 07:30:00
1.77204;0.13704;2024-02-01 07:45:00
2.76044;0.17944;2024-02-01 08:00:00
2.34412;0.23512;2024-02-01 08:15:00
2.30912;0.24712;2024-02-01 08:30:00
2.46022;0.25622;2024-02-01 08:45:00
2.8313300000000003;0.38233;2024-02-01 09:00:00
2.7063499999999996;0.28135;2024-02-01 09:15:00
3.90366;0.30166;2024-02-01 09:30:00
4.25431;0.40231000000000006;2024-02-01 09:45:00
4.081250000000001;0.62425;2024-02-01 10:00:00
4.08735;0.74835;2024-02-01 10:15:00
3.93907;1.30307;2024-02-01 10:30:00
3.42971;1.82871;2024-02-01 10:45:00
3.6190100000000003;1.4250099999999999;2024-02-01 11:00:00
3.3971;1.3471;2024-02-01 11:15:00
3.00075;1.4997500000000001;2024-02-01 11:30:00
3.04895;1.56095;2024-02-01 11:45:00
2.52775;1.87475;2024-02-01 12:00:00
2.58568;1.4776799999999999;2024-02-01 12:15:00
2.2912;1.0952000000000002;2024-02-01 12:30:00
2.35855;1.3735499999999998;2024-02-01 12:45:00
1.9317300000000002;1.3477299999999999;2024-02-01 13:00:00
2.5914200000000003;1.6274199999999999;2024-02-01 13:15:00
2.0300100000000003;2.28701;2024-02-01 13:30:00
1.94996;2.68896;2024-02-01 13:45:00
2.09257;2.89257;2024-02-01 14:00:00
2.0327200000000003;3.45272;2024-02-01 14:15:00
3.3240299999999996;2.59103;2024-02-01 14:30:00
2.92528;2.25228;2024-02-01 14:45:00
3.58303;2.17003;2024-02-01 15:00:00
3.5096499999999997;2.51865;2024-02-01 15:15:00
4.67155;2.9295500000000003;2024-02-01 15:30:00
4.66169;2.24769;2024-02-01 15:45:00
5.06621;2.35321;2024-02-01 16:00:00
5.33151;2.21651;2024-02-01 16:15:00
4.98512;1.6861199999999998;2024-02-01 16:30:00
5.009060000000001;1.00606;2024-02-01 16:45:00
5.47683;1.2138300000000002;2024-02-01 17:00:00
4.9198;1.5517999999999998;2024-02-01 17:15:00
5.301410000000001;1.2774100000000002;2024-02-01 17:30:00
5.52195;0.9909500000000001;2024-02-01 17:45:00
5.41417;0.92917;2024-02-01 18:00:00
5.363390000000001;0.72139;2024-02-01 18:15:00
3.89681;0.52681;2024-02-01 18:30:00
3.8025900000000004;0.36358999999999997;2024-02-01 18:45:00
3.8059;0.2519;2024-02-01 19:00:00
3.7054200000000006;0.19241999999999998;2024-02-01 19:15:00
3.75875;0.15175;2024-02-01 19:30:00
3.75202;0.09902000000000001;2024-02-01 19:45:00
4.06875;0.047749999999999994;2024-02-01 20:00:00
3.88248;0.016479999999999998;2024-02-01 20:15:00
3.78113;0.00013000000000000002;2024-02-01 20:30:00
3.923;0.0;2024-02-01 20:45:00
3.763;0.0;2024-02-01 21:00:00
3.675;0.0;2024-02-01 21:15:00
3.703;0.0;2024-02-01 21:30:00
3.586;0.0;2024-02-01 21:45:00
3.51;0.0;2024-02-01 22:00:00
2.739;0.0;2024-02-01 22:15:00
2.565;0.0;2024-02-01 22:30:00
2.1879999999999997;0.0;2024-02-01 22:45:00
2.2199999999999998;0.0;2024-02-01 23:00:00
2.322;0.0;2024-02-01 23:15:00
1.9769999999999999;0.0;2024-02-01 23:30:00
1.5579999999999998;0.0;2024-02-01 23:45:00
1.516;0.0;2024-02-02 00:00:00
0.958;0.0;2024-02-09 00:15:00
0.579;0.0;2024-02-09 00:30:00
0.583;0.0;2024-02-09 00:45:00
0.509;0.0;2024-02-09 01:00:00
0.621;0.0;2024-02-09 01:15:00
0.539;0.0;2024-02-09 01:30:00
0.505;0.0;2024-02-09 01:45:00
0.552;0.0;2024-02-09 02:00:00
0.609;0.0;2024-02-09 02:15:00
0.509;0.0;2024-02-09 02:30:00
0.44500000000000006;0.0;2024-02-09 02:45:00
0.571;0.0;2024-02-09 03:00:00
0.554;0.0;2024-02-09 03:15:00
0.5700000000000001;0.0;2024-02-09 03:30:00
0.42200000000000004;0.0;2024-02-09 03:45:00
0.5329999999999999;0.0;2024-02-09 04:00:00
0.5609999999999999;0.0;2024-02-09 04:15:00
0.554;0.0;2024-02-09 04:30:00
0.44300000000000006;0.0;2024-02-09 04:45:00
0.671;0.0;2024-02-09 05:00:00
0.802;0.0;2024-02-09 05:15:00
0.525;0.0;2024-02-09 05:30:00
0.632;0.0;2024-02-09 05:45:00
0.609;0.0;2024-02-09 06:00:00
0.70001;1e-05;2024-02-09 06:15:00
0.6821699999999999;0.00417;2024-02-09 06:30:00
0.5615;0.0325;2024-02-09 06:45:00
0.53914;0.055139999999999995;2024-02-09 07:00:00
0.57126;0.09326000000000001;2024-02-09 07:15:00
0.69889;0.13389;2024-02-09 07:30:00
0.52867;0.15667;2024-02-09 07:45:00
0.6907700000000001;0.21677;2024-02-09 08:00:00
0.96655;0.26955;2024-02-09 08:15:00
0.9374100000000001;0.28141;2024-02-09 08:30:00
0.88293;0.30793;2024-02-09 08:45:00
1.5952800000000003;0.40528;2024-02-09 09:00:00
1.8701199999999998;0.50912;2024-02-09 09:15:00
2.7202800000000003;0.53228;2024-02-09 09:30:00
2.23527;0.5782700000000001;2024-02-09 09:45:00
2.42138;0.63438;2024-02-09 10:00:00
2.92605;0.78505;2024-02-09 10:15:00
2.97933;0.79433;2024-02-09 10:30:00
3.12974;1.01174;2024-02-09 10:45:00
2.4554;1.2544000000000002;2024-02-09 11:00:00
2.0845599999999997;1.37756;2024-02-09 11:15:00
1.9178;1.3118;2024-02-09 11:30:00
1.9332600000000002;1.2262600000000001;2024-02-09 11:45:00
2.0925399999999996;1.6765400000000001;2024-02-09 12:00:00
1.2551100000000002;1.86511;2024-02-09 12:15:00
0.93523;2.77223;2024-02-09 12:30:00
0.8796700000000001;1.57067;2024-02-09 12:45:00
0.6728400000000001;1.9888400000000002;2024-02-09 13:00:00
0.60077;2.21677;2024-02-09 13:15:00
0.52466;1.96266;2024-02-09 13:30:00
0.58769;2.01769;2024-02-09 13:45:00
1.1156200000000003;2.15962;2024-02-09 14:00:00
0.47418000000000005;2.25218;2024-02-09 14:15:00
0.5912999999999999;2.6183000000000005;2024-02-09 14:30:00
0.68135;3.0263500000000003;2024-02-09 14:45:00
0.55685;2.77685;2024-02-09 15:00:00
0.68313;2.9661300000000006;2024-02-09 15:15:00
0.4757;2.9326999999999996;2024-02-09 15:30:00
0.5903600000000001;2.76336;2024-02-09 15:45:00
0.67945;2.59145;2024-02-09 16:00:00
0.60591;2.4569099999999997;2024-02-09 16:15:00
0.47365;2.28065;2024-02-09 16:30:00
0.5961500000000001;2.11315;2024-02-09 16:45:00
0.61912;1.92012;2024-02-09 17:00:00
0.67542;1.74242;2024-02-09 17:15:00
0.93126;1.47726;2024-02-09 17:30:00
0.95835;1.3523500000000002;2024-02-09 17:45:00
1.1359400000000002;1.06294;2024-02-09 18:00:00
1.1685800000000002;0.86558;2024-02-09 18:15:00
1.69883;0.69783;2024-02-09 18:30:00
1.18998;0.49298;2024-02-09 18:45:00
1.44886;0.36286;2024-02-09 19:00:00
1.72519;0.23619;2024-02-09 19:15:00
1.90096;0.20996;2024-02-09 19:30:00
2.0435;0.1855;2024-02-09 19:45:00
1.97039;0.15239000000000003;2024-02-09 20:00:00
1.65634;0.10734000000000002;2024-02-09 20:15:00
1.51485;0.04785;2024-02-09 20:30:00
1.15048;0.02248;2024-02-09 20:45:00
1.07878;0.0007800000000000001;2024-02-09 21:00:00
0.962;0.0;2024-02-09 21:15:00
1.046;0.0;2024-02-09 21:30:00
0.951;0.0;2024-02-09 21:45:00
0.714;0.0;2024-02-09 22:00:00
0.487;0.0;2024-02-09 22:15:00
0.608;0.0;2024-02-09 22:30:00
0.613;0.0;2024-02-09 22:45:00
0.9480000000000001;0.0;2024-02-09 23:00:00
0.524;0.0;2024-02-09 23:15:00
0.5980000000000001;0.0;2024-02-09 23:30:00
0.587;0.0;2024-02-09 23:45:00
0.599;0.0;2024-02-10 00:00:00
0.9040000000000001;0.0;2024-04-24 00:15:00
0.496;0.0;2024-04-24 00:30:00
0.478;0.0;2024-04-24 00:45:00
0.5509999999999999;0.0;2024-04-24 01:00:00
0.46099999999999997;0.0;2024-04-24 01:15:00
0.5509999999999999;0.0;2024-04-24 01:30:00
0.542;0.0;2024-04-24 01:45:00
0.44400000000000006;0.0;2024-04-24 02:00:00
0.526;0.0;2024-04-24 02:15:00
0.44500000000000006;0.0;2024-04-24 02:30:00
0.521;0.0;2024-04-24 02:45:00
0.43200000000000005;0.0;2024-04-24 03:00:00
0.496;0.0;2024-04-24 03:15:00
0.449;0.0;2024-04-24 03:30:00
0.46900000000000003;0.0;2024-04-24 03:45:00
0.517;0.0;2024-04-24 04:00:00
0.483;0.0;2024-04-24 04:15:00
0.972;0.0;2024-04-24 04:30:00
0.44900000000000007;0.0;2024-04-24 04:45:00
0.488;0.0;2024-04-24 05:00:00
0.44600000000000006;0.0;2024-04-24 05:15:00
0.4600000000000001;0.0;2024-04-24 05:30:00
0.504;0.0;2024-04-24 05:45:00
0.44600000000000006;0.0;2024-04-24 06:00:00
0.633;0.0;2024-04-24 06:15:00
0.68889;0.00489;2024-04-24 06:30:00
0.5153399999999999;0.05734;2024-04-24 06:45:00
0.42893000000000003;0.14293;2024-04-24 07:00:00
0.55106;0.29506;2024-04-24 07:15:00
0.43010000000000004;0.4751;2024-04-24 07:30:00
1.0011;0.7111000000000001;2024-04-24 07:45:00
1.12519;0.8151900000000001;2024-04-24 08:00:00
2.55844;0.8264400000000001;2024-04-24 08:15:00
1.9548100000000002;0.93581;2024-04-24 08:30:00
2.56046;1.39546;2024-04-24 08:45:00
3.9036;1.6116000000000001;2024-04-24 09:00:00
3.3781800000000004;1.54218;2024-04-24 09:15:00
3.3799799999999998;1.9629800000000002;2024-04-24 09:30:00
4.113710000000001;2.29171;2024-04-24 09:45:00
3.67961;2.66761;2024-04-24 10:00:00
3.71159;2.92359;2024-04-24 10:15:00
3.72554;2.78254;2024-04-24 10:30:00
3.6453100000000003;2.68031;2024-04-24 10:45:00
3.7151300000000003;3.11813;2024-04-24 11:00:00
4.25275;3.37375;2024-04-24 11:15:00
2.8466899999999997;3.4766899999999996;2024-04-24 11:30:00
2.31339;2.76039;2024-04-24 11:45:00
1.5413700000000001;1.8963700000000001;2024-04-24 12:00:00
0.85402;2.87102;2024-04-24 12:15:00
0.8806099999999999;3.3846100000000003;2024-04-24 12:30:00
0.63657;3.92957;2024-04-24 12:45:00
0.60616;3.84116;2024-04-24 13:00:00
0.56738;3.84138;2024-04-24 13:15:00
0.62265;3.59165;2024-04-24 13:30:00
0.63825;3.7052500000000004;2024-04-24 13:45:00
0.9899800000000001;3.4009800000000006;2024-04-24 14:00:00
1.86234;3.29734;2024-04-24 14:15:00
2.42956;2.81756;2024-04-24 14:30:00
2.02734;2.20734;2024-04-24 14:45:00
2.0461199999999997;1.98412;2024-04-24 15:00:00
2.02896;1.8669599999999997;2024-04-24 15:15:00
2.78179;1.9207900000000002;2024-04-24 15:30:00
3.1603199999999996;1.99332;2024-04-24 15:45:00
4.823390000000001;2.34939;2024-04-24 16:00:00
3.61012;1.93812;2024-04-24 16:15:00
4.17463;1.66963;2024-04-24 16:30:00
3.73876;1.5047599999999999;2024-04-24 16:45:00
4.1646;1.4466;2024-04-24 17:00:00
4.67881;1.13081;2024-04-24 17:15:00
4.8657;1.2257;2024-04-24 17:30:00
4.770700000000001;0.9666999999999999;2024-04-24 17:45:00
5.26241;0.91141;2024-04-24 18:00:00
5.2549600000000005;0.8619599999999998;2024-04-24 18:15:00
4.66002;0.72402;2024-04-24 18:30:00
4.01368;0.44168;2024-04-24 18:45:00
3.83906;0.24906;2024-04-24 19:00:00
3.8047199999999997;0.25072;2024-04-24 19:15:00
4.00009;0.18509;2024-04-24 19:30:00
4.1729400000000005;0.08893999999999999;2024-04-24 19:45:00
3.78956;0.02756;2024-04-24 20:00:00
3.7754199999999996;0.00142;2024-04-24 20:15:00
3.7009999999999996;0.0;2024-04-24 20:30:00
4.107;0.0;2024-04-24 20:45:00
4.27;0.0;2024-04-24 21:00:00
4.386;0.0;2024-04-24 21:15:00
4.1850000000000005;0.0;2024-04-24 21:30:00
4.21;0.0;2024-04-24 21:45:00
3.543;0.0;2024-04-24 22:00:00
2.9010000000000002;0.0;2024-04-24 22:15:00
2.469;0.0;2024-04-24 22:30:00
1.575;0.0;2024-04-24 22:45:00
1.472;0.0;2024-04-24 23:00:00
1.409;0.0;2024-04-24 23:15:00
1.391;0.0;2024-04-24 23:30:00
1.374;0.0;2024-04-24 23:45:00
1.3960000000000001;0.0;2024-04-25 00:00:00
2.201;0.0;2024-04-24 00:15:00
2.1839999999999997;0.0;2024-04-24 00:30:00
2.1710000000000003;0.0;2024-04-24 00:45:00
2.187;0.0;2024-04-24 01:00:00
2.181;0.0;2024-04-24 01:15:00
2.098;0.0;2024-04-24 01:30:00
2.176;0.0;2024-04-24 01:45:00
2.2279999999999998;0.0;2024-04-24 02:00:00
2.119;0.0;2024-04-24 02:15:00
2.1239999999999997;0.0;2024-04-24 02:30:00
2.186;0.0;2024-04-24 02:45:00
2.0700000000000003;0.0;2024-04-24 03:00:00
2.133;0.0;2024-04-24 03:15:00
2.224;0.0;2024-04-24 03:30:00
2.079;0.0;2024-04-24 03:45:00
2.105;0.0;2024-04-24 04:00:00
2.146;0.0;2024-04-24 04:15:00
2.095;0.0;2024-04-24 04:30:00
2.1639999999999997;0.0;2024-04-24 04:45:00
2.225;0.0;2024-04-24 05:00:00
2.267;0.0;2024-04-24 05:15:00
2.2119999999999997;0.0;2024-04-24 05:30:00
2.332;0.0;2024-04-24 05:45:00
2.278;0.0;2024-04-24 06:00:00
2.175;0.0;2024-04-24 06:15:00
2.1999999999999997;0.0;2024-04-24 06:30:00
2.183;0.0;2024-04-24 06:45:00
2.0980000000000003;0.0;2024-04-24 07:00:00
2.19;0.0;2024-04-24 07:15:00
2.143;0.0;2024-04-24 07:30:00
2.161;0.0;2024-04-24 07:45:00
1.33881;0.00181;2024-04-24 08:00:00
2.19192;0.02792;2024-04-24 08:15:00
2.66804;0.06804;2024-04-24 08:30:00
3.85038;0.10838;2024-04-24 08:45:00
4.39379;0.13079000000000002;2024-04-24 09:00:00
4.39078;0.08177999999999999;2024-04-24 09:15:00
5.04314;0.09614;2024-04-24 09:30:00
3.78897;0.18297;2024-04-24 09:45:00
3.6492699999999996;0.29527000000000003;2024-04-24 10:00:00
4.48632;0.38532;2024-04-24 10:15:00
3.79026;0.40826000000000007;2024-04-24 10:30:00
3.58523;0.85023;2024-04-24 10:45:00
3.1660500000000003;0.73005;2024-04-24 11:00:00
3.1566400000000003;0.5136400000000001;2024-04-24 11:15:00
3.31358;0.7965800000000001;2024-04-24 11:30:00
2.30604;0.72404;2024-04-24 11:45:00
1.78272;0.71972;2024-04-24 12:00:00
1.50529;0.8632899999999999;2024-04-24 12:15:00
0.9739300000000002;1.20093;2024-04-24 12:30:00
0.7512399999999999;1.3842400000000001;2024-04-24 12:45:00
0.75796;3.07296;2024-04-24 13:00:00
0.64544;3.31344;2024-04-24 13:15:00
0.61233;3.15233;2024-04-24 13:30:00
0.82526;3.17326;2024-04-24 13:45:00
1.1065299999999998;2.96953;2024-04-24 14:00:00
1.7729300000000001;2.35793;2024-04-24 14:15:00
2.9000299999999997;2.70903;2024-04-24 14:30:00
2.34246;2.8444599999999998;2024-04-24 14:45:00
2.27127;2.72727;2024-04-24 15:00:00
2.54596;2.56896;2024-04-24 15:15:00
3.35888;2.40788;2024-04-24 15:30:00
3.01272;2.47872;2024-04-24 15:45:00
3.07324;1.9522400000000002;2024-04-24 16:00:00
3.2633599999999996;1.53036;2024-04-24 16:15:00
3.4843200000000003;1.76932;2024-04-24 16:30:00
3.82729;1.6722900000000003;2024-04-24 16:45:00
4.467040000000001;1.30504;2024-04-24 17:00:00
3.78177;0.9617699999999999;2024-04-24 17:15:00
4.08347;0.65847;2024-04-24 17:30:00
4.23137;0.41237;2024-04-24 17:45:00
4.15782;0.21482;2024-04-24 18:00:00
4.66915;0.11715000000000002;2024-04-24 18:15:00
3.4486499999999998;0.041650000000000006;2024-04-24 18:30:00
3.53315;0.007149999999999999;2024-04-24 18:45:00
3.0429999999999997;0.0;2024-04-24 19:00:00
2.505;0.0;2024-04-24 19:15:00
2.4930000000000003;0.0;2024-04-24 19:30:00
3.1800000000000006;0.0;2024-04-24 19:45:00
2.7880000000000003;0.0;2024-04-24 20:00:00
2.565;0.0;2024-04-24 20:15:00
2.61;0.0;2024-04-24 20:30:00
2.4810000000000003;0.0;2024-04-24 20:45:00
2.4450000000000003;0.0;2024-04-24 21:00:00
2.5060000000000002;0.0;2024-04-24 21:15:00
2.16;0.0;2024-04-24 21:30:00
1.73;0.0;2024-04-24 21:45:00
1.5500000000000003;0.0;2024-04-24 22:00:00
1.326;0.0;2024-04-24 22:15:00
0.765;0.0;2024-04-24 22:30:00
1.334;0.0;2024-04-24 22:45:00
1.6280000000000001;0.0;2024-04-24 23:00:00
1.883;0.0;2024-04-24 23:15:00
1.399;0.0;2024-04-24 23:30:00
1.092;0.0;2024-04-24 23:45:00
0.485;0.0;2024-04-25 00:00:00
0.502;0.0;2024-04-24 00:15:00
0.628;0.0;2024-04-24 00:30:00
0.525;0.0;2024-04-24 00:45:00
0.521;0.0;2024-04-24 01:00:00
0.589;0.0;2024-04-24 01:15:00
0.619;0.0;2024-04-24 01:30:00
0.503;0.0;2024-04-24 01:45:00
0.47200000000000003;0.0;2024-04-24 02:00:00
0.5710000000000001;0.0;2024-04-24 02:15:00
0.542;0.0;2024-04-24 02:30:00
0.478;0.0;2024-04-24 02:45:00
0.9929999999999999;0.0;2024-04-24 03:00:00
0.5680000000000001;0.0;2024-04-24 03:15:00
0.438;0.0;2024-04-24 03:30:00
0.508;0.0;2024-04-24 03:45:00
0.575;0.0;2024-04-24 04:00:00
0.511;0.0;2024-04-24 04:15:00
0.43600000000000005;0.0;2024-04-24 04:30:00
0.5820000000000001;0.0;2024-04-24 04:45:00
0.52;0.0;2024-04-24 05:00:00
0.488;0.0;2024-04-24 05:15:00
0.633;0.0;2024-04-24 05:30:00
0.711;0.0;2024-04-24 05:45:00
0.671;0.0;2024-04-24 06:00:00
0.56;0.0;2024-04-24 06:15:00
0.587;0.0;2024-04-24 06:30:00
0.5844;0.0004;2024-04-24 06:45:00
0.63419;0.00519;2024-04-24 07:00:00
0.89998;0.007980000000000001;2024-04-24 07:15:00
0.51832;0.04832;2024-04-24 07:30:00
0.66317;0.07017;2024-04-24 07:45:00
1.53973;0.13573000000000002;2024-04-24 08:00:00
1.5307600000000001;0.08676;2024-04-24 08:15:00
1.4973300000000003;0.09433;2024-04-24 08:30:00
1.9478600000000001;0.11186;2024-04-24 08:45:00
2.58591;0.09190999999999999;2024-04-24 09:00:00
2.32023;0.10822999999999999;2024-04-24 09:15:00
2.3116200000000005;0.13762;2024-04-24 09:30:00
2.2776899999999998;0.33469;2024-04-24 09:45:00
2.3895;0.6655;2024-04-24 10:00:00
2.60951;1.3785100000000001;2024-04-24 10:15:00
2.6288500000000004;0.77685;2024-04-24 10:30:00
2.5373900000000003;1.42739;2024-04-24 10:45:00
2.5890500000000003;2.35205;2024-04-24 11:00:00
2.79411;3.0251099999999997;2024-04-24 11:15:00
2.5619699999999996;2.8029699999999997;2024-04-24 11:30:00
3.0500000000000003;2.185;2024-04-24 11:45:00
2.3536400000000004;3.48964;2024-04-24 12:00:00
1.9224999999999999;2.7435;2024-04-24 12:15:00
2.15276;1.1437599999999999;2024-04-24 12:30:00
2.80625;1.04325;2024-04-24 12:45:00
2.12308;1.9320800000000002;2024-04-24 13:00:00
1.1224;3.3784;2024-04-24 13:15:00
0.8147800000000001;2.7477800000000006;2024-04-24 13:30:00
0.61287;2.84187;2024-04-24 13:45:00
0.6565000000000001;2.8255;2024-04-24 14:00:00
0.51622;1.92522;2024-04-24 14:15:00
0.65317;3.55417;2024-04-24 14:30:00
0.64823;2.72023;2024-04-24 14:45:00
0.49690999999999996;3.31691;2024-04-24 15:00:00
0.66439;3.20039;2024-04-24 15:15:00
0.57564;3.04164;2024-04-24 15:30:00
0.7118500000000001;2.87285;2024-04-24 15:45:00
0.56054;2.58954;2024-04-24 16:00:00
0.9738200000000001;2.55382;2024-04-24 16:15:00
0.6259399999999999;2.34794;2024-04-24 16:30:00
0.59945;2.14245;2024-04-24 16:45:00
0.6103;1.9162999999999997;2024-04-24 17:00:00
0.53391;1.6729100000000001;2024-04-24 17:15:00
0.5697800000000001;1.3947800000000001;2024-04-24 17:30:00
0.6410500000000001;1.1430500000000001;2024-04-24 17:45:00
0.58841;0.9254100000000001;2024-04-24 18:00:00
0.59219;0.6561899999999999;2024-04-24 18:15:00
0.51704;0.5130399999999999;2024-04-24 18:30:00
0.5887100000000001;0.33271;2024-04-24 18:45:00
0.6409199999999999;0.22292;2024-04-24 19:00:00
0.64254;0.19154;2024-04-24 19:15:00
0.5378799999999999;0.13988;2024-04-24 19:30:00
0.51604;0.15504;2024-04-24 19:45:00
0.60395;0.05795;2024-04-24 20:00:00
0.6559200000000001;0.00792;2024-04-24 20:15:00
0.512;0.0;2024-04-24 20:30:00
0.956;0.0;2024-04-24 20:45:00
0.543;0.0;2024-04-24 21:00:00
0.516;0.0;2024-04-24 21:15:00
0.613;0.0;2024-04-24 21:30:00
0.504;0.0;2024-04-24 21:45:00
0.629;0.0;2024-04-24 22:00:00
0.545;0.0;2024-04-24 22:15:00
0.489;0.0;2024-04-24 22:30:00
0.641;0.0;2024-04-24 22:45:00
0.5740000000000001;0.0;2024-04-24 23:00:00
0.5720000000000001;0.0;2024-04-24 23:15:00
0.44200000000000006;0.0;2024-04-24 23:30:00
0.5860000000000001;0.0;2024-04-24 23:45:00
0.622;0.0;2024-04-25 00:00:00
2.235;0.0;2024-04-22 00:15:00
2.294;0.0;2024-04-22 00:30:00
2.17;0.0;2024-04-22 00:45:00
2.21;0.0;2024-04-22 01:00:00
2.0060000000000002;0.0;2024-04-22 01:15:00
2.119;0.0;2024-04-22 01:30:00
1.977;0.0;2024-04-22 01:45:00
2.13;0.0;2024-04-22 02:00:00
2.009;0.0;2024-04-22 02:15:00
2.0949999999999998;0.0;2024-04-22 02:30:00
2.069;0.0;2024-04-22 02:45:00
2.0440000000000005;0.0;2024-04-22 03:00:00
2.087;0.0;2024-04-22 03:15:00
1.975;0.0;2024-04-22 03:30:00
2.089;0.0;2024-04-22 03:45:00
2.025;0.0;2024-04-22 04:00:00
2.069;0.0;2024-04-22 04:15:00
2.094;0.0;2024-04-22 04:30:00
2.041;0.0;2024-04-22 04:45:00
2.071;0.0;2024-04-22 05:00:00
2.0010000000000003;0.0;2024-04-22 05:15:00
2.058;0.0;2024-04-22 05:30:00
2.028;0.0;2024-04-22 05:45:00
2.019;0.0;2024-04-22 06:00:00
2.0500000000000003;0.0;2024-04-22 06:15:00
2.019;0.0;2024-04-22 06:30:00
2.0980000000000003;0.0;2024-04-22 06:45:00
2.0100000000000002;0.0;2024-04-22 07:00:00
2.035;0.0;2024-04-22 07:15:00
2.027;0.0;2024-04-22 07:30:00
2.005;0.0;2024-04-22 07:45:00
2.055;0.0;2024-04-22 08:00:00
1.961;0.0;2024-04-22 08:15:00
2.0860000000000003;0.0;2024-04-22 08:30:00
1.18486;0.00186;2024-04-22 08:45:00
1.2591700000000001;0.04617;2024-04-22 09:00:00
3.1921600000000003;0.14016;2024-04-22 09:15:00
2.3153;0.2163;2024-04-22 09:30:00
2.74255;0.37655000000000005;2024-04-22 09:45:00
3.53303;0.19103000000000003;2024-04-22 10:00:00
3.8286000000000002;0.1866;2024-04-22 10:15:00
5.11662;0.31462;2024-04-22 10:30:00
5.06018;0.36218000000000006;2024-04-22 10:45:00
4.9177;0.27070000000000005;2024-04-22 11:00:00
4.57991;0.31091;2024-04-22 11:15:00
4.84413;0.23613;2024-04-22 11:30:00
3.38877;0.18877;2024-04-22 11:45:00
3.74202;0.15702;2024-04-22 12:00:00
3.63773;0.19473000000000001;2024-04-22 12:15:00
2.82142;0.16642;2024-04-22 12:30:00
2.9382500000000005;0.11025000000000001;2024-04-22 12:45:00
1.97315;0.17715;2024-04-22 13:00:00
1.6463;0.20429999999999998;2024-04-22 13:15:00
1.93422;0.23521999999999998;2024-04-22 13:30:00
1.5634700000000001;0.30447;2024-04-22 13:45:00
1.3106900000000001;0.16869;2024-04-22 14:00:00
0.5928100000000001;0.18781;2024-04-22 14:15:00
0.70931;0.17831000000000002;2024-04-22 14:30:00
0.6773;0.1493;2024-04-22 14:45:00
2.2365500000000003;0.19055;2024-04-22 15:00:00
2.01006;0.21106;2024-04-22 15:15:00
3.2379300000000004;0.16893;2024-04-22 15:30:00
2.65284;0.14584000000000003;2024-04-22 15:45:00
3.5696299999999996;0.22463;2024-04-22 16:00:00
2.56029;0.29729;2024-04-22 16:15:00
3.6183299999999994;0.29033000000000003;2024-04-22 16:30:00
3.1125499999999997;0.13055;2024-04-22 16:45:00
4.30745;0.11645;2024-04-22 17:00:00
3.67834;0.06434000000000001;2024-04-22 17:15:00
4.6361799999999995;0.037180000000000005;2024-04-22 17:30:00
3.9776999999999996;0.0297;2024-04-22 17:45:00
3.8542299999999994;0.00123;2024-04-22 18:00:00
4.25403;0.004030000000000001;2024-04-22 18:15:00
3.3829700000000003;0.0029700000000000004;2024-04-22 18:30:00
3.39051;0.0015100000000000003;2024-04-22 18:45:00
3.704;0.0;2024-04-22 19:00:00
3.6550000000000002;0.0;2024-04-22 19:15:00
3.45;0.0;2024-04-22 19:30:00
3.48;0.0;2024-04-22 19:45:00
2.734;0.0;2024-04-22 20:00:00
2.577;0.0;2024-04-22 20:15:00
2.568;0.0;2024-04-22 20:30:00
2.573;0.0;2024-04-22 20:45:00
2.512;0.0;2024-04-22 21:00:00
2.312;0.0;2024-04-22 21:15:00
2.226;0.0;2024-04-22 21:30:00
1.8820000000000001;0.0;2024-04-22 21:45:00
2.266;0.0;2024-04-22 22:00:00
2.2439999999999998;0.0;2024-04-22 22:15:00
1.8880000000000001;0.0;2024-04-22 22:30:00
1.4989999999999999;0.0;2024-04-22 22:45:00
1.581;0.0;2024-04-22 23:00:00
1.617;0.0;2024-04-22 23:15:00
1.348;0.0;2024-04-22 23:30:00
1.081;0.0;2024-04-22 23:45:00
0.52;0.0;2024-04-23 00:00:00
0.9040000000000001;0.0;2024-06-18 00:15:00
0.496;0.0;2024-06-18 00:30:00
0.478;0.0;2024-06-18 00:45:00
0.5509999999999999;0.0;2024-06-18 01:00:00
0.46099999999999997;0.0;2024-06-18 01:15:00
0.5509999999999999;0.0;2024-06-18 01:30:00
0.542;0.0;2024-06-18 01:45:00
0.44400000000000006;0.0;2024-06-18 02:00:00
0.526;0.0;2024-06-18 02:15:00
0.44500000000000006;0.0;2024-06-18 02:30:00
0.521;0.0;2024-06-18 02:45:00
0.43200000000000005;0.0;2024-06-18 03:00:00
0.496;0.0;2024-06-18 03:15:00
0.449;0.0;2024-06-18 03:30:00
0.46900000000000003;0.0;2024-06-18 03:45:00
0.517;0.0;2024-06-18 04:00:00
0.483;0.0;2024-06-18 04:15:00
0.972;0.0;2024-06-18 04:30:00
0.44900000000000007;0.0;2024-06-18 04:45:00
0.488;0.0;2024-06-18 05:00:00
0.44600000000000006;0.0;2024-06-18 05:15:00
0.4600000000000001;0.0;2024-06-18 05:30:00
0.504;0.0;2024-06-18 05:45:00
0.44600000000000006;0.0;2024-06-18 06:00:00
0.633;0.0;2024-06-18 06:15:00
0.68889;0.00489;2024-06-18 06:30:00
0.5153399999999999;0.05734;2024-06-18 06:45:00
0.42893000000000003;0.14293;2024-06-18 07:00:00
0.55106;0.29506;2024-06-18 07:15:00
0.43010000000000004;0.4751;2024-06-18 07:30:00
1.0011;0.7111000000000001;2024-06-18 07:45:00
1.12519;0.8151900000000001;2024-06-18 08:00:00
2.55844;0.8264400000000001;2024-06-18 08:15:00
1.9548100000000002;0.93581;2024-06-18 08:30:00
2.56046;1.39546;2024-06-18 08:45:00
3.9036;1.6116000000000001;2024-06-18 09:00:00
3.3781800000000004;1.54218;2024-06-18 09:15:00
3.3799799999999998;1.9629800000000002;2024-06-18 09:30:00
4.113710000000001;2.29171;2024-06-18 09:45:00
3.67961;2.66761;2024-06-18 10:00:00
3.71159;2.92359;2024-06-18 10:15:00
3.72554;2.78254;2024-06-18 10:30:00
3.6453100000000003;2.68031;2024-06-18 10:45:00
3.7151300000000003;3.11813;2024-06-18 11:00:00
4.25275;3.37375;2024-06-18 11:15:00
2.8466899999999997;3.4766899999999996;2024-06-18 11:30:00
2.31339;2.76039;2024-06-18 11:45:00
1.5413700000000001;1.8963700000000001;2024-06-18 12:00:00
0.85402;2.87102;2024-06-18 12:15:00
0.8806099999999999;3.3846100000000003;2024-06-18 12:30:00
0.63657;3.92957;2024-06-18 12:45:00
0.60616;3.84116;2024-06-18 13:00:00
0.56738;3.84138;2024-06-18 13:15:00
0.62265;3.59165;2024-06-18 13:30:00
0.63825;3.7052500000000004;2024-06-18 13:45:00
0.9899800000000001;3.4009800000000006;2024-06-18 14:00:00
1.86234;3.29734;2024-06-18 14:15:00
2.42956;2.81756;2024-06-18 14:30:00
2.02734;2.20734;2024-06-18 14:45:00
2.0461199999999997;1.98412;2024-06-18 15:00:00
2.02896;1.8669599999999997;2024-06-18 15:15:00
2.78179;1.9207900000000002;2024-06-18 15:30:00
3.1603199999999996;1.99332;2024-06-18 15:45:00
4.823390000000001;2.34939;2024-06-18 16:00:00
3.61012;1.93812;2024-06-18 16:15:00
4.17463;1.66963;2024-06-18 16:30:00
3.73876;1.5047599999999999;2024-06-18 16:45:00
4.1646;1.4466;2024-06-18 17:00:00
4.67881;1.13081;2024-06-18 17:15:00
4.8657;1.2257;2024-06-18 17:30:00
4.770700000000001;0.9666999999999999;2024-06-18 17:45:00
5.26241;0.91141;2024-06-18 18:00:00
5.2549600000000005;0.8619599999999998;2024-06-18 18:15:00
4.66002;0.72402;2024-06-18 18:30:00
4.01368;0.44168;2024-06-18 18:45:00
3.83906;0.24906;2024-06-18 19:00:00
3.8047199999999997;0.25072;2024-06-18 19:15:00
4.00009;0.18509;2024-06-18 19:30:00
4.1729400000000005;0.08893999999999999;2024-06-18 19:45:00
3.78956;0.02756;2024-06-18 20:00:00
3.7754199999999996;0.00142;2024-06-18 20:15:00
3.7009999999999996;0.0;2024-06-18 20:30:00
4.107;0.0;2024-06-18 20:45:00
4.27;0.0;2024-06-18 21:00:00
4.386;0.0;2024-06-18 21:15:00
4.1850000000000005;0.0;2024-06-18 21:30:00
4.21;0.0;2024-06-18 21:45:00
3.543;0.0;2024-06-18 22:00:00
2.9010000000000002;0.0;2024-06-18 22:15:00
2.469;0.0;2024-06-18 22:30:00
1.575;0.0;2024-06-18 22:45:00
1.472;0.0;2024-06-18 23:00:00
1.409;0.0;2024-06-18 23:15:00
1.391;0.0;2024-06-18 23:30:00
1.374;0.0;2024-06-18 23:45:00
1.3960000000000001;0.0;2024-06-19 00:00:00
1.111;0.0;2024-07-26 00:15:00
0.506;0.0;2024-07-26 00:30:00
0.542;0.0;2024-07-26 00:45:00
0.553;0.0;2024-07-26 01:00:00
0.514;0.0;2024-07-26 01:15:00
0.56;0.0;2024-07-26 01:30:00
0.9530000000000001;0.0;2024-07-26 01:45:00
0.562;0.0;2024-07-26 02:00:00
0.523;0.0;2024-07-26 02:15:00
0.532;0.0;2024-07-26 02:30:00
0.545;0.0;2024-07-26 02:45:00
0.484;0.0;2024-07-26 03:00:00
0.627;0.0;2024-07-26 03:15:00
0.489;0.0;2024-07-26 03:30:00
0.5329999999999999;0.0;2024-07-26 03:45:00
0.498;0.0;2024-07-26 04:00:00
0.5660000000000001;0.0;2024-07-26 04:15:00
0.504;0.0;2024-07-26 04:30:00
0.475;0.0;2024-07-26 04:45:00
1.024;0.0;2024-07-26 05:00:00
0.506;0.0;2024-07-26 05:15:00
0.542;0.0;2024-07-26 05:30:00
0.496;0.0;2024-07-26 05:45:00
0.546;0.0;2024-07-26 06:00:00
0.518;0.0;2024-07-26 06:15:00
0.49300000000000005;0.0;2024-07-26 06:30:00
0.539;0.0;2024-07-26 06:45:00
0.44599999999999995;0.0;2024-07-26 07:00:00
0.589;0.0;2024-07-26 07:15:00
0.46699999999999997;0.0;2024-07-26 07:30:00
0.532;0.0;2024-07-26 07:45:00
0.46099999999999997;0.0;2024-07-26 08:00:00
0.967;0.0;2024-07-26 08:15:00
0.488;0.0;2024-07-26 08:30:00
0.506;0.0;2024-07-26 08:45:00
1.434;0.0;2024-07-26 09:00:00
2.013;0.0;2024-07-26 09:15:00
2.2536899999999997;0.00069;2024-07-26 09:30:00
2.43991;0.01591;2024-07-26 09:45:00
3.5539400000000003;0.03694;2024-07-26 10:00:00
3.12583;0.06883;2024-07-26 10:15:00
3.5180799999999994;0.10308;2024-07-26 10:30:00
5.69497;0.14497;2024-07-26 10:45:00
5.93904;0.10204;2024-07-26 11:00:00
5.35464;0.11364000000000002;2024-07-26 11:15:00
5.686400000000001;0.1734;2024-07-26 11:30:00
4.9665300000000006;0.38353000000000004;2024-07-26 11:45:00
4.86449;0.26549;2024-07-26 12:00:00
4.28393;0.30493000000000003;2024-07-26 12:15:00
4.329079999999999;0.52908;2024-07-26 12:30:00
3.6371800000000003;1.1651799999999999;2024-07-26 12:45:00
3.0511800000000004;0.6171800000000001;2024-07-26 13:00:00
2.2083199999999996;0.31232000000000004;2024-07-26 13:15:00
2.0086;0.36660000000000004;2024-07-26 13:30:00
1.97199;0.25099000000000005;2024-07-26 13:45:00
1.7102300000000001;0.15223;2024-07-26 14:00:00
1.66006;0.16506;2024-07-26 14:15:00
1.82248;0.18648;2024-07-26 14:30:00
2.0917;0.18270000000000003;2024-07-26 14:45:00
2.69939;0.44239;2024-07-26 15:00:00
3.9874;0.8414;2024-07-26 15:15:00
3.4833800000000004;0.30938;2024-07-26 15:30:00
4.19349;0.46849;2024-07-26 15:45:00
4.94041;0.29841;2024-07-26 16:00:00
5.254529999999999;0.37553000000000003;2024-07-26 16:15:00
4.46073;0.4587300000000001;2024-07-26 16:30:00
5.08442;0.36641999999999997;2024-07-26 16:45:00
5.04626;0.23026000000000002;2024-07-26 17:00:00
4.51327;0.14727;2024-07-26 17:15:00
4.56327;0.21427;2024-07-26 17:30:00
4.69806;0.10406;2024-07-26 17:45:00
5.17317;0.030170000000000002;2024-07-26 18:00:00
5.39543;0.00043;2024-07-26 18:15:00
5.313000000000001;0.0;2024-07-26 18:30:00
5.157;0.0;2024-07-26 18:45:00
4.321;0.0;2024-07-26 19:00:00
4.07;0.0;2024-07-26 19:15:00
3.726;0.0;2024-07-26 19:30:00
3.4589999999999996;0.0;2024-07-26 19:45:00
2.785;0.0;2024-07-26 20:00:00
3.01;0.0;2024-07-26 20:15:00
2.753;0.0;2024-07-26 20:30:00
2.662;0.0;2024-07-26 20:45:00
2.8609999999999998;0.0;2024-07-26 21:00:00
3.272;0.0;2024-07-26 21:15:00
3.325;0.0;2024-07-26 21:30:00
3.259;0.0;2024-07-26 21:45:00
2.981;0.0;2024-07-26 22:00:00
2.455;0.0;2024-07-26 22:15:00
2.37;0.0;2024-07-26 22:30:00
1.614;0.0;2024-07-26 22:45:00
1.141;0.0;2024-07-26 23:00:00
0.9530000000000001;0.0;2024-07-26 23:15:00
0.4590000000000001;0.0;2024-07-26 23:30:00
1.0410000000000001;0.0;2024-07-26 23:45:00
0.5269999999999999;0.0;2024-07-27 00:00:00
0.673;0.0;2024-07-11 00:15:00
0.6040000000000001;0.0;2024-07-11 00:30:00
0.6;0.0;2024-07-11 00:45:00
0.705;0.0;2024-07-11 01:00:00
0.637;0.0;2024-07-11 01:15:00
1.0050000000000001;0.0;2024-07-11 01:30:00
0.614;0.0;2024-07-11 01:45:00
0.713;0.0;2024-07-11 02:00:00
0.5910000000000001;0.0;2024-07-11 02:15:00
0.63;0.0;2024-07-11 02:30:00
1.2610000000000001;0.0;2024-07-11 02:45:00
1.345;0.0;2024-07-11 03:00:00
1.3940000000000001;0.0;2024-07-11 03:15:00
0.563;0.0;2024-07-11 03:30:00
0.66;0.0;2024-07-11 03:45:00
0.589;0.0;2024-07-11 04:00:00
0.59;0.0;2024-07-11 04:15:00
0.662;0.0;2024-07-11 04:30:00
0.595;0.0;2024-07-11 04:45:00
0.545;0.0;2024-07-11 05:00:00
0.616;0.0;2024-07-11 05:15:00
0.749;0.0;2024-07-11 05:30:00
0.6960000000000001;0.0;2024-07-11 05:45:00
1.129;0.0;2024-07-11 06:00:00
0.728;0.0;2024-07-11 06:15:00
0.66;0.0;2024-07-11 06:30:00
0.5760000000000001;0.0;2024-07-11 06:45:00
1.35092;0.00292;2024-07-11 07:00:00
1.8258800000000002;0.029880000000000004;2024-07-11 07:15:00
1.5366;0.06960000000000001;2024-07-11 07:30:00
1.6353299999999997;0.10933000000000001;2024-07-11 07:45:00
2.25454;0.13454;2024-07-11 08:00:00
2.09983;0.13883;2024-07-11 08:15:00
2.94864;0.19564;2024-07-11 08:30:00
3.23711;0.17411;2024-07-11 08:45:00
2.77198;0.24298000000000003;2024-07-11 09:00:00
3.19058;0.56458;2024-07-11 09:15:00
3.6995999999999998;0.7666;2024-07-11 09:30:00
3.6285;1.2675;2024-07-11 09:45:00
3.62271;1.42971;2024-07-11 10:00:00
3.7785;1.8885;2024-07-11 10:15:00
4.02098;0.73398;2024-07-11 10:30:00
3.81107;2.0850700000000004;2024-07-11 10:45:00
3.75654;0.89654;2024-07-11 11:00:00
3.3143400000000005;1.62834;2024-07-11 11:15:00
2.81468;2.0636799999999997;2024-07-11 11:30:00
2.74435;2.21435;2024-07-11 11:45:00
2.77203;2.48703;2024-07-11 12:00:00
2.03125;3.05125;2024-07-11 12:15:00
2.37387;3.39487;2024-07-11 12:30:00
2.47859;1.3115899999999998;2024-07-11 12:45:00
2.63909;3.07609;2024-07-11 13:00:00
1.95026;3.5762599999999996;2024-07-11 13:15:00
1.7908;3.4648;2024-07-11 13:30:00
1.7509700000000001;3.4179699999999995;2024-07-11 13:45:00
1.5969000000000002;3.3049;2024-07-11 14:00:00
2.27167;3.32667;2024-07-11 14:15:00
1.7710600000000003;3.2240600000000006;2024-07-11 14:30:00
1.6393499999999999;3.1213499999999996;2024-07-11 14:45:00
0.79017;3.00917;2024-07-11 15:00:00
0.65869;2.89669;2024-07-11 15:15:00
0.77634;2.79134;2024-07-11 15:30:00
0.57596;2.62196;2024-07-11 15:45:00
0.64869;2.5356899999999998;2024-07-11 16:00:00
0.68481;2.26981;2024-07-11 16:15:00
0.66672;1.97272;2024-07-11 16:30:00
0.70014;2.03914;2024-07-11 16:45:00
1.77475;1.74675;2024-07-11 17:00:00
2.15956;1.3755600000000001;2024-07-11 17:15:00
2.0569200000000003;1.2399200000000001;2024-07-11 17:30:00
1.9040500000000002;1.13805;2024-07-11 17:45:00
2.1409599999999998;0.93996;2024-07-11 18:00:00
2.23085;0.74785;2024-07-11 18:15:00
1.7127;0.6727000000000001;2024-07-11 18:30:00
1.82348;0.42748;2024-07-11 18:45:00
1.70003;0.29303;2024-07-11 19:00:00
1.8009000000000002;0.2739;2024-07-11 19:15:00
2.0277000000000003;0.1837;2024-07-11 19:30:00
2.08074;0.09374;2024-07-11 19:45:00
1.8075299999999999;0.03153;2024-07-11 20:00:00
1.88456;0.00156;2024-07-11 20:15:00
1.8809999999999998;0.0;2024-07-11 20:30:00
1.5070000000000001;0.0;2024-07-11 20:45:00
1.403;0.0;2024-07-11 21:00:00
1.359;0.0;2024-07-11 21:15:00
1.613;0.0;2024-07-11 21:30:00
1.434;0.0;2024-07-11 21:45:00
0.882;0.0;2024-07-11 22:00:00
0.599;0.0;2024-07-11 22:15:00
0.5830000000000001;0.0;2024-07-11 22:30:00
0.484;0.0;2024-07-11 22:45:00
1.033;0.0;2024-07-11 23:00:00
0.623;0.0;2024-07-11 23:15:00
0.515;0.0;2024-07-11 23:30:00
0.518;0.0;2024-07-11 23:45:00
0.623;0.0;2024-07-12 00:00:00
0.673;0.0;2024-07-25 00:15:00
0.6040000000000001;0.0;2024-07-25 00:30:00
0.6;0.0;2024-07-25 00:45:00
0.705;0.0;2024-07-25 01:00:00
0.637;0.0;2024-07-25 01:15:00
1.0050000000000001;0.0;2024-07-25 01:30:00
0.614;0.0;2024-07-25 01:45:00
0.713;0.0;2024-07-25 02:00:00
0.5910000000000001;0.0;2024-07-25 02:15:00
0.63;0.0;2024-07-25 02:30:00
1.2610000000000001;0.0;2024-07-25 02:45:00
1.345;0.0;2024-07-25 03:00:00
1.3940000000000001;0.0;2024-07-25 03:15:00
0.563;0.0;2024-07-25 03:30:00
0.66;0.0;2024-07-25 03:45:00
0.589;0.0;2024-07-25 04:00:00
0.59;0.0;2024-07-25 04:15:00
0.662;0.0;2024-07-25 04:30:00
0.595;0.0;2024-07-25 04:45:00
0.545;0.0;2024-07-25 05:00:00
0.616;0.0;2024-07-25 05:15:00
0.749;0.0;2024-07-25 05:30:00
0.6960000000000001;0.0;2024-07-25 05:45:00
1.129;0.0;2024-07-25 06:00:00
0.728;0.0;2024-07-25 06:15:00
0.66;0.0;2024-07-25 06:30:00
0.5760000000000001;0.0;2024-07-25 06:45:00
1.35092;0.00292;2024-07-25 07:00:00
1.8258800000000002;0.029880000000000004;2024-07-25 07:15:00
1.5366;0.06960000000000001;2024-07-25 07:30:00
1.6353299999999997;0.10933000000000001;2024-07-25 07:45:00
2.25454;0.13454;2024-07-25 08:00:00
2.09983;0.13883;2024-07-25 08:15:00
2.94864;0.19564;2024-07-25 08:30:00
3.23711;0.17411;2024-07-25 08:45:00
2.77198;0.24298000000000003;2024-07-25 09:00:00
3.19058;0.56458;2024-07-25 09:15:00
3.6995999999999998;0.7666;2024-07-25 09:30:00
3.6285;1.2675;2024-07-25 09:45:00
3.62271;1.42971;2024-07-25 10:00:00
3.7785;1.8885;2024-07-25 10:15:00
4.02098;0.73398;2024-07-25 10:30:00
3.81107;2.0850700000000004;2024-07-25 10:45:00
3.75654;0.89654;2024-07-25 11:00:00
3.3143400000000005;1.62834;2024-07-25 11:15:00
2.81468;2.0636799999999997;2024-07-25 11:30:00
2.74435;2.21435;2024-07-25 11:45:00
2.77203;2.48703;2024-07-25 12:00:00
2.03125;3.05125;2024-07-25 12:15:00
2.37387;3.39487;2024-07-25 12:30:00
2.47859;1.3115899999999998;2024-07-25 12:45:00
2.63909;3.07609;2024-07-25 13:00:00
1.95026;3.5762599999999996;2024-07-25 13:15:00
1.7908;3.4648;2024-07-25 13:30:00
1.7509700000000001;3.4179699999999995;2024-07-25 13:45:00
1.5969000000000002;3.3049;2024-07-25 14:00:00
2.27167;3.32667;2024-07-25 14:15:00
1.7710600000000003;3.2240600000000006;2024-07-25 14:30:00
1.6393499999999999;3.1213499999999996;2024-07-25 14:45:00
0.79017;3.00917;2024-07-25 15:00:00
0.65869;2.89669;2024-07-25 15:15:00
0.77634;2.79134;2024-07-25 15:30:00
0.57596;2.62196;2024-07-25 15:45:00
0.64869;2.5356899999999998;2024-07-25 16:00:00
0.68481;2.26981;2024-07-25 16:15:00
0.66672;1.97272;2024-07-25 16:30:00
0.70014;2.03914;2024-07-25 16:45:00
1.77475;1.74675;2024-07-25 17:00:00
2.15956;1.3755600000000001;2024-07-25 17:15:00
2.0569200000000003;1.2399200000000001;2024-07-25 17:30:00
1.9040500000000002;1.13805;2024-07-25 17:45:00
2.1409599999999998;0.93996;2024-07-25 18:00:00
2.23085;0.74785;2024-07-25 18:15:00
1.7127;0.6727000000000001;2024-07-25 18:30:00
1.82348;0.42748;2024-07-25 18:45:00
1.70003;0.29303;2024-07-25 19:00:00
1.8009000000000002;0.2739;2024-07-25 19:15:00
2.0277000000000003;0.1837;2024-07-25 19:30:00
2.08074;0.09374;2024-07-25 19:45:00
1.8075299999999999;0.03153;2024-07-25 20:00:00
1.88456;0.00156;2024-07-25 20:15:00
1.8809999999999998;0.0;2024-07-25 20:30:00
1.5070000000000001;0.0;2024-07-25 20:45:00
1.403;0.0;2024-07-25 21:00:00
1.359;0.0;2024-07-25 21:15:00
1.613;0.0;2024-07-25 21:30:00
1.434;0.0;2024-07-25 21:45:00
0.882;0.0;2024-07-25 22:00:00
0.599;0.0;2024-07-25 22:15:00
0.5830000000000001;0.0;2024-07-25 22:30:00
0.484;0.0;2024-07-25 22:45:00
1.033;0.0;2024-07-25 23:00:00
0.623;0.0;2024-07-25 23:15:00
0.515;0.0;2024-07-25 23:30:00
0.518;0.0;2024-07-25 23:45:00
0.623;0.0;2024-07-26 00:00:00
2.235;0.0;2024-07-25 00:15:00
2.294;0.0;2024-07-25 00:30:00
2.17;0.0;2024-07-25 00:45:00
2.21;0.0;2024-07-25 01:00:00
2.0060000000000002;0.0;2024-07-25 01:15:00
2.119;0.0;2024-07-25 01:30:00
1.977;0.0;2024-07-25 01:45:00
2.13;0.0;2024-07-25 02:00:00
2.009;0.0;2024-07-25 02:15:00
2.0949999999999998;0.0;2024-07-25 02:30:00
2.069;0.0;2024-07-25 02:45:00
2.0440000000000005;0.0;2024-07-25 03:00:00
2.087;0.0;2024-07-25 03:15:00
1.975;0.0;2024-07-25 03:30:00
2.089;0.0;2024-07-25 03:45:00
2.025;0.0;2024-07-25 04:00:00
2.069;0.0;2024-07-25 04:15:00
2.094;0.0;2024-07-25 04:30:00
2.041;0.0;2024-07-25 04:45:00
2.071;0.0;2024-07-25 05:00:00
2.0010000000000003;0.0;2024-07-25 05:15:00
2.058;0.0;2024-07-25 05:30:00
2.028;0.0;2024-07-25 05:45:00
2.019;0.0;2024-07-25 06:00:00
2.0500000000000003;0.0;2024-07-25 06:15:00
2.019;0.0;2024-07-25 06:30:00
2.0980000000000003;0.0;2024-07-25 06:45:00
2.0100000000000002;0.0;2024-07-25 07:00:00
2.035;0.0;2024-07-25 07:15:00
2.027;0.0;2024-07-25 07:30:00
2.005;0.0;2024-07-25 07:45:00
2.055;0.0;2024-07-25 08:00:00
1.961;0.0;2024-07-25 08:15:00
2.0860000000000003;0.0;2024-07-25 08:30:00
1.18486;0.00186;2024-07-25 08:45:00
1.2591700000000001;0.04617;2024-07-25 09:00:00
3.1921600000000003;0.14016;2024-07-25 09:15:00
2.3153;0.2163;2024-07-25 09:30:00
2.74255;0.37655000000000005;2024-07-25 09:45:00
3.53303;0.19103000000000003;2024-07-25 10:00:00
3.8286000000000002;0.1866;2024-07-25 10:15:00
5.11662;0.31462;2024-07-25 10:30:00
5.06018;0.36218000000000006;2024-07-25 10:45:00
4.9177;0.27070000000000005;2024-07-25 11:00:00
4.57991;0.31091;2024-07-25 11:15:00
4.84413;0.23613;2024-07-25 11:30:00
3.38877;0.18877;2024-07-25 11:45:00
3.74202;0.15702;2024-07-25 12:00:00
3.63773;0.19473000000000001;2024-07-25 12:15:00
2.82142;0.16642;2024-07-25 12:30:00
2.9382500000000005;0.11025000000000001;2024-07-25 12:45:00
1.97315;0.17715;2024-07-25 13:00:00
1.6463;0.20429999999999998;2024-07-25 13:15:00
1.93422;0.23521999999999998;2024-07-25 13:30:00
1.5634700000000001;0.30447;2024-07-25 13:45:00
1.3106900000000001;0.16869;2024-07-25 14:00:00
0.5928100000000001;0.18781;2024-07-25 14:15:00
0.70931;0.17831000000000002;2024-07-25 14:30:00
0.6773;0.1493;2024-07-25 14:45:00
2.2365500000000003;0.19055;2024-07-25 15:00:00
2.01006;0.21106;2024-07-25 15:15:00
3.2379300000000004;0.16893;2024-07-25 15:30:00
2.65284;0.14584000000000003;2024-07-25 15:45:00
3.5696299999999996;0.22463;2024-07-25 16:00:00
2.56029;0.29729;2024-07-25 16:15:00
3.6183299999999994;0.29033000000000003;2024-07-25 16:30:00
3.1125499999999997;0.13055;2024-07-25 16:45:00
4.30745;0.11645;2024-07-25 17:00:00
3.67834;0.06434000000000001;2024-07-25 17:15:00
4.6361799999999995;0.037180000000000005;2024-07-25 17:30:00
3.9776999999999996;0.0297;2024-07-25 17:45:00
3.8542299999999994;0.00123;2024-07-25 18:00:00
4.25403;0.004030000000000001;2024-07-25 18:15:00
3.3829700000000003;0.0029700000000000004;2024-07-25 18:30:00
3.39051;0.0015100000000000003;2024-07-25 18:45:00
3.704;0.0;2024-07-25 19:00:00
3.6550000000000002;0.0;2024-07-25 19:15:00
3.45;0.0;2024-07-25 19:30:00
3.48;0.0;2024-07-25 19:45:00
2.734;0.0;2024-07-25 20:00:00
2.577;0.0;2024-07-25 20:15:00
2.568;0.0;2024-07-25 20:30:00
2.573;0.0;2024-07-25 20:45:00
2.512;0.0;2024-07-25 21:00:00
2.312;0.0;2024-07-25 21:15:00
2.226;0.0;2024-07-25 21:30:00
1.8820000000000001;0.0;2024-07-25 21:45:00
2.266;0.0;2024-07-25 22:00:00
2.2439999999999998;0.0;2024-07-25 22:15:00
1.8880000000000001;0.0;2024-07-25 22:30:00
1.4989999999999999;0.0;2024-07-25 22:45:00
1.581;0.0;2024-07-25 23:00:00
1.617;0.0;2024-07-25 23:15:00
1.348;0.0;2024-07-25 23:30:00
1.081;0.0;2024-07-25 23:45:00
0.52;0.0;2024-07-26 00:00:00
0.958;0.0;2024-07-25 00:15:00
0.579;0.0;2024-07-25 00:30:00
0.583;0.0;2024-07-25 00:45:00
0.509;0.0;2024-07-25 01:00:00
0.621;0.0;2024-07-25 01:15:00
0.539;0.0;2024-07-25 01:30:00
0.505;0.0;2024-07-25 01:45:00
0.552;0.0;2024-07-25 02:00:00
0.609;0.0;2024-07-25 02:15:00
0.509;0.0;2024-07-25 02:30:00
0.44500000000000006;0.0;2024-07-25 02:45:00
0.571;0.0;2024-07-25 03:00:00
0.554;0.0;2024-07-25 03:15:00
0.5700000000000001;0.0;2024-07-25 03:30:00
0.42200000000000004;0.0;2024-07-25 03:45:00
0.5329999999999999;0.0;2024-07-25 04:00:00
0.5609999999999999;0.0;2024-07-25 04:15:00
0.554;0.0;2024-07-25 04:30:00
0.44300000000000006;0.0;2024-07-25 04:45:00
0.671;0.0;2024-07-25 05:00:00
0.802;0.0;2024-07-25 05:15:00
0.525;0.0;2024-07-25 05:30:00
0.632;0.0;2024-07-25 05:45:00
0.609;0.0;2024-07-25 06:00:00
0.70001;1e-05;2024-07-25 06:15:00
0.6821699999999999;0.00417;2024-07-25 06:30:00
0.5615;0.0325;2024-07-25 06:45:00
0.53914;0.055139999999999995;2024-07-25 07:00:00
0.57126;0.09326000000000001;2024-07-25 07:15:00
0.69889;0.13389;2024-07-25 07:30:00
0.52867;0.15667;2024-07-25 07:45:00
0.6907700000000001;0.21677;2024-07-25 08:00:00
0.96655;0.26955;2024-07-25 08:15:00
0.9374100000000001;0.28141;2024-07-25 08:30:00
0.88293;0.30793;2024-07-25 08:45:00
1.5952800000000003;0.40528;2024-07-25 09:00:00
1.8701199999999998;0.50912;2024-07-25 09:15:00
2.7202800000000003;0.53228;2024-07-25 09:30:00
2.23527;0.5782700000000001;2024-07-25 09:45:00
2.42138;0.63438;2024-07-25 10:00:00
2.92605;0.78505;2024-07-25 10:15:00
2.97933;0.79433;2024-07-25 10:30:00
3.12974;1.01174;2024-07-25 10:45:00
2.4554;1.2544000000000002;2024-07-25 11:00:00
2.0845599999999997;1.37756;2024-07-25 11:15:00
1.9178;1.3118;2024-07-25 11:30:00
1.9332600000000002;1.2262600000000001;2024-07-25 11:45:00
2.0925399999999996;1.6765400000000001;2024-07-25 12:00:00
1.2551100000000002;1.86511;2024-07-25 12:15:00
0.93523;2.77223;2024-07-25 12:30:00
0.8796700000000001;1.57067;2024-07-25 12:45:00
0.6728400000000001;1.9888400000000002;2024-07-25 13:00:00
0.60077;2.21677;2024-07-25 13:15:00
0.52466;1.96266;2024-07-25 13:30:00
0.58769;2.01769;2024-07-25 13:45:00
1.1156200000000003;2.15962;2024-07-25 14:00:00
0.47418000000000005;2.25218;2024-07-25 14:15:00
0.5912999999999999;2.6183000000000005;2024-07-25 14:30:00
0.68135;3.0263500000000003;2024-07-25 14:45:00
0.55685;2.77685;2024-07-25 15:00:00
0.68313;2.9661300000000006;2024-07-25 15:15:00
0.4757;2.9326999999999996;2024-07-25 15:30:00
0.5903600000000001;2.76336;2024-07-25 15:45:00
0.67945;2.59145;2024-07-25 16:00:00
0.60591;2.4569099999999997;2024-07-25 16:15:00
0.47365;2.28065;2024-07-25 16:30:00
0.5961500000000001;2.11315;2024-07-25 16:45:00
0.61912;1.92012;2024-07-25 17:00:00
0.67542;1.74242;2024-07-25 17:15:00
0.93126;1.47726;2024-07-25 17:30:00
0.95835;1.3523500000000002;2024-07-25 17:45:00
1.1359400000000002;1.06294;2024-07-25 18:00:00
1.1685800000000002;0.86558;2024-07-25 18:15:00
1.69883;0.69783;2024-07-25 18:30:00
1.18998;0.49298;2024-07-25 18:45:00
1.44886;0.36286;2024-07-25 19:00:00
1.72519;0.23619;2024-07-25 19:15:00
1.90096;0.20996;2024-07-25 19:30:00
2.0435;0.1855;2024-07-25 19:45:00
1.97039;0.15239000000000003;2024-07-25 20:00:00
1.65634;0.10734000000000002;2024-07-25 20:15:00
1.51485;0.04785;2024-07-25 20:30:00
1.15048;0.02248;2024-07-25 20:45:00
1.07878;0.0007800000000000001;2024-07-25 21:00:00
0.962;0.0;2024-07-25 21:15:00
1.046;0.0;2024-07-25 21:30:00
0.951;0.0;2024-07-25 21:45:00
0.714;0.0;2024-07-25 22:00:00
0.487;0.0;2024-07-25 22:15:00
0.608;0.0;2024-07-25 22:30:00
0.613;0.0;2024-07-25 22:45:00
0.9480000000000001;0.0;2024-07-25 23:00:00
0.524;0.0;2024-07-25 23:15:00
0.5980000000000001;0.0;2024-07-25 23:30:00
0.587;0.0;2024-07-25 23:45:00
0.599;0.0;2024-07-26 00:00:00
2.201;0.0;2024-07-25 00:15:00
2.1839999999999997;0.0;2024-07-25 00:30:00
2.1710000000000003;0.0;2024-07-25 00:45:00
2.187;0.0;2024-07-25 01:00:00
2.181;0.0;2024-07-25 01:15:00
2.098;0.0;2024-07-25 01:30:00
2.176;0.0;2024-07-25 01:45:00
2.2279999999999998;0.0;2024-07-25 02:00:00
2.119;0.0;2024-07-25 02:15:00
2.1239999999999997;0.0;2024-07-25 02:30:00
2.186;0.0;2024-07-25 02:45:00
2.0700000000000003;0.0;2024-07-25 03:00:00
2.133;0.0;2024-07-25 03:15:00
2.224;0.0;2024-07-25 03:30:00
2.079;0.0;2024-07-25 03:45:00
2.105;0.0;2024-07-25 04:00:00
2.146;0.0;2024-07-25 04:15:00
2.095;0.0;2024-07-25 04:30:00
2.1639999999999997;0.0;2024-07-25 04:45:00
2.225;0.0;2024-07-25 05:00:00
2.267;0.0;2024-07-25 05:15:00
2.2119999999999997;0.0;2024-07-25 05:30:00
2.332;0.0;2024-07-25 05:45:00
2.278;0.0;2024-07-25 06:00:00
2.175;0.0;2024-07-25 06:15:00
2.1999999999999997;0.0;2024-07-25 06:30:00
2.183;0.0;2024-07-25 06:45:00
2.0980000000000003;0.0;2024-07-25 07:00:00
2.19;0.0;2024-07-25 07:15:00
2.143;0.0;2024-07-25 07:30:00
2.161;0.0;2024-07-25 07:45:00
1.33881;0.00181;2024-07-25 08:00:00
2.19192;0.02792;2024-07-25 08:15:00
2.66804;0.06804;2024-07-25 08:30:00
3.85038;0.10838;2024-07-25 08:45:00
4.39379;0.13079000000000002;2024-07-25 09:00:00
4.39078;0.08177999999999999;2024-07-25 09:15:00
5.04314;0.09614;2024-07-25 09:30:00
3.78897;0.18297;2024-07-25 09:45:00
3.6492699999999996;0.29527000000000003;2024-07-25 10:00:00
4.48632;0.38532;2024-07-25 10:15:00
3.79026;0.40826000000000007;2024-07-25 10:30:00
3.58523;0.85023;2024-07-25 10:45:00
3.1660500000000003;0.73005;2024-07-25 11:00:00
3.1566400000000003;0.5136400000000001;2024-07-25 11:15:00
3.31358;0.7965800000000001;2024-07-25 11:30:00
2.30604;0.72404;2024-07-25 11:45:00
1.78272;0.71972;2024-07-25 12:00:00
1.50529;0.8632899999999999;2024-07-25 12:15:00
0.9739300000000002;1.20093;2024-07-25 12:30:00
0.7512399999999999;1.3842400000000001;2024-07-25 12:45:00
0.75796;3.07296;2024-07-25 13:00:00
0.64544;3.31344;2024-07-25 13:15:00
0.61233;3.15233;2024-07-25 13:30:00
0.82526;3.17326;2024-07-25 13:45:00
1.1065299999999998;2.96953;2024-07-25 14:00:00
1.7729300000000001;2.35793;2024-07-25 14:15:00
2.9000299999999997;2.70903;2024-07-25 14:30:00
2.34246;2.8444599999999998;2024-07-25 14:45:00
2.27127;2.72727;2024-07-25 15:00:00
2.54596;2.56896;2024-07-25 15:15:00
3.35888;2.40788;2024-07-25 15:30:00
3.01272;2.47872;2024-07-25 15:45:00
3.07324;1.9522400000000002;2024-07-25 16:00:00
3.2633599999999996;1.53036;2024-07-25 16:15:00
3.4843200000000003;1.76932;2024-07-25 16:30:00
3.82729;1.6722900000000003;2024-07-25 16:45:00
4.467040000000001;1.30504;2024-07-25 17:00:00
3.78177;0.9617699999999999;2024-07-25 17:15:00
4.08347;0.65847;2024-07-25 17:30:00
4.23137;0.41237;2024-07-25 17:45:00
4.15782;0.21482;2024-07-25 18:00:00
4.66915;0.11715000000000002;2024-07-25 18:15:00
3.4486499999999998;0.041650000000000006;2024-07-25 18:30:00
3.53315;0.007149999999999999;2024-07-25 18:45:00
3.0429999999999997;0.0;2024-07-25 19:00:00
2.505;0.0;2024-07-25 19:15:00
2.4930000000000003;0.0;2024-07-25 19:30:00
3.1800000000000006;0.0;2024-07-25 19:45:00
2.7880000000000003;0.0;2024-07-25 20:00:00
2.565;0.0;2024-07-25 20:15:00
2.61;0.0;2024-07-25 20:30:00
2.4810000000000003;0.0;2024-07-25 20:45:00
2.4450000000000003;0.0;2024-07-25 21:00:00
2.5060000000000002;0.0;2024-07-25 21:15:00
2.16;0.0;2024-07-25 21:30:00
1.73;0.0;2024-07-25 21:45:00
1.5500000000000003;0.0;2024-07-25 22:00:00
1.326;0.0;2024-07-25 22:15:00
0.765;0.0;2024-07-25 22:30:00
1.334;0.0;2024-07-25 22:45:00
1.6280000000000001;0.0;2024-07-25 23:00:00
1.883;0.0;2024-07-25 23:15:00
1.399;0.0;2024-07-25 23:30:00
1.092;0.0;2024-07-25 23:45:00
0.485;0.0;2024-07-26 00:00:00
0.9040000000000001;0.0;2024-07-25 00:15:00
0.496;0.0;2024-07-25 00:30:00
0.478;0.0;2024-07-25 00:45:00
0.5509999999999999;0.0;2024-07-25 01:00:00
0.46099999999999997;0.0;2024-07-25 01:15:00
0.5509999999999999;0.0;2024-07-25 01:30:00
0.542;0.0;2024-07-25 01:45:00
0.44400000000000006;0.0;2024-07-25 02:00:00
0.526;0.0;2024-07-25 02:15:00
0.44500000000000006;0.0;2024-07-25 02:30:00
0.521;0.0;2024-07-25 02:45:00
0.43200000000000005;0.0;2024-07-25 03:00:00
0.496;0.0;2024-07-25 03:15:00
0.449;0.0;2024-07-25 03:30:00
0.46900000000000003;0.0;2024-07-25 03:45:00
0.517;0.0;2024-07-25 04:00:00
0.483;0.0;2024-07-25 04:15:00
0.972;0.0;2024-07-25 04:30:00
0.44900000000000007;0.0;2024-07-25 04:45:00
0.488;0.0;2024-07-25 05:00:00
0.44600000000000006;0.0;2024-07-25 05:15:00
0.4600000000000001;0.0;2024-07-25 05:30:00
0.504;0.0;2024-07-25 05:45:00
0.44600000000000006;0.0;2024-07-25 06:00:00
0.633;0.0;2024-07-25 06:15:00
0.68889;0.00489;2024-07-25 06:30:00
0.5153399999999999;0.05734;2024-07-25 06:45:00
0.42893000000000003;0.14293;2024-07-25 07:00:00
0.55106;0.29506;2024-07-25 07:15:00
0.43010000000000004;0.4751;2024-07-25 07:30:00
1.0011;0.7111000000000001;2024-07-25 07:45:00
1.12519;0.8151900000000001;2024-07-25 08:00:00
2.55844;0.8264400000000001;2024-07-25 08:15:00
1.9548100000000002;0.93581;2024-07-25 08:30:00
2.56046;1.39546;2024-07-25 08:45:00
3.9036;1.6116000000000001;2024-07-25 09:00:00
3.3781800000000004;1.54218;2024-07-25 09:15:00
3.3799799999999998;1.9629800000000002;2024-07-25 09:30:00
4.113710000000001;2.29171;2024-07-25 09:45:00
3.67961;2.66761;2024-07-25 10:00:00
3.71159;2.92359;2024-07-25 10:15:00
3.72554;2.78254;2024-07-25 10:30:00
3.6453100000000003;2.68031;2024-07-25 10:45:00
3.7151300000000003;3.11813;2024-07-25 11:00:00
4.25275;3.37375;2024-07-25 11:15:00
2.8466899999999997;3.4766899999999996;2024-07-25 11:30:00
2.31339;2.76039;2024-07-25 11:45:00
1.5413700000000001;1.8963700000000001;2024-07-25 12:00:00
0.85402;2.87102;2024-07-25 12:15:00
0.8806099999999999;3.3846100000000003;2024-07-25 12:30:00
0.63657;3.92957;2024-07-25 12:45:00
0.60616;3.84116;2024-07-25 13:00:00
0.56738;3.84138;2024-07-25 13:15:00
0.62265;3.59165;2024-07-25 13:30:00
0.63825;3.7052500000000004;2024-07-25 13:45:00
0.9899800000000001;3.4009800000000006;2024-07-25 14:00:00
1.86234;3.29734;2024-07-25 14:15:00
2.42956;2.81756;2024-07-25 14:30:00
2.02734;2.20734;2024-07-25 14:45:00
2.0461199999999997;1.98412;2024-07-25 15:00:00
2.02896;1.8669599999999997;2024-07-25 15:15:00
2.78179;1.9207900000000002;2024-07-25 15:30:00
3.1603199999999996;1.99332;2024-07-25 15:45:00
4.823390000000001;2.34939;2024-07-25 16:00:00
3.61012;1.93812;2024-07-25 16:15:00
4.17463;1.66963;2024-07-25 16:30:00
3.73876;1.5047599999999999;2024-07-25 16:45:00
4.1646;1.4466;2024-07-25 17:00:00
4.67881;1.13081;2024-07-25 17:15:00
4.8657;1.2257;2024-07-25 17:30:00
4.770700000000001;0.9666999999999999;2024-07-25 17:45:00
5.26241;0.91141;2024-07-25 18:00:00
5.2549600000000005;0.8619599999999998;2024-07-25 18:15:00
4.66002;0.72402;2024-07-25 18:30:00
4.01368;0.44168;2024-07-25 18:45:00
3.83906;0.24906;2024-07-25 19:00:00
3.8047199999999997;0.25072;2024-07-25 19:15:00
4.00009;0.18509;2024-07-25 19:30:00
4.1729400000000005;0.08893999999999999;2024-07-25 19:45:00
3.78956;0.02756;2024-07-25 20:00:00
3.7754199999999996;0.00142;2024-07-25 20:15:00
3.7009999999999996;0.0;2024-07-25 20:30:00
4.107;0.0;2024-07-25 20:45:00
4.27;0.0;2024-07-25 21:00:00
4.386;0.0;2024-07-25 21:15:00
4.1850000000000005;0.0;2024-07-25 21:30:00
4.21;0.0;2024-07-25 21:45:00
3.543;0.0;2024-07-25 22:00:00
2.9010000000000002;0.0;2024-07-25 22:15:00
2.469;0.0;2024-07-25 22:30:00
1.575;0.0;2024-07-25 22:45:00
1.472;0.0;2024-07-25 23:00:00
1.409;0.0;2024-07-25 23:15:00
1.391;0.0;2024-07-25 23:30:00
1.374;0.0;2024-07-25 23:45:00
1.3960000000000001;0.0;2024-07-26 00:00:00
0.402;0.0;2024-07-25 00:15:00
0.48300000000000004;0.0;2024-07-25 00:30:00
0.486;0.0;2024-07-25 00:45:00
0.42600000000000005;0.0;2024-07-25 01:00:00
0.488;0.0;2024-07-25 01:15:00
0.46399999999999997;0.0;2024-07-25 01:30:00
0.45500000000000007;0.0;2024-07-25 01:45:00
0.485;0.0;2024-07-25 02:00:00
0.363;0.0;2024-07-25 02:15:00
0.5;0.0;2024-07-25 02:30:00
0.402;0.0;2024-07-25 02:45:00
0.877;0.0;2024-07-25 03:00:00
0.481;0.0;2024-07-25 03:15:00
0.377;0.0;2024-07-25 03:30:00
0.43300000000000005;0.0;2024-07-25 03:45:00
0.519;0.0;2024-07-25 04:00:00
0.383;0.0;2024-07-25 04:15:00
0.499;0.0;2024-07-25 04:30:00
0.44100000000000006;0.0;2024-07-25 04:45:00
0.519;0.0;2024-07-25 05:00:00
0.6000000000000001;0.0;2024-07-25 05:15:00
0.512;0.0;2024-07-25 05:30:00
0.554;0.0;2024-07-25 05:45:00
0.453;0.0;2024-07-25 06:00:00
0.52;0.0;2024-07-25 06:15:00
1.397;0.0;2024-07-25 06:30:00
1.238;0.0;2024-07-25 06:45:00
1.3780000000000001;0.0;2024-07-25 07:00:00
1.036;0.0;2024-07-25 07:15:00
0.45199999999999996;0.0;2024-07-25 07:30:00
0.51301;1e-05;2024-07-25 07:45:00
1.4723099999999998;0.01231;2024-07-25 08:00:00
2.46645;0.15345000000000003;2024-07-25 08:15:00
2.54268;0.38868;2024-07-25 08:30:00
2.32346;0.8424600000000001;2024-07-25 08:45:00
3.42916;1.23916;2024-07-25 09:00:00
3.6722;1.4992;2024-07-25 09:15:00
3.73864;1.73364;2024-07-25 09:30:00
3.3820699999999997;1.94907;2024-07-25 09:45:00
3.6738099999999996;2.14781;2024-07-25 10:00:00
3.7725100000000005;2.33151;2024-07-25 10:15:00
3.62609;2.4910900000000002;2024-07-25 10:30:00
3.5892;2.6482;2024-07-25 10:45:00
3.57876;2.7697599999999998;2024-07-25 11:00:00
3.03736;2.86336;2024-07-25 11:15:00
2.9829500000000007;2.96095;2024-07-25 11:30:00
2.8575500000000003;3.00755;2024-07-25 11:45:00
1.8662100000000001;3.0422100000000003;2024-07-25 12:00:00
1.87305;3.0980500000000006;2024-07-25 12:15:00
1.4736600000000002;3.11066;2024-07-25 12:30:00
1.3708900000000002;3.12089;2024-07-25 12:45:00
1.1984499999999998;3.1244499999999995;2024-07-25 13:00:00
0.48187;3.11287;2024-07-25 13:15:00
0.6024700000000001;3.06447;2024-07-25 13:30:00
0.59933;3.02433;2024-07-25 13:45:00
1.0360900000000002;2.97309;2024-07-25 14:00:00
1.8338200000000002;2.88582;2024-07-25 14:15:00
2.09963;2.80463;2024-07-25 14:30:00
2.9520800000000005;2.68208;2024-07-25 14:45:00
2.7298600000000004;2.55086;2024-07-25 15:00:00
2.91027;2.40627;2024-07-25 15:15:00
3.10534;2.23734;2024-07-25 15:30:00
3.16012;2.03112;2024-07-25 15:45:00
3.66427;1.84727;2024-07-25 16:00:00
3.5729500000000005;1.63495;2024-07-25 16:15:00
3.7645100000000005;1.4205100000000002;2024-07-25 16:30:00
4.296609999999999;1.21561;2024-07-25 16:45:00
4.424;0.9910000000000001;2024-07-25 17:00:00
3.95647;0.76247;2024-07-25 17:15:00
3.5064;0.5254000000000001;2024-07-25 17:30:00
3.7445;0.3135;2024-07-25 17:45:00
3.54343;0.14443;2024-07-25 18:00:00
3.3430799999999996;0.05508;2024-07-25 18:15:00
2.62361;0.01161;2024-07-25 18:30:00
2.419;0.0;2024-07-25 18:45:00
2.7720000000000002;0.0;2024-07-25 19:00:00
3.1310000000000002;0.0;2024-07-25 19:15:00
3.3080000000000003;0.0;2024-07-25 19:30:00
3.275;0.0;2024-07-25 19:45:00
3.491;0.0;2024-07-25 20:00:00
3.5060000000000002;0.0;2024-07-25 20:15:00
3.388;0.0;2024-07-25 20:30:00
2.7600000000000002;0.0;2024-07-25 20:45:00
2.28;0.0;2024-07-25 21:00:00
2.083;0.0;2024-07-25 21:15:00
2.115;0.0;2024-07-25 21:30:00
1.646;0.0;2024-07-25 21:45:00
1.243;0.0;2024-07-25 22:00:00
0.9259999999999999;0.0;2024-07-25 22:15:00
0.776;0.0;2024-07-25 22:30:00
1.241;0.0;2024-07-25 22:45:00
1.366;0.0;2024-07-25 23:00:00
1.366;0.0;2024-07-25 23:15:00
1.31;0.0;2024-07-25 23:30:00
1.4020000000000001;0.0;2024-07-25 23:45:00
0.676;0.0;2024-07-26 00:00:00
2.235;0.0;2024-08-22 00:15:00
2.294;0.0;2024-08-22 00:30:00
2.17;0.0;2024-08-22 00:45:00
2.21;0.0;2024-08-22 01:00:00
2.0060000000000002;0.0;2024-08-22 01:15:00
2.119;0.0;2024-08-22 01:30:00
1.977;0.0;2024-08-22 01:45:00
2.13;0.0;2024-08-22 02:00:00
2.009;0.0;2024-08-22 02:15:00
2.0949999999999998;0.0;2024-08-22 02:30:00
2.069;0.0;2024-08-22 02:45:00
2.0440000000000005;0.0;2024-08-22 03:00:00
2.087;0.0;2024-08-22 03:15:00
1.975;0.0;2024-08-22 03:30:00
2.089;0.0;2024-08-22 03:45:00
2.025;0.0;2024-08-22 04:00:00
2.069;0.0;2024-08-22 04:15:00
2.094;0.0;2024-08-22 04:30:00
2.041;0.0;2024-08-22 04:45:00
2.071;0.0;2024-08-22 05:00:00
2.0010000000000003;0.0;2024-08-22 05:15:00
2.058;0.0;2024-08-22 05:30:00
2.028;0.0;2024-08-22 05:45:00
2.019;0.0;2024-08-22 06:00:00
2.0500000000000003;0.0;2024-08-22 06:15:00
2.019;0.0;2024-08-22 06:30:00
2.0980000000000003;0.0;2024-08-22 06:45:00
2.0100000000000002;0.0;2024-08-22 07:00:00
2.035;0.0;2024-08-22 07:15:00
2.027;0.0;2024-08-22 07:30:00
2.005;0.0;2024-08-22 07:45:00
2.055;0.0;2024-08-22 08:00:00
1.961;0.0;2024-08-22 08:15:00
2.0860000000000003;0.0;2024-08-22 08:30:00
1.18486;0.00186;2024-08-22 08:45:00
1.2591700000000001;0.04617;2024-08-22 09:00:00
3.1921600000000003;0.14016;2024-08-22 09:15:00
2.3153;0.2163;2024-08-22 09:30:00
2.74255;0.37655000000000005;2024-08-22 09:45:00
3.53303;0.19103000000000003;2024-08-22 10:00:00
3.8286000000000002;0.1866;2024-08-22 10:15:00
5.11662;0.31462;2024-08-22 10:30:00
5.06018;0.36218000000000006;2024-08-22 10:45:00
4.9177;0.27070000000000005;2024-08-22 11:00:00
4.57991;0.31091;2024-08-22 11:15:00
4.84413;0.23613;2024-08-22 11:30:00
3.38877;0.18877;2024-08-22 11:45:00
3.74202;0.15702;2024-08-22 12:00:00
3.63773;0.19473000000000001;2024-08-22 12:15:00
2.82142;0.16642;2024-08-22 12:30:00
2.9382500000000005;0.11025000000000001;2024-08-22 12:45:00
1.97315;0.17715;2024-08-22 13:00:00
1.6463;0.20429999999999998;2024-08-22 13:15:00
1.93422;0.23521999999999998;2024-08-22 13:30:00
1.5634700000000001;0.30447;2024-08-22 13:45:00
1.3106900000000001;0.16869;2024-08-22 14:00:00
0.5928100000000001;0.18781;2024-08-22 14:15:00
0.70931;0.17831000000000002;2024-08-22 14:30:00
0.6773;0.1493;2024-08-22 14:45:00
2.2365500000000003;0.19055;2024-08-22 15:00:00
2.01006;0.21106;2024-08-22 15:15:00
3.2379300000000004;0.16893;2024-08-22 15:30:00
2.65284;0.14584000000000003;2024-08-22 15:45:00
3.5696299999999996;0.22463;2024-08-22 16:00:00
2.56029;0.29729;2024-08-22 16:15:00
3.6183299999999994;0.29033000000000003;2024-08-22 16:30:00
3.1125499999999997;0.13055;2024-08-22 16:45:00
4.30745;0.11645;2024-08-22 17:00:00
3.67834;0.06434000000000001;2024-08-22 17:15:00
4.6361799999999995;0.037180000000000005;2024-08-22 17:30:00
3.9776999999999996;0.0297;2024-08-22 17:45:00
3.8542299999999994;0.00123;2024-08-22 18:00:00
4.25403;0.004030000000000001;2024-08-22 18:15:00
3.3829700000000003;0.0029700000000000004;2024-08-22 18:30:00
3.39051;0.0015100000000000003;2024-08-22 18:45:00
3.704;0.0;2024-08-22 19:00:00
3.6550000000000002;0.0;2024-08-22 19:15:00
3.45;0.0;2024-08-22 19:30:00
3.48;0.0;2024-08-22 19:45:00
2.734;0.0;2024-08-22 20:00:00
2.577;0.0;2024-08-22 20:15:00
2.568;0.0;2024-08-22 20:30:00
2.573;0.0;2024-08-22 20:45:00
2.512;0.0;2024-08-22 21:00:00
2.312;0.0;2024-08-22 21:15:00
2.226;0.0;2024-08-22 21:30:00
1.8820000000000001;0.0;2024-08-22 21:45:00
2.266;0.0;2024-08-22 22:00:00
2.2439999999999998;0.0;2024-08-22 22:15:00
1.8880000000000001;0.0;2024-08-22 22:30:00
1.4989999999999999;0.0;2024-08-22 22:45:00
1.581;0.0;2024-08-22 23:00:00
1.617;0.0;2024-08-22 23:15:00
1.348;0.0;2024-08-22 23:30:00
1.081;0.0;2024-08-22 23:45:00
0.52;0.0;2024-08-23 00:00:00
0.673;0.0;2024-08-20 00:15:00
0.6040000000000001;0.0;2024-08-20 00:30:00
0.6;0.0;2024-08-20 00:45:00
0.705;0.0;2024-08-20 01:00:00
0.637;0.0;2024-08-20 01:15:00
1.0050000000000001;0.0;2024-08-20 01:30:00
0.614;0.0;2024-08-20 01:45:00
0.713;0.0;2024-08-20 02:00:00
0.5910000000000001;0.0;2024-08-20 02:15:00
0.63;0.0;2024-08-20 02:30:00
1.2610000000000001;0.0;2024-08-20 02:45:00
1.345;0.0;2024-08-20 03:00:00
1.3940000000000001;0.0;2024-08-20 03:15:00
0.563;0.0;2024-08-20 03:30:00
0.66;0.0;2024-08-20 03:45:00
0.589;0.0;2024-08-20 04:00:00
0.59;0.0;2024-08-20 04:15:00
0.662;0.0;2024-08-20 04:30:00
0.595;0.0;2024-08-20 04:45:00
0.545;0.0;2024-08-20 05:00:00
0.616;0.0;2024-08-20 05:15:00
0.749;0.0;2024-08-20 05:30:00
0.6960000000000001;0.0;2024-08-20 05:45:00
1.129;0.0;2024-08-20 06:00:00
0.728;0.0;2024-08-20 06:15:00
0.66;0.0;2024-08-20 06:30:00
0.5760000000000001;0.0;2024-08-20 06:45:00
1.35092;0.00292;2024-08-20 07:00:00
1.8258800000000002;0.029880000000000004;2024-08-20 07:15:00
1.5366;0.06960000000000001;2024-08-20 07:30:00
1.6353299999999997;0.10933000000000001;2024-08-20 07:45:00
2.25454;0.13454;2024-08-20 08:00:00
2.09983;0.13883;2024-08-20 08:15:00
2.94864;0.19564;2024-08-20 08:30:00
3.23711;0.17411;2024-08-20 08:45:00
2.77198;0.24298000000000003;2024-08-20 09:00:00
3.19058;0.56458;2024-08-20 09:15:00
3.6995999999999998;0.7666;2024-08-20 09:30:00
3.6285;1.2675;2024-08-20 09:45:00
3.62271;1.42971;2024-08-20 10:00:00
3.7785;1.8885;2024-08-20 10:15:00
4.02098;0.73398;2024-08-20 10:30:00
3.81107;2.0850700000000004;2024-08-20 10:45:00
3.75654;0.89654;2024-08-20 11:00:00
3.3143400000000005;1.62834;2024-08-20 11:15:00
2.81468;2.0636799999999997;2024-08-20 11:30:00
2.74435;2.21435;2024-08-20 11:45:00
2.77203;2.48703;2024-08-20 12:00:00
2.03125;3.05125;2024-08-20 12:15:00
2.37387;3.39487;2024-08-20 12:30:00
2.47859;1.3115899999999998;2024-08-20 12:45:00
2.63909;3.07609;2024-08-20 13:00:00
1.95026;3.5762599999999996;2024-08-20 13:15:00
1.7908;3.4648;2024-08-20 13:30:00
1.7509700000000001;3.4179699999999995;2024-08-20 13:45:00
1.5969000000000002;3.3049;2024-08-20 14:00:00
2.27167;3.32667;2024-08-20 14:15:00
1.7710600000000003;3.2240600000000006;2024-08-20 14:30:00
1.6393499999999999;3.1213499999999996;2024-08-20 14:45:00
0.79017;3.00917;2024-08-20 15:00:00
0.65869;2.89669;2024-08-20 15:15:00
0.77634;2.79134;2024-08-20 15:30:00
0.57596;2.62196;2024-08-20 15:45:00
0.64869;2.5356899999999998;2024-08-20 16:00:00
0.68481;2.26981;2024-08-20 16:15:00
0.66672;1.97272;2024-08-20 16:30:00
0.70014;2.03914;2024-08-20 16:45:00
1.77475;1.74675;2024-08-20 17:00:00
2.15956;1.3755600000000001;2024-08-20 17:15:00
2.0569200000000003;1.2399200000000001;2024-08-20 17:30:00
1.9040500000000002;1.13805;2024-08-20 17:45:00
2.1409599999999998;0.93996;2024-08-20 18:00:00
2.23085;0.74785;2024-08-20 18:15:00
1.7127;0.6727000000000001;2024-08-20 18:30:00
1.82348;0.42748;2024-08-20 18:45:00
1.70003;0.29303;2024-08-20 19:00:00
1.8009000000000002;0.2739;2024-08-20 19:15:00
2.0277000000000003;0.1837;2024-08-20 19:30:00
2.08074;0.09374;2024-08-20 19:45:00
1.8075299999999999;0.03153;2024-08-20 20:00:00
1.88456;0.00156;2024-08-20 20:15:00
1.8809999999999998;0.0;2024-08-20 20:30:00
1.5070000000000001;0.0;2024-08-20 20:45:00
1.403;0.0;2024-08-20 21:00:00
1.359;0.0;2024-08-20 21:15:00
1.613;0.0;2024-08-20 21:30:00
1.434;0.0;2024-08-20 21:45:00
0.882;0.0;2024-08-20 22:00:00
0.599;0.0;2024-08-20 22:15:00
0.5830000000000001;0.0;2024-08-20 22:30:00
0.484;0.0;2024-08-20 22:45:00
1.033;0.0;2024-08-20 23:00:00
0.623;0.0;2024-08-20 23:15:00
0.515;0.0;2024-08-20 23:30:00
0.518;0.0;2024-08-20 23:45:00
0.623;0.0;2024-08-21 00:00:00
0.958;0.0;2024-08-24 00:15:00
0.579;0.0;2024-08-24 00:30:00
0.583;0.0;2024-08-24 00:45:00
0.509;0.0;2024-08-24 01:00:00
0.621;0.0;2024-08-24 01:15:00
0.539;0.0;2024-08-24 01:30:00
0.505;0.0;2024-08-24 01:45:00
0.552;0.0;2024-08-24 02:00:00
0.609;0.0;2024-08-24 02:15:00
0.509;0.0;2024-08-24 02:30:00
0.44500000000000006;0.0;2024-08-24 02:45:00
0.571;0.0;2024-08-24 03:00:00
0.554;0.0;2024-08-24 03:15:00
0.5700000000000001;0.0;2024-08-24 03:30:00
0.42200000000000004;0.0;2024-08-24 03:45:00
0.5329999999999999;0.0;2024-08-24 04:00:00
0.5609999999999999;0.0;2024-08-24 04:15:00
0.554;0.0;2024-08-24 04:30:00
0.44300000000000006;0.0;2024-08-24 04:45:00
0.671;0.0;2024-08-24 05:00:00
0.802;0.0;2024-08-24 05:15:00
0.525;0.0;2024-08-24 05:30:00
0.632;0.0;2024-08-24 05:45:00
0.609;0.0;2024-08-24 06:00:00
0.70001;1e-05;2024-08-24 06:15:00
0.6821699999999999;0.00417;2024-08-24 06:30:00
0.5615;0.0325;2024-08-24 06:45:00
0.53914;0.055139999999999995;2024-08-24 07:00:00
0.57126;0.09326000000000001;2024-08-24 07:15:00
0.69889;0.13389;2024-08-24 07:30:00
0.52867;0.15667;2024-08-24 07:45:00
0.6907700000000001;0.21677;2024-08-24 08:00:00
0.96655;0.26955;2024-08-24 08:15:00
0.9374100000000001;0.28141;2024-08-24 08:30:00
0.88293;0.30793;2024-08-24 08:45:00
1.5952800000000003;0.40528;2024-08-24 09:00:00
1.8701199999999998;0.50912;2024-08-24 09:15:00
2.7202800000000003;0.53228;2024-08-24 09:30:00
2.23527;0.5782700000000001;2024-08-24 09:45:00
2.42138;0.63438;2024-08-24 10:00:00
2.92605;0.78505;2024-08-24 10:15:00
2.97933;0.79433;2024-08-24 10:30:00
3.12974;1.01174;2024-08-24 10:45:00
2.4554;1.2544000000000002;2024-08-24 11:00:00
2.0845599999999997;1.37756;2024-08-24 11:15:00
1.9178;1.3118;2024-08-24 11:30:00
1.9332600000000002;1.2262600000000001;2024-08-24 11:45:00
2.0925399999999996;1.6765400000000001;2024-08-24 12:00:00
1.2551100000000002;1.86511;2024-08-24 12:15:00
0.93523;2.77223;2024-08-24 12:30:00
0.8796700000000001;1.57067;2024-08-24 12:45:00
0.6728400000000001;1.9888400000000002;2024-08-24 13:00:00
0.60077;2.21677;2024-08-24 13:15:00
0.52466;1.96266;2024-08-24 13:30:00
0.58769;2.01769;2024-08-24 13:45:00
1.1156200000000003;2.15962;2024-08-24 14:00:00
0.47418000000000005;2.25218;2024-08-24 14:15:00
0.5912999999999999;2.6183000000000005;2024-08-24 14:30:00
0.68135;3.0263500000000003;2024-08-24 14:45:00
0.55685;2.77685;2024-08-24 15:00:00
0.68313;2.9661300000000006;2024-08-24 15:15:00
0.4757;2.9326999999999996;2024-08-24 15:30:00
0.5903600000000001;2.76336;2024-08-24 15:45:00
0.67945;2.59145;2024-08-24 16:00:00
0.60591;2.4569099999999997;2024-08-24 16:15:00
0.47365;2.28065;2024-08-24 16:30:00
0.5961500000000001;2.11315;2024-08-24 16:45:00
0.61912;1.92012;2024-08-24 17:00:00
0.67542;1.74242;2024-08-24 17:15:00
0.93126;1.47726;2024-08-24 17:30:00
0.95835;1.3523500000000002;2024-08-24 17:45:00
1.1359400000000002;1.06294;2024-08-24 18:00:00
1.1685800000000002;0.86558;2024-08-24 18:15:00
1.69883;0.69783;2024-08-24 18:30:00
1.18998;0.49298;2024-08-24 18:45:00
1.44886;0.36286;2024-08-24 19:00:00
1.72519;0.23619;2024-08-24 19:15:00
1.90096;0.20996;2024-08-24 19:30:00
2.0435;0.1855;2024-08-24 19:45:00
1.97039;0.15239000000000003;2024-08-24 20:00:00
1.65634;0.10734000000000002;2024-08-24 20:15:00
1.51485;0.04785;2024-08-24 20:30:00
1.15048;0.02248;2024-08-24 20:45:00
1.07878;0.0007800000000000001;2024-08-24 21:00:00
0.962;0.0;2024-08-24 21:15:00
1.046;0.0;2024-08-24 21:30:00
0.951;0.0;2024-08-24 21:45:00
0.714;0.0;2024-08-24 22:00:00
0.487;0.0;2024-08-24 22:15:00
0.608;0.0;2024-08-24 22:30:00
0.613;0.0;2024-08-24 22:45:00
0.9480000000000001;0.0;2024-08-24 23:00:00
0.524;0.0;2024-08-24 23:15:00
0.5980000000000001;0.0;2024-08-24 23:30:00
0.587;0.0;2024-08-24 23:45:00
0.599;0.0;2024-08-25 00:00:00
2.201;0.0;2024-08-22 00:15:00
2.1839999999999997;0.0;2024-08-22 00:30:00
2.1710000000000003;0.0;2024-08-22 00:45:00
2.187;0.0;2024-08-22 01:00:00
2.181;0.0;2024-08-22 01:15:00
2.098;0.0;2024-08-22 01:30:00
2.176;0.0;2024-08-22 01:45:00
2.2279999999999998;0.0;2024-08-22 02:00:00
2.119;0.0;2024-08-22 02:15:00
2.1239999999999997;0.0;2024-08-22 02:30:00
2.186;0.0;2024-08-22 02:45:00
2.0700000000000003;0.0;2024-08-22 03:00:00
2.133;0.0;2024-08-22 03:15:00
2.224;0.0;2024-08-22 03:30:00
2.079;0.0;2024-08-22 03:45:00
2.105;0.0;2024-08-22 04:00:00
2.146;0.0;2024-08-22 04:15:00
2.095;0.0;2024-08-22 04:30:00
2.1639999999999997;0.0;2024-08-22 04:45:00
2.225;0.0;2024-08-22 05:00:00
2.267;0.0;2024-08-22 05:15:00
2.2119999999999997;0.0;2024-08-22 05:30:00
2.332;0.0;2024-08-22 05:45:00
2.278;0.0;2024-08-22 06:00:00
2.175;0.0;2024-08-22 06:15:00
2.1999999999999997;0.0;2024-08-22 06:30:00
2.183;0.0;2024-08-22 06:45:00
2.0980000000000003;0.0;2024-08-22 07:00:00
2.19;0.0;2024-08-22 07:15:00
2.143;0.0;2024-08-22 07:30:00
2.161;0.0;2024-08-22 07:45:00
1.33881;0.00181;2024-08-22 08:00:00
2.19192;0.02792;2024-08-22 08:15:00
2.66804;0.06804;2024-08-22 08:30:00
3.85038;0.10838;2024-08-22 08:45:00
4.39379;0.13079000000000002;2024-08-22 09:00:00
4.39078;0.08177999999999999;2024-08-22 09:15:00
5.04314;0.09614;2024-08-22 09:30:00
3.78897;0.18297;2024-08-22 09:45:00
3.6492699999999996;0.29527000000000003;2024-08-22 10:00:00
4.48632;0.38532;2024-08-22 10:15:00
3.79026;0.40826000000000007;2024-08-22 10:30:00
3.58523;0.85023;2024-08-22 10:45:00
3.1660500000000003;0.73005;2024-08-22 11:00:00
3.1566400000000003;0.5136400000000001;2024-08-22 11:15:00
3.31358;0.7965800000000001;2024-08-22 11:30:00
2.30604;0.72404;2024-08-22 11:45:00
1.78272;0.71972;2024-08-22 12:00:00
1.50529;0.8632899999999999;2024-08-22 12:15:00
0.9739300000000002;1.20093;2024-08-22 12:30:00
0.7512399999999999;1.3842400000000001;2024-08-22 12:45:00
0.75796;3.07296;2024-08-22 13:00:00
0.64544;3.31344;2024-08-22 13:15:00
0.61233;3.15233;2024-08-22 13:30:00
0.82526;3.17326;2024-08-22 13:45:00
1.1065299999999998;2.96953;2024-08-22 14:00:00
1.7729300000000001;2.35793;2024-08-22 14:15:00
2.9000299999999997;2.70903;2024-08-22 14:30:00
2.34246;2.8444599999999998;2024-08-22 14:45:00
2.27127;2.72727;2024-08-22 15:00:00
2.54596;2.56896;2024-08-22 15:15:00
3.35888;2.40788;2024-08-22 15:30:00
3.01272;2.47872;2024-08-22 15:45:00
3.07324;1.9522400000000002;2024-08-22 16:00:00
3.2633599999999996;1.53036;2024-08-22 16:15:00
3.4843200000000003;1.76932;2024-08-22 16:30:00
3.82729;1.6722900000000003;2024-08-22 16:45:00
4.467040000000001;1.30504;2024-08-22 17:00:00
3.78177;0.9617699999999999;2024-08-22 17:15:00
4.08347;0.65847;2024-08-22 17:30:00
4.23137;0.41237;2024-08-22 17:45:00
4.15782;0.21482;2024-08-22 18:00:00
4.66915;0.11715000000000002;2024-08-22 18:15:00
3.4486499999999998;0.041650000000000006;2024-08-22 18:30:00
3.53315;0.007149999999999999;2024-08-22 18:45:00
3.0429999999999997;0.0;2024-08-22 19:00:00
2.505;0.0;2024-08-22 19:15:00
2.4930000000000003;0.0;2024-08-22 19:30:00
3.1800000000000006;0.0;2024-08-22 19:45:00
2.7880000000000003;0.0;2024-08-22 20:00:00
2.565;0.0;2024-08-22 20:15:00
2.61;0.0;2024-08-22 20:30:00
2.4810000000000003;0.0;2024-08-22 20:45:00
2.4450000000000003;0.0;2024-08-22 21:00:00
2.5060000000000002;0.0;2024-08-22 21:15:00
2.16;0.0;2024-08-22 21:30:00
1.73;0.0;2024-08-22 21:45:00
1.5500000000000003;0.0;2024-08-22 22:00:00
1.326;0.0;2024-08-22 22:15:00
0.765;0.0;2024-08-22 22:30:00
1.334;0.0;2024-08-22 22:45:00
1.6280000000000001;0.0;2024-08-22 23:00:00
1.883;0.0;2024-08-22 23:15:00
1.399;0.0;2024-08-22 23:30:00
1.092;0.0;2024-08-22 23:45:00
0.485;0.0;2024-08-23 00:00:00
0.673;0.0;2024-08-22 00:15:00
0.6040000000000001;0.0;2024-08-22 00:30:00
0.6;0.0;2024-08-22 00:45:00
0.705;0.0;2024-08-22 01:00:00
0.637;0.0;2024-08-22 01:15:00
1.0050000000000001;0.0;2024-08-22 01:30:00
0.614;0.0;2024-08-22 01:45:00
0.713;0.0;2024-08-22 02:00:00
0.5910000000000001;0.0;2024-08-22 02:15:00
0.63;0.0;2024-08-22 02:30:00
1.2610000000000001;0.0;2024-08-22 02:45:00
1.345;0.0;2024-08-22 03:00:00
1.3940000000000001;0.0;2024-08-22 03:15:00
0.563;0.0;2024-08-22 03:30:00
0.66;0.0;2024-08-22 03:45:00
0.589;0.0;2024-08-22 04:00:00
0.59;0.0;2024-08-22 04:15:00
0.662;0.0;2024-08-22 04:30:00
0.595;0.0;2024-08-22 04:45:00
0.545;0.0;2024-08-22 05:00:00
0.616;0.0;2024-08-22 05:15:00
0.749;0.0;2024-08-22 05:30:00
0.6960000000000001;0.0;2024-08-22 05:45:00
1.129;0.0;2024-08-22 06:00:00
0.728;0.0;2024-08-22 06:15:00
0.66;0.0;2024-08-22 06:30:00
0.5760000000000001;0.0;2024-08-22 06:45:00
1.35092;0.00292;2024-08-22 07:00:00
1.8258800000000002;0.029880000000000004;2024-08-22 07:15:00
1.5366;0.06960000000000001;2024-08-22 07:30:00
1.6353299999999997;0.10933000000000001;2024-08-22 07:45:00
2.25454;0.13454;2024-08-22 08:00:00
2.09983;0.13883;2024-08-22 08:15:00
2.94864;0.19564;2024-08-22 08:30:00
3.23711;0.17411;2024-08-22 08:45:00
2.77198;0.24298000000000003;2024-08-22 09:00:00
3.19058;0.56458;2024-08-22 09:15:00
3.6995999999999998;0.7666;2024-08-22 09:30:00
3.6285;1.2675;2024-08-22 09:45:00
3.62271;1.42971;2024-08-22 10:00:00
3.7785;1.8885;2024-08-22 10:15:00
4.02098;0.73398;2024-08-22 10:30:00
3.81107;2.0850700000000004;2024-08-22 10:45:00
3.75654;0.89654;2024-08-22 11:00:00
3.3143400000000005;1.62834;2024-08-22 11:15:00
2.81468;2.0636799999999997;2024-08-22 11:30:00
2.74435;2.21435;2024-08-22 11:45:00
2.77203;2.48703;2024-08-22 12:00:00
2.03125;3.05125;2024-08-22 12:15:00
2.37387;3.39487;2024-08-22 12:30:00
2.47859;1.3115899999999998;2024-08-22 12:45:00
2.63909;3.07609;2024-08-22 13:00:00
1.95026;3.5762599999999996;2024-08-22 13:15:00
1.7908;3.4648;2024-08-22 13:30:00
1.7509700000000001;3.4179699999999995;2024-08-22 13:45:00
1.5969000000000002;3.3049;2024-08-22 14:00:00
2.27167;3.32667;2024-08-22 14:15:00
1.7710600000000003;3.2240600000000006;2024-08-22 14:30:00
1.6393499999999999;3.1213499999999996;2024-08-22 14:45:00
0.79017;3.00917;2024-08-22 15:00:00
0.65869;2.89669;2024-08-22 15:15:00
0.77634;2.79134;2024-08-22 15:30:00
0.57596;2.62196;2024-08-22 15:45:00
0.64869;2.5356899999999998;2024-08-22 16:00:00
0.68481;2.26981;2024-08-22 16:15:00
0.66672;1.97272;2024-08-22 16:30:00
0.70014;2.03914;2024-08-22 16:45:00
1.77475;1.74675;2024-08-22 17:00:00
2.15956;1.3755600000000001;2024-08-22 17:15:00
2.0569200000000003;1.2399200000000001;2024-08-22 17:30:00
1.9040500000000002;1.13805;2024-08-22 17:45:00
2.1409599999999998;0.93996;2024-08-22 18:00:00
2.23085;0.74785;2024-08-22 18:15:00
1.7127;0.6727000000000001;2024-08-22 18:30:00
1.82348;0.42748;2024-08-22 18:45:00
1.70003;0.29303;2024-08-22 19:00:00
1.8009000000000002;0.2739;2024-08-22 19:15:00
2.0277000000000003;0.1837;2024-08-22 19:30:00
2.08074;0.09374;2024-08-22 19:45:00
1.8075299999999999;0.03153;2024-08-22 20:00:00
1.88456;0.00156;2024-08-22 20:15:00
1.8809999999999998;0.0;2024-08-22 20:30:00
1.5070000000000001;0.0;2024-08-22 20:45:00
1.403;0.0;2024-08-22 21:00:00
1.359;0.0;2024-08-22 21:15:00
1.613;0.0;2024-08-22 21:30:00
1.434;0.0;2024-08-22 21:45:00
0.882;0.0;2024-08-22 22:00:00
0.599;0.0;2024-08-22 22:15:00
0.5830000000000001;0.0;2024-08-22 22:30:00
0.484;0.0;2024-08-22 22:45:00
1.033;0.0;2024-08-22 23:00:00
0.623;0.0;2024-08-22 23:15:00
0.515;0.0;2024-08-22 23:30:00
0.518;0.0;2024-08-22 23:45:00
0.623;0.0;2024-08-23 00:00:00
2.235;0.0;2024-08-22 00:15:00
2.294;0.0;2024-08-22 00:30:00
2.17;0.0;2024-08-22 00:45:00
2.21;0.0;2024-08-22 01:00:00
2.0060000000000002;0.0;2024-08-22 01:15:00
2.119;0.0;2024-08-22 01:30:00
1.977;0.0;2024-08-22 01:45:00
2.13;0.0;2024-08-22 02:00:00
2.009;0.0;2024-08-22 02:15:00
2.0949999999999998;0.0;2024-08-22 02:30:00
2.069;0.0;2024-08-22 02:45:00
2.0440000000000005;0.0;2024-08-22 03:00:00
2.087;0.0;2024-08-22 03:15:00
1.975;0.0;2024-08-22 03:30:00
2.089;0.0;2024-08-22 03:45:00
2.025;0.0;2024-08-22 04:00:00
2.069;0.0;2024-08-22 04:15:00
2.094;0.0;2024-08-22 04:30:00
2.041;0.0;2024-08-22 04:45:00
2.071;0.0;2024-08-22 05:00:00
2.0010000000000003;0.0;2024-08-22 05:15:00
2.058;0.0;2024-08-22 05:30:00
2.028;0.0;2024-08-22 05:45:00
2.019;0.0;2024-08-22 06:00:00
2.0500000000000003;0.0;2024-08-22 06:15:00
2.019;0.0;2024-08-22 06:30:00
2.0980000000000003;0.0;2024-08-22 06:45:00
2.0100000000000002;0.0;2024-08-22 07:00:00
2.035;0.0;2024-08-22 07:15:00
2.027;0.0;2024-08-22 07:30:00
2.005;0.0;2024-08-22 07:45:00
2.055;0.0;2024-08-22 08:00:00
1.961;0.0;2024-08-22 08:15:00
2.0860000000000003;0.0;2024-08-22 08:30:00
1.18486;0.00186;2024-08-22 08:45:00
1.2591700000000001;0.04617;2024-08-22 09:00:00
3.1921600000000003;0.14016;2024-08-22 09:15:00
2.3153;0.2163;2024-08-22 09:30:00
2.74255;0.37655000000000005;2024-08-22 09:45:00
3.53303;0.19103000000000003;2024-08-22 10:00:00
3.8286000000000002;0.1866;2024-08-22 10:15:00
5.11662;0.31462;2024-08-22 10:30:00
5.06018;0.36218000000000006;2024-08-22 10:45:00
4.9177;0.27070000000000005;2024-08-22 11:00:00
4.57991;0.31091;2024-08-22 11:15:00
4.84413;0.23613;2024-08-22 11:30:00
3.38877;0.18877;2024-08-22 11:45:00
3.74202;0.15702;2024-08-22 12:00:00
3.63773;0.19473000000000001;2024-08-22 12:15:00
2.82142;0.16642;2024-08-22 12:30:00
2.9382500000000005;0.11025000000000001;2024-08-22 12:45:00
1.97315;0.17715;2024-08-22 13:00:00
1.6463;0.20429999999999998;2024-08-22 13:15:00
1.93422;0.23521999999999998;2024-08-22 13:30:00
1.5634700000000001;0.30447;2024-08-22 13:45:00
1.3106900000000001;0.16869;2024-08-22 14:00:00
0.5928100000000001;0.18781;2024-08-22 14:15:00
0.70931;0.17831000000000002;2024-08-22 14:30:00
0.6773;0.1493;2024-08-22 14:45:00
2.2365500000000003;0.19055;2024-08-22 15:00:00
2.01006;0.21106;2024-08-22 15:15:00
3.2379300000000004;0.16893;2024-08-22 15:30:00
2.65284;0.14584000000000003;2024-08-22 15:45:00
3.5696299999999996;0.22463;2024-08-22 16:00:00
2.56029;0.29729;2024-08-22 16:15:00
3.6183299999999994;0.29033000000000003;2024-08-22 16:30:00
3.1125499999999997;0.13055;2024-08-22 16:45:00
4.30745;0.11645;2024-08-22 17:00:00
3.67834;0.06434000000000001;2024-08-22 17:15:00
4.6361799999999995;0.037180000000000005;2024-08-22 17:30:00
3.9776999999999996;0.0297;2024-08-22 17:45:00
3.8542299999999994;0.00123;2024-08-22 18:00:00
4.25403;0.004030000000000001;2024-08-22 18:15:00
3.3829700000000003;0.0029700000000000004;2024-08-22 18:30:00
3.39051;0.0015100000000000003;2024-08-22 18:45:00
3.704;0.0;2024-08-22 19:00:00
3.6550000000000002;0.0;2024-08-22 19:15:00
3.45;0.0;2024-08-22 19:30:00
3.48;0.0;2024-08-22 19:45:00
2.734;0.0;2024-08-22 20:00:00
2.577;0.0;2024-08-22 20:15:00
2.568;0.0;2024-08-22 20:30:00
2.573;0.0;2024-08-22 20:45:00
2.512;0.0;2024-08-22 21:00:00
2.312;0.0;2024-08-22 21:15:00
2.226;0.0;2024-08-22 21:30:00
1.8820000000000001;0.0;2024-08-22 21:45:00
2.266;0.0;2024-08-22 22:00:00
2.2439999999999998;0.0;2024-08-22 22:15:00
1.8880000000000001;0.0;2024-08-22 22:30:00
1.4989999999999999;0.0;2024-08-22 22:45:00
1.581;0.0;2024-08-22 23:00:00
1.617;0.0;2024-08-22 23:15:00
1.348;0.0;2024-08-22 23:30:00
1.081;0.0;2024-08-22 23:45:00
0.52;0.0;2024-08-23 00:00:00
1.111;0.0;2024-08-22 00:15:00
0.506;0.0;2024-08-22 00:30:00
0.542;0.0;2024-08-22 00:45:00
0.553;0.0;2024-08-22 01:00:00
0.514;0.0;2024-08-22 01:15:00
0.56;0.0;2024-08-22 01:30:00
0.9530000000000001;0.0;2024-08-22 01:45:00
0.562;0.0;2024-08-22 02:00:00
0.523;0.0;2024-08-22 02:15:00
0.532;0.0;2024-08-22 02:30:00
0.545;0.0;2024-08-22 02:45:00
0.484;0.0;2024-08-22 03:00:00
0.627;0.0;2024-08-22 03:15:00
0.489;0.0;2024-08-22 03:30:00
0.5329999999999999;0.0;2024-08-22 03:45:00
0.498;0.0;2024-08-22 04:00:00
0.5660000000000001;0.0;2024-08-22 04:15:00
0.504;0.0;2024-08-22 04:30:00
0.475;0.0;2024-08-22 04:45:00
1.024;0.0;2024-08-22 05:00:00
0.506;0.0;2024-08-22 05:15:00
0.542;0.0;2024-08-22 05:30:00
0.496;0.0;2024-08-22 05:45:00
0.546;0.0;2024-08-22 06:00:00
0.518;0.0;2024-08-22 06:15:00
0.49300000000000005;0.0;2024-08-22 06:30:00
0.539;0.0;2024-08-22 06:45:00
0.44599999999999995;0.0;2024-08-22 07:00:00
0.589;0.0;2024-08-22 07:15:00
0.46699999999999997;0.0;2024-08-22 07:30:00
0.532;0.0;2024-08-22 07:45:00
0.46099999999999997;0.0;2024-08-22 08:00:00
0.967;0.0;2024-08-22 08:15:00
0.488;0.0;2024-08-22 08:30:00
0.506;0.0;2024-08-22 08:45:00
1.434;0.0;2024-08-22 09:00:00
2.013;0.0;2024-08-22 09:15:00
2.2536899999999997;0.00069;2024-08-22 09:30:00
2.43991;0.01591;2024-08-22 09:45:00
3.5539400000000003;0.03694;2024-08-22 10:00:00
3.12583;0.06883;2024-08-22 10:15:00
3.5180799999999994;0.10308;2024-08-22 10:30:00
5.69497;0.14497;2024-08-22 10:45:00
5.93904;0.10204;2024-08-22 11:00:00
5.35464;0.11364000000000002;2024-08-22 11:15:00
5.686400000000001;0.1734;2024-08-22 11:30:00
4.9665300000000006;0.38353000000000004;2024-08-22 11:45:00
4.86449;0.26549;2024-08-22 12:00:00
4.28393;0.30493000000000003;2024-08-22 12:15:00
4.329079999999999;0.52908;2024-08-22 12:30:00
3.6371800000000003;1.1651799999999999;2024-08-22 12:45:00
3.0511800000000004;0.6171800000000001;2024-08-22 13:00:00
2.2083199999999996;0.31232000000000004;2024-08-22 13:15:00
2.0086;0.36660000000000004;2024-08-22 13:30:00
1.97199;0.25099000000000005;2024-08-22 13:45:00
1.7102300000000001;0.15223;2024-08-22 14:00:00
1.66006;0.16506;2024-08-22 14:15:00
1.82248;0.18648;2024-08-22 14:30:00
2.0917;0.18270000000000003;2024-08-22 14:45:00
2.69939;0.44239;2024-08-22 15:00:00
3.9874;0.8414;2024-08-22 15:15:00
3.4833800000000004;0.30938;2024-08-22 15:30:00
4.19349;0.46849;2024-08-22 15:45:00
4.94041;0.29841;2024-08-22 16:00:00
5.254529999999999;0.37553000000000003;2024-08-22 16:15:00
4.46073;0.4587300000000001;2024-08-22 16:30:00
5.08442;0.36641999999999997;2024-08-22 16:45:00
5.04626;0.23026000000000002;2024-08-22 17:00:00
4.51327;0.14727;2024-08-22 17:15:00
4.56327;0.21427;2024-08-22 17:30:00
4.69806;0.10406;2024-08-22 17:45:00
5.17317;0.030170000000000002;2024-08-22 18:00:00
5.39543;0.00043;2024-08-22 18:15:00
5.313000000000001;0.0;2024-08-22 18:30:00
5.157;0.0;2024-08-22 18:45:00
4.321;0.0;2024-08-22 19:00:00
4.07;0.0;2024-08-22 19:15:00
3.726;0.0;2024-08-22 19:30:00
3.4589999999999996;0.0;2024-08-22 19:45:00
2.785;0.0;2024-08-22 20:00:00
3.01;0.0;2024-08-22 20:15:00
2.753;0.0;2024-08-22 20:30:00
2.662;0.0;2024-08-22 20:45:00
2.8609999999999998;0.0;2024-08-22 21:00:00
3.272;0.0;2024-08-22 21:15:00
3.325;0.0;2024-08-22 21:30:00
3.259;0.0;2024-08-22 21:45:00
2.981;0.0;2024-08-22 22:00:00
2.455;0.0;2024-08-22 22:15:00
2.37;0.0;2024-08-22 22:30:00
1.614;0.0;2024-08-22 22:45:00
1.141;0.0;2024-08-22 23:00:00
0.9530000000000001;0.0;2024-08-22 23:15:00
0.4590000000000001;0.0;2024-08-22 23:30:00
1.0410000000000001;0.0;2024-08-22 23:45:00
0.5269999999999999;0.0;2024-08-23 00:00:00
0.733;0.0;2024-08-29 00:15:00
0.9520000000000001;0.0;2024-08-29 00:30:00
0.541;0.0;2024-08-29 00:45:00
0.499;0.0;2024-08-29 01:00:00
0.5329999999999999;0.0;2024-08-29 01:15:00
0.538;0.0;2024-08-29 01:30:00
1.0110000000000001;0.0;2024-08-29 01:45:00
0.546;0.0;2024-08-29 02:00:00
0.56;0.0;2024-08-29 02:15:00
0.498;0.0;2024-08-29 02:30:00
0.51;0.0;2024-08-29 02:45:00
0.545;0.0;2024-08-29 03:00:00
0.5249999999999999;0.0;2024-08-29 03:15:00
0.501;0.0;2024-08-29 03:30:00
0.544;0.0;2024-08-29 03:45:00
0.563;0.0;2024-08-29 04:00:00
0.562;0.0;2024-08-29 04:15:00
0.574;0.0;2024-08-29 04:30:00
0.9380000000000001;0.0;2024-08-29 04:45:00
0.457;0.0;2024-08-29 05:00:00
0.5229999999999999;0.0;2024-08-29 05:15:00
0.55;0.0;2024-08-29 05:30:00
0.7;0.0;2024-08-29 05:45:00
1.237;0.0;2024-08-29 06:00:00
1.475;0.0;2024-08-29 06:15:00
1.4220000000000002;0.0;2024-08-29 06:30:00
0.6950000000000001;0.0;2024-08-29 06:45:00
0.491;0.0;2024-08-29 07:00:00
0.9319999999999999;0.0;2024-08-29 07:15:00
0.479;0.0;2024-08-29 07:30:00
0.524;0.0;2024-08-29 07:45:00
0.489;0.0;2024-08-29 08:00:00
0.48;0.0;2024-08-29 08:15:00
0.465;0.0;2024-08-29 08:30:00
0.5710000000000001;0.0;2024-08-29 08:45:00
1.06237;0.00237;2024-08-29 09:00:00
2.5225;0.0345;2024-08-29 09:15:00
2.95628;0.11328;2024-08-29 09:30:00
2.8184000000000005;0.4204;2024-08-29 09:45:00
2.9053899999999997;0.8633899999999999;2024-08-29 10:00:00
3.36741;1.28241;2024-08-29 10:15:00
4.38859;1.3205900000000002;2024-08-29 10:30:00
4.01779;1.79879;2024-08-29 10:45:00
3.79622;2.32822;2024-08-29 11:00:00
4.27666;2.45566;2024-08-29 11:15:00
4.44841;2.57741;2024-08-29 11:30:00
4.76416;2.69816;2024-08-29 11:45:00
3.85006;2.8070600000000003;2024-08-29 12:00:00
3.0823300000000002;2.8483300000000003;2024-08-29 12:15:00
2.7616899999999998;2.91669;2024-08-29 12:30:00
1.6375;2.9775;2024-08-29 12:45:00
1.13405;3.0450500000000003;2024-08-29 13:00:00
1.8100200000000002;3.09202;2024-08-29 13:15:00
1.66477;3.0787700000000005;2024-08-29 13:30:00
1.4270100000000001;3.05101;2024-08-29 13:45:00
1.4101;3.0151000000000003;2024-08-29 14:00:00
0.8806600000000001;2.97066;2024-08-29 14:15:00
0.6011599999999999;2.4101600000000003;2024-08-29 14:30:00
0.67143;2.55743;2024-08-29 14:45:00
1.0984699999999998;2.68047;2024-08-29 15:00:00
1.69803;2.19403;2024-08-29 15:15:00
2.21926;2.43626;2024-08-29 15:30:00
2.9866300000000003;2.07863;2024-08-29 15:45:00
2.72018;2.01718;2024-08-29 16:00:00
2.71024;1.7972400000000002;2024-08-29 16:15:00
2.94464;1.57564;2024-08-29 16:30:00
2.98628;1.3622800000000002;2024-08-29 16:45:00
3.0127999999999995;1.1058;2024-08-29 17:00:00
2.93848;0.82448;2024-08-29 17:15:00
3.2471900000000007;0.53219;2024-08-29 17:30:00
3.3998299999999997;0.19983;2024-08-29 17:45:00
3.37222;0.03922;2024-08-29 18:00:00
3.33317;0.00317;2024-08-29 18:15:00
3.676;0.0;2024-08-29 18:30:00
3.3309999999999995;0.0;2024-08-29 18:45:00
3.19;0.0;2024-08-29 19:00:00
2.7310000000000003;0.0;2024-08-29 19:15:00
3.0629999999999997;0.0;2024-08-29 19:30:00
2.702;0.0;2024-08-29 19:45:00
3.3150000000000004;0.0;2024-08-29 20:00:00
3.5060000000000002;0.0;2024-08-29 20:15:00
3.5359999999999996;0.0;2024-08-29 20:30:00
3.529;0.0;2024-08-29 20:45:00
2.6879999999999997;0.0;2024-08-29 21:00:00
2.648;0.0;2024-08-29 21:15:00
2.718;0.0;2024-08-29 21:30:00
2.4939999999999998;0.0;2024-08-29 21:45:00
2.2830000000000004;0.0;2024-08-29 22:00:00
2.471;0.0;2024-08-29 22:15:00
2.538;0.0;2024-08-29 22:30:00
2.82;0.0;2024-08-29 22:45:00
2.139;0.0;2024-08-29 23:00:00
2.088;0.0;2024-08-29 23:15:00
2.004;0.0;2024-08-29 23:30:00
1.835;0.0;2024-08-29 23:45:00
0.617;0.0;2024-08-30 00:00:00
0.958;0.0;2024-08-20 00:15:00
0.579;0.0;2024-08-20 00:30:00
0.583;0.0;2024-08-20 00:45:00
0.509;0.0;2024-08-20 01:00:00
0.621;0.0;2024-08-20 01:15:00
0.539;0.0;2024-08-20 01:30:00
0.505;0.0;2024-08-20 01:45:00
0.552;0.0;2024-08-20 02:00:00
0.609;0.0;2024-08-20 02:15:00
0.509;0.0;2024-08-20 02:30:00
0.44500000000000006;0.0;2024-08-20 02:45:00
0.571;0.0;2024-08-20 03:00:00
0.554;0.0;2024-08-20 03:15:00
0.5700000000000001;0.0;2024-08-20 03:30:00
0.42200000000000004;0.0;2024-08-20 03:45:00
0.5329999999999999;0.0;2024-08-20 04:00:00
0.5609999999999999;0.0;2024-08-20 04:15:00
0.554;0.0;2024-08-20 04:30:00
0.44300000000000006;0.0;2024-08-20 04:45:00
0.671;0.0;2024-08-20 05:00:00
0.802;0.0;2024-08-20 05:15:00
0.525;0.0;2024-08-20 05:30:00
0.632;0.0;2024-08-20 05:45:00
0.609;0.0;2024-08-20 06:00:00
0.70001;1e-05;2024-08-20 06:15:00
0.6821699999999999;0.00417;2024-08-20 06:30:00
0.5615;0.0325;2024-08-20 06:45:00
0.53914;0.055139999999999995;2024-08-20 07:00:00
0.57126;0.09326000000000001;2024-08-20 07:15:00
0.69889;0.13389;2024-08-20 07:30:00
0.52867;0.15667;2024-08-20 07:45:00
0.6907700000000001;0.21677;2024-08-20 08:00:00
0.96655;0.26955;2024-08-20 08:15:00
0.9374100000000001;0.28141;2024-08-20 08:30:00
0.88293;0.30793;2024-08-20 08:45:00
1.5952800000000003;0.40528;2024-08-20 09:00:00
1.8701199999999998;0.50912;2024-08-20 09:15:00
2.7202800000000003;0.53228;2024-08-20 09:30:00
2.23527;0.5782700000000001;2024-08-20 09:45:00
2.42138;0.63438;2024-08-20 10:00:00
2.92605;0.78505;2024-08-20 10:15:00
2.97933;0.79433;2024-08-20 10:30:00
3.12974;1.01174;2024-08-20 10:45:00
2.4554;1.2544000000000002;2024-08-20 11:00:00
2.0845599999999997;1.37756;2024-08-20 11:15:00
1.9178;1.3118;2024-08-20 11:30:00
1.9332600000000002;1.2262600000000001;2024-08-20 11:45:00
2.0925399999999996;1.6765400000000001;2024-08-20 12:00:00
1.2551100000000002;1.86511;2024-08-20 12:15:00
0.93523;2.77223;2024-08-20 12:30:00
0.8796700000000001;1.57067;2024-08-20 12:45:00
0.6728400000000001;1.9888400000000002;2024-08-20 13:00:00
0.60077;2.21677;2024-08-20 13:15:00
0.52466;1.96266;2024-08-20 13:30:00
0.58769;2.01769;2024-08-20 13:45:00
1.1156200000000003;2.15962;2024-08-20 14:00:00
0.47418000000000005;2.25218;2024-08-20 14:15:00
0.5912999999999999;2.6183000000000005;2024-08-20 14:30:00
0.68135;3.0263500000000003;2024-08-20 14:45:00
0.55685;2.77685;2024-08-20 15:00:00
0.68313;2.9661300000000006;2024-08-20 15:15:00
0.4757;2.9326999999999996;2024-08-20 15:30:00
0.5903600000000001;2.76336;2024-08-20 15:45:00
0.67945;2.59145;2024-08-20 16:00:00
0.60591;2.4569099999999997;2024-08-20 16:15:00
0.47365;2.28065;2024-08-20 16:30:00
0.5961500000000001;2.11315;2024-08-20 16:45:00
0.61912;1.92012;2024-08-20 17:00:00
0.67542;1.74242;2024-08-20 17:15:00
0.93126;1.47726;2024-08-20 17:30:00
0.95835;1.3523500000000002;2024-08-20 17:45:00
1.1359400000000002;1.06294;2024-08-20 18:00:00
1.1685800000000002;0.86558;2024-08-20 18:15:00
1.69883;0.69783;2024-08-20 18:30:00
1.18998;0.49298;2024-08-20 18:45:00
1.44886;0.36286;2024-08-20 19:00:00
1.72519;0.23619;2024-08-20 19:15:00
1.90096;0.20996;2024-08-20 19:30:00
2.0435;0.1855;2024-08-20 19:45:00
1.97039;0.15239000000000003;2024-08-20 20:00:00
1.65634;0.10734000000000002;2024-08-20 20:15:00
1.51485;0.04785;2024-08-20 20:30:00
1.15048;0.02248;2024-08-20 20:45:00
1.07878;0.0007800000000000001;2024-08-20 21:00:00
0.962;0.0;2024-08-20 21:15:00
1.046;0.0;2024-08-20 21:30:00
0.951;0.0;2024-08-20 21:45:00
0.714;0.0;2024-08-20 22:00:00
0.487;0.0;2024-08-20 22:15:00
0.608;0.0;2024-08-20 22:30:00
0.613;0.0;2024-08-20 22:45:00
0.9480000000000001;0.0;2024-08-20 23:00:00
0.524;0.0;2024-08-20 23:15:00
0.5980000000000001;0.0;2024-08-20 23:30:00
0.587;0.0;2024-08-20 23:45:00
0.599;0.0;2024-08-21 00:00:00
1.618;0.0;2024-08-24 00:15:00
1.7530000000000001;0.0;2024-08-24 00:30:00
1.915;0.0;2024-08-24 00:45:00
1.797;0.0;2024-08-24 01:00:00
1.807;0.0;2024-08-24 01:15:00
1.879;0.0;2024-08-24 01:30:00
1.895;0.0;2024-08-24 01:45:00
1.73;0.0;2024-08-24 02:00:00
1.661;0.0;2024-08-24 02:15:00
1.6740000000000002;0.0;2024-08-24 02:30:00
1.6520000000000001;0.0;2024-08-24 02:45:00
1.6420000000000001;0.0;2024-08-24 03:00:00
1.8139999999999998;0.0;2024-08-24 03:15:00
1.856;0.0;2024-08-24 03:30:00
1.7750000000000001;0.0;2024-08-24 03:45:00
1.7469999999999999;0.0;2024-08-24 04:00:00
1.8470000000000002;0.0;2024-08-24 04:15:00
1.875;0.0;2024-08-24 04:30:00
1.678;0.0;2024-08-24 04:45:00
1.673;0.0;2024-08-24 05:00:00
1.686;0.0;2024-08-24 05:15:00
1.7469999999999999;0.0;2024-08-24 05:30:00
1.7960000000000003;0.0;2024-08-24 05:45:00
2.023;0.0;2024-08-24 06:00:00
1.909;0.0;2024-08-24 06:15:00
1.842;0.0;2024-08-24 06:30:00
1.2380000000000002;0.0;2024-08-24 06:45:00
1.52367;0.00067;2024-08-24 07:00:00
2.73101;0.02101;2024-08-24 07:15:00
2.0494800000000004;0.03548;2024-08-24 07:30:00
1.9951200000000002;0.06412000000000001;2024-08-24 07:45:00
1.8705000000000003;0.1175;2024-08-24 08:00:00
2.4671700000000003;0.22516999999999998;2024-08-24 08:15:00
2.55968;0.21667999999999998;2024-08-24 08:30:00
2.98454;0.30454;2024-08-24 08:45:00
3.37652;0.41752;2024-08-24 09:00:00
3.0297;0.7117;2024-08-24 09:15:00
3.70637;0.71437;2024-08-24 09:30:00
4.40134;0.94234;2024-08-24 09:45:00
4.76079;1.2627899999999999;2024-08-24 10:00:00
3.8241300000000003;1.74513;2024-08-24 10:15:00
4.13199;1.9199899999999999;2024-08-24 10:30:00
3.5167800000000002;1.67578;2024-08-24 10:45:00
3.8990599999999995;1.61206;2024-08-24 11:00:00
3.73764;1.18764;2024-08-24 11:15:00
3.43838;1.07538;2024-08-24 11:30:00
3.2107099999999997;1.44571;2024-08-24 11:45:00
3.4894600000000002;1.8004599999999997;2024-08-24 12:00:00
3.26707;2.44207;2024-08-24 12:15:00
2.85586;2.51886;2024-08-24 12:30:00
2.73882;1.37382;2024-08-24 12:45:00
2.3877699999999997;1.2047700000000001;2024-08-24 13:00:00
2.15844;1.18844;2024-08-24 13:15:00
1.7668599999999999;1.17086;2024-08-24 13:30:00
1.8665800000000001;1.10258;2024-08-24 13:45:00
1.9462100000000002;0.85921;2024-08-24 14:00:00
1.8569900000000001;0.78199;2024-08-24 14:15:00
1.85148;0.8104800000000001;2024-08-24 14:30:00
2.19686;0.8148599999999999;2024-08-24 14:45:00
1.30896;0.99596;2024-08-24 15:00:00
1.37633;1.25233;2024-08-24 15:15:00
1.28522;0.85222;2024-08-24 15:30:00
1.03731;0.7193100000000001;2024-08-24 15:45:00
1.7691599999999998;0.8331599999999999;2024-08-24 16:00:00
1.8555199999999998;0.8465199999999999;2024-08-24 16:15:00
2.30162;0.99962;2024-08-24 16:30:00
2.51362;2.01462;2024-08-24 16:45:00
2.50612;1.65812;2024-08-24 17:00:00
2.65984;0.7918399999999999;2024-08-24 17:15:00
2.82735;0.79435;2024-08-24 17:30:00
2.86333;0.8893300000000001;2024-08-24 17:45:00
2.7855100000000004;0.52251;2024-08-24 18:00:00
2.86389;0.41989;2024-08-24 18:15:00
3.1700800000000005;0.28508;2024-08-24 18:30:00
2.58942;0.24042000000000002;2024-08-24 18:45:00
2.81829;0.18029;2024-08-24 19:00:00
2.7249600000000003;0.13196000000000002;2024-08-24 19:15:00
3.1653399999999996;0.07134;2024-08-24 19:30:00
3.45252;0.02852;2024-08-24 19:45:00
3.3090100000000002;0.00101;2024-08-24 20:00:00
3.231;0.0;2024-08-24 20:15:00
2.698;0.0;2024-08-24 20:30:00
1.824;0.0;2024-08-24 20:45:00
1.529;0.0;2024-08-24 21:00:00
1.049;0.0;2024-08-24 21:15:00
0.742;0.0;2024-08-24 21:30:00
0.784;0.0;2024-08-24 21:45:00
0.7150000000000001;0.0;2024-08-24 22:00:00
0.8009999999999999;0.0;2024-08-24 22:15:00
0.621;0.0;2024-08-24 22:30:00
0.583;0.0;2024-08-24 22:45:00
0.589;0.0;2024-08-24 23:00:00
0.666;0.0;2024-08-24 23:15:00
0.45899999999999996;0.0;2024-08-24 23:30:00
0.5489999999999999;0.0;2024-08-24 23:45:00
0.6220000000000001;0.0;2024-08-25 00:00:00
2.201;0.0;2024-10-16 00:15:00
2.1839999999999997;0.0;2024-10-16 00:30:00
2.1710000000000003;0.0;2024-10-16 00:45:00
2.187;0.0;2024-10-16 01:00:00
2.181;0.0;2024-10-16 01:15:00
2.098;0.0;2024-10-16 01:30:00
2.176;0.0;2024-10-16 01:45:00
2.2279999999999998;0.0;2024-10-16 02:00:00
2.119;0.0;2024-10-16 02:15:00
2.1239999999999997;0.0;2024-10-16 02:30:00
2.186;0.0;2024-10-16 02:45:00
2.0700000000000003;0.0;2024-10-16 03:00:00
2.133;0.0;2024-10-16 03:15:00
2.224;0.0;2024-10-16 03:30:00
2.079;0.0;2024-10-16 03:45:00
2.105;0.0;2024-10-16 04:00:00
2.146;0.0;2024-10-16 04:15:00
2.095;0.0;2024-10-16 04:30:00
2.1639999999999997;0.0;2024-10-16 04:45:00
2.225;0.0;2024-10-16 05:00:00
2.267;0.0;2024-10-16 05:15:00
2.2119999999999997;0.0;2024-10-16 05:30:00
2.332;0.0;2024-10-16 05:45:00
2.278;0.0;2024-10-16 06:00:00
2.175;0.0;2024-10-16 06:15:00
2.1999999999999997;0.0;2024-10-16 06:30:00
2.183;0.0;2024-10-16 06:45:00
2.0980000000000003;0.0;2024-10-16 07:00:00
2.19;0.0;2024-10-16 07:15:00
2.143;0.0;2024-10-16 07:30:00
2.161;0.0;2024-10-16 07:45:00
1.33881;0.00181;2024-10-16 08:00:00
2.19192;0.02792;2024-10-16 08:15:00
2.66804;0.06804;2024-10-16 08:30:00
3.85038;0.10838;2024-10-16 08:45:00
4.39379;0.13079000000000002;2024-10-16 09:00:00
4.39078;0.08177999999999999;2024-10-16 09:15:00
5.04314;0.09614;2024-10-16 09:30:00
3.78897;0.18297;2024-10-16 09:45:00
3.6492699999999996;0.29527000000000003;2024-10-16 10:00:00
4.48632;0.38532;2024-10-16 10:15:00
3.79026;0.40826000000000007;2024-10-16 10:30:00
3.58523;0.85023;2024-10-16 10:45:00
3.1660500000000003;0.73005;2024-10-16 11:00:00
3.1566400000000003;0.5136400000000001;2024-10-16 11:15:00
3.31358;0.7965800000000001;2024-10-16 11:30:00
2.30604;0.72404;2024-10-16 11:45:00
1.78272;0.71972;2024-10-16 12:00:00
1.50529;0.8632899999999999;2024-10-16 12:15:00
0.9739300000000002;1.20093;2024-10-16 12:30:00
0.7512399999999999;1.3842400000000001;2024-10-16 12:45:00
0.75796;3.07296;2024-10-16 13:00:00
0.64544;3.31344;2024-10-16 13:15:00
0.61233;3.15233;2024-10-16 13:30:00
0.82526;3.17326;2024-10-16 13:45:00
1.1065299999999998;2.96953;2024-10-16 14:00:00
1.7729300000000001;2.35793;2024-10-16 14:15:00
2.9000299999999997;2.70903;2024-10-16 14:30:00
2.34246;2.8444599999999998;2024-10-16 14:45:00
2.27127;2.72727;2024-10-16 15:00:00
2.54596;2.56896;2024-10-16 15:15:00
3.35888;2.40788;2024-10-16 15:30:00
3.01272;2.47872;2024-10-16 15:45:00
3.07324;1.9522400000000002;2024-10-16 16:00:00
3.2633599999999996;1.53036;2024-10-16 16:15:00
3.4843200000000003;1.76932;2024-10-16 16:30:00
3.82729;1.6722900000000003;2024-10-16 16:45:00
4.467040000000001;1.30504;2024-10-16 17:00:00
3.78177;0.9617699999999999;2024-10-16 17:15:00
4.08347;0.65847;2024-10-16 17:30:00
4.23137;0.41237;2024-10-16 17:45:00
4.15782;0.21482;2024-10-16 18:00:00
4.66915;0.11715000000000002;2024-10-16 18:15:00
3.4486499999999998;0.041650000000000006;2024-10-16 18:30:00
3.53315;0.007149999999999999;2024-10-16 18:45:00
3.0429999999999997;0.0;2024-10-16 19:00:00
2.505;0.0;2024-10-16 19:15:00
2.4930000000000003;0.0;2024-10-16 19:30:00
3.1800000000000006;0.0;2024-10-16 19:45:00
2.7880000000000003;0.0;2024-10-16 20:00:00
2.565;0.0;2024-10-16 20:15:00
2.61;0.0;2024-10-16 20:30:00
2.4810000000000003;0.0;2024-10-16 20:45:00
2.4450000000000003;0.0;2024-10-16 21:00:00
2.5060000000000002;0.0;2024-10-16 21:15:00
2.16;0.0;2024-10-16 21:30:00
1.73;0.0;2024-10-16 21:45:00
1.5500000000000003;0.0;2024-10-16 22:00:00
1.326;0.0;2024-10-16 22:15:00
0.765;0.0;2024-10-16 22:30:00
1.334;0.0;2024-10-16 22:45:00
1.6280000000000001;0.0;2024-10-16 23:00:00
1.883;0.0;2024-10-16 23:15:00
1.399;0.0;2024-10-16 23:30:00
1.092;0.0;2024-10-16 23:45:00
0.485;0.0;2024-10-17 00:00:00
2.235;0.0;2024-10-05 00:15:00
2.294;0.0;2024-10-05 00:30:00
2.17;0.0;2024-10-05 00:45:00
2.21;0.0;2024-10-05 01:00:00
2.0060000000000002;0.0;2024-10-05 01:15:00
2.119;0.0;2024-10-05 01:30:00
1.977;0.0;2024-10-05 01:45:00
2.13;0.0;2024-10-05 02:00:00
2.009;0.0;2024-10-05 02:15:00
2.0949999999999998;0.0;2024-10-05 02:30:00
2.069;0.0;2024-10-05 02:45:00
2.0440000000000005;0.0;2024-10-05 03:00:00
2.087;0.0;2024-10-05 03:15:00
1.975;0.0;2024-10-05 03:30:00
2.089;0.0;2024-10-05 03:45:00
2.025;0.0;2024-10-05 04:00:00
2.069;0.0;2024-10-05 04:15:00
2.094;0.0;2024-10-05 04:30:00
2.041;0.0;2024-10-05 04:45:00
2.071;0.0;2024-10-05 05:00:00
2.0010000000000003;0.0;2024-10-05 05:15:00
2.058;0.0;2024-10-05 05:30:00
2.028;0.0;2024-10-05 05:45:00
2.019;0.0;2024-10-05 06:00:00
2.0500000000000003;0.0;2024-10-05 06:15:00
2.019;0.0;2024-10-05 06:30:00
2.0980000000000003;0.0;2024-10-05 06:45:00
2.0100000000000002;0.0;2024-10-05 07:00:00
2.035;0.0;2024-10-05 07:15:00
2.027;0.0;2024-10-05 07:30:00
2.005;0.0;2024-10-05 07:45:00
2.055;0.0;2024-10-05 08:00:00
1.961;0.0;2024-10-05 08:15:00
2.0860000000000003;0.0;2024-10-05 08:30:00
1.18486;0.00186;2024-10-05 08:45:00
1.2591700000000001;0.04617;2024-10-05 09:00:00
3.1921600000000003;0.14016;2024-10-05 09:15:00
2.3153;0.2163;2024-10-05 09:30:00
2.74255;0.37655000000000005;2024-10-05 09:45:00
3.53303;0.19103000000000003;2024-10-05 10:00:00
3.8286000000000002;0.1866;2024-10-05 10:15:00
5.11662;0.31462;2024-10-05 10:30:00
5.06018;0.36218000000000006;2024-10-05 10:45:00
4.9177;0.27070000000000005;2024-10-05 11:00:00
4.57991;0.31091;2024-10-05 11:15:00
4.84413;0.23613;2024-10-05 11:30:00
3.38877;0.18877;2024-10-05 11:45:00
3.74202;0.15702;2024-10-05 12:00:00
3.63773;0.19473000000000001;2024-10-05 12:15:00
2.82142;0.16642;2024-10-05 12:30:00
2.9382500000000005;0.11025000000000001;2024-10-05 12:45:00
1.97315;0.17715;2024-10-05 13:00:00
1.6463;0.20429999999999998;2024-10-05 13:15:00
1.93422;0.23521999999999998;2024-10-05 13:30:00
1.5634700000000001;0.30447;2024-10-05 13:45:00
1.3106900000000001;0.16869;2024-10-05 14:00:00
0.5928100000000001;0.18781;2024-10-05 14:15:00
0.70931;0.17831000000000002;2024-10-05 14:30:00
0.6773;0.1493;2024-10-05 14:45:00
2.2365500000000003;0.19055;2024-10-05 15:00:00
2.01006;0.21106;2024-10-05 15:15:00
3.2379300000000004;0.16893;2024-10-05 15:30:00
2.65284;0.14584000000000003;2024-10-05 15:45:00
3.5696299999999996;0.22463;2024-10-05 16:00:00
2.56029;0.29729;2024-10-05 16:15:00
3.6183299999999994;0.29033000000000003;2024-10-05 16:30:00
3.1125499999999997;0.13055;2024-10-05 16:45:00
4.30745;0.11645;2024-10-05 17:00:00
3.67834;0.06434000000000001;2024-10-05 17:15:00
4.6361799999999995;0.037180000000000005;2024-10-05 17:30:00
3.9776999999999996;0.0297;2024-10-05 17:45:00
3.8542299999999994;0.00123;2024-10-05 18:00:00
4.25403;0.004030000000000001;2024-10-05 18:15:00
3.3829700000000003;0.0029700000000000004;2024-10-05 18:30:00
3.39051;0.0015100000000000003;2024-10-05 18:45:00
3.704;0.0;2024-10-05 19:00:00
3.6550000000000002;0.0;2024-10-05 19:15:00
3.45;0.0;2024-10-05 19:30:00
3.48;0.0;2024-10-05 19:45:00
2.734;0.0;2024-10-05 20:00:00
2.577;0.0;2024-10-05 20:15:00
2.568;0.0;2024-10-05 20:30:00
2.573;0.0;2024-10-05 20:45:00
2.512;0.0;2024-10-05 21:00:00
2.312;0.0;2024-10-05 21:15:00
2.226;0.0;2024-10-05 21:30:00
1.8820000000000001;0.0;2024-10-05 21:45:00
2.266;0.0;2024-10-05 22:00:00
2.2439999999999998;0.0;2024-10-05 22:15:00
1.8880000000000001;0.0;2024-10-05 22:30:00
1.4989999999999999;0.0;2024-10-05 22:45:00
1.581;0.0;2024-10-05 23:00:00
1.617;0.0;2024-10-05 23:15:00
1.348;0.0;2024-10-05 23:30:00
1.081;0.0;2024-10-05 23:45:00
0.52;0.0;2024-10-06 00:00:00
0.958;0.0;2024-10-16 00:15:00
0.579;0.0;2024-10-16 00:30:00
0.583;0.0;2024-10-16 00:45:00
0.509;0.0;2024-10-16 01:00:00
0.621;0.0;2024-10-16 01:15:00
0.539;0.0;2024-10-16 01:30:00
0.505;0.0;2024-10-16 01:45:00
0.552;0.0;2024-10-16 02:00:00
0.609;0.0;2024-10-16 02:15:00
0.509;0.0;2024-10-16 02:30:00
0.44500000000000006;0.0;2024-10-16 02:45:00
0.571;0.0;2024-10-16 03:00:00
0.554;0.0;2024-10-16 03:15:00
0.5700000000000001;0.0;2024-10-16 03:30:00
0.42200000000000004;0.0;2024-10-16 03:45:00
0.5329999999999999;0.0;2024-10-16 04:00:00
0.5609999999999999;0.0;2024-10-16 04:15:00
0.554;0.0;2024-10-16 04:30:00
0.44300000000000006;0.0;2024-10-16 04:45:00
0.671;0.0;2024-10-16 05:00:00
0.802;0.0;2024-10-16 05:15:00
0.525;0.0;2024-10-16 05:30:00
0.632;0.0;2024-10-16 05:45:00
0.609;0.0;2024-10-16 06:00:00
0.70001;1e-05;2024-10-16 06:15:00
0.6821699999999999;0.00417;2024-10-16 06:30:00
0.5615;0.0325;2024-10-16 06:45:00
0.53914;0.055139999999999995;2024-10-16 07:00:00
0.57126;0.09326000000000001;2024-10-16 07:15:00
0.69889;0.13389;2024-10-16 07:30:00
0.52867;0.15667;2024-10-16 07:45:00
0.6907700000000001;0.21677;2024-10-16 08:00:00
0.96655;0.26955;2024-10-16 08:15:00
0.9374100000000001;0.28141;2024-10-16 08:30:00
0.88293;0.30793;2024-10-16 08:45:00
1.5952800000000003;0.40528;2024-10-16 09:00:00
1.8701199999999998;0.50912;2024-10-16 09:15:00
2.7202800000000003;0.53228;2024-10-16 09:30:00
2.23527;0.5782700000000001;2024-10-16 09:45:00
2.42138;0.63438;2024-10-16 10:00:00
2.92605;0.78505;2024-10-16 10:15:00
2.97933;0.79433;2024-10-16 10:30:00
3.12974;1.01174;2024-10-16 10:45:00
2.4554;1.2544000000000002;2024-10-16 11:00:00
2.0845599999999997;1.37756;2024-10-16 11:15:00
1.9178;1.3118;2024-10-16 11:30:00
1.9332600000000002;1.2262600000000001;2024-10-16 11:45:00
2.0925399999999996;1.6765400000000001;2024-10-16 12:00:00
1.2551100000000002;1.86511;2024-10-16 12:15:00
0.93523;2.77223;2024-10-16 12:30:00
0.8796700000000001;1.57067;2024-10-16 12:45:00
0.6728400000000001;1.9888400000000002;2024-10-16 13:00:00
0.60077;2.21677;2024-10-16 13:15:00
0.52466;1.96266;2024-10-16 13:30:00
0.58769;2.01769;2024-10-16 13:45:00
1.1156200000000003;2.15962;2024-10-16 14:00:00
0.47418000000000005;2.25218;2024-10-16 14:15:00
0.5912999999999999;2.6183000000000005;2024-10-16 14:30:00
0.68135;3.0263500000000003;2024-10-16 14:45:00
0.55685;2.77685;2024-10-16 15:00:00
0.68313;2.9661300000000006;2024-10-16 15:15:00
0.4757;2.9326999999999996;2024-10-16 15:30:00
0.5903600000000001;2.76336;2024-10-16 15:45:00
0.67945;2.59145;2024-10-16 16:00:00
0.60591;2.4569099999999997;2024-10-16 16:15:00
0.47365;2.28065;2024-10-16 16:30:00
0.5961500000000001;2.11315;2024-10-16 16:45:00
0.61912;1.92012;2024-10-16 17:00:00
0.67542;1.74242;2024-10-16 17:15:00
0.93126;1.47726;2024-10-16 17:30:00
0.95835;1.3523500000000002;2024-10-16 17:45:00
1.1359400000000002;1.06294;2024-10-16 18:00:00
1.1685800000000002;0.86558;2024-10-16 18:15:00
1.69883;0.69783;2024-10-16 18:30:00
1.18998;0.49298;2024-10-16 18:45:00
1.44886;0.36286;2024-10-16 19:00:00
1.72519;0.23619;2024-10-16 19:15:00
1.90096;0.20996;2024-10-16 19:30:00
2.0435;0.1855;2024-10-16 19:45:00
1.97039;0.15239000000000003;2024-10-16 20:00:00
1.65634;0.10734000000000002;2024-10-16 20:15:00
1.51485;0.04785;2024-10-16 20:30:00
1.15048;0.02248;2024-10-16 20:45:00
1.07878;0.0007800000000000001;2024-10-16 21:00:00
0.962;0.0;2024-10-16 21:15:00
1.046;0.0;2024-10-16 21:30:00
0.951;0.0;2024-10-16 21:45:00
0.714;0.0;2024-10-16 22:00:00
0.487;0.0;2024-10-16 22:15:00
0.608;0.0;2024-10-16 22:30:00
0.613;0.0;2024-10-16 22:45:00
0.9480000000000001;0.0;2024-10-16 23:00:00
0.524;0.0;2024-10-16 23:15:00
0.5980000000000001;0.0;2024-10-16 23:30:00
0.587;0.0;2024-10-16 23:45:00
0.599;0.0;2024-10-17 00:00:00
1.412;0.0;2024-10-16 00:15:00
1.458;0.0;2024-10-16 00:30:00
1.295;0.0;2024-10-16 00:45:00
1.252;0.0;2024-10-16 01:00:00
0.496;0.0;2024-10-16 01:15:00
0.538;0.0;2024-10-16 01:30:00
0.515;0.0;2024-10-16 01:45:00
0.5409999999999999;0.0;2024-10-16 02:00:00
0.9480000000000001;0.0;2024-10-16 02:15:00
0.502;0.0;2024-10-16 02:30:00
0.551;0.0;2024-10-16 02:45:00
0.532;0.0;2024-10-16 03:00:00
0.52;0.0;2024-10-16 03:15:00
0.44600000000000006;0.0;2024-10-16 03:30:00
0.538;0.0;2024-10-16 03:45:00
0.4570000000000001;0.0;2024-10-16 04:00:00
0.9850000000000001;0.0;2024-10-16 04:15:00
0.526;0.0;2024-10-16 04:30:00
0.503;0.0;2024-10-16 04:45:00
0.492;0.0;2024-10-16 05:00:00
0.49700000000000005;0.0;2024-10-16 05:15:00
0.511;0.0;2024-10-16 05:30:00
0.45000000000000007;0.0;2024-10-16 05:45:00
0.9770000000000001;0.0;2024-10-16 06:00:00
0.481;0.0;2024-10-16 06:15:00
0.586;0.0;2024-10-16 06:30:00
0.43700000000000006;0.0;2024-10-16 06:45:00
0.5309999999999999;0.0;2024-10-16 07:00:00
0.4760000000000001;0.0;2024-10-16 07:15:00
0.476;0.0;2024-10-16 07:30:00
0.492;0.0;2024-10-16 07:45:00
0.908;0.0;2024-10-16 08:00:00
0.521;0.0;2024-10-16 08:15:00
0.48;0.0;2024-10-16 08:30:00
0.57501;1e-05;2024-10-16 08:45:00
0.83388;0.020880000000000003;2024-10-16 09:00:00
1.8174900000000003;0.047490000000000004;2024-10-16 09:15:00
2.36882;0.05982;2024-10-16 09:30:00
2.90488;0.11588000000000001;2024-10-16 09:45:00
2.5462100000000003;0.15221;2024-10-16 10:00:00
4.13365;0.28365;2024-10-16 10:15:00
4.33817;0.28317000000000003;2024-10-16 10:30:00
3.02655;0.29455;2024-10-16 10:45:00
3.06263;0.36063;2024-10-16 11:00:00
3.4651899999999998;0.6271900000000001;2024-10-16 11:15:00
3.66052;1.49152;2024-10-16 11:30:00
3.2109600000000005;2.6119600000000003;2024-10-16 11:45:00
3.4533000000000005;2.6943;2024-10-16 12:00:00
3.36278;2.76178;2024-10-16 12:15:00
3.17262;2.51962;2024-10-16 12:30:00
1.9260300000000004;2.63903;2024-10-16 12:45:00
1.2473800000000002;2.87838;2024-10-16 13:00:00
0.8420400000000001;2.88904;2024-10-16 13:15:00
0.7211799999999999;2.81118;2024-10-16 13:30:00
0.85069;2.93569;2024-10-16 13:45:00
0.54668;2.86768;2024-10-16 14:00:00
0.6243;2.8843;2024-10-16 14:15:00
0.6613100000000001;2.14031;2024-10-16 14:30:00
1.08552;2.3315200000000003;2024-10-16 14:45:00
1.2616999999999998;2.1997;2024-10-16 15:00:00
1.9844600000000001;2.23546;2024-10-16 15:15:00
2.4404000000000003;2.2994000000000003;2024-10-16 15:30:00
3.37515;2.16615;2024-10-16 15:45:00
3.1647999999999996;1.9558;2024-10-16 16:00:00
3.6372700000000004;1.89127;2024-10-16 16:15:00
3.5690399999999998;1.4770400000000001;2024-10-16 16:30:00
3.82747;1.23547;2024-10-16 16:45:00
4.1738;1.1538000000000002;2024-10-16 17:00:00
3.91679;0.93779;2024-10-16 17:15:00
4.168130000000001;0.67513;2024-10-16 17:30:00
3.6460299999999997;0.44903000000000004;2024-10-16 17:45:00
3.81043;0.24143;2024-10-16 18:00:00
3.66737;0.10737;2024-10-16 18:15:00
3.34917;0.03717;2024-10-16 18:30:00
3.7283;0.0013;2024-10-16 18:45:00
3.201;0.0;2024-10-16 19:00:00
3.543;0.0;2024-10-16 19:15:00
3.788;0.0;2024-10-16 19:30:00
3.92;0.0;2024-10-16 19:45:00
3.476;0.0;2024-10-16 20:00:00
2.659;0.0;2024-10-16 20:15:00
3.142;0.0;2024-10-16 20:30:00
2.68;0.0;2024-10-16 20:45:00
2.5359999999999996;0.0;2024-10-16 21:00:00
2.696;0.0;2024-10-16 21:15:00
2.663;0.0;2024-10-16 21:30:00
3.128;0.0;2024-10-16 21:45:00
3.4270000000000005;0.0;2024-10-16 22:00:00
4.638;0.0;2024-10-16 22:15:00
2.762;0.0;2024-10-16 22:30:00
1.971;0.0;2024-10-16 22:45:00
1.803;0.0;2024-10-16 23:00:00
0.878;0.0;2024-10-16 23:15:00
0.974;0.0;2024-10-16 23:30:00
1.074;0.0;2024-10-16 23:45:00
1.067;0.0;2024-10-17 00:00:00
0.5840000000000001;0.0;2024-10-16 00:15:00
1.041;0.0;2024-10-16 00:30:00
0.561;0.0;2024-10-16 00:45:00
0.475;0.0;2024-10-16 01:00:00
0.605;0.0;2024-10-16 01:15:00
0.633;0.0;2024-10-16 01:30:00
0.537;0.0;2024-10-16 01:45:00
0.4740000000000001;0.0;2024-10-16 02:00:00
0.648;0.0;2024-10-16 02:15:00
0.589;0.0;2024-10-16 02:30:00
0.499;0.0;2024-10-16 02:45:00
0.5149999999999999;0.0;2024-10-16 03:00:00
0.554;0.0;2024-10-16 03:15:00
0.5720000000000001;0.0;2024-10-16 03:30:00
0.473;0.0;2024-10-16 03:45:00
0.5149999999999999;0.0;2024-10-16 04:00:00
0.514;0.0;2024-10-16 04:15:00
0.565;0.0;2024-10-16 04:30:00
0.498;0.0;2024-10-16 04:45:00
0.938;0.0;2024-10-16 05:00:00
0.534;0.0;2024-10-16 05:15:00
0.656;0.0;2024-10-16 05:30:00
0.59;0.0;2024-10-16 05:45:00
0.675;0.0;2024-10-16 06:00:00
0.5940000000000001;0.0;2024-10-16 06:15:00
0.538;0.0;2024-10-16 06:30:00
0.58801;1e-05;2024-10-16 06:45:00
1.1660499999999998;0.01205;2024-10-16 07:00:00
2.14271;0.033710000000000004;2024-10-16 07:15:00
2.22656;0.07456;2024-10-16 07:30:00
1.77204;0.13704;2024-10-16 07:45:00
2.76044;0.17944;2024-10-16 08:00:00
2.34412;0.23512;2024-10-16 08:15:00
2.30912;0.24712;2024-10-16 08:30:00
2.46022;0.25622;2024-10-16 08:45:00
2.8313300000000003;0.38233;2024-10-16 09:00:00
2.7063499999999996;0.28135;2024-10-16 09:15:00
3.90366;0.30166;2024-10-16 09:30:00
4.25431;0.40231000000000006;2024-10-16 09:45:00
4.081250000000001;0.62425;2024-10-16 10:00:00
4.08735;0.74835;2024-10-16 10:15:00
3.93907;1.30307;2024-10-16 10:30:00
3.42971;1.82871;2024-10-16 10:45:00
3.6190100000000003;1.4250099999999999;2024-10-16 11:00:00
3.3971;1.3471;2024-10-16 11:15:00
3.00075;1.4997500000000001;2024-10-16 11:30:00
3.04895;1.56095;2024-10-16 11:45:00
2.52775;1.87475;2024-10-16 12:00:00
2.58568;1.4776799999999999;2024-10-16 12:15:00
2.2912;1.0952000000000002;2024-10-16 12:30:00
2.35855;1.3735499999999998;2024-10-16 12:45:00
1.9317300000000002;1.3477299999999999;2024-10-16 13:00:00
2.5914200000000003;1.6274199999999999;2024-10-16 13:15:00
2.0300100000000003;2.28701;2024-10-16 13:30:00
1.94996;2.68896;2024-10-16 13:45:00
2.09257;2.89257;2024-10-16 14:00:00
2.0327200000000003;3.45272;2024-10-16 14:15:00
3.3240299999999996;2.59103;2024-10-16 14:30:00
2.92528;2.25228;2024-10-16 14:45:00
3.58303;2.17003;2024-10-16 15:00:00
3.5096499999999997;2.51865;2024-10-16 15:15:00
4.67155;2.9295500000000003;2024-10-16 15:30:00
4.66169;2.24769;2024-10-16 15:45:00
5.06621;2.35321;2024-10-16 16:00:00
5.33151;2.21651;2024-10-16 16:15:00
4.98512;1.6861199999999998;2024-10-16 16:30:00
5.009060000000001;1.00606;2024-10-16 16:45:00
5.47683;1.2138300000000002;2024-10-16 17:00:00
4.9198;1.5517999999999998;2024-10-16 17:15:00
5.301410000000001;1.2774100000000002;2024-10-16 17:30:00
5.52195;0.9909500000000001;2024-10-16 17:45:00
5.41417;0.92917;2024-10-16 18:00:00
5.363390000000001;0.72139;2024-10-16 18:15:00
3.89681;0.52681;2024-10-16 18:30:00
3.8025900000000004;0.36358999999999997;2024-10-16 18:45:00
3.8059;0.2519;2024-10-16 19:00:00
3.7054200000000006;0.19241999999999998;2024-10-16 19:15:00
3.75875;0.15175;2024-10-16 19:30:00
3.75202;0.09902000000000001;2024-10-16 19:45:00
4.06875;0.047749999999999994;2024-10-16 20:00:00
3.88248;0.016479999999999998;2024-10-16 20:15:00
3.78113;0.00013000000000000002;2024-10-16 20:30:00
3.923;0.0;2024-10-16 20:45:00
3.763;0.0;2024-10-16 21:00:00
3.675;0.0;2024-10-16 21:15:00
3.703;0.0;2024-10-16 21:30:00
3.586;0.0;2024-10-16 21:45:00
3.51;0.0;2024-10-16 22:00:00
2.739;0.0;2024-10-16 22:15:00
2.565;0.0;2024-10-16 22:30:00
2.1879999999999997;0.0;2024-10-16 22:45:00
2.2199999999999998;0.0;2024-10-16 23:00:00
2.322;0.0;2024-10-16 23:15:00
1.9769999999999999;0.0;2024-10-16 23:30:00
1.5579999999999998;0.0;2024-10-16 23:45:00
1.516;0.0;2024-10-17 00:00:00
0.502;0.0;2024-10-23 00:15:00
0.628;0.0;2024-10-23 00:30:00
0.525;0.0;2024-10-23 00:45:00
0.521;0.0;2024-10-23 01:00:00
0.589;0.0;2024-10-23 01:15:00
0.619;0.0;2024-10-23 01:30:00
0.503;0.0;2024-10-23 01:45:00
0.47200000000000003;0.0;2024-10-23 02:00:00
0.5710000000000001;0.0;2024-10-23 02:15:00
0.542;0.0;2024-10-23 02:30:00
0.478;0.0;2024-10-23 02:45:00
0.9929999999999999;0.0;2024-10-23 03:00:00
0.5680000000000001;0.0;2024-10-23 03:15:00
0.438;0.0;2024-10-23 03:30:00
0.508;0.0;2024-10-23 03:45:00
0.575;0.0;2024-10-23 04:00:00
0.511;0.0;2024-10-23 04:15:00
0.43600000000000005;0.0;2024-10-23 04:30:00
0.5820000000000001;0.0;2024-10-23 04:45:00
0.52;0.0;2024-10-23 05:00:00
0.488;0.0;2024-10-23 05:15:00
0.633;0.0;2024-10-23 05:30:00
0.711;0.0;2024-10-23 05:45:00
0.671;0.0;2024-10-23 06:00:00
0.56;0.0;2024-10-23 06:15:00
0.587;0.0;2024-10-23 06:30:00
0.5844;0.0004;2024-10-23 06:45:00
0.63419;0.00519;2024-10-23 07:00:00
0.89998;0.007980000000000001;2024-10-23 07:15:00
0.51832;0.04832;2024-10-23 07:30:00
0.66317;0.07017;2024-10-23 07:45:00
1.53973;0.13573000000000002;2024-10-23 08:00:00
1.5307600000000001;0.08676;2024-10-23 08:15:00
1.4973300000000003;0.09433;2024-10-23 08:30:00
1.9478600000000001;0.11186;2024-10-23 08:45:00
2.58591;0.09190999999999999;2024-10-23 09:00:00
2.32023;0.10822999999999999;2024-10-23 09:15:00
2.3116200000000005;0.13762;2024-10-23 09:30:00
2.2776899999999998;0.33469;2024-10-23 09:45:00
2.3895;0.6655;2024-10-23 10:00:00
2.60951;1.3785100000000001;2024-10-23 10:15:00
2.6288500000000004;0.77685;2024-10-23 10:30:00
2.5373900000000003;1.42739;2024-10-23 10:45:00
2.5890500000000003;2.35205;2024-10-23 11:00:00
2.79411;3.0251099999999997;2024-10-23 11:15:00
2.5619699999999996;2.8029699999999997;2024-10-23 11:30:00
3.0500000000000003;2.185;2024-10-23 11:45:00
2.3536400000000004;3.48964;2024-10-23 12:00:00
1.9224999999999999;2.7435;2024-10-23 12:15:00
2.15276;1.1437599999999999;2024-10-23 12:30:00
2.80625;1.04325;2024-10-23 12:45:00
2.12308;1.9320800000000002;2024-10-23 13:00:00
1.1224;3.3784;2024-10-23 13:15:00
0.8147800000000001;2.7477800000000006;2024-10-23 13:30:00
0.61287;2.84187;2024-10-23 13:45:00
0.6565000000000001;2.8255;2024-10-23 14:00:00
0.51622;1.92522;2024-10-23 14:15:00
0.65317;3.55417;2024-10-23 14:30:00
0.64823;2.72023;2024-10-23 14:45:00
0.49690999999999996;3.31691;2024-10-23 15:00:00
0.66439;3.20039;2024-10-23 15:15:00
0.57564;3.04164;2024-10-23 15:30:00
0.7118500000000001;2.87285;2024-10-23 15:45:00
0.56054;2.58954;2024-10-23 16:00:00
0.9738200000000001;2.55382;2024-10-23 16:15:00
0.6259399999999999;2.34794;2024-10-23 16:30:00
0.59945;2.14245;2024-10-23 16:45:00
0.6103;1.9162999999999997;2024-10-23 17:00:00
0.53391;1.6729100000000001;2024-10-23 17:15:00
0.5697800000000001;1.3947800000000001;2024-10-23 17:30:00
0.6410500000000001;1.1430500000000001;2024-10-23 17:45:00
0.58841;0.9254100000000001;2024-10-23 18:00:00
0.59219;0.6561899999999999;2024-10-23 18:15:00
0.51704;0.5130399999999999;2024-10-23 18:30:00
0.5887100000000001;0.33271;2024-10-23 18:45:00
0.6409199999999999;0.22292;2024-10-23 19:00:00
0.64254;0.19154;2024-10-23 19:15:00
0.5378799999999999;0.13988;2024-10-23 19:30:00
0.51604;0.15504;2024-10-23 19:45:00
0.60395;0.05795;2024-10-23 20:00:00
0.6559200000000001;0.00792;2024-10-23 20:15:00
0.512;0.0;2024-10-23 20:30:00
0.956;0.0;2024-10-23 20:45:00
0.543;0.0;2024-10-23 21:00:00
0.516;0.0;2024-10-23 21:15:00
0.613;0.0;2024-10-23 21:30:00
0.504;0.0;2024-10-23 21:45:00
0.629;0.0;2024-10-23 22:00:00
0.545;0.0;2024-10-23 22:15:00
0.489;0.0;2024-10-23 22:30:00
0.641;0.0;2024-10-23 22:45:00
0.5740000000000001;0.0;2024-10-23 23:00:00
0.5720000000000001;0.0;2024-10-23 23:15:00
0.44200000000000006;0.0;2024-10-23 23:30:00
0.5860000000000001;0.0;2024-10-23 23:45:00
0.622;0.0;2024-10-24 00:00:00
2.201;0.0;2024-10-16 00:15:00
2.1839999999999997;0.0;2024-10-16 00:30:00
2.1710000000000003;0.0;2024-10-16 00:45:00
2.187;0.0;2024-10-16 01:00:00
2.181;0.0;2024-10-16 01:15:00
2.098;0.0;2024-10-16 01:30:00
2.176;0.0;2024-10-16 01:45:00
2.2279999999999998;0.0;2024-10-16 02:00:00
2.119;0.0;2024-10-16 02:15:00
2.1239999999999997;0.0;2024-10-16 02:30:00
2.186;0.0;2024-10-16 02:45:00
2.0700000000000003;0.0;2024-10-16 03:00:00
2.133;0.0;2024-10-16 03:15:00
2.224;0.0;2024-10-16 03:30:00
2.079;0.0;2024-10-16 03:45:00
2.105;0.0;2024-10-16 04:00:00
2.146;0.0;2024-10-16 04:15:00
2.095;0.0;2024-10-16 04:30:00
2.1639999999999997;0.0;2024-10-16 04:45:00
2.225;0.0;2024-10-16 05:00:00
2.267;0.0;2024-10-16 05:15:00
2.2119999999999997;0.0;2024-10-16 05:30:00
2.332;0.0;2024-10-16 05:45:00
2.278;0.0;2024-10-16 06:00:00
2.175;0.0;2024-10-16 06:15:00
2.1999999999999997;0.0;2024-10-16 06:30:00
2.183;0.0;2024-10-16 06:45:00
2.0980000000000003;0.0;2024-10-16 07:00:00
2.19;0.0;2024-10-16 07:15:00
2.143;0.0;2024-10-16 07:30:00
2.161;0.0;2024-10-16 07:45:00
1.33881;0.00181;2024-10-16 08:00:00
2.19192;0.02792;2024-10-16 08:15:00
2.66804;0.06804;2024-10-16 08:30:00
3.85038;0.10838;2024-10-16 08:45:00
4.39379;0.13079000000000002;2024-10-16 09:00:00
4.39078;0.08177999999999999;2024-10-16 09:15:00
5.04314;0.09614;2024-10-16 09:30:00
3.78897;0.18297;2024-10-16 09:45:00
3.6492699999999996;0.29527000000000003;2024-10-16 10:00:00
4.48632;0.38532;2024-10-16 10:15:00
3.79026;0.40826000000000007;2024-10-16 10:30:00
3.58523;0.85023;2024-10-16 10:45:00
3.1660500000000003;0.73005;2024-10-16 11:00:00
3.1566400000000003;0.5136400000000001;2024-10-16 11:15:00
3.31358;0.7965800000000001;2024-10-16 11:30:00
2.30604;0.72404;2024-10-16 11:45:00
1.78272;0.71972;2024-10-16 12:00:00
1.50529;0.8632899999999999;2024-10-16 12:15:00
0.9739300000000002;1.20093;2024-10-16 12:30:00
0.7512399999999999;1.3842400000000001;2024-10-16 12:45:00
0.75796;3.07296;2024-10-16 13:00:00
0.64544;3.31344;2024-10-16 13:15:00
0.61233;3.15233;2024-10-16 13:30:00
0.82526;3.17326;2024-10-16 13:45:00
1.1065299999999998;2.96953;2024-10-16 14:00:00
1.7729300000000001;2.35793;2024-10-16 14:15:00
2.9000299999999997;2.70903;2024-10-16 14:30:00
2.34246;2.8444599999999998;2024-10-16 14:45:00
2.27127;2.72727;2024-10-16 15:00:00
2.54596;2.56896;2024-10-16 15:15:00
3.35888;2.40788;2024-10-16 15:30:00
3.01272;2.47872;2024-10-16 15:45:00
3.07324;1.9522400000000002;2024-10-16 16:00:00
3.2633599999999996;1.53036;2024-10-16 16:15:00
3.4843200000000003;1.76932;2024-10-16 16:30:00
3.82729;1.6722900000000003;2024-10-16 16:45:00
4.467040000000001;1.30504;2024-10-16 17:00:00
3.78177;0.9617699999999999;2024-10-16 17:15:00
4.08347;0.65847;2024-10-16 17:30:00
4.23137;0.41237;2024-10-16 17:45:00
4.15782;0.21482;2024-10-16 18:00:00
4.66915;0.11715000000000002;2024-10-16 18:15:00
3.4486499999999998;0.041650000000000006;2024-10-16 18:30:00
3.53315;0.007149999999999999;2024-10-16 18:45:00
3.0429999999999997;0.0;2024-10-16 19:00:00
2.505;0.0;2024-10-16 19:15:00
2.4930000000000003;0.0;2024-10-16 19:30:00
3.1800000000000006;0.0;2024-10-16 19:45:00
2.7880000000000003;0.0;2024-10-16 20:00:00
2.565;0.0;2024-10-16 20:15:00
2.61;0.0;2024-10-16 20:30:00
2.4810000000000003;0.0;2024-10-16 20:45:00
2.4450000000000003;0.0;2024-10-16 21:00:00
2.5060000000000002;0.0;2024-10-16 21:15:00
2.16;0.0;2024-10-16 21:30:00
1.73;0.0;2024-10-16 21:45:00
1.5500000000000003;0.0;2024-10-16 22:00:00
1.326;0.0;2024-10-16 22:15:00
0.765;0.0;2024-10-16 22:30:00
1.334;0.0;2024-10-16 22:45:00
1.6280000000000001;0.0;2024-10-16 23:00:00
1.883;0.0;2024-10-16 23:15:00
1.399;0.0;2024-10-16 23:30:00
1.092;0.0;2024-10-16 23:45:00
0.485;0.0;2024-10-17 00:00:00
2.235;0.0;2024-10-16 00:15:00
2.294;0.0;2024-10-16 00:30:00
2.17;0.0;2024-10-16 00:45:00
2.21;0.0;2024-10-16 01:00:00
2.0060000000000002;0.0;2024-10-16 01:15:00
2.119;0.0;2024-10-16 01:30:00
1.977;0.0;2024-10-16 01:45:00
2.13;0.0;2024-10-16 02:00:00
2.009;0.0;2024-10-16 02:15:00
2.0949999999999998;0.0;2024-10-16 02:30:00
2.069;0.0;2024-10-16 02:45:00
2.0440000000000005;0.0;2024-10-16 03:00:00
2.087;0.0;2024-10-16 03:15:00
1.975;0.0;2024-10-16 03:30:00
2.089;0.0;2024-10-16 03:45:00
2.025;0.0;2024-10-16 04:00:00
2.069;0.0;2024-10-16 04:15:00
2.094;0.0;2024-10-16 04:30:00
2.041;0.0;2024-10-16 04:45:00
2.071;0.0;2024-10-16 05:00:00
2.0010000000000003;0.0;2024-10-16 05:15:00
2.058;0.0;2024-10-16 05:30:00
2.028;0.0;2024-10-16 05:45:00
2.019;0.0;2024-10-16 06:00:00
2.0500000000000003;0.0;2024-10-16 06:15:00
2.019;0.0;2024-10-16 06:30:00
2.0980000000000003;0.0;2024-10-16 06:45:00
2.0100000000000002;0.0;2024-10-16 07:00:00
2.035;0.0;2024-10-16 07:15:00
2.027;0.0;2024-10-16 07:30:00
2.005;0.0;2024-10-16 07:45:00
2.055;0.0;2024-10-16 08:00:00
1.961;0.0;2024-10-16 08:15:00
2.0860000000000003;0.0;2024-10-16 08:30:00
1.18486;0.00186;2024-10-16 08:45:00
1.2591700000000001;0.04617;2024-10-16 09:00:00
3.1921600000000003;0.14016;2024-10-16 09:15:00
2.3153;0.2163;2024-10-16 09:30:00
2.74255;0.37655000000000005;2024-10-16 09:45:00
3.53303;0.19103000000000003;2024-10-16 10:00:00
3.8286000000000002;0.1866;2024-10-16 10:15:00
5.11662;0.31462;2024-10-16 10:30:00
5.06018;0.36218000000000006;2024-10-16 10:45:00
4.9177;0.27070000000000005;2024-10-16 11:00:00
4.57991;0.31091;2024-10-16 11:15:00
4.84413;0.23613;2024-10-16 11:30:00
3.38877;0.18877;2024-10-16 11:45:00
3.74202;0.15702;2024-10-16 12:00:00
3.63773;0.19473000000000001;2024-10-16 12:15:00
2.82142;0.16642;2024-10-16 12:30:00
2.9382500000000005;0.11025000000000001;2024-10-16 12:45:00
1.97315;0.17715;2024-10-16 13:00:00
1.6463;0.20429999999999998;2024-10-16 13:15:00
1.93422;0.23521999999999998;2024-10-16 13:30:00
1.5634700000000001;0.30447;2024-10-16 13:45:00
1.3106900000000001;0.16869;2024-10-16 14:00:00
0.5928100000000001;0.18781;2024-10-16 14:15:00
0.70931;0.17831000000000002;2024-10-16 14:30:00
0.6773;0.1493;2024-10-16 14:45:00
2.2365500000000003;0.19055;2024-10-16 15:00:00
2.01006;0.21106;2024-10-16 15:15:00
3.2379300000000004;0.16893;2024-10-16 15:30:00
2.65284;0.14584000000000003;2024-10-16 15:45:00
3.5696299999999996;0.22463;2024-10-16 16:00:00
2.56029;0.29729;2024-10-16 16:15:00
3.6183299999999994;0.29033000000000003;2024-10-16 16:30:00
3.1125499999999997;0.13055;2024-10-16 16:45:00
4.30745;0.11645;2024-10-16 17:00:00
3.67834;0.06434000000000001;2024-10-16 17:15:00
4.6361799999999995;0.037180000000000005;2024-10-16 17:30:00
3.9776999999999996;0.0297;2024-10-16 17:45:00
3.8542299999999994;0.00123;2024-10-16 18:00:00
4.25403;0.004030000000000001;2024-10-16 18:15:00
3.3829700000000003;0.0029700000000000004;2024-10-16 18:30:00
3.39051;0.0015100000000000003;2024-10-16 18:45:00
3.704;0.0;2024-10-16 19:00:00
3.6550000000000002;0.0;2024-10-16 19:15:00
3.45;0.0;2024-10-16 19:30:00
3.48;0.0;2024-10-16 19:45:00
2.734;0.0;2024-10-16 20:00:00
2.577;0.0;2024-10-16 20:15:00
2.568;0.0;2024-10-16 20:30:00
2.573;0.0;2024-10-16 20:45:00
2.512;0.0;2024-10-16 21:00:00
2.312;0.0;2024-10-16 21:15:00
2.226;0.0;2024-10-16 21:30:00
1.8820000000000001;0.0;2024-10-16 21:45:00
2.266;0.0;2024-10-16 22:00:00
2.2439999999999998;0.0;2024-10-16 22:15:00
1.8880000000000001;0.0;2024-10-16 22:30:00
1.4989999999999999;0.0;2024-10-16 22:45:00
1.581;0.0;2024-10-16 23:00:00
1.617;0.0;2024-10-16 23:15:00
1.348;0.0;2024-10-16 23:30:00
1.081;0.0;2024-10-16 23:45:00
0.52;0.0;2024-10-17 00:00:00
0.563;0.0;2024-10-16 00:15:00
0.613;0.0;2024-10-16 00:30:00
0.5700000000000001;0.0;2024-10-16 00:45:00
0.627;0.0;2024-10-16 01:00:00
0.549;0.0;2024-10-16 01:15:00
0.99;0.0;2024-10-16 01:30:00
0.529;0.0;2024-10-16 01:45:00
0.53;0.0;2024-10-16 02:00:00
0.5630000000000001;0.0;2024-10-16 02:15:00
0.493;0.0;2024-10-16 02:30:00
0.5900000000000001;0.0;2024-10-16 02:45:00
0.512;0.0;2024-10-16 03:00:00
0.65;0.0;2024-10-16 03:15:00
0.54;0.0;2024-10-16 03:30:00
0.5820000000000001;0.0;2024-10-16 03:45:00
0.535;0.0;2024-10-16 04:00:00
0.542;0.0;2024-10-16 04:15:00
0.562;0.0;2024-10-16 04:30:00
0.488;0.0;2024-10-16 04:45:00
0.5860000000000001;0.0;2024-10-16 05:00:00
0.509;0.0;2024-10-16 05:15:00
1.017;0.0;2024-10-16 05:30:00
0.558;0.0;2024-10-16 05:45:00
0.573;0.0;2024-10-16 06:00:00
0.575;0.0;2024-10-16 06:15:00
0.55301;1e-05;2024-10-16 06:30:00
0.5892299999999999;0.02123;2024-10-16 06:45:00
0.51234;0.08234;2024-10-16 07:00:00
0.56686;0.18886000000000003;2024-10-16 07:15:00
0.51499;0.35799000000000003;2024-10-16 07:30:00
0.57718;0.57018;2024-10-16 07:45:00
1.02758;0.80758;2024-10-16 08:00:00
2.52308;1.0710800000000003;2024-10-16 08:15:00
2.25113;1.3331300000000001;2024-10-16 08:30:00
2.24093;1.5789300000000002;2024-10-16 08:45:00
3.71164;1.82164;2024-10-16 09:00:00
4.17652;2.0495200000000002;2024-10-16 09:15:00
4.458360000000001;2.26736;2024-10-16 09:30:00
4.37653;2.47453;2024-10-16 09:45:00
3.57291;2.6749099999999997;2024-10-16 10:00:00
3.59405;2.87905;2024-10-16 10:15:00
3.60532;3.0393200000000005;2024-10-16 10:30:00
3.6749400000000003;3.1759399999999998;2024-10-16 10:45:00
3.0295500000000004;3.3005500000000003;2024-10-16 11:00:00
3.09004;3.4260400000000004;2024-10-16 11:15:00
2.128;3.5380000000000003;2024-10-16 11:30:00
1.8782800000000002;3.6212799999999996;2024-10-16 11:45:00
1.17082;3.65882;2024-10-16 12:00:00
0.6644;3.7024;2024-10-16 12:15:00
0.7954300000000001;3.7994299999999996;2024-10-16 12:30:00
1.00903;3.7940300000000002;2024-10-16 12:45:00
0.63012;3.80912;2024-10-16 13:00:00
0.58869;3.78869;2024-10-16 13:15:00
0.5948599999999999;3.77886;2024-10-16 13:30:00
0.7199899999999999;3.7339900000000004;2024-10-16 13:45:00
1.4543400000000002;3.67734;2024-10-16 14:00:00
1.8274400000000002;3.62944;2024-10-16 14:15:00
2.73991;3.49891;2024-10-16 14:30:00
2.35661;3.4006100000000004;2024-10-16 14:45:00
2.67683;3.2828299999999997;2024-10-16 15:00:00
2.8967799999999997;3.13678;2024-10-16 15:15:00
4.3395600000000005;3.00456;2024-10-16 15:30:00
3.81178;2.84378;2024-10-16 15:45:00
4.0675799999999995;2.6655800000000003;2024-10-16 16:00:00
3.9752300000000007;2.48423;2024-10-16 16:15:00
4.61511;2.30711;2024-10-16 16:30:00
4.63207;2.10807;2024-10-16 16:45:00
4.63977;1.89377;2024-10-16 17:00:00
3.9072199999999997;1.6652200000000001;2024-10-16 17:15:00
3.7205500000000002;1.4175499999999999;2024-10-16 17:30:00
3.420540000000001;1.17454;2024-10-16 17:45:00
3.17704;0.9310400000000001;2024-10-16 18:00:00
2.6641700000000004;0.6941700000000001;2024-10-16 18:15:00
2.5298900000000004;0.47789000000000004;2024-10-16 18:30:00
2.44422;0.30722;2024-10-16 18:45:00
2.59107;0.21007;2024-10-16 19:00:00
2.60898;0.17598;2024-10-16 19:15:00
2.86674;0.14274;2024-10-16 19:30:00
2.52614;0.09314;2024-10-16 19:45:00
2.53858;0.047580000000000004;2024-10-16 20:00:00
2.49912;0.01412;2024-10-16 20:15:00
2.558;0.0;2024-10-16 20:30:00
2.4690000000000003;0.0;2024-10-16 20:45:00
2.406;0.0;2024-10-16 21:00:00
2.924;0.0;2024-10-16 21:15:00
1.8760000000000001;0.0;2024-10-16 21:30:00
2.144;0.0;2024-10-16 21:45:00
2.165;0.0;2024-10-16 22:00:00
1.483;0.0;2024-10-16 22:15:00
1.347;0.0;2024-10-16 22:30:00
1.642;0.0;2024-10-16 22:45:00
1.6709999999999998;0.0;2024-10-16 23:00:00
1.039;0.0;2024-10-16 23:15:00
0.527;0.0;2024-10-16 23:30:00
0.48500000000000004;0.0;2024-10-16 23:45:00
0.545;0.0;2024-10-17 00:00:00
