"fecha";"EpR";"EmR";"EpS";"EmS";"EpT";"EmT";"EpRST";"EmRST";"Q1";"Q2";"Q3";"Q4";"EcR";"EcS";"EcT";"EcRST";"Einv_tot";"Inversor_4";"Inversor_5";
"01/12/2023 00:00";"0,705";"0,000";"0,597";"0,000";"0,437";"0,000";"1,739";"0,000";"0,000";"0,000";"0,000";"0,276";"0,705";"0,597";"0,437";"1,739";"0,000";"0,000";"0,000";
"01/12/2023 00:10";"0,813";"0,000";"0,684";"0,000";"0,515";"0,000";"2,011";"0,000";"0,104";"0,000";"0,000";"0,295";"0,813";"0,684";"0,515";"2,011";"0,000";"0,000";"0,000";
"01/12/2023 00:20";"0,660";"0,000";"0,570";"0,000";"0,407";"0,000";"1,637";"0,000";"0,020";"0,000";"0,000";"0,067";"0,660";"0,570";"0,407";"1,637";"0,000";"0,000";"0,000";
"01/12/2023 00:30";"0,697";"0,000";"0,567";"0,000";"0,391";"0,000";"1,655";"0,000";"0,000";"0,000";"0,000";"0,158";"0,697";"0,567";"0,391";"1,655";"0,000";"0,000";"0,000";
"01/12/2023 00:40";"1,379";"0,000";"0,780";"0,000";"0,541";"0,000";"2,700";"0,000";"0,034";"0,000";"0,000";"0,362";"1,379";"0,780";"0,541";"2,700";"0,000";"0,000";"0,000";
"01/12/2023 00:50";"0,806";"0,000";"0,569";"0,000";"0,381";"0,000";"1,756";"0,000";"0,001";"0,000";"0,000";"0,156";"0,806";"0,569";"0,381";"1,756";"0,000";"0,000";"0,000";
"01/12/2023 01:00";"0,657";"0,000";"0,562";"0,000";"0,382";"0,000";"1,601";"0,000";"0,000";"0,000";"0,000";"0,183";"0,657";"0,562";"0,382";"1,601";"0,000";"0,000";"0,000";
"01/12/2023 01:10";"1,158";"0,000";"0,773";"0,000";"0,604";"0,000";"2,535";"0,000";"0,050";"0,000";"0,000";"0,334";"1,158";"0,773";"0,604";"2,535";"0,000";"0,000";"0,000";
"01/12/2023 01:20";"0,769";"0,000";"0,582";"0,000";"0,338";"0,000";"1,690";"0,000";"0,001";"0,000";"0,000";"0,242";"0,769";"0,582";"0,338";"1,690";"0,000";"0,000";"0,000";
"01/12/2023 01:30";"0,806";"0,000";"0,729";"0,000";"0,565";"0,000";"2,100";"0,000";"0,132";"0,000";"0,000";"0,165";"0,806";"0,729";"0,565";"2,100";"0,000";"0,000";"0,000";
"01/12/2023 01:40";"0,701";"0,000";"0,585";"0,000";"0,422";"0,000";"1,707";"0,000";"0,000";"0,000";"0,000";"0,229";"0,701";"0,585";"0,422";"1,707";"0,000";"0,000";"0,000";
"01/12/2023 01:50";"0,681";"0,000";"0,545";"0,000";"0,381";"0,000";"1,607";"0,000";"0,000";"0,000";"0,000";"0,239";"0,681";"0,545";"0,381";"1,607";"0,000";"0,000";"0,000";
"01/12/2023 02:00";"0,795";"0,000";"0,720";"0,000";"0,600";"0,000";"2,114";"0,000";"0,032";"0,000";"0,000";"0,318";"0,795";"0,720";"0,600";"2,114";"0,000";"0,000";"0,000";
"01/12/2023 02:10";"0,658";"0,000";"0,558";"0,000";"0,408";"0,000";"1,624";"0,000";"0,000";"0,000";"0,000";"0,282";"0,658";"0,558";"0,408";"1,624";"0,000";"0,000";"0,000";
"01/12/2023 02:20";"1,412";"0,000";"0,813";"0,000";"0,587";"0,000";"2,812";"0,000";"0,078";"0,000";"0,000";"0,246";"1,412";"0,813";"0,587";"2,812";"0,000";"0,000";"0,000";
"01/12/2023 02:30";"1,333";"0,000";"0,831";"0,000";"0,380";"0,000";"2,544";"0,000";"0,000";"0,000";"0,000";"0,172";"1,333";"0,831";"0,380";"2,544";"0,000";"0,000";"0,000";
"01/12/2023 02:40";"1,017";"0,000";"0,798";"0,000";"0,343";"0,000";"2,157";"0,000";"0,002";"0,000";"0,000";"0,215";"1,017";"0,798";"0,343";"2,157";"0,000";"0,000";"0,000";
"01/12/2023 02:50";"0,843";"0,000";"0,719";"0,000";"0,602";"0,000";"2,164";"0,000";"0,045";"0,000";"0,000";"0,240";"0,843";"0,719";"0,602";"2,164";"0,000";"0,000";"0,000";
"01/12/2023 03:00";"0,757";"0,000";"0,565";"0,000";"0,404";"0,000";"1,726";"0,000";"0,008";"0,000";"0,000";"0,147";"0,757";"0,565";"0,404";"1,726";"0,000";"0,000";"0,000";
"01/12/2023 03:10";"1,146";"0,000";"0,757";"0,000";"0,485";"0,000";"2,388";"0,000";"0,030";"0,000";"0,000";"0,219";"1,146";"0,757";"0,485";"2,388";"0,000";"0,000";"0,000";
"01/12/2023 03:20";"0,915";"0,000";"0,670";"0,000";"0,518";"0,000";"2,104";"0,000";"0,003";"0,000";"0,000";"0,227";"0,915";"0,670";"0,518";"2,104";"0,000";"0,000";"0,000";
"01/12/2023 03:30";"0,753";"0,000";"0,589";"0,000";"0,410";"0,000";"1,752";"0,000";"0,013";"0,000";"0,000";"0,127";"0,753";"0,589";"0,410";"1,752";"0,000";"0,000";"0,000";
"01/12/2023 03:40";"1,125";"0,000";"0,742";"0,000";"0,585";"0,000";"2,452";"0,000";"0,117";"0,000";"0,000";"0,276";"1,125";"0,742";"0,585";"2,452";"0,000";"0,000";"0,000";
"01/12/2023 03:50";"1,071";"0,000";"0,728";"0,000";"0,376";"0,000";"2,174";"0,000";"0,000";"0,000";"0,000";"0,274";"1,071";"0,728";"0,376";"2,174";"0,000";"0,000";"0,000";
"01/12/2023 04:00";"0,785";"0,000";"0,578";"0,000";"0,413";"0,000";"1,776";"0,000";"0,020";"0,000";"0,000";"0,118";"0,785";"0,578";"0,413";"1,776";"0,000";"0,000";"0,000";
"01/12/2023 04:10";"1,002";"0,000";"0,759";"0,000";"0,586";"0,000";"2,347";"0,000";"0,119";"0,000";"0,000";"0,315";"1,002";"0,759";"0,586";"2,347";"0,000";"0,000";"0,000";
"01/12/2023 04:20";"1,361";"0,000";"0,765";"0,000";"0,390";"0,000";"2,515";"0,000";"0,000";"0,000";"0,000";"0,301";"1,361";"0,765";"0,390";"2,515";"0,000";"0,000";"0,000";
"01/12/2023 04:30";"0,867";"0,000";"0,715";"0,000";"0,533";"0,000";"2,114";"0,000";"0,141";"0,000";"0,000";"0,242";"0,867";"0,715";"0,533";"2,114";"0,000";"0,000";"0,000";
"01/12/2023 04:40";"0,670";"0,000";"0,582";"0,000";"0,403";"0,000";"1,655";"0,000";"0,000";"0,000";"0,000";"0,265";"0,670";"0,582";"0,403";"1,655";"0,000";"0,000";"0,000";
"01/12/2023 04:50";"1,084";"0,000";"0,774";"0,000";"0,602";"0,000";"2,461";"0,000";"0,041";"0,000";"0,000";"0,427";"1,084";"0,774";"0,602";"2,461";"0,000";"0,000";"0,000";
"01/12/2023 05:00";"0,887";"0,000";"0,679";"0,000";"0,339";"0,000";"1,905";"0,000";"0,001";"0,000";"0,000";"0,180";"0,887";"0,679";"0,339";"1,905";"0,000";"0,000";"0,000";
"01/12/2023 05:10";"0,689";"0,000";"0,589";"0,000";"0,402";"0,000";"1,680";"0,000";"0,000";"0,000";"0,000";"0,160";"0,689";"0,589";"0,402";"1,680";"0,000";"0,000";"0,000";
"01/12/2023 05:20";"0,965";"0,000";"0,848";"0,000";"0,676";"0,000";"2,489";"0,000";"0,065";"0,000";"0,000";"0,248";"0,965";"0,848";"0,676";"2,489";"0,000";"0,000";"0,000";
"01/12/2023 05:30";"1,921";"0,000";"1,286";"0,000";"0,875";"0,000";"4,082";"0,000";"0,001";"0,000";"0,000";"0,147";"1,921";"1,286";"0,875";"4,082";"0,000";"0,000";"0,000";
"01/12/2023 05:40";"2,745";"0,000";"2,063";"0,000";"1,950";"0,000";"6,758";"0,000";"0,431";"0,000";"0,000";"0,081";"2,745";"2,063";"1,950";"6,758";"0,000";"0,000";"0,000";
"01/12/2023 05:50";"2,249";"0,000";"1,673";"0,000";"1,473";"0,000";"5,395";"0,000";"0,165";"0,000";"0,000";"0,230";"2,249";"1,673";"1,473";"5,395";"0,000";"0,000";"0,000";
"01/12/2023 06:00";"2,552";"0,000";"1,829";"0,000";"1,587";"0,000";"5,969";"0,000";"0,535";"0,000";"0,000";"0,124";"2,552";"1,829";"1,587";"5,969";"0,000";"0,000";"0,000";
"01/12/2023 06:10";"4,921";"0,000";"3,537";"0,000";"4,288";"0,000";"12,746";"0,000";"0,684";"0,000";"0,000";"0,379";"4,921";"3,537";"4,288";"12,746";"0,000";"0,000";"0,000";
"01/12/2023 06:20";"5,925";"0,000";"4,823";"0,000";"5,755";"0,000";"16,502";"0,000";"1,688";"0,000";"0,000";"1,480";"5,925";"4,823";"5,755";"16,502";"0,000";"0,000";"0,000";
"01/12/2023 06:30";"7,179";"0,000";"6,347";"0,000";"6,955";"0,000";"20,481";"0,000";"1,647";"0,000";"0,000";"0,347";"7,179";"6,347";"6,955";"20,481";"0,000";"0,000";"0,000";
"01/12/2023 06:40";"8,333";"0,000";"7,575";"0,000";"7,878";"0,000";"23,786";"0,000";"2,041";"0,000";"0,000";"0,311";"8,333";"7,575";"7,878";"23,786";"0,000";"0,000";"0,000";
"01/12/2023 06:50";"8,463";"0,000";"7,402";"0,000";"7,731";"0,000";"23,596";"0,000";"1,380";"0,000";"0,000";"0,298";"8,463";"7,402";"7,731";"23,596";"0,000";"0,000";"0,000";
"01/12/2023 07:00";"7,336";"0,000";"6,336";"0,000";"7,216";"0,000";"20,888";"0,000";"1,143";"0,000";"0,000";"0,799";"7,336";"6,336";"7,216";"20,888";"0,000";"0,000";"0,000";
"01/12/2023 07:10";"6,425";"0,000";"5,711";"0,000";"6,486";"0,000";"18,622";"0,000";"1,859";"0,000";"0,000";"0,687";"6,425";"5,711";"6,486";"18,622";"0,000";"0,000";"0,000";
"01/12/2023 07:20";"6,331";"0,000";"5,463";"0,000";"6,253";"0,000";"18,047";"0,000";"1,310";"0,000";"0,000";"1,005";"6,331";"5,463";"6,253";"18,047";"0,000";"0,000";"0,000";
"01/12/2023 07:30";"6,446";"0,000";"5,504";"0,000";"6,102";"0,000";"18,053";"0,000";"0,895";"0,000";"0,000";"0,455";"6,446";"5,504";"6,102";"18,053";"0,000";"0,000";"0,000";
"01/12/2023 07:40";"6,325";"0,000";"5,666";"0,000";"6,316";"0,000";"18,308";"0,000";"1,452";"0,000";"0,000";"0,620";"6,325";"5,666";"6,316";"18,308";"0,000";"0,000";"0,000";
"01/12/2023 07:50";"6,384";"0,000";"5,682";"0,000";"6,325";"0,000";"18,390";"0,000";"1,141";"0,000";"0,000";"0,463";"6,384";"5,682";"6,325";"18,390";"0,000";"0,000";"0,000";
"01/12/2023 08:00";"7,423";"0,000";"6,295";"0,000";"6,717";"0,000";"20,435";"0,000";"1,104";"0,000";"0,000";"0,394";"7,423";"6,295";"6,717";"20,435";"0,000";"0,000";"0,000";
"01/12/2023 08:10";"7,053";"0,000";"6,371";"0,000";"6,764";"0,000";"20,188";"0,000";"1,366";"0,000";"0,000";"0,371";"7,053";"6,371";"6,764";"20,188";"0,000";"0,000";"0,000";
"01/12/2023 08:20";"9,270";"0,000";"8,583";"0,000";"9,059";"0,000";"26,911";"0,000";"2,241";"0,000";"0,000";"0,229";"9,270";"8,583";"9,059";"26,911";"0,000";"0,000";"0,000";
"01/12/2023 08:30";"7,655";"0,000";"6,834";"0,000";"7,155";"0,000";"21,645";"0,000";"1,489";"0,000";"0,000";"0,555";"7,655";"6,834";"7,155";"21,645";"0,000";"0,000";"0,000";
"01/12/2023 08:40";"9,439";"0,000";"8,657";"0,000";"9,129";"0,000";"27,224";"0,000";"1,914";"0,000";"0,000";"0,157";"9,439";"8,657";"9,129";"27,224";"0,000";"0,000";"0,000";
"01/12/2023 08:50";"9,253";"0,000";"9,183";"0,000";"8,876";"0,000";"27,312";"0,000";"2,392";"0,000";"0,000";"0,194";"9,253";"9,183";"8,876";"27,312";"0,000";"0,000";"0,000";
"01/12/2023 09:00";"9,337";"0,000";"8,379";"0,000";"8,540";"0,000";"26,256";"0,000";"1,699";"0,000";"0,000";"0,194";"9,337";"8,379";"8,540";"26,256";"0,000";"0,000";"0,000";
"01/12/2023 09:10";"8,177";"0,000";"7,414";"0,000";"7,713";"0,000";"23,304";"0,000";"1,887";"0,000";"0,000";"0,189";"8,177";"7,414";"7,713";"23,304";"0,000";"0,000";"0,000";
"01/12/2023 09:20";"8,556";"0,000";"7,505";"0,000";"7,735";"0,000";"23,795";"0,000";"1,825";"0,000";"0,000";"0,351";"8,556";"7,505";"7,735";"23,795";"0,000";"0,000";"0,000";
"01/12/2023 09:30";"8,613";"0,000";"7,713";"0,000";"8,118";"0,000";"24,444";"0,000";"1,913";"0,000";"0,000";"0,417";"8,613";"7,713";"8,118";"24,444";"0,000";"0,000";"0,000";
"01/12/2023 09:40";"9,911";"0,000";"8,886";"0,000";"9,462";"0,000";"28,260";"0,000";"2,245";"0,000";"0,000";"0,113";"9,911";"8,886";"9,462";"28,260";"0,000";"0,000";"0,000";
"01/12/2023 09:50";"8,625";"0,000";"7,637";"0,000";"8,170";"0,000";"24,433";"0,000";"1,794";"0,000";"0,000";"0,403";"8,625";"7,637";"8,170";"24,433";"0,000";"0,000";"0,000";
"01/12/2023 10:00";"7,392";"0,000";"6,385";"0,000";"6,970";"0,000";"20,747";"0,000";"0,684";"0,000";"0,000";"0,385";"7,584";"6,577";"7,162";"21,322";"0,575";"0,293";"0,282";
"01/12/2023 10:10";"7,228";"0,000";"6,115";"0,000";"6,794";"0,000";"20,137";"0,000";"1,258";"0,000";"0,000";"0,774";"7,705";"6,592";"7,271";"21,569";"1,432";"0,736";"0,696";
"01/12/2023 10:20";"7,920";"0,000";"7,043";"0,000";"7,718";"0,000";"22,681";"0,000";"1,608";"0,000";"0,000";"0,318";"8,656";"7,779";"8,454";"24,889";"2,208";"1,122";"1,086";
"01/12/2023 10:30";"8,952";"0,000";"8,053";"0,000";"8,961";"0,000";"25,966";"0,000";"1,905";"0,000";"0,000";"0,208";"10,025";"9,127";"10,035";"29,186";"3,221";"1,664";"1,557";
"01/12/2023 10:40";"8,321";"0,000";"7,424";"0,000";"8,171";"0,000";"23,915";"0,000";"1,254";"0,000";"0,000";"0,310";"8,585";"7,688";"8,435";"24,707";"0,792";"0,441";"0,351";
"01/12/2023 10:50";"8,367";"0,000";"7,240";"0,000";"7,942";"0,000";"23,549";"0,000";"2,357";"0,000";"0,000";"0,285";"8,422";"7,294";"7,997";"23,713";"0,164";"0,085";"0,079";
"01/12/2023 11:00";"8,049";"0,000";"6,922";"0,000";"7,881";"0,000";"22,851";"0,000";"1,354";"0,000";"0,000";"0,185";"8,142";"7,014";"7,973";"23,129";"0,278";"0,142";"0,136";
"01/12/2023 11:10";"7,850";"0,000";"7,176";"0,000";"7,453";"0,000";"22,480";"0,000";"2,151";"0,000";"0,000";"0,090";"8,250";"7,576";"7,853";"23,680";"1,200";"0,608";"0,592";
"01/12/2023 11:20";"10,407";"0,000";"9,804";"0,000";"9,949";"0,000";"30,160";"0,000";"2,800";"0,000";"0,000";"0,002";"11,794";"11,191";"11,336";"34,321";"4,161";"2,160";"2,001";
"01/12/2023 11:30";"6,913";"0,000";"6,366";"0,000";"6,391";"0,000";"19,670";"0,000";"1,607";"0,000";"0,000";"0,277";"8,263";"7,716";"7,741";"23,720";"4,050";"2,079";"1,971";
"01/12/2023 11:40";"7,678";"0,000";"7,165";"0,000";"7,134";"0,000";"21,977";"0,000";"1,566";"0,000";"0,000";"0,113";"7,968";"7,455";"7,424";"22,847";"0,870";"0,449";"0,421";
"01/12/2023 11:50";"7,876";"0,000";"7,170";"0,000";"7,614";"0,000";"22,660";"0,000";"1,932";"0,000";"0,000";"0,199";"8,278";"7,573";"8,017";"23,867";"1,207";"0,613";"0,594";
"01/12/2023 12:00";"7,995";"0,000";"7,255";"0,000";"7,801";"0,000";"23,051";"0,000";"1,108";"0,000";"0,000";"0,573";"8,686";"7,946";"8,492";"25,124";"2,073";"1,047";"1,026";
"01/12/2023 12:10";"7,470";"0,000";"6,359";"0,000";"7,000";"0,000";"20,829";"0,000";"1,658";"0,000";"0,000";"0,410";"7,737";"6,625";"7,266";"21,628";"0,799";"0,408";"0,391";
"01/12/2023 12:20";"6,820";"0,000";"5,902";"0,000";"6,430";"0,000";"19,151";"0,000";"1,055";"0,000";"0,000";"0,357";"7,105";"6,187";"6,716";"20,008";"0,857";"0,435";"0,422";
"01/12/2023 12:30";"6,722";"0,000";"5,923";"0,000";"6,634";"0,000";"19,280";"0,000";"1,236";"0,000";"0,000";"0,439";"7,802";"7,003";"7,714";"22,519";"3,239";"1,634";"1,605";
"01/12/2023 12:40";"5,634";"0,000";"4,907";"0,000";"5,739";"0,000";"16,280";"0,000";"0,974";"0,000";"0,000";"0,656";"7,718";"6,992";"7,823";"22,533";"6,253";"3,146";"3,107";
"01/12/2023 12:50";"4,973";"0,000";"4,258";"0,000";"4,720";"0,000";"13,951";"0,000";"0,959";"0,000";"0,000";"0,296";"5,345";"4,629";"5,092";"15,066";"1,115";"0,568";"0,547";
"01/12/2023 13:00";"4,783";"0,000";"4,059";"0,000";"4,592";"0,000";"13,434";"0,000";"0,732";"0,000";"0,000";"0,317";"4,961";"4,237";"4,770";"13,968";"0,534";"0,273";"0,261";
"01/12/2023 13:10";"4,896";"0,000";"4,004";"0,000";"4,403";"0,000";"13,303";"0,000";"0,668";"0,000";"0,000";"0,313";"5,927";"5,035";"5,434";"16,396";"3,093";"1,572";"1,521";
"01/12/2023 13:20";"4,402";"0,000";"3,476";"0,000";"3,369";"0,000";"11,247";"0,000";"1,370";"0,000";"0,000";"0,258";"5,067";"4,140";"4,034";"13,241";"1,994";"1,014";"0,980";
"01/12/2023 13:30";"3,924";"0,000";"2,905";"0,000";"3,057";"0,000";"9,886";"0,000";"0,966";"0,000";"0,000";"0,199";"4,485";"3,466";"3,618";"11,569";"1,683";"0,856";"0,827";
"01/12/2023 13:40";"2,487";"0,000";"1,869";"0,000";"1,981";"0,000";"6,338";"0,000";"0,317";"0,000";"0,000";"0,270";"2,932";"2,314";"2,426";"7,672";"1,334";"0,678";"0,656";
"01/12/2023 13:50";"2,069";"0,000";"1,488";"0,000";"1,413";"0,000";"4,969";"0,000";"0,289";"0,000";"0,000";"0,033";"2,328";"1,747";"1,672";"5,746";"0,777";"0,397";"0,380";
"01/12/2023 14:00";"1,899";"0,000";"1,345";"0,000";"1,144";"0,000";"4,389";"0,000";"0,347";"0,000";"0,000";"0,057";"2,047";"1,493";"1,292";"4,832";"0,443";"0,227";"0,216";
"01/12/2023 14:10";"1,469";"0,000";"0,952";"0,000";"0,745";"0,000";"3,166";"0,000";"0,365";"0,000";"0,000";"0,000";"1,699";"1,181";"0,975";"3,855";"0,689";"0,351";"0,338";
"01/12/2023 14:20";"0,969";"0,000";"0,510";"0,000";"0,407";"0,000";"1,886";"0,000";"0,221";"0,000";"0,000";"0,000";"1,366";"0,906";"0,803";"3,076";"1,190";"0,603";"0,587";
"01/12/2023 14:30";"1,019";"0,000";"0,547";"0,000";"0,350";"0,000";"1,916";"0,000";"0,357";"0,000";"0,000";"0,000";"2,727";"2,255";"2,058";"7,039";"5,123";"2,608";"2,515";
"01/12/2023 14:40";"0,922";"0,000";"0,416";"0,000";"0,264";"0,000";"1,601";"0,000";"0,358";"0,000";"0,000";"0,000";"1,518";"1,012";"0,860";"3,389";"1,788";"0,908";"0,880";
"01/12/2023 14:50";"0,985";"0,000";"0,402";"0,000";"0,264";"0,000";"1,651";"0,000";"0,378";"0,000";"0,000";"0,000";"1,228";"0,645";"0,507";"2,380";"0,729";"0,374";"0,355";
"01/12/2023 15:00";"1,003";"0,000";"0,491";"0,000";"0,316";"0,000";"1,810";"0,000";"0,442";"0,000";"0,000";"0,000";"2,278";"1,766";"1,591";"5,635";"3,825";"1,954";"1,871";
"01/12/2023 15:10";"1,204";"0,000";"0,451";"0,000";"0,350";"0,000";"2,005";"0,000";"0,413";"0,000";"0,000";"0,000";"2,895";"2,143";"2,041";"7,079";"5,074";"2,590";"2,484";
"01/12/2023 15:20";"1,554";"0,000";"0,989";"0,000";"0,368";"0,000";"2,911";"0,000";"0,251";"0,000";"0,000";"0,000";"3,315";"2,750";"2,129";"8,194";"5,283";"2,694";"2,589";
"01/12/2023 15:30";"1,994";"0,000";"1,391";"0,000";"0,884";"0,000";"4,269";"0,000";"0,410";"0,000";"0,000";"0,092";"3,182";"2,580";"2,072";"7,834";"3,565";"1,818";"1,747";
"01/12/2023 15:40";"1,603";"0,000";"0,950";"0,000";"0,352";"0,000";"2,906";"0,000";"0,225";"0,000";"0,000";"0,000";"2,204";"1,551";"0,953";"4,709";"1,803";"0,914";"0,889";
"01/12/2023 15:50";"1,497";"0,000";"0,975";"0,000";"0,357";"0,000";"2,829";"0,000";"0,281";"0,000";"0,000";"0,000";"1,629";"1,107";"0,489";"3,226";"0,397";"0,204";"0,193";
"01/12/2023 16:00";"1,475";"0,000";"0,906";"0,000";"0,367";"0,000";"2,748";"0,000";"0,265";"0,000";"0,000";"0,000";"1,702";"1,133";"0,594";"3,429";"0,681";"0,347";"0,334";
"01/12/2023 16:10";"1,370";"0,000";"0,722";"0,000";"0,297";"0,000";"2,388";"0,000";"0,293";"0,000";"0,000";"0,000";"1,849";"1,201";"0,777";"3,826";"1,438";"0,728";"0,710";
"01/12/2023 16:20";"0,940";"0,000";"0,380";"0,000";"0,298";"0,000";"1,618";"0,000";"0,277";"0,000";"0,000";"0,000";"1,124";"0,563";"0,482";"2,169";"0,551";"0,282";"0,269";
"01/12/2023 16:30";"0,883";"0,000";"0,448";"0,000";"0,332";"0,000";"1,663";"0,000";"0,285";"0,000";"0,000";"0,000";"1,050";"0,615";"0,499";"2,164";"0,501";"0,256";"0,245";
"01/12/2023 16:40";"0,952";"0,000";"0,427";"0,000";"0,338";"0,000";"1,718";"0,000";"0,257";"0,000";"0,000";"0,000";"1,112";"0,587";"0,498";"2,198";"0,480";"0,246";"0,234";
"01/12/2023 16:50";"0,996";"0,000";"0,389";"0,000";"0,321";"0,000";"1,706";"0,000";"0,288";"0,000";"0,000";"0,000";"1,150";"0,543";"0,474";"2,167";"0,461";"0,236";"0,225";
"01/12/2023 17:00";"0,866";"0,000";"0,483";"0,000";"0,332";"0,000";"1,681";"0,000";"0,302";"0,000";"0,000";"0,005";"0,939";"0,556";"0,405";"1,900";"0,219";"0,113";"0,106";
"01/12/2023 17:10";"0,834";"0,000";"0,329";"0,000";"0,275";"0,000";"1,438";"0,000";"0,019";"0,000";"0,000";"0,075";"0,852";"0,347";"0,292";"1,491";"0,053";"0,028";"0,025";
"01/12/2023 17:20";"1,254";"0,000";"0,565";"0,000";"0,303";"0,000";"2,122";"0,000";"0,000";"0,000";"0,000";"0,144";"1,283";"0,594";"0,332";"2,209";"0,087";"0,045";"0,042";
"01/12/2023 17:30";"1,039";"0,000";"0,341";"0,000";"0,183";"0,000";"1,563";"0,000";"0,031";"0,000";"0,000";"0,008";"1,069";"0,370";"0,212";"1,651";"0,088";"0,046";"0,042";
"01/12/2023 17:40";"0,811";"0,000";"0,340";"0,000";"0,254";"0,000";"1,406";"0,000";"0,166";"0,000";"0,000";"0,001";"0,826";"0,355";"0,268";"1,449";"0,043";"0,023";"0,020";
"01/12/2023 17:50";"0,828";"0,000";"0,381";"0,000";"0,281";"0,000";"1,489";"0,000";"0,093";"0,000";"0,000";"0,040";"0,833";"0,386";"0,287";"1,506";"0,017";"0,009";"0,008";
"01/12/2023 18:00";"0,961";"0,000";"0,339";"0,000";"0,285";"0,000";"1,586";"0,000";"0,011";"0,000";"0,000";"0,126";"0,961";"0,339";"0,285";"1,586";"0,000";"0,000";"0,000";
"01/12/2023 18:10";"0,864";"0,000";"0,427";"0,000";"0,276";"0,000";"1,567";"0,000";"0,041";"0,000";"0,000";"0,048";"0,864";"0,427";"0,276";"1,567";"0,000";"0,000";"0,000";
"01/12/2023 18:20";"0,905";"0,000";"0,360";"0,000";"0,278";"0,000";"1,544";"0,000";"0,001";"0,000";"0,000";"0,073";"0,905";"0,360";"0,278";"1,544";"0,000";"0,000";"0,000";
"01/12/2023 18:30";"1,016";"0,000";"0,535";"0,000";"0,364";"0,000";"1,915";"0,000";"0,041";"0,000";"0,000";"0,017";"1,016";"0,535";"0,364";"1,915";"0,000";"0,000";"0,000";
"01/12/2023 18:40";"1,041";"0,000";"0,457";"0,000";"0,396";"0,000";"1,895";"0,000";"0,026";"0,000";"0,000";"0,033";"1,041";"0,457";"0,396";"1,895";"0,000";"0,000";"0,000";
"01/12/2023 18:50";"1,538";"0,000";"0,821";"0,000";"0,413";"0,000";"2,772";"0,000";"0,002";"0,000";"0,000";"0,161";"1,538";"0,821";"0,413";"2,772";"0,000";"0,000";"0,000";
"01/12/2023 19:00";"1,092";"0,000";"0,534";"0,000";"0,388";"0,000";"2,015";"0,000";"0,007";"0,000";"0,000";"0,088";"1,092";"0,534";"0,388";"2,015";"0,000";"0,000";"0,000";
"01/12/2023 19:10";"0,977";"0,000";"0,503";"0,000";"0,391";"0,000";"1,871";"0,000";"0,001";"0,000";"0,000";"0,134";"0,977";"0,503";"0,391";"1,871";"0,000";"0,000";"0,000";
"01/12/2023 19:20";"0,728";"0,000";"0,457";"0,000";"0,343";"0,000";"1,528";"0,000";"0,012";"0,000";"0,000";"0,054";"0,728";"0,457";"0,343";"1,528";"0,000";"0,000";"0,000";
"01/12/2023 19:30";"0,797";"0,000";"0,488";"0,000";"0,408";"0,000";"1,693";"0,000";"0,040";"0,000";"0,000";"0,081";"0,797";"0,488";"0,408";"1,693";"0,000";"0,000";"0,000";
"01/12/2023 19:40";"1,214";"0,000";"0,776";"0,000";"0,466";"0,000";"2,456";"0,000";"0,000";"0,000";"0,000";"0,167";"1,214";"0,776";"0,466";"2,456";"0,000";"0,000";"0,000";
"01/12/2023 19:50";"1,340";"0,000";"0,739";"0,000";"0,361";"0,000";"2,441";"0,000";"0,012";"0,000";"0,000";"0,087";"1,340";"0,739";"0,361";"2,441";"0,000";"0,000";"0,000";
"01/12/2023 20:00";"1,289";"0,000";"1,013";"0,000";"0,372";"0,000";"2,674";"0,000";"0,033";"0,000";"0,000";"0,085";"1,289";"1,013";"0,372";"2,674";"0,000";"0,000";"0,000";
"01/12/2023 20:10";"1,243";"0,000";"0,925";"0,000";"0,344";"0,000";"2,511";"0,000";"0,014";"0,000";"0,000";"0,103";"1,243";"0,925";"0,344";"2,511";"0,000";"0,000";"0,000";
"01/12/2023 20:20";"1,084";"0,000";"0,714";"0,000";"0,346";"0,000";"2,144";"0,000";"0,044";"0,000";"0,000";"0,032";"1,084";"0,714";"0,346";"2,144";"0,000";"0,000";"0,000";
"01/12/2023 20:30";"0,814";"0,000";"0,507";"0,000";"0,404";"0,000";"1,724";"0,000";"0,009";"0,000";"0,000";"0,091";"0,814";"0,507";"0,404";"1,724";"0,000";"0,000";"0,000";
"01/12/2023 20:40";"0,769";"0,000";"0,522";"0,000";"0,416";"0,000";"1,707";"0,000";"0,017";"0,000";"0,000";"0,128";"0,769";"0,522";"0,416";"1,707";"0,000";"0,000";"0,000";
"01/12/2023 20:50";"1,209";"0,000";"0,694";"0,000";"0,411";"0,000";"2,315";"0,000";"0,000";"0,000";"0,000";"0,231";"1,209";"0,694";"0,411";"2,315";"0,000";"0,000";"0,000";
"01/12/2023 21:00";"0,847";"0,000";"0,488";"0,000";"0,393";"0,000";"1,728";"0,000";"0,023";"0,000";"0,000";"0,069";"0,847";"0,488";"0,393";"1,728";"0,000";"0,000";"0,000";
"01/12/2023 21:10";"1,016";"0,000";"0,575";"0,000";"0,470";"0,000";"2,061";"0,000";"0,000";"0,000";"0,000";"0,176";"1,016";"0,575";"0,470";"2,061";"0,000";"0,000";"0,000";
"01/12/2023 21:20";"1,426";"0,000";"0,591";"0,000";"0,595";"0,000";"2,612";"0,000";"0,003";"0,000";"0,000";"0,279";"1,426";"0,591";"0,595";"2,612";"0,000";"0,000";"0,000";
"01/12/2023 21:30";"1,392";"0,000";"0,755";"0,000";"0,522";"0,000";"2,669";"0,000";"0,000";"0,000";"0,000";"0,209";"1,392";"0,755";"0,522";"2,669";"0,000";"0,000";"0,000";
"01/12/2023 21:40";"1,170";"0,000";"0,575";"0,000";"0,562";"0,000";"2,308";"0,000";"0,011";"0,000";"0,000";"0,129";"1,170";"0,575";"0,562";"2,308";"0,000";"0,000";"0,000";
"01/12/2023 21:50";"1,198";"0,000";"0,632";"0,000";"0,571";"0,000";"2,401";"0,000";"0,004";"0,000";"0,000";"0,193";"1,198";"0,632";"0,571";"2,401";"0,000";"0,000";"0,000";
"01/12/2023 22:00";"3,034";"0,000";"2,148";"0,000";"2,375";"0,000";"7,558";"0,000";"0,520";"0,000";"0,000";"0,291";"3,034";"2,148";"2,375";"7,558";"0,000";"0,000";"0,000";
"01/12/2023 22:10";"5,897";"0,000";"5,375";"0,000";"5,976";"0,000";"17,248";"0,000";"0,995";"0,000";"0,000";"0,108";"5,897";"5,375";"5,976";"17,248";"0,000";"0,000";"0,000";
"01/12/2023 22:20";"5,937";"0,000";"5,367";"0,000";"6,022";"0,000";"17,327";"0,000";"0,860";"0,000";"0,000";"0,181";"5,937";"5,367";"6,022";"17,327";"0,000";"0,000";"0,000";
"01/12/2023 22:30";"5,974";"0,000";"5,298";"0,000";"5,767";"0,000";"17,038";"0,000";"1,023";"0,000";"0,000";"0,230";"5,974";"5,298";"5,767";"17,038";"0,000";"0,000";"0,000";
"01/12/2023 22:40";"5,351";"0,000";"4,711";"0,000";"5,274";"0,000";"15,336";"0,000";"1,104";"0,000";"0,000";"0,451";"5,351";"4,711";"5,274";"15,335";"0,000";"0,000";"0,000";
"01/12/2023 22:50";"3,507";"0,000";"2,990";"0,000";"3,659";"0,000";"10,156";"0,000";"0,511";"0,000";"0,000";"0,444";"3,507";"2,990";"3,659";"10,156";"0,000";"0,000";"0,000";
"01/12/2023 23:00";"3,566";"0,000";"2,906";"0,000";"3,538";"0,000";"10,010";"0,000";"0,848";"0,000";"0,000";"0,573";"3,566";"2,906";"3,538";"10,010";"0,000";"0,000";"0,000";
"01/12/2023 23:10";"3,684";"0,000";"3,016";"0,000";"3,510";"0,000";"10,210";"0,000";"0,490";"0,000";"0,000";"0,342";"3,684";"3,016";"3,510";"10,210";"0,000";"0,000";"0,000";
"01/12/2023 23:20";"3,371";"0,000";"2,907";"0,000";"3,531";"0,000";"9,809";"0,000";"0,852";"0,000";"0,000";"0,396";"3,371";"2,907";"3,531";"9,809";"0,000";"0,000";"0,000";
"01/12/2023 23:30";"3,344";"0,000";"2,953";"0,000";"3,620";"0,000";"9,916";"0,000";"0,586";"0,000";"0,000";"0,354";"3,344";"2,953";"3,620";"9,916";"0,000";"0,000";"0,000";
"01/12/2023 23:40";"4,955";"0,000";"4,309";"0,000";"4,688";"0,000";"13,952";"0,000";"1,077";"0,000";"0,000";"0,552";"4,955";"4,309";"4,688";"13,952";"0,000";"0,000";"0,000";
"01/12/2023 23:50";"7,015";"0,000";"6,486";"0,000";"7,009";"0,000";"20,510";"0,000";"1,675";"0,000";"0,000";"0,411";"7,015";"6,486";"7,009";"20,510";"0,000";"0,000";"0,000";
"02/12/2023 00:00";"6,329";"0,000";"5,914";"0,000";"6,445";"0,000";"18,688";"0,000";"1,302";"0,000";"0,000";"0,497";"6,329";"5,914";"6,445";"18,688";"0,000";"0,000";"0,000";
"02/12/2023 00:10";"3,230";"0,000";"2,645";"0,000";"3,185";"0,000";"9,060";"0,000";"0,517";"0,000";"0,000";"0,384";"3,230";"2,645";"3,185";"9,060";"0,000";"0,000";"0,000";
"02/12/2023 00:20";"1,223";"0,000";"0,721";"0,000";"0,465";"0,000";"2,409";"0,000";"0,000";"0,000";"0,000";"0,226";"1,223";"0,721";"0,465";"2,409";"0,000";"0,000";"0,000";
"02/12/2023 00:30";"0,867";"0,000";"0,497";"0,000";"0,416";"0,000";"1,779";"0,000";"0,000";"0,000";"0,000";"0,255";"0,867";"0,497";"0,416";"1,779";"0,000";"0,000";"0,000";
"02/12/2023 00:40";"0,688";"0,000";"0,576";"0,000";"0,438";"0,000";"1,701";"0,000";"0,000";"0,000";"0,000";"0,269";"0,688";"0,576";"0,438";"1,701";"0,000";"0,000";"0,000";
"02/12/2023 00:50";"1,000";"0,000";"0,605";"0,000";"0,329";"0,000";"1,934";"0,000";"0,000";"0,000";"0,000";"0,149";"1,000";"0,605";"0,329";"1,934";"0,000";"0,000";"0,000";
"02/12/2023 01:00";"0,565";"0,000";"0,535";"0,000";"0,360";"0,000";"1,459";"0,000";"0,002";"0,000";"0,000";"0,163";"0,565";"0,535";"0,360";"1,459";"0,000";"0,000";"0,000";
"02/12/2023 01:10";"0,593";"0,000";"0,536";"0,000";"0,380";"0,000";"1,509";"0,000";"0,000";"0,000";"0,000";"0,257";"0,593";"0,536";"0,380";"1,509";"0,000";"0,000";"0,000";
"02/12/2023 01:20";"0,892";"0,000";"0,646";"0,000";"0,396";"0,000";"1,933";"0,000";"0,000";"0,000";"0,000";"0,191";"0,892";"0,646";"0,396";"1,933";"0,000";"0,000";"0,000";
"02/12/2023 01:30";"0,689";"0,000";"0,530";"0,000";"0,295";"0,000";"1,515";"0,000";"0,004";"0,000";"0,000";"0,115";"0,689";"0,530";"0,295";"1,515";"0,000";"0,000";"0,000";
"02/12/2023 01:40";"0,573";"0,000";"0,508";"0,000";"0,363";"0,000";"1,443";"0,000";"0,001";"0,000";"0,000";"0,125";"0,573";"0,508";"0,363";"1,443";"0,000";"0,000";"0,000";
"02/12/2023 01:50";"0,743";"0,000";"0,640";"0,000";"0,429";"0,000";"1,811";"0,000";"0,000";"0,000";"0,000";"0,182";"0,743";"0,640";"0,429";"1,811";"0,000";"0,000";"0,000";
"02/12/2023 02:00";"1,053";"0,000";"0,667";"0,000";"0,341";"0,000";"2,061";"0,000";"0,000";"0,000";"0,000";"0,142";"1,053";"0,667";"0,341";"2,061";"0,000";"0,000";"0,000";
"02/12/2023 02:10";"1,044";"0,000";"1,039";"0,000";"0,342";"0,000";"2,426";"0,000";"0,015";"0,000";"0,000";"0,052";"1,044";"1,039";"0,342";"2,426";"0,000";"0,000";"0,000";
"02/12/2023 02:20";"0,739";"0,000";"0,519";"0,000";"0,284";"0,000";"1,542";"0,000";"0,001";"0,000";"0,000";"0,168";"0,739";"0,519";"0,284";"1,542";"0,000";"0,000";"0,000";
"02/12/2023 02:30";"0,591";"0,000";"0,503";"0,000";"0,339";"0,000";"1,433";"0,000";"0,003";"0,000";"0,000";"0,144";"0,591";"0,503";"0,339";"1,433";"0,000";"0,000";"0,000";
"02/12/2023 02:40";"0,687";"0,000";"0,490";"0,000";"0,358";"0,000";"1,534";"0,000";"0,027";"0,000";"0,000";"0,114";"0,687";"0,490";"0,358";"1,534";"0,000";"0,000";"0,000";
"02/12/2023 02:50";"1,048";"0,000";"0,629";"0,000";"0,312";"0,000";"1,988";"0,000";"0,003";"0,000";"0,000";"0,108";"1,048";"0,629";"0,312";"1,988";"0,000";"0,000";"0,000";
"02/12/2023 03:00";"0,662";"0,000";"0,521";"0,000";"0,356";"0,000";"1,539";"0,000";"0,057";"0,000";"0,000";"0,058";"0,662";"0,521";"0,356";"1,539";"0,000";"0,000";"0,000";
"02/12/2023 03:10";"0,656";"0,000";"0,541";"0,000";"0,353";"0,000";"1,550";"0,000";"0,019";"0,000";"0,000";"0,125";"0,656";"0,541";"0,353";"1,550";"0,000";"0,000";"0,000";
"02/12/2023 03:20";"1,013";"0,000";"0,537";"0,000";"0,378";"0,000";"1,928";"0,000";"0,000";"0,000";"0,000";"0,217";"1,013";"0,537";"0,378";"1,928";"0,000";"0,000";"0,000";
"02/12/2023 03:30";"1,111";"0,000";"0,806";"0,000";"0,310";"0,000";"2,228";"0,000";"0,019";"0,000";"0,000";"0,056";"1,111";"0,806";"0,310";"2,228";"0,000";"0,000";"0,000";
"02/12/2023 03:40";"1,091";"0,000";"0,886";"0,000";"0,310";"0,000";"2,287";"0,000";"0,038";"0,000";"0,000";"0,017";"1,091";"0,886";"0,310";"2,287";"0,000";"0,000";"0,000";
"02/12/2023 03:50";"0,443";"0,000";"0,358";"0,000";"0,212";"0,000";"1,014";"0,000";"0,000";"0,000";"0,000";"0,159";"0,443";"0,358";"0,212";"1,014";"0,000";"0,000";"0,000";
"02/12/2023 04:00";"0,420";"0,000";"0,370";"0,000";"0,212";"0,000";"1,002";"0,000";"0,000";"0,000";"0,000";"0,095";"0,420";"0,370";"0,212";"1,002";"0,000";"0,000";"0,000";
"02/12/2023 04:10";"0,682";"0,000";"0,440";"0,000";"0,212";"0,000";"1,334";"0,000";"0,000";"0,000";"0,000";"0,095";"0,682";"0,440";"0,212";"1,334";"0,000";"0,000";"0,000";
"02/12/2023 04:20";"0,908";"0,000";"0,881";"0,000";"0,212";"0,000";"2,001";"0,000";"0,000";"0,000";"0,000";"0,152";"0,908";"0,881";"0,212";"2,001";"0,000";"0,000";"0,000";
"02/12/2023 04:30";"0,934";"0,000";"0,859";"0,000";"0,212";"0,000";"2,005";"0,000";"0,000";"0,000";"0,000";"0,118";"0,934";"0,859";"0,212";"2,005";"0,000";"0,000";"0,000";
"02/12/2023 04:40";"0,951";"0,000";"0,889";"0,000";"0,213";"0,000";"2,053";"0,000";"0,000";"0,000";"0,000";"0,137";"0,951";"0,889";"0,213";"2,053";"0,000";"0,000";"0,000";
"02/12/2023 04:50";"0,938";"0,000";"0,885";"0,000";"0,212";"0,000";"2,035";"0,000";"0,000";"0,000";"0,000";"0,151";"0,938";"0,885";"0,212";"2,035";"0,000";"0,000";"0,000";
"02/12/2023 05:00";"0,924";"0,000";"0,877";"0,000";"0,214";"0,000";"2,014";"0,000";"0,000";"0,000";"0,000";"0,110";"0,924";"0,877";"0,214";"2,014";"0,000";"0,000";"0,000";
"02/12/2023 05:10";"0,934";"0,000";"0,907";"0,000";"0,213";"0,000";"2,054";"0,000";"0,000";"0,000";"0,000";"0,121";"0,934";"0,907";"0,213";"2,054";"0,000";"0,000";"0,000";
"02/12/2023 05:20";"1,070";"0,000";"0,949";"0,000";"0,219";"0,000";"2,238";"0,000";"0,001";"0,000";"0,000";"0,212";"1,070";"0,949";"0,219";"2,238";"0,000";"0,000";"0,000";
"02/12/2023 05:30";"1,065";"0,000";"0,992";"0,000";"0,212";"0,000";"2,269";"0,000";"0,000";"0,000";"0,000";"0,155";"1,065";"0,992";"0,212";"2,269";"0,000";"0,000";"0,000";
"02/12/2023 05:40";"1,078";"0,000";"1,010";"0,000";"0,213";"0,000";"2,301";"0,000";"0,000";"0,000";"0,000";"0,148";"1,078";"1,010";"0,213";"2,301";"0,000";"0,000";"0,000";
"02/12/2023 05:50";"1,389";"0,000";"1,197";"0,000";"0,333";"0,000";"2,919";"0,000";"0,001";"0,000";"0,000";"0,240";"1,389";"1,197";"0,333";"2,919";"0,000";"0,000";"0,000";
"02/12/2023 06:00";"1,663";"0,000";"1,261";"0,000";"0,509";"0,000";"3,432";"0,000";"0,000";"0,000";"0,000";"0,365";"1,663";"1,261";"0,509";"3,432";"0,000";"0,000";"0,000";
"02/12/2023 06:10";"1,470";"0,000";"1,276";"0,000";"0,521";"0,000";"3,267";"0,000";"0,000";"0,000";"0,000";"0,298";"1,470";"1,276";"0,521";"3,267";"0,000";"0,000";"0,000";
"02/12/2023 06:20";"1,431";"0,000";"1,293";"0,000";"0,520";"0,000";"3,245";"0,000";"0,000";"0,000";"0,000";"0,297";"1,431";"1,293";"0,520";"3,245";"0,000";"0,000";"0,000";
"02/12/2023 06:30";"1,431";"0,000";"1,296";"0,000";"0,520";"0,000";"3,247";"0,000";"0,000";"0,000";"0,000";"0,287";"1,431";"1,296";"0,520";"3,247";"0,000";"0,000";"0,000";
"02/12/2023 06:40";"1,409";"0,000";"1,297";"0,000";"0,577";"0,000";"3,282";"0,000";"0,000";"0,000";"0,000";"0,398";"1,409";"1,297";"0,577";"3,282";"0,000";"0,000";"0,000";
"02/12/2023 06:50";"1,418";"0,000";"1,383";"0,000";"0,570";"0,000";"3,371";"0,000";"0,000";"0,000";"0,000";"0,331";"1,418";"1,383";"0,570";"3,371";"0,000";"0,000";"0,000";
"02/12/2023 07:00";"1,455";"0,000";"1,373";"0,000";"0,574";"0,000";"3,402";"0,000";"0,000";"0,000";"0,000";"0,297";"1,455";"1,373";"0,574";"3,402";"0,000";"0,000";"0,000";
"02/12/2023 07:10";"1,184";"0,000";"1,142";"0,000";"0,345";"0,000";"2,671";"0,000";"0,008";"0,000";"0,000";"0,140";"1,184";"1,142";"0,345";"2,671";"0,000";"0,000";"0,000";
"02/12/2023 07:20";"0,952";"0,000";"0,896";"0,000";"0,232";"0,000";"2,080";"0,000";"0,000";"0,000";"0,000";"0,210";"0,952";"0,896";"0,232";"2,080";"0,000";"0,000";"0,000";
"02/12/2023 07:30";"0,945";"0,000";"0,878";"0,000";"0,231";"0,000";"2,054";"0,000";"0,000";"0,000";"0,000";"0,120";"0,945";"0,878";"0,231";"2,054";"0,000";"0,000";"0,000";
"02/12/2023 07:40";"0,958";"0,000";"0,919";"0,000";"0,232";"0,000";"2,109";"0,000";"0,000";"0,000";"0,000";"0,131";"0,958";"0,919";"0,232";"2,109";"0,000";"0,000";"0,000";
"02/12/2023 07:50";"0,970";"0,000";"0,882";"0,000";"0,230";"0,000";"2,081";"0,000";"0,000";"0,000";"0,000";"0,138";"0,970";"0,882";"0,230";"2,081";"0,000";"0,000";"0,000";
"02/12/2023 08:00";"0,958";"0,000";"0,877";"0,000";"0,230";"0,000";"2,066";"0,000";"0,000";"0,000";"0,000";"0,189";"0,958";"0,877";"0,230";"2,066";"0,000";"0,000";"0,000";
"02/12/2023 08:10";"0,926";"0,000";"0,904";"0,000";"0,229";"0,000";"2,058";"0,000";"0,000";"0,000";"0,000";"0,123";"0,926";"0,904";"0,229";"2,058";"0,000";"0,000";"0,000";
"02/12/2023 08:20";"0,915";"0,000";"0,862";"0,000";"0,227";"0,000";"2,004";"0,000";"0,000";"0,000";"0,000";"0,114";"0,915";"0,862";"0,227";"2,004";"0,000";"0,000";"0,000";
"02/12/2023 08:30";"0,782";"0,000";"0,742";"0,000";"0,168";"0,000";"1,691";"0,000";"0,007";"0,000";"0,000";"0,091";"0,782";"0,742";"0,168";"1,691";"0,000";"0,000";"0,000";
"02/12/2023 08:40";"0,443";"0,000";"0,324";"0,000";"0,214";"0,000";"0,981";"0,000";"0,008";"0,000";"0,000";"0,063";"0,445";"0,327";"0,217";"0,989";"0,008";"0,004";"0,004";
"02/12/2023 08:50";"0,367";"0,000";"0,324";"0,000";"0,146";"0,000";"0,837";"0,000";"0,007";"0,000";"0,000";"0,069";"0,378";"0,335";"0,157";"0,870";"0,033";"0,017";"0,016";
"02/12/2023 09:00";"0,327";"0,000";"0,257";"0,000";"0,134";"0,000";"0,718";"0,000";"0,011";"0,000";"0,000";"0,050";"0,352";"0,281";"0,159";"0,792";"0,074";"0,039";"0,035";
"02/12/2023 09:10";"0,316";"0,000";"0,269";"0,000";"0,110";"0,000";"0,696";"0,000";"0,022";"0,000";"0,000";"0,029";"0,354";"0,308";"0,148";"0,811";"0,115";"0,060";"0,055";
"02/12/2023 09:20";"0,350";"0,000";"0,280";"0,000";"0,131";"0,000";"0,762";"0,000";"0,035";"0,000";"0,000";"0,032";"0,446";"0,376";"0,227";"1,050";"0,288";"0,149";"0,139";
"02/12/2023 09:30";"0,375";"0,000";"0,270";"0,000";"0,153";"0,000";"0,798";"0,000";"0,010";"0,000";"0,000";"0,070";"0,540";"0,435";"0,319";"1,294";"0,496";"0,255";"0,241";
"02/12/2023 09:40";"0,533";"0,000";"0,370";"0,000";"0,205";"0,000";"1,108";"0,000";"0,060";"0,000";"0,000";"0,050";"0,813";"0,651";"0,485";"1,949";"0,841";"0,429";"0,412";
"02/12/2023 09:50";"0,964";"0,000";"0,825";"0,000";"0,249";"0,000";"2,037";"0,000";"0,000";"0,000";"0,000";"0,132";"1,313";"1,174";"0,598";"3,085";"1,048";"0,534";"0,514";
"02/12/2023 10:00";"1,047";"0,000";"1,007";"0,000";"0,312";"0,000";"2,366";"0,000";"0,000";"0,000";"0,000";"0,128";"1,406";"1,365";"0,671";"3,441";"1,075";"0,549";"0,526";
"02/12/2023 10:10";"0,995";"0,000";"0,905";"0,000";"0,262";"0,000";"2,161";"0,000";"0,000";"0,000";"0,000";"0,155";"1,413";"1,322";"0,679";"3,414";"1,253";"0,642";"0,611";
"02/12/2023 10:20";"0,966";"0,000";"0,912";"0,000";"0,251";"0,000";"2,129";"0,000";"0,000";"0,000";"0,000";"0,140";"1,369";"1,315";"0,654";"3,338";"1,209";"0,619";"0,590";
"02/12/2023 10:30";"0,919";"0,000";"0,842";"0,000";"0,212";"0,000";"1,973";"0,000";"0,000";"0,000";"0,000";"0,169";"1,297";"1,219";"0,590";"3,106";"1,133";"0,583";"0,550";
"02/12/2023 10:40";"0,899";"0,000";"0,603";"0,000";"0,181";"0,000";"1,683";"0,000";"0,001";"0,000";"0,000";"0,124";"1,346";"1,050";"0,628";"3,024";"1,341";"0,683";"0,658";
"02/12/2023 10:50";"0,934";"0,000";"0,878";"0,000";"0,207";"0,000";"2,019";"0,000";"0,015";"0,000";"0,000";"0,114";"1,455";"1,399";"0,728";"3,582";"1,563";"0,795";"0,768";
"02/12/2023 11:00";"0,943";"0,000";"0,858";"0,000";"0,200";"0,000";"2,000";"0,000";"0,000";"0,000";"0,000";"0,101";"1,491";"1,405";"0,747";"3,643";"1,643";"0,834";"0,809";
"02/12/2023 11:10";"0,892";"0,000";"0,602";"0,000";"0,180";"0,000";"1,674";"0,000";"0,001";"0,000";"0,000";"0,140";"1,457";"1,167";"0,745";"3,369";"1,695";"0,859";"0,836";
"02/12/2023 11:20";"0,884";"0,000";"0,800";"0,000";"0,196";"0,000";"1,880";"0,000";"0,022";"0,000";"0,000";"0,098";"1,469";"1,385";"0,780";"3,634";"1,754";"0,889";"0,865";
"02/12/2023 11:30";"0,937";"0,000";"0,891";"0,000";"0,229";"0,000";"2,057";"0,000";"0,002";"0,000";"0,000";"0,145";"1,615";"1,569";"0,907";"4,092";"2,035";"1,030";"1,005";
"02/12/2023 11:40";"0,798";"0,000";"0,615";"0,000";"0,153";"0,000";"1,566";"0,000";"0,011";"0,000";"0,000";"0,075";"1,521";"1,337";"0,875";"3,733";"2,167";"1,097";"1,070";
"02/12/2023 11:50";"0,434";"0,000";"0,364";"0,000";"0,215";"0,000";"1,014";"0,000";"0,000";"0,000";"0,000";"0,149";"1,116";"1,046";"0,897";"3,060";"2,046";"1,036";"1,010";
"02/12/2023 12:00";"0,446";"0,000";"0,354";"0,000";"0,250";"0,000";"1,050";"0,000";"0,000";"0,000";"0,000";"0,105";"1,153";"1,061";"0,958";"3,172";"2,122";"1,075";"1,047";
"02/12/2023 12:10";"0,813";"0,000";"0,588";"0,000";"0,277";"0,000";"1,678";"0,000";"0,000";"0,000";"0,000";"0,119";"1,486";"1,261";"0,950";"3,696";"2,018";"1,023";"0,995";
"02/12/2023 12:20";"0,894";"0,000";"0,565";"0,000";"0,191";"0,000";"1,651";"0,000";"0,008";"0,000";"0,000";"0,129";"1,552";"1,223";"0,849";"3,623";"1,972";"1,000";"0,972";
"02/12/2023 12:30";"0,890";"0,000";"0,690";"0,000";"0,171";"0,000";"1,751";"0,000";"0,015";"0,000";"0,000";"0,068";"1,514";"1,314";"0,795";"3,622";"1,871";"0,948";"0,923";
"02/12/2023 12:40";"0,932";"0,000";"0,763";"0,000";"0,188";"0,000";"1,883";"0,000";"0,093";"0,000";"0,000";"0,000";"1,541";"1,372";"0,797";"3,710";"1,827";"0,926";"0,901";
"02/12/2023 12:50";"0,702";"0,000";"0,589";"0,000";"0,170";"0,000";"1,461";"0,000";"0,056";"0,000";"0,000";"0,075";"1,360";"1,247";"0,829";"3,436";"1,975";"1,001";"0,974";
"02/12/2023 13:00";"0,410";"0,000";"0,399";"0,000";"0,212";"0,000";"1,020";"0,000";"0,000";"0,000";"0,000";"0,081";"1,268";"1,257";"1,070";"3,594";"2,574";"1,304";"1,270";
"02/12/2023 13:10";"0,448";"0,000";"0,357";"0,000";"0,232";"0,000";"1,036";"0,000";"0,000";"0,000";"0,000";"0,102";"1,473";"1,382";"1,257";"4,111";"3,075";"1,559";"1,516";
"02/12/2023 13:20";"0,947";"0,000";"0,659";"0,000";"0,244";"0,000";"1,850";"0,000";"0,000";"0,000";"0,000";"0,141";"2,063";"1,775";"1,360";"5,198";"3,348";"1,695";"1,653";
"02/12/2023 13:30";"0,885";"0,000";"0,570";"0,000";"0,156";"0,000";"1,611";"0,000";"0,045";"0,000";"0,000";"0,024";"2,221";"1,906";"1,492";"5,619";"4,008";"2,036";"1,972";
"02/12/2023 13:40";"0,897";"0,000";"0,717";"0,000";"0,159";"0,000";"1,773";"0,000";"0,087";"0,000";"0,000";"0,005";"2,020";"1,840";"1,283";"5,143";"3,370";"1,707";"1,663";
"02/12/2023 13:50";"0,995";"0,000";"0,716";"0,000";"0,185";"0,000";"1,896";"0,000";"0,127";"0,000";"0,000";"0,000";"2,240";"1,960";"1,430";"5,630";"3,734";"1,893";"1,841";
"02/12/2023 14:00";"0,688";"0,000";"0,433";"0,000";"0,143";"0,000";"1,265";"0,000";"0,055";"0,000";"0,000";"0,003";"1,432";"1,177";"0,887";"3,497";"2,232";"1,134";"1,098";
"02/12/2023 14:10";"0,511";"0,000";"0,375";"0,000";"0,215";"0,000";"1,102";"0,000";"0,047";"0,000";"0,000";"0,040";"1,173";"1,037";"0,876";"3,086";"1,984";"1,008";"0,976";
"02/12/2023 14:20";"0,598";"0,000";"0,462";"0,000";"0,268";"0,000";"1,328";"0,000";"0,000";"0,000";"0,000";"0,099";"1,314";"1,179";"0,985";"3,478";"2,150";"1,092";"1,058";
"02/12/2023 14:30";"0,944";"0,000";"0,545";"0,000";"0,187";"0,000";"1,677";"0,000";"0,007";"0,000";"0,000";"0,046";"1,715";"1,317";"0,959";"3,990";"2,314";"1,175";"1,139";
"02/12/2023 14:40";"0,501";"0,000";"0,336";"0,000";"0,181";"0,000";"1,018";"0,000";"0,135";"0,000";"0,000";"0,000";"2,059";"1,894";"1,740";"5,693";"4,675";"2,384";"2,291";
"02/12/2023 14:50";"0,452";"0,000";"0,321";"0,000";"0,214";"0,000";"0,987";"0,000";"0,013";"0,000";"0,000";"0,129";"2,282";"2,150";"2,043";"6,475";"5,488";"2,805";"2,683";
"02/12/2023 15:00";"0,784";"0,000";"0,520";"0,000";"0,238";"0,000";"1,542";"0,000";"0,000";"0,000";"0,000";"0,128";"2,594";"2,330";"2,048";"6,972";"5,430";"2,776";"2,654";
"02/12/2023 15:10";"0,512";"0,000";"0,337";"0,000";"0,144";"0,000";"0,993";"0,000";"0,061";"0,000";"0,000";"0,019";"2,275";"2,100";"1,907";"6,282";"5,289";"2,701";"2,588";
"02/12/2023 15:20";"0,419";"0,000";"0,351";"0,000";"0,213";"0,000";"0,984";"0,000";"0,076";"0,000";"0,000";"0,041";"1,877";"1,809";"1,670";"5,356";"4,372";"2,225";"2,147";
"02/12/2023 15:30";"0,577";"0,000";"0,353";"0,000";"0,226";"0,000";"1,155";"0,000";"0,000";"0,000";"0,000";"0,178";"1,171";"0,948";"0,821";"2,939";"1,784";"0,906";"0,878";
"02/12/2023 15:40";"0,768";"0,000";"0,551";"0,000";"0,179";"0,000";"1,498";"0,000";"0,027";"0,000";"0,000";"0,065";"1,257";"1,040";"0,667";"2,964";"1,466";"0,745";"0,721";
"02/12/2023 15:50";"0,413";"0,000";"0,366";"0,000";"0,189";"0,000";"0,968";"0,000";"0,102";"0,000";"0,000";"0,002";"0,880";"0,833";"0,656";"2,368";"1,400";"0,712";"0,688";
"02/12/2023 16:00";"0,427";"0,000";"0,349";"0,000";"0,219";"0,000";"0,996";"0,000";"0,000";"0,000";"0,000";"0,094";"0,792";"0,713";"0,584";"2,089";"1,093";"0,557";"0,536";
"02/12/2023 16:10";"0,836";"0,000";"0,556";"0,000";"0,208";"0,000";"1,600";"0,000";"0,000";"0,000";"0,000";"0,155";"1,122";"0,842";"0,494";"2,459";"0,859";"0,443";"0,416";
"02/12/2023 16:20";"0,442";"0,000";"0,283";"0,000";"0,156";"0,000";"0,881";"0,000";"0,080";"0,000";"0,000";"0,005";"0,849";"0,690";"0,563";"2,102";"1,221";"0,633";"0,588";
"02/12/2023 16:30";"0,400";"0,000";"0,370";"0,000";"0,195";"0,000";"0,966";"0,000";"0,131";"0,000";"0,000";"0,000";"0,571";"0,541";"0,366";"1,478";"0,512";"0,263";"0,249";
"02/12/2023 16:40";"0,617";"0,000";"0,348";"0,000";"0,244";"0,000";"1,209";"0,000";"0,019";"0,000";"0,000";"0,098";"0,896";"0,627";"0,522";"2,045";"0,836";"0,427";"0,409";
"02/12/2023 16:50";"0,643";"0,000";"0,504";"0,000";"0,162";"0,000";"1,309";"0,000";"0,037";"0,000";"0,000";"0,050";"0,839";"0,700";"0,358";"1,897";"0,588";"0,302";"0,286";
"02/12/2023 17:00";"0,421";"0,000";"0,331";"0,000";"0,212";"0,000";"0,964";"0,000";"0,015";"0,000";"0,000";"0,105";"0,587";"0,497";"0,378";"1,462";"0,498";"0,263";"0,235";
"02/12/2023 17:10";"0,432";"0,000";"0,364";"0,000";"0,223";"0,000";"1,020";"0,000";"0,003";"0,000";"0,000";"0,103";"0,613";"0,545";"0,404";"1,562";"0,542";"0,278";"0,264";
"02/12/2023 17:20";"0,817";"0,000";"0,456";"0,000";"0,179";"0,000";"1,452";"0,000";"0,000";"0,000";"0,000";"0,084";"0,877";"0,515";"0,238";"1,630";"0,178";"0,093";"0,085";
"02/12/2023 17:30";"0,289";"0,000";"0,162";"0,000";"0,072";"0,000";"0,522";"0,000";"0,009";"0,000";"0,000";"0,076";"0,335";"0,208";"0,118";"0,661";"0,139";"0,077";"0,062";
"02/12/2023 17:40";"0,274";"0,000";"0,211";"0,000";"0,071";"0,000";"0,556";"0,000";"0,012";"0,000";"0,000";"0,019";"0,300";"0,236";"0,097";"0,633";"0,077";"0,041";"0,036";
"02/12/2023 17:50";"0,540";"0,000";"0,243";"0,000";"0,075";"0,000";"0,859";"0,000";"0,009";"0,000";"0,000";"0,032";"0,549";"0,252";"0,084";"0,885";"0,026";"0,014";"0,012";
"02/12/2023 18:00";"0,810";"0,000";"0,756";"0,000";"0,105";"0,000";"1,670";"0,000";"0,000";"0,000";"0,000";"0,064";"0,810";"0,756";"0,105";"1,670";"0,000";"0,000";"0,000";
"02/12/2023 18:10";"0,810";"0,000";"0,692";"0,000";"0,110";"0,000";"1,612";"0,000";"0,000";"0,000";"0,000";"0,116";"0,810";"0,692";"0,110";"1,612";"0,000";"0,000";"0,000";
"02/12/2023 18:20";"0,850";"0,000";"0,807";"0,000";"0,144";"0,000";"1,801";"0,000";"0,001";"0,000";"0,000";"0,079";"0,850";"0,807";"0,144";"1,801";"0,000";"0,000";"0,000";
"02/12/2023 18:30";"0,939";"0,000";"0,859";"0,000";"0,218";"0,000";"2,016";"0,000";"0,000";"0,000";"0,000";"0,122";"0,939";"0,859";"0,218";"2,016";"0,000";"0,000";"0,000";
"02/12/2023 18:40";"0,952";"0,000";"0,916";"0,000";"0,211";"0,000";"2,079";"0,000";"0,000";"0,000";"0,000";"0,120";"0,952";"0,916";"0,211";"2,079";"0,000";"0,000";"0,000";
"02/12/2023 18:50";"0,934";"0,000";"0,849";"0,000";"0,211";"0,000";"1,995";"0,000";"0,000";"0,000";"0,000";"0,170";"0,934";"0,849";"0,211";"1,995";"0,000";"0,000";"0,000";
"02/12/2023 19:00";"0,929";"0,000";"0,894";"0,000";"0,212";"0,000";"2,035";"0,000";"0,000";"0,000";"0,000";"0,141";"0,929";"0,894";"0,212";"2,035";"0,000";"0,000";"0,000";
"02/12/2023 19:10";"0,926";"0,000";"0,856";"0,000";"0,211";"0,000";"1,994";"0,000";"0,000";"0,000";"0,000";"0,128";"0,926";"0,856";"0,211";"1,994";"0,000";"0,000";"0,000";
"02/12/2023 19:20";"0,926";"0,000";"0,903";"0,000";"0,211";"0,000";"2,040";"0,000";"0,000";"0,000";"0,000";"0,126";"0,926";"0,903";"0,211";"2,040";"0,000";"0,000";"0,000";
"02/12/2023 19:30";"0,931";"0,000";"0,821";"0,000";"0,211";"0,000";"1,963";"0,000";"0,000";"0,000";"0,000";"0,204";"0,931";"0,821";"0,211";"1,963";"0,000";"0,000";"0,000";
"02/12/2023 19:40";"0,925";"0,000";"0,889";"0,000";"0,211";"0,000";"2,025";"0,000";"0,000";"0,000";"0,000";"0,137";"0,925";"0,889";"0,211";"2,025";"0,000";"0,000";"0,000";
"02/12/2023 19:50";"0,923";"0,000";"0,849";"0,000";"0,209";"0,000";"1,981";"0,000";"0,000";"0,000";"0,000";"0,134";"0,923";"0,849";"0,209";"1,981";"0,000";"0,000";"0,000";
"02/12/2023 20:00";"0,916";"0,000";"0,870";"0,000";"0,210";"0,000";"1,996";"0,000";"0,000";"0,000";"0,000";"0,163";"0,916";"0,870";"0,210";"1,996";"0,000";"0,000";"0,000";
"02/12/2023 20:10";"0,923";"0,000";"0,866";"0,000";"0,216";"0,000";"2,005";"0,000";"0,000";"0,000";"0,000";"0,142";"0,923";"0,866";"0,216";"2,005";"0,000";"0,000";"0,000";
"02/12/2023 20:20";"0,915";"0,000";"0,867";"0,000";"0,228";"0,000";"2,010";"0,000";"0,000";"0,000";"0,000";"0,139";"0,915";"0,867";"0,228";"2,010";"0,000";"0,000";"0,000";
"02/12/2023 20:30";"0,932";"0,000";"0,859";"0,000";"0,227";"0,000";"2,018";"0,000";"0,000";"0,000";"0,000";"0,181";"0,932";"0,859";"0,227";"2,018";"0,000";"0,000";"0,000";
"02/12/2023 20:40";"0,930";"0,000";"0,852";"0,000";"0,227";"0,000";"2,008";"0,000";"0,000";"0,000";"0,000";"0,137";"0,930";"0,852";"0,227";"2,008";"0,000";"0,000";"0,000";
"02/12/2023 20:50";"0,924";"0,000";"0,881";"0,000";"0,211";"0,000";"2,016";"0,000";"0,000";"0,000";"0,000";"0,141";"0,924";"0,881";"0,211";"2,016";"0,000";"0,000";"0,000";
"02/12/2023 21:00";"0,929";"0,000";"0,832";"0,000";"0,212";"0,000";"1,974";"0,000";"0,000";"0,000";"0,000";"0,166";"0,929";"0,832";"0,212";"1,974";"0,000";"0,000";"0,000";
"02/12/2023 21:10";"0,922";"0,000";"0,886";"0,000";"0,211";"0,000";"2,019";"0,000";"0,000";"0,000";"0,000";"0,139";"0,922";"0,886";"0,211";"2,019";"0,000";"0,000";"0,000";
"02/12/2023 21:20";"0,924";"0,000";"0,834";"0,000";"0,211";"0,000";"1,968";"0,000";"0,000";"0,000";"0,000";"0,186";"0,924";"0,834";"0,211";"1,968";"0,000";"0,000";"0,000";
"02/12/2023 21:30";"0,921";"0,000";"0,867";"0,000";"0,211";"0,000";"1,999";"0,000";"0,000";"0,000";"0,000";"0,136";"0,921";"0,867";"0,211";"1,999";"0,000";"0,000";"0,000";
"02/12/2023 21:40";"0,944";"0,000";"0,910";"0,000";"0,211";"0,000";"2,065";"0,000";"0,000";"0,000";"0,000";"0,114";"0,944";"0,910";"0,211";"2,065";"0,000";"0,000";"0,000";
"02/12/2023 21:50";"0,936";"0,000";"0,831";"0,000";"0,210";"0,000";"1,977";"0,000";"0,000";"0,000";"0,000";"0,194";"0,936";"0,831";"0,210";"1,977";"0,000";"0,000";"0,000";
"02/12/2023 22:00";"0,937";"0,000";"0,906";"0,000";"0,210";"0,000";"2,053";"0,000";"0,000";"0,000";"0,000";"0,129";"0,937";"0,906";"0,210";"2,053";"0,000";"0,000";"0,000";
"02/12/2023 22:10";"0,937";"0,000";"0,862";"0,000";"0,211";"0,000";"2,009";"0,000";"0,000";"0,000";"0,000";"0,126";"0,937";"0,862";"0,211";"2,009";"0,000";"0,000";"0,000";
"02/12/2023 22:20";"0,932";"0,000";"0,903";"0,000";"0,211";"0,000";"2,047";"0,000";"0,000";"0,000";"0,000";"0,126";"0,932";"0,903";"0,211";"2,047";"0,000";"0,000";"0,000";
"02/12/2023 22:30";"0,937";"0,000";"0,857";"0,000";"0,211";"0,000";"2,005";"0,000";"0,000";"0,000";"0,000";"0,187";"0,937";"0,857";"0,211";"2,005";"0,000";"0,000";"0,000";
"02/12/2023 22:40";"0,940";"0,000";"0,885";"0,000";"0,211";"0,000";"2,036";"0,000";"0,000";"0,000";"0,000";"0,115";"0,940";"0,885";"0,211";"2,036";"0,000";"0,000";"0,000";
"02/12/2023 22:50";"0,938";"0,000";"0,898";"0,000";"0,211";"0,000";"2,048";"0,000";"0,000";"0,000";"0,000";"0,127";"0,938";"0,898";"0,211";"2,048";"0,000";"0,000";"0,000";
"02/12/2023 23:00";"0,936";"0,000";"0,838";"0,000";"0,211";"0,000";"1,985";"0,000";"0,000";"0,000";"0,000";"0,196";"0,936";"0,838";"0,211";"1,985";"0,000";"0,000";"0,000";
"02/12/2023 23:10";"0,935";"0,000";"0,893";"0,000";"0,211";"0,000";"2,040";"0,000";"0,000";"0,000";"0,000";"0,129";"0,935";"0,893";"0,211";"2,040";"0,000";"0,000";"0,000";
"02/12/2023 23:20";"0,931";"0,000";"0,894";"0,000";"0,211";"0,000";"2,037";"0,000";"0,000";"0,000";"0,000";"0,131";"0,931";"0,894";"0,211";"2,037";"0,000";"0,000";"0,000";
"02/12/2023 23:30";"0,928";"0,000";"0,847";"0,000";"0,212";"0,000";"1,987";"0,000";"0,000";"0,000";"0,000";"0,160";"0,928";"0,847";"0,212";"1,987";"0,000";"0,000";"0,000";
"02/12/2023 23:40";"0,940";"0,000";"0,898";"0,000";"0,220";"0,000";"2,059";"0,000";"0,000";"0,000";"0,000";"0,156";"0,940";"0,898";"0,220";"2,059";"0,000";"0,000";"0,000";
"02/12/2023 23:50";"0,937";"0,000";"0,867";"0,000";"0,227";"0,000";"2,030";"0,000";"0,000";"0,000";"0,000";"0,125";"0,937";"0,867";"0,227";"2,030";"0,000";"0,000";"0,000";
"03/12/2023 00:00";"0,925";"0,000";"0,874";"0,000";"0,228";"0,000";"2,026";"0,000";"0,000";"0,000";"0,000";"0,133";"0,925";"0,874";"0,228";"2,026";"0,000";"0,000";"0,000";
"03/12/2023 00:10";"0,922";"0,000";"0,857";"0,000";"0,221";"0,000";"2,000";"0,000";"0,000";"0,000";"0,000";"0,182";"0,922";"0,857";"0,221";"2,000";"0,000";"0,000";"0,000";
"03/12/2023 00:20";"0,926";"0,000";"0,858";"0,000";"0,212";"0,000";"1,997";"0,000";"0,000";"0,000";"0,000";"0,156";"0,926";"0,858";"0,212";"1,997";"0,000";"0,000";"0,000";
"03/12/2023 00:30";"0,934";"0,000";"0,875";"0,000";"0,212";"0,000";"2,021";"0,000";"0,000";"0,000";"0,000";"0,124";"0,934";"0,875";"0,212";"2,021";"0,000";"0,000";"0,000";
"03/12/2023 00:40";"0,934";"0,000";"0,896";"0,000";"0,211";"0,000";"2,041";"0,000";"0,000";"0,000";"0,000";"0,123";"0,934";"0,896";"0,211";"2,041";"0,000";"0,000";"0,000";
"03/12/2023 00:50";"0,970";"0,000";"0,853";"0,000";"0,212";"0,000";"2,035";"0,000";"0,000";"0,000";"0,000";"0,177";"0,970";"0,853";"0,212";"2,035";"0,000";"0,000";"0,000";
"03/12/2023 01:00";"1,023";"0,000";"0,878";"0,000";"0,211";"0,000";"2,112";"0,000";"0,000";"0,000";"0,000";"0,071";"1,023";"0,878";"0,211";"2,112";"0,000";"0,000";"0,000";
"03/12/2023 01:10";"1,028";"0,000";"0,892";"0,000";"0,211";"0,000";"2,131";"0,000";"0,000";"0,000";"0,000";"0,085";"1,028";"0,892";"0,211";"2,131";"0,000";"0,000";"0,000";
"03/12/2023 01:20";"1,023";"0,000";"0,871";"0,000";"0,211";"0,000";"2,106";"0,000";"0,000";"0,000";"0,000";"0,121";"1,023";"0,871";"0,211";"2,106";"0,000";"0,000";"0,000";
"03/12/2023 01:30";"0,871";"0,000";"0,694";"0,000";"0,263";"0,000";"1,828";"0,000";"0,002";"0,000";"0,000";"0,139";"0,871";"0,694";"0,263";"1,828";"0,000";"0,000";"0,000";
"03/12/2023 01:40";"0,600";"0,000";"0,468";"0,000";"0,294";"0,000";"1,361";"0,000";"0,031";"0,000";"0,000";"0,057";"0,600";"0,468";"0,294";"1,361";"0,000";"0,000";"0,000";
"03/12/2023 01:50";"0,595";"0,000";"0,464";"0,000";"0,282";"0,000";"1,341";"0,000";"0,004";"0,000";"0,000";"0,089";"0,595";"0,464";"0,282";"1,341";"0,000";"0,000";"0,000";
"03/12/2023 02:00";"0,488";"0,000";"0,392";"0,000";"0,249";"0,000";"1,129";"0,000";"0,004";"0,000";"0,000";"0,130";"0,488";"0,392";"0,249";"1,129";"0,000";"0,000";"0,000";
"03/12/2023 02:10";"0,460";"0,000";"0,414";"0,000";"0,251";"0,000";"1,125";"0,000";"0,001";"0,000";"0,000";"0,126";"0,460";"0,414";"0,251";"1,125";"0,000";"0,000";"0,000";
"03/12/2023 02:20";"0,480";"0,000";"0,443";"0,000";"0,261";"0,000";"1,184";"0,000";"0,007";"0,000";"0,000";"0,097";"0,480";"0,443";"0,261";"1,184";"0,000";"0,000";"0,000";
"03/12/2023 02:30";"0,504";"0,000";"0,461";"0,000";"0,289";"0,000";"1,255";"0,000";"0,001";"0,000";"0,000";"0,075";"0,504";"0,461";"0,289";"1,255";"0,000";"0,000";"0,000";
"03/12/2023 02:40";"0,628";"0,000";"0,485";"0,000";"0,350";"0,000";"1,463";"0,000";"0,000";"0,000";"0,000";"0,181";"0,628";"0,485";"0,350";"1,463";"0,000";"0,000";"0,000";
"03/12/2023 02:50";"1,130";"0,000";"0,971";"0,000";"0,399";"0,000";"2,500";"0,000";"0,000";"0,000";"0,000";"0,225";"1,130";"0,971";"0,399";"2,500";"0,000";"0,000";"0,000";
"03/12/2023 03:00";"1,203";"0,000";"1,184";"0,000";"0,463";"0,000";"2,849";"0,000";"0,000";"0,000";"0,000";"0,194";"1,203";"1,184";"0,463";"2,850";"0,000";"0,000";"0,000";
"03/12/2023 03:10";"1,145";"0,000";"1,088";"0,000";"0,430";"0,000";"2,663";"0,000";"0,000";"0,000";"0,000";"0,270";"1,145";"1,088";"0,430";"2,663";"0,000";"0,000";"0,000";
"03/12/2023 03:20";"1,100";"0,000";"1,086";"0,000";"0,395";"0,000";"2,581";"0,000";"0,000";"0,000";"0,000";"0,245";"1,100";"1,086";"0,395";"2,581";"0,000";"0,000";"0,000";
"03/12/2023 03:30";"1,064";"0,000";"0,997";"0,000";"0,353";"0,000";"2,414";"0,000";"0,009";"0,000";"0,000";"0,158";"1,064";"0,997";"0,353";"2,414";"0,000";"0,000";"0,000";
"03/12/2023 03:40";"1,056";"0,000";"1,037";"0,000";"0,348";"0,000";"2,441";"0,000";"0,000";"0,000";"0,000";"0,215";"1,056";"1,037";"0,348";"2,441";"0,000";"0,000";"0,000";
"03/12/2023 03:50";"1,058";"0,000";"0,981";"0,000";"0,348";"0,000";"2,388";"0,000";"0,000";"0,000";"0,000";"0,260";"1,058";"0,981";"0,348";"2,388";"0,000";"0,000";"0,000";
"03/12/2023 04:00";"1,056";"0,000";"1,002";"0,000";"0,347";"0,000";"2,405";"0,000";"0,000";"0,000";"0,000";"0,197";"1,056";"1,002";"0,347";"2,405";"0,000";"0,000";"0,000";
"03/12/2023 04:10";"1,073";"0,000";"1,042";"0,000";"0,357";"0,000";"2,471";"0,000";"0,005";"0,000";"0,000";"0,154";"1,073";"1,042";"0,357";"2,471";"0,000";"0,000";"0,000";
"03/12/2023 04:20";"1,069";"0,000";"1,014";"0,000";"0,345";"0,000";"2,428";"0,000";"0,000";"0,000";"0,000";"0,179";"1,069";"1,014";"0,345";"2,428";"0,000";"0,000";"0,000";
"03/12/2023 04:30";"1,239";"0,000";"1,013";"0,000";"0,356";"0,000";"2,608";"0,000";"0,000";"0,000";"0,000";"0,230";"1,239";"1,013";"0,356";"2,608";"0,000";"0,000";"0,000";
"03/12/2023 04:40";"1,321";"0,000";"1,053";"0,000";"0,350";"0,000";"2,724";"0,000";"0,000";"0,000";"0,000";"0,189";"1,321";"1,053";"0,350";"2,724";"0,000";"0,000";"0,000";
"03/12/2023 04:50";"1,321";"0,000";"1,008";"0,000";"0,347";"0,000";"2,677";"0,000";"0,000";"0,000";"0,000";"0,197";"1,321";"1,008";"0,347";"2,677";"0,000";"0,000";"0,000";
"03/12/2023 05:00";"1,278";"0,000";"1,025";"0,000";"0,348";"0,000";"2,651";"0,000";"0,000";"0,000";"0,000";"0,184";"1,278";"1,025";"0,348";"2,651";"0,000";"0,000";"0,000";
"03/12/2023 05:10";"1,063";"0,000";"1,023";"0,000";"0,340";"0,000";"2,426";"0,000";"0,000";"0,000";"0,000";"0,209";"1,063";"1,023";"0,340";"2,426";"0,000";"0,000";"0,000";
"03/12/2023 05:20";"1,061";"0,000";"1,012";"0,000";"0,341";"0,000";"2,414";"0,000";"0,018";"0,000";"0,000";"0,147";"1,061";"1,012";"0,341";"2,414";"0,000";"0,000";"0,000";
"03/12/2023 05:30";"1,056";"0,000";"1,022";"0,000";"0,339";"0,000";"2,417";"0,000";"0,000";"0,000";"0,000";"0,238";"1,056";"1,022";"0,339";"2,417";"0,000";"0,000";"0,000";
"03/12/2023 05:40";"1,066";"0,000";"0,988";"0,000";"0,354";"0,000";"2,408";"0,000";"0,000";"0,000";"0,000";"0,257";"1,066";"0,988";"0,354";"2,408";"0,000";"0,000";"0,000";
"03/12/2023 05:50";"1,062";"0,000";"1,042";"0,000";"0,343";"0,000";"2,447";"0,000";"0,012";"0,000";"0,000";"0,163";"1,062";"1,042";"0,343";"2,447";"0,000";"0,000";"0,000";
"03/12/2023 06:00";"1,058";"0,000";"1,031";"0,000";"0,338";"0,000";"2,427";"0,000";"0,000";"0,000";"0,000";"0,212";"1,058";"1,031";"0,338";"2,427";"0,000";"0,000";"0,000";
"03/12/2023 06:10";"1,074";"0,000";"0,992";"0,000";"0,354";"0,000";"2,419";"0,000";"0,000";"0,000";"0,000";"0,239";"1,074";"0,992";"0,354";"2,419";"0,000";"0,000";"0,000";
"03/12/2023 06:20";"1,066";"0,000";"1,038";"0,000";"0,351";"0,000";"2,455";"0,000";"0,000";"0,000";"0,000";"0,236";"1,066";"1,038";"0,351";"2,455";"0,000";"0,000";"0,000";
"03/12/2023 06:30";"1,064";"0,000";"1,012";"0,000";"0,352";"0,000";"2,429";"0,000";"0,000";"0,000";"0,000";"0,223";"1,064";"1,012";"0,352";"2,429";"0,000";"0,000";"0,000";
"03/12/2023 06:40";"1,051";"0,000";"0,996";"0,000";"0,342";"0,000";"2,390";"0,000";"0,000";"0,000";"0,000";"0,247";"1,051";"0,996";"0,342";"2,390";"0,000";"0,000";"0,000";
"03/12/2023 06:50";"1,058";"0,000";"1,017";"0,000";"0,345";"0,000";"2,420";"0,000";"0,006";"0,000";"0,000";"0,041";"1,058";"1,017";"0,345";"2,420";"0,000";"0,000";"0,000";
"03/12/2023 07:00";"1,064";"0,000";"1,011";"0,000";"0,343";"0,000";"2,419";"0,000";"0,022";"0,000";"0,000";"0,004";"1,064";"1,011";"0,343";"2,419";"0,000";"0,000";"0,000";
"03/12/2023 07:10";"1,073";"0,000";"1,042";"0,000";"0,349";"0,000";"2,463";"0,000";"0,018";"0,000";"0,000";"0,001";"1,073";"1,042";"0,349";"2,463";"0,000";"0,000";"0,000";
"03/12/2023 07:20";"0,996";"0,000";"0,950";"0,000";"0,265";"0,000";"2,212";"0,000";"0,000";"0,000";"0,000";"0,148";"0,996";"0,950";"0,265";"2,212";"0,000";"0,000";"0,000";
"03/12/2023 07:30";"1,058";"0,000";"0,970";"0,000";"0,334";"0,000";"2,361";"0,000";"0,009";"0,000";"0,000";"0,060";"1,058";"0,970";"0,334";"2,361";"0,000";"0,000";"0,000";
"03/12/2023 07:40";"1,067";"0,000";"1,037";"0,000";"0,341";"0,000";"2,444";"0,000";"0,014";"0,000";"0,000";"0,007";"1,067";"1,037";"0,341";"2,444";"0,000";"0,000";"0,000";
"03/12/2023 07:50";"1,065";"0,000";"1,035";"0,000";"0,343";"0,000";"2,443";"0,000";"0,013";"0,000";"0,000";"0,006";"1,065";"1,035";"0,343";"2,443";"0,000";"0,000";"0,000";
"03/12/2023 08:00";"1,094";"0,000";"1,037";"0,000";"0,368";"0,000";"2,500";"0,000";"0,013";"0,000";"0,000";"0,161";"1,094";"1,037";"0,368";"2,500";"0,000";"0,000";"0,000";
"03/12/2023 08:10";"1,071";"0,000";"1,013";"0,000";"0,347";"0,000";"2,432";"0,000";"0,000";"0,000";"0,000";"0,267";"1,071";"1,013";"0,347";"2,432";"0,000";"0,000";"0,000";
"03/12/2023 08:20";"1,078";"0,000";"1,040";"0,000";"0,359";"0,000";"2,477";"0,000";"0,000";"0,000";"0,000";"0,195";"1,078";"1,040";"0,359";"2,477";"0,000";"0,000";"0,000";
"03/12/2023 08:30";"0,988";"0,000";"0,943";"0,000";"0,275";"0,000";"2,206";"0,000";"0,000";"0,000";"0,000";"0,123";"0,988";"0,943";"0,275";"2,206";"0,000";"0,000";"0,000";
"03/12/2023 08:40";"0,961";"0,000";"0,914";"0,000";"0,242";"0,000";"2,117";"0,000";"0,063";"0,000";"0,000";"0,016";"0,964";"0,918";"0,245";"2,127";"0,010";"0,006";"0,004";
"03/12/2023 08:50";"0,956";"0,000";"0,871";"0,000";"0,240";"0,000";"2,067";"0,000";"0,074";"0,000";"0,000";"0,004";"0,971";"0,885";"0,254";"2,111";"0,044";"0,023";"0,021";
"03/12/2023 09:00";"0,945";"0,000";"0,872";"0,000";"0,212";"0,000";"2,029";"0,000";"0,025";"0,000";"0,000";"0,018";"0,977";"0,903";"0,243";"2,123";"0,094";"0,049";"0,045";
"03/12/2023 09:10";"0,896";"0,000";"0,861";"0,000";"0,171";"0,000";"1,928";"0,000";"0,040";"0,000";"0,000";"0,020";"0,917";"0,882";"0,192";"1,992";"0,064";"0,034";"0,030";
"03/12/2023 09:20";"0,948";"0,000";"0,863";"0,000";"0,234";"0,000";"2,045";"0,000";"0,070";"0,000";"0,000";"0,000";"0,972";"0,888";"0,258";"2,118";"0,073";"0,038";"0,035";
"03/12/2023 09:30";"0,907";"0,000";"0,864";"0,000";"0,220";"0,000";"1,992";"0,000";"0,090";"0,000";"0,000";"0,000";"0,949";"0,906";"0,261";"2,116";"0,124";"0,064";"0,060";
"03/12/2023 09:40";"0,921";"0,000";"0,789";"0,000";"0,224";"0,000";"1,934";"0,000";"0,029";"0,000";"0,000";"0,008";"0,987";"0,855";"0,291";"2,134";"0,200";"0,103";"0,097";
"03/12/2023 09:50";"0,921";"0,000";"0,874";"0,000";"0,207";"0,000";"2,002";"0,000";"0,004";"0,000";"0,000";"0,119";"1,001";"0,955";"0,287";"2,243";"0,241";"0,124";"0,117";
"03/12/2023 10:00";"0,923";"0,000";"0,835";"0,000";"0,207";"0,000";"1,966";"0,000";"0,000";"0,000";"0,000";"0,117";"1,048";"0,960";"0,332";"2,341";"0,375";"0,192";"0,183";
"03/12/2023 10:10";"0,840";"0,000";"0,785";"0,000";"0,131";"0,000";"1,756";"0,000";"0,004";"0,000";"0,000";"0,067";"0,964";"0,909";"0,255";"2,128";"0,372";"0,190";"0,182";
"03/12/2023 10:20";"0,911";"0,000";"0,825";"0,000";"0,189";"0,000";"1,925";"0,000";"0,024";"0,000";"0,000";"0,034";"1,010";"0,924";"0,288";"2,222";"0,297";"0,152";"0,145";
"03/12/2023 10:30";"0,927";"0,000";"0,837";"0,000";"0,204";"0,000";"1,968";"0,000";"0,025";"0,000";"0,000";"0,046";"1,048";"0,958";"0,325";"2,331";"0,363";"0,186";"0,177";
"03/12/2023 10:40";"0,910";"0,000";"0,837";"0,000";"0,191";"0,000";"1,938";"0,000";"0,000";"0,000";"0,000";"0,105";"1,019";"0,945";"0,300";"2,264";"0,326";"0,167";"0,159";
"03/12/2023 10:50";"0,492";"0,000";"0,274";"0,000";"0,150";"0,000";"0,916";"0,000";"0,075";"0,000";"0,000";"0,009";"0,596";"0,378";"0,254";"1,228";"0,312";"0,160";"0,152";
"03/12/2023 11:00";"0,439";"0,000";"0,395";"0,000";"0,229";"0,000";"1,062";"0,000";"0,000";"0,000";"0,000";"0,106";"0,554";"0,510";"0,344";"1,408";"0,346";"0,177";"0,169";
"03/12/2023 11:10";"0,692";"0,000";"0,389";"0,000";"0,256";"0,000";"1,337";"0,000";"0,000";"0,000";"0,000";"0,131";"0,841";"0,538";"0,405";"1,784";"0,447";"0,228";"0,219";
"03/12/2023 11:20";"0,902";"0,000";"0,600";"0,000";"0,188";"0,000";"1,690";"0,000";"0,010";"0,000";"0,000";"0,163";"1,066";"0,765";"0,353";"2,183";"0,493";"0,252";"0,241";
"03/12/2023 11:30";"0,931";"0,000";"0,845";"0,000";"0,207";"0,000";"1,983";"0,000";"0,019";"0,000";"0,000";"0,074";"1,231";"1,144";"0,506";"2,881";"0,898";"0,456";"0,442";
"03/12/2023 11:40";"0,912";"0,000";"0,859";"0,000";"0,199";"0,000";"1,971";"0,000";"0,000";"0,000";"0,000";"0,108";"1,276";"1,223";"0,563";"3,062";"1,091";"0,554";"0,537";
"03/12/2023 11:50";"0,913";"0,000";"0,814";"0,000";"0,168";"0,000";"1,895";"0,000";"0,002";"0,000";"0,000";"0,074";"1,424";"1,324";"0,678";"3,427";"1,532";"0,777";"0,755";
"03/12/2023 12:00";"0,953";"0,000";"0,792";"0,000";"0,138";"0,000";"1,883";"0,000";"0,061";"0,000";"0,000";"0,010";"1,584";"1,423";"0,769";"3,776";"1,893";"0,960";"0,933";
"03/12/2023 12:10";"1,016";"0,000";"0,847";"0,000";"0,204";"0,000";"2,067";"0,000";"0,064";"0,000";"0,000";"0,012";"1,448";"1,279";"0,637";"3,364";"1,297";"0,660";"0,637";
"03/12/2023 12:20";"1,023";"0,000";"0,836";"0,000";"0,199";"0,000";"2,057";"0,000";"0,001";"0,000";"0,000";"0,061";"1,471";"1,284";"0,647";"3,403";"1,346";"0,684";"0,662";
"03/12/2023 12:30";"0,646";"0,000";"0,419";"0,000";"0,152";"0,000";"1,217";"0,000";"0,098";"0,000";"0,000";"0,009";"1,151";"0,925";"0,658";"2,734";"1,517";"0,770";"0,747";
"03/12/2023 12:40";"0,516";"0,000";"0,309";"0,000";"0,206";"0,000";"1,031";"0,000";"0,066";"0,000";"0,000";"0,075";"1,048";"0,841";"0,738";"2,627";"1,596";"0,810";"0,786";
"03/12/2023 12:50";"0,638";"0,000";"0,375";"0,000";"0,233";"0,000";"1,246";"0,000";"0,014";"0,000";"0,000";"0,050";"1,163";"0,900";"0,758";"2,821";"1,575";"0,799";"0,776";
"03/12/2023 13:00";"0,935";"0,000";"0,779";"0,000";"0,220";"0,000";"1,933";"0,000";"0,026";"0,000";"0,000";"0,093";"1,481";"1,325";"0,766";"3,572";"1,639";"0,831";"0,808";
"03/12/2023 13:10";"0,913";"0,000";"0,811";"0,000";"0,195";"0,000";"1,919";"0,000";"0,071";"0,000";"0,000";"0,000";"1,260";"1,158";"0,542";"2,961";"1,042";"0,530";"0,512";
"03/12/2023 13:20";"0,849";"0,000";"0,771";"0,000";"0,133";"0,000";"1,754";"0,000";"0,003";"0,000";"0,000";"0,087";"1,161";"1,083";"0,445";"2,690";"0,936";"0,476";"0,460";
"03/12/2023 13:30";"0,890";"0,000";"0,842";"0,000";"0,177";"0,000";"1,909";"0,000";"0,079";"0,000";"0,000";"0,002";"1,162";"1,113";"0,449";"2,724";"0,815";"0,415";"0,400";
"03/12/2023 13:40";"0,447";"0,000";"0,346";"0,000";"0,148";"0,000";"0,940";"0,000";"0,083";"0,000";"0,000";"0,002";"0,698";"0,597";"0,399";"1,694";"0,754";"0,384";"0,370";
"03/12/2023 13:50";"0,406";"0,000";"0,332";"0,000";"0,198";"0,000";"0,935";"0,000";"0,031";"0,000";"0,000";"0,061";"0,694";"0,620";"0,486";"1,799";"0,864";"0,440";"0,424";
"03/12/2023 14:00";"0,663";"0,000";"0,383";"0,000";"0,254";"0,000";"1,300";"0,000";"0,000";"0,000";"0,000";"0,106";"1,032";"0,751";"0,623";"2,406";"1,106";"0,562";"0,544";
"03/12/2023 14:10";"0,900";"0,000";"0,617";"0,000";"0,186";"0,000";"1,703";"0,000";"0,005";"0,000";"0,000";"0,052";"1,228";"0,945";"0,514";"2,688";"0,985";"0,501";"0,484";
"03/12/2023 14:20";"0,913";"0,000";"0,818";"0,000";"0,191";"0,000";"1,921";"0,000";"0,059";"0,000";"0,000";"0,002";"1,279";"1,184";"0,557";"3,020";"1,099";"0,559";"0,540";
"03/12/2023 14:30";"0,967";"0,000";"0,898";"0,000";"0,250";"0,000";"2,116";"0,000";"0,007";"0,000";"0,000";"0,123";"1,436";"1,367";"0,719";"3,523";"1,407";"0,714";"0,693";
"03/12/2023 14:40";"0,879";"0,000";"0,704";"0,000";"0,162";"0,000";"1,745";"0,000";"0,001";"0,000";"0,000";"0,090";"1,378";"1,204";"0,661";"3,243";"1,498";"0,760";"0,738";
"03/12/2023 14:50";"0,410";"0,000";"0,287";"0,000";"0,180";"0,000";"0,877";"0,000";"0,083";"0,000";"0,000";"0,012";"0,924";"0,801";"0,694";"2,419";"1,542";"0,782";"0,760";
"03/12/2023 15:00";"0,444";"0,000";"0,399";"0,000";"0,236";"0,000";"1,078";"0,000";"0,003";"0,000";"0,000";"0,086";"0,808";"0,763";"0,600";"2,170";"1,092";"0,555";"0,537";
"03/12/2023 15:10";"0,705";"0,000";"0,421";"0,000";"0,268";"0,000";"1,395";"0,000";"0,000";"0,000";"0,000";"0,125";"0,997";"0,713";"0,560";"2,271";"0,876";"0,446";"0,430";
"03/12/2023 15:20";"0,711";"0,000";"0,397";"0,000";"0,142";"0,000";"1,250";"0,000";"0,060";"0,000";"0,000";"0,050";"0,921";"0,607";"0,351";"1,878";"0,628";"0,320";"0,308";
"03/12/2023 15:30";"0,657";"0,000";"0,352";"0,000";"0,198";"0,000";"1,207";"0,000";"0,103";"0,000";"0,000";"0,014";"0,792";"0,487";"0,333";"1,613";"0,406";"0,208";"0,198";
"03/12/2023 15:40";"0,718";"0,000";"0,352";"0,000";"0,241";"0,000";"1,311";"0,000";"0,006";"0,000";"0,000";"0,110";"0,904";"0,537";"0,426";"1,867";"0,556";"0,284";"0,272";
"03/12/2023 15:50";"1,069";"0,000";"0,557";"0,000";"0,208";"0,000";"1,834";"0,000";"0,015";"0,000";"0,000";"0,112";"1,273";"0,761";"0,412";"2,446";"0,612";"0,312";"0,300";
"03/12/2023 16:00";"0,444";"0,000";"0,312";"0,000";"0,208";"0,000";"0,964";"0,000";"0,112";"0,000";"0,000";"0,000";"0,540";"0,408";"0,304";"1,252";"0,288";"0,148";"0,140";
"03/12/2023 16:10";"0,437";"0,000";"0,384";"0,000";"0,243";"0,000";"1,064";"0,000";"0,024";"0,000";"0,000";"0,116";"0,551";"0,498";"0,357";"1,406";"0,342";"0,175";"0,167";
"03/12/2023 16:20";"0,796";"0,000";"0,539";"0,000";"0,265";"0,000";"1,600";"0,000";"0,002";"0,000";"0,000";"0,088";"0,914";"0,657";"0,384";"1,956";"0,356";"0,183";"0,173";
"03/12/2023 16:30";"0,471";"0,000";"0,358";"0,000";"0,149";"0,000";"0,979";"0,000";"0,025";"0,000";"0,000";"0,009";"0,609";"0,496";"0,287";"1,392";"0,413";"0,211";"0,202";
"03/12/2023 16:40";"0,400";"0,000";"0,305";"0,000";"0,194";"0,000";"0,900";"0,000";"0,056";"0,000";"0,000";"0,013";"0,512";"0,417";"0,306";"1,236";"0,336";"0,172";"0,164";
"03/12/2023 16:50";"0,544";"0,000";"0,374";"0,000";"0,217";"0,000";"1,135";"0,000";"0,061";"0,000";"0,000";"0,066";"0,589";"0,419";"0,263";"1,271";"0,136";"0,070";"0,066";
"03/12/2023 17:00";"0,899";"0,000";"0,554";"0,000";"0,180";"0,000";"1,634";"0,000";"0,033";"0,000";"0,000";"0,063";"0,989";"0,644";"0,270";"1,903";"0,269";"0,138";"0,131";
"03/12/2023 17:10";"0,905";"0,000";"0,810";"0,000";"0,192";"0,000";"1,908";"0,000";"0,087";"0,000";"0,000";"0,000";"0,978";"0,882";"0,265";"2,125";"0,217";"0,112";"0,105";
"03/12/2023 17:20";"0,470";"0,000";"0,292";"0,000";"0,142";"0,000";"0,904";"0,000";"0,031";"0,000";"0,000";"0,042";"0,504";"0,327";"0,176";"1,008";"0,104";"0,054";"0,050";
"03/12/2023 17:30";"0,429";"0,000";"0,392";"0,000";"0,224";"0,000";"1,045";"0,000";"0,060";"0,000";"0,000";"0,062";"0,436";"0,399";"0,231";"1,066";"0,021";"0,011";"0,010";
"03/12/2023 17:40";"0,575";"0,000";"0,393";"0,000";"0,243";"0,000";"1,211";"0,000";"0,009";"0,000";"0,000";"0,111";"0,576";"0,394";"0,243";"1,213";"0,002";"0,001";"0,001";
"03/12/2023 17:50";"0,791";"0,000";"0,565";"0,000";"0,190";"0,000";"1,545";"0,000";"0,017";"0,000";"0,000";"0,087";"0,791";"0,565";"0,190";"1,545";"0,000";"0,000";"0,000";
"03/12/2023 18:00";"0,510";"0,000";"0,413";"0,000";"0,288";"0,000";"1,212";"0,000";"0,013";"0,000";"0,000";"0,042";"0,510";"0,413";"0,288";"1,212";"0,000";"0,000";"0,000";
"03/12/2023 18:10";"0,571";"0,000";"0,548";"0,000";"0,369";"0,000";"1,488";"0,000";"0,000";"0,000";"0,000";"0,217";"0,571";"0,548";"0,369";"1,488";"0,000";"0,000";"0,000";
"03/12/2023 18:20";"0,952";"0,000";"0,710";"0,000";"0,384";"0,000";"2,046";"0,000";"0,000";"0,000";"0,000";"0,178";"0,952";"0,710";"0,384";"2,046";"0,000";"0,000";"0,000";
"03/12/2023 18:30";"0,600";"0,000";"0,521";"0,000";"0,286";"0,000";"1,407";"0,000";"0,010";"0,000";"0,000";"0,041";"0,600";"0,521";"0,286";"1,407";"0,000";"0,000";"0,000";
"03/12/2023 18:40";"0,550";"0,000";"0,484";"0,000";"0,350";"0,000";"1,384";"0,000";"0,001";"0,000";"0,000";"0,127";"0,550";"0,484";"0,350";"1,384";"0,000";"0,000";"0,000";
"03/12/2023 18:50";"0,671";"0,000";"0,577";"0,000";"0,378";"0,000";"1,625";"0,000";"0,000";"0,000";"0,000";"0,169";"0,671";"0,577";"0,378";"1,625";"0,000";"0,000";"0,000";
"03/12/2023 19:00";"0,837";"0,000";"0,626";"0,000";"0,311";"0,000";"1,774";"0,000";"0,001";"0,000";"0,000";"0,159";"0,837";"0,626";"0,311";"1,774";"0,000";"0,000";"0,000";
"03/12/2023 19:10";"0,543";"0,000";"0,530";"0,000";"0,335";"0,000";"1,408";"0,000";"0,024";"0,000";"0,000";"0,048";"0,543";"0,530";"0,335";"1,408";"0,000";"0,000";"0,000";
"03/12/2023 19:20";"0,578";"0,000";"0,522";"0,000";"0,372";"0,000";"1,472";"0,000";"0,000";"0,000";"0,000";"0,202";"0,578";"0,522";"0,372";"1,472";"0,000";"0,000";"0,000";
"03/12/2023 19:30";"0,947";"0,000";"0,706";"0,000";"0,357";"0,000";"2,010";"0,000";"0,000";"0,000";"0,000";"0,207";"0,947";"0,706";"0,357";"2,010";"0,000";"0,000";"0,000";
"03/12/2023 19:40";"0,537";"0,000";"0,466";"0,000";"0,313";"0,000";"1,315";"0,000";"0,024";"0,000";"0,000";"0,029";"0,537";"0,466";"0,313";"1,315";"0,000";"0,000";"0,000";
"03/12/2023 19:50";"0,569";"0,000";"0,550";"0,000";"0,365";"0,000";"1,483";"0,000";"0,000";"0,000";"0,000";"0,203";"0,569";"0,550";"0,365";"1,483";"0,000";"0,000";"0,000";
"03/12/2023 20:00";"0,782";"0,000";"0,517";"0,000";"0,393";"0,000";"1,693";"0,000";"0,000";"0,000";"0,000";"0,267";"0,782";"0,517";"0,393";"1,693";"0,000";"0,000";"0,000";
"03/12/2023 20:10";"1,035";"0,000";"0,754";"0,000";"0,308";"0,000";"2,097";"0,000";"0,016";"0,000";"0,000";"0,089";"1,035";"0,754";"0,308";"2,097";"0,000";"0,000";"0,000";
"03/12/2023 20:20";"1,067";"0,000";"1,046";"0,000";"0,348";"0,000";"2,461";"0,000";"0,000";"0,000";"0,000";"0,177";"1,067";"1,046";"0,348";"2,461";"0,000";"0,000";"0,000";
"03/12/2023 20:30";"1,016";"0,000";"0,735";"0,000";"0,296";"0,000";"2,047";"0,000";"0,006";"0,000";"0,000";"0,044";"1,016";"0,735";"0,296";"2,047";"0,000";"0,000";"0,000";
"03/12/2023 20:40";"0,930";"0,000";"0,740";"0,000";"0,288";"0,000";"1,959";"0,000";"0,012";"0,000";"0,000";"0,059";"0,930";"0,740";"0,288";"1,959";"0,000";"0,000";"0,000";
"03/12/2023 20:50";"0,556";"0,000";"0,477";"0,000";"0,342";"0,000";"1,375";"0,000";"0,022";"0,000";"0,000";"0,086";"0,556";"0,477";"0,342";"1,375";"0,000";"0,000";"0,000";
"03/12/2023 21:00";"0,578";"0,000";"0,563";"0,000";"0,375";"0,000";"1,516";"0,000";"0,000";"0,000";"0,000";"0,203";"0,578";"0,563";"0,375";"1,516";"0,000";"0,000";"0,000";
"03/12/2023 21:10";"0,848";"0,000";"0,571";"0,000";"0,385";"0,000";"1,804";"0,000";"0,000";"0,000";"0,000";"0,208";"0,848";"0,571";"0,385";"1,804";"0,000";"0,000";"0,000";
"03/12/2023 21:20";"0,634";"0,000";"0,546";"0,000";"0,290";"0,000";"1,471";"0,000";"0,007";"0,000";"0,000";"0,061";"0,634";"0,546";"0,290";"1,471";"0,000";"0,000";"0,000";
"03/12/2023 21:30";"0,588";"0,000";"0,558";"0,000";"0,386";"0,000";"1,532";"0,000";"0,000";"0,000";"0,000";"0,213";"0,588";"0,558";"0,386";"1,532";"0,000";"0,000";"0,000";
"03/12/2023 21:40";"0,659";"0,000";"0,529";"0,000";"0,401";"0,000";"1,590";"0,000";"0,000";"0,000";"0,000";"0,246";"0,659";"0,529";"0,401";"1,590";"0,000";"0,000";"0,000";
"03/12/2023 21:50";"0,866";"0,000";"0,620";"0,000";"0,314";"0,000";"1,799";"0,000";"0,015";"0,000";"0,000";"0,160";"0,866";"0,620";"0,314";"1,799";"0,000";"0,000";"0,000";
"03/12/2023 22:00";"0,556";"0,000";"0,509";"0,000";"0,345";"0,000";"1,410";"0,000";"0,014";"0,000";"0,000";"0,066";"0,556";"0,509";"0,345";"1,410";"0,000";"0,000";"0,000";
"03/12/2023 22:10";"0,586";"0,000";"0,546";"0,000";"0,377";"0,000";"1,509";"0,000";"0,000";"0,000";"0,000";"0,212";"0,586";"0,546";"0,377";"1,509";"0,000";"0,000";"0,000";
"03/12/2023 22:20";"0,912";"0,000";"0,669";"0,000";"0,360";"0,000";"1,941";"0,000";"0,000";"0,000";"0,000";"0,198";"0,912";"0,669";"0,360";"1,941";"0,000";"0,000";"0,000";
"03/12/2023 22:30";"0,571";"0,000";"0,441";"0,000";"0,313";"0,000";"1,325";"0,000";"0,003";"0,000";"0,000";"0,065";"0,571";"0,441";"0,313";"1,325";"0,000";"0,000";"0,000";
"03/12/2023 22:40";"0,605";"0,000";"0,580";"0,000";"0,401";"0,000";"1,585";"0,000";"0,000";"0,000";"0,000";"0,186";"0,605";"0,580";"0,401";"1,585";"0,000";"0,000";"0,000";
"03/12/2023 22:50";"0,782";"0,000";"0,635";"0,000";"0,437";"0,000";"1,854";"0,000";"0,000";"0,000";"0,000";"0,190";"0,782";"0,635";"0,437";"1,854";"0,000";"0,000";"0,000";
"03/12/2023 23:00";"0,730";"0,000";"0,598";"0,000";"0,270";"0,000";"1,598";"0,000";"0,009";"0,000";"0,000";"0,066";"0,730";"0,598";"0,270";"1,598";"0,000";"0,000";"0,000";
"03/12/2023 23:10";"0,597";"0,000";"0,522";"0,000";"0,350";"0,000";"1,469";"0,000";"0,006";"0,000";"0,000";"0,099";"0,597";"0,522";"0,350";"1,469";"0,000";"0,000";"0,000";
"03/12/2023 23:20";"0,704";"0,000";"0,521";"0,000";"0,404";"0,000";"1,628";"0,000";"0,000";"0,000";"0,000";"0,219";"0,704";"0,521";"0,404";"1,628";"0,000";"0,000";"0,000";
"03/12/2023 23:30";"0,999";"0,000";"0,610";"0,000";"0,307";"0,000";"1,916";"0,000";"0,000";"0,000";"0,000";"0,103";"0,999";"0,610";"0,307";"1,916";"0,000";"0,000";"0,000";
"03/12/2023 23:40";"0,626";"0,000";"0,495";"0,000";"0,328";"0,000";"1,450";"0,000";"0,051";"0,000";"0,000";"0,012";"0,626";"0,495";"0,328";"1,450";"0,000";"0,000";"0,000";
"03/12/2023 23:50";"0,678";"0,000";"0,562";"0,000";"0,381";"0,000";"1,621";"0,000";"0,000";"0,000";"0,000";"0,168";"0,678";"0,562";"0,381";"1,621";"0,000";"0,000";"0,000";
"04/12/2023 00:00";"0,910";"0,000";"0,642";"0,000";"0,394";"0,000";"1,946";"0,000";"0,000";"0,000";"0,000";"0,187";"0,910";"0,642";"0,394";"1,946";"0,000";"0,000";"0,000";
"04/12/2023 00:10";"0,708";"0,000";"0,485";"0,000";"0,276";"0,000";"1,469";"0,000";"0,019";"0,000";"0,000";"0,051";"0,708";"0,485";"0,276";"1,469";"0,000";"0,000";"0,000";
"04/12/2023 00:20";"0,694";"0,000";"0,536";"0,000";"0,361";"0,000";"1,591";"0,000";"0,006";"0,000";"0,000";"0,131";"0,694";"0,536";"0,361";"1,591";"0,000";"0,000";"0,000";
"04/12/2023 00:30";"0,910";"0,000";"0,624";"0,000";"0,442";"0,000";"1,975";"0,000";"0,000";"0,000";"0,000";"0,200";"0,910";"0,624";"0,442";"1,975";"0,000";"0,000";"0,000";
"04/12/2023 00:40";"1,105";"0,000";"0,566";"0,000";"0,280";"0,000";"1,951";"0,000";"0,000";"0,000";"0,000";"0,140";"1,105";"0,566";"0,280";"1,951";"0,000";"0,000";"0,000";
"04/12/2023 00:50";"0,784";"0,000";"0,470";"0,000";"0,334";"0,000";"1,589";"0,000";"0,000";"0,000";"0,000";"0,091";"0,784";"0,470";"0,334";"1,589";"0,000";"0,000";"0,000";
"04/12/2023 01:00";"0,608";"0,000";"0,552";"0,000";"0,362";"0,000";"1,523";"0,000";"0,001";"0,000";"0,000";"0,167";"0,608";"0,552";"0,362";"1,523";"0,000";"0,000";"0,000";
"04/12/2023 01:10";"0,849";"0,000";"0,620";"0,000";"0,349";"0,000";"1,818";"0,000";"0,000";"0,000";"0,000";"0,179";"0,849";"0,620";"0,349";"1,818";"0,000";"0,000";"0,000";
"04/12/2023 01:20";"0,584";"0,000";"0,490";"0,000";"0,296";"0,000";"1,370";"0,000";"0,014";"0,000";"0,000";"0,029";"0,584";"0,490";"0,296";"1,370";"0,000";"0,000";"0,000";
"04/12/2023 01:30";"0,556";"0,000";"0,482";"0,000";"0,354";"0,000";"1,392";"0,000";"0,005";"0,000";"0,000";"0,202";"0,556";"0,482";"0,354";"1,392";"0,000";"0,000";"0,000";
"04/12/2023 01:40";"0,736";"0,000";"0,629";"0,000";"0,424";"0,000";"1,789";"0,000";"0,000";"0,000";"0,000";"0,205";"0,736";"0,629";"0,424";"1,789";"0,000";"0,000";"0,000";
"04/12/2023 01:50";"0,773";"0,000";"0,570";"0,000";"0,278";"0,000";"1,621";"0,000";"0,005";"0,000";"0,000";"0,079";"0,773";"0,570";"0,278";"1,621";"0,000";"0,000";"0,000";
"04/12/2023 02:00";"0,536";"0,000";"0,528";"0,000";"0,335";"0,000";"1,399";"0,000";"0,012";"0,000";"0,000";"0,060";"0,536";"0,528";"0,335";"1,399";"0,000";"0,000";"0,000";
"04/12/2023 02:10";"0,550";"0,000";"0,468";"0,000";"0,339";"0,000";"1,357";"0,000";"0,012";"0,000";"0,000";"0,089";"0,550";"0,468";"0,339";"1,357";"0,000";"0,000";"0,000";
"04/12/2023 02:20";"0,922";"0,000";"0,620";"0,000";"0,334";"0,000";"1,876";"0,000";"0,000";"0,000";"0,000";"0,215";"0,922";"0,620";"0,334";"1,876";"0,000";"0,000";"0,000";
"04/12/2023 02:30";"0,520";"0,000";"0,500";"0,000";"0,316";"0,000";"1,335";"0,000";"0,026";"0,000";"0,000";"0,012";"0,520";"0,500";"0,316";"1,335";"0,000";"0,000";"0,000";
"04/12/2023 02:40";"0,540";"0,000";"0,497";"0,000";"0,336";"0,000";"1,373";"0,000";"0,018";"0,000";"0,000";"0,063";"0,540";"0,497";"0,336";"1,373";"0,000";"0,000";"0,000";
"04/12/2023 02:50";"0,780";"0,000";"0,571";"0,000";"0,382";"0,000";"1,733";"0,000";"0,000";"0,000";"0,000";"0,202";"0,780";"0,571";"0,382";"1,733";"0,000";"0,000";"0,000";
"04/12/2023 03:00";"0,694";"0,000";"0,543";"0,000";"0,288";"0,000";"1,525";"0,000";"0,004";"0,000";"0,000";"0,118";"0,694";"0,543";"0,288";"1,525";"0,000";"0,000";"0,000";
"04/12/2023 03:10";"0,537";"0,000";"0,523";"0,000";"0,339";"0,000";"1,399";"0,000";"0,015";"0,000";"0,000";"0,046";"0,537";"0,523";"0,339";"1,398";"0,000";"0,000";"0,000";
"04/12/2023 03:20";"0,462";"0,000";"0,403";"0,000";"0,252";"0,000";"1,116";"0,000";"0,002";"0,000";"0,000";"0,058";"0,462";"0,403";"0,252";"1,116";"0,000";"0,000";"0,000";
"04/12/2023 03:30";"0,522";"0,000";"0,505";"0,000";"0,324";"0,000";"1,351";"0,000";"0,015";"0,000";"0,000";"0,031";"0,522";"0,505";"0,324";"1,351";"0,000";"0,000";"0,000";
"04/12/2023 03:40";"0,714";"0,000";"0,546";"0,000";"0,397";"0,000";"1,658";"0,000";"0,000";"0,000";"0,000";"0,224";"0,714";"0,546";"0,397";"1,658";"0,000";"0,000";"0,000";
"04/12/2023 03:50";"1,033";"0,000";"0,614";"0,000";"0,318";"0,000";"1,965";"0,000";"0,001";"0,000";"0,000";"0,158";"1,033";"0,614";"0,318";"1,965";"0,000";"0,000";"0,000";
"04/12/2023 04:00";"1,069";"0,000";"1,003";"0,000";"0,349";"0,000";"2,421";"0,000";"0,002";"0,000";"0,000";"0,154";"1,069";"1,003";"0,349";"2,421";"0,000";"0,000";"0,000";
"04/12/2023 04:10";"0,609";"0,000";"0,583";"0,000";"0,285";"0,000";"1,476";"0,000";"0,012";"0,000";"0,000";"0,039";"0,609";"0,583";"0,285";"1,476";"0,000";"0,000";"0,000";
"04/12/2023 04:20";"0,546";"0,000";"0,496";"0,000";"0,348";"0,000";"1,390";"0,000";"0,007";"0,000";"0,000";"0,135";"0,546";"0,496";"0,348";"1,390";"0,000";"0,000";"0,000";
"04/12/2023 04:30";"0,602";"0,000";"0,534";"0,000";"0,376";"0,000";"1,513";"0,000";"0,000";"0,000";"0,000";"0,223";"0,602";"0,534";"0,376";"1,513";"0,000";"0,000";"0,000";
"04/12/2023 04:40";"1,050";"0,000";"0,615";"0,000";"0,339";"0,000";"2,004";"0,000";"0,005";"0,000";"0,000";"0,122";"1,050";"0,615";"0,339";"2,004";"0,000";"0,000";"0,000";
"04/12/2023 04:50";"1,061";"0,000";"0,994";"0,000";"0,342";"0,000";"2,397";"0,000";"0,006";"0,000";"0,000";"0,132";"1,061";"0,994";"0,342";"2,397";"0,000";"0,000";"0,000";
"04/12/2023 05:00";"0,674";"0,000";"0,541";"0,000";"0,279";"0,000";"1,494";"0,000";"0,017";"0,000";"0,000";"0,066";"0,674";"0,541";"0,279";"1,494";"0,000";"0,000";"0,000";
"04/12/2023 05:10";"0,571";"0,000";"0,490";"0,000";"0,368";"0,000";"1,429";"0,000";"0,012";"0,000";"0,000";"0,198";"0,571";"0,490";"0,368";"1,429";"0,000";"0,000";"0,000";
"04/12/2023 05:20";"0,840";"0,000";"0,765";"0,000";"0,566";"0,000";"2,171";"0,000";"0,033";"0,000";"0,000";"0,154";"0,840";"0,765";"0,566";"2,171";"0,000";"0,000";"0,000";
"04/12/2023 05:30";"2,525";"0,000";"1,922";"0,000";"1,604";"0,000";"6,051";"0,000";"0,321";"0,000";"0,000";"0,120";"2,525";"1,922";"1,604";"6,051";"0,000";"0,000";"0,000";
"04/12/2023 05:40";"2,288";"0,000";"1,653";"0,000";"1,407";"0,000";"5,347";"0,000";"0,291";"0,000";"0,000";"0,123";"2,288";"1,653";"1,407";"5,347";"0,000";"0,000";"0,000";
"04/12/2023 05:50";"2,131";"0,000";"1,704";"0,000";"1,490";"0,000";"5,324";"0,000";"0,121";"0,000";"0,000";"0,187";"2,131";"1,704";"1,490";"5,324";"0,000";"0,000";"0,000";
"04/12/2023 06:00";"2,501";"0,000";"1,995";"0,000";"1,716";"0,000";"6,212";"0,000";"0,697";"0,000";"0,000";"0,057";"2,501";"1,995";"1,716";"6,212";"0,000";"0,000";"0,000";
"04/12/2023 06:10";"3,403";"0,000";"3,386";"0,000";"3,409";"0,000";"10,198";"0,000";"0,772";"0,000";"0,000";"0,215";"3,403";"3,386";"3,409";"10,199";"0,000";"0,000";"0,000";
"04/12/2023 06:20";"3,329";"0,000";"2,811";"0,000";"2,801";"0,000";"8,942";"0,000";"1,721";"0,000";"0,000";"0,552";"3,329";"2,811";"2,801";"8,942";"0,000";"0,000";"0,000";
"04/12/2023 06:30";"3,309";"0,000";"2,433";"0,000";"2,469";"0,000";"8,211";"0,000";"1,143";"0,000";"0,000";"0,207";"3,309";"2,433";"2,469";"8,211";"0,000";"0,000";"0,000";
"04/12/2023 06:40";"4,267";"0,000";"3,274";"0,000";"3,298";"0,000";"10,839";"0,000";"1,573";"0,000";"0,000";"0,515";"4,267";"3,274";"3,298";"10,839";"0,000";"0,000";"0,000";
"04/12/2023 06:50";"4,646";"0,000";"3,964";"0,000";"3,954";"0,000";"12,564";"0,000";"1,626";"0,000";"0,000";"0,550";"4,646";"3,964";"3,954";"12,564";"0,000";"0,000";"0,000";
"04/12/2023 07:00";"4,137";"0,000";"3,643";"0,000";"3,651";"0,000";"11,431";"0,000";"1,485";"0,000";"0,000";"0,339";"4,137";"3,643";"3,651";"11,431";"0,000";"0,000";"0,000";
"04/12/2023 07:10";"5,337";"0,000";"4,550";"0,000";"4,447";"0,000";"14,334";"0,000";"1,887";"0,000";"0,000";"0,584";"5,337";"4,550";"4,447";"14,334";"0,000";"0,000";"0,000";
"04/12/2023 07:20";"4,388";"0,000";"3,864";"0,000";"3,856";"0,000";"12,108";"0,000";"1,228";"0,000";"0,000";"0,491";"4,388";"3,864";"3,856";"12,108";"0,000";"0,000";"0,000";
"04/12/2023 07:30";"4,201";"0,000";"3,949";"0,000";"3,690";"0,000";"11,841";"0,000";"1,115";"0,000";"0,000";"0,467";"4,201";"3,949";"3,690";"11,841";"0,000";"0,000";"0,000";
"04/12/2023 07:40";"5,055";"0,000";"4,355";"0,000";"4,304";"0,000";"13,715";"0,000";"1,611";"0,000";"0,000";"0,393";"5,055";"4,355";"4,304";"13,715";"0,000";"0,000";"0,000";
"04/12/2023 07:50";"4,227";"0,000";"3,919";"0,000";"3,592";"0,000";"11,737";"0,000";"1,163";"0,000";"0,000";"0,656";"4,227";"3,919";"3,592";"11,737";"0,000";"0,000";"0,000";
"04/12/2023 08:00";"4,038";"0,000";"3,852";"0,000";"3,580";"0,000";"11,470";"0,000";"1,740";"0,000";"0,000";"0,301";"4,038";"3,852";"3,580";"11,470";"0,000";"0,000";"0,000";
"04/12/2023 08:10";"5,566";"0,000";"5,373";"0,000";"5,003";"0,000";"15,942";"0,000";"1,920";"0,000";"0,000";"0,387";"5,566";"5,373";"5,003";"15,942";"0,000";"0,000";"0,000";
"04/12/2023 08:20";"6,270";"0,000";"5,256";"0,000";"5,114";"0,000";"16,640";"0,000";"1,101";"0,000";"0,000";"0,532";"6,270";"5,256";"5,114";"16,640";"0,000";"0,000";"0,000";
"04/12/2023 08:30";"6,955";"0,000";"6,229";"0,000";"6,148";"0,000";"19,331";"0,000";"1,367";"0,000";"0,000";"0,344";"6,955";"6,229";"6,148";"19,331";"0,000";"0,000";"0,000";
"04/12/2023 08:40";"6,489";"0,000";"5,468";"0,000";"5,700";"0,000";"17,657";"0,000";"1,171";"0,000";"0,000";"0,601";"6,489";"5,468";"5,700";"17,657";"0,000";"0,000";"0,000";
"04/12/2023 08:50";"6,140";"0,000";"5,180";"0,000";"5,230";"0,000";"16,550";"0,000";"1,281";"0,000";"0,000";"0,403";"6,145";"5,185";"5,235";"16,565";"0,015";"0,008";"0,007";
"04/12/2023 09:00";"7,085";"0,000";"6,076";"0,000";"6,264";"0,000";"19,425";"0,000";"1,406";"0,000";"0,000";"0,414";"7,097";"6,088";"6,276";"19,461";"0,036";"0,019";"0,017";
"04/12/2023 09:10";"6,611";"0,000";"5,585";"0,000";"5,874";"0,000";"18,069";"0,000";"1,092";"0,000";"0,000";"0,630";"6,642";"5,616";"5,905";"18,163";"0,094";"0,049";"0,045";
"04/12/2023 09:20";"6,712";"0,000";"5,570";"0,000";"5,798";"0,000";"18,080";"0,000";"1,247";"0,000";"0,000";"0,609";"6,804";"5,662";"5,890";"18,356";"0,276";"0,142";"0,134";
"04/12/2023 09:30";"6,311";"0,000";"5,396";"0,000";"5,861";"0,000";"17,568";"0,000";"0,903";"0,000";"0,000";"0,334";"6,494";"5,579";"6,044";"18,117";"0,549";"0,281";"0,268";
"04/12/2023 09:40";"5,914";"0,000";"4,847";"0,000";"5,248";"0,000";"16,009";"0,000";"0,530";"0,000";"0,000";"0,728";"6,186";"5,119";"5,520";"16,826";"0,817";"0,415";"0,402";
"04/12/2023 09:50";"4,867";"0,000";"3,891";"0,000";"4,057";"0,000";"12,816";"0,000";"1,050";"0,000";"0,000";"0,444";"4,967";"3,991";"4,156";"13,114";"0,298";"0,153";"0,145";
"04/12/2023 10:00";"4,522";"0,000";"3,510";"0,000";"3,663";"0,000";"11,694";"0,000";"1,164";"0,000";"0,000";"0,355";"4,863";"3,851";"4,004";"12,718";"1,024";"0,520";"0,504";
"04/12/2023 10:10";"4,583";"0,000";"3,618";"0,000";"3,706";"0,000";"11,907";"0,000";"0,885";"0,000";"0,000";"0,590";"4,762";"3,798";"3,886";"12,446";"0,539";"0,275";"0,264";
"04/12/2023 10:20";"5,351";"0,000";"4,305";"0,000";"4,360";"0,000";"14,017";"0,000";"1,420";"0,000";"0,000";"0,532";"5,606";"4,560";"4,615";"14,782";"0,765";"0,388";"0,377";
"04/12/2023 10:30";"6,879";"0,000";"5,859";"0,000";"5,744";"0,000";"18,483";"0,000";"1,086";"0,000";"0,000";"0,465";"7,237";"6,218";"6,103";"19,559";"1,076";"0,546";"0,530";
"04/12/2023 10:40";"5,741";"0,000";"4,310";"0,000";"4,504";"0,000";"14,554";"0,000";"1,385";"0,000";"0,000";"0,546";"6,109";"4,678";"4,873";"15,659";"1,105";"0,562";"0,543";
"04/12/2023 10:50";"5,900";"0,000";"4,581";"0,000";"4,570";"0,000";"15,051";"0,000";"1,551";"0,000";"0,000";"0,782";"6,213";"4,894";"4,883";"15,990";"0,939";"0,477";"0,462";
"04/12/2023 11:00";"6,382";"0,000";"4,893";"0,000";"4,879";"0,000";"16,154";"0,000";"1,856";"0,000";"0,000";"0,738";"6,618";"5,129";"5,115";"16,862";"0,708";"0,360";"0,348";
"04/12/2023 11:10";"5,472";"0,000";"4,395";"0,000";"4,406";"0,000";"14,273";"0,000";"1,628";"0,000";"0,000";"0,532";"5,926";"4,849";"4,860";"15,634";"1,361";"0,690";"0,671";
"04/12/2023 11:20";"6,244";"0,000";"5,158";"0,000";"5,490";"0,000";"16,893";"0,000";"1,218";"0,000";"0,000";"0,477";"6,745";"5,659";"5,991";"18,395";"1,502";"0,769";"0,733";
"04/12/2023 11:30";"6,182";"0,000";"4,803";"0,000";"5,259";"0,000";"16,244";"0,000";"1,623";"0,000";"0,000";"0,653";"7,168";"5,790";"6,246";"19,204";"2,960";"1,501";"1,459";
"04/12/2023 11:40";"6,068";"0,000";"5,149";"0,000";"5,400";"0,000";"16,617";"0,000";"1,716";"0,000";"0,000";"0,371";"6,520";"5,601";"5,851";"17,972";"1,355";"0,688";"0,667";
"04/12/2023 11:50";"6,263";"0,000";"5,217";"0,000";"5,423";"0,000";"16,903";"0,000";"1,724";"0,000";"0,000";"0,313";"6,986";"5,940";"6,146";"19,071";"2,168";"1,097";"1,071";
"04/12/2023 12:00";"7,591";"0,000";"6,224";"0,000";"6,633";"0,000";"20,449";"0,000";"1,836";"0,000";"0,000";"0,134";"8,237";"6,870";"7,279";"22,387";"1,938";"0,980";"0,958";
"04/12/2023 12:10";"6,437";"0,000";"5,291";"0,000";"5,805";"0,000";"17,533";"0,000";"1,355";"0,000";"0,000";"0,419";"7,418";"6,271";"6,786";"20,475";"2,942";"1,486";"1,456";
"04/12/2023 12:20";"5,990";"0,000";"4,989";"0,000";"5,521";"0,000";"16,501";"0,000";"2,059";"0,000";"0,000";"0,264";"6,894";"5,893";"6,424";"19,211";"2,710";"1,370";"1,340";
"04/12/2023 12:30";"6,014";"0,000";"5,180";"0,000";"5,696";"0,000";"16,890";"0,000";"2,129";"0,000";"0,000";"0,353";"6,725";"5,891";"6,407";"19,024";"2,134";"1,080";"1,054";
"04/12/2023 12:40";"6,487";"0,000";"5,536";"0,000";"5,790";"0,000";"17,813";"0,000";"2,144";"0,000";"0,000";"0,096";"7,256";"6,306";"6,559";"20,121";"2,308";"1,165";"1,143";
"04/12/2023 12:50";"6,654";"0,000";"5,340";"0,000";"5,700";"0,000";"17,694";"0,000";"1,985";"0,000";"0,000";"0,406";"7,314";"6,001";"6,360";"19,676";"1,982";"1,003";"0,979";
"04/12/2023 13:00";"6,614";"0,000";"5,562";"0,000";"6,083";"0,000";"18,258";"0,000";"2,238";"0,000";"0,000";"0,249";"7,623";"6,571";"7,092";"21,285";"3,027";"1,529";"1,498";
"04/12/2023 13:10";"6,200";"0,000";"5,244";"0,000";"5,844";"0,000";"17,288";"0,000";"1,623";"0,000";"0,000";"0,310";"7,101";"6,145";"6,745";"19,991";"2,703";"1,368";"1,335";
"04/12/2023 13:20";"6,007";"0,000";"4,970";"0,000";"5,211";"0,000";"16,187";"0,000";"2,226";"0,000";"0,000";"0,273";"7,173";"6,136";"6,377";"19,685";"3,498";"1,775";"1,723";
"04/12/2023 13:30";"5,983";"0,000";"4,750";"0,000";"4,794";"0,000";"15,527";"0,000";"2,057";"0,000";"0,000";"0,475";"6,437";"5,203";"5,248";"16,888";"1,361";"0,692";"0,669";
"04/12/2023 13:40";"4,977";"0,000";"4,140";"0,000";"3,803";"0,000";"12,919";"0,000";"1,482";"0,000";"0,000";"0,462";"5,800";"4,963";"4,626";"15,388";"2,469";"1,258";"1,211";
"04/12/2023 13:50";"4,288";"0,000";"3,502";"0,000";"3,085";"0,000";"10,875";"0,000";"0,966";"0,000";"0,000";"0,320";"5,996";"5,210";"4,792";"15,998";"5,123";"2,622";"2,501";
"04/12/2023 14:00";"2,836";"0,000";"1,957";"0,000";"1,688";"0,000";"6,481";"0,000";"0,643";"0,000";"0,000";"0,481";"4,166";"3,287";"3,018";"10,471";"3,990";"2,032";"1,958";
"04/12/2023 14:10";"2,300";"0,000";"1,799";"0,000";"1,770";"0,000";"5,869";"0,000";"0,937";"0,000";"0,000";"0,584";"3,678";"3,177";"3,149";"10,005";"4,136";"2,100";"2,036";
"04/12/2023 14:20";"2,376";"0,000";"2,227";"0,000";"2,241";"0,000";"6,844";"0,000";"0,522";"0,000";"0,000";"0,375";"3,050";"2,900";"2,914";"8,864";"2,020";"1,033";"0,987";
"04/12/2023 14:30";"3,010";"0,000";"2,481";"0,000";"2,507";"0,000";"7,998";"0,000";"1,151";"0,000";"0,000";"0,156";"3,572";"3,043";"3,069";"9,684";"1,686";"0,859";"0,827";
"04/12/2023 14:40";"1,929";"0,000";"1,453";"0,000";"1,368";"0,000";"4,750";"0,000";"0,980";"0,000";"0,000";"0,159";"3,510";"3,034";"2,949";"9,493";"4,743";"2,428";"2,315";
"04/12/2023 14:50";"2,356";"0,000";"1,928";"0,000";"2,293";"0,000";"6,577";"0,000";"0,701";"0,000";"0,000";"0,325";"3,952";"3,525";"3,890";"11,367";"4,790";"2,456";"2,334";
"04/12/2023 15:00";"2,871";"0,000";"2,385";"0,000";"3,029";"0,000";"8,285";"0,000";"0,771";"0,000";"0,000";"0,502";"3,840";"3,354";"3,999";"11,194";"2,909";"1,489";"1,420";
"04/12/2023 15:10";"2,781";"0,000";"2,413";"0,000";"2,911";"0,000";"8,105";"0,000";"1,046";"0,000";"0,000";"0,392";"3,997";"3,629";"4,127";"11,753";"3,648";"1,870";"1,778";
"04/12/2023 15:20";"3,104";"0,000";"2,715";"0,000";"3,294";"0,000";"9,113";"0,000";"1,071";"0,000";"0,000";"0,249";"4,146";"3,757";"4,335";"12,237";"3,124";"1,604";"1,520";
"04/12/2023 15:30";"3,319";"0,000";"2,960";"0,000";"3,507";"0,000";"9,785";"0,000";"1,227";"0,000";"0,000";"0,450";"4,885";"4,526";"5,073";"14,483";"4,698";"2,400";"2,298";
"04/12/2023 15:40";"3,712";"0,000";"3,311";"0,000";"3,825";"0,000";"10,848";"0,000";"1,642";"0,000";"0,000";"0,261";"4,732";"4,331";"4,845";"13,909";"3,061";"1,559";"1,502";
"04/12/2023 15:50";"4,781";"0,000";"4,427";"0,000";"4,955";"0,000";"14,164";"0,000";"1,974";"0,000";"0,000";"0,352";"5,694";"5,339";"5,868";"16,901";"2,737";"1,388";"1,349";
"04/12/2023 16:00";"5,269";"0,000";"4,843";"0,000";"5,281";"0,000";"15,394";"0,000";"1,401";"0,000";"0,000";"0,360";"6,330";"5,904";"6,342";"18,575";"3,181";"1,610";"1,571";
"04/12/2023 16:10";"4,837";"0,000";"4,456";"0,000";"4,526";"0,000";"13,819";"0,000";"1,434";"0,000";"0,000";"0,268";"5,571";"5,190";"5,260";"16,021";"2,202";"1,128";"1,074";
"04/12/2023 16:20";"4,462";"0,000";"4,009";"0,000";"4,188";"0,000";"12,659";"0,000";"1,209";"0,000";"0,000";"0,803";"4,695";"4,241";"4,420";"13,356";"0,697";"0,359";"0,338";
"04/12/2023 16:30";"6,521";"0,000";"6,139";"0,000";"6,155";"0,000";"18,815";"0,000";"1,369";"0,000";"0,000";"0,182";"6,764";"6,381";"6,398";"19,543";"0,728";"0,377";"0,351";
"04/12/2023 16:40";"7,097";"0,000";"6,561";"0,000";"6,724";"0,000";"20,382";"0,000";"1,397";"0,000";"0,000";"0,480";"7,485";"6,949";"7,112";"21,546";"1,164";"0,644";"0,520";
"04/12/2023 16:50";"7,122";"0,000";"6,760";"0,000";"6,730";"0,000";"20,613";"0,000";"2,323";"0,000";"0,000";"0,343";"7,270";"6,908";"6,878";"21,057";"0,444";"0,231";"0,213";
"04/12/2023 17:00";"6,415";"0,000";"5,882";"0,000";"6,101";"0,000";"18,398";"0,000";"1,708";"0,000";"0,000";"0,452";"6,539";"6,005";"6,225";"18,769";"0,371";"0,192";"0,179";
"04/12/2023 17:10";"4,337";"0,000";"4,024";"0,000";"3,847";"0,000";"12,208";"0,000";"1,343";"0,000";"0,000";"0,346";"4,465";"4,152";"3,975";"12,593";"0,385";"0,200";"0,185";
"04/12/2023 17:20";"3,698";"0,000";"3,231";"0,000";"3,351";"0,000";"10,280";"0,000";"1,400";"0,000";"0,000";"0,396";"3,778";"3,311";"3,430";"10,518";"0,238";"0,123";"0,115";
"04/12/2023 17:30";"3,827";"0,000";"3,432";"0,000";"3,485";"0,000";"10,745";"0,000";"1,554";"0,000";"0,000";"0,163";"3,913";"3,518";"3,571";"11,003";"0,258";"0,133";"0,125";
"04/12/2023 17:40";"3,419";"0,000";"2,824";"0,000";"2,828";"0,000";"9,071";"0,000";"0,990";"0,000";"0,000";"0,606";"3,433";"2,839";"2,842";"9,115";"0,044";"0,023";"0,021";
"04/12/2023 17:50";"1,784";"0,000";"1,092";"0,000";"0,661";"0,000";"3,537";"0,000";"0,131";"0,000";"0,000";"0,004";"1,788";"1,095";"0,665";"3,548";"0,011";"0,006";"0,005";
"04/12/2023 18:00";"1,939";"0,000";"1,373";"0,000";"0,742";"0,000";"4,055";"0,000";"0,050";"0,000";"0,000";"0,117";"1,939";"1,373";"0,742";"4,055";"0,000";"0,000";"0,000";
"04/12/2023 18:10";"2,034";"0,000";"1,481";"0,000";"0,844";"0,000";"4,359";"0,000";"0,041";"0,000";"0,000";"0,216";"2,034";"1,481";"0,844";"4,359";"0,000";"0,000";"0,000";
"04/12/2023 18:20";"1,747";"0,000";"1,174";"0,000";"0,946";"0,000";"3,867";"0,000";"0,022";"0,000";"0,000";"0,086";"1,747";"1,174";"0,946";"3,867";"0,000";"0,000";"0,000";
"04/12/2023 18:30";"1,475";"0,000";"0,879";"0,000";"1,208";"0,000";"3,562";"0,000";"0,025";"0,000";"0,000";"0,082";"1,475";"0,879";"1,208";"3,562";"0,000";"0,000";"0,000";
"04/12/2023 18:40";"1,503";"0,000";"0,937";"0,000";"1,080";"0,000";"3,520";"0,000";"0,000";"0,000";"0,000";"0,224";"1,503";"0,937";"1,080";"3,520";"0,000";"0,000";"0,000";
"04/12/2023 18:50";"1,968";"0,000";"1,201";"0,000";"1,426";"0,000";"4,595";"0,000";"0,069";"0,000";"0,000";"0,232";"1,968";"1,201";"1,426";"4,595";"0,000";"0,000";"0,000";
"04/12/2023 19:00";"1,921";"0,000";"1,076";"0,000";"1,254";"0,000";"4,251";"0,000";"0,005";"0,000";"0,000";"0,109";"1,921";"1,076";"1,254";"4,251";"0,000";"0,000";"0,000";
"04/12/2023 19:10";"1,913";"0,000";"1,307";"0,000";"1,213";"0,000";"4,433";"0,000";"0,014";"0,000";"0,000";"0,082";"1,913";"1,307";"1,213";"4,433";"0,000";"0,000";"0,000";
"04/12/2023 19:20";"1,873";"0,000";"1,373";"0,000";"1,283";"0,000";"4,529";"0,000";"0,043";"0,000";"0,000";"0,129";"1,873";"1,373";"1,283";"4,529";"0,000";"0,000";"0,000";
"04/12/2023 19:30";"1,374";"0,000";"0,688";"0,000";"0,985";"0,000";"3,046";"0,000";"0,074";"0,000";"0,000";"0,029";"1,374";"0,688";"0,985";"3,046";"0,000";"0,000";"0,000";
"04/12/2023 19:40";"1,206";"0,000";"0,697";"0,000";"0,932";"0,000";"2,836";"0,000";"0,106";"0,000";"0,000";"0,030";"1,206";"0,697";"0,932";"2,836";"0,000";"0,000";"0,000";
"04/12/2023 19:50";"1,424";"0,000";"0,863";"0,000";"1,224";"0,000";"3,511";"0,000";"0,181";"0,000";"0,000";"0,069";"1,424";"0,863";"1,224";"3,511";"0,000";"0,000";"0,000";
"04/12/2023 20:00";"1,596";"0,000";"0,800";"0,000";"1,078";"0,000";"3,474";"0,000";"0,011";"0,000";"0,000";"0,086";"1,596";"0,800";"1,078";"3,474";"0,000";"0,000";"0,000";
"04/12/2023 20:10";"1,517";"0,000";"0,698";"0,000";"1,011";"0,000";"3,226";"0,000";"0,002";"0,000";"0,000";"0,092";"1,517";"0,698";"1,011";"3,226";"0,000";"0,000";"0,000";
"04/12/2023 20:20";"1,474";"0,000";"0,837";"0,000";"1,242";"0,000";"3,553";"0,000";"0,138";"0,000";"0,000";"0,225";"1,474";"0,837";"1,242";"3,553";"0,000";"0,000";"0,000";
"04/12/2023 20:30";"1,543";"0,000";"0,819";"0,000";"1,041";"0,000";"3,403";"0,000";"0,000";"0,000";"0,000";"0,080";"1,543";"0,819";"1,041";"3,403";"0,000";"0,000";"0,000";
"04/12/2023 20:40";"1,229";"0,000";"0,634";"0,000";"0,871";"0,000";"2,735";"0,000";"0,028";"0,000";"0,000";"0,072";"1,229";"0,634";"0,871";"2,735";"0,000";"0,000";"0,000";
"04/12/2023 20:50";"1,432";"0,000";"0,768";"0,000";"1,073";"0,000";"3,273";"0,000";"0,125";"0,000";"0,000";"0,192";"1,432";"0,768";"1,073";"3,273";"0,000";"0,000";"0,000";
"04/12/2023 21:00";"1,337";"0,000";"0,614";"0,000";"0,952";"0,000";"2,903";"0,000";"0,000";"0,000";"0,000";"0,423";"1,337";"0,614";"0,952";"2,903";"0,000";"0,000";"0,000";
"04/12/2023 21:10";"1,531";"0,000";"0,683";"0,000";"0,915";"0,000";"3,129";"0,000";"0,000";"0,000";"0,000";"0,318";"1,531";"0,683";"0,915";"3,129";"0,000";"0,000";"0,000";
"04/12/2023 21:20";"1,695";"0,000";"1,211";"0,000";"1,037";"0,000";"3,944";"0,000";"0,125";"0,000";"0,000";"0,249";"1,695";"1,211";"1,037";"3,944";"0,000";"0,000";"0,000";
"04/12/2023 21:30";"1,145";"0,000";"0,607";"0,000";"0,811";"0,000";"2,563";"0,000";"0,000";"0,000";"0,000";"0,254";"1,145";"0,607";"0,811";"2,563";"0,000";"0,000";"0,000";
"04/12/2023 21:40";"1,071";"0,000";"0,587";"0,000";"0,903";"0,000";"2,561";"0,000";"0,000";"0,000";"0,000";"0,256";"1,071";"0,587";"0,903";"2,561";"0,000";"0,000";"0,000";
"04/12/2023 21:50";"1,531";"0,000";"0,783";"0,000";"1,068";"0,000";"3,382";"0,000";"0,188";"0,000";"0,000";"0,392";"1,531";"0,783";"1,068";"3,382";"0,000";"0,000";"0,000";
"04/12/2023 22:00";"1,544";"0,000";"0,744";"0,000";"0,903";"0,000";"3,191";"0,000";"0,013";"0,000";"0,000";"0,312";"1,544";"0,744";"0,903";"3,191";"0,000";"0,000";"0,000";
"04/12/2023 22:10";"1,020";"0,000";"0,590";"0,000";"0,887";"0,000";"2,497";"0,000";"0,000";"0,000";"0,000";"0,254";"1,020";"0,590";"0,887";"2,497";"0,000";"0,000";"0,000";
"04/12/2023 22:20";"1,207";"0,000";"0,759";"0,000";"1,043";"0,000";"3,009";"0,000";"0,083";"0,000";"0,000";"0,308";"1,207";"0,759";"1,043";"3,009";"0,000";"0,000";"0,000";
"04/12/2023 22:30";"1,421";"0,000";"0,716";"0,000";"0,958";"0,000";"3,095";"0,000";"0,059";"0,000";"0,000";"0,401";"1,421";"0,716";"0,958";"3,095";"0,000";"0,000";"0,000";
"04/12/2023 22:40";"1,532";"0,000";"0,853";"0,000";"0,861";"0,000";"3,246";"0,000";"0,000";"0,000";"0,000";"0,275";"1,532";"0,853";"0,861";"3,246";"0,000";"0,000";"0,000";
"04/12/2023 22:50";"1,562";"0,000";"1,005";"0,000";"0,610";"0,000";"3,177";"0,000";"0,094";"0,000";"0,000";"0,274";"1,562";"1,005";"0,610";"3,177";"0,000";"0,000";"0,000";
"04/12/2023 23:00";"1,286";"0,000";"0,642";"0,000";"0,400";"0,000";"2,328";"0,000";"0,068";"0,000";"0,000";"0,137";"1,286";"0,642";"0,400";"2,328";"0,000";"0,000";"0,000";
"04/12/2023 23:10";"1,183";"0,000";"0,577";"0,000";"0,366";"0,000";"2,126";"0,000";"0,000";"0,000";"0,000";"0,285";"1,183";"0,577";"0,366";"2,126";"0,000";"0,000";"0,000";
"04/12/2023 23:20";"1,411";"0,000";"0,715";"0,000";"0,499";"0,000";"2,625";"0,000";"0,077";"0,000";"0,000";"0,376";"1,411";"0,715";"0,499";"2,625";"0,000";"0,000";"0,000";
"04/12/2023 23:30";"1,254";"0,000";"0,763";"0,000";"0,394";"0,000";"2,411";"0,000";"0,120";"0,000";"0,000";"0,221";"1,254";"0,763";"0,394";"2,411";"0,000";"0,000";"0,000";
"04/12/2023 23:40";"1,046";"0,000";"0,573";"0,000";"0,378";"0,000";"1,997";"0,000";"0,000";"0,000";"0,000";"0,234";"1,046";"0,573";"0,378";"1,997";"0,000";"0,000";"0,000";
"04/12/2023 23:50";"1,179";"0,000";"0,671";"0,000";"0,452";"0,000";"2,302";"0,000";"0,026";"0,000";"0,000";"0,397";"1,179";"0,671";"0,452";"2,302";"0,000";"0,000";"0,000";
"05/12/2023 00:00";"1,631";"0,000";"0,934";"0,000";"0,462";"0,000";"3,028";"0,000";"0,154";"0,000";"0,000";"0,234";"1,631";"0,934";"0,462";"3,028";"0,000";"0,000";"0,000";
"05/12/2023 00:10";"1,555";"0,000";"0,976";"0,000";"0,361";"0,000";"2,892";"0,000";"0,000";"0,000";"0,000";"0,284";"1,555";"0,976";"0,361";"2,892";"0,000";"0,000";"0,000";
"05/12/2023 00:20";"1,560";"0,000";"0,830";"0,000";"0,342";"0,000";"2,732";"0,000";"0,025";"0,000";"0,000";"0,326";"1,560";"0,830";"0,342";"2,732";"0,000";"0,000";"0,000";
"05/12/2023 00:30";"1,901";"0,000";"1,222";"0,000";"0,504";"0,000";"3,627";"0,000";"0,037";"0,000";"0,000";"0,253";"1,901";"1,222";"0,504";"3,627";"0,000";"0,000";"0,000";
"05/12/2023 00:40";"1,134";"0,000";"0,547";"0,000";"0,334";"0,000";"2,016";"0,000";"0,000";"0,000";"0,000";"0,250";"1,134";"0,547";"0,334";"2,016";"0,000";"0,000";"0,000";
"05/12/2023 00:50";"1,031";"0,000";"0,578";"0,000";"0,363";"0,000";"1,971";"0,000";"0,000";"0,000";"0,000";"0,207";"1,031";"0,578";"0,363";"1,971";"0,000";"0,000";"0,000";
"05/12/2023 01:00";"1,383";"0,000";"0,785";"0,000";"0,551";"0,000";"2,719";"0,000";"0,160";"0,000";"0,000";"0,359";"1,383";"0,785";"0,551";"2,719";"0,000";"0,000";"0,000";
"05/12/2023 01:10";"1,325";"0,000";"0,766";"0,000";"0,348";"0,000";"2,439";"0,000";"0,000";"0,000";"0,000";"0,296";"1,325";"0,766";"0,348";"2,439";"0,000";"0,000";"0,000";
"05/12/2023 01:20";"1,048";"0,000";"0,578";"0,000";"0,374";"0,000";"2,000";"0,000";"0,000";"0,000";"0,000";"0,203";"1,048";"0,578";"0,374";"2,000";"0,000";"0,000";"0,000";
"05/12/2023 01:30";"1,227";"0,000";"0,809";"0,000";"0,568";"0,000";"2,603";"0,000";"0,198";"0,000";"0,000";"0,353";"1,227";"0,809";"0,568";"2,603";"0,000";"0,000";"0,000";
"05/12/2023 01:40";"1,517";"0,000";"0,841";"0,000";"0,387";"0,000";"2,744";"0,000";"0,000";"0,000";"0,000";"0,366";"1,517";"0,841";"0,387";"2,744";"0,000";"0,000";"0,000";
"05/12/2023 01:50";"1,558";"0,000";"0,871";"0,000";"0,356";"0,000";"2,785";"0,000";"0,000";"0,000";"0,000";"0,244";"1,558";"0,871";"0,356";"2,785";"0,000";"0,000";"0,000";
"05/12/2023 02:00";"1,766";"0,000";"1,089";"0,000";"0,502";"0,000";"3,357";"0,000";"0,131";"0,000";"0,000";"0,329";"1,766";"1,089";"0,502";"3,357";"0,000";"0,000";"0,000";
"05/12/2023 02:10";"1,806";"0,000";"1,035";"0,000";"0,364";"0,000";"3,205";"0,000";"0,000";"0,000";"0,000";"0,174";"1,806";"1,035";"0,364";"3,205";"0,000";"0,000";"0,000";
"05/12/2023 02:20";"1,236";"0,000";"0,651";"0,000";"0,325";"0,000";"2,212";"0,000";"0,000";"0,000";"0,000";"0,338";"1,236";"0,651";"0,325";"2,212";"0,000";"0,000";"0,000";
"05/12/2023 02:30";"1,185";"0,000";"0,764";"0,000";"0,536";"0,000";"2,485";"0,000";"0,162";"0,000";"0,000";"0,293";"1,185";"0,764";"0,536";"2,485";"0,000";"0,000";"0,000";
"05/12/2023 02:40";"1,147";"0,000";"0,597";"0,000";"0,389";"0,000";"2,133";"0,000";"0,000";"0,000";"0,000";"0,322";"1,147";"0,597";"0,389";"2,133";"0,000";"0,000";"0,000";
"05/12/2023 02:50";"1,402";"0,000";"0,817";"0,000";"0,349";"0,000";"2,568";"0,000";"0,000";"0,000";"0,000";"0,284";"1,402";"0,817";"0,349";"2,568";"0,000";"0,000";"0,000";
"05/12/2023 03:00";"1,051";"0,000";"0,734";"0,000";"0,520";"0,000";"2,305";"0,000";"0,182";"0,000";"0,000";"0,396";"1,051";"0,734";"0,520";"2,305";"0,000";"0,000";"0,000";
"05/12/2023 03:10";"0,862";"0,000";"0,643";"0,000";"0,427";"0,000";"1,933";"0,000";"0,000";"0,000";"0,000";"0,335";"0,862";"0,643";"0,427";"1,933";"0,000";"0,000";"0,000";
"05/12/2023 03:20";"1,187";"0,000";"0,863";"0,000";"0,442";"0,000";"2,492";"0,000";"0,000";"0,000";"0,000";"0,296";"1,187";"0,863";"0,442";"2,492";"0,000";"0,000";"0,000";
"05/12/2023 03:30";"0,981";"0,000";"0,826";"0,000";"0,495";"0,000";"2,302";"0,000";"0,120";"0,000";"0,000";"0,247";"0,981";"0,826";"0,495";"2,302";"0,000";"0,000";"0,000";
"05/12/2023 03:40";"0,775";"0,000";"0,562";"0,000";"0,379";"0,000";"1,716";"0,000";"0,000";"0,000";"0,000";"0,344";"0,775";"0,562";"0,379";"1,716";"0,000";"0,000";"0,000";
"05/12/2023 03:50";"0,918";"0,000";"0,683";"0,000";"0,426";"0,000";"2,026";"0,000";"0,000";"0,000";"0,000";"0,275";"0,918";"0,683";"0,426";"2,026";"0,000";"0,000";"0,000";
"05/12/2023 04:00";"1,379";"0,000";"0,972";"0,000";"0,500";"0,000";"2,851";"0,000";"0,112";"0,000";"0,000";"0,291";"1,379";"0,972";"0,500";"2,851";"0,000";"0,000";"0,000";
"05/12/2023 04:10";"0,768";"0,000";"0,579";"0,000";"0,359";"0,000";"1,706";"0,000";"0,000";"0,000";"0,000";"0,290";"0,768";"0,579";"0,359";"1,706";"0,000";"0,000";"0,000";
"05/12/2023 04:20";"0,738";"0,000";"0,636";"0,000";"0,424";"0,000";"1,799";"0,000";"0,000";"0,000";"0,000";"0,332";"0,738";"0,636";"0,424";"1,799";"0,000";"0,000";"0,000";
"05/12/2023 04:30";"1,307";"0,000";"1,034";"0,000";"0,543";"0,000";"2,885";"0,000";"0,139";"0,000";"0,000";"0,241";"1,307";"1,034";"0,543";"2,885";"0,000";"0,000";"0,000";
"05/12/2023 04:40";"0,683";"0,000";"0,592";"0,000";"0,350";"0,000";"1,625";"0,000";"0,001";"0,000";"0,000";"0,160";"0,683";"0,592";"0,350";"1,625";"0,000";"0,000";"0,000";
"05/12/2023 04:50";"0,675";"0,000";"0,573";"0,000";"0,388";"0,000";"1,637";"0,000";"0,000";"0,000";"0,000";"0,337";"0,675";"0,573";"0,388";"1,637";"0,000";"0,000";"0,000";
"05/12/2023 05:00";"1,159";"0,000";"0,915";"0,000";"0,613";"0,000";"2,687";"0,000";"0,197";"0,000";"0,000";"0,319";"1,159";"0,915";"0,613";"2,687";"0,000";"0,000";"0,000";
"05/12/2023 05:10";"0,903";"0,000";"0,816";"0,000";"0,369";"0,000";"2,088";"0,000";"0,000";"0,000";"0,000";"0,240";"0,903";"0,816";"0,369";"2,088";"0,000";"0,000";"0,000";
"05/12/2023 05:20";"0,679";"0,000";"0,594";"0,000";"0,383";"0,000";"1,656";"0,000";"0,000";"0,000";"0,000";"0,297";"0,679";"0,594";"0,383";"1,656";"0,000";"0,000";"0,000";
"05/12/2023 05:30";"1,143";"0,000";"1,000";"0,000";"0,701";"0,000";"2,844";"0,000";"0,128";"0,000";"0,000";"0,179";"1,143";"1,000";"0,701";"2,844";"0,000";"0,000";"0,000";
"05/12/2023 05:40";"2,030";"0,000";"1,531";"0,000";"0,886";"0,000";"4,447";"0,000";"0,000";"0,000";"0,000";"0,255";"2,030";"1,531";"0,886";"4,447";"0,000";"0,000";"0,000";
"05/12/2023 05:50";"2,479";"0,000";"1,526";"0,000";"1,597";"0,000";"5,602";"0,000";"0,003";"0,000";"0,000";"0,334";"2,479";"1,526";"1,597";"5,602";"0,000";"0,000";"0,000";
"05/12/2023 06:00";"2,688";"0,000";"2,182";"0,000";"2,423";"0,000";"7,293";"0,000";"1,045";"0,000";"0,000";"0,244";"2,688";"2,182";"2,423";"7,293";"0,000";"0,000";"0,000";
"05/12/2023 06:10";"3,388";"0,000";"3,079";"0,000";"3,317";"0,000";"9,784";"0,000";"1,103";"0,000";"0,000";"0,510";"3,388";"3,079";"3,317";"9,784";"0,000";"0,000";"0,000";
"05/12/2023 06:20";"6,214";"0,000";"5,333";"0,000";"5,932";"0,000";"17,479";"0,000";"1,648";"0,000";"0,000";"0,800";"6,214";"5,333";"5,932";"17,479";"0,000";"0,000";"0,000";
"05/12/2023 06:30";"7,307";"0,000";"6,271";"0,000";"7,477";"0,000";"21,056";"0,000";"1,317";"0,000";"0,000";"0,285";"7,307";"6,271";"7,477";"21,056";"0,000";"0,000";"0,000";
"05/12/2023 06:40";"9,582";"0,000";"8,454";"0,000";"9,664";"0,000";"27,700";"0,000";"1,398";"0,000";"0,000";"0,207";"9,582";"8,454";"9,664";"27,700";"0,000";"0,000";"0,000";
"05/12/2023 06:50";"8,614";"0,000";"7,400";"0,000";"8,309";"0,000";"24,323";"0,000";"1,690";"0,000";"0,000";"0,144";"8,614";"7,400";"8,309";"24,323";"0,000";"0,000";"0,000";
"05/12/2023 07:00";"7,260";"0,000";"6,188";"0,000";"7,123";"0,000";"20,572";"0,000";"1,701";"0,000";"0,000";"0,148";"7,260";"6,188";"7,123";"20,572";"0,000";"0,000";"0,000";
"05/12/2023 07:10";"7,196";"0,000";"6,075";"0,000";"7,211";"0,000";"20,482";"0,000";"1,468";"0,000";"0,000";"0,232";"7,196";"6,075";"7,211";"20,482";"0,000";"0,000";"0,000";
"05/12/2023 07:20";"6,987";"0,000";"6,008";"0,000";"7,336";"0,000";"20,330";"0,000";"1,572";"0,000";"0,000";"0,379";"6,987";"6,008";"7,336";"20,330";"0,000";"0,000";"0,000";
"05/12/2023 07:30";"7,230";"0,000";"6,157";"0,000";"7,421";"0,000";"20,808";"0,000";"1,141";"0,000";"0,000";"0,462";"7,230";"6,157";"7,421";"20,808";"0,000";"0,000";"0,000";
"05/12/2023 07:40";"8,773";"0,000";"7,650";"0,000";"8,451";"0,000";"24,875";"0,000";"1,238";"0,000";"0,000";"0,453";"8,773";"7,650";"8,451";"24,875";"0,000";"0,000";"0,000";
"05/12/2023 07:50";"8,139";"0,000";"7,428";"0,000";"8,240";"0,000";"23,807";"0,000";"0,920";"0,000";"0,000";"0,382";"8,139";"7,428";"8,240";"23,807";"0,000";"0,000";"0,000";
"05/12/2023 08:00";"7,154";"0,000";"6,480";"0,000";"7,239";"0,000";"20,872";"0,000";"1,233";"0,000";"0,000";"0,190";"7,154";"6,480";"7,239";"20,872";"0,000";"0,000";"0,000";
"05/12/2023 08:10";"7,771";"0,000";"7,083";"0,000";"7,794";"0,000";"22,648";"0,000";"1,018";"0,000";"0,000";"0,270";"7,771";"7,083";"7,794";"22,648";"0,000";"0,000";"0,000";
"05/12/2023 08:20";"7,403";"0,000";"6,801";"0,000";"7,874";"0,000";"22,078";"0,000";"1,077";"0,000";"0,000";"0,330";"7,403";"6,801";"7,874";"22,078";"0,000";"0,000";"0,000";
"05/12/2023 08:30";"7,636";"0,000";"6,850";"0,000";"7,961";"0,000";"22,446";"0,000";"1,539";"0,000";"0,000";"0,276";"7,636";"6,850";"7,961";"22,446";"0,000";"0,000";"0,000";
"05/12/2023 08:40";"8,400";"0,000";"7,403";"0,000";"8,565";"0,000";"24,369";"0,000";"1,175";"0,000";"0,000";"0,283";"8,400";"7,403";"8,565";"24,369";"0,000";"0,000";"0,000";
"05/12/2023 08:50";"7,749";"0,000";"6,898";"0,000";"7,549";"0,000";"22,196";"0,000";"1,352";"0,000";"0,000";"0,322";"7,749";"6,898";"7,549";"22,196";"0,000";"0,000";"0,000";
"05/12/2023 09:00";"8,026";"0,000";"7,358";"0,000";"8,026";"0,000";"23,410";"0,000";"1,568";"0,000";"0,000";"0,216";"8,026";"7,358";"8,026";"23,410";"0,000";"0,000";"0,000";
"05/12/2023 09:10";"7,821";"0,000";"6,947";"0,000";"7,959";"0,000";"22,728";"0,000";"1,277";"0,000";"0,000";"0,213";"7,821";"6,947";"7,959";"22,728";"0,000";"0,000";"0,000";
"05/12/2023 09:20";"7,828";"0,000";"6,871";"0,000";"7,606";"0,000";"22,305";"0,000";"1,138";"0,000";"0,000";"0,447";"7,828";"6,871";"7,606";"22,305";"0,000";"0,000";"0,000";
"05/12/2023 09:30";"8,074";"0,000";"6,989";"0,000";"7,710";"0,000";"22,773";"0,000";"1,482";"0,000";"0,000";"0,306";"8,074";"6,989";"7,710";"22,773";"0,000";"0,000";"0,000";
"05/12/2023 09:40";"8,136";"0,000";"6,949";"0,000";"7,905";"0,000";"22,990";"0,000";"0,799";"0,000";"0,000";"0,368";"8,136";"6,949";"7,905";"22,990";"0,000";"0,000";"0,000";
"05/12/2023 09:50";"7,901";"0,000";"6,928";"0,000";"8,173";"0,000";"23,002";"0,000";"2,145";"0,000";"0,000";"0,367";"7,901";"6,928";"8,173";"23,002";"0,000";"0,000";"0,000";
"05/12/2023 10:00";"6,341";"0,000";"5,469";"0,000";"6,774";"0,000";"18,584";"0,000";"0,785";"0,000";"0,000";"0,261";"6,416";"5,544";"6,849";"18,808";"0,224";"0,000";"0,224";
"05/12/2023 10:10";"6,680";"0,000";"5,694";"0,000";"6,700";"0,000";"19,074";"0,000";"0,565";"0,000";"0,000";"0,213";"6,985";"5,998";"7,005";"19,988";"0,914";"0,459";"0,455";
"05/12/2023 10:20";"8,358";"0,000";"7,490";"0,000";"8,264";"0,000";"24,112";"0,000";"0,846";"0,000";"0,000";"0,329";"8,696";"7,827";"8,602";"25,125";"1,013";"0,515";"0,498";
"05/12/2023 10:30";"10,463";"0,000";"9,499";"0,000";"10,189";"0,000";"30,151";"0,000";"2,027";"0,000";"0,000";"0,156";"10,839";"9,876";"10,565";"31,280";"1,129";"0,573";"0,556";
"05/12/2023 10:40";"10,030";"0,000";"9,011";"0,000";"9,811";"0,000";"28,852";"0,000";"1,875";"0,000";"0,000";"0,176";"10,423";"9,404";"10,204";"30,031";"1,179";"0,599";"0,580";
"05/12/2023 10:50";"8,164";"0,000";"6,961";"0,000";"8,120";"0,000";"23,245";"0,000";"1,188";"0,000";"0,000";"0,390";"8,577";"7,373";"8,533";"24,482";"1,237";"0,628";"0,609";
"05/12/2023 11:00";"9,553";"0,000";"8,359";"0,000";"9,682";"0,000";"27,595";"0,000";"1,440";"0,000";"0,000";"0,199";"10,007";"8,813";"10,136";"28,956";"1,361";"0,691";"0,670";
"05/12/2023 11:10";"8,727";"0,000";"7,462";"0,000";"8,812";"0,000";"25,000";"0,000";"1,190";"0,000";"0,000";"0,244";"9,207";"7,942";"9,292";"26,441";"1,441";"0,732";"0,709";
"05/12/2023 11:20";"7,182";"0,000";"5,938";"0,000";"7,163";"0,000";"20,283";"0,000";"1,242";"0,000";"0,000";"0,199";"7,715";"6,471";"7,695";"21,881";"1,598";"0,811";"0,787";
"05/12/2023 11:30";"9,396";"0,000";"8,375";"0,000";"9,301";"0,000";"27,072";"0,000";"1,438";"0,000";"0,000";"0,175";"9,975";"8,954";"9,880";"28,809";"1,737";"0,882";"0,855";
"05/12/2023 11:40";"10,384";"0,000";"9,272";"0,000";"10,084";"0,000";"29,740";"0,000";"1,422";"0,000";"0,000";"0,059";"11,025";"9,912";"10,725";"31,661";"1,921";"0,976";"0,945";
"05/12/2023 11:50";"10,340";"0,000";"9,275";"0,000";"10,123";"0,000";"29,738";"0,000";"1,472";"0,000";"0,000";"0,046";"11,021";"9,956";"10,804";"31,781";"2,043";"1,037";"1,006";
"05/12/2023 12:00";"8,803";"0,000";"7,845";"0,000";"8,463";"0,000";"25,112";"0,000";"1,740";"0,000";"0,000";"0,123";"9,584";"8,626";"9,243";"27,453";"2,341";"1,187";"1,154";
"05/12/2023 12:10";"8,528";"0,000";"7,903";"0,000";"8,221";"0,000";"24,651";"0,000";"1,439";"0,000";"0,000";"0,128";"9,363";"8,737";"9,055";"27,155";"2,504";"1,270";"1,234";
"05/12/2023 12:20";"9,235";"0,000";"7,876";"0,000";"8,244";"0,000";"25,355";"0,000";"0,785";"0,000";"0,000";"0,181";"10,125";"8,766";"9,135";"28,026";"2,671";"1,352";"1,319";
"05/12/2023 12:30";"8,235";"0,000";"7,238";"0,000";"7,417";"0,000";"22,890";"0,000";"1,014";"0,000";"0,000";"0,188";"9,098";"8,101";"8,280";"25,479";"2,589";"1,312";"1,277";
"05/12/2023 12:40";"7,802";"0,000";"6,730";"0,000";"7,025";"0,000";"21,557";"0,000";"1,527";"0,000";"0,000";"0,407";"8,668";"7,596";"7,891";"24,154";"2,597";"1,315";"1,282";
"05/12/2023 12:50";"6,188";"0,000";"5,396";"0,000";"5,646";"0,000";"17,230";"0,000";"0,904";"0,000";"0,000";"0,342";"7,026";"6,233";"6,484";"19,742";"2,512";"1,272";"1,240";
"05/12/2023 13:00";"5,121";"0,000";"4,157";"0,000";"4,454";"0,000";"13,731";"0,000";"0,966";"0,000";"0,000";"0,779";"5,937";"4,973";"5,270";"16,179";"2,448";"1,240";"1,208";
"05/12/2023 13:10";"4,235";"0,000";"3,600";"0,000";"3,827";"0,000";"11,662";"0,000";"0,593";"0,000";"0,000";"0,688";"5,077";"4,442";"4,669";"14,189";"2,527";"1,279";"1,248";
"05/12/2023 13:20";"3,845";"0,000";"3,356";"0,000";"3,696";"0,000";"10,897";"0,000";"1,557";"0,000";"0,000";"0,101";"4,672";"4,183";"4,523";"13,378";"2,481";"1,255";"1,226";
"05/12/2023 13:30";"3,586";"0,000";"3,195";"0,000";"3,434";"0,000";"10,215";"0,000";"1,469";"0,000";"0,000";"0,083";"4,340";"3,949";"4,188";"12,477";"2,262";"1,146";"1,116";
"05/12/2023 13:40";"2,860";"0,000";"2,561";"0,000";"2,534";"0,000";"7,956";"0,000";"0,485";"0,000";"0,000";"0,065";"3,545";"3,245";"3,219";"10,009";"2,053";"1,041";"1,012";
"05/12/2023 13:50";"2,389";"0,000";"1,997";"0,000";"1,875";"0,000";"6,261";"0,000";"0,401";"0,000";"0,000";"0,027";"3,036";"2,643";"2,522";"8,201";"1,940";"0,984";"0,956";
"05/12/2023 14:00";"1,665";"0,000";"1,318";"0,000";"1,509";"0,000";"4,493";"0,000";"0,252";"0,000";"0,000";"0,000";"2,316";"1,969";"2,160";"6,446";"1,953";"0,990";"0,963";
"05/12/2023 14:10";"1,000";"0,000";"0,843";"0,000";"1,150";"0,000";"2,993";"0,000";"0,263";"0,000";"0,000";"0,000";"1,616";"1,459";"1,766";"4,841";"1,848";"0,937";"0,911";
"05/12/2023 14:20";"0,882";"0,000";"0,780";"0,000";"1,029";"0,000";"2,691";"0,000";"0,136";"0,000";"0,000";"0,000";"1,482";"1,380";"1,629";"4,490";"1,799";"0,912";"0,887";
"05/12/2023 14:30";"0,857";"0,000";"0,747";"0,000";"0,983";"0,000";"2,587";"0,000";"0,184";"0,000";"0,000";"0,000";"1,422";"1,311";"1,548";"4,281";"1,694";"0,859";"0,835";
"05/12/2023 14:40";"0,835";"0,000";"0,727";"0,000";"0,950";"0,000";"2,512";"0,000";"0,205";"0,000";"0,000";"0,000";"1,373";"1,265";"1,487";"4,125";"1,613";"0,818";"0,795";
"05/12/2023 14:50";"0,850";"0,000";"0,688";"0,000";"0,916";"0,000";"2,454";"0,000";"0,283";"0,000";"0,000";"0,000";"1,352";"1,190";"1,418";"3,960";"1,506";"0,764";"0,742";
"05/12/2023 15:00";"0,857";"0,000";"0,608";"0,000";"0,926";"0,000";"2,391";"0,000";"0,194";"0,000";"0,000";"0,001";"1,314";"1,065";"1,383";"3,763";"1,372";"0,696";"0,676";
"05/12/2023 15:10";"1,235";"0,000";"0,809";"0,000";"0,972";"0,000";"3,016";"0,000";"0,240";"0,000";"0,000";"0,000";"1,652";"1,226";"1,389";"4,267";"1,251";"0,635";"0,616";
"05/12/2023 15:20";"1,421";"0,000";"1,241";"0,000";"0,994";"0,000";"3,656";"0,000";"0,070";"0,000";"0,000";"0,000";"1,805";"1,626";"1,378";"4,810";"1,154";"0,586";"0,568";
"05/12/2023 15:30";"1,435";"0,000";"1,272";"0,000";"1,024";"0,000";"3,731";"0,000";"0,073";"0,000";"0,000";"0,000";"1,798";"1,635";"1,387";"4,820";"1,089";"0,553";"0,536";
"05/12/2023 15:40";"1,399";"0,000";"1,199";"0,000";"1,004";"0,000";"3,602";"0,000";"0,062";"0,000";"0,000";"0,005";"1,724";"1,523";"1,329";"4,576";"0,974";"0,495";"0,479";
"05/12/2023 15:50";"1,338";"0,000";"1,126";"0,000";"0,998";"0,000";"3,461";"0,000";"0,045";"0,000";"0,000";"0,017";"1,619";"1,407";"1,279";"4,305";"0,844";"0,429";"0,415";
"05/12/2023 16:00";"1,389";"0,000";"1,103";"0,000";"0,947";"0,000";"3,438";"0,000";"0,084";"0,000";"0,000";"0,000";"1,610";"1,324";"1,169";"4,103";"0,665";"0,339";"0,326";
"05/12/2023 16:10";"1,383";"0,000";"1,090";"0,000";"0,875";"0,000";"3,348";"0,000";"0,089";"0,000";"0,000";"0,000";"1,571";"1,278";"1,063";"3,912";"0,564";"0,288";"0,276";
"05/12/2023 16:20";"1,379";"0,000";"0,851";"0,000";"0,829";"0,000";"3,058";"0,000";"0,059";"0,000";"0,000";"0,031";"1,573";"1,045";"1,023";"3,640";"0,582";"0,297";"0,285";
"05/12/2023 16:30";"1,213";"0,000";"0,777";"0,000";"0,792";"0,000";"2,782";"0,000";"0,101";"0,000";"0,000";"0,001";"1,403";"0,967";"0,982";"3,352";"0,570";"0,291";"0,279";
"05/12/2023 16:40";"0,888";"0,000";"0,583";"0,000";"0,857";"0,000";"2,328";"0,000";"0,197";"0,000";"0,000";"0,000";"1,064";"0,760";"1,033";"2,857";"0,529";"0,270";"0,259";
"05/12/2023 16:50";"0,871";"0,000";"0,556";"0,000";"0,826";"0,000";"2,253";"0,000";"0,154";"0,000";"0,000";"0,000";"1,001";"0,686";"0,957";"2,644";"0,391";"0,200";"0,191";
"05/12/2023 17:00";"1,462";"0,000";"0,913";"0,000";"0,924";"0,000";"3,300";"0,000";"0,018";"0,000";"0,000";"0,031";"1,554";"1,005";"1,016";"3,576";"0,276";"0,142";"0,134";
"05/12/2023 17:10";"1,413";"0,000";"0,796";"0,000";"0,800";"0,000";"3,008";"0,000";"0,122";"0,000";"0,000";"0,013";"1,485";"0,868";"0,872";"3,225";"0,217";"0,112";"0,105";
"05/12/2023 17:20";"1,460";"0,000";"1,034";"0,000";"0,822";"0,000";"3,316";"0,000";"0,218";"0,000";"0,000";"0,000";"1,509";"1,083";"0,872";"3,465";"0,149";"0,077";"0,072";
"05/12/2023 17:30";"1,483";"0,000";"1,051";"0,000";"0,813";"0,000";"3,347";"0,000";"0,057";"0,000";"0,000";"0,000";"1,510";"1,078";"0,840";"3,427";"0,080";"0,041";"0,039";
"05/12/2023 17:40";"1,434";"0,000";"0,940";"0,000";"0,741";"0,000";"3,115";"0,000";"0,050";"0,000";"0,000";"0,000";"1,451";"0,957";"0,757";"3,164";"0,049";"0,025";"0,024";
"05/12/2023 17:50";"1,501";"0,000";"1,065";"0,000";"0,808";"0,000";"3,374";"0,000";"0,229";"0,000";"0,000";"0,000";"1,511";"1,076";"0,818";"3,405";"0,031";"0,016";"0,015";
"05/12/2023 18:00";"1,536";"0,000";"1,082";"0,000";"0,830";"0,000";"3,448";"0,000";"0,053";"0,000";"0,000";"0,000";"1,537";"1,084";"0,832";"3,453";"0,005";"0,002";"0,003";
"05/12/2023 18:10";"1,516";"0,000";"0,997";"0,000";"0,798";"0,000";"3,311";"0,000";"0,040";"0,000";"0,000";"0,000";"1,516";"0,997";"0,798";"3,311";"0,000";"0,000";"0,000";
"05/12/2023 18:20";"1,155";"0,000";"0,648";"0,000";"0,917";"0,000";"2,720";"0,000";"0,034";"0,000";"0,000";"0,041";"1,155";"0,648";"0,917";"2,720";"0,000";"0,000";"0,000";
"05/12/2023 18:30";"1,159";"0,000";"0,733";"0,000";"0,989";"0,000";"2,880";"0,000";"0,010";"0,000";"0,000";"0,036";"1,159";"0,733";"0,989";"2,880";"0,000";"0,000";"0,000";
"05/12/2023 18:40";"1,497";"0,000";"0,900";"0,000";"1,033";"0,000";"3,429";"0,000";"0,005";"0,000";"0,000";"0,050";"1,497";"0,900";"1,033";"3,429";"0,000";"0,000";"0,000";
"05/12/2023 18:50";"1,590";"0,000";"0,966";"0,000";"0,938";"0,000";"3,494";"0,000";"0,052";"0,000";"0,000";"0,032";"1,590";"0,966";"0,938";"3,494";"0,000";"0,000";"0,000";
"05/12/2023 19:00";"1,547";"0,000";"1,103";"0,000";"0,894";"0,000";"3,544";"0,000";"0,045";"0,000";"0,000";"0,125";"1,547";"1,103";"0,894";"3,544";"0,000";"0,000";"0,000";
"05/12/2023 19:10";"1,660";"0,000";"1,034";"0,000";"0,840";"0,000";"3,534";"0,000";"0,000";"0,000";"0,000";"0,261";"1,660";"1,034";"0,840";"3,534";"0,000";"0,000";"0,000";
"05/12/2023 19:20";"1,709";"0,000";"0,987";"0,000";"0,802";"0,000";"3,498";"0,000";"0,000";"0,000";"0,000";"0,208";"1,709";"0,987";"0,802";"3,498";"0,000";"0,000";"0,000";
"05/12/2023 19:30";"1,730";"0,000";"0,993";"0,000";"0,794";"0,000";"3,517";"0,000";"0,002";"0,000";"0,000";"0,110";"1,730";"0,993";"0,794";"3,517";"0,000";"0,000";"0,000";
"05/12/2023 19:40";"1,772";"0,000";"1,017";"0,000";"0,837";"0,000";"3,625";"0,000";"0,002";"0,000";"0,000";"0,126";"1,772";"1,017";"0,837";"3,625";"0,000";"0,000";"0,000";
"05/12/2023 19:50";"1,775";"0,000";"1,034";"0,000";"0,830";"0,000";"3,639";"0,000";"0,000";"0,000";"0,000";"0,265";"1,775";"1,034";"0,830";"3,639";"0,000";"0,000";"0,000";
"05/12/2023 20:00";"1,699";"0,000";"0,976";"0,000";"0,760";"0,000";"3,434";"0,000";"0,000";"0,000";"0,000";"0,159";"1,699";"0,976";"0,760";"3,434";"0,000";"0,000";"0,000";
"05/12/2023 20:10";"1,744";"0,000";"1,030";"0,000";"0,827";"0,000";"3,601";"0,000";"0,004";"0,000";"0,000";"0,049";"1,744";"1,030";"0,827";"3,601";"0,000";"0,000";"0,000";
"05/12/2023 20:20";"1,714";"0,000";"1,013";"0,000";"0,857";"0,000";"3,584";"0,000";"0,000";"0,000";"0,000";"0,203";"1,714";"1,013";"0,857";"3,584";"0,000";"0,000";"0,000";
"05/12/2023 20:30";"1,595";"0,000";"0,960";"0,000";"0,800";"0,000";"3,356";"0,000";"0,000";"0,000";"0,000";"0,234";"1,595";"0,960";"0,800";"3,356";"0,000";"0,000";"0,000";
"05/12/2023 20:40";"1,421";"0,000";"1,034";"0,000";"0,846";"0,000";"3,301";"0,000";"0,002";"0,000";"0,000";"0,132";"1,421";"1,034";"0,846";"3,301";"0,000";"0,000";"0,000";
"05/12/2023 20:50";"1,432";"0,000";"1,047";"0,000";"0,868";"0,000";"3,347";"0,000";"0,003";"0,000";"0,000";"0,265";"1,432";"1,047";"0,868";"3,347";"0,000";"0,000";"0,000";
"05/12/2023 21:00";"1,406";"0,000";"1,017";"0,000";"0,857";"0,000";"3,280";"0,000";"0,000";"0,000";"0,000";"0,314";"1,406";"1,017";"0,857";"3,280";"0,000";"0,000";"0,000";
"05/12/2023 21:10";"1,660";"0,000";"0,814";"0,000";"0,849";"0,000";"3,323";"0,000";"0,000";"0,000";"0,000";"0,227";"1,660";"0,814";"0,849";"3,323";"0,000";"0,000";"0,000";
"05/12/2023 21:20";"1,550";"0,000";"0,925";"0,000";"0,849";"0,000";"3,324";"0,000";"0,000";"0,000";"0,000";"0,253";"1,550";"0,925";"0,849";"3,324";"0,000";"0,000";"0,000";
"05/12/2023 21:30";"1,445";"0,000";"0,918";"0,000";"0,858";"0,000";"3,221";"0,000";"0,000";"0,000";"0,000";"0,275";"1,445";"0,918";"0,858";"3,221";"0,000";"0,000";"0,000";
"05/12/2023 21:40";"1,408";"0,000";"0,756";"0,000";"0,817";"0,000";"2,981";"0,000";"0,000";"0,000";"0,000";"0,291";"1,408";"0,756";"0,817";"2,981";"0,000";"0,000";"0,000";
"05/12/2023 21:50";"1,421";"0,000";"1,048";"0,000";"0,843";"0,000";"3,312";"0,000";"0,000";"0,000";"0,000";"0,220";"1,421";"1,048";"0,843";"3,312";"0,000";"0,000";"0,000";
"05/12/2023 22:00";"1,465";"0,000";"1,080";"0,000";"0,870";"0,000";"3,415";"0,000";"0,000";"0,000";"0,000";"0,293";"1,465";"1,080";"0,870";"3,415";"0,000";"0,000";"0,000";
"05/12/2023 22:10";"1,647";"0,000";"0,929";"0,000";"0,832";"0,000";"3,408";"0,000";"0,000";"0,000";"0,000";"0,263";"1,647";"0,929";"0,832";"3,408";"0,000";"0,000";"0,000";
"05/12/2023 22:20";"1,043";"0,000";"0,511";"0,000";"0,879";"0,000";"2,433";"0,000";"0,000";"0,000";"0,000";"0,305";"1,043";"0,511";"0,879";"2,433";"0,000";"0,000";"0,000";
"05/12/2023 22:30";"0,962";"0,000";"0,594";"0,000";"0,912";"0,000";"2,468";"0,000";"0,000";"0,000";"0,000";"0,254";"0,962";"0,594";"0,912";"2,468";"0,000";"0,000";"0,000";
"05/12/2023 22:40";"1,367";"0,000";"0,819";"0,000";"0,961";"0,000";"3,146";"0,000";"0,000";"0,000";"0,000";"0,258";"1,367";"0,819";"0,961";"3,146";"0,000";"0,000";"0,000";
"05/12/2023 22:50";"1,447";"0,000";"0,821";"0,000";"0,879";"0,000";"3,147";"0,000";"0,000";"0,000";"0,000";"0,251";"1,447";"0,821";"0,879";"3,147";"0,000";"0,000";"0,000";
"05/12/2023 23:00";"1,438";"0,000";"1,057";"0,000";"0,869";"0,000";"3,364";"0,000";"0,002";"0,000";"0,000";"0,267";"1,438";"1,057";"0,869";"3,364";"0,000";"0,000";"0,000";
"05/12/2023 23:10";"1,446";"0,000";"1,056";"0,000";"0,874";"0,000";"3,376";"0,000";"0,005";"0,000";"0,000";"0,111";"1,446";"1,056";"0,874";"3,376";"0,000";"0,000";"0,000";
"05/12/2023 23:20";"1,657";"0,000";"1,101";"0,000";"0,876";"0,000";"3,634";"0,000";"0,000";"0,000";"0,000";"0,275";"1,657";"1,101";"0,876";"3,634";"0,000";"0,000";"0,000";
"05/12/2023 23:30";"1,583";"0,000";"1,087";"0,000";"0,881";"0,000";"3,551";"0,000";"0,000";"0,000";"0,000";"0,319";"1,583";"1,087";"0,881";"3,551";"0,000";"0,000";"0,000";
"05/12/2023 23:40";"1,453";"0,000";"1,068";"0,000";"0,878";"0,000";"3,398";"0,000";"0,000";"0,000";"0,000";"0,302";"1,453";"1,068";"0,878";"3,398";"0,000";"0,000";"0,000";
"05/12/2023 23:50";"1,445";"0,000";"1,063";"0,000";"0,865";"0,000";"3,373";"0,000";"0,000";"0,000";"0,000";"0,268";"1,445";"1,063";"0,865";"3,373";"0,000";"0,000";"0,000";
"06/12/2023 00:00";"1,015";"0,000";"0,568";"0,000";"0,851";"0,000";"2,434";"0,000";"0,001";"0,000";"0,000";"0,220";"1,015";"0,568";"0,851";"2,434";"0,000";"0,000";"0,000";
"06/12/2023 00:10";"0,953";"0,000";"0,565";"0,000";"0,902";"0,000";"2,420";"0,000";"0,000";"0,000";"0,000";"0,320";"0,953";"0,565";"0,902";"2,420";"0,000";"0,000";"0,000";
"06/12/2023 00:20";"1,286";"0,000";"0,728";"0,000";"0,946";"0,000";"2,959";"0,000";"0,000";"0,000";"0,000";"0,277";"1,286";"0,728";"0,946";"2,959";"0,000";"0,000";"0,000";
"06/12/2023 00:30";"1,434";"0,000";"0,856";"0,000";"0,867";"0,000";"3,157";"0,000";"0,000";"0,000";"0,000";"0,235";"1,434";"0,856";"0,867";"3,157";"0,000";"0,000";"0,000";
"06/12/2023 00:40";"1,449";"0,000";"1,049";"0,000";"0,872";"0,000";"3,370";"0,000";"0,000";"0,000";"0,000";"0,271";"1,449";"1,049";"0,872";"3,370";"0,000";"0,000";"0,000";
"06/12/2023 00:50";"1,697";"0,000";"1,039";"0,000";"0,874";"0,000";"3,610";"0,000";"0,000";"0,000";"0,000";"0,315";"1,697";"1,039";"0,874";"3,610";"0,000";"0,000";"0,000";
"06/12/2023 01:00";"1,545";"0,000";"1,102";"0,000";"0,876";"0,000";"3,523";"0,000";"0,000";"0,000";"0,000";"0,279";"1,545";"1,102";"0,876";"3,523";"0,000";"0,000";"0,000";
"06/12/2023 01:10";"1,440";"0,000";"1,102";"0,000";"0,886";"0,000";"3,428";"0,000";"0,000";"0,000";"0,000";"0,283";"1,440";"1,102";"0,886";"3,428";"0,000";"0,000";"0,000";
"06/12/2023 01:20";"1,417";"0,000";"0,824";"0,000";"0,849";"0,000";"3,090";"0,000";"0,000";"0,000";"0,000";"0,249";"1,417";"0,824";"0,849";"3,090";"0,000";"0,000";"0,000";
"06/12/2023 01:30";"1,455";"0,000";"1,036";"0,000";"0,882";"0,000";"3,373";"0,000";"0,000";"0,000";"0,000";"0,223";"1,455";"1,036";"0,882";"3,373";"0,000";"0,000";"0,000";
"06/12/2023 01:40";"1,458";"0,000";"1,087";"0,000";"0,894";"0,000";"3,439";"0,000";"0,000";"0,000";"0,000";"0,287";"1,458";"1,087";"0,894";"3,439";"0,000";"0,000";"0,000";
"06/12/2023 01:50";"1,305";"0,000";"1,082";"0,000";"0,876";"0,000";"3,263";"0,000";"0,000";"0,000";"0,000";"0,275";"1,305";"1,082";"0,876";"3,263";"0,000";"0,000";"0,000";
"06/12/2023 02:00";"0,729";"0,000";"0,558";"0,000";"0,850";"0,000";"2,137";"0,000";"0,000";"0,000";"0,000";"0,224";"0,729";"0,558";"0,850";"2,137";"0,000";"0,000";"0,000";
"06/12/2023 02:10";"0,701";"0,000";"0,558";"0,000";"0,912";"0,000";"2,171";"0,000";"0,000";"0,000";"0,000";"0,341";"0,701";"0,558";"0,912";"2,171";"0,000";"0,000";"0,000";
"06/12/2023 02:20";"1,144";"0,000";"0,798";"0,000";"0,972";"0,000";"2,914";"0,000";"0,000";"0,000";"0,000";"0,261";"1,144";"0,798";"0,972";"2,914";"0,000";"0,000";"0,000";
"06/12/2023 02:30";"1,421";"0,000";"1,113";"0,000";"0,925";"0,000";"3,460";"0,000";"0,000";"0,000";"0,000";"0,287";"1,421";"1,113";"0,925";"3,460";"0,000";"0,000";"0,000";
"06/12/2023 02:40";"1,140";"0,000";"1,055";"0,000";"0,891";"0,000";"3,087";"0,000";"0,000";"0,000";"0,000";"0,318";"1,140";"1,055";"0,891";"3,087";"0,000";"0,000";"0,000";
"06/12/2023 02:50";"1,079";"0,000";"1,082";"0,000";"0,902";"0,000";"3,064";"0,000";"0,000";"0,000";"0,000";"0,268";"1,079";"1,082";"0,902";"3,064";"0,000";"0,000";"0,000";
"06/12/2023 03:00";"1,114";"0,000";"1,110";"0,000";"0,925";"0,000";"3,149";"0,000";"0,000";"0,000";"0,000";"0,259";"1,114";"1,110";"0,925";"3,149";"0,000";"0,000";"0,000";
"06/12/2023 03:10";"1,086";"0,000";"1,088";"0,000";"0,901";"0,000";"3,075";"0,000";"0,000";"0,000";"0,000";"0,249";"1,086";"1,088";"0,901";"3,075";"0,000";"0,000";"0,000";
"06/12/2023 03:20";"1,035";"0,000";"0,921";"0,000";"0,856";"0,000";"2,813";"0,000";"0,000";"0,000";"0,000";"0,293";"1,035";"0,921";"0,856";"2,813";"0,000";"0,000";"0,000";
"06/12/2023 03:30";"1,059";"0,000";"0,956";"0,000";"0,887";"0,000";"2,902";"0,000";"0,005";"0,000";"0,000";"0,089";"1,059";"0,956";"0,887";"2,902";"0,000";"0,000";"0,000";
"06/12/2023 03:40";"1,063";"0,000";"1,065";"0,000";"0,885";"0,000";"3,014";"0,000";"0,009";"0,000";"0,000";"0,022";"1,063";"1,065";"0,885";"3,014";"0,000";"0,000";"0,000";
"06/12/2023 03:50";"1,082";"0,000";"1,066";"0,000";"0,889";"0,000";"3,038";"0,000";"0,011";"0,000";"0,000";"0,040";"1,082";"1,066";"0,889";"3,038";"0,000";"0,000";"0,000";
"06/12/2023 04:00";"1,099";"0,000";"1,071";"0,000";"0,895";"0,000";"3,064";"0,000";"0,000";"0,000";"0,000";"0,265";"1,099";"1,071";"0,895";"3,064";"0,000";"0,000";"0,000";
"06/12/2023 04:10";"1,087";"0,000";"1,094";"0,000";"0,897";"0,000";"3,078";"0,000";"0,000";"0,000";"0,000";"0,251";"1,087";"1,094";"0,897";"3,078";"0,000";"0,000";"0,000";
"06/12/2023 04:20";"1,310";"0,000";"1,092";"0,000";"0,884";"0,000";"3,285";"0,000";"0,000";"0,000";"0,000";"0,247";"1,310";"1,092";"0,884";"3,285";"0,000";"0,000";"0,000";
"06/12/2023 04:30";"1,162";"0,000";"1,064";"0,000";"0,884";"0,000";"3,111";"0,000";"0,000";"0,000";"0,000";"0,301";"1,162";"1,064";"0,884";"3,111";"0,000";"0,000";"0,000";
"06/12/2023 04:40";"1,106";"0,000";"1,094";"0,000";"0,900";"0,000";"3,100";"0,000";"0,000";"0,000";"0,000";"0,268";"1,106";"1,094";"0,900";"3,100";"0,000";"0,000";"0,000";
"06/12/2023 04:50";"1,091";"0,000";"1,089";"0,000";"0,894";"0,000";"3,074";"0,000";"0,000";"0,000";"0,000";"0,250";"1,091";"1,089";"0,894";"3,074";"0,000";"0,000";"0,000";
"06/12/2023 05:00";"1,057";"0,000";"1,058";"0,000";"0,905";"0,000";"3,020";"0,000";"0,000";"0,000";"0,000";"0,276";"1,057";"1,058";"0,905";"3,020";"0,000";"0,000";"0,000";
"06/12/2023 05:10";"1,066";"0,000";"1,064";"0,000";"0,918";"0,000";"3,048";"0,000";"0,000";"0,000";"0,000";"0,282";"1,066";"1,064";"0,918";"3,048";"0,000";"0,000";"0,000";
"06/12/2023 05:20";"1,104";"0,000";"1,122";"0,000";"0,941";"0,000";"3,167";"0,000";"0,000";"0,000";"0,000";"0,267";"1,104";"1,122";"0,941";"3,167";"0,000";"0,000";"0,000";
"06/12/2023 05:30";"1,079";"0,000";"1,081";"0,000";"0,911";"0,000";"3,070";"0,000";"0,000";"0,000";"0,000";"0,239";"1,079";"1,081";"0,911";"3,070";"0,000";"0,000";"0,000";
"06/12/2023 05:40";"1,079";"0,000";"1,031";"0,000";"0,906";"0,000";"3,016";"0,000";"0,000";"0,000";"0,000";"0,312";"1,079";"1,031";"0,906";"3,016";"0,000";"0,000";"0,000";
"06/12/2023 05:50";"1,089";"0,000";"1,091";"0,000";"0,910";"0,000";"3,090";"0,000";"0,000";"0,000";"0,000";"0,253";"1,089";"1,091";"0,910";"3,090";"0,000";"0,000";"0,000";
"06/12/2023 06:00";"1,059";"0,000";"1,075";"0,000";"0,905";"0,000";"3,039";"0,000";"0,000";"0,000";"0,000";"0,246";"1,059";"1,075";"0,905";"3,039";"0,000";"0,000";"0,000";
"06/12/2023 06:10";"1,171";"0,000";"1,081";"0,000";"0,901";"0,000";"3,152";"0,000";"0,000";"0,000";"0,000";"0,298";"1,171";"1,081";"0,901";"3,152";"0,000";"0,000";"0,000";
"06/12/2023 06:20";"1,337";"0,000";"1,083";"0,000";"0,908";"0,000";"3,327";"0,000";"0,000";"0,000";"0,000";"0,285";"1,337";"1,083";"0,908";"3,327";"0,000";"0,000";"0,000";
"06/12/2023 06:30";"1,099";"0,000";"1,079";"0,000";"0,917";"0,000";"3,095";"0,000";"0,000";"0,000";"0,000";"0,257";"1,099";"1,079";"0,917";"3,095";"0,000";"0,000";"0,000";
"06/12/2023 06:40";"1,073";"0,000";"1,062";"0,000";"0,900";"0,000";"3,034";"0,000";"0,000";"0,000";"0,000";"0,232";"1,073";"1,062";"0,900";"3,034";"0,000";"0,000";"0,000";
"06/12/2023 06:50";"1,147";"0,000";"1,051";"0,000";"0,904";"0,000";"3,102";"0,000";"0,000";"0,000";"0,000";"0,277";"1,147";"1,051";"0,904";"3,102";"0,000";"0,000";"0,000";
"06/12/2023 07:00";"1,212";"0,000";"1,107";"0,000";"0,938";"0,000";"3,257";"0,000";"0,000";"0,000";"0,000";"0,214";"1,212";"1,107";"0,938";"3,257";"0,000";"0,000";"0,000";
"06/12/2023 07:10";"1,194";"0,000";"1,113";"0,000";"0,918";"0,000";"3,225";"0,000";"0,000";"0,000";"0,000";"0,210";"1,194";"1,113";"0,918";"3,225";"0,000";"0,000";"0,000";
"06/12/2023 07:20";"1,155";"0,000";"1,073";"0,000";"0,901";"0,000";"3,129";"0,000";"0,000";"0,000";"0,000";"0,218";"1,155";"1,073";"0,901";"3,129";"0,000";"0,000";"0,000";
"06/12/2023 07:30";"1,151";"0,000";"1,042";"0,000";"0,903";"0,000";"3,096";"0,000";"0,000";"0,000";"0,000";"0,264";"1,151";"1,042";"0,903";"3,096";"0,000";"0,000";"0,000";
"06/12/2023 07:40";"1,184";"0,000";"1,085";"0,000";"0,914";"0,000";"3,183";"0,000";"0,000";"0,000";"0,000";"0,211";"1,184";"1,085";"0,914";"3,183";"0,000";"0,000";"0,000";
"06/12/2023 07:50";"1,111";"0,000";"1,081";"0,000";"0,896";"0,000";"3,088";"0,000";"0,000";"0,000";"0,000";"0,222";"1,111";"1,081";"0,896";"3,088";"0,000";"0,000";"0,000";
"06/12/2023 08:00";"1,082";"0,000";"1,073";"0,000";"0,900";"0,000";"3,055";"0,000";"0,000";"0,000";"0,000";"0,331";"1,082";"1,073";"0,900";"3,055";"0,000";"0,000";"0,000";
"06/12/2023 08:10";"1,080";"0,000";"1,080";"0,000";"0,909";"0,000";"3,068";"0,000";"0,000";"0,000";"0,000";"0,250";"1,080";"1,080";"0,909";"3,068";"0,000";"0,000";"0,000";
"06/12/2023 08:20";"1,292";"0,000";"1,098";"0,000";"0,908";"0,000";"3,298";"0,000";"0,000";"0,000";"0,000";"0,246";"1,292";"1,098";"0,908";"3,298";"0,000";"0,000";"0,000";
"06/12/2023 08:30";"1,201";"0,000";"1,051";"0,000";"0,873";"0,000";"3,125";"0,000";"0,000";"0,000";"0,000";"0,257";"1,201";"1,051";"0,873";"3,125";"0,000";"0,000";"0,000";
"06/12/2023 08:40";"0,982";"0,000";"0,948";"0,000";"0,785";"0,000";"2,714";"0,000";"0,000";"0,000";"0,000";"0,219";"0,982";"0,948";"0,785";"2,714";"0,000";"0,000";"0,000";
"06/12/2023 08:50";"0,971";"0,000";"0,963";"0,000";"0,800";"0,000";"2,733";"0,000";"0,000";"0,000";"0,000";"0,182";"0,971";"0,963";"0,800";"2,733";"0,000";"0,000";"0,000";
"06/12/2023 09:00";"0,943";"0,000";"0,940";"0,000";"0,780";"0,000";"2,663";"0,000";"0,000";"0,000";"0,000";"0,170";"0,953";"0,951";"0,790";"2,694";"0,031";"0,015";"0,016";
"06/12/2023 09:10";"0,961";"0,000";"0,915";"0,000";"0,779";"0,000";"2,655";"0,000";"0,000";"0,000";"0,000";"0,229";"0,990";"0,943";"0,807";"2,740";"0,085";"0,042";"0,043";
"06/12/2023 09:20";"0,962";"0,000";"0,948";"0,000";"0,780";"0,000";"2,690";"0,000";"0,000";"0,000";"0,000";"0,178";"1,010";"0,995";"0,827";"2,832";"0,142";"0,071";"0,071";
"06/12/2023 09:30";"0,946";"0,000";"0,894";"0,000";"0,763";"0,000";"2,603";"0,000";"0,000";"0,000";"0,000";"0,160";"1,022";"0,970";"0,839";"2,830";"0,227";"0,114";"0,113";
"06/12/2023 09:40";"0,908";"0,000";"0,880";"0,000";"0,764";"0,000";"2,552";"0,000";"0,000";"0,000";"0,000";"0,179";"1,019";"0,991";"0,875";"2,885";"0,333";"0,169";"0,164";
"06/12/2023 09:50";"0,932";"0,000";"0,896";"0,000";"0,765";"0,000";"2,593";"0,000";"0,000";"0,000";"0,000";"0,212";"1,075";"1,038";"0,908";"3,021";"0,428";"0,219";"0,209";
"06/12/2023 10:00";"0,958";"0,000";"0,940";"0,000";"0,789";"0,000";"2,687";"0,000";"0,000";"0,000";"0,000";"0,160";"1,116";"1,098";"0,946";"3,159";"0,472";"0,241";"0,231";
"06/12/2023 10:10";"0,932";"0,000";"0,893";"0,000";"0,772";"0,000";"2,597";"0,000";"0,000";"0,000";"0,000";"0,150";"1,099";"1,060";"0,939";"3,098";"0,501";"0,256";"0,245";
"06/12/2023 10:20";"0,912";"0,000";"0,871";"0,000";"0,777";"0,000";"2,560";"0,000";"0,000";"0,000";"0,000";"0,228";"1,102";"1,061";"0,967";"3,130";"0,570";"0,291";"0,279";
"06/12/2023 10:30";"1,059";"0,000";"0,933";"0,000";"0,782";"0,000";"2,773";"0,000";"0,000";"0,000";"0,000";"0,170";"1,288";"1,162";"1,011";"3,462";"0,689";"0,351";"0,338";
"06/12/2023 10:40";"1,190";"0,000";"0,909";"0,000";"0,779";"0,000";"2,877";"0,000";"0,000";"0,000";"0,000";"0,162";"1,438";"1,157";"1,027";"3,622";"0,745";"0,379";"0,366";
"06/12/2023 10:50";"0,940";"0,000";"0,868";"0,000";"0,779";"0,000";"2,588";"0,000";"0,000";"0,000";"0,000";"0,197";"1,194";"1,122";"1,033";"3,348";"0,760";"0,387";"0,373";
"06/12/2023 11:00";"0,939";"0,000";"0,897";"0,000";"0,781";"0,000";"2,617";"0,000";"0,000";"0,000";"0,000";"0,187";"1,173";"1,131";"1,015";"3,319";"0,702";"0,357";"0,345";
"06/12/2023 11:10";"0,925";"0,000";"0,931";"0,000";"0,794";"0,000";"2,650";"0,000";"0,000";"0,000";"0,000";"0,176";"1,201";"1,206";"1,070";"3,477";"0,827";"0,420";"0,407";
"06/12/2023 11:20";"0,914";"0,000";"0,879";"0,000";"0,779";"0,000";"2,573";"0,000";"0,000";"0,000";"0,000";"0,192";"1,217";"1,182";"1,082";"3,482";"0,909";"0,462";"0,447";
"06/12/2023 11:30";"0,942";"0,000";"0,889";"0,000";"0,786";"0,000";"2,617";"0,000";"0,000";"0,000";"0,000";"0,191";"1,252";"1,199";"1,097";"3,548";"0,931";"0,473";"0,458";
"06/12/2023 11:40";"0,856";"0,000";"0,795";"0,000";"0,655";"0,000";"2,306";"0,000";"0,007";"0,000";"0,000";"0,071";"1,207";"1,146";"1,006";"3,360";"1,054";"0,535";"0,519";
"06/12/2023 11:50";"0,922";"0,000";"0,873";"0,000";"0,718";"0,000";"2,514";"0,000";"0,054";"0,000";"0,000";"0,005";"1,332";"1,283";"1,128";"3,744";"1,230";"0,624";"0,606";
"06/12/2023 12:00";"0,902";"0,000";"0,837";"0,000";"0,758";"0,000";"2,498";"0,000";"0,010";"0,000";"0,000";"0,032";"1,286";"1,221";"1,142";"3,649";"1,151";"0,584";"0,567";
"06/12/2023 12:10";"0,914";"0,000";"0,866";"0,000";"0,720";"0,000";"2,500";"0,000";"0,069";"0,000";"0,000";"0,000";"1,275";"1,226";"1,081";"3,582";"1,082";"0,550";"0,532";
"06/12/2023 12:20";"0,948";"0,000";"0,900";"0,000";"0,739";"0,000";"2,586";"0,000";"0,007";"0,000";"0,000";"0,132";"1,396";"1,348";"1,187";"3,931";"1,345";"0,682";"0,663";
"06/12/2023 12:30";"0,924";"0,000";"0,845";"0,000";"0,721";"0,000";"2,490";"0,000";"0,000";"0,000";"0,000";"0,163";"1,471";"1,392";"1,268";"4,131";"1,641";"0,831";"0,810";
"06/12/2023 12:40";"0,916";"0,000";"0,836";"0,000";"0,731";"0,000";"2,483";"0,000";"0,000";"0,000";"0,000";"0,203";"1,397";"1,317";"1,212";"3,927";"1,444";"0,732";"0,712";
"06/12/2023 12:50";"0,926";"0,000";"0,892";"0,000";"0,747";"0,000";"2,565";"0,000";"0,032";"0,000";"0,000";"0,101";"1,436";"1,401";"1,257";"4,094";"1,529";"0,775";"0,754";
"06/12/2023 13:00";"1,070";"0,000";"0,902";"0,000";"0,769";"0,000";"2,741";"0,000";"0,000";"0,000";"0,000";"0,155";"1,639";"1,471";"1,338";"4,447";"1,706";"0,864";"0,842";
"06/12/2023 13:10";"1,170";"0,000";"0,831";"0,000";"0,728";"0,000";"2,729";"0,000";"0,000";"0,000";"0,000";"0,216";"1,751";"1,413";"1,309";"4,473";"1,744";"0,883";"0,861";
"06/12/2023 13:20";"0,930";"0,000";"0,884";"0,000";"0,723";"0,000";"2,536";"0,000";"0,003";"0,000";"0,000";"0,134";"1,530";"1,485";"1,323";"4,338";"1,802";"0,912";"0,890";
"06/12/2023 13:30";"0,930";"0,000";"0,872";"0,000";"0,729";"0,000";"2,531";"0,000";"0,000";"0,000";"0,000";"0,136";"1,533";"1,475";"1,332";"4,340";"1,809";"0,916";"0,893";
"06/12/2023 13:40";"0,904";"0,000";"0,859";"0,000";"0,714";"0,000";"2,477";"0,000";"0,000";"0,000";"0,000";"0,121";"1,539";"1,495";"1,350";"4,384";"1,907";"0,965";"0,942";
"06/12/2023 13:50";"0,901";"0,000";"0,805";"0,000";"0,683";"0,000";"2,389";"0,000";"0,000";"0,000";"0,000";"0,202";"1,552";"1,456";"1,334";"4,343";"1,954";"0,989";"0,965";
"06/12/2023 14:00";"0,879";"0,000";"0,829";"0,000";"0,637";"0,000";"2,345";"0,000";"0,020";"0,000";"0,000";"0,048";"1,646";"1,595";"1,403";"4,644";"2,299";"1,163";"1,136";
"06/12/2023 14:10";"0,923";"0,000";"0,873";"0,000";"0,687";"0,000";"2,484";"0,000";"0,063";"0,000";"0,000";"0,000";"1,671";"1,621";"1,435";"4,728";"2,244";"1,136";"1,108";
"06/12/2023 14:20";"0,912";"0,000";"0,875";"0,000";"0,695";"0,000";"2,481";"0,000";"0,058";"0,000";"0,000";"0,008";"1,497";"1,460";"1,279";"4,235";"1,754";"0,890";"0,864";
"06/12/2023 14:30";"0,929";"0,000";"0,839";"0,000";"0,687";"0,000";"2,456";"0,000";"0,036";"0,000";"0,000";"0,015";"1,429";"1,338";"1,187";"3,954";"1,498";"0,761";"0,737";
"06/12/2023 14:40";"0,949";"0,000";"0,880";"0,000";"0,698";"0,000";"2,527";"0,000";"0,014";"0,000";"0,000";"0,108";"1,530";"1,461";"1,279";"4,270";"1,743";"0,884";"0,859";
"06/12/2023 14:50";"0,939";"0,000";"0,883";"0,000";"0,687";"0,000";"2,508";"0,000";"0,000";"0,000";"0,000";"0,140";"2,019";"1,963";"1,767";"5,749";"3,241";"1,640";"1,601";
"06/12/2023 15:00";"0,856";"0,000";"0,622";"0,000";"0,631";"0,000";"2,109";"0,000";"0,000";"0,000";"0,000";"0,175";"1,656";"1,423";"1,432";"4,511";"2,402";"1,217";"1,185";
"06/12/2023 15:10";"0,382";"0,000";"0,345";"0,000";"0,661";"0,000";"1,388";"0,000";"0,063";"0,000";"0,000";"0,033";"0,916";"0,879";"1,194";"2,989";"1,601";"0,813";"0,788";
"06/12/2023 15:20";"0,545";"0,000";"0,409";"0,000";"0,721";"0,000";"1,675";"0,000";"0,000";"0,000";"0,000";"0,134";"1,199";"1,063";"1,376";"3,638";"1,963";"0,995";"0,968";
"06/12/2023 15:30";"0,988";"0,000";"0,778";"0,000";"0,731";"0,000";"2,498";"0,000";"0,000";"0,000";"0,000";"0,183";"1,649";"1,439";"1,392";"4,480";"1,982";"1,005";"0,977";
"06/12/2023 15:40";"0,945";"0,000";"0,867";"0,000";"0,677";"0,000";"2,489";"0,000";"0,004";"0,000";"0,000";"0,169";"1,650";"1,572";"1,382";"4,603";"2,114";"1,072";"1,042";
"06/12/2023 15:50";"0,942";"0,000";"0,911";"0,000";"0,704";"0,000";"2,558";"0,000";"0,028";"0,000";"0,000";"0,121";"1,371";"1,340";"1,133";"3,844";"1,286";"0,654";"0,632";
"06/12/2023 16:00";"1,141";"0,000";"0,851";"0,000";"0,682";"0,000";"2,673";"0,000";"0,000";"0,000";"0,000";"0,214";"1,473";"1,183";"1,015";"3,671";"0,998";"0,508";"0,490";
"06/12/2023 16:10";"0,904";"0,000";"0,514";"0,000";"0,623";"0,000";"2,040";"0,000";"0,002";"0,000";"0,000";"0,104";"1,240";"0,850";"0,959";"3,048";"1,008";"0,513";"0,495";
"06/12/2023 16:20";"0,417";"0,000";"0,353";"0,000";"0,670";"0,000";"1,440";"0,000";"0,050";"0,000";"0,000";"0,009";"0,729";"0,664";"0,981";"2,374";"0,934";"0,475";"0,459";
"06/12/2023 16:30";"0,622";"0,000";"0,408";"0,000";"0,714";"0,000";"1,744";"0,000";"0,020";"0,000";"0,000";"0,118";"0,833";"0,618";"0,924";"2,375";"0,631";"0,322";"0,309";
"06/12/2023 16:40";"0,931";"0,000";"0,860";"0,000";"0,708";"0,000";"2,499";"0,000";"0,000";"0,000";"0,000";"0,198";"1,086";"1,015";"0,863";"2,964";"0,465";"0,238";"0,227";
"06/12/2023 16:50";"0,927";"0,000";"0,854";"0,000";"0,681";"0,000";"2,463";"0,000";"0,000";"0,000";"0,000";"0,185";"1,079";"1,006";"0,833";"2,919";"0,456";"0,233";"0,223";
"06/12/2023 17:00";"0,955";"0,000";"0,871";"0,000";"0,702";"0,000";"2,528";"0,000";"0,000";"0,000";"0,000";"0,184";"1,065";"0,982";"0,812";"2,860";"0,332";"0,170";"0,162";
"06/12/2023 17:10";"0,932";"0,000";"0,886";"0,000";"0,685";"0,000";"2,503";"0,000";"0,000";"0,000";"0,000";"0,144";"1,040";"0,994";"0,792";"2,826";"0,323";"0,166";"0,157";
"06/12/2023 17:20";"0,849";"0,000";"0,697";"0,000";"0,605";"0,000";"2,151";"0,000";"0,013";"0,000";"0,000";"0,063";"0,920";"0,768";"0,676";"2,364";"0,213";"0,110";"0,103";
"06/12/2023 17:30";"0,900";"0,000";"0,839";"0,000";"0,672";"0,000";"2,412";"0,000";"0,013";"0,000";"0,000";"0,085";"0,932";"0,871";"0,704";"2,508";"0,096";"0,050";"0,046";
"06/12/2023 17:40";"0,923";"0,000";"0,872";"0,000";"0,658";"0,000";"2,452";"0,000";"0,000";"0,000";"0,000";"0,150";"0,930";"0,880";"0,665";"2,475";"0,023";"0,012";"0,011";
"06/12/2023 17:50";"0,954";"0,000";"0,887";"0,000";"0,668";"0,000";"2,508";"0,000";"0,000";"0,000";"0,000";"0,220";"0,954";"0,887";"0,668";"2,508";"0,000";"0,000";"0,000";
"06/12/2023 18:00";"0,971";"0,000";"0,918";"0,000";"0,687";"0,000";"2,576";"0,000";"0,000";"0,000";"0,000";"0,188";"0,971";"0,918";"0,687";"2,576";"0,000";"0,000";"0,000";
"06/12/2023 18:10";"1,004";"0,000";"0,986";"0,000";"0,714";"0,000";"2,704";"0,000";"0,000";"0,000";"0,000";"0,085";"1,004";"0,986";"0,714";"2,704";"0,000";"0,000";"0,000";
"06/12/2023 18:20";"1,020";"0,000";"1,008";"0,000";"0,753";"0,000";"2,780";"0,000";"0,001";"0,000";"0,000";"0,062";"1,020";"1,008";"0,753";"2,780";"0,000";"0,000";"0,000";
"06/12/2023 18:30";"1,117";"0,000";"0,986";"0,000";"0,756";"0,000";"2,860";"0,000";"0,009";"0,000";"0,000";"0,054";"1,117";"0,986";"0,756";"2,860";"0,000";"0,000";"0,000";
"06/12/2023 18:40";"1,136";"0,000";"1,006";"0,000";"0,756";"0,000";"2,899";"0,000";"0,014";"0,000";"0,000";"0,018";"1,136";"1,006";"0,756";"2,899";"0,000";"0,000";"0,000";
"06/12/2023 18:50";"1,175";"0,000";"1,010";"0,000";"0,764";"0,000";"2,949";"0,000";"0,011";"0,000";"0,000";"0,026";"1,175";"1,010";"0,764";"2,949";"0,000";"0,000";"0,000";
"06/12/2023 19:00";"1,383";"0,000";"0,998";"0,000";"0,766";"0,000";"3,147";"0,000";"0,012";"0,000";"0,000";"0,062";"1,383";"0,998";"0,766";"3,147";"0,000";"0,000";"0,000";
"06/12/2023 19:10";"1,251";"0,000";"1,012";"0,000";"0,763";"0,000";"3,027";"0,000";"0,013";"0,000";"0,000";"0,014";"1,251";"1,012";"0,763";"3,027";"0,000";"0,000";"0,000";
"06/12/2023 19:20";"1,098";"0,000";"1,000";"0,000";"0,732";"0,000";"2,830";"0,000";"0,013";"0,000";"0,000";"0,055";"1,098";"1,000";"0,732";"2,830";"0,000";"0,000";"0,000";
"06/12/2023 19:30";"1,092";"0,000";"1,041";"0,000";"0,801";"0,000";"2,934";"0,000";"0,000";"0,000";"0,000";"0,279";"1,092";"1,041";"0,801";"2,934";"0,000";"0,000";"0,000";
"06/12/2023 19:40";"1,023";"0,000";"0,774";"0,000";"0,690";"0,000";"2,487";"0,000";"0,002";"0,000";"0,000";"0,112";"1,023";"0,774";"0,690";"2,487";"0,000";"0,000";"0,000";
"06/12/2023 19:50";"1,023";"0,000";"1,022";"0,000";"0,738";"0,000";"2,783";"0,000";"0,006";"0,000";"0,000";"0,056";"1,023";"1,022";"0,738";"2,783";"0,000";"0,000";"0,000";
"06/12/2023 20:00";"1,055";"0,000";"1,031";"0,000";"0,756";"0,000";"2,842";"0,000";"0,000";"0,000";"0,000";"0,183";"1,055";"1,031";"0,756";"2,842";"0,000";"0,000";"0,000";
"06/12/2023 20:10";"1,045";"0,000";"1,012";"0,000";"0,735";"0,000";"2,791";"0,000";"0,002";"0,000";"0,000";"0,062";"1,045";"1,012";"0,735";"2,791";"0,000";"0,000";"0,000";
"06/12/2023 20:20";"1,025";"0,000";"0,972";"0,000";"0,716";"0,000";"2,713";"0,000";"0,002";"0,000";"0,000";"0,091";"1,025";"0,972";"0,716";"2,713";"0,000";"0,000";"0,000";
"06/12/2023 20:30";"0,538";"0,000";"0,476";"0,000";"0,704";"0,000";"1,717";"0,000";"0,004";"0,000";"0,000";"0,072";"0,538";"0,476";"0,704";"1,717";"0,000";"0,000";"0,000";
"06/12/2023 20:40";"0,550";"0,000";"0,551";"0,000";"0,758";"0,000";"1,859";"0,000";"0,001";"0,000";"0,000";"0,134";"0,550";"0,551";"0,758";"1,859";"0,000";"0,000";"0,000";
"06/12/2023 20:50";"0,914";"0,000";"0,711";"0,000";"0,785";"0,000";"2,410";"0,000";"0,000";"0,000";"0,000";"0,242";"0,914";"0,711";"0,785";"2,410";"0,000";"0,000";"0,000";
"06/12/2023 21:00";"1,084";"0,000";"1,015";"0,000";"0,757";"0,000";"2,856";"0,000";"0,000";"0,000";"0,000";"0,196";"1,084";"1,015";"0,757";"2,856";"0,000";"0,000";"0,000";
"06/12/2023 21:10";"1,097";"0,000";"1,115";"0,000";"0,776";"0,000";"2,987";"0,000";"0,001";"0,000";"0,000";"0,233";"1,097";"1,115";"0,776";"2,987";"0,000";"0,000";"0,000";
"06/12/2023 21:20";"0,993";"0,000";"0,732";"0,000";"0,695";"0,000";"2,421";"0,000";"0,003";"0,000";"0,000";"0,119";"0,993";"0,732";"0,695";"2,421";"0,000";"0,000";"0,000";
"06/12/2023 21:30";"0,994";"0,000";"0,891";"0,000";"0,699";"0,000";"2,584";"0,000";"0,003";"0,000";"0,000";"0,084";"0,994";"0,891";"0,699";"2,584";"0,000";"0,000";"0,000";
"06/12/2023 21:40";"0,533";"0,000";"0,520";"0,000";"0,710";"0,000";"1,763";"0,000";"0,004";"0,000";"0,000";"0,040";"0,533";"0,520";"0,710";"1,763";"0,000";"0,000";"0,000";
"06/12/2023 21:50";"0,691";"0,000";"0,533";"0,000";"0,764";"0,000";"1,987";"0,000";"0,016";"0,000";"0,000";"0,128";"0,691";"0,533";"0,764";"1,987";"0,000";"0,000";"0,000";
"06/12/2023 22:00";"1,174";"0,000";"0,680";"0,000";"0,802";"0,000";"2,656";"0,000";"0,000";"0,000";"0,000";"0,262";"1,174";"0,680";"0,802";"2,656";"0,000";"0,000";"0,000";
"06/12/2023 22:10";"1,078";"0,000";"0,778";"0,000";"0,698";"0,000";"2,554";"0,000";"0,000";"0,000";"0,000";"0,155";"1,078";"0,778";"0,698";"2,554";"0,000";"0,000";"0,000";
"06/12/2023 22:20";"1,086";"0,000";"1,073";"0,000";"0,760";"0,000";"2,919";"0,000";"0,000";"0,000";"0,000";"0,289";"1,086";"1,073";"0,760";"2,919";"0,000";"0,000";"0,000";
"06/12/2023 22:30";"1,069";"0,000";"1,025";"0,000";"0,758";"0,000";"2,852";"0,000";"0,000";"0,000";"0,000";"0,240";"1,069";"1,025";"0,758";"2,852";"0,000";"0,000";"0,000";
"06/12/2023 22:40";"0,922";"0,000";"0,792";"0,000";"0,711";"0,000";"2,425";"0,000";"0,001";"0,000";"0,000";"0,193";"0,922";"0,792";"0,711";"2,425";"0,000";"0,000";"0,000";
"06/12/2023 22:50";"0,545";"0,000";"0,554";"0,000";"0,765";"0,000";"1,865";"0,000";"0,006";"0,000";"0,000";"0,187";"0,545";"0,554";"0,765";"1,865";"0,000";"0,000";"0,000";
"06/12/2023 23:00";"0,578";"0,000";"0,563";"0,000";"0,785";"0,000";"1,925";"0,000";"0,000";"0,000";"0,000";"0,247";"0,578";"0,563";"0,785";"1,925";"0,000";"0,000";"0,000";
"06/12/2023 23:10";"1,001";"0,000";"0,755";"0,000";"0,809";"0,000";"2,565";"0,000";"0,000";"0,000";"0,000";"0,251";"1,001";"0,755";"0,809";"2,565";"0,000";"0,000";"0,000";
"06/12/2023 23:20";"1,037";"0,000";"0,759";"0,000";"0,729";"0,000";"2,526";"0,000";"0,001";"0,000";"0,000";"0,202";"1,037";"0,759";"0,729";"2,526";"0,000";"0,000";"0,000";
"06/12/2023 23:30";"1,066";"0,000";"1,072";"0,000";"0,773";"0,000";"2,911";"0,000";"0,002";"0,000";"0,000";"0,233";"1,066";"1,072";"0,773";"2,911";"0,000";"0,000";"0,000";
"06/12/2023 23:40";"1,047";"0,000";"1,057";"0,000";"0,742";"0,000";"2,846";"0,000";"0,000";"0,000";"0,000";"0,239";"1,047";"1,057";"0,742";"2,846";"0,000";"0,000";"0,000";
"06/12/2023 23:50";"0,984";"0,000";"0,941";"0,000";"0,679";"0,000";"2,604";"0,000";"0,000";"0,000";"0,000";"0,229";"0,984";"0,941";"0,679";"2,604";"0,000";"0,000";"0,000";
"07/12/2023 00:00";"1,050";"0,000";"1,007";"0,000";"0,729";"0,000";"2,787";"0,000";"0,001";"0,000";"0,000";"0,100";"1,050";"1,007";"0,729";"2,787";"0,000";"0,000";"0,000";
"07/12/2023 00:10";"1,057";"0,000";"1,058";"0,000";"0,616";"0,000";"2,731";"0,000";"0,000";"0,000";"0,000";"0,227";"1,057";"1,058";"0,616";"2,731";"0,000";"0,000";"0,000";
"07/12/2023 00:20";"1,021";"0,000";"0,978";"0,000";"0,635";"0,000";"2,634";"0,000";"0,000";"0,000";"0,000";"0,198";"1,021";"0,978";"0,635";"2,634";"0,000";"0,000";"0,000";
"07/12/2023 00:30";"0,559";"0,000";"0,504";"0,000";"0,658";"0,000";"1,721";"0,000";"0,013";"0,000";"0,000";"0,188";"0,559";"0,504";"0,658";"1,721";"0,000";"0,000";"0,000";
"07/12/2023 00:40";"0,572";"0,000";"0,543";"0,000";"0,685";"0,000";"1,800";"0,000";"0,001";"0,000";"0,000";"0,151";"0,572";"0,543";"0,685";"1,800";"0,000";"0,000";"0,000";
"07/12/2023 00:50";"0,871";"0,000";"0,651";"0,000";"0,704";"0,000";"2,226";"0,000";"0,000";"0,000";"0,000";"0,260";"0,871";"0,651";"0,704";"2,226";"0,000";"0,000";"0,000";
"07/12/2023 01:00";"1,230";"0,000";"0,812";"0,000";"0,781";"0,000";"2,822";"0,000";"0,001";"0,000";"0,000";"0,262";"1,230";"0,812";"0,781";"2,822";"0,000";"0,000";"0,000";
"07/12/2023 01:10";"1,331";"0,000";"1,044";"0,000";"0,856";"0,000";"3,232";"0,000";"0,000";"0,000";"0,000";"0,246";"1,331";"1,044";"0,856";"3,232";"0,000";"0,000";"0,000";
"07/12/2023 01:20";"0,998";"0,000";"0,784";"0,000";"0,787";"0,000";"2,569";"0,000";"0,000";"0,000";"0,000";"0,092";"0,998";"0,784";"0,787";"2,569";"0,000";"0,000";"0,000";
"07/12/2023 01:30";"1,031";"0,000";"0,939";"0,000";"0,775";"0,000";"2,745";"0,000";"0,000";"0,000";"0,000";"0,095";"1,031";"0,939";"0,775";"2,745";"0,000";"0,000";"0,000";
"07/12/2023 01:40";"1,084";"0,000";"0,883";"0,000";"0,819";"0,000";"2,786";"0,000";"0,002";"0,000";"0,000";"0,192";"1,084";"0,883";"0,819";"2,786";"0,000";"0,000";"0,000";
"07/12/2023 01:50";"1,089";"0,000";"1,104";"0,000";"0,838";"0,000";"3,031";"0,000";"0,000";"0,000";"0,000";"0,252";"1,089";"1,104";"0,838";"3,031";"0,000";"0,000";"0,000";
"07/12/2023 02:00";"1,065";"0,000";"1,055";"0,000";"0,835";"0,000";"2,955";"0,000";"0,000";"0,000";"0,000";"0,270";"1,065";"1,055";"0,835";"2,955";"0,000";"0,000";"0,000";
"07/12/2023 02:10";"0,647";"0,000";"0,543";"0,000";"0,763";"0,000";"1,953";"0,000";"0,003";"0,000";"0,000";"0,080";"0,647";"0,543";"0,763";"1,953";"0,000";"0,000";"0,000";
"07/12/2023 02:20";"0,581";"0,000";"0,563";"0,000";"0,836";"0,000";"1,980";"0,000";"0,000";"0,000";"0,000";"0,235";"0,581";"0,563";"0,836";"1,980";"0,000";"0,000";"0,000";
"07/12/2023 02:30";"0,751";"0,000";"0,544";"0,000";"0,871";"0,000";"2,166";"0,000";"0,000";"0,000";"0,000";"0,297";"0,751";"0,544";"0,871";"2,166";"0,000";"0,000";"0,000";
"07/12/2023 02:40";"1,027";"0,000";"0,846";"0,000";"0,815";"0,000";"2,689";"0,000";"0,001";"0,000";"0,000";"0,211";"1,027";"0,846";"0,815";"2,689";"0,000";"0,000";"0,000";
"07/12/2023 02:50";"1,068";"0,000";"0,971";"0,000";"0,824";"0,000";"2,863";"0,000";"0,000";"0,000";"0,000";"0,194";"1,068";"0,971";"0,824";"2,863";"0,000";"0,000";"0,000";
"07/12/2023 03:00";"1,092";"0,000";"1,073";"0,000";"0,827";"0,000";"2,992";"0,000";"0,000";"0,000";"0,000";"0,205";"1,092";"1,073";"0,827";"2,992";"0,000";"0,000";"0,000";
"07/12/2023 03:10";"1,036";"0,000";"0,943";"0,000";"0,773";"0,000";"2,752";"0,000";"0,000";"0,000";"0,000";"0,261";"1,036";"0,943";"0,773";"2,752";"0,000";"0,000";"0,000";
"07/12/2023 03:20";"0,567";"0,000";"0,488";"0,000";"0,766";"0,000";"1,821";"0,000";"0,003";"0,000";"0,000";"0,178";"0,567";"0,488";"0,766";"1,821";"0,000";"0,000";"0,000";
"07/12/2023 03:30";"0,560";"0,000";"0,573";"0,000";"0,810";"0,000";"1,942";"0,000";"0,000";"0,000";"0,000";"0,274";"0,560";"0,573";"0,810";"1,942";"0,000";"0,000";"0,000";
"07/12/2023 03:40";"0,852";"0,000";"0,589";"0,000";"0,851";"0,000";"2,292";"0,000";"0,000";"0,000";"0,000";"0,234";"0,852";"0,589";"0,851";"2,292";"0,000";"0,000";"0,000";
"07/12/2023 03:50";"0,761";"0,000";"0,669";"0,000";"0,742";"0,000";"2,172";"0,000";"0,012";"0,000";"0,000";"0,123";"0,761";"0,669";"0,742";"2,172";"0,000";"0,000";"0,000";
"07/12/2023 04:00";"0,537";"0,000";"0,564";"0,000";"0,798";"0,000";"1,899";"0,000";"0,020";"0,000";"0,000";"0,079";"0,537";"0,564";"0,798";"1,899";"0,000";"0,000";"0,000";
"07/12/2023 04:10";"0,850";"0,000";"0,543";"0,000";"0,835";"0,000";"2,228";"0,000";"0,000";"0,000";"0,000";"0,268";"0,850";"0,543";"0,835";"2,228";"0,000";"0,000";"0,000";
"07/12/2023 04:20";"1,202";"0,000";"0,768";"0,000";"0,777";"0,000";"2,748";"0,000";"0,000";"0,000";"0,000";"0,199";"1,202";"0,768";"0,777";"2,748";"0,000";"0,000";"0,000";
"07/12/2023 04:30";"0,523";"0,000";"0,540";"0,000";"0,767";"0,000";"1,830";"0,000";"0,019";"0,000";"0,000";"0,033";"0,523";"0,540";"0,767";"1,830";"0,000";"0,000";"0,000";
"07/12/2023 04:40";"0,567";"0,000";"0,516";"0,000";"0,803";"0,000";"1,886";"0,000";"0,000";"0,000";"0,000";"0,267";"0,567";"0,516";"0,803";"1,886";"0,000";"0,000";"0,000";
"07/12/2023 04:50";"0,897";"0,000";"0,678";"0,000";"0,843";"0,000";"2,417";"0,000";"0,000";"0,000";"0,000";"0,239";"0,897";"0,678";"0,843";"2,417";"0,000";"0,000";"0,000";
"07/12/2023 05:00";"0,664";"0,000";"0,636";"0,000";"0,729";"0,000";"2,029";"0,000";"0,006";"0,000";"0,000";"0,108";"0,664";"0,636";"0,729";"2,029";"0,000";"0,000";"0,000";
"07/12/2023 05:10";"0,554";"0,000";"0,502";"0,000";"0,796";"0,000";"1,852";"0,000";"0,002";"0,000";"0,000";"0,148";"0,554";"0,502";"0,796";"1,852";"0,000";"0,000";"0,000";
"07/12/2023 05:20";"0,662";"0,000";"0,632";"0,000";"0,832";"0,000";"2,125";"0,000";"0,000";"0,000";"0,000";"0,214";"0,662";"0,632";"0,832";"2,125";"0,000";"0,000";"0,000";
"07/12/2023 05:30";"1,052";"0,000";"0,760";"0,000";"0,780";"0,000";"2,592";"0,000";"0,000";"0,000";"0,000";"0,183";"1,052";"0,760";"0,780";"2,592";"0,000";"0,000";"0,000";
"07/12/2023 05:40";"1,057";"0,000";"0,925";"0,000";"0,738";"0,000";"2,720";"0,000";"0,005";"0,000";"0,000";"0,072";"1,057";"0,925";"0,738";"2,720";"0,000";"0,000";"0,000";
"07/12/2023 05:50";"0,689";"0,000";"0,649";"0,000";"0,659";"0,000";"1,996";"0,000";"0,000";"0,000";"0,000";"0,066";"0,689";"0,649";"0,659";"1,996";"0,000";"0,000";"0,000";
"07/12/2023 06:00";"0,524";"0,000";"0,489";"0,000";"0,748";"0,000";"1,761";"0,000";"0,008";"0,000";"0,000";"0,116";"0,524";"0,489";"0,748";"1,761";"0,000";"0,000";"0,000";
"07/12/2023 06:10";"0,598";"0,000";"0,551";"0,000";"0,769";"0,000";"1,919";"0,000";"0,000";"0,000";"0,000";"0,210";"0,598";"0,551";"0,769";"1,919";"0,000";"0,000";"0,000";
"07/12/2023 06:20";"0,967";"0,000";"0,742";"0,000";"0,722";"0,000";"2,431";"0,000";"0,000";"0,000";"0,000";"0,205";"0,967";"0,742";"0,722";"2,431";"0,000";"0,000";"0,000";
"07/12/2023 06:30";"0,450";"0,000";"0,360";"0,000";"0,620";"0,000";"1,431";"0,000";"0,000";"0,000";"0,000";"0,148";"0,450";"0,360";"0,620";"1,431";"0,000";"0,000";"0,000";
"07/12/2023 06:40";"0,501";"0,000";"0,385";"0,000";"0,619";"0,000";"1,505";"0,000";"0,000";"0,000";"0,000";"0,073";"0,501";"0,385";"0,619";"1,505";"0,000";"0,000";"0,000";
"07/12/2023 06:50";"0,798";"0,000";"0,516";"0,000";"0,619";"0,000";"1,933";"0,000";"0,000";"0,000";"0,000";"0,073";"0,798";"0,516";"0,619";"1,933";"0,000";"0,000";"0,000";
"07/12/2023 07:00";"1,043";"0,000";"0,886";"0,000";"0,619";"0,000";"2,548";"0,000";"0,000";"0,000";"0,000";"0,156";"1,043";"0,886";"0,619";"2,548";"0,000";"0,000";"0,000";
"07/12/2023 07:10";"1,105";"0,000";"0,932";"0,000";"0,619";"0,000";"2,656";"0,000";"0,000";"0,000";"0,000";"0,120";"1,105";"0,932";"0,619";"2,656";"0,000";"0,000";"0,000";
"07/12/2023 07:20";"1,367";"0,000";"1,024";"0,000";"0,635";"0,000";"3,027";"0,000";"0,000";"0,000";"0,000";"0,149";"1,367";"1,024";"0,635";"3,027";"0,000";"0,000";"0,000";
"07/12/2023 07:30";"1,302";"0,000";"1,026";"0,000";"0,654";"0,000";"2,982";"0,000";"0,000";"0,000";"0,000";"0,173";"1,302";"1,026";"0,654";"2,982";"0,000";"0,000";"0,000";
"07/12/2023 07:40";"1,084";"0,000";"0,963";"0,000";"0,671";"0,000";"2,718";"0,000";"0,000";"0,000";"0,000";"0,271";"1,084";"0,963";"0,671";"2,718";"0,000";"0,000";"0,000";
"07/12/2023 07:50";"1,069";"0,000";"0,985";"0,000";"0,619";"0,000";"2,673";"0,000";"0,000";"0,000";"0,000";"0,187";"1,069";"0,985";"0,619";"2,673";"0,000";"0,000";"0,000";
"07/12/2023 08:00";"1,038";"0,000";"0,976";"0,000";"0,486";"0,000";"2,500";"0,000";"0,000";"0,000";"0,000";"0,174";"1,038";"0,976";"0,486";"2,500";"0,000";"0,000";"0,000";
"07/12/2023 08:10";"1,028";"0,000";"1,004";"0,000";"0,508";"0,000";"2,540";"0,000";"0,000";"0,000";"0,000";"0,166";"1,028";"1,004";"0,508";"2,540";"0,000";"0,000";"0,000";
"07/12/2023 08:20";"1,014";"0,000";"0,949";"0,000";"0,509";"0,000";"2,472";"0,000";"0,000";"0,000";"0,000";"0,257";"1,014";"0,949";"0,509";"2,472";"0,000";"0,000";"0,000";
"07/12/2023 08:30";"1,043";"0,000";"0,987";"0,000";"0,513";"0,000";"2,543";"0,000";"0,000";"0,000";"0,000";"0,179";"1,043";"0,987";"0,513";"2,543";"0,000";"0,000";"0,000";
"07/12/2023 08:40";"1,083";"0,000";"1,096";"0,000";"0,530";"0,000";"2,709";"0,000";"0,000";"0,000";"0,000";"0,167";"1,083";"1,096";"0,530";"2,709";"0,000";"0,000";"0,000";
"07/12/2023 08:50";"0,977";"0,000";"0,945";"0,000";"0,526";"0,000";"2,447";"0,000";"0,000";"0,000";"0,000";"0,145";"0,977";"0,945";"0,526";"2,447";"0,000";"0,000";"0,000";
"07/12/2023 09:00";"0,921";"0,000";"0,891";"0,000";"0,510";"0,000";"2,321";"0,000";"0,000";"0,000";"0,000";"0,134";"0,921";"0,891";"0,510";"2,321";"0,000";"0,000";"0,000";
"07/12/2023 09:10";"0,886";"0,000";"0,807";"0,000";"0,470";"0,000";"2,163";"0,000";"0,000";"0,000";"0,000";"0,173";"0,886";"0,807";"0,470";"2,163";"0,000";"0,000";"0,000";
"07/12/2023 09:20";"0,838";"0,000";"0,785";"0,000";"0,529";"0,000";"2,152";"0,000";"0,001";"0,000";"0,000";"0,059";"0,838";"0,785";"0,529";"2,152";"0,000";"0,000";"0,000";
"07/12/2023 09:30";"0,833";"0,000";"0,787";"0,000";"0,562";"0,000";"2,181";"0,000";"0,000";"0,000";"0,000";"0,073";"0,833";"0,787";"0,562";"2,181";"0,000";"0,000";"0,000";
"07/12/2023 09:40";"0,810";"0,000";"0,774";"0,000";"0,559";"0,000";"2,143";"0,000";"0,000";"0,000";"0,000";"0,108";"0,810";"0,774";"0,559";"2,143";"0,000";"0,000";"0,000";
"07/12/2023 09:50";"0,507";"0,000";"0,470";"0,000";"0,623";"0,000";"1,600";"0,000";"0,030";"0,000";"0,000";"0,012";"0,507";"0,470";"0,623";"1,600";"0,000";"0,000";"0,000";
"07/12/2023 10:00";"0,407";"0,000";"0,346";"0,000";"0,646";"0,000";"1,399";"0,000";"0,042";"0,000";"0,000";"0,008";"0,413";"0,353";"0,652";"1,418";"0,019";"0,010";"0,009";
"07/12/2023 10:10";"0,356";"0,000";"0,286";"0,000";"0,591";"0,000";"1,233";"0,000";"0,017";"0,000";"0,000";"0,039";"0,368";"0,298";"0,604";"1,270";"0,037";"0,019";"0,018";
"07/12/2023 10:20";"0,296";"0,000";"0,235";"0,000";"0,561";"0,000";"1,092";"0,000";"0,001";"0,000";"0,000";"0,111";"0,319";"0,257";"0,583";"1,159";"0,067";"0,035";"0,032";
"07/12/2023 10:30";"0,347";"0,000";"0,274";"0,000";"0,487";"0,000";"1,108";"0,000";"0,020";"0,000";"0,000";"0,033";"0,391";"0,318";"0,531";"1,240";"0,132";"0,069";"0,063";
"07/12/2023 10:40";"0,500";"0,000";"0,258";"0,000";"0,358";"0,000";"1,117";"0,000";"0,005";"0,000";"0,000";"0,040";"0,606";"0,365";"0,464";"1,436";"0,319";"0,164";"0,155";
"07/12/2023 10:50";"0,659";"0,000";"0,229";"0,000";"0,379";"0,000";"1,267";"0,000";"0,020";"0,000";"0,000";"0,044";"0,784";"0,354";"0,504";"1,643";"0,376";"0,193";"0,183";
"07/12/2023 11:00";"0,326";"0,000";"0,199";"0,000";"0,364";"0,000";"0,888";"0,000";"0,006";"0,000";"0,000";"0,080";"0,423";"0,296";"0,461";"1,179";"0,291";"0,150";"0,141";
"07/12/2023 11:10";"0,244";"0,000";"0,213";"0,000";"0,361";"0,000";"0,818";"0,000";"0,006";"0,000";"0,000";"0,054";"0,347";"0,316";"0,464";"1,128";"0,310";"0,159";"0,151";
"07/12/2023 11:20";"0,265";"0,000";"0,217";"0,000";"0,360";"0,000";"0,842";"0,000";"0,004";"0,000";"0,000";"0,039";"0,396";"0,348";"0,492";"1,237";"0,395";"0,202";"0,193";
"07/12/2023 11:30";"0,279";"0,000";"0,233";"0,000";"0,367";"0,000";"0,879";"0,000";"0,007";"0,000";"0,000";"0,038";"0,362";"0,317";"0,450";"1,129";"0,250";"0,129";"0,121";
"07/12/2023 11:40";"0,424";"0,000";"0,196";"0,000";"0,361";"0,000";"0,981";"0,000";"0,005";"0,000";"0,000";"0,071";"0,493";"0,265";"0,430";"1,189";"0,208";"0,107";"0,101";
"07/12/2023 11:50";"0,407";"0,000";"0,249";"0,000";"0,387";"0,000";"1,043";"0,000";"0,015";"0,000";"0,000";"0,024";"0,552";"0,395";"0,532";"1,480";"0,437";"0,223";"0,214";
"07/12/2023 12:00";"0,350";"0,000";"0,291";"0,000";"0,501";"0,000";"1,142";"0,000";"0,031";"0,000";"0,000";"0,002";"0,500";"0,442";"0,652";"1,594";"0,452";"0,231";"0,221";
"07/12/2023 12:10";"0,434";"0,000";"0,372";"0,000";"0,560";"0,000";"1,366";"0,000";"0,040";"0,000";"0,000";"0,115";"0,608";"0,546";"0,734";"1,888";"0,522";"0,266";"0,256";
"07/12/2023 12:20";"0,919";"0,000";"0,660";"0,000";"0,624";"0,000";"2,203";"0,000";"0,000";"0,000";"0,000";"0,183";"1,083";"0,824";"0,788";"2,695";"0,492";"0,251";"0,241";
"07/12/2023 12:30";"1,015";"0,000";"0,986";"0,000";"0,660";"0,000";"2,660";"0,000";"0,000";"0,000";"0,000";"0,144";"1,119";"1,090";"0,764";"2,972";"0,312";"0,160";"0,152";
"07/12/2023 12:40";"1,006";"0,000";"0,991";"0,000";"0,641";"0,000";"2,638";"0,000";"0,000";"0,000";"0,000";"0,145";"1,114";"1,098";"0,749";"2,961";"0,323";"0,166";"0,157";
"07/12/2023 12:50";"0,932";"0,000";"0,831";"0,000";"0,558";"0,000";"2,322";"0,000";"0,000";"0,000";"0,000";"0,135";"1,108";"1,007";"0,734";"2,850";"0,528";"0,269";"0,259";
"07/12/2023 13:00";"0,926";"0,000";"0,860";"0,000";"0,552";"0,000";"2,337";"0,000";"0,008";"0,000";"0,000";"0,103";"1,202";"1,136";"0,828";"3,166";"0,829";"0,422";"0,407";
"07/12/2023 13:10";"0,758";"0,000";"0,627";"0,000";"0,482";"0,000";"1,868";"0,000";"0,036";"0,000";"0,000";"0,029";"0,899";"0,768";"0,622";"2,289";"0,421";"0,215";"0,206";
"07/12/2023 13:20";"0,407";"0,000";"0,340";"0,000";"0,546";"0,000";"1,292";"0,000";"0,090";"0,000";"0,000";"0,000";"0,505";"0,438";"0,644";"1,586";"0,294";"0,151";"0,143";
"07/12/2023 13:30";"0,451";"0,000";"0,363";"0,000";"0,587";"0,000";"1,402";"0,000";"0,006";"0,000";"0,000";"0,171";"0,511";"0,423";"0,647";"1,582";"0,180";"0,093";"0,087";
"07/12/2023 13:40";"0,672";"0,000";"0,427";"0,000";"0,619";"0,000";"1,717";"0,000";"0,000";"0,000";"0,000";"0,151";"0,757";"0,512";"0,705";"1,974";"0,257";"0,132";"0,125";
"07/12/2023 13:50";"0,438";"0,000";"0,377";"0,000";"0,465";"0,000";"1,280";"0,000";"0,016";"0,000";"0,000";"0,040";"0,587";"0,525";"0,613";"1,725";"0,445";"0,227";"0,218";
"07/12/2023 14:00";"0,309";"0,000";"0,217";"0,000";"0,453";"0,000";"0,980";"0,000";"0,018";"0,000";"0,000";"0,034";"0,558";"0,466";"0,702";"1,727";"0,747";"0,379";"0,368";
"07/12/2023 14:10";"0,435";"0,000";"0,243";"0,000";"0,458";"0,000";"1,137";"0,000";"0,002";"0,000";"0,000";"0,060";"0,568";"0,376";"0,591";"1,535";"0,398";"0,203";"0,195";
"07/12/2023 14:20";"0,582";"0,000";"0,308";"0,000";"0,492";"0,000";"1,381";"0,000";"0,027";"0,000";"0,000";"0,009";"0,697";"0,423";"0,607";"1,726";"0,345";"0,177";"0,168";
"07/12/2023 14:30";"0,490";"0,000";"0,347";"0,000";"0,599";"0,000";"1,435";"0,000";"0,069";"0,000";"0,000";"0,015";"0,610";"0,467";"0,719";"1,795";"0,360";"0,184";"0,176";
"07/12/2023 14:40";"0,524";"0,000";"0,399";"0,000";"0,629";"0,000";"1,552";"0,000";"0,000";"0,000";"0,000";"0,172";"0,635";"0,509";"0,739";"1,883";"0,331";"0,170";"0,161";
"07/12/2023 14:50";"1,017";"0,000";"0,826";"0,000";"0,539";"0,000";"2,381";"0,000";"0,000";"0,000";"0,000";"0,173";"1,150";"0,959";"0,672";"2,780";"0,399";"0,204";"0,195";
"07/12/2023 15:00";"0,998";"0,000";"0,961";"0,000";"0,535";"0,000";"2,494";"0,000";"0,000";"0,000";"0,000";"0,165";"1,122";"1,084";"0,659";"2,865";"0,371";"0,190";"0,181";
"07/12/2023 15:10";"0,873";"0,000";"0,672";"0,000";"0,444";"0,000";"1,988";"0,000";"0,000";"0,000";"0,000";"0,119";"1,038";"0,837";"0,610";"2,485";"0,497";"0,254";"0,243";
"07/12/2023 15:20";"0,911";"0,000";"0,807";"0,000";"0,471";"0,000";"2,188";"0,000";"0,068";"0,000";"0,000";"0,000";"1,099";"0,995";"0,659";"2,753";"0,565";"0,288";"0,277";
"07/12/2023 15:30";"0,853";"0,000";"0,788";"0,000";"0,409";"0,000";"2,050";"0,000";"0,019";"0,000";"0,000";"0,058";"1,118";"1,053";"0,674";"2,846";"0,796";"0,405";"0,391";
"07/12/2023 15:40";"0,906";"0,000";"0,833";"0,000";"0,505";"0,000";"2,244";"0,000";"0,043";"0,000";"0,000";"0,000";"1,151";"1,078";"0,750";"2,978";"0,735";"0,374";"0,361";
"07/12/2023 15:50";"0,889";"0,000";"0,888";"0,000";"0,627";"0,000";"2,404";"0,000";"0,057";"0,000";"0,000";"0,000";"1,147";"1,146";"0,885";"3,178";"0,774";"0,394";"0,380";
"07/12/2023 16:00";"0,812";"0,000";"0,576";"0,000";"0,612";"0,000";"2,000";"0,000";"0,007";"0,000";"0,000";"0,075";"1,014";"0,778";"0,813";"2,605";"0,605";"0,308";"0,297";
"07/12/2023 16:10";"0,401";"0,000";"0,316";"0,000";"0,642";"0,000";"1,360";"0,000";"0,061";"0,000";"0,000";"0,002";"0,555";"0,471";"0,797";"1,823";"0,463";"0,236";"0,227";
"07/12/2023 16:20";"0,439";"0,000";"0,399";"0,000";"0,544";"0,000";"1,382";"0,000";"0,033";"0,000";"0,000";"0,110";"0,564";"0,524";"0,669";"1,756";"0,374";"0,192";"0,182";
"07/12/2023 16:30";"0,622";"0,000";"0,424";"0,000";"0,524";"0,000";"1,570";"0,000";"0,000";"0,000";"0,000";"0,147";"0,737";"0,540";"0,640";"1,917";"0,347";"0,178";"0,169";
"07/12/2023 16:40";"0,843";"0,000";"0,530";"0,000";"0,432";"0,000";"1,805";"0,000";"0,005";"0,000";"0,000";"0,057";"0,976";"0,663";"0,566";"2,205";"0,400";"0,205";"0,195";
"07/12/2023 16:50";"0,897";"0,000";"0,832";"0,000";"0,473";"0,000";"2,202";"0,000";"0,046";"0,000";"0,000";"0,040";"1,018";"0,953";"0,594";"2,566";"0,364";"0,187";"0,177";
"07/12/2023 17:00";"0,840";"0,000";"0,798";"0,000";"0,408";"0,000";"2,047";"0,000";"0,027";"0,000";"0,000";"0,038";"0,953";"0,910";"0,521";"2,384";"0,337";"0,173";"0,164";
"07/12/2023 17:10";"0,727";"0,000";"0,592";"0,000";"0,431";"0,000";"1,750";"0,000";"0,012";"0,000";"0,000";"0,064";"0,836";"0,700";"0,540";"2,076";"0,326";"0,167";"0,159";
"07/12/2023 17:20";"0,378";"0,000";"0,330";"0,000";"0,624";"0,000";"1,331";"0,000";"0,081";"0,000";"0,000";"0,000";"0,432";"0,384";"0,678";"1,494";"0,163";"0,084";"0,079";
"07/12/2023 17:30";"0,426";"0,000";"0,367";"0,000";"0,676";"0,000";"1,469";"0,000";"0,012";"0,000";"0,000";"0,101";"0,473";"0,414";"0,723";"1,611";"0,142";"0,074";"0,068";
"07/12/2023 17:40";"0,883";"0,000";"0,472";"0,000";"0,716";"0,000";"2,071";"0,000";"0,000";"0,000";"0,000";"0,156";"0,905";"0,494";"0,738";"2,137";"0,066";"0,034";"0,032";
"07/12/2023 17:50";"1,144";"0,000";"0,638";"0,000";"0,639";"0,000";"2,421";"0,000";"0,020";"0,000";"0,000";"0,025";"1,153";"0,647";"0,647";"2,447";"0,026";"0,014";"0,012";
"07/12/2023 18:00";"0,929";"0,000";"0,818";"0,000";"0,523";"0,000";"2,269";"0,000";"0,012";"0,000";"0,000";"0,115";"0,929";"0,818";"0,523";"2,269";"0,000";"0,000";"0,000";
"07/12/2023 18:10";"0,881";"0,000";"0,843";"0,000";"0,428";"0,000";"2,151";"0,000";"0,015";"0,000";"0,000";"0,032";"0,881";"0,843";"0,428";"2,151";"0,000";"0,000";"0,000";
"07/12/2023 18:20";"0,756";"0,000";"0,663";"0,000";"0,536";"0,000";"1,955";"0,000";"0,023";"0,000";"0,000";"0,057";"0,756";"0,663";"0,536";"1,955";"0,000";"0,000";"0,000";
"07/12/2023 18:30";"0,560";"0,000";"0,523";"0,000";"0,628";"0,000";"1,711";"0,000";"0,006";"0,000";"0,000";"0,117";"0,560";"0,523";"0,628";"1,711";"0,000";"0,000";"0,000";
"07/12/2023 18:40";"0,555";"0,000";"0,547";"0,000";"0,644";"0,000";"1,746";"0,000";"0,000";"0,000";"0,000";"0,255";"0,555";"0,547";"0,644";"1,746";"0,000";"0,000";"0,000";
"07/12/2023 18:50";"0,888";"0,000";"0,622";"0,000";"0,676";"0,000";"2,185";"0,000";"0,000";"0,000";"0,000";"0,189";"0,888";"0,622";"0,676";"2,185";"0,000";"0,000";"0,000";
"07/12/2023 19:00";"0,634";"0,000";"0,496";"0,000";"0,739";"0,000";"1,869";"0,000";"0,026";"0,000";"0,000";"0,012";"0,634";"0,496";"0,739";"1,869";"0,000";"0,000";"0,000";
"07/12/2023 19:10";"0,687";"0,000";"0,562";"0,000";"0,798";"0,000";"2,048";"0,000";"0,000";"0,000";"0,000";"0,213";"0,687";"0,562";"0,798";"2,048";"0,000";"0,000";"0,000";
"07/12/2023 19:20";"0,778";"0,000";"0,600";"0,000";"0,826";"0,000";"2,204";"0,000";"0,000";"0,000";"0,000";"0,173";"0,778";"0,600";"0,826";"2,204";"0,000";"0,000";"0,000";
"07/12/2023 19:30";"0,738";"0,000";"0,520";"0,000";"0,651";"0,000";"1,908";"0,000";"0,000";"0,000";"0,000";"0,106";"0,738";"0,520";"0,651";"1,908";"0,000";"0,000";"0,000";
"07/12/2023 19:40";"0,507";"0,000";"0,375";"0,000";"0,631";"0,000";"1,512";"0,000";"0,000";"0,000";"0,000";"0,116";"0,507";"0,375";"0,631";"1,512";"0,000";"0,000";"0,000";
"07/12/2023 19:50";"0,433";"0,000";"0,380";"0,000";"0,629";"0,000";"1,442";"0,000";"0,000";"0,000";"0,000";"0,157";"0,433";"0,380";"0,629";"1,442";"0,000";"0,000";"0,000";
"07/12/2023 20:00";"0,794";"0,000";"0,545";"0,000";"0,626";"0,000";"1,965";"0,000";"0,000";"0,000";"0,000";"0,139";"0,794";"0,545";"0,626";"1,965";"0,000";"0,000";"0,000";
"07/12/2023 20:10";"0,910";"0,000";"0,904";"0,000";"0,634";"0,000";"2,448";"0,000";"0,000";"0,000";"0,000";"0,158";"0,910";"0,904";"0,634";"2,448";"0,000";"0,000";"0,000";
"07/12/2023 20:20";"0,933";"0,000";"0,901";"0,000";"0,632";"0,000";"2,466";"0,000";"0,000";"0,000";"0,000";"0,189";"0,933";"0,901";"0,632";"2,466";"0,000";"0,000";"0,000";
"07/12/2023 20:30";"0,942";"0,000";"0,896";"0,000";"0,633";"0,000";"2,470";"0,000";"0,000";"0,000";"0,000";"0,157";"0,942";"0,896";"0,633";"2,470";"0,000";"0,000";"0,000";
"07/12/2023 20:40";"0,929";"0,000";"0,884";"0,000";"0,633";"0,000";"2,446";"0,000";"0,000";"0,000";"0,000";"0,152";"0,929";"0,884";"0,633";"2,446";"0,000";"0,000";"0,000";
"07/12/2023 20:50";"0,920";"0,000";"0,908";"0,000";"0,633";"0,000";"2,461";"0,000";"0,000";"0,000";"0,000";"0,142";"0,920";"0,908";"0,633";"2,461";"0,000";"0,000";"0,000";
"07/12/2023 21:00";"0,946";"0,000";"0,887";"0,000";"0,632";"0,000";"2,465";"0,000";"0,000";"0,000";"0,000";"0,198";"0,946";"0,887";"0,632";"2,465";"0,000";"0,000";"0,000";
"07/12/2023 21:10";"0,969";"0,000";"0,909";"0,000";"0,632";"0,000";"2,511";"0,000";"0,000";"0,000";"0,000";"0,155";"0,969";"0,909";"0,632";"2,511";"0,000";"0,000";"0,000";
"07/12/2023 21:20";"1,174";"0,000";"0,922";"0,000";"0,631";"0,000";"2,726";"0,000";"0,000";"0,000";"0,000";"0,150";"1,174";"0,922";"0,631";"2,726";"0,000";"0,000";"0,000";
"07/12/2023 21:30";"1,092";"0,000";"0,857";"0,000";"0,608";"0,000";"2,556";"0,000";"0,000";"0,000";"0,000";"0,231";"1,092";"0,857";"0,608";"2,556";"0,000";"0,000";"0,000";
"07/12/2023 21:40";"0,942";"0,000";"0,896";"0,000";"0,483";"0,000";"2,322";"0,000";"0,000";"0,000";"0,000";"0,154";"0,942";"0,896";"0,483";"2,322";"0,000";"0,000";"0,000";
"07/12/2023 21:50";"0,930";"0,000";"0,900";"0,000";"0,508";"0,000";"2,338";"0,000";"0,000";"0,000";"0,000";"0,145";"0,930";"0,900";"0,508";"2,338";"0,000";"0,000";"0,000";
"07/12/2023 22:00";"0,924";"0,000";"0,884";"0,000";"0,513";"0,000";"2,321";"0,000";"0,000";"0,000";"0,000";"0,160";"0,924";"0,884";"0,513";"2,321";"0,000";"0,000";"0,000";
"07/12/2023 22:10";"0,904";"0,000";"0,880";"0,000";"0,513";"0,000";"2,298";"0,000";"0,000";"0,000";"0,000";"0,190";"0,904";"0,880";"0,513";"2,298";"0,000";"0,000";"0,000";
"07/12/2023 22:20";"0,931";"0,000";"0,890";"0,000";"0,518";"0,000";"2,339";"0,000";"0,000";"0,000";"0,000";"0,154";"0,931";"0,890";"0,518";"2,339";"0,000";"0,000";"0,000";
"07/12/2023 22:30";"0,928";"0,000";"0,878";"0,000";"0,520";"0,000";"2,326";"0,000";"0,000";"0,000";"0,000";"0,153";"0,928";"0,878";"0,520";"2,326";"0,000";"0,000";"0,000";
"07/12/2023 22:40";"0,922";"0,000";"0,847";"0,005";"0,547";"0,000";"2,315";"0,003";"0,000";"0,000";"0,002";"0,232";"0,922";"0,842";"0,547";"2,311";"0,000";"0,000";"0,000";
"07/12/2023 22:50";"0,923";"0,000";"0,899";"0,000";"0,690";"0,000";"2,511";"0,000";"0,000";"0,000";"0,000";"0,159";"0,923";"0,899";"0,690";"2,511";"0,000";"0,000";"0,000";
"07/12/2023 23:00";"0,950";"0,000";"0,908";"0,000";"0,639";"0,000";"2,497";"0,000";"0,000";"0,000";"0,000";"0,141";"0,950";"0,908";"0,639";"2,497";"0,000";"0,000";"0,000";
"07/12/2023 23:10";"0,928";"0,000";"0,918";"0,000";"0,637";"0,000";"2,483";"0,000";"0,000";"0,000";"0,000";"0,156";"0,928";"0,918";"0,637";"2,483";"0,000";"0,000";"0,000";
"07/12/2023 23:20";"0,925";"0,000";"0,874";"0,000";"0,629";"0,000";"2,428";"0,000";"0,000";"0,000";"0,000";"0,231";"0,925";"0,874";"0,629";"2,428";"0,000";"0,000";"0,000";
"07/12/2023 23:30";"0,953";"0,000";"0,889";"0,000";"0,625";"0,000";"2,467";"0,000";"0,000";"0,000";"0,000";"0,149";"0,953";"0,889";"0,625";"2,467";"0,000";"0,000";"0,000";
"07/12/2023 23:40";"0,935";"0,000";"0,905";"0,000";"0,623";"0,000";"2,464";"0,000";"0,000";"0,000";"0,000";"0,146";"0,935";"0,905";"0,623";"2,464";"0,000";"0,000";"0,000";
"07/12/2023 23:50";"0,923";"0,000";"0,913";"0,000";"0,622";"0,000";"2,458";"0,000";"0,000";"0,000";"0,000";"0,153";"0,923";"0,913";"0,622";"2,458";"0,000";"0,000";"0,000";
"08/12/2023 00:00";"0,942";"0,000";"0,911";"0,000";"0,625";"0,000";"2,477";"0,000";"0,000";"0,000";"0,000";"0,157";"0,942";"0,911";"0,625";"2,477";"0,000";"0,000";"0,000";
"08/12/2023 00:10";"0,952";"0,000";"0,903";"0,000";"0,627";"0,000";"2,482";"0,000";"0,000";"0,000";"0,000";"0,173";"0,952";"0,903";"0,627";"2,482";"0,000";"0,000";"0,000";
"08/12/2023 00:20";"0,935";"0,000";"0,881";"0,000";"0,628";"0,000";"2,444";"0,000";"0,000";"0,000";"0,000";"0,186";"0,935";"0,881";"0,628";"2,444";"0,000";"0,000";"0,000";
"08/12/2023 00:30";"1,162";"0,000";"0,891";"0,000";"0,628";"0,000";"2,682";"0,000";"0,000";"0,000";"0,000";"0,185";"1,162";"0,891";"0,628";"2,682";"0,000";"0,000";"0,000";
"08/12/2023 00:40";"1,200";"0,000";"0,924";"0,000";"0,628";"0,000";"2,752";"0,000";"0,000";"0,000";"0,000";"0,144";"1,200";"0,924";"0,628";"2,752";"0,000";"0,000";"0,000";
"08/12/2023 00:50";"0,946";"0,000";"0,885";"0,000";"0,624";"0,000";"2,455";"0,000";"0,000";"0,000";"0,000";"0,158";"0,946";"0,885";"0,624";"2,455";"0,000";"0,000";"0,000";
"08/12/2023 01:00";"0,914";"0,000";"0,878";"0,000";"0,622";"0,000";"2,415";"0,000";"0,000";"0,000";"0,000";"0,208";"0,914";"0,878";"0,622";"2,415";"0,000";"0,000";"0,000";
"08/12/2023 01:10";"0,942";"0,000";"0,907";"0,000";"0,623";"0,000";"2,473";"0,000";"0,000";"0,000";"0,000";"0,162";"0,942";"0,907";"0,623";"2,473";"0,000";"0,000";"0,000";
"08/12/2023 01:20";"0,947";"0,000";"0,901";"0,000";"0,623";"0,000";"2,471";"0,000";"0,000";"0,000";"0,000";"0,154";"0,947";"0,901";"0,623";"2,471";"0,000";"0,000";"0,000";
"08/12/2023 01:30";"0,947";"0,000";"0,902";"0,000";"0,625";"0,000";"2,474";"0,000";"0,000";"0,000";"0,000";"0,157";"0,947";"0,902";"0,625";"2,474";"0,000";"0,000";"0,000";
"08/12/2023 01:40";"0,918";"0,000";"0,884";"0,000";"0,626";"0,000";"2,428";"0,000";"0,000";"0,000";"0,000";"0,200";"0,918";"0,884";"0,626";"2,428";"0,000";"0,000";"0,000";
"08/12/2023 01:50";"0,938";"0,000";"0,903";"0,000";"0,623";"0,000";"2,464";"0,000";"0,000";"0,000";"0,000";"0,175";"0,938";"0,903";"0,623";"2,464";"0,000";"0,000";"0,000";
"08/12/2023 02:00";"0,956";"0,000";"0,906";"0,000";"0,623";"0,000";"2,485";"0,000";"0,000";"0,000";"0,000";"0,155";"0,956";"0,906";"0,623";"2,485";"0,000";"0,000";"0,000";
"08/12/2023 02:10";"0,945";"0,000";"0,913";"0,000";"0,623";"0,000";"2,481";"0,000";"0,000";"0,000";"0,000";"0,156";"0,945";"0,913";"0,623";"2,481";"0,000";"0,000";"0,000";
"08/12/2023 02:20";"0,921";"0,000";"0,903";"0,000";"0,622";"0,000";"2,446";"0,000";"0,000";"0,000";"0,000";"0,172";"0,921";"0,903";"0,622";"2,446";"0,000";"0,000";"0,000";
"08/12/2023 02:30";"0,927";"0,000";"0,869";"0,000";"0,623";"0,000";"2,419";"0,000";"0,000";"0,000";"0,000";"0,191";"0,927";"0,869";"0,623";"2,419";"0,000";"0,000";"0,000";
"08/12/2023 02:40";"0,938";"0,000";"0,879";"0,000";"0,623";"0,000";"2,440";"0,000";"0,000";"0,000";"0,000";"0,164";"0,938";"0,879";"0,623";"2,440";"0,000";"0,000";"0,000";
"08/12/2023 02:50";"0,928";"0,000";"0,894";"0,000";"0,623";"0,000";"2,446";"0,000";"0,000";"0,000";"0,000";"0,164";"0,928";"0,894";"0,623";"2,446";"0,000";"0,000";"0,000";
"08/12/2023 03:00";"0,913";"0,000";"0,881";"0,000";"0,625";"0,000";"2,419";"0,000";"0,000";"0,000";"0,000";"0,192";"0,913";"0,881";"0,625";"2,419";"0,000";"0,000";"0,000";
"08/12/2023 03:10";"0,947";"0,000";"0,891";"0,000";"0,625";"0,000";"2,462";"0,000";"0,000";"0,000";"0,000";"0,188";"0,947";"0,891";"0,625";"2,462";"0,000";"0,000";"0,000";
"08/12/2023 03:20";"0,935";"0,000";"0,904";"0,000";"0,475";"0,000";"2,314";"0,000";"0,000";"0,000";"0,000";"0,160";"0,935";"0,904";"0,475";"2,314";"0,000";"0,000";"0,000";
"08/12/2023 03:30";"0,928";"0,000";"0,885";"0,000";"0,498";"0,000";"2,311";"0,000";"0,000";"0,000";"0,000";"0,158";"0,928";"0,885";"0,498";"2,311";"0,000";"0,000";"0,000";
"08/12/2023 03:40";"1,041";"0,000";"0,876";"0,000";"0,513";"0,000";"2,430";"0,000";"0,000";"0,000";"0,000";"0,171";"1,041";"0,876";"0,513";"2,430";"0,000";"0,000";"0,000";
"08/12/2023 03:50";"1,194";"0,000";"0,885";"0,000";"0,524";"0,000";"2,602";"0,000";"0,000";"0,000";"0,000";"0,198";"1,194";"0,885";"0,524";"2,602";"0,000";"0,000";"0,000";
"08/12/2023 04:00";"1,025";"0,000";"0,882";"0,000";"0,529";"0,000";"2,436";"0,000";"0,000";"0,000";"0,000";"0,161";"1,025";"0,882";"0,529";"2,436";"0,000";"0,000";"0,000";
"08/12/2023 04:10";"0,920";"0,000";"0,894";"0,000";"0,522";"0,000";"2,336";"0,000";"0,000";"0,000";"0,000";"0,160";"0,920";"0,894";"0,522";"2,336";"0,000";"0,000";"0,000";
"08/12/2023 04:20";"0,929";"0,000";"0,900";"0,000";"0,519";"0,000";"2,348";"0,000";"0,000";"0,000";"0,000";"0,176";"0,929";"0,900";"0,519";"2,348";"0,000";"0,000";"0,000";
"08/12/2023 04:30";"0,945";"0,000";"0,887";"0,000";"0,516";"0,000";"2,348";"0,000";"0,000";"0,000";"0,000";"0,194";"0,945";"0,887";"0,516";"2,348";"0,000";"0,000";"0,000";
"08/12/2023 04:40";"0,932";"0,000";"0,897";"0,000";"0,657";"0,000";"2,486";"0,000";"0,000";"0,000";"0,000";"0,162";"0,932";"0,897";"0,657";"2,486";"0,000";"0,000";"0,000";
"08/12/2023 04:50";"0,906";"0,000";"0,878";"0,000";"0,704";"0,000";"2,487";"0,000";"0,000";"0,000";"0,000";"0,163";"0,906";"0,878";"0,704";"2,487";"0,000";"0,000";"0,000";
"08/12/2023 05:00";"0,928";"0,000";"0,864";"0,000";"0,690";"0,000";"2,482";"0,000";"0,000";"0,000";"0,000";"0,201";"0,928";"0,864";"0,690";"2,482";"0,000";"0,000";"0,000";
"08/12/2023 05:10";"0,931";"0,000";"0,880";"0,000";"0,666";"0,000";"2,477";"0,000";"0,000";"0,000";"0,000";"0,182";"0,931";"0,880";"0,666";"2,477";"0,000";"0,000";"0,000";
"08/12/2023 05:20";"0,938";"0,000";"0,895";"0,000";"0,664";"0,000";"2,498";"0,000";"0,000";"0,000";"0,000";"0,162";"0,938";"0,895";"0,664";"2,498";"0,000";"0,000";"0,000";
"08/12/2023 05:30";"0,757";"0,000";"0,756";"0,000";"0,706";"0,000";"2,219";"0,000";"0,000";"0,000";"0,000";"0,123";"0,757";"0,756";"0,706";"2,219";"0,000";"0,000";"0,000";
"08/12/2023 05:40";"0,511";"0,000";"0,496";"0,000";"0,751";"0,000";"1,758";"0,000";"0,006";"0,000";"0,000";"0,063";"0,511";"0,496";"0,751";"1,758";"0,000";"0,000";"0,000";
"08/12/2023 05:50";"0,494";"0,000";"0,438";"0,000";"0,728";"0,000";"1,660";"0,000";"0,004";"0,000";"0,000";"0,135";"0,494";"0,438";"0,728";"1,660";"0,000";"0,000";"0,000";
"08/12/2023 06:00";"0,459";"0,000";"0,421";"0,000";"0,704";"0,000";"1,584";"0,000";"0,002";"0,000";"0,000";"0,102";"0,459";"0,421";"0,704";"1,584";"0,000";"0,000";"0,000";
"08/12/2023 06:10";"0,407";"0,000";"0,375";"0,000";"0,666";"0,000";"1,449";"0,000";"0,000";"0,000";"0,000";"0,133";"0,407";"0,375";"0,666";"1,449";"0,000";"0,000";"0,000";
"08/12/2023 06:20";"0,486";"0,000";"0,467";"0,000";"0,727";"0,000";"1,680";"0,000";"0,001";"0,000";"0,000";"0,114";"0,486";"0,467";"0,727";"1,680";"0,000";"0,000";"0,000";
"08/12/2023 06:30";"0,569";"0,000";"0,554";"0,000";"0,791";"0,000";"1,914";"0,000";"0,002";"0,000";"0,000";"0,107";"0,569";"0,554";"0,791";"1,914";"0,000";"0,000";"0,000";
"08/12/2023 06:40";"0,711";"0,000";"0,584";"0,000";"0,778";"0,000";"2,073";"0,000";"0,000";"0,000";"0,000";"0,273";"0,711";"0,584";"0,778";"2,073";"0,000";"0,000";"0,000";
"08/12/2023 06:50";"1,143";"0,000";"1,061";"0,000";"0,720";"0,000";"2,923";"0,000";"0,000";"0,000";"0,000";"0,228";"1,143";"1,061";"0,720";"2,923";"0,000";"0,000";"0,000";
"08/12/2023 07:00";"1,350";"0,000";"1,109";"0,000";"0,751";"0,000";"3,210";"0,000";"0,000";"0,000";"0,000";"0,250";"1,350";"1,109";"0,751";"3,210";"0,000";"0,000";"0,000";
"08/12/2023 07:10";"1,490";"0,000";"1,128";"0,000";"0,756";"0,000";"3,374";"0,000";"0,000";"0,000";"0,000";"0,195";"1,490";"1,128";"0,756";"3,374";"0,000";"0,000";"0,000";
"08/12/2023 07:20";"1,193";"0,000";"1,030";"0,000";"0,751";"0,000";"2,975";"0,000";"0,006";"0,000";"0,000";"0,258";"1,193";"1,030";"0,751";"2,974";"0,000";"0,000";"0,000";
"08/12/2023 07:30";"1,193";"0,000";"1,075";"0,000";"0,785";"0,000";"3,053";"0,000";"0,000";"0,000";"0,000";"0,207";"1,193";"1,075";"0,785";"3,053";"0,000";"0,000";"0,000";
"08/12/2023 07:40";"1,091";"0,000";"0,804";"0,000";"0,702";"0,000";"2,597";"0,000";"0,000";"0,000";"0,000";"0,135";"1,091";"0,804";"0,702";"2,597";"0,000";"0,000";"0,000";
"08/12/2023 07:50";"0,665";"0,000";"0,575";"0,000";"0,759";"0,000";"1,999";"0,000";"0,002";"0,000";"0,000";"0,150";"0,665";"0,575";"0,759";"1,999";"0,000";"0,000";"0,000";
"08/12/2023 08:00";"0,637";"0,000";"0,580";"0,000";"0,792";"0,000";"2,009";"0,000";"0,000";"0,000";"0,000";"0,243";"0,637";"0,580";"0,792";"2,009";"0,000";"0,000";"0,000";
"08/12/2023 08:10";"0,866";"0,000";"0,616";"0,000";"0,846";"0,000";"2,328";"0,000";"0,000";"0,000";"0,000";"0,240";"0,866";"0,616";"0,846";"2,328";"0,000";"0,000";"0,000";
"08/12/2023 08:20";"1,104";"0,000";"0,673";"0,000";"0,824";"0,000";"2,601";"0,000";"0,000";"0,000";"0,000";"0,298";"1,104";"0,673";"0,824";"2,601";"0,000";"0,000";"0,000";
"08/12/2023 08:30";"1,059";"0,000";"0,573";"0,000";"0,769";"0,000";"2,401";"0,000";"0,014";"0,000";"0,000";"0,155";"1,059";"0,573";"0,769";"2,401";"0,000";"0,000";"0,000";
"08/12/2023 08:40";"0,986";"0,000";"0,942";"0,000";"0,672";"0,000";"2,600";"0,000";"0,000";"0,000";"0,000";"0,184";"0,992";"0,948";"0,678";"2,617";"0,017";"0,009";"0,008";
"08/12/2023 08:50";"0,910";"0,000";"0,674";"0,000";"0,612";"0,000";"2,196";"0,000";"0,001";"0,000";"0,000";"0,139";"0,913";"0,677";"0,615";"2,205";"0,009";"0,005";"0,004";
"08/12/2023 09:00";"0,946";"0,000";"0,827";"0,000";"0,657";"0,000";"2,430";"0,000";"0,000";"0,000";"0,000";"0,249";"0,957";"0,838";"0,668";"2,463";"0,033";"0,017";"0,016";
"08/12/2023 09:10";"0,928";"0,000";"0,915";"0,000";"0,650";"0,000";"2,493";"0,000";"0,010";"0,000";"0,000";"0,127";"0,958";"0,945";"0,680";"2,583";"0,090";"0,047";"0,043";
"08/12/2023 09:20";"0,918";"0,000";"0,885";"0,000";"0,628";"0,000";"2,430";"0,000";"0,000";"0,000";"0,000";"0,143";"0,989";"0,956";"0,699";"2,644";"0,214";"0,110";"0,104";
"08/12/2023 09:30";"0,907";"0,000";"0,579";"0,000";"0,606";"0,000";"2,092";"0,000";"0,002";"0,000";"0,000";"0,163";"1,021";"0,693";"0,720";"2,434";"0,342";"0,175";"0,167";
"08/12/2023 09:40";"0,931";"0,000";"0,886";"0,000";"0,637";"0,000";"2,454";"0,000";"0,001";"0,000";"0,000";"0,147";"0,994";"0,949";"0,700";"2,643";"0,189";"0,097";"0,092";
"08/12/2023 09:50";"0,909";"0,000";"0,880";"0,000";"0,635";"0,000";"2,425";"0,000";"0,000";"0,000";"0,000";"0,161";"0,979";"0,950";"0,705";"2,633";"0,208";"0,107";"0,101";
"08/12/2023 10:00";"0,872";"0,000";"0,602";"0,000";"0,601";"0,000";"2,075";"0,000";"0,000";"0,000";"0,000";"0,141";"1,087";"0,817";"0,815";"2,719";"0,644";"0,328";"0,316";
"08/12/2023 10:10";"0,926";"0,000";"0,856";"0,000";"0,631";"0,000";"2,412";"0,000";"0,000";"0,000";"0,000";"0,139";"1,155";"1,085";"0,861";"3,101";"0,689";"0,351";"0,338";
"08/12/2023 10:20";"0,680";"0,000";"0,404";"0,000";"0,599";"0,000";"1,684";"0,000";"0,022";"0,000";"0,000";"0,056";"0,930";"0,654";"0,849";"2,433";"0,749";"0,382";"0,367";
"08/12/2023 10:30";"0,693";"0,000";"0,368";"0,000";"0,659";"0,000";"1,719";"0,000";"0,000";"0,000";"0,000";"0,172";"1,018";"0,693";"0,984";"2,694";"0,975";"0,499";"0,476";
"08/12/2023 10:40";"0,557";"0,000";"0,398";"0,000";"0,679";"0,000";"1,634";"0,000";"0,000";"0,000";"0,000";"0,149";"1,005";"0,846";"1,127";"2,978";"1,344";"0,697";"0,647";
"08/12/2023 10:50";"0,957";"0,000";"0,841";"0,000";"0,659";"0,000";"2,457";"0,000";"0,014";"0,000";"0,000";"0,148";"1,438";"1,323";"1,141";"3,902";"1,445";"0,742";"0,703";
"08/12/2023 11:00";"0,937";"0,000";"0,847";"0,000";"0,645";"0,000";"2,430";"0,000";"0,000";"0,000";"0,000";"0,189";"1,424";"1,333";"1,132";"3,889";"1,459";"0,743";"0,716";
"08/12/2023 11:10";"0,887";"0,000";"0,616";"0,000";"0,592";"0,000";"2,094";"0,000";"0,032";"0,000";"0,000";"0,045";"1,214";"0,943";"0,919";"3,075";"0,981";"0,499";"0,482";
"08/12/2023 11:20";"0,884";"0,000";"0,797";"0,000";"0,577";"0,000";"2,257";"0,000";"0,044";"0,000";"0,000";"0,036";"1,494";"1,407";"1,187";"4,088";"1,831";"0,928";"0,903";
"08/12/2023 11:30";"0,398";"0,000";"0,315";"0,000";"0,596";"0,000";"1,309";"0,000";"0,069";"0,000";"0,000";"0,009";"1,056";"0,974";"1,254";"3,285";"1,976";"1,001";"0,975";
"08/12/2023 11:40";"0,430";"0,000";"0,370";"0,000";"0,631";"0,000";"1,431";"0,000";"0,020";"0,000";"0,000";"0,098";"1,146";"1,086";"1,346";"3,578";"2,147";"1,094";"1,053";
"08/12/2023 11:50";"0,640";"0,000";"0,397";"0,000";"0,664";"0,000";"1,700";"0,000";"0,000";"0,000";"0,000";"0,191";"1,452";"1,208";"1,476";"4,135";"2,435";"1,244";"1,191";
"08/12/2023 12:00";"0,889";"0,000";"0,590";"0,000";"0,577";"0,000";"2,055";"0,000";"0,014";"0,000";"0,000";"0,062";"1,702";"1,403";"1,391";"4,496";"2,441";"1,241";"1,200";
"08/12/2023 12:10";"0,893";"0,000";"0,857";"0,000";"0,613";"0,000";"2,363";"0,000";"0,062";"0,000";"0,000";"0,017";"1,653";"1,617";"1,373";"4,644";"2,281";"1,159";"1,122";
"08/12/2023 12:20";"0,918";"0,000";"0,851";"0,000";"0,605";"0,000";"2,374";"0,000";"0,043";"0,000";"0,000";"0,065";"1,708";"1,641";"1,395";"4,743";"2,369";"1,203";"1,166";
"08/12/2023 12:30";"0,808";"0,000";"0,661";"0,000";"0,559";"0,000";"2,028";"0,000";"0,035";"0,000";"0,000";"0,020";"1,766";"1,620";"1,518";"4,904";"2,876";"1,461";"1,415";
"08/12/2023 12:40";"0,405";"0,000";"0,311";"0,000";"0,603";"0,000";"1,319";"0,000";"0,052";"0,000";"0,000";"0,012";"1,556";"1,462";"1,754";"4,772";"3,452";"1,750";"1,702";
"08/12/2023 12:50";"0,403";"0,000";"0,387";"0,000";"0,634";"0,000";"1,425";"0,000";"0,032";"0,000";"0,000";"0,086";"1,601";"1,585";"1,832";"5,019";"3,594";"1,822";"1,772";
"08/12/2023 13:00";"0,716";"0,000";"0,471";"0,000";"0,569";"0,000";"1,756";"0,000";"0,000";"0,000";"0,000";"0,145";"1,775";"1,531";"1,628";"4,935";"3,179";"1,611";"1,568";
"08/12/2023 13:10";"0,500";"0,000";"0,386";"0,000";"0,437";"0,000";"1,323";"0,000";"0,025";"0,000";"0,000";"0,034";"1,420";"1,306";"1,357";"4,084";"2,761";"1,401";"1,360";
"08/12/2023 13:20";"0,423";"0,000";"0,367";"0,000";"0,526";"0,000";"1,316";"0,000";"0,036";"0,000";"0,000";"0,073";"1,194";"1,138";"1,297";"3,629";"2,313";"1,174";"1,139";
"08/12/2023 13:30";"0,474";"0,000";"0,374";"0,000";"0,552";"0,000";"1,400";"0,000";"0,004";"0,000";"0,000";"0,154";"1,240";"1,140";"1,318";"3,698";"2,298";"1,166";"1,132";
"08/12/2023 13:40";"0,887";"0,000";"0,548";"0,000";"0,502";"0,000";"1,937";"0,000";"0,012";"0,000";"0,000";"0,093";"1,818";"1,478";"1,432";"4,729";"2,792";"1,415";"1,377";
"08/12/2023 13:50";"0,923";"0,000";"0,786";"0,000";"0,507";"0,000";"2,216";"0,000";"0,033";"0,000";"0,000";"0,092";"1,797";"1,660";"1,381";"4,838";"2,622";"1,329";"1,293";
"08/12/2023 14:00";"0,877";"0,000";"0,613";"0,000";"0,465";"0,000";"1,955";"0,000";"0,035";"0,000";"0,000";"0,055";"1,992";"1,728";"1,580";"5,300";"3,345";"1,695";"1,650";
"08/12/2023 14:10";"0,931";"0,000";"0,784";"0,000";"0,474";"0,000";"2,188";"0,000";"0,033";"0,000";"0,000";"0,010";"2,159";"2,012";"1,702";"5,872";"3,684";"1,870";"1,814";
"08/12/2023 14:20";"0,657";"0,000";"0,303";"0,000";"0,469";"0,000";"1,429";"0,000";"0,062";"0,000";"0,000";"0,011";"2,420";"2,066";"2,232";"6,718";"5,289";"2,688";"2,601";
"08/12/2023 14:30";"0,565";"0,000";"0,379";"0,000";"0,496";"0,000";"1,439";"0,000";"0,008";"0,000";"0,000";"0,155";"1,709";"1,523";"1,640";"4,871";"3,432";"1,743";"1,689";
"08/12/2023 14:40";"0,540";"0,000";"0,387";"0,000";"0,524";"0,000";"1,451";"0,000";"0,000";"0,000";"0,000";"0,139";"1,239";"1,087";"1,223";"3,549";"2,098";"1,063";"1,035";
"08/12/2023 14:50";"0,624";"0,000";"0,371";"0,000";"0,536";"0,000";"1,532";"0,000";"0,026";"0,000";"0,000";"0,057";"1,373";"1,120";"1,285";"3,779";"2,247";"1,141";"1,106";
"08/12/2023 15:00";"0,386";"0,000";"0,370";"0,000";"0,647";"0,000";"1,403";"0,000";"0,040";"0,000";"0,000";"0,075";"1,290";"1,274";"1,551";"4,115";"2,712";"1,383";"1,329";
"08/12/2023 15:10";"0,480";"0,000";"0,421";"0,000";"0,729";"0,000";"1,629";"0,000";"0,000";"0,000";"0,000";"0,180";"1,347";"1,288";"1,596";"4,231";"2,602";"1,324";"1,278";
"08/12/2023 15:20";"0,734";"0,000";"0,431";"0,000";"0,643";"0,000";"1,809";"0,000";"0,000";"0,000";"0,000";"0,106";"1,394";"1,091";"1,303";"3,789";"1,980";"1,005";"0,975";
"08/12/2023 15:30";"0,402";"0,000";"0,358";"0,000";"0,656";"0,000";"1,416";"0,000";"0,089";"0,000";"0,000";"0,000";"0,947";"0,903";"1,201";"3,052";"1,636";"0,831";"0,805";
"08/12/2023 15:40";"0,426";"0,000";"0,415";"0,000";"0,610";"0,000";"1,451";"0,000";"0,016";"0,000";"0,000";"0,112";"0,990";"0,979";"1,174";"3,143";"1,692";"0,860";"0,832";
"08/12/2023 15:50";"0,643";"0,000";"0,435";"0,000";"0,673";"0,000";"1,751";"0,000";"0,000";"0,000";"0,000";"0,151";"1,154";"0,945";"1,183";"3,282";"1,531";"0,779";"0,752";
"08/12/2023 16:00";"0,519";"0,000";"0,340";"0,000";"0,554";"0,000";"1,414";"0,000";"0,042";"0,000";"0,000";"0,057";"0,922";"0,743";"0,957";"2,622";"1,208";"0,615";"0,593";
"08/12/2023 16:10";"0,416";"0,000";"0,374";"0,000";"0,628";"0,000";"1,419";"0,000";"0,020";"0,000";"0,000";"0,084";"0,751";"0,708";"0,963";"2,422";"1,003";"0,511";"0,492";
"08/12/2023 16:20";"0,474";"0,000";"0,462";"0,000";"0,691";"0,000";"1,627";"0,000";"0,000";"0,000";"0,000";"0,124";"0,753";"0,741";"0,970";"2,464";"0,837";"0,427";"0,410";
"08/12/2023 16:30";"0,689";"0,000";"0,398";"0,000";"0,553";"0,000";"1,640";"0,000";"0,017";"0,000";"0,000";"0,060";"0,863";"0,572";"0,727";"2,162";"0,522";"0,267";"0,255";
"08/12/2023 16:40";"0,403";"0,000";"0,317";"0,000";"0,597";"0,000";"1,316";"0,000";"0,063";"0,000";"0,000";"0,009";"0,511";"0,425";"0,705";"1,641";"0,325";"0,167";"0,158";
"08/12/2023 16:50";"0,400";"0,000";"0,317";"0,000";"0,616";"0,000";"1,332";"0,000";"0,015";"0,000";"0,000";"0,067";"0,459";"0,377";"0,675";"1,510";"0,178";"0,092";"0,086";
"08/12/2023 17:00";"0,648";"0,000";"0,488";"0,000";"0,619";"0,000";"1,755";"0,000";"0,002";"0,000";"0,000";"0,118";"0,699";"0,539";"0,670";"1,908";"0,153";"0,079";"0,074";
"08/12/2023 17:10";"0,445";"0,000";"0,314";"0,000";"0,467";"0,000";"1,226";"0,000";"0,047";"0,000";"0,000";"0,015";"0,478";"0,347";"0,500";"1,325";"0,099";"0,051";"0,048";
"08/12/2023 17:20";"0,413";"0,000";"0,338";"0,000";"0,480";"0,000";"1,231";"0,000";"0,015";"0,000";"0,000";"0,120";"0,428";"0,353";"0,496";"1,277";"0,046";"0,024";"0,022";
"08/12/2023 17:30";"0,516";"0,000";"0,420";"0,000";"0,549";"0,000";"1,486";"0,000";"0,000";"0,000";"0,000";"0,141";"0,528";"0,433";"0,562";"1,523";"0,037";"0,019";"0,018";
"08/12/2023 17:40";"0,639";"0,000";"0,424";"0,000";"0,452";"0,000";"1,514";"0,000";"0,021";"0,000";"0,000";"0,068";"0,639";"0,424";"0,452";"1,515";"0,001";"0,001";"0,000";
"08/12/2023 17:50";"0,427";"0,000";"0,373";"0,000";"0,500";"0,000";"1,300";"0,000";"0,027";"0,000";"0,000";"0,025";"0,427";"0,373";"0,500";"1,300";"0,000";"0,000";"0,000";
"08/12/2023 18:00";"0,803";"0,000";"0,534";"0,000";"0,627";"0,000";"1,964";"0,000";"0,003";"0,000";"0,000";"0,099";"0,803";"0,534";"0,627";"1,964";"0,000";"0,000";"0,000";
"08/12/2023 18:10";"1,059";"0,000";"0,629";"0,000";"0,627";"0,000";"2,316";"0,000";"0,000";"0,000";"0,000";"0,211";"1,059";"0,629";"0,627";"2,316";"0,000";"0,000";"0,000";
"08/12/2023 18:20";"0,526";"0,000";"0,500";"0,000";"0,621";"0,000";"1,646";"0,000";"0,006";"0,000";"0,000";"0,039";"0,526";"0,500";"0,621";"1,646";"0,000";"0,000";"0,000";
"08/12/2023 18:30";"0,545";"0,000";"0,475";"0,000";"0,689";"0,000";"1,709";"0,000";"0,005";"0,000";"0,000";"0,159";"0,545";"0,475";"0,689";"1,709";"0,000";"0,000";"0,000";
"08/12/2023 18:40";"0,710";"0,000";"0,556";"0,000";"0,830";"0,000";"2,096";"0,000";"0,004";"0,000";"0,000";"0,187";"0,710";"0,556";"0,830";"2,096";"0,000";"0,000";"0,000";
"08/12/2023 18:50";"0,677";"0,000";"0,573";"0,000";"0,770";"0,000";"2,019";"0,000";"0,006";"0,000";"0,000";"0,103";"0,677";"0,573";"0,770";"2,019";"0,000";"0,000";"0,000";
"08/12/2023 19:00";"0,543";"0,000";"0,526";"0,000";"0,793";"0,000";"1,862";"0,000";"0,015";"0,000";"0,000";"0,090";"0,543";"0,526";"0,793";"1,862";"0,000";"0,000";"0,000";
"08/12/2023 19:10";"0,592";"0,000";"0,524";"0,000";"0,825";"0,000";"1,941";"0,000";"0,000";"0,000";"0,000";"0,209";"0,592";"0,524";"0,825";"1,941";"0,000";"0,000";"0,000";
"08/12/2023 19:20";"0,624";"0,000";"0,507";"0,000";"0,782";"0,000";"1,913";"0,000";"0,000";"0,000";"0,000";"0,194";"0,624";"0,507";"0,782";"1,913";"0,000";"0,000";"0,000";
"08/12/2023 19:30";"0,508";"0,000";"0,503";"0,000";"0,783";"0,000";"1,794";"0,000";"0,019";"0,000";"0,000";"0,035";"0,508";"0,503";"0,783";"1,794";"0,000";"0,000";"0,000";
"08/12/2023 19:40";"0,628";"0,000";"0,500";"0,000";"0,734";"0,000";"1,862";"0,000";"0,010";"0,000";"0,000";"0,062";"0,628";"0,500";"0,734";"1,862";"0,000";"0,000";"0,000";
"08/12/2023 19:50";"0,692";"0,000";"0,538";"0,000";"0,782";"0,000";"2,012";"0,000";"0,000";"0,000";"0,000";"0,236";"0,692";"0,538";"0,782";"2,012";"0,000";"0,000";"0,000";
"08/12/2023 20:00";"0,632";"0,000";"0,509";"0,000";"0,715";"0,000";"1,856";"0,000";"0,004";"0,000";"0,000";"0,057";"0,632";"0,509";"0,715";"1,856";"0,000";"0,000";"0,000";
"08/12/2023 20:10";"0,598";"0,000";"0,506";"0,000";"0,744";"0,000";"1,847";"0,000";"0,024";"0,000";"0,000";"0,002";"0,598";"0,506";"0,744";"1,847";"0,000";"0,000";"0,000";
"08/12/2023 20:20";"0,712";"0,000";"0,505";"0,000";"0,777";"0,000";"1,994";"0,000";"0,004";"0,000";"0,000";"0,166";"0,712";"0,505";"0,777";"1,994";"0,000";"0,000";"0,000";
"08/12/2023 20:30";"1,034";"0,000";"0,575";"0,000";"0,732";"0,000";"2,341";"0,000";"0,001";"0,000";"0,000";"0,175";"1,034";"0,575";"0,732";"2,341";"0,000";"0,000";"0,000";
"08/12/2023 20:40";"1,037";"0,000";"0,991";"0,000";"0,740";"0,000";"2,769";"0,000";"0,004";"0,000";"0,000";"0,050";"1,037";"0,991";"0,740";"2,769";"0,000";"0,000";"0,000";
"08/12/2023 20:50";"0,642";"0,000";"0,533";"0,000";"0,693";"0,000";"1,868";"0,000";"0,009";"0,000";"0,000";"0,086";"0,642";"0,533";"0,693";"1,868";"0,000";"0,000";"0,000";
"08/12/2023 21:00";"0,555";"0,000";"0,510";"0,000";"0,770";"0,000";"1,835";"0,000";"0,002";"0,000";"0,000";"0,192";"0,555";"0,510";"0,770";"1,835";"0,000";"0,000";"0,000";
"08/12/2023 21:10";"0,585";"0,000";"0,562";"0,000";"0,785";"0,000";"1,933";"0,000";"0,000";"0,000";"0,000";"0,228";"0,585";"0,562";"0,785";"1,933";"0,000";"0,000";"0,000";
"08/12/2023 21:20";"0,847";"0,000";"0,560";"0,000";"0,718";"0,000";"2,126";"0,000";"0,000";"0,000";"0,000";"0,167";"0,847";"0,560";"0,718";"2,126";"0,000";"0,000";"0,000";
"08/12/2023 21:30";"0,519";"0,000";"0,509";"0,000";"0,743";"0,000";"1,771";"0,000";"0,009";"0,000";"0,000";"0,021";"0,519";"0,509";"0,743";"1,771";"0,000";"0,000";"0,000";
"08/12/2023 21:40";"0,538";"0,000";"0,486";"0,000";"0,755";"0,000";"1,780";"0,000";"0,002";"0,000";"0,000";"0,114";"0,538";"0,486";"0,755";"1,780";"0,000";"0,000";"0,000";
"08/12/2023 21:50";"1,070";"0,000";"0,652";"0,000";"0,771";"0,000";"2,493";"0,000";"0,000";"0,000";"0,000";"0,228";"1,070";"0,652";"0,771";"2,493";"0,000";"0,000";"0,000";
"08/12/2023 22:00";"0,825";"0,000";"0,505";"0,000";"0,589";"0,000";"1,918";"0,000";"0,008";"0,000";"0,000";"0,062";"0,825";"0,505";"0,589";"1,918";"0,000";"0,000";"0,000";
"08/12/2023 22:10";"0,529";"0,000";"0,523";"0,000";"0,632";"0,000";"1,684";"0,000";"0,016";"0,000";"0,000";"0,011";"0,529";"0,523";"0,632";"1,684";"0,000";"0,000";"0,000";
"08/12/2023 22:20";"0,599";"0,000";"0,541";"0,000";"0,686";"0,000";"1,827";"0,000";"0,000";"0,000";"0,000";"0,203";"0,599";"0,541";"0,686";"1,827";"0,000";"0,000";"0,000";
"08/12/2023 22:30";"0,813";"0,000";"0,608";"0,000";"0,626";"0,000";"2,047";"0,000";"0,003";"0,000";"0,000";"0,132";"0,813";"0,608";"0,626";"2,047";"0,000";"0,000";"0,000";
"08/12/2023 22:40";"0,566";"0,000";"0,511";"0,000";"0,663";"0,000";"1,740";"0,000";"0,003";"0,000";"0,000";"0,137";"0,566";"0,511";"0,663";"1,740";"0,000";"0,000";"0,000";
"08/12/2023 22:50";"0,556";"0,000";"0,526";"0,000";"0,662";"0,000";"1,743";"0,000";"0,016";"0,000";"0,000";"0,083";"0,556";"0,526";"0,662";"1,743";"0,000";"0,000";"0,000";
"08/12/2023 23:00";"0,530";"0,000";"0,537";"0,000";"0,660";"0,000";"1,727";"0,000";"0,000";"0,000";"0,000";"0,190";"0,530";"0,537";"0,660";"1,727";"0,000";"0,000";"0,000";
"08/12/2023 23:10";"0,466";"0,000";"0,478";"0,000";"0,587";"0,000";"1,531";"0,000";"0,001";"0,000";"0,000";"0,065";"0,466";"0,478";"0,587";"1,531";"0,000";"0,000";"0,000";
"08/12/2023 23:20";"0,522";"0,000";"0,449";"0,000";"0,641";"0,000";"1,612";"0,000";"0,000";"0,000";"0,000";"0,122";"0,522";"0,449";"0,641";"1,612";"0,000";"0,000";"0,000";
"08/12/2023 23:30";"0,806";"0,000";"0,589";"0,000";"0,708";"0,000";"2,103";"0,000";"0,000";"0,000";"0,000";"0,233";"0,806";"0,589";"0,708";"2,103";"0,000";"0,000";"0,000";
"08/12/2023 23:40";"1,025";"0,000";"0,690";"0,000";"0,626";"0,000";"2,341";"0,000";"0,002";"0,000";"0,000";"0,108";"1,025";"0,690";"0,626";"2,341";"0,000";"0,000";"0,000";
"08/12/2023 23:50";"1,037";"0,000";"1,001";"0,000";"0,686";"0,000";"2,724";"0,000";"0,000";"0,000";"0,000";"0,153";"1,037";"1,001";"0,686";"2,724";"0,000";"0,000";"0,000";
"09/12/2023 00:00";"0,578";"0,000";"0,477";"0,000";"0,722";"0,000";"1,777";"0,000";"0,008";"0,000";"0,000";"0,062";"0,578";"0,477";"0,722";"1,777";"0,000";"0,000";"0,000";
"09/12/2023 00:10";"0,536";"0,000";"0,487";"0,000";"0,781";"0,000";"1,803";"0,000";"0,010";"0,000";"0,000";"0,063";"0,536";"0,487";"0,781";"1,803";"0,000";"0,000";"0,000";
"09/12/2023 00:20";"0,649";"0,000";"0,549";"0,000";"0,836";"0,000";"2,034";"0,000";"0,000";"0,000";"0,000";"0,184";"0,649";"0,549";"0,836";"2,034";"0,000";"0,000";"0,000";
"09/12/2023 00:30";"1,033";"0,000";"0,634";"0,000";"0,793";"0,000";"2,460";"0,000";"0,000";"0,000";"0,000";"0,142";"1,033";"0,634";"0,793";"2,460";"0,000";"0,000";"0,000";
"09/12/2023 00:40";"1,043";"0,000";"1,010";"0,000";"0,657";"0,000";"2,710";"0,000";"0,007";"0,000";"0,000";"0,047";"1,043";"1,010";"0,657";"2,710";"0,000";"0,000";"0,000";
"09/12/2023 00:50";"0,640";"0,000";"0,476";"0,000";"0,547";"0,000";"1,663";"0,000";"0,011";"0,000";"0,000";"0,068";"0,640";"0,476";"0,547";"1,663";"0,000";"0,000";"0,000";
"09/12/2023 01:00";"0,542";"0,000";"0,529";"0,000";"0,679";"0,000";"1,749";"0,000";"0,013";"0,000";"0,000";"0,114";"0,542";"0,529";"0,679";"1,749";"0,000";"0,000";"0,000";
"09/12/2023 01:10";"0,617";"0,000";"0,572";"0,000";"0,697";"0,000";"1,886";"0,000";"0,000";"0,000";"0,000";"0,298";"0,617";"0,572";"0,697";"1,886";"0,000";"0,000";"0,000";
"09/12/2023 01:20";"0,825";"0,000";"0,581";"0,000";"0,579";"0,000";"1,985";"0,000";"0,000";"0,000";"0,000";"0,129";"0,825";"0,581";"0,579";"1,985";"0,000";"0,000";"0,000";
"09/12/2023 01:30";"0,611";"0,000";"0,522";"0,000";"0,776";"0,000";"1,909";"0,000";"0,004";"0,000";"0,000";"0,052";"0,611";"0,522";"0,776";"1,909";"0,000";"0,000";"0,000";
"09/12/2023 01:40";"0,861";"0,000";"0,610";"0,000";"0,891";"0,000";"2,362";"0,000";"0,000";"0,000";"0,000";"0,222";"0,861";"0,610";"0,891";"2,362";"0,000";"0,000";"0,000";
"09/12/2023 01:50";"0,967";"0,000";"0,654";"0,000";"0,784";"0,000";"2,405";"0,000";"0,000";"0,000";"0,000";"0,244";"0,967";"0,654";"0,784";"2,405";"0,000";"0,000";"0,000";
"09/12/2023 02:00";"0,565";"0,000";"0,509";"0,000";"0,771";"0,000";"1,845";"0,000";"0,014";"0,000";"0,000";"0,055";"0,565";"0,509";"0,771";"1,845";"0,000";"0,000";"0,000";
"09/12/2023 02:10";"0,510";"0,000";"0,500";"0,000";"0,660";"0,000";"1,671";"0,000";"0,019";"0,000";"0,000";"0,028";"0,510";"0,500";"0,660";"1,671";"0,000";"0,000";"0,000";
"09/12/2023 02:20";"0,650";"0,000";"0,561";"0,000";"0,641";"0,000";"1,852";"0,000";"0,000";"0,000";"0,000";"0,254";"0,650";"0,561";"0,641";"1,852";"0,000";"0,000";"0,000";
"09/12/2023 02:30";"0,740";"0,000";"0,538";"0,000";"0,582";"0,000";"1,860";"0,000";"0,000";"0,000";"0,000";"0,132";"0,740";"0,538";"0,582";"1,860";"0,000";"0,000";"0,000";
"09/12/2023 02:40";"0,528";"0,000";"0,500";"0,000";"0,634";"0,000";"1,661";"0,000";"0,013";"0,000";"0,000";"0,022";"0,528";"0,500";"0,634";"1,661";"0,000";"0,000";"0,000";
"09/12/2023 02:50";"0,572";"0,000";"0,560";"0,000";"0,691";"0,000";"1,824";"0,000";"0,000";"0,000";"0,000";"0,184";"0,572";"0,560";"0,691";"1,824";"0,000";"0,000";"0,000";
"09/12/2023 03:00";"0,819";"0,000";"0,590";"0,000";"0,599";"0,000";"2,008";"0,000";"0,000";"0,000";"0,000";"0,210";"0,819";"0,590";"0,599";"2,008";"0,000";"0,000";"0,000";
"09/12/2023 03:10";"0,525";"0,000";"0,535";"0,000";"0,637";"0,000";"1,696";"0,000";"0,018";"0,000";"0,000";"0,030";"0,525";"0,535";"0,637";"1,696";"0,000";"0,000";"0,000";
"09/12/2023 03:20";"0,536";"0,000";"0,509";"0,000";"0,692";"0,000";"1,738";"0,000";"0,009";"0,000";"0,000";"0,028";"0,536";"0,509";"0,692";"1,738";"0,000";"0,000";"0,000";
"09/12/2023 03:30";"0,694";"0,000";"0,584";"0,000";"0,818";"0,000";"2,097";"0,000";"0,000";"0,000";"0,000";"0,253";"0,694";"0,584";"0,818";"2,097";"0,000";"0,000";"0,000";
"09/12/2023 03:40";"0,629";"0,000";"0,551";"0,000";"0,743";"0,000";"1,922";"0,000";"0,006";"0,000";"0,000";"0,093";"0,629";"0,551";"0,743";"1,922";"0,000";"0,000";"0,000";
"09/12/2023 03:50";"0,534";"0,000";"0,523";"0,000";"0,796";"0,000";"1,852";"0,000";"0,008";"0,000";"0,000";"0,030";"0,534";"0,523";"0,796";"1,852";"0,000";"0,000";"0,000";
"09/12/2023 04:00";"0,572";"0,000";"0,547";"0,000";"0,689";"0,000";"1,808";"0,000";"0,004";"0,000";"0,000";"0,174";"0,572";"0,547";"0,689";"1,808";"0,000";"0,000";"0,000";
"09/12/2023 04:10";"0,772";"0,000";"0,545";"0,000";"0,693";"0,000";"2,010";"0,000";"0,000";"0,000";"0,000";"0,199";"0,772";"0,545";"0,693";"2,010";"0,000";"0,000";"0,000";
"09/12/2023 04:20";"0,516";"0,000";"0,510";"0,000";"0,755";"0,000";"1,781";"0,000";"0,005";"0,000";"0,000";"0,034";"0,516";"0,510";"0,755";"1,781";"0,000";"0,000";"0,000";
"09/12/2023 04:30";"0,549";"0,000";"0,553";"0,000";"0,598";"0,000";"1,700";"0,000";"0,014";"0,000";"0,000";"0,045";"0,549";"0,553";"0,598";"1,700";"0,000";"0,000";"0,000";
"09/12/2023 04:40";"0,672";"0,000";"0,521";"0,000";"0,639";"0,000";"1,832";"0,000";"0,000";"0,000";"0,000";"0,266";"0,672";"0,521";"0,639";"1,832";"0,000";"0,000";"0,000";
"09/12/2023 04:50";"0,563";"0,000";"0,465";"0,000";"0,580";"0,000";"1,608";"0,000";"0,010";"0,000";"0,000";"0,067";"0,563";"0,465";"0,580";"1,608";"0,000";"0,000";"0,000";
"09/12/2023 05:00";"0,516";"0,000";"0,518";"0,000";"0,616";"0,000";"1,650";"0,000";"0,018";"0,000";"0,000";"0,020";"0,516";"0,518";"0,616";"1,650";"0,000";"0,000";"0,000";
"09/12/2023 05:10";"0,569";"0,000";"0,555";"0,000";"0,649";"0,000";"1,773";"0,000";"0,000";"0,000";"0,000";"0,183";"0,569";"0,555";"0,649";"1,773";"0,000";"0,000";"0,000";
"09/12/2023 05:20";"0,471";"0,000";"0,451";"0,000";"0,550";"0,000";"1,472";"0,000";"0,001";"0,000";"0,000";"0,176";"0,471";"0,451";"0,550";"1,472";"0,000";"0,000";"0,000";
"09/12/2023 05:30";"0,662";"0,000";"0,483";"0,000";"0,597";"0,000";"1,741";"0,000";"0,011";"0,000";"0,000";"0,041";"0,662";"0,483";"0,597";"1,741";"0,000";"0,000";"0,000";
"09/12/2023 05:40";"0,790";"0,000";"0,527";"0,000";"0,741";"0,000";"2,058";"0,000";"0,005";"0,000";"0,000";"0,096";"0,790";"0,527";"0,741";"2,058";"0,000";"0,000";"0,000";
"09/12/2023 05:50";"1,000";"0,000";"0,597";"0,000";"0,778";"0,000";"2,375";"0,000";"0,000";"0,000";"0,000";"0,266";"1,000";"0,597";"0,778";"2,375";"0,000";"0,000";"0,000";
"09/12/2023 06:00";"0,527";"0,000";"0,495";"0,000";"0,618";"0,000";"1,641";"0,000";"0,010";"0,000";"0,000";"0,038";"0,527";"0,495";"0,618";"1,641";"0,000";"0,000";"0,000";
"09/12/2023 06:10";"0,504";"0,000";"0,495";"0,000";"0,631";"0,000";"1,630";"0,000";"0,009";"0,000";"0,000";"0,029";"0,504";"0,495";"0,631";"1,630";"0,000";"0,000";"0,000";
"09/12/2023 06:20";"0,559";"0,000";"0,574";"0,000";"0,680";"0,000";"1,813";"0,000";"0,000";"0,000";"0,000";"0,199";"0,559";"0,574";"0,680";"1,813";"0,000";"0,000";"0,000";
"09/12/2023 06:30";"0,464";"0,000";"0,461";"0,000";"0,572";"0,000";"1,497";"0,000";"0,000";"0,000";"0,000";"0,109";"0,464";"0,461";"0,572";"1,497";"0,000";"0,000";"0,000";
"09/12/2023 06:40";"0,507";"0,000";"0,449";"0,000";"0,627";"0,000";"1,583";"0,000";"0,001";"0,000";"0,000";"0,078";"0,507";"0,449";"0,627";"1,583";"0,000";"0,000";"0,000";
"09/12/2023 06:50";"0,546";"0,000";"0,549";"0,000";"0,656";"0,000";"1,751";"0,000";"0,006";"0,000";"0,000";"0,089";"0,546";"0,549";"0,656";"1,751";"0,000";"0,000";"0,000";
"09/12/2023 07:00";"0,900";"0,000";"0,618";"0,000";"0,336";"0,000";"1,854";"0,000";"0,002";"0,000";"0,000";"0,157";"0,900";"0,618";"0,336";"1,854";"0,000";"0,000";"0,000";
"09/12/2023 07:10";"0,538";"0,000";"0,496";"0,000";"0,329";"0,000";"1,363";"0,000";"0,020";"0,000";"0,000";"0,038";"0,538";"0,496";"0,329";"1,363";"0,000";"0,000";"0,000";
"09/12/2023 07:20";"0,541";"0,000";"0,507";"0,000";"0,335";"0,000";"1,383";"0,000";"0,018";"0,000";"0,000";"0,028";"0,541";"0,507";"0,335";"1,383";"0,000";"0,000";"0,000";
"09/12/2023 07:30";"0,668";"0,000";"0,579";"0,000";"0,373";"0,000";"1,620";"0,000";"0,000";"0,000";"0,000";"0,186";"0,668";"0,579";"0,373";"1,620";"0,000";"0,000";"0,000";
"09/12/2023 07:40";"0,580";"0,000";"0,475";"0,000";"0,288";"0,000";"1,343";"0,000";"0,007";"0,000";"0,000";"0,069";"0,580";"0,475";"0,288";"1,343";"0,000";"0,000";"0,000";
"09/12/2023 07:50";"0,534";"0,000";"0,494";"0,000";"0,338";"0,000";"1,365";"0,000";"0,021";"0,000";"0,000";"0,006";"0,534";"0,494";"0,338";"1,365";"0,000";"0,000";"0,000";
"09/12/2023 08:00";"0,642";"0,000";"0,589";"0,000";"0,385";"0,000";"1,616";"0,000";"0,010";"0,000";"0,000";"0,110";"0,642";"0,589";"0,385";"1,616";"0,000";"0,000";"0,000";
"09/12/2023 08:10";"0,799";"0,000";"0,492";"0,000";"0,294";"0,000";"1,585";"0,000";"0,015";"0,000";"0,000";"0,065";"0,799";"0,492";"0,294";"1,585";"0,000";"0,000";"0,000";
"09/12/2023 08:20";"0,611";"0,000";"0,484";"0,000";"0,333";"0,000";"1,428";"0,000";"0,022";"0,000";"0,000";"0,032";"0,611";"0,484";"0,333";"1,428";"0,000";"0,000";"0,000";
"09/12/2023 08:30";"0,652";"0,000";"0,518";"0,000";"0,345";"0,000";"1,516";"0,000";"0,037";"0,000";"0,000";"0,035";"0,652";"0,518";"0,345";"1,516";"0,000";"0,000";"0,000";
"09/12/2023 08:40";"0,784";"0,000";"0,574";"0,000";"0,361";"0,000";"1,719";"0,000";"0,000";"0,000";"0,000";"0,145";"0,784";"0,574";"0,361";"1,719";"0,000";"0,000";"0,000";
"09/12/2023 08:50";"0,605";"0,000";"0,476";"0,000";"0,293";"0,000";"1,373";"0,000";"0,036";"0,000";"0,000";"0,011";"0,605";"0,476";"0,293";"1,373";"0,000";"0,000";"0,000";
"09/12/2023 09:00";"0,445";"0,000";"0,408";"0,000";"0,264";"0,000";"1,117";"0,000";"0,009";"0,000";"0,000";"0,161";"0,445";"0,408";"0,264";"1,117";"0,000";"0,000";"0,000";
"09/12/2023 09:10";"0,670";"0,000";"0,431";"0,000";"0,247";"0,000";"1,348";"0,000";"0,000";"0,000";"0,000";"0,147";"0,670";"0,431";"0,247";"1,348";"0,000";"0,000";"0,000";
"09/12/2023 09:20";"0,761";"0,000";"0,334";"0,000";"0,141";"0,000";"1,235";"0,000";"0,036";"0,000";"0,000";"0,023";"0,761";"0,334";"0,141";"1,235";"0,000";"0,000";"0,000";
"09/12/2023 09:30";"0,459";"0,000";"0,361";"0,000";"0,221";"0,000";"1,041";"0,000";"0,056";"0,000";"0,000";"0,039";"0,475";"0,378";"0,237";"1,091";"0,050";"0,026";"0,024";
"09/12/2023 09:40";"0,428";"0,000";"0,386";"0,000";"0,489";"0,000";"1,303";"0,000";"0,000";"0,000";"0,000";"0,180";"0,486";"0,443";"0,547";"1,475";"0,172";"0,089";"0,083";
"09/12/2023 09:50";"0,498";"0,000";"0,260";"0,000";"0,484";"0,000";"1,242";"0,000";"0,005";"0,000";"0,000";"0,063";"0,581";"0,343";"0,567";"1,491";"0,249";"0,128";"0,121";
"09/12/2023 10:00";"0,389";"0,000";"0,331";"0,000";"0,630";"0,000";"1,350";"0,000";"0,056";"0,000";"0,000";"0,009";"0,477";"0,419";"0,717";"1,613";"0,263";"0,135";"0,128";
"09/12/2023 10:10";"0,475";"0,000";"0,455";"0,000";"0,708";"0,000";"1,637";"0,000";"0,000";"0,000";"0,000";"0,119";"0,590";"0,570";"0,823";"1,982";"0,345";"0,177";"0,168";
"09/12/2023 10:20";"0,651";"0,000";"0,317";"0,000";"0,567";"0,000";"1,536";"0,000";"0,001";"0,000";"0,000";"0,105";"0,795";"0,461";"0,711";"1,968";"0,432";"0,221";"0,211";
"09/12/2023 10:30";"0,358";"0,000";"0,274";"0,000";"0,537";"0,000";"1,169";"0,000";"0,042";"0,000";"0,000";"0,028";"0,572";"0,489";"0,752";"1,812";"0,643";"0,328";"0,315";
"09/12/2023 10:40";"0,407";"0,000";"0,345";"0,000";"0,609";"0,000";"1,360";"0,000";"0,054";"0,000";"0,000";"0,038";"0,529";"0,467";"0,731";"1,726";"0,366";"0,188";"0,178";
"09/12/2023 10:50";"0,529";"0,000";"0,402";"0,000";"0,549";"0,000";"1,480";"0,000";"0,000";"0,000";"0,000";"0,151";"0,624";"0,498";"0,645";"1,767";"0,287";"0,147";"0,140";
"09/12/2023 11:00";"0,541";"0,000";"0,258";"0,000";"0,400";"0,000";"1,199";"0,000";"0,015";"0,000";"0,000";"0,031";"0,621";"0,338";"0,480";"1,438";"0,239";"0,123";"0,116";
"09/12/2023 11:10";"0,365";"0,000";"0,306";"0,000";"0,483";"0,000";"1,154";"0,000";"0,054";"0,000";"0,000";"0,000";"0,499";"0,440";"0,617";"1,556";"0,402";"0,205";"0,197";
"09/12/2023 11:20";"0,417";"0,000";"0,400";"0,000";"0,529";"0,000";"1,346";"0,000";"0,051";"0,000";"0,000";"0,051";"0,562";"0,544";"0,673";"1,779";"0,433";"0,221";"0,212";
"09/12/2023 11:30";"0,598";"0,000";"0,245";"0,000";"0,459";"0,000";"1,302";"0,000";"0,000";"0,000";"0,000";"0,129";"0,791";"0,438";"0,652";"1,881";"0,579";"0,295";"0,284";
"09/12/2023 11:40";"0,316";"0,000";"0,310";"0,000";"0,479";"0,000";"1,105";"0,000";"0,051";"0,000";"0,000";"0,008";"0,574";"0,567";"0,737";"1,877";"0,772";"0,393";"0,379";
"09/12/2023 11:50";"0,400";"0,000";"0,384";"0,000";"0,530";"0,000";"1,314";"0,000";"0,058";"0,000";"0,000";"0,039";"0,561";"0,546";"0,692";"1,799";"0,485";"0,247";"0,238";
"09/12/2023 12:00";"0,534";"0,000";"0,340";"0,000";"0,539";"0,000";"1,414";"0,000";"0,001";"0,000";"0,000";"0,121";"0,757";"0,564";"0,763";"2,084";"0,670";"0,341";"0,329";
"09/12/2023 12:10";"0,499";"0,000";"0,273";"0,000";"0,440";"0,000";"1,212";"0,000";"0,027";"0,000";"0,000";"0,073";"0,718";"0,493";"0,660";"1,871";"0,659";"0,336";"0,323";
"09/12/2023 12:20";"0,345";"0,000";"0,309";"0,000";"0,507";"0,000";"1,161";"0,000";"0,053";"0,000";"0,000";"0,000";"0,442";"0,407";"0,605";"1,454";"0,293";"0,150";"0,143";
"09/12/2023 12:30";"0,410";"0,000";"0,369";"0,000";"0,544";"0,000";"1,323";"0,000";"0,073";"0,000";"0,000";"0,022";"0,491";"0,450";"0,625";"1,566";"0,243";"0,125";"0,118";
"09/12/2023 12:40";"0,306";"0,000";"0,273";"0,000";"0,440";"0,000";"1,019";"0,000";"0,006";"0,000";"0,000";"0,068";"0,365";"0,332";"0,499";"1,196";"0,177";"0,092";"0,085";
"09/12/2023 12:50";"0,358";"0,000";"0,294";"0,000";"0,499";"0,000";"1,152";"0,000";"0,037";"0,000";"0,000";"0,019";"0,424";"0,360";"0,565";"1,349";"0,197";"0,102";"0,095";
"09/12/2023 13:00";"0,358";"0,000";"0,344";"0,000";"0,516";"0,000";"1,218";"0,000";"0,059";"0,000";"0,000";"0,003";"0,603";"0,588";"0,760";"1,951";"0,733";"0,373";"0,360";
"09/12/2023 13:10";"0,766";"0,000";"0,460";"0,000";"0,514";"0,000";"1,741";"0,000";"0,001";"0,000";"0,000";"0,108";"0,949";"0,643";"0,697";"2,290";"0,549";"0,280";"0,269";
"09/12/2023 13:20";"0,714";"0,000";"0,250";"0,000";"0,461";"0,000";"1,425";"0,000";"0,027";"0,000";"0,000";"0,032";"0,936";"0,472";"0,683";"2,090";"0,665";"0,340";"0,325";
"09/12/2023 13:30";"0,665";"0,000";"0,348";"0,000";"0,505";"0,000";"1,519";"0,000";"0,047";"0,000";"0,000";"0,006";"0,873";"0,556";"0,713";"2,143";"0,624";"0,319";"0,305";
"09/12/2023 13:40";"0,340";"0,000";"0,302";"0,000";"0,476";"0,000";"1,118";"0,000";"0,036";"0,000";"0,000";"0,009";"0,524";"0,485";"0,659";"1,668";"0,550";"0,281";"0,269";
"09/12/2023 13:50";"0,363";"0,000";"0,332";"0,000";"0,426";"0,000";"1,121";"0,000";"0,074";"0,000";"0,000";"0,000";"0,582";"0,550";"0,644";"1,776";"0,655";"0,334";"0,321";
"09/12/2023 14:00";"0,429";"0,000";"0,350";"0,000";"0,463";"0,000";"1,242";"0,000";"0,024";"0,000";"0,000";"0,099";"0,655";"0,577";"0,689";"1,921";"0,679";"0,347";"0,332";
"09/12/2023 14:10";"0,563";"0,000";"0,366";"0,000";"0,383";"0,000";"1,311";"0,000";"0,031";"0,000";"0,000";"0,027";"0,766";"0,569";"0,586";"1,920";"0,609";"0,310";"0,299";
"09/12/2023 14:20";"0,362";"0,000";"0,327";"0,000";"0,443";"0,000";"1,132";"0,000";"0,073";"0,000";"0,000";"0,000";"0,956";"0,921";"1,036";"2,913";"1,781";"0,903";"0,878";
"09/12/2023 14:30";"0,305";"0,000";"0,305";"0,000";"0,394";"0,000";"1,003";"0,000";"0,043";"0,000";"0,000";"0,020";"0,783";"0,783";"0,872";"2,438";"1,435";"0,731";"0,704";
"09/12/2023 14:40";"0,376";"0,000";"0,306";"0,000";"0,410";"0,000";"1,091";"0,000";"0,073";"0,000";"0,000";"0,000";"1,109";"1,039";"1,143";"3,290";"2,199";"1,116";"1,083";
"09/12/2023 14:50";"0,383";"0,000";"0,331";"0,000";"0,184";"0,000";"0,899";"0,000";"0,074";"0,000";"0,000";"0,004";"1,682";"1,630";"1,483";"4,796";"3,897";"1,986";"1,911";
"09/12/2023 15:00";"0,689";"0,000";"0,276";"0,000";"0,121";"0,000";"1,085";"0,000";"0,040";"0,000";"0,000";"0,017";"1,932";"1,519";"1,364";"4,814";"3,729";"1,898";"1,831";
"09/12/2023 15:10";"0,842";"0,000";"0,733";"0,000";"0,156";"0,000";"1,732";"0,000";"0,057";"0,000";"0,000";"0,004";"2,032";"1,923";"1,346";"5,302";"3,570";"1,826";"1,744";
"09/12/2023 15:20";"0,499";"0,000";"0,259";"0,000";"0,134";"0,000";"0,892";"0,000";"0,017";"0,000";"0,000";"0,030";"1,606";"1,367";"1,242";"4,214";"3,322";"1,697";"1,625";
"09/12/2023 15:30";"0,458";"0,000";"0,350";"0,000";"0,172";"0,000";"0,980";"0,000";"0,097";"0,000";"0,000";"0,000";"1,613";"1,505";"1,327";"4,445";"3,465";"1,760";"1,705";
"09/12/2023 15:40";"0,372";"0,000";"0,295";"0,000";"0,160";"0,000";"0,827";"0,000";"0,070";"0,000";"0,000";"0,002";"1,488";"1,412";"1,276";"4,176";"3,349";"1,699";"1,650";
"09/12/2023 15:50";"0,370";"0,000";"0,359";"0,000";"0,198";"0,000";"0,927";"0,000";"0,086";"0,000";"0,000";"0,022";"1,171";"1,160";"0,999";"3,330";"2,403";"1,220";"1,183";
"09/12/2023 16:00";"0,519";"0,000";"0,320";"0,000";"0,178";"0,000";"1,016";"0,000";"0,031";"0,000";"0,000";"0,064";"1,184";"0,985";"0,843";"3,012";"1,996";"1,014";"0,982";
"09/12/2023 16:10";"0,423";"0,000";"0,277";"0,000";"0,116";"0,000";"0,817";"0,000";"0,045";"0,000";"0,000";"0,013";"0,805";"0,659";"0,498";"1,963";"1,146";"0,589";"0,557";
"09/12/2023 16:20";"0,389";"0,000";"0,326";"0,000";"0,196";"0,000";"0,911";"0,000";"0,083";"0,000";"0,000";"0,022";"0,766";"0,704";"0,573";"2,043";"1,132";"0,587";"0,545";
"09/12/2023 16:30";"0,381";"0,000";"0,384";"0,000";"0,202";"0,000";"0,967";"0,000";"0,067";"0,000";"0,000";"0,029";"0,666";"0,670";"0,488";"1,824";"0,857";"0,438";"0,419";
"09/12/2023 16:40";"0,278";"0,000";"0,218";"0,000";"0,095";"0,000";"0,591";"0,000";"0,013";"0,000";"0,000";"0,032";"0,584";"0,524";"0,401";"1,509";"0,918";"0,467";"0,451";
"09/12/2023 16:50";"0,369";"0,000";"0,324";"0,000";"0,172";"0,000";"0,865";"0,000";"0,082";"0,000";"0,000";"0,000";"0,598";"0,553";"0,401";"1,553";"0,688";"0,351";"0,337";
"09/12/2023 17:00";"0,382";"0,000";"0,336";"0,000";"0,190";"0,000";"0,908";"0,000";"0,064";"0,000";"0,000";"0,003";"0,567";"0,520";"0,374";"1,462";"0,554";"0,283";"0,271";
"09/12/2023 17:10";"0,711";"0,000";"0,390";"0,000";"0,140";"0,000";"1,241";"0,000";"0,034";"0,000";"0,000";"0,037";"0,835";"0,515";"0,265";"1,615";"0,374";"0,192";"0,182";
"09/12/2023 17:20";"0,361";"0,000";"0,270";"0,000";"0,140";"0,000";"0,771";"0,000";"0,059";"0,000";"0,000";"0,009";"0,453";"0,363";"0,232";"1,048";"0,277";"0,143";"0,134";
"09/12/2023 17:30";"0,415";"0,000";"0,384";"0,000";"0,221";"0,000";"1,020";"0,000";"0,033";"0,000";"0,000";"0,074";"0,472";"0,441";"0,278";"1,190";"0,170";"0,088";"0,082";
"09/12/2023 17:40";"0,621";"0,000";"0,345";"0,000";"0,195";"0,000";"1,161";"0,000";"0,000";"0,000";"0,000";"0,125";"0,641";"0,365";"0,214";"1,220";"0,059";"0,031";"0,028";
"09/12/2023 17:50";"0,741";"0,000";"0,287";"0,000";"0,132";"0,000";"1,159";"0,000";"0,021";"0,000";"0,000";"0,035";"0,742";"0,288";"0,133";"1,162";"0,003";"0,002";"0,001";
"09/12/2023 18:00";"0,535";"0,000";"0,348";"0,000";"0,517";"0,000";"1,400";"0,000";"0,021";"0,000";"0,000";"0,054";"0,535";"0,348";"0,517";"1,400";"0,000";"0,000";"0,000";
"09/12/2023 18:10";"0,479";"0,000";"0,461";"0,000";"0,722";"0,000";"1,662";"0,000";"0,021";"0,000";"0,000";"0,087";"0,479";"0,461";"0,722";"1,662";"0,000";"0,000";"0,000";
"09/12/2023 18:20";"0,694";"0,000";"0,432";"0,000";"0,730";"0,000";"1,856";"0,000";"0,002";"0,000";"0,000";"0,136";"0,694";"0,432";"0,730";"1,856";"0,000";"0,000";"0,000";
"09/12/2023 18:30";"0,473";"0,000";"0,473";"0,000";"0,737";"0,000";"1,683";"0,000";"0,006";"0,000";"0,000";"0,052";"0,473";"0,473";"0,737";"1,683";"0,000";"0,000";"0,000";
"09/12/2023 18:40";"0,520";"0,000";"0,494";"0,000";"0,784";"0,000";"1,798";"0,000";"0,015";"0,000";"0,000";"0,136";"0,520";"0,494";"0,784";"1,798";"0,000";"0,000";"0,000";
"09/12/2023 18:50";"0,719";"0,000";"0,508";"0,000";"0,741";"0,000";"1,968";"0,000";"0,000";"0,000";"0,000";"0,177";"0,719";"0,508";"0,741";"1,968";"0,000";"0,000";"0,000";
"09/12/2023 19:00";"0,534";"0,000";"0,448";"0,000";"0,503";"0,000";"1,485";"0,000";"0,003";"0,000";"0,000";"0,087";"0,534";"0,448";"0,503";"1,485";"0,000";"0,000";"0,000";
"09/12/2023 19:10";"0,504";"0,000";"0,482";"0,000";"0,602";"0,000";"1,588";"0,000";"0,009";"0,000";"0,000";"0,107";"0,504";"0,482";"0,602";"1,588";"0,000";"0,000";"0,000";
"09/12/2023 19:20";"0,560";"0,000";"0,551";"0,000";"0,627";"0,000";"1,739";"0,000";"0,000";"0,000";"0,000";"0,207";"0,560";"0,551";"0,627";"1,739";"0,000";"0,000";"0,000";
"09/12/2023 19:30";"0,427";"0,000";"0,408";"0,000";"0,513";"0,000";"1,348";"0,000";"0,000";"0,000";"0,000";"0,127";"0,427";"0,408";"0,513";"1,348";"0,000";"0,000";"0,000";
"09/12/2023 19:40";"0,473";"0,000";"0,483";"0,000";"0,588";"0,000";"1,543";"0,000";"0,005";"0,000";"0,000";"0,044";"0,473";"0,483";"0,588";"1,543";"0,000";"0,000";"0,000";
"09/12/2023 19:50";"0,535";"0,000";"0,511";"0,000";"0,683";"0,000";"1,728";"0,000";"0,006";"0,000";"0,000";"0,112";"0,535";"0,511";"0,683";"1,728";"0,000";"0,000";"0,000";
"09/12/2023 20:00";"0,779";"0,000";"0,591";"0,000";"0,744";"0,000";"2,113";"0,000";"0,000";"0,000";"0,000";"0,170";"0,779";"0,591";"0,744";"2,113";"0,000";"0,000";"0,000";
"09/12/2023 20:10";"0,510";"0,000";"0,507";"0,000";"0,692";"0,000";"1,709";"0,000";"0,011";"0,000";"0,000";"0,020";"0,510";"0,507";"0,692";"1,709";"0,000";"0,000";"0,000";
"09/12/2023 20:20";"0,471";"0,000";"0,453";"0,000";"0,609";"0,000";"1,533";"0,000";"0,001";"0,000";"0,000";"0,188";"0,471";"0,453";"0,609";"1,533";"0,000";"0,000";"0,000";
"09/12/2023 20:30";"0,464";"0,000";"0,454";"0,000";"0,591";"0,000";"1,508";"0,000";"0,001";"0,000";"0,000";"0,086";"0,464";"0,454";"0,591";"1,508";"0,000";"0,000";"0,000";
"09/12/2023 20:40";"0,592";"0,000";"0,505";"0,000";"0,518";"0,000";"1,615";"0,000";"0,031";"0,000";"0,000";"0,012";"0,592";"0,505";"0,518";"1,615";"0,000";"0,000";"0,000";
"09/12/2023 20:50";"0,599";"0,000";"0,500";"0,000";"0,335";"0,000";"1,434";"0,000";"0,005";"0,000";"0,000";"0,159";"0,599";"0,500";"0,335";"1,434";"0,000";"0,000";"0,000";
"09/12/2023 21:00";"0,549";"0,000";"0,424";"0,000";"0,255";"0,000";"1,227";"0,000";"0,021";"0,000";"0,000";"0,038";"0,549";"0,424";"0,255";"1,227";"0,000";"0,000";"0,000";
"09/12/2023 21:10";"0,623";"0,000";"0,500";"0,000";"0,315";"0,000";"1,438";"0,000";"0,025";"0,000";"0,000";"0,002";"0,623";"0,500";"0,315";"1,438";"0,000";"0,000";"0,000";
"09/12/2023 21:20";"0,708";"0,000";"0,535";"0,000";"0,348";"0,000";"1,591";"0,000";"0,023";"0,000";"0,000";"0,114";"0,708";"0,535";"0,348";"1,591";"0,000";"0,000";"0,000";
"09/12/2023 21:30";"0,861";"0,000";"0,506";"0,000";"0,249";"0,000";"1,616";"0,000";"0,000";"0,000";"0,000";"0,138";"0,861";"0,506";"0,249";"1,616";"0,000";"0,000";"0,000";
"09/12/2023 21:40";"0,649";"0,000";"0,511";"0,000";"0,326";"0,000";"1,486";"0,000";"0,021";"0,000";"0,000";"0,012";"0,649";"0,511";"0,326";"1,486";"0,000";"0,000";"0,000";
"09/12/2023 21:50";"0,786";"0,000";"0,524";"0,000";"0,342";"0,000";"1,652";"0,000";"0,009";"0,000";"0,000";"0,072";"0,786";"0,524";"0,342";"1,652";"0,000";"0,000";"0,000";
"09/12/2023 22:00";"0,806";"0,000";"0,512";"0,000";"0,333";"0,000";"1,651";"0,000";"0,000";"0,000";"0,000";"0,210";"0,806";"0,512";"0,333";"1,651";"0,000";"0,000";"0,000";
"09/12/2023 22:10";"0,604";"0,000";"0,452";"0,000";"0,273";"0,000";"1,328";"0,000";"0,011";"0,000";"0,000";"0,074";"0,604";"0,452";"0,273";"1,328";"0,000";"0,000";"0,000";
"09/12/2023 22:20";"0,525";"0,000";"0,516";"0,000";"0,336";"0,000";"1,378";"0,000";"0,030";"0,000";"0,000";"0,005";"0,525";"0,516";"0,336";"1,378";"0,000";"0,000";"0,000";
"09/12/2023 22:30";"0,546";"0,000";"0,536";"0,000";"0,369";"0,000";"1,451";"0,000";"0,000";"0,000";"0,000";"0,170";"0,546";"0,536";"0,369";"1,451";"0,000";"0,000";"0,000";
"09/12/2023 22:40";"0,433";"0,000";"0,397";"0,000";"0,235";"0,000";"1,065";"0,000";"0,000";"0,000";"0,000";"0,117";"0,433";"0,397";"0,235";"1,065";"0,000";"0,000";"0,000";
"09/12/2023 22:50";"0,661";"0,000";"0,491";"0,000";"0,312";"0,000";"1,465";"0,000";"0,008";"0,000";"0,000";"0,048";"0,661";"0,491";"0,312";"1,465";"0,000";"0,000";"0,000";
"09/12/2023 23:00";"0,985";"0,000";"0,660";"0,000";"0,283";"0,000";"1,927";"0,000";"0,000";"0,000";"0,000";"0,059";"0,985";"0,660";"0,283";"1,927";"0,000";"0,000";"0,000";
"09/12/2023 23:10";"0,951";"0,000";"0,802";"0,000";"0,323";"0,000";"2,076";"0,000";"0,002";"0,000";"0,000";"0,081";"0,951";"0,802";"0,323";"2,075";"0,000";"0,000";"0,000";
"09/12/2023 23:20";"0,540";"0,000";"0,467";"0,000";"0,601";"0,000";"1,609";"0,000";"0,005";"0,000";"0,000";"0,079";"0,540";"0,467";"0,601";"1,609";"0,000";"0,000";"0,000";
"09/12/2023 23:30";"0,535";"0,000";"0,502";"0,000";"0,695";"0,000";"1,733";"0,000";"0,009";"0,000";"0,000";"0,025";"0,535";"0,502";"0,695";"1,733";"0,000";"0,000";"0,000";
"09/12/2023 23:40";"0,543";"0,000";"0,506";"0,000";"0,847";"0,000";"1,895";"0,000";"0,000";"0,000";"0,000";"0,242";"0,543";"0,506";"0,847";"1,895";"0,000";"0,000";"0,000";
"09/12/2023 23:50";"0,437";"0,000";"0,467";"0,000";"0,722";"0,000";"1,626";"0,000";"0,003";"0,000";"0,000";"0,093";"0,437";"0,467";"0,722";"1,626";"0,000";"0,000";"0,000";
"10/12/2023 00:00";"0,643";"0,000";"0,482";"0,000";"0,773";"0,000";"1,898";"0,000";"0,004";"0,000";"0,000";"0,053";"0,643";"0,482";"0,773";"1,898";"0,000";"0,000";"0,000";
"10/12/2023 00:10";"0,990";"0,000";"0,674";"0,000";"0,746";"0,000";"2,410";"0,000";"0,000";"0,000";"0,000";"0,125";"0,990";"0,674";"0,746";"2,410";"0,000";"0,000";"0,000";
"10/12/2023 00:20";"0,927";"0,000";"0,711";"0,000";"0,730";"0,000";"2,369";"0,000";"0,000";"0,000";"0,000";"0,101";"0,927";"0,711";"0,730";"2,369";"0,000";"0,000";"0,000";
"10/12/2023 00:30";"0,498";"0,000";"0,490";"0,000";"0,674";"0,000";"1,662";"0,000";"0,001";"0,000";"0,000";"0,041";"0,498";"0,490";"0,674";"1,662";"0,000";"0,000";"0,000";
"10/12/2023 00:40";"0,518";"0,000";"0,453";"0,000";"0,547";"0,000";"1,518";"0,000";"0,004";"0,000";"0,000";"0,079";"0,518";"0,453";"0,547";"1,518";"0,000";"0,000";"0,000";
"10/12/2023 00:50";"0,509";"0,000";"0,485";"0,000";"0,592";"0,000";"1,586";"0,000";"0,003";"0,000";"0,000";"0,048";"0,509";"0,485";"0,592";"1,586";"0,000";"0,000";"0,000";
"10/12/2023 01:00";"0,514";"0,000";"0,506";"0,000";"0,710";"0,000";"1,730";"0,000";"0,006";"0,000";"0,000";"0,073";"0,514";"0,506";"0,710";"1,730";"0,000";"0,000";"0,000";
"10/12/2023 01:10";"0,754";"0,000";"0,481";"0,000";"0,740";"0,000";"1,975";"0,000";"0,000";"0,000";"0,000";"0,201";"0,754";"0,481";"0,740";"1,975";"0,000";"0,000";"0,000";
"10/12/2023 01:20";"0,549";"0,000";"0,493";"0,000";"0,716";"0,000";"1,758";"0,000";"0,013";"0,000";"0,000";"0,060";"0,549";"0,493";"0,716";"1,758";"0,000";"0,000";"0,000";
"10/12/2023 01:30";"0,532";"0,000";"0,515";"0,000";"0,748";"0,000";"1,795";"0,000";"0,014";"0,000";"0,000";"0,101";"0,532";"0,515";"0,748";"1,795";"0,000";"0,000";"0,000";
"10/12/2023 01:40";"0,552";"0,000";"0,552";"0,000";"0,690";"0,000";"1,794";"0,000";"0,000";"0,000";"0,000";"0,201";"0,552";"0,552";"0,690";"1,794";"0,000";"0,000";"0,000";
"10/12/2023 01:50";"0,915";"0,000";"0,451";"0,000";"0,520";"0,000";"1,886";"0,000";"0,005";"0,000";"0,000";"0,092";"0,915";"0,451";"0,520";"1,886";"0,000";"0,000";"0,000";
"10/12/2023 02:00";"0,781";"0,000";"0,484";"0,000";"0,615";"0,000";"1,880";"0,000";"0,013";"0,000";"0,000";"0,115";"0,781";"0,484";"0,615";"1,880";"0,000";"0,000";"0,000";
"10/12/2023 02:10";"0,646";"0,000";"0,541";"0,000";"0,637";"0,000";"1,824";"0,000";"0,010";"0,000";"0,000";"0,063";"0,646";"0,541";"0,637";"1,824";"0,000";"0,000";"0,000";
"10/12/2023 02:20";"0,718";"0,000";"0,467";"0,000";"0,590";"0,000";"1,775";"0,000";"0,000";"0,000";"0,000";"0,176";"0,718";"0,467";"0,590";"1,775";"0,000";"0,000";"0,000";
"10/12/2023 02:30";"0,527";"0,000";"0,517";"0,000";"0,612";"0,000";"1,656";"0,000";"0,018";"0,000";"0,000";"0,031";"0,527";"0,517";"0,612";"1,656";"0,000";"0,000";"0,000";
"10/12/2023 02:40";"0,540";"0,000";"0,503";"0,000";"0,634";"0,000";"1,677";"0,000";"0,003";"0,000";"0,000";"0,166";"0,540";"0,503";"0,634";"1,677";"0,000";"0,000";"0,000";
"10/12/2023 02:50";"0,649";"0,000";"0,568";"0,000";"0,653";"0,000";"1,869";"0,000";"0,000";"0,000";"0,000";"0,224";"0,649";"0,568";"0,653";"1,869";"0,000";"0,000";"0,000";
"10/12/2023 03:00";"0,622";"0,000";"0,460";"0,000";"0,550";"0,000";"1,632";"0,000";"0,006";"0,000";"0,000";"0,071";"0,622";"0,460";"0,550";"1,632";"0,000";"0,000";"0,000";
"10/12/2023 03:10";"0,542";"0,000";"0,506";"0,000";"0,784";"0,000";"1,832";"0,000";"0,001";"0,000";"0,000";"0,162";"0,542";"0,506";"0,784";"1,832";"0,000";"0,000";"0,000";
"10/12/2023 03:20";"0,460";"0,000";"0,474";"0,000";"0,632";"0,000";"1,566";"0,000";"0,008";"0,000";"0,000";"0,090";"0,460";"0,474";"0,632";"1,566";"0,000";"0,000";"0,000";
"10/12/2023 03:30";"0,474";"0,000";"0,452";"0,000";"0,585";"0,000";"1,510";"0,000";"0,006";"0,000";"0,000";"0,107";"0,474";"0,452";"0,585";"1,510";"0,000";"0,000";"0,000";
"10/12/2023 03:40";"0,459";"0,000";"0,447";"0,000";"0,590";"0,000";"1,497";"0,000";"0,000";"0,000";"0,000";"0,064";"0,459";"0,447";"0,590";"1,497";"0,000";"0,000";"0,000";
"10/12/2023 03:50";"0,519";"0,000";"0,488";"0,000";"0,624";"0,000";"1,631";"0,000";"0,000";"0,000";"0,000";"0,086";"0,519";"0,488";"0,624";"1,631";"0,000";"0,000";"0,000";
"10/12/2023 04:00";"0,498";"0,000";"0,517";"0,000";"0,489";"0,000";"1,504";"0,000";"0,003";"0,000";"0,000";"0,144";"0,498";"0,517";"0,489";"1,504";"0,000";"0,000";"0,000";
"10/12/2023 04:10";"0,469";"0,000";"0,434";"0,000";"0,276";"0,000";"1,179";"0,000";"0,013";"0,000";"0,000";"0,065";"0,469";"0,434";"0,276";"1,179";"0,000";"0,000";"0,000";
"10/12/2023 04:20";"0,556";"0,000";"0,551";"0,000";"0,343";"0,000";"1,449";"0,000";"0,008";"0,000";"0,000";"0,122";"0,556";"0,551";"0,343";"1,449";"0,000";"0,000";"0,000";
"10/12/2023 04:30";"0,652";"0,000";"0,510";"0,000";"0,354";"0,000";"1,516";"0,000";"0,000";"0,000";"0,000";"0,235";"0,652";"0,510";"0,354";"1,516";"0,000";"0,000";"0,000";
"10/12/2023 04:40";"0,612";"0,000";"0,431";"0,000";"0,249";"0,000";"1,292";"0,000";"0,005";"0,000";"0,000";"0,082";"0,612";"0,431";"0,249";"1,292";"0,000";"0,000";"0,000";
"10/12/2023 04:50";"0,523";"0,000";"0,519";"0,000";"0,318";"0,000";"1,359";"0,000";"0,010";"0,000";"0,000";"0,022";"0,523";"0,519";"0,318";"1,359";"0,000";"0,000";"0,000";
"10/12/2023 05:00";"0,562";"0,000";"0,538";"0,000";"0,383";"0,000";"1,483";"0,000";"0,004";"0,000";"0,000";"0,158";"0,562";"0,538";"0,383";"1,483";"0,000";"0,000";"0,000";
"10/12/2023 05:10";"0,730";"0,000";"0,378";"0,000";"0,228";"0,000";"1,336";"0,000";"0,000";"0,000";"0,000";"0,165";"0,730";"0,378";"0,228";"1,336";"0,000";"0,000";"0,000";
"10/12/2023 05:20";"0,508";"0,000";"0,509";"0,000";"0,306";"0,000";"1,322";"0,000";"0,006";"0,000";"0,000";"0,037";"0,508";"0,509";"0,306";"1,322";"0,000";"0,000";"0,000";
"10/12/2023 05:30";"0,567";"0,000";"0,541";"0,000";"0,365";"0,000";"1,474";"0,000";"0,013";"0,000";"0,000";"0,121";"0,567";"0,541";"0,365";"1,474";"0,000";"0,000";"0,000";
"10/12/2023 05:40";"0,726";"0,000";"0,485";"0,000";"0,311";"0,000";"1,522";"0,000";"0,000";"0,000";"0,000";"0,164";"0,726";"0,485";"0,311";"1,522";"0,000";"0,000";"0,000";
"10/12/2023 05:50";"0,435";"0,000";"0,448";"0,000";"0,263";"0,000";"1,147";"0,000";"0,007";"0,000";"0,000";"0,090";"0,435";"0,448";"0,263";"1,147";"0,000";"0,000";"0,000";
"10/12/2023 06:00";"0,511";"0,000";"0,499";"0,000";"0,322";"0,000";"1,332";"0,000";"0,011";"0,000";"0,000";"0,019";"0,511";"0,499";"0,322";"1,332";"0,000";"0,000";"0,000";
"10/12/2023 06:10";"0,635";"0,000";"0,512";"0,000";"0,368";"0,000";"1,515";"0,000";"0,003";"0,000";"0,000";"0,172";"0,635";"0,512";"0,368";"1,515";"0,000";"0,000";"0,000";
"10/12/2023 06:20";"0,789";"0,000";"0,397";"0,000";"0,223";"0,000";"1,409";"0,000";"0,000";"0,000";"0,000";"0,104";"0,789";"0,397";"0,223";"1,409";"0,000";"0,000";"0,000";
"10/12/2023 06:30";"0,752";"0,000";"0,521";"0,000";"0,321";"0,000";"1,594";"0,000";"0,009";"0,000";"0,000";"0,023";"0,752";"0,521";"0,321";"1,594";"0,000";"0,000";"0,000";
"10/12/2023 06:40";"0,803";"0,000";"0,549";"0,000";"0,544";"0,000";"1,896";"0,000";"0,007";"0,000";"0,000";"0,131";"0,803";"0,549";"0,544";"1,896";"0,000";"0,000";"0,000";
"10/12/2023 06:50";"0,739";"0,000";"0,417";"0,000";"0,679";"0,000";"1,834";"0,000";"0,000";"0,000";"0,000";"0,213";"0,739";"0,417";"0,679";"1,834";"0,000";"0,000";"0,000";
"10/12/2023 07:00";"0,448";"0,000";"0,483";"0,000";"0,713";"0,000";"1,644";"0,000";"0,002";"0,000";"0,000";"0,060";"0,448";"0,483";"0,713";"1,644";"0,000";"0,000";"0,000";
"10/12/2023 07:10";"0,531";"0,000";"0,519";"0,000";"0,768";"0,000";"1,818";"0,000";"0,007";"0,000";"0,000";"0,034";"0,531";"0,519";"0,768";"1,818";"0,000";"0,000";"0,000";
"10/12/2023 07:20";"0,636";"0,000";"0,534";"0,000";"0,770";"0,000";"1,940";"0,000";"0,000";"0,000";"0,000";"0,220";"0,636";"0,534";"0,770";"1,940";"0,000";"0,000";"0,000";
"10/12/2023 07:30";"0,638";"0,000";"0,403";"0,000";"0,646";"0,000";"1,688";"0,000";"0,000";"0,000";"0,000";"0,110";"0,638";"0,403";"0,646";"1,688";"0,000";"0,000";"0,000";
"10/12/2023 07:40";"0,502";"0,000";"0,517";"0,000";"0,702";"0,000";"1,721";"0,000";"0,013";"0,000";"0,000";"0,039";"0,502";"0,517";"0,702";"1,721";"0,000";"0,000";"0,000";
"10/12/2023 07:50";"0,464";"0,000";"0,430";"0,000";"0,537";"0,000";"1,431";"0,000";"0,000";"0,000";"0,000";"0,124";"0,464";"0,430";"0,537";"1,431";"0,000";"0,000";"0,000";
"10/12/2023 08:00";"0,490";"0,000";"0,489";"0,000";"0,623";"0,000";"1,602";"0,000";"0,009";"0,000";"0,000";"0,037";"0,490";"0,489";"0,623";"1,602";"0,000";"0,000";"0,000";
"10/12/2023 08:10";"0,545";"0,000";"0,517";"0,000";"0,660";"0,000";"1,721";"0,000";"0,008";"0,000";"0,000";"0,153";"0,545";"0,517";"0,660";"1,721";"0,000";"0,000";"0,000";
"10/12/2023 08:20";"0,818";"0,000";"0,531";"0,000";"0,577";"0,000";"1,927";"0,000";"0,000";"0,000";"0,000";"0,133";"0,818";"0,531";"0,577";"1,927";"0,000";"0,000";"0,000";
"10/12/2023 08:30";"0,515";"0,000";"0,499";"0,000";"0,668";"0,000";"1,682";"0,000";"0,000";"0,000";"0,000";"0,065";"0,515";"0,499";"0,668";"1,682";"0,000";"0,000";"0,000";
"10/12/2023 08:40";"0,556";"0,000";"0,477";"0,000";"0,625";"0,000";"1,658";"0,000";"0,012";"0,000";"0,000";"0,066";"0,556";"0,477";"0,625";"1,658";"0,000";"0,000";"0,000";
"10/12/2023 08:50";"0,491";"0,000";"0,453";"0,000";"0,628";"0,000";"1,572";"0,000";"0,019";"0,000";"0,000";"0,021";"0,491";"0,453";"0,628";"1,572";"0,000";"0,000";"0,000";
"10/12/2023 09:00";"0,410";"0,000";"0,363";"0,000";"0,509";"0,000";"1,282";"0,000";"0,041";"0,000";"0,000";"0,018";"0,417";"0,370";"0,516";"1,303";"0,021";"0,011";"0,010";
"10/12/2023 09:10";"0,346";"0,000";"0,309";"0,000";"0,493";"0,000";"1,148";"0,000";"0,041";"0,000";"0,000";"0,013";"0,379";"0,343";"0,526";"1,248";"0,100";"0,052";"0,048";
"10/12/2023 09:20";"0,442";"0,000";"0,269";"0,000";"0,489";"0,000";"1,200";"0,000";"0,047";"0,000";"0,000";"0,012";"0,509";"0,335";"0,556";"1,400";"0,200";"0,104";"0,096";
"10/12/2023 09:30";"0,486";"0,000";"0,330";"0,000";"0,521";"0,000";"1,337";"0,000";"0,104";"0,000";"0,000";"0,000";"0,565";"0,409";"0,600";"1,574";"0,237";"0,122";"0,115";
"10/12/2023 09:40";"0,617";"0,000";"0,438";"0,000";"0,534";"0,000";"1,588";"0,000";"0,009";"0,000";"0,000";"0,068";"0,731";"0,552";"0,648";"1,931";"0,343";"0,176";"0,167";
"10/12/2023 09:50";"0,589";"0,000";"0,296";"0,000";"0,472";"0,000";"1,358";"0,000";"0,061";"0,000";"0,000";"0,007";"0,714";"0,421";"0,597";"1,732";"0,374";"0,191";"0,183";
"10/12/2023 10:00";"0,434";"0,000";"0,293";"0,000";"0,514";"0,000";"1,241";"0,000";"0,068";"0,000";"0,000";"0,005";"0,634";"0,494";"0,715";"1,843";"0,602";"0,307";"0,295";
"10/12/2023 10:10";"0,305";"0,000";"0,281";"0,000";"0,459";"0,000";"1,045";"0,000";"0,020";"0,000";"0,000";"0,022";"0,610";"0,587";"0,764";"1,961";"0,916";"0,466";"0,450";
"10/12/2023 10:20";"0,360";"0,000";"0,347";"0,000";"0,517";"0,000";"1,224";"0,000";"0,066";"0,000";"0,000";"0,000";"0,728";"0,715";"0,885";"2,328";"1,104";"0,562";"0,542";
"10/12/2023 10:30";"0,424";"0,000";"0,328";"0,000";"0,559";"0,000";"1,311";"0,000";"0,014";"0,000";"0,000";"0,129";"0,771";"0,675";"0,906";"2,352";"1,041";"0,530";"0,511";
"10/12/2023 10:40";"0,534";"0,000";"0,291";"0,000";"0,386";"0,000";"1,211";"0,000";"0,033";"0,000";"0,000";"0,019";"0,913";"0,670";"0,764";"2,346";"1,135";"0,577";"0,558";
"10/12/2023 10:50";"0,356";"0,000";"0,342";"0,000";"0,464";"0,000";"1,162";"0,000";"0,052";"0,000";"0,000";"0,024";"0,809";"0,795";"0,917";"2,521";"1,359";"0,690";"0,669";
"10/12/2023 11:00";"0,644";"0,000";"0,400";"0,000";"0,503";"0,000";"1,547";"0,000";"0,050";"0,000";"0,000";"0,060";"1,189";"0,946";"1,048";"3,183";"1,636";"0,831";"0,805";
"10/12/2023 11:10";"0,900";"0,000";"0,235";"0,000";"0,155";"0,000";"1,290";"0,000";"0,012";"0,000";"0,000";"0,083";"1,361";"0,697";"0,616";"2,674";"1,384";"0,703";"0,681";
"10/12/2023 11:20";"0,467";"0,000";"0,363";"0,000";"0,192";"0,000";"1,022";"0,000";"0,073";"0,000";"0,000";"0,008";"1,068";"0,964";"0,793";"2,824";"1,802";"0,914";"0,888";
"10/12/2023 11:30";"0,310";"0,000";"0,275";"0,000";"0,121";"0,000";"0,707";"0,000";"0,008";"0,000";"0,000";"0,056";"0,940";"0,904";"0,751";"2,595";"1,888";"0,959";"0,929";
"10/12/2023 11:40";"0,377";"0,000";"0,323";"0,000";"0,186";"0,000";"0,885";"0,000";"0,076";"0,000";"0,000";"0,003";"1,186";"1,132";"0,995";"3,313";"2,428";"1,239";"1,189";
"10/12/2023 11:50";"0,441";"0,000";"0,285";"0,000";"0,147";"0,000";"0,873";"0,000";"0,058";"0,000";"0,000";"0,012";"1,224";"1,068";"0,930";"3,221";"2,348";"1,193";"1,155";
"10/12/2023 12:00";"0,363";"0,000";"0,353";"0,000";"0,198";"0,000";"0,914";"0,000";"0,089";"0,000";"0,000";"0,027";"1,170";"1,161";"1,006";"3,336";"2,422";"1,229";"1,193";
"10/12/2023 12:10";"0,524";"0,000";"0,332";"0,000";"0,180";"0,000";"1,036";"0,000";"0,039";"0,000";"0,000";"0,043";"1,251";"1,059";"0,907";"3,218";"2,182";"1,105";"1,077";
"10/12/2023 12:20";"0,285";"0,000";"0,243";"0,000";"0,098";"0,000";"0,627";"0,000";"0,027";"0,000";"0,000";"0,043";"0,830";"0,788";"0,643";"2,261";"1,634";"0,829";"0,805";
"10/12/2023 12:30";"0,376";"0,000";"0,336";"0,000";"0,204";"0,000";"0,916";"0,000";"0,066";"0,000";"0,000";"0,038";"0,748";"0,708";"0,576";"2,032";"1,116";"0,567";"0,549";
"10/12/2023 12:40";"0,409";"0,000";"0,376";"0,000";"0,216";"0,000";"1,001";"0,000";"0,019";"0,000";"0,000";"0,073";"0,778";"0,744";"0,585";"2,107";"1,106";"0,562";"0,544";
"10/12/2023 12:50";"0,276";"0,000";"0,224";"0,000";"0,083";"0,000";"0,583";"0,000";"0,003";"0,000";"0,000";"0,050";"0,482";"0,430";"0,289";"1,201";"0,618";"0,315";"0,303";
"10/12/2023 13:00";"0,327";"0,000";"0,293";"0,000";"0,153";"0,000";"0,773";"0,000";"0,072";"0,000";"0,000";"0,005";"0,585";"0,551";"0,411";"1,547";"0,774";"0,394";"0,380";
"10/12/2023 13:10";"0,374";"0,000";"0,326";"0,000";"0,188";"0,000";"0,888";"0,000";"0,088";"0,000";"0,000";"0,001";"0,619";"0,571";"0,432";"1,621";"0,733";"0,373";"0,360";
"10/12/2023 13:20";"0,345";"0,000";"0,301";"0,000";"0,146";"0,000";"0,792";"0,000";"0,008";"0,000";"0,000";"0,053";"0,607";"0,564";"0,408";"1,580";"0,788";"0,401";"0,387";
"10/12/2023 13:30";"0,291";"0,000";"0,271";"0,000";"0,117";"0,000";"0,678";"0,000";"0,030";"0,000";"0,000";"0,013";"0,584";"0,564";"0,410";"1,558";"0,880";"0,448";"0,432";
"10/12/2023 13:40";"0,384";"0,000";"0,342";"0,000";"0,206";"0,000";"0,933";"0,000";"0,064";"0,000";"0,000";"0,009";"0,749";"0,708";"0,572";"2,029";"1,096";"0,557";"0,539";
"10/12/2023 13:50";"0,359";"0,000";"0,290";"0,000";"0,160";"0,000";"0,809";"0,000";"0,008";"0,000";"0,000";"0,074";"0,760";"0,691";"0,561";"2,012";"1,203";"0,610";"0,593";
"10/12/2023 14:00";"0,261";"0,000";"0,231";"0,000";"0,074";"0,000";"0,566";"0,000";"0,020";"0,000";"0,000";"0,014";"0,854";"0,825";"0,668";"2,347";"1,781";"0,901";"0,880";
"10/12/2023 14:10";"0,335";"0,000";"0,307";"0,000";"0,172";"0,000";"0,814";"0,000";"0,042";"0,000";"0,000";"0,015";"0,725";"0,697";"0,562";"1,983";"1,169";"0,593";"0,576";
"10/12/2023 14:20";"0,356";"0,000";"0,312";"0,000";"0,160";"0,000";"0,828";"0,000";"0,085";"0,000";"0,000";"0,005";"0,752";"0,708";"0,555";"2,015";"1,187";"0,602";"0,585";
"10/12/2023 14:30";"0,320";"0,000";"0,253";"0,000";"0,170";"0,000";"0,743";"0,000";"0,045";"0,000";"0,000";"0,020";"0,737";"0,669";"0,587";"1,993";"1,250";"0,634";"0,616";
"10/12/2023 14:40";"0,300";"0,000";"0,272";"0,000";"0,433";"0,000";"1,005";"0,000";"0,037";"0,000";"0,000";"0,014";"0,738";"0,710";"0,871";"2,319";"1,314";"0,666";"0,648";
"10/12/2023 14:50";"0,279";"0,000";"0,224";"0,000";"0,461";"0,000";"0,964";"0,000";"0,002";"0,000";"0,000";"0,056";"0,648";"0,592";"0,829";"2,069";"1,105";"0,560";"0,545";
"10/12/2023 15:00";"0,301";"0,000";"0,255";"0,000";"0,335";"0,000";"0,890";"0,000";"0,035";"0,000";"0,000";"0,023";"0,455";"0,409";"0,489";"1,353";"0,463";"0,236";"0,227";
"10/12/2023 15:10";"0,353";"0,000";"0,315";"0,000";"0,157";"0,000";"0,825";"0,000";"0,053";"0,000";"0,000";"0,000";"0,439";"0,400";"0,243";"1,082";"0,257";"0,132";"0,125";
"10/12/2023 15:20";"0,404";"0,000";"0,386";"0,000";"0,229";"0,000";"1,019";"0,000";"0,035";"0,000";"0,000";"0,089";"0,504";"0,485";"0,329";"1,317";"0,298";"0,153";"0,145";
"10/12/2023 15:30";"0,719";"0,000";"0,472";"0,000";"0,303";"0,000";"1,494";"0,000";"0,000";"0,000";"0,000";"0,138";"0,849";"0,602";"0,433";"1,884";"0,390";"0,199";"0,191";
"10/12/2023 15:40";"1,022";"0,000";"0,372";"0,000";"0,119";"0,000";"1,513";"0,000";"0,007";"0,000";"0,000";"0,038";"1,175";"0,526";"0,272";"1,974";"0,461";"0,235";"0,226";
"10/12/2023 15:50";"0,419";"0,000";"0,312";"0,000";"0,152";"0,000";"0,883";"0,000";"0,077";"0,000";"0,000";"0,008";"0,557";"0,451";"0,291";"1,299";"0,416";"0,213";"0,203";
"10/12/2023 16:00";"0,357";"0,000";"0,326";"0,000";"0,192";"0,000";"0,875";"0,000";"0,071";"0,000";"0,000";"0,043";"0,440";"0,410";"0,275";"1,126";"0,251";"0,129";"0,122";
"10/12/2023 16:10";"0,537";"0,000";"0,361";"0,000";"0,200";"0,000";"1,098";"0,000";"0,007";"0,000";"0,000";"0,102";"0,613";"0,436";"0,276";"1,325";"0,227";"0,117";"0,110";
"10/12/2023 16:20";"0,321";"0,000";"0,255";"0,000";"0,109";"0,000";"0,685";"0,000";"0,031";"0,000";"0,000";"0,011";"0,380";"0,313";"0,167";"0,861";"0,176";"0,091";"0,085";
"10/12/2023 16:30";"0,334";"0,000";"0,311";"0,000";"0,173";"0,000";"0,817";"0,000";"0,096";"0,000";"0,000";"0,003";"0,381";"0,358";"0,220";"0,958";"0,141";"0,073";"0,068";
"10/12/2023 16:40";"0,316";"0,000";"0,252";"0,000";"0,125";"0,000";"0,693";"0,000";"0,033";"0,000";"0,000";"0,036";"0,362";"0,298";"0,171";"0,831";"0,138";"0,071";"0,067";
"10/12/2023 16:50";"0,377";"0,000";"0,331";"0,000";"0,179";"0,000";"0,888";"0,000";"0,089";"0,000";"0,000";"0,000";"0,428";"0,382";"0,230";"1,039";"0,151";"0,078";"0,073";
"10/12/2023 17:00";"0,406";"0,000";"0,356";"0,000";"0,210";"0,000";"0,972";"0,000";"0,018";"0,000";"0,000";"0,076";"0,438";"0,387";"0,242";"1,067";"0,095";"0,050";"0,045";
"10/12/2023 17:10";"0,293";"0,000";"0,279";"0,000";"0,117";"0,000";"0,689";"0,000";"0,016";"0,000";"0,000";"0,044";"0,305";"0,292";"0,130";"0,727";"0,038";"0,020";"0,018";
"10/12/2023 17:20";"0,392";"0,000";"0,370";"0,000";"0,269";"0,000";"1,030";"0,000";"0,052";"0,000";"0,000";"0,000";"0,397";"0,375";"0,274";"1,047";"0,017";"0,009";"0,008";
"10/12/2023 17:30";"0,390";"0,000";"0,333";"0,000";"0,472";"0,000";"1,195";"0,000";"0,038";"0,000";"0,000";"0,028";"0,394";"0,338";"0,476";"1,209";"0,014";"0,007";"0,007";
"10/12/2023 17:40";"0,394";"0,000";"0,354";"0,000";"0,572";"0,000";"1,319";"0,000";"0,039";"0,000";"0,000";"0,001";"0,394";"0,354";"0,572";"1,319";"0,000";"0,000";"0,000";
"10/12/2023 17:50";"0,404";"0,000";"0,374";"0,000";"0,669";"0,000";"1,447";"0,000";"0,026";"0,000";"0,000";"0,073";"0,404";"0,374";"0,669";"1,447";"0,000";"0,000";"0,000";
"10/12/2023 18:00";"0,422";"0,000";"0,393";"0,000";"0,661";"0,000";"1,477";"0,000";"0,001";"0,000";"0,000";"0,104";"0,422";"0,393";"0,661";"1,477";"0,000";"0,000";"0,000";
"10/12/2023 18:10";"0,506";"0,000";"0,491";"0,000";"0,755";"0,000";"1,751";"0,000";"0,003";"0,000";"0,000";"0,049";"0,506";"0,491";"0,755";"1,751";"0,000";"0,000";"0,000";
"10/12/2023 18:20";"0,498";"0,000";"0,515";"0,000";"0,584";"0,000";"1,597";"0,000";"0,017";"0,000";"0,000";"0,032";"0,498";"0,515";"0,584";"1,597";"0,000";"0,000";"0,000";
"10/12/2023 18:30";"0,638";"0,000";"0,443";"0,000";"0,559";"0,000";"1,640";"0,000";"0,010";"0,000";"0,000";"0,099";"0,638";"0,443";"0,559";"1,640";"0,000";"0,000";"0,000";
"10/12/2023 18:40";"0,530";"0,000";"0,465";"0,000";"0,556";"0,000";"1,550";"0,000";"0,008";"0,000";"0,000";"0,058";"0,530";"0,465";"0,556";"1,550";"0,000";"0,000";"0,000";
"10/12/2023 18:50";"0,487";"0,000";"0,457";"0,000";"0,571";"0,000";"1,515";"0,000";"0,008";"0,000";"0,000";"0,059";"0,487";"0,457";"0,571";"1,515";"0,000";"0,000";"0,000";
"10/12/2023 19:00";"0,448";"0,000";"0,473";"0,000";"0,557";"0,000";"1,477";"0,000";"0,004";"0,000";"0,000";"0,056";"0,448";"0,473";"0,557";"1,477";"0,000";"0,000";"0,000";
"10/12/2023 19:10";"0,485";"0,000";"0,436";"0,000";"0,554";"0,000";"1,475";"0,000";"0,000";"0,000";"0,000";"0,097";"0,485";"0,436";"0,554";"1,475";"0,000";"0,000";"0,000";
"10/12/2023 19:20";"0,477";"0,000";"0,480";"0,000";"0,558";"0,000";"1,515";"0,000";"0,003";"0,000";"0,000";"0,055";"0,477";"0,480";"0,558";"1,515";"0,000";"0,000";"0,000";
"10/12/2023 19:30";"0,508";"0,000";"0,487";"0,000";"0,599";"0,000";"1,593";"0,000";"0,003";"0,000";"0,000";"0,095";"0,508";"0,487";"0,599";"1,593";"0,000";"0,000";"0,000";
"10/12/2023 19:40";"0,640";"0,000";"0,507";"0,000";"0,652";"0,000";"1,799";"0,000";"0,000";"0,000";"0,000";"0,188";"0,640";"0,507";"0,652";"1,799";"0,000";"0,000";"0,000";
"10/12/2023 19:50";"0,518";"0,000";"0,467";"0,000";"0,728";"0,000";"1,714";"0,000";"0,003";"0,000";"0,000";"0,052";"0,518";"0,467";"0,728";"1,714";"0,000";"0,000";"0,000";
"10/12/2023 20:00";"0,533";"0,000";"0,528";"0,000";"0,636";"0,000";"1,696";"0,000";"0,021";"0,000";"0,000";"0,061";"0,533";"0,528";"0,636";"1,696";"0,000";"0,000";"0,000";
"10/12/2023 20:10";"0,815";"0,000";"0,496";"0,000";"0,640";"0,000";"1,951";"0,000";"0,001";"0,000";"0,000";"0,194";"0,815";"0,496";"0,640";"1,951";"0,000";"0,000";"0,000";
"10/12/2023 20:20";"0,738";"0,000";"0,443";"0,000";"0,352";"0,000";"1,532";"0,000";"0,013";"0,000";"0,000";"0,094";"0,738";"0,443";"0,352";"1,532";"0,000";"0,000";"0,000";
"10/12/2023 20:30";"0,655";"0,000";"0,504";"0,000";"0,335";"0,000";"1,494";"0,000";"0,023";"0,000";"0,000";"0,066";"0,655";"0,504";"0,335";"1,494";"0,000";"0,000";"0,000";
"10/12/2023 20:40";"0,594";"0,000";"0,486";"0,000";"0,320";"0,000";"1,400";"0,000";"0,028";"0,000";"0,000";"0,024";"0,594";"0,486";"0,320";"1,400";"0,000";"0,000";"0,000";
"10/12/2023 20:50";"0,505";"0,000";"0,367";"0,000";"0,217";"0,000";"1,089";"0,000";"0,000";"0,000";"0,000";"0,139";"0,505";"0,367";"0,217";"1,089";"0,000";"0,000";"0,000";
"10/12/2023 21:00";"0,518";"0,000";"0,524";"0,000";"0,336";"0,000";"1,378";"0,000";"0,022";"0,000";"0,000";"0,062";"0,518";"0,524";"0,336";"1,378";"0,000";"0,000";"0,000";
"10/12/2023 21:10";"0,695";"0,000";"0,490";"0,000";"0,311";"0,000";"1,496";"0,000";"0,000";"0,000";"0,000";"0,170";"0,695";"0,490";"0,311";"1,496";"0,000";"0,000";"0,000";
"10/12/2023 21:20";"0,409";"0,000";"0,385";"0,000";"0,216";"0,000";"1,010";"0,000";"0,000";"0,000";"0,000";"0,091";"0,409";"0,385";"0,216";"1,010";"0,000";"0,000";"0,000";
"10/12/2023 21:30";"0,444";"0,000";"0,453";"0,000";"0,276";"0,000";"1,173";"0,000";"0,001";"0,000";"0,000";"0,064";"0,444";"0,453";"0,276";"1,173";"0,000";"0,000";"0,000";
"10/12/2023 21:40";"0,539";"0,000";"0,500";"0,000";"0,340";"0,000";"1,378";"0,000";"0,016";"0,000";"0,000";"0,054";"0,539";"0,500";"0,340";"1,378";"0,000";"0,000";"0,000";
"10/12/2023 21:50";"0,617";"0,000";"0,509";"0,000";"0,332";"0,000";"1,458";"0,000";"0,038";"0,000";"0,000";"0,035";"0,617";"0,509";"0,332";"1,458";"0,000";"0,000";"0,000";
"10/12/2023 22:00";"0,512";"0,000";"0,413";"0,000";"0,238";"0,000";"1,163";"0,000";"0,005";"0,000";"0,000";"0,046";"0,512";"0,413";"0,238";"1,163";"0,000";"0,000";"0,000";
"10/12/2023 22:10";"0,603";"0,000";"0,485";"0,000";"0,328";"0,000";"1,416";"0,000";"0,007";"0,000";"0,000";"0,041";"0,603";"0,485";"0,328";"1,416";"0,000";"0,000";"0,000";
"10/12/2023 22:20";"0,604";"0,000";"0,468";"0,000";"0,307";"0,000";"1,379";"0,000";"0,016";"0,000";"0,000";"0,106";"0,604";"0,468";"0,307";"1,379";"0,000";"0,000";"0,000";
"10/12/2023 22:30";"0,487";"0,000";"0,400";"0,000";"0,216";"0,000";"1,103";"0,000";"0,000";"0,000";"0,000";"0,059";"0,487";"0,400";"0,216";"1,103";"0,000";"0,000";"0,000";
"10/12/2023 22:40";"0,456";"0,000";"0,466";"0,000";"0,284";"0,000";"1,206";"0,000";"0,008";"0,000";"0,000";"0,070";"0,456";"0,466";"0,284";"1,206";"0,000";"0,000";"0,000";
"10/12/2023 22:50";"0,547";"0,000";"0,537";"0,000";"0,391";"0,000";"1,474";"0,000";"0,015";"0,000";"0,000";"0,142";"0,547";"0,537";"0,391";"1,474";"0,000";"0,000";"0,000";
"10/12/2023 23:00";"0,647";"0,000";"0,480";"0,000";"0,636";"0,000";"1,763";"0,000";"0,000";"0,000";"0,000";"0,204";"0,647";"0,480";"0,636";"1,763";"0,000";"0,000";"0,000";
"10/12/2023 23:10";"0,433";"0,000";"0,444";"0,000";"0,627";"0,000";"1,505";"0,000";"0,007";"0,000";"0,000";"0,086";"0,433";"0,444";"0,627";"1,505";"0,000";"0,000";"0,000";
"10/12/2023 23:20";"0,499";"0,000";"0,485";"0,000";"0,711";"0,000";"1,695";"0,000";"0,004";"0,000";"0,000";"0,065";"0,499";"0,485";"0,711";"1,695";"0,000";"0,000";"0,000";
"10/12/2023 23:30";"0,499";"0,000";"0,486";"0,000";"0,674";"0,000";"1,659";"0,000";"0,015";"0,000";"0,000";"0,044";"0,499";"0,486";"0,674";"1,659";"0,000";"0,000";"0,000";
"10/12/2023 23:40";"0,406";"0,000";"0,382";"0,000";"0,566";"0,000";"1,354";"0,000";"0,000";"0,000";"0,000";"0,122";"0,406";"0,382";"0,566";"1,354";"0,000";"0,000";"0,000";
"10/12/2023 23:50";"0,493";"0,000";"0,494";"0,000";"0,319";"0,000";"1,305";"0,000";"0,012";"0,000";"0,000";"0,053";"0,493";"0,494";"0,319";"1,305";"0,000";"0,000";"0,000";
"11/12/2023 00:00";"0,552";"0,000";"0,548";"0,000";"0,371";"0,000";"1,471";"0,000";"0,001";"0,000";"0,000";"0,115";"0,552";"0,548";"0,371";"1,471";"0,000";"0,000";"0,000";
"11/12/2023 00:10";"0,678";"0,000";"0,457";"0,000";"0,280";"0,000";"1,414";"0,000";"0,000";"0,000";"0,000";"0,115";"0,678";"0,457";"0,280";"1,414";"0,000";"0,000";"0,000";
"11/12/2023 00:20";"0,465";"0,000";"0,444";"0,000";"0,275";"0,000";"1,184";"0,000";"0,012";"0,000";"0,000";"0,051";"0,465";"0,444";"0,275";"1,184";"0,000";"0,000";"0,000";
"11/12/2023 00:30";"0,497";"0,000";"0,507";"0,000";"0,329";"0,000";"1,332";"0,000";"0,020";"0,000";"0,000";"0,014";"0,497";"0,507";"0,329";"1,332";"0,000";"0,000";"0,000";
"11/12/2023 00:40";"0,502";"0,000";"0,449";"0,000";"0,303";"0,000";"1,254";"0,000";"0,015";"0,000";"0,000";"0,140";"0,502";"0,449";"0,303";"1,254";"0,000";"0,000";"0,000";
"11/12/2023 00:50";"0,425";"0,000";"0,408";"0,000";"0,227";"0,000";"1,059";"0,000";"0,005";"0,000";"0,000";"0,084";"0,425";"0,408";"0,227";"1,059";"0,000";"0,000";"0,000";
"11/12/2023 01:00";"0,666";"0,000";"0,507";"0,000";"0,327";"0,000";"1,501";"0,000";"0,015";"0,000";"0,000";"0,017";"0,666";"0,507";"0,327";"1,501";"0,000";"0,000";"0,000";
"11/12/2023 01:10";"0,846";"0,000";"0,586";"0,000";"0,387";"0,000";"1,820";"0,000";"0,018";"0,000";"0,000";"0,123";"0,846";"0,586";"0,387";"1,820";"0,000";"0,000";"0,000";
"11/12/2023 01:20";"0,765";"0,000";"0,398";"0,000";"0,249";"0,000";"1,412";"0,000";"0,000";"0,000";"0,000";"0,164";"0,765";"0,398";"0,249";"1,412";"0,000";"0,000";"0,000";
"11/12/2023 01:30";"0,451";"0,000";"0,491";"0,000";"0,292";"0,000";"1,233";"0,000";"0,016";"0,000";"0,000";"0,029";"0,451";"0,491";"0,292";"1,233";"0,000";"0,000";"0,000";
"11/12/2023 01:40";"0,467";"0,000";"0,422";"0,000";"0,270";"0,000";"1,159";"0,000";"0,011";"0,000";"0,000";"0,063";"0,467";"0,422";"0,270";"1,159";"0,000";"0,000";"0,000";
"11/12/2023 01:50";"0,494";"0,000";"0,486";"0,000";"0,299";"0,000";"1,279";"0,000";"0,011";"0,000";"0,000";"0,029";"0,494";"0,486";"0,299";"1,279";"0,000";"0,000";"0,000";
"11/12/2023 02:00";"0,464";"0,000";"0,449";"0,000";"0,279";"0,000";"1,192";"0,000";"0,015";"0,000";"0,000";"0,052";"0,464";"0,449";"0,279";"1,192";"0,000";"0,000";"0,000";
"11/12/2023 02:10";"0,476";"0,000";"0,476";"0,000";"0,295";"0,000";"1,248";"0,000";"0,006";"0,000";"0,000";"0,065";"0,476";"0,476";"0,295";"1,248";"0,000";"0,000";"0,000";
"11/12/2023 02:20";"0,552";"0,000";"0,521";"0,000";"0,522";"0,000";"1,595";"0,000";"0,008";"0,000";"0,000";"0,118";"0,552";"0,521";"0,522";"1,595";"0,000";"0,000";"0,000";
"11/12/2023 02:30";"0,537";"0,000";"0,462";"0,000";"0,670";"0,000";"1,669";"0,000";"0,000";"0,000";"0,000";"0,170";"0,537";"0,462";"0,670";"1,669";"0,000";"0,000";"0,000";
"11/12/2023 02:40";"0,482";"0,000";"0,462";"0,000";"0,738";"0,000";"1,682";"0,000";"0,007";"0,000";"0,000";"0,082";"0,482";"0,462";"0,738";"1,682";"0,000";"0,000";"0,000";
"11/12/2023 02:50";"0,502";"0,000";"0,468";"0,000";"0,675";"0,000";"1,645";"0,000";"0,005";"0,000";"0,000";"0,053";"0,502";"0,468";"0,675";"1,645";"0,000";"0,000";"0,000";
"11/12/2023 03:00";"0,520";"0,000";"0,507";"0,000";"0,640";"0,000";"1,668";"0,000";"0,012";"0,000";"0,000";"0,033";"0,520";"0,507";"0,640";"1,668";"0,000";"0,000";"0,000";
"11/12/2023 03:10";"0,448";"0,000";"0,438";"0,000";"0,615";"0,000";"1,501";"0,000";"0,004";"0,000";"0,000";"0,094";"0,448";"0,438";"0,615";"1,501";"0,000";"0,000";"0,000";
"11/12/2023 03:20";"0,484";"0,000";"0,478";"0,000";"0,673";"0,000";"1,635";"0,000";"0,001";"0,000";"0,000";"0,082";"0,484";"0,478";"0,673";"1,635";"0,000";"0,000";"0,000";
"11/12/2023 03:30";"0,520";"0,000";"0,511";"0,000";"0,676";"0,000";"1,708";"0,000";"0,014";"0,000";"0,000";"0,035";"0,520";"0,511";"0,676";"1,708";"0,000";"0,000";"0,000";
"11/12/2023 03:40";"0,543";"0,000";"0,423";"0,000";"0,621";"0,000";"1,587";"0,000";"0,007";"0,000";"0,000";"0,088";"0,543";"0,423";"0,621";"1,587";"0,000";"0,000";"0,000";
"11/12/2023 03:50";"0,507";"0,000";"0,502";"0,000";"0,675";"0,000";"1,684";"0,000";"0,014";"0,000";"0,000";"0,055";"0,507";"0,502";"0,675";"1,684";"0,000";"0,000";"0,000";
"11/12/2023 04:00";"0,472";"0,000";"0,456";"0,000";"0,642";"0,000";"1,570";"0,000";"0,008";"0,000";"0,000";"0,063";"0,472";"0,456";"0,642";"1,570";"0,000";"0,000";"0,000";
"11/12/2023 04:10";"0,546";"0,000";"0,514";"0,000";"0,680";"0,000";"1,740";"0,000";"0,016";"0,000";"0,000";"0,021";"0,546";"0,514";"0,680";"1,740";"0,000";"0,000";"0,000";
"11/12/2023 04:20";"0,464";"0,000";"0,452";"0,000";"0,623";"0,000";"1,538";"0,000";"0,004";"0,000";"0,000";"0,084";"0,464";"0,452";"0,623";"1,538";"0,000";"0,000";"0,000";
"11/12/2023 04:30";"0,482";"0,000";"0,486";"0,000";"0,669";"0,000";"1,636";"0,000";"0,003";"0,000";"0,000";"0,062";"0,482";"0,486";"0,669";"1,636";"0,000";"0,000";"0,000";
"11/12/2023 04:40";"0,521";"0,000";"0,505";"0,000";"0,686";"0,000";"1,712";"0,000";"0,009";"0,000";"0,000";"0,088";"0,521";"0,505";"0,686";"1,712";"0,000";"0,000";"0,000";
"11/12/2023 04:50";"0,440";"0,000";"0,412";"0,000";"0,589";"0,000";"1,441";"0,000";"0,002";"0,000";"0,000";"0,108";"0,440";"0,412";"0,589";"1,441";"0,000";"0,000";"0,000";
"11/12/2023 05:00";"0,475";"0,000";"0,476";"0,000";"0,657";"0,000";"1,608";"0,000";"0,001";"0,000";"0,000";"0,064";"0,475";"0,476";"0,657";"1,608";"0,000";"0,000";"0,000";
"11/12/2023 05:10";"0,498";"0,000";"0,481";"0,000";"0,676";"0,000";"1,655";"0,000";"0,009";"0,000";"0,000";"0,071";"0,498";"0,481";"0,676";"1,655";"0,000";"0,000";"0,000";
"11/12/2023 05:20";"0,603";"0,000";"0,470";"0,000";"0,640";"0,000";"1,712";"0,000";"0,033";"0,000";"0,000";"0,084";"0,603";"0,470";"0,640";"1,712";"0,000";"0,000";"0,000";
"11/12/2023 05:30";"1,984";"0,000";"1,788";"0,000";"1,862";"0,000";"5,633";"0,000";"0,183";"0,000";"0,000";"0,101";"1,984";"1,788";"1,862";"5,633";"0,000";"0,000";"0,000";
"11/12/2023 05:40";"2,390";"0,000";"1,654";"0,000";"1,590";"0,000";"5,635";"0,000";"0,210";"0,000";"0,000";"0,144";"2,390";"1,654";"1,590";"5,635";"0,000";"0,000";"0,000";
"11/12/2023 05:50";"2,053";"0,000";"1,471";"0,000";"1,417";"0,000";"4,941";"0,000";"0,142";"0,000";"0,000";"0,104";"2,053";"1,471";"1,417";"4,941";"0,000";"0,000";"0,000";
"11/12/2023 06:00";"3,334";"0,000";"2,499";"0,000";"2,635";"0,000";"8,467";"0,000";"0,631";"0,000";"0,000";"0,185";"3,334";"2,499";"2,635";"8,467";"0,000";"0,000";"0,000";
"11/12/2023 06:10";"5,104";"0,000";"4,617";"0,000";"4,877";"0,000";"14,598";"0,000";"1,656";"0,000";"0,000";"0,203";"5,104";"4,617";"4,877";"14,598";"0,000";"0,000";"0,000";
"11/12/2023 06:20";"5,966";"0,000";"5,272";"0,000";"5,665";"0,000";"16,903";"0,000";"1,867";"0,000";"0,000";"0,191";"5,966";"5,272";"5,665";"16,903";"0,000";"0,000";"0,000";
"11/12/2023 06:30";"5,907";"0,000";"5,469";"0,000";"6,162";"0,000";"17,538";"0,000";"2,541";"0,000";"0,000";"0,103";"5,907";"5,469";"6,162";"17,538";"0,000";"0,000";"0,000";
"11/12/2023 06:40";"6,642";"0,000";"6,237";"0,000";"6,826";"0,000";"19,704";"0,000";"2,603";"0,000";"0,000";"0,009";"6,642";"6,237";"6,826";"19,704";"0,000";"0,000";"0,000";
"11/12/2023 06:50";"7,628";"0,000";"7,256";"0,000";"7,692";"0,000";"22,576";"0,000";"3,709";"0,000";"0,000";"0,006";"7,628";"7,256";"7,692";"22,576";"0,000";"0,000";"0,000";
"11/12/2023 07:00";"7,299";"0,000";"6,642";"0,000";"7,130";"0,000";"21,071";"0,000";"3,745";"0,000";"0,000";"0,029";"7,299";"6,642";"7,130";"21,071";"0,000";"0,000";"0,000";
"11/12/2023 07:10";"7,361";"0,000";"7,046";"0,000";"7,492";"0,000";"21,899";"0,000";"2,822";"0,000";"0,000";"0,060";"7,361";"7,046";"7,492";"21,899";"0,000";"0,000";"0,000";
"11/12/2023 07:20";"7,988";"0,000";"7,492";"0,000";"7,850";"0,000";"23,330";"0,000";"3,879";"0,000";"0,000";"0,004";"7,988";"7,492";"7,850";"23,330";"0,000";"0,000";"0,000";
"11/12/2023 07:30";"7,803";"0,000";"7,305";"0,000";"7,767";"0,000";"22,875";"0,000";"3,739";"0,000";"0,000";"0,008";"7,803";"7,305";"7,767";"22,875";"0,000";"0,000";"0,000";
"11/12/2023 07:40";"7,023";"0,000";"6,281";"0,000";"6,724";"0,000";"20,028";"0,000";"3,560";"0,000";"0,000";"0,006";"7,023";"6,281";"6,724";"20,028";"0,000";"0,000";"0,000";
"11/12/2023 07:50";"6,724";"0,000";"6,140";"0,000";"6,519";"0,000";"19,383";"0,000";"2,481";"0,000";"0,000";"0,015";"6,724";"6,140";"6,519";"19,383";"0,000";"0,000";"0,000";
"11/12/2023 08:00";"7,637";"0,000";"7,001";"0,000";"7,308";"0,000";"21,946";"0,000";"2,716";"0,000";"0,000";"0,000";"7,637";"7,001";"7,308";"21,946";"0,000";"0,000";"0,000";
"11/12/2023 08:10";"7,349";"0,000";"6,891";"0,000";"7,198";"0,000";"21,439";"0,000";"3,717";"0,000";"0,000";"0,001";"7,349";"6,891";"7,198";"21,439";"0,000";"0,000";"0,000";
"11/12/2023 08:20";"8,030";"0,000";"7,624";"0,000";"8,119";"0,000";"23,773";"0,000";"3,435";"0,000";"0,000";"0,000";"8,030";"7,624";"8,119";"23,773";"0,000";"0,000";"0,000";
"11/12/2023 08:30";"7,552";"0,000";"7,076";"0,000";"7,520";"0,000";"22,148";"0,000";"3,758";"0,000";"0,000";"0,000";"7,552";"7,076";"7,520";"22,148";"0,000";"0,000";"0,000";
"11/12/2023 08:40";"6,947";"0,000";"6,479";"0,000";"6,887";"0,000";"20,312";"0,000";"2,145";"0,000";"0,000";"0,000";"6,947";"6,479";"6,887";"20,312";"0,000";"0,000";"0,000";
"11/12/2023 08:50";"6,920";"0,000";"6,526";"0,000";"6,972";"0,000";"20,417";"0,000";"2,610";"0,000";"0,000";"0,000";"6,920";"6,526";"6,972";"20,417";"0,000";"0,000";"0,000";
"11/12/2023 09:00";"7,125";"0,000";"6,886";"0,000";"7,275";"0,000";"21,286";"0,000";"3,524";"0,000";"0,000";"0,003";"7,125";"6,886";"7,275";"21,286";"0,000";"0,000";"0,000";
"11/12/2023 09:10";"7,669";"0,000";"7,255";"0,000";"7,752";"0,000";"22,676";"0,000";"1,685";"0,000";"0,000";"0,014";"7,676";"7,262";"7,759";"22,697";"0,021";"0,011";"0,010";
"11/12/2023 09:20";"7,739";"0,000";"7,311";"0,000";"7,941";"0,000";"22,990";"0,000";"1,859";"0,000";"0,000";"0,027";"7,758";"7,330";"7,960";"23,047";"0,057";"0,030";"0,027";
"11/12/2023 09:30";"8,000";"0,000";"7,314";"0,000";"7,987";"0,000";"23,302";"0,000";"2,575";"0,000";"0,000";"0,002";"8,036";"7,349";"8,023";"23,408";"0,106";"0,055";"0,051";
"11/12/2023 09:40";"6,795";"0,000";"6,384";"0,000";"7,194";"0,000";"20,374";"0,000";"1,322";"0,000";"0,000";"0,057";"6,882";"6,471";"7,281";"20,635";"0,261";"0,134";"0,127";
"11/12/2023 09:50";"5,830";"0,000";"5,432";"0,000";"6,286";"0,000";"17,548";"0,000";"1,040";"0,000";"0,000";"0,147";"5,984";"5,586";"6,440";"18,010";"0,462";"0,236";"0,226";
"11/12/2023 10:00";"5,615";"0,000";"4,941";"0,000";"5,473";"0,000";"16,029";"0,000";"0,495";"0,000";"0,000";"0,239";"5,813";"5,139";"5,671";"16,623";"0,594";"0,303";"0,291";
"11/12/2023 10:10";"5,592";"0,000";"4,931";"0,000";"5,553";"0,000";"16,077";"0,000";"0,408";"0,000";"0,000";"0,303";"5,830";"5,168";"5,791";"16,789";"0,712";"0,363";"0,349";
"11/12/2023 10:20";"6,799";"0,000";"6,244";"0,000";"7,075";"0,000";"20,119";"0,000";"1,686";"0,000";"0,000";"0,124";"6,974";"6,419";"7,250";"20,642";"0,523";"0,267";"0,256";
"11/12/2023 10:30";"9,361";"0,000";"8,537";"0,000";"9,314";"0,000";"27,212";"0,000";"3,280";"0,000";"0,000";"0,011";"9,668";"8,843";"9,621";"28,132";"0,920";"0,468";"0,452";
"11/12/2023 10:40";"8,354";"0,000";"7,664";"0,000";"8,421";"0,000";"24,439";"0,000";"3,497";"0,000";"0,000";"0,000";"8,621";"7,931";"8,687";"25,239";"0,800";"0,408";"0,392";
"11/12/2023 10:50";"7,098";"0,000";"6,583";"0,000";"7,424";"0,000";"21,104";"0,000";"2,007";"0,000";"0,000";"0,001";"7,514";"6,999";"7,840";"22,352";"1,248";"0,634";"0,614";
"11/12/2023 11:00";"7,108";"0,000";"6,702";"0,000";"7,413";"0,000";"21,222";"0,000";"2,204";"0,000";"0,000";"0,004";"7,354";"6,949";"7,659";"21,962";"0,740";"0,378";"0,362";
"11/12/2023 11:10";"7,542";"0,000";"7,118";"0,000";"7,754";"0,000";"22,415";"0,000";"3,603";"0,000";"0,000";"0,000";"7,850";"7,426";"8,062";"23,339";"0,924";"0,470";"0,454";
"11/12/2023 11:20";"7,588";"0,000";"6,977";"0,000";"7,812";"0,000";"22,377";"0,000";"2,612";"0,000";"0,000";"0,018";"7,951";"7,339";"8,175";"23,465";"1,088";"0,553";"0,535";
"11/12/2023 11:30";"5,951";"0,000";"5,334";"0,000";"6,212";"0,000";"17,497";"0,000";"1,369";"0,000";"0,000";"0,105";"6,363";"5,746";"6,624";"18,733";"1,236";"0,628";"0,608";
"11/12/2023 11:40";"5,327";"0,000";"4,635";"0,000";"5,465";"0,000";"15,426";"0,000";"0,512";"0,000";"0,000";"0,214";"5,798";"5,106";"5,936";"16,839";"1,413";"0,717";"0,696";
"11/12/2023 11:50";"5,203";"0,000";"4,646";"0,000";"5,475";"0,000";"15,324";"0,000";"0,569";"0,000";"0,000";"0,169";"5,673";"5,115";"5,945";"16,733";"1,409";"0,715";"0,694";
"11/12/2023 12:00";"4,928";"0,000";"4,471";"0,000";"5,454";"0,000";"14,853";"0,000";"0,455";"0,000";"0,000";"0,230";"5,500";"5,043";"6,026";"16,569";"1,716";"0,870";"0,846";
"11/12/2023 12:10";"5,355";"0,000";"4,851";"0,000";"5,818";"0,000";"16,024";"0,000";"1,111";"0,000";"0,000";"0,057";"5,957";"5,453";"6,420";"17,830";"1,806";"0,915";"0,891";
"11/12/2023 12:20";"5,723";"0,000";"5,094";"0,000";"6,056";"0,000";"16,873";"0,000";"1,538";"0,000";"0,000";"0,043";"6,227";"5,598";"6,559";"18,384";"1,511";"0,766";"0,745";
"11/12/2023 12:30";"5,307";"0,000";"4,855";"0,000";"5,952";"0,000";"16,114";"0,000";"1,441";"0,000";"0,000";"0,075";"5,831";"5,380";"6,477";"17,688";"1,574";"0,798";"0,776";
"11/12/2023 12:40";"6,044";"0,000";"5,349";"0,000";"6,292";"0,000";"17,685";"0,000";"3,319";"0,000";"0,000";"0,111";"6,524";"5,829";"6,772";"19,126";"1,441";"0,732";"0,709";
"11/12/2023 12:50";"5,116";"0,000";"4,235";"0,000";"4,983";"0,000";"14,334";"0,000";"2,201";"0,000";"0,000";"0,367";"5,677";"4,796";"5,544";"16,017";"1,683";"0,854";"0,829";
"11/12/2023 13:00";"5,219";"0,000";"4,546";"0,000";"5,179";"0,000";"14,943";"0,000";"1,675";"0,000";"0,000";"0,377";"5,593";"4,920";"5,553";"16,065";"1,122";"0,571";"0,551";
"11/12/2023 13:10";"4,830";"0,000";"3,872";"0,000";"4,480";"0,000";"13,183";"0,000";"1,357";"0,000";"0,000";"0,342";"5,323";"4,365";"4,972";"14,661";"1,478";"0,750";"0,728";
"11/12/2023 13:20";"5,167";"0,000";"4,119";"0,000";"4,827";"0,000";"14,114";"0,000";"1,970";"0,000";"0,000";"0,454";"5,876";"4,828";"5,536";"16,241";"2,127";"1,077";"1,050";
"11/12/2023 13:30";"5,152";"0,000";"4,466";"0,000";"5,132";"0,000";"14,750";"0,000";"1,578";"0,000";"0,000";"0,344";"5,860";"5,175";"5,841";"16,876";"2,126";"1,077";"1,049";
"11/12/2023 13:40";"4,196";"0,000";"3,592";"0,000";"4,101";"0,000";"11,888";"0,000";"2,025";"0,000";"0,000";"0,212";"4,836";"4,232";"4,741";"13,808";"1,920";"0,973";"0,947";
"11/12/2023 13:50";"3,686";"0,000";"3,042";"0,000";"3,543";"0,000";"10,271";"0,000";"1,009";"0,000";"0,000";"0,333";"4,270";"3,626";"4,128";"12,024";"1,753";"0,889";"0,864";
"11/12/2023 14:00";"3,732";"0,000";"3,212";"0,000";"3,752";"0,000";"10,696";"0,000";"1,128";"0,000";"0,000";"0,338";"4,293";"3,774";"4,313";"12,381";"1,685";"0,855";"0,830";
"11/12/2023 14:10";"5,849";"0,000";"5,363";"0,000";"5,734";"0,000";"16,946";"0,000";"0,961";"0,000";"0,000";"0,378";"6,334";"5,848";"6,220";"18,402";"1,456";"0,739";"0,717";
"11/12/2023 14:20";"5,704";"0,000";"5,370";"0,000";"5,625";"0,000";"16,699";"0,000";"1,036";"0,000";"0,000";"0,346";"6,205";"5,871";"6,126";"18,201";"1,502";"0,762";"0,740";
"11/12/2023 14:30";"4,610";"0,000";"4,282";"0,000";"4,586";"0,000";"13,478";"0,000";"0,863";"0,000";"0,000";"0,165";"5,213";"4,885";"5,189";"15,287";"1,809";"0,917";"0,892";
"11/12/2023 14:40";"5,801";"0,000";"5,485";"0,000";"5,732";"0,000";"17,018";"0,000";"1,171";"0,000";"0,000";"0,331";"6,397";"6,081";"6,328";"18,806";"1,788";"0,908";"0,880";
"11/12/2023 14:50";"5,579";"0,000";"5,171";"0,000";"5,502";"0,000";"16,253";"0,000";"1,084";"0,000";"0,000";"0,326";"6,104";"5,696";"6,027";"17,827";"1,574";"0,798";"0,776";
"11/12/2023 15:00";"5,875";"0,000";"5,419";"0,000";"5,785";"0,000";"17,079";"0,000";"1,050";"0,000";"0,000";"0,328";"6,184";"5,728";"6,093";"18,005";"0,926";"0,471";"0,455";
"11/12/2023 15:10";"5,398";"0,000";"4,989";"0,000";"5,309";"0,000";"15,696";"0,000";"1,037";"0,000";"0,000";"0,331";"5,802";"5,393";"5,712";"16,906";"1,210";"0,614";"0,596";
"11/12/2023 15:20";"4,709";"0,000";"4,276";"0,000";"4,633";"0,000";"13,618";"0,000";"1,038";"0,000";"0,000";"0,401";"5,131";"4,699";"5,056";"14,886";"1,268";"0,644";"0,624";
"11/12/2023 15:30";"4,475";"0,000";"4,069";"0,000";"4,424";"0,000";"12,968";"0,000";"0,910";"0,000";"0,000";"0,323";"4,731";"4,325";"4,681";"13,737";"0,769";"0,392";"0,377";
"11/12/2023 15:40";"4,435";"0,000";"4,063";"0,000";"4,394";"0,000";"12,892";"0,000";"0,784";"0,000";"0,000";"0,279";"4,586";"4,214";"4,545";"13,345";"0,453";"0,232";"0,221";
"11/12/2023 15:50";"4,805";"0,000";"4,379";"0,000";"4,712";"0,000";"13,896";"0,000";"1,175";"0,000";"0,000";"0,421";"4,895";"4,469";"4,802";"14,167";"0,271";"0,140";"0,131";
"11/12/2023 16:00";"5,589";"0,000";"5,202";"0,000";"5,560";"0,000";"16,351";"0,000";"1,001";"0,000";"0,000";"0,353";"5,680";"5,292";"5,650";"16,622";"0,271";"0,140";"0,131";
"11/12/2023 16:10";"4,576";"0,000";"4,130";"0,000";"4,528";"0,000";"13,234";"0,000";"0,902";"0,000";"0,000";"0,286";"4,654";"4,209";"4,607";"13,469";"0,235";"0,121";"0,114";
"11/12/2023 16:20";"4,475";"0,000";"4,000";"0,000";"4,390";"0,000";"12,865";"0,000";"1,015";"0,000";"0,000";"0,351";"4,571";"4,096";"4,485";"13,151";"0,286";"0,147";"0,139";
"11/12/2023 16:30";"4,317";"0,000";"3,895";"0,000";"4,306";"0,000";"12,518";"0,000";"0,698";"0,000";"0,000";"0,251";"4,418";"3,996";"4,407";"12,821";"0,303";"0,155";"0,148";
"11/12/2023 16:40";"4,280";"0,000";"3,837";"0,000";"4,457";"0,000";"12,574";"0,000";"0,611";"0,000";"0,000";"0,134";"4,327";"3,884";"4,504";"12,715";"0,141";"0,073";"0,068";
"11/12/2023 16:50";"4,626";"0,000";"4,004";"0,000";"4,745";"0,000";"13,375";"0,000";"0,888";"0,000";"0,000";"0,183";"4,649";"4,027";"4,768";"13,444";"0,069";"0,036";"0,033";
"11/12/2023 17:00";"4,240";"0,000";"3,798";"0,000";"4,526";"0,000";"12,565";"0,000";"0,852";"0,000";"0,000";"0,207";"4,251";"3,810";"4,538";"12,599";"0,034";"0,018";"0,016";
"11/12/2023 17:10";"4,269";"0,000";"3,824";"0,000";"4,568";"0,000";"12,660";"0,000";"0,803";"0,000";"0,000";"0,224";"4,281";"3,836";"4,581";"12,698";"0,038";"0,020";"0,018";
"11/12/2023 17:20";"4,449";"0,000";"4,014";"0,000";"4,525";"0,000";"12,989";"0,000";"0,891";"0,000";"0,000";"0,356";"4,460";"4,025";"4,536";"13,021";"0,032";"0,017";"0,015";
"11/12/2023 17:30";"4,248";"0,000";"3,917";"0,000";"4,229";"0,000";"12,394";"0,000";"0,801";"0,000";"0,000";"0,265";"4,249";"3,918";"4,230";"12,397";"0,003";"0,002";"0,001";
"11/12/2023 17:40";"5,333";"0,000";"4,891";"0,000";"5,193";"0,000";"15,418";"0,000";"1,058";"0,000";"0,000";"0,272";"5,333";"4,891";"5,193";"15,418";"0,000";"0,000";"0,000";
"11/12/2023 17:50";"6,310";"0,000";"5,859";"0,000";"6,145";"0,000";"18,315";"0,000";"1,136";"0,000";"0,000";"0,296";"6,310";"5,859";"6,145";"18,315";"0,000";"0,000";"0,000";
"11/12/2023 18:00";"6,040";"0,000";"5,578";"0,000";"5,928";"0,000";"17,546";"0,000";"1,141";"0,000";"0,000";"0,266";"6,040";"5,578";"5,928";"17,546";"0,000";"0,000";"0,000";
"11/12/2023 18:10";"5,194";"0,000";"4,479";"0,000";"4,904";"0,000";"14,577";"0,000";"1,372";"0,000";"0,000";"0,216";"5,194";"4,479";"4,904";"14,577";"0,000";"0,000";"0,000";
"11/12/2023 18:20";"5,403";"0,000";"4,842";"0,000";"5,279";"0,000";"15,524";"0,000";"1,340";"0,000";"0,000";"0,356";"5,403";"4,842";"5,279";"15,524";"0,000";"0,000";"0,000";
"11/12/2023 18:30";"5,337";"0,000";"4,820";"0,000";"5,228";"0,000";"15,385";"0,000";"1,755";"0,000";"0,000";"0,248";"5,337";"4,820";"5,228";"15,385";"0,000";"0,000";"0,000";
"11/12/2023 18:40";"5,323";"0,000";"4,739";"0,000";"5,107";"0,000";"15,168";"0,000";"1,580";"0,000";"0,000";"0,299";"5,323";"4,739";"5,107";"15,168";"0,000";"0,000";"0,000";
"11/12/2023 18:50";"5,436";"0,000";"4,836";"0,000";"5,185";"0,000";"15,456";"0,000";"1,439";"0,000";"0,000";"0,242";"5,436";"4,836";"5,185";"15,456";"0,000";"0,000";"0,000";
"11/12/2023 19:00";"6,092";"0,000";"5,538";"0,000";"5,840";"0,000";"17,470";"0,000";"1,550";"0,000";"0,000";"0,309";"6,092";"5,538";"5,840";"17,470";"0,000";"0,000";"0,000";
"11/12/2023 19:10";"6,318";"0,000";"5,728";"0,000";"6,139";"0,000";"18,186";"0,000";"1,812";"0,000";"0,000";"0,262";"6,318";"5,728";"6,139";"18,186";"0,000";"0,000";"0,000";
"11/12/2023 19:20";"6,406";"0,000";"5,780";"0,000";"6,151";"0,000";"18,338";"0,000";"1,582";"0,000";"0,000";"0,285";"6,406";"5,780";"6,151";"18,338";"0,000";"0,000";"0,000";
"11/12/2023 19:30";"5,874";"0,000";"5,436";"0,000";"5,850";"0,000";"17,160";"0,000";"1,062";"0,000";"0,000";"0,371";"5,874";"5,436";"5,850";"17,160";"0,000";"0,000";"0,000";
"11/12/2023 19:40";"5,468";"0,000";"5,105";"0,000";"5,468";"0,000";"16,042";"0,000";"0,953";"0,000";"0,000";"0,352";"5,468";"5,105";"5,468";"16,042";"0,000";"0,000";"0,000";
"11/12/2023 19:50";"4,636";"0,000";"4,326";"0,000";"4,711";"0,000";"13,673";"0,000";"0,825";"0,000";"0,000";"0,346";"4,636";"4,326";"4,711";"13,673";"0,000";"0,000";"0,000";
"11/12/2023 20:00";"4,426";"0,000";"4,060";"0,000";"4,646";"0,000";"13,132";"0,000";"0,925";"0,000";"0,000";"0,303";"4,426";"4,060";"4,646";"13,132";"0,000";"0,000";"0,000";
"11/12/2023 20:10";"5,064";"0,000";"4,840";"0,000";"5,593";"0,000";"15,498";"0,000";"1,006";"0,000";"0,000";"0,188";"5,064";"4,840";"5,593";"15,498";"0,000";"0,000";"0,000";
"11/12/2023 20:20";"5,971";"0,000";"5,852";"0,000";"6,578";"0,000";"18,401";"0,000";"1,119";"0,000";"0,000";"0,323";"5,971";"5,852";"6,578";"18,401";"0,000";"0,000";"0,000";
"11/12/2023 20:30";"3,417";"0,000";"3,293";"0,000";"4,052";"0,000";"10,762";"0,000";"0,955";"0,000";"0,000";"0,585";"3,417";"3,293";"4,052";"10,762";"0,000";"0,000";"0,000";
"11/12/2023 20:40";"2,756";"0,000";"2,625";"0,000";"3,393";"0,000";"8,774";"0,000";"0,884";"0,000";"0,000";"0,292";"2,756";"2,625";"3,393";"8,774";"0,000";"0,000";"0,000";
"11/12/2023 20:50";"2,983";"0,000";"2,595";"0,000";"3,441";"0,000";"9,020";"0,000";"0,623";"0,000";"0,000";"0,272";"2,983";"2,595";"3,441";"9,020";"0,000";"0,000";"0,000";
"11/12/2023 21:00";"2,299";"0,000";"1,695";"0,000";"2,286";"0,000";"6,280";"0,000";"0,455";"0,000";"0,000";"0,702";"2,299";"1,695";"2,286";"6,280";"0,000";"0,000";"0,000";
"11/12/2023 21:10";"1,198";"0,000";"0,468";"0,000";"0,682";"0,000";"2,349";"0,000";"0,000";"0,000";"0,000";"0,249";"1,198";"0,468";"0,682";"2,349";"0,000";"0,000";"0,000";
"11/12/2023 21:20";"1,022";"0,000";"0,538";"0,000";"0,694";"0,000";"2,254";"0,000";"0,000";"0,000";"0,000";"0,188";"1,022";"0,538";"0,694";"2,254";"0,000";"0,000";"0,000";
"11/12/2023 21:30";"0,942";"0,000";"0,730";"0,000";"0,955";"0,000";"2,627";"0,000";"0,030";"0,000";"0,000";"0,312";"0,942";"0,730";"0,955";"2,627";"0,000";"0,000";"0,000";
"11/12/2023 21:40";"0,769";"0,000";"0,528";"0,000";"0,696";"0,000";"1,993";"0,000";"0,000";"0,000";"0,000";"0,167";"0,769";"0,528";"0,696";"1,993";"0,000";"0,000";"0,000";
"11/12/2023 21:50";"0,806";"0,000";"0,544";"0,000";"0,725";"0,000";"2,074";"0,000";"0,000";"0,000";"0,000";"0,165";"0,806";"0,544";"0,725";"2,074";"0,000";"0,000";"0,000";
"11/12/2023 22:00";"0,931";"0,000";"0,738";"0,000";"0,922";"0,000";"2,591";"0,000";"0,041";"0,000";"0,000";"0,246";"0,931";"0,738";"0,922";"2,591";"0,000";"0,000";"0,000";
"11/12/2023 22:10";"0,815";"0,000";"0,541";"0,000";"0,661";"0,000";"2,017";"0,000";"0,000";"0,000";"0,000";"0,152";"0,815";"0,541";"0,661";"2,017";"0,000";"0,000";"0,000";
"11/12/2023 22:20";"0,671";"0,000";"0,599";"0,000";"0,724";"0,000";"1,994";"0,000";"0,002";"0,000";"0,000";"0,061";"0,671";"0,599";"0,724";"1,994";"0,000";"0,000";"0,000";
"11/12/2023 22:30";"0,773";"0,000";"0,687";"0,000";"0,851";"0,000";"2,311";"0,000";"0,041";"0,000";"0,000";"0,241";"0,773";"0,687";"0,851";"2,311";"0,000";"0,000";"0,000";
"11/12/2023 22:40";"0,649";"0,000";"0,569";"0,000";"0,723";"0,000";"1,941";"0,000";"0,000";"0,000";"0,000";"0,094";"0,649";"0,569";"0,723";"1,941";"0,000";"0,000";"0,000";
"11/12/2023 22:50";"0,514";"0,000";"0,475";"0,000";"0,610";"0,000";"1,600";"0,000";"0,000";"0,000";"0,000";"0,189";"0,514";"0,475";"0,610";"1,600";"0,000";"0,000";"0,000";
"11/12/2023 23:00";"0,630";"0,000";"0,640";"0,000";"0,799";"0,000";"2,069";"0,000";"0,044";"0,000";"0,000";"0,209";"0,630";"0,640";"0,799";"2,069";"0,000";"0,000";"0,000";
"11/12/2023 23:10";"0,718";"0,000";"0,570";"0,000";"0,696";"0,000";"1,983";"0,000";"0,000";"0,000";"0,000";"0,083";"0,718";"0,570";"0,696";"1,983";"0,000";"0,000";"0,000";
"11/12/2023 23:20";"0,726";"0,000";"0,572";"0,000";"0,718";"0,000";"2,015";"0,000";"0,007";"0,000";"0,000";"0,054";"0,726";"0,572";"0,718";"2,015";"0,000";"0,000";"0,000";
"11/12/2023 23:30";"1,329";"0,000";"0,697";"0,000";"0,829";"0,000";"2,855";"0,000";"0,114";"0,000";"0,000";"0,173";"1,329";"0,697";"0,829";"2,855";"0,000";"0,000";"0,000";
"11/12/2023 23:40";"1,039";"0,000";"0,551";"0,000";"0,613";"0,000";"2,203";"0,000";"0,008";"0,000";"0,000";"0,145";"1,039";"0,551";"0,613";"2,203";"0,000";"0,000";"0,000";
"11/12/2023 23:50";"0,741";"0,000";"0,604";"0,000";"0,657";"0,000";"2,003";"0,000";"0,008";"0,000";"0,000";"0,054";"0,741";"0,604";"0,657";"2,003";"0,000";"0,000";"0,000";
"12/12/2023 00:00";"0,861";"0,000";"0,679";"0,000";"0,770";"0,000";"2,310";"0,000";"0,068";"0,000";"0,000";"0,224";"0,861";"0,679";"0,770";"2,310";"0,000";"0,000";"0,000";
"12/12/2023 00:10";"0,607";"0,000";"0,539";"0,000";"0,596";"0,000";"1,742";"0,000";"0,022";"0,000";"0,000";"0,183";"0,607";"0,539";"0,596";"1,742";"0,000";"0,000";"0,000";
"12/12/2023 00:20";"0,633";"0,000";"0,588";"0,000";"0,647";"0,000";"1,868";"0,000";"0,000";"0,000";"0,000";"0,113";"0,633";"0,588";"0,647";"1,868";"0,000";"0,000";"0,000";
"12/12/2023 00:30";"0,898";"0,000";"0,560";"0,000";"0,691";"0,000";"2,149";"0,000";"0,055";"0,000";"0,000";"0,178";"0,898";"0,560";"0,691";"2,149";"0,000";"0,000";"0,000";
"12/12/2023 00:40";"0,723";"0,000";"0,682";"0,000";"0,860";"0,000";"2,265";"0,000";"0,052";"0,000";"0,000";"0,083";"0,723";"0,682";"0,860";"2,265";"0,000";"0,000";"0,000";
"12/12/2023 00:50";"0,650";"0,000";"0,621";"0,000";"0,719";"0,000";"1,989";"0,000";"0,000";"0,000";"0,000";"0,186";"0,650";"0,621";"0,719";"1,989";"0,000";"0,000";"0,000";
"12/12/2023 01:00";"0,835";"0,000";"0,567";"0,000";"0,613";"0,000";"2,015";"0,000";"0,025";"0,000";"0,000";"0,252";"0,835";"0,567";"0,613";"2,015";"0,000";"0,000";"0,000";
"12/12/2023 01:10";"0,746";"0,000";"0,725";"0,000";"0,847";"0,000";"2,318";"0,000";"0,015";"0,000";"0,000";"0,095";"0,746";"0,725";"0,847";"2,318";"0,000";"0,000";"0,000";
"12/12/2023 01:20";"0,698";"0,000";"0,468";"0,000";"0,560";"0,000";"1,726";"0,000";"0,000";"0,000";"0,000";"0,232";"0,698";"0,468";"0,560";"1,726";"0,000";"0,000";"0,000";
"12/12/2023 01:30";"0,768";"0,000";"0,560";"0,000";"0,618";"0,000";"1,946";"0,000";"0,000";"0,000";"0,000";"0,132";"0,768";"0,560";"0,618";"1,946";"0,000";"0,000";"0,000";
"12/12/2023 01:40";"0,798";"0,000";"0,769";"0,000";"0,815";"0,000";"2,382";"0,000";"0,172";"0,000";"0,000";"0,071";"0,798";"0,769";"0,815";"2,382";"0,000";"0,000";"0,000";
"12/12/2023 01:50";"1,041";"0,000";"0,571";"0,000";"0,613";"0,000";"2,224";"0,000";"0,000";"0,000";"0,000";"0,196";"1,041";"0,571";"0,613";"2,224";"0,000";"0,000";"0,000";
"12/12/2023 02:00";"0,619";"0,000";"0,621";"0,000";"0,655";"0,000";"1,894";"0,000";"0,003";"0,000";"0,000";"0,074";"0,619";"0,621";"0,655";"1,894";"0,000";"0,000";"0,000";
"12/12/2023 02:10";"0,790";"0,000";"0,763";"0,000";"0,826";"0,000";"2,378";"0,000";"0,171";"0,000";"0,000";"0,083";"0,790";"0,763";"0,826";"2,378";"0,000";"0,000";"0,000";
"12/12/2023 02:20";"0,530";"0,000";"0,448";"0,000";"0,555";"0,000";"1,533";"0,000";"0,000";"0,000";"0,000";"0,189";"0,530";"0,448";"0,555";"1,533";"0,000";"0,000";"0,000";
"12/12/2023 02:30";"0,580";"0,000";"0,531";"0,000";"0,606";"0,000";"1,717";"0,000";"0,000";"0,000";"0,000";"0,185";"0,580";"0,531";"0,606";"1,717";"0,000";"0,000";"0,000";
"12/12/2023 02:40";"0,732";"0,000";"0,789";"0,000";"0,879";"0,000";"2,401";"0,000";"0,039";"0,000";"0,000";"0,237";"0,732";"0,789";"0,879";"2,401";"0,000";"0,000";"0,000";
"12/12/2023 02:50";"1,117";"0,000";"0,730";"0,000";"0,648";"0,000";"2,495";"0,000";"0,000";"0,000";"0,000";"0,285";"1,117";"0,730";"0,648";"2,495";"0,000";"0,000";"0,000";
"12/12/2023 03:00";"0,694";"0,000";"0,490";"0,000";"0,563";"0,000";"1,748";"0,000";"0,000";"0,000";"0,000";"0,186";"0,694";"0,490";"0,563";"1,748";"0,000";"0,000";"0,000";
"12/12/2023 03:10";"0,819";"0,000";"0,777";"0,000";"0,938";"0,000";"2,534";"0,000";"0,146";"0,000";"0,000";"0,166";"0,819";"0,777";"0,938";"2,534";"0,000";"0,000";"0,000";
"12/12/2023 03:20";"0,615";"0,000";"0,583";"0,000";"0,796";"0,000";"1,994";"0,000";"0,001";"0,000";"0,000";"0,241";"0,615";"0,583";"0,796";"1,994";"0,000";"0,000";"0,000";
"12/12/2023 03:30";"0,514";"0,000";"0,455";"0,000";"0,732";"0,000";"1,702";"0,000";"0,000";"0,000";"0,000";"0,218";"0,514";"0,455";"0,732";"1,702";"0,000";"0,000";"0,000";
"12/12/2023 03:40";"0,901";"0,000";"0,736";"0,000";"0,908";"0,000";"2,545";"0,000";"0,033";"0,000";"0,000";"0,146";"0,901";"0,736";"0,908";"2,545";"0,000";"0,000";"0,000";
"12/12/2023 03:50";"0,953";"0,000";"0,594";"0,000";"0,621";"0,000";"2,168";"0,000";"0,000";"0,000";"0,000";"0,099";"0,953";"0,594";"0,621";"2,168";"0,000";"0,000";"0,000";
"12/12/2023 04:00";"1,098";"0,000";"0,822";"0,000";"0,627";"0,000";"2,547";"0,000";"0,000";"0,000";"0,000";"0,196";"1,098";"0,822";"0,627";"2,547";"0,000";"0,000";"0,000";
"12/12/2023 04:10";"0,781";"0,000";"0,671";"0,000";"0,777";"0,000";"2,229";"0,000";"0,033";"0,000";"0,000";"0,227";"0,781";"0,671";"0,777";"2,229";"0,000";"0,000";"0,000";
"12/12/2023 04:20";"0,648";"0,000";"0,599";"0,000";"0,674";"0,000";"1,921";"0,000";"0,000";"0,000";"0,000";"0,104";"0,648";"0,599";"0,674";"1,921";"0,000";"0,000";"0,000";
"12/12/2023 04:30";"0,676";"0,000";"0,592";"0,000";"0,823";"0,000";"2,092";"0,000";"0,003";"0,000";"0,000";"0,141";"0,676";"0,592";"0,823";"2,092";"0,000";"0,000";"0,000";
"12/12/2023 04:40";"0,845";"0,000";"0,638";"0,000";"0,906";"0,000";"2,389";"0,000";"0,051";"0,000";"0,000";"0,240";"0,845";"0,638";"0,906";"2,389";"0,000";"0,000";"0,000";
"12/12/2023 04:50";"0,626";"0,000";"0,572";"0,000";"0,815";"0,000";"2,012";"0,000";"0,000";"0,000";"0,000";"0,100";"0,626";"0,572";"0,815";"2,013";"0,000";"0,000";"0,000";
"12/12/2023 05:00";"0,652";"0,000";"0,622";"0,000";"0,855";"0,000";"2,129";"0,000";"0,001";"0,000";"0,000";"0,113";"0,652";"0,622";"0,855";"2,129";"0,000";"0,000";"0,000";
"12/12/2023 05:10";"1,009";"0,000";"0,727";"0,000";"0,985";"0,000";"2,721";"0,000";"0,052";"0,000";"0,000";"0,329";"1,009";"0,727";"0,985";"2,721";"0,000";"0,000";"0,000";
"12/12/2023 05:20";"0,610";"0,000";"0,493";"0,000";"0,585";"0,000";"1,688";"0,000";"0,000";"0,000";"0,000";"0,167";"0,610";"0,493";"0,585";"1,688";"0,000";"0,000";"0,000";
"12/12/2023 05:30";"1,261";"0,000";"1,045";"0,000";"0,954";"0,000";"3,261";"0,000";"0,045";"0,000";"0,000";"0,092";"1,261";"1,045";"0,954";"3,261";"0,000";"0,000";"0,000";
"12/12/2023 05:40";"2,086";"0,000";"1,554";"0,000";"1,501";"0,000";"5,141";"0,000";"0,085";"0,000";"0,000";"0,134";"2,086";"1,554";"1,501";"5,141";"0,000";"0,000";"0,000";
"12/12/2023 05:50";"1,984";"0,000";"1,403";"0,000";"1,393";"0,000";"4,780";"0,000";"0,000";"0,000";"0,000";"0,160";"1,984";"1,403";"1,393";"4,780";"0,000";"0,000";"0,000";
"12/12/2023 06:00";"3,249";"0,000";"2,918";"0,000";"3,726";"0,000";"9,892";"0,000";"0,507";"0,000";"0,000";"0,397";"3,249";"2,918";"3,726";"9,892";"0,000";"0,000";"0,000";
"12/12/2023 06:10";"3,853";"0,000";"3,418";"0,000";"4,245";"0,000";"11,516";"0,000";"1,243";"0,000";"0,000";"0,229";"3,853";"3,418";"4,245";"11,516";"0,000";"0,000";"0,000";
"12/12/2023 06:20";"4,551";"0,000";"3,798";"0,000";"4,647";"0,000";"12,996";"0,000";"0,674";"0,000";"0,000";"0,378";"4,551";"3,798";"4,647";"12,996";"0,000";"0,000";"0,000";
"12/12/2023 06:30";"4,720";"0,000";"3,794";"0,000";"4,638";"0,000";"13,151";"0,000";"0,814";"0,000";"0,000";"0,395";"4,720";"3,794";"4,638";"13,151";"0,000";"0,000";"0,000";
"12/12/2023 06:40";"4,338";"0,000";"3,457";"0,000";"4,474";"0,000";"12,269";"0,000";"0,993";"0,000";"0,000";"0,489";"4,338";"3,457";"4,474";"12,269";"0,000";"0,000";"0,000";
"12/12/2023 06:50";"4,922";"0,000";"4,123";"0,000";"5,055";"0,000";"14,100";"0,000";"1,499";"0,000";"0,000";"0,274";"4,922";"4,123";"5,055";"14,100";"0,000";"0,000";"0,000";
"12/12/2023 07:00";"4,449";"0,000";"3,677";"0,000";"4,510";"0,000";"12,636";"0,000";"0,981";"0,000";"0,000";"0,318";"4,449";"3,677";"4,510";"12,636";"0,000";"0,000";"0,000";
"12/12/2023 07:10";"4,914";"0,000";"4,121";"0,000";"5,122";"0,000";"14,157";"0,000";"0,743";"0,000";"0,000";"0,573";"4,914";"4,121";"5,122";"14,157";"0,000";"0,000";"0,000";
"12/12/2023 07:20";"4,698";"0,000";"3,719";"0,000";"4,716";"0,000";"13,133";"0,000";"0,806";"0,000";"0,000";"0,415";"4,698";"3,719";"4,716";"13,133";"0,000";"0,000";"0,000";
"12/12/2023 07:30";"3,754";"0,000";"3,242";"0,000";"4,200";"0,000";"11,196";"0,000";"0,575";"0,000";"0,000";"0,292";"3,754";"3,242";"4,200";"11,196";"0,000";"0,000";"0,000";
"12/12/2023 07:40";"3,819";"0,000";"3,306";"0,000";"4,193";"0,000";"11,318";"0,000";"0,777";"0,000";"0,000";"0,346";"3,819";"3,306";"4,193";"11,318";"0,000";"0,000";"0,000";
"12/12/2023 07:50";"4,560";"0,000";"3,549";"0,000";"4,445";"0,000";"12,554";"0,000";"0,566";"0,000";"0,000";"0,477";"4,560";"3,549";"4,445";"12,554";"0,000";"0,000";"0,000";
"12/12/2023 08:00";"4,444";"0,000";"3,517";"0,000";"4,448";"0,000";"12,410";"0,000";"0,738";"0,000";"0,000";"0,572";"4,444";"3,517";"4,448";"12,410";"0,000";"0,000";"0,000";
"12/12/2023 08:10";"4,131";"0,000";"3,294";"0,000";"4,288";"0,000";"11,713";"0,000";"0,890";"0,000";"0,000";"0,283";"4,131";"3,294";"4,288";"11,713";"0,000";"0,000";"0,000";
"12/12/2023 08:20";"3,879";"0,000";"3,144";"0,000";"4,052";"0,000";"11,075";"0,000";"1,367";"0,000";"0,000";"0,779";"3,879";"3,144";"4,052";"11,075";"0,000";"0,000";"0,000";
"12/12/2023 08:30";"4,198";"0,000";"3,363";"0,000";"4,168";"0,000";"11,729";"0,000";"1,280";"0,000";"0,000";"0,253";"4,198";"3,363";"4,168";"11,729";"0,000";"0,000";"0,000";
"12/12/2023 08:40";"3,827";"0,000";"3,000";"0,000";"3,837";"0,000";"10,664";"0,000";"1,008";"0,000";"0,000";"0,218";"3,827";"3,000";"3,837";"10,664";"0,000";"0,000";"0,000";
"12/12/2023 08:50";"4,541";"0,000";"3,817";"0,000";"4,758";"0,000";"13,117";"0,000";"0,945";"0,000";"0,000";"0,401";"4,541";"3,817";"4,758";"13,117";"0,000";"0,000";"0,000";
"12/12/2023 09:00";"5,496";"0,000";"4,742";"0,000";"5,720";"0,000";"15,957";"0,000";"1,447";"0,000";"0,000";"0,239";"5,496";"4,742";"5,720";"15,957";"0,000";"0,000";"0,000";
"12/12/2023 09:10";"5,366";"0,000";"4,470";"0,000";"5,350";"0,000";"15,185";"0,000";"1,301";"0,000";"0,000";"0,177";"5,366";"4,470";"5,350";"15,185";"0,000";"0,000";"0,000";
"12/12/2023 09:20";"6,737";"0,000";"6,235";"0,000";"7,007";"0,000";"19,979";"0,000";"2,122";"0,000";"0,000";"0,021";"6,737";"6,235";"7,007";"19,979";"0,000";"0,000";"0,000";
"12/12/2023 09:30";"7,277";"0,000";"7,028";"0,000";"7,798";"0,000";"22,103";"0,000";"1,649";"0,000";"0,000";"0,008";"7,277";"7,028";"7,798";"22,103";"0,000";"0,000";"0,000";
"12/12/2023 09:40";"7,902";"0,000";"7,173";"0,000";"7,911";"0,000";"22,986";"0,000";"2,292";"0,000";"0,000";"0,007";"7,902";"7,173";"7,911";"22,986";"0,000";"0,000";"0,000";
"12/12/2023 09:50";"6,519";"0,000";"6,044";"0,000";"6,760";"0,000";"19,323";"0,000";"1,081";"0,000";"0,000";"0,134";"6,519";"6,044";"6,760";"19,323";"0,000";"0,000";"0,000";
"12/12/2023 10:00";"6,302";"0,000";"5,855";"0,000";"6,287";"0,000";"18,443";"0,000";"0,483";"0,000";"0,000";"0,289";"6,373";"5,926";"6,358";"18,656";"0,213";"0,109";"0,104";
"12/12/2023 10:10";"6,160";"0,000";"5,635";"0,000";"6,157";"0,000";"17,952";"0,000";"0,485";"0,000";"0,000";"0,299";"6,282";"5,757";"6,279";"18,318";"0,366";"0,187";"0,179";
"12/12/2023 10:20";"6,476";"0,000";"5,784";"0,000";"6,556";"0,000";"18,817";"0,000";"1,188";"0,000";"0,000";"0,128";"6,614";"5,922";"6,694";"19,229";"0,412";"0,211";"0,201";
"12/12/2023 10:30";"6,896";"0,000";"6,229";"0,000";"6,958";"0,000";"20,083";"0,000";"2,079";"0,000";"0,000";"0,056";"7,026";"6,359";"7,089";"20,474";"0,391";"0,200";"0,191";
"12/12/2023 10:40";"7,149";"0,000";"6,347";"0,000";"7,045";"0,000";"20,542";"0,000";"1,938";"0,000";"0,000";"0,015";"7,356";"6,554";"7,252";"21,163";"0,621";"0,317";"0,304";
"12/12/2023 10:50";"7,133";"0,000";"6,447";"0,000";"7,140";"0,000";"20,720";"0,000";"2,162";"0,000";"0,000";"0,021";"7,458";"6,773";"7,466";"21,696";"0,976";"0,497";"0,479";
"12/12/2023 11:00";"8,654";"0,000";"7,989";"0,000";"8,555";"0,000";"25,197";"0,000";"3,152";"0,000";"0,000";"0,010";"9,074";"8,409";"8,975";"26,457";"1,260";"0,641";"0,619";
"12/12/2023 11:10";"9,472";"0,000";"8,836";"0,000";"9,655";"0,000";"27,963";"0,000";"4,454";"0,000";"0,000";"0,000";"9,940";"9,304";"10,124";"29,368";"1,405";"0,714";"0,691";
"12/12/2023 11:20";"9,305";"0,000";"8,644";"0,000";"9,417";"0,000";"27,366";"0,000";"4,533";"0,000";"0,000";"0,000";"9,722";"9,062";"9,834";"28,619";"1,253";"0,637";"0,616";
"12/12/2023 11:30";"10,145";"0,000";"9,368";"0,000";"10,230";"0,000";"29,744";"0,000";"5,812";"0,000";"0,000";"0,000";"10,512";"9,735";"10,598";"30,846";"1,102";"0,560";"0,542";
"12/12/2023 11:40";"9,156";"0,000";"8,574";"0,000";"9,387";"0,000";"27,116";"0,000";"6,081";"0,000";"0,000";"0,000";"9,489";"8,907";"9,720";"28,116";"1,000";"0,509";"0,491";
"12/12/2023 11:50";"8,787";"0,000";"8,172";"0,000";"9,090";"0,000";"26,050";"0,000";"4,020";"0,000";"0,000";"0,000";"9,299";"8,684";"9,603";"27,587";"1,537";"0,780";"0,757";
"12/12/2023 12:00";"8,084";"0,000";"7,163";"0,000";"7,905";"0,000";"23,152";"0,000";"2,461";"0,000";"0,000";"0,177";"8,395";"7,474";"8,216";"24,086";"0,934";"0,475";"0,459";
"12/12/2023 12:10";"4,876";"0,000";"4,220";"0,000";"4,800";"0,000";"13,896";"0,000";"1,873";"0,000";"0,000";"0,274";"5,084";"4,428";"5,008";"14,520";"0,624";"0,319";"0,305";
"12/12/2023 12:20";"8,200";"0,000";"7,501";"0,000";"8,031";"0,000";"23,732";"0,000";"2,813";"0,000";"0,000";"0,018";"8,455";"7,756";"8,286";"24,496";"0,764";"0,389";"0,375";
"12/12/2023 12:30";"8,216";"0,000";"7,365";"0,000";"8,003";"0,000";"23,585";"0,000";"2,388";"0,000";"0,000";"0,033";"8,628";"7,777";"8,415";"24,820";"1,235";"0,627";"0,608";
"12/12/2023 12:40";"8,227";"0,000";"7,590";"0,000";"8,139";"0,000";"23,956";"0,000";"3,258";"0,000";"0,000";"0,004";"8,643";"8,006";"8,555";"25,204";"1,248";"0,634";"0,614";
"12/12/2023 12:50";"6,991";"0,000";"6,127";"0,000";"6,788";"0,000";"19,906";"0,000";"2,278";"0,000";"0,000";"0,005";"7,693";"6,829";"7,490";"22,012";"2,106";"1,069";"1,037";
"12/12/2023 13:00";"5,987";"0,000";"5,478";"0,000";"6,356";"0,000";"17,822";"0,000";"1,623";"0,000";"0,000";"0,072";"6,979";"6,470";"7,347";"20,796";"2,974";"1,505";"1,469";
"12/12/2023 13:10";"5,419";"0,000";"4,822";"0,000";"5,775";"0,000";"16,016";"0,000";"1,364";"0,000";"0,000";"0,346";"6,665";"6,068";"7,021";"19,754";"3,738";"1,893";"1,845";
"12/12/2023 13:20";"5,282";"0,000";"4,783";"0,000";"5,640";"0,000";"15,705";"0,000";"1,095";"0,000";"0,000";"0,267";"5,960";"5,461";"6,318";"17,739";"2,034";"1,028";"1,006";
"12/12/2023 13:30";"4,831";"0,000";"4,419";"0,000";"5,187";"0,000";"14,437";"0,000";"1,044";"0,000";"0,000";"0,219";"5,555";"5,143";"5,911";"16,610";"2,173";"1,099";"1,074";
"12/12/2023 13:40";"4,105";"0,000";"3,502";"0,000";"4,396";"0,000";"12,003";"0,000";"1,203";"0,000";"0,000";"0,325";"4,881";"4,278";"5,172";"14,331";"2,328";"1,177";"1,151";
"12/12/2023 13:50";"3,468";"0,000";"2,940";"0,000";"3,619";"0,000";"10,027";"0,000";"0,909";"0,000";"0,000";"0,207";"4,131";"3,603";"4,282";"12,016";"1,989";"1,008";"0,981";
"12/12/2023 14:00";"5,267";"0,000";"4,799";"0,000";"5,810";"0,000";"15,876";"0,000";"1,203";"0,000";"0,000";"0,299";"6,026";"5,558";"6,568";"18,152";"2,276";"1,152";"1,124";
"12/12/2023 14:10";"5,515";"0,000";"5,186";"0,000";"6,185";"0,000";"16,886";"0,000";"0,877";"0,000";"0,000";"0,402";"6,164";"5,835";"6,834";"18,833";"1,947";"0,986";"0,961";
"12/12/2023 14:20";"4,959";"0,000";"4,649";"0,000";"5,604";"0,000";"15,212";"0,000";"1,021";"0,000";"0,000";"0,232";"5,544";"5,234";"6,189";"16,968";"1,756";"0,889";"0,867";
"12/12/2023 14:30";"4,297";"0,000";"3,999";"0,000";"4,986";"0,000";"13,281";"0,000";"0,795";"0,000";"0,000";"0,309";"4,888";"4,590";"5,577";"15,054";"1,773";"0,897";"0,876";
"12/12/2023 14:40";"4,043";"0,000";"3,723";"0,000";"4,833";"0,000";"12,598";"0,000";"0,736";"0,000";"0,000";"0,156";"4,446";"4,126";"5,236";"13,807";"1,209";"0,613";"0,596";
"12/12/2023 14:50";"5,075";"0,000";"4,745";"0,000";"5,905";"0,000";"15,725";"0,000";"1,129";"0,000";"0,000";"0,229";"5,830";"5,500";"6,660";"17,990";"2,265";"1,145";"1,120";
"12/12/2023 15:00";"5,483";"0,000";"5,098";"0,000";"6,283";"0,000";"16,864";"0,000";"0,989";"0,000";"0,000";"0,361";"6,135";"5,751";"6,935";"18,821";"1,957";"0,991";"0,966";
"12/12/2023 15:10";"5,622";"0,000";"5,302";"0,000";"6,418";"0,000";"17,342";"0,000";"1,052";"0,000";"0,000";"0,338";"6,085";"5,765";"6,881";"18,731";"1,389";"0,706";"0,683";
"12/12/2023 15:20";"6,140";"0,000";"5,823";"0,000";"6,910";"0,000";"18,873";"0,000";"1,343";"0,000";"0,000";"0,249";"6,656";"6,338";"7,425";"20,420";"1,547";"0,785";"0,762";
"12/12/2023 15:30";"6,258";"0,000";"5,887";"0,000";"6,975";"0,000";"19,120";"0,000";"1,271";"0,000";"0,000";"0,296";"6,715";"6,344";"7,431";"20,490";"1,370";"0,695";"0,675";
"12/12/2023 15:40";"5,399";"0,000";"5,061";"0,000";"6,190";"0,000";"16,650";"0,000";"0,958";"0,000";"0,000";"0,340";"5,656";"5,318";"6,448";"17,422";"0,772";"0,393";"0,379";
"12/12/2023 15:50";"4,081";"0,000";"3,842";"0,000";"5,116";"0,000";"13,039";"0,000";"0,680";"0,000";"0,000";"0,091";"4,264";"4,025";"5,299";"13,588";"0,549";"0,280";"0,269";
"12/12/2023 16:00";"4,301";"0,000";"3,980";"0,000";"5,261";"0,000";"13,541";"0,000";"1,060";"0,000";"0,000";"0,170";"4,695";"4,373";"5,654";"14,722";"1,181";"0,599";"0,582";
"12/12/2023 16:10";"4,092";"0,000";"3,756";"0,000";"5,021";"0,000";"12,869";"0,000";"0,778";"0,000";"0,000";"0,228";"4,342";"4,007";"5,272";"13,621";"0,752";"0,383";"0,369";
"12/12/2023 16:20";"4,118";"0,000";"3,823";"0,000";"5,000";"0,000";"12,940";"0,000";"0,874";"0,000";"0,000";"0,211";"4,238";"3,943";"5,120";"13,300";"0,360";"0,184";"0,176";
"12/12/2023 16:30";"4,249";"0,000";"4,051";"0,000";"5,179";"0,000";"13,479";"0,000";"0,959";"0,000";"0,000";"0,104";"4,436";"4,238";"5,366";"14,040";"0,561";"0,286";"0,275";
"12/12/2023 16:40";"4,365";"0,000";"3,956";"0,000";"4,891";"0,000";"13,213";"0,000";"0,684";"0,000";"0,000";"0,048";"4,496";"4,087";"5,021";"13,604";"0,391";"0,200";"0,191";
"12/12/2023 16:50";"4,124";"0,000";"3,850";"0,000";"4,836";"0,000";"12,810";"0,000";"0,661";"0,000";"0,000";"0,061";"4,199";"3,925";"4,910";"13,033";"0,223";"0,115";"0,108";
"12/12/2023 17:00";"4,243";"0,000";"3,888";"0,000";"4,900";"0,000";"13,031";"0,000";"0,915";"0,000";"0,000";"0,229";"4,329";"3,973";"4,986";"13,288";"0,257";"0,132";"0,125";
"12/12/2023 17:10";"4,184";"0,000";"3,877";"0,000";"4,854";"0,000";"12,915";"0,000";"0,828";"0,000";"0,000";"0,252";"4,237";"3,929";"4,907";"13,073";"0,158";"0,081";"0,077";
"12/12/2023 17:20";"4,175";"0,000";"3,809";"0,000";"4,852";"0,000";"12,835";"0,000";"0,782";"0,000";"0,000";"0,154";"4,213";"3,847";"4,890";"12,950";"0,115";"0,059";"0,056";
"12/12/2023 17:30";"4,367";"0,000";"3,900";"0,000";"4,992";"0,000";"13,260";"0,000";"0,767";"0,000";"0,000";"0,093";"4,390";"3,923";"5,015";"13,329";"0,069";"0,036";"0,033";
"12/12/2023 17:40";"4,635";"0,000";"4,166";"0,000";"5,240";"0,000";"14,041";"0,000";"0,874";"0,000";"0,000";"0,248";"4,647";"4,179";"5,253";"14,079";"0,038";"0,020";"0,018";
"12/12/2023 17:50";"5,585";"0,000";"5,116";"0,000";"6,150";"0,000";"16,851";"0,000";"1,092";"0,000";"0,000";"0,284";"5,585";"5,116";"6,150";"16,851";"0,000";"0,000";"0,000";
"12/12/2023 18:00";"5,668";"0,000";"5,246";"0,000";"6,223";"0,000";"17,137";"0,000";"1,152";"0,000";"0,000";"0,221";"5,668";"5,246";"6,223";"17,137";"0,000";"0,000";"0,000";
"12/12/2023 18:10";"5,585";"0,000";"5,188";"0,000";"6,309";"0,000";"17,082";"0,000";"0,988";"0,000";"0,000";"0,323";"5,585";"5,188";"6,309";"17,082";"0,000";"0,000";"0,000";
"12/12/2023 18:20";"5,903";"0,000";"5,499";"0,000";"6,749";"0,000";"18,150";"0,000";"1,008";"0,000";"0,000";"0,296";"5,903";"5,499";"6,749";"18,150";"0,000";"0,000";"0,000";
"12/12/2023 18:30";"6,594";"0,000";"6,162";"0,000";"7,347";"0,000";"20,103";"0,000";"1,121";"0,000";"0,000";"0,272";"6,594";"6,162";"7,347";"20,103";"0,000";"0,000";"0,000";
"12/12/2023 18:40";"5,671";"0,000";"5,204";"0,000";"6,323";"0,000";"17,198";"0,000";"1,586";"0,000";"0,000";"0,262";"5,671";"5,204";"6,323";"17,198";"0,000";"0,000";"0,000";
"12/12/2023 18:50";"5,212";"0,000";"4,808";"0,000";"5,963";"0,000";"15,983";"0,000";"1,291";"0,000";"0,000";"0,412";"5,212";"4,808";"5,963";"15,983";"0,000";"0,000";"0,000";
"12/12/2023 19:00";"5,263";"0,000";"4,879";"0,000";"5,976";"0,000";"16,118";"0,000";"1,376";"0,000";"0,000";"0,347";"5,263";"4,879";"5,976";"16,118";"0,000";"0,000";"0,000";
"12/12/2023 19:10";"5,175";"0,000";"4,715";"0,000";"5,917";"0,000";"15,807";"0,000";"1,548";"0,000";"0,000";"0,257";"5,175";"4,715";"5,917";"15,807";"0,000";"0,000";"0,000";
"12/12/2023 19:20";"5,694";"0,000";"5,278";"0,000";"6,454";"0,000";"17,425";"0,000";"1,178";"0,000";"0,000";"0,406";"5,694";"5,278";"6,454";"17,425";"0,000";"0,000";"0,000";
"12/12/2023 19:30";"5,828";"0,000";"5,462";"0,000";"6,615";"0,000";"17,905";"0,000";"1,006";"0,000";"0,000";"0,424";"5,828";"5,462";"6,615";"17,905";"0,000";"0,000";"0,000";
"12/12/2023 19:40";"6,032";"0,000";"5,629";"0,000";"6,833";"0,000";"18,493";"0,000";"1,091";"0,000";"0,000";"0,288";"6,032";"5,629";"6,833";"18,493";"0,000";"0,000";"0,000";
"12/12/2023 19:50";"4,497";"0,000";"4,150";"0,000";"5,328";"0,000";"13,974";"0,000";"0,753";"0,000";"0,000";"0,202";"4,497";"4,150";"5,328";"13,974";"0,000";"0,000";"0,000";
"12/12/2023 20:00";"4,460";"0,000";"3,997";"0,000";"5,310";"0,000";"13,766";"0,000";"0,978";"0,000";"0,000";"0,247";"4,460";"3,997";"5,310";"13,766";"0,000";"0,000";"0,000";
"12/12/2023 20:10";"4,288";"0,000";"3,897";"0,000";"5,191";"0,000";"13,376";"0,000";"0,813";"0,000";"0,000";"0,167";"4,288";"3,897";"5,191";"13,376";"0,000";"0,000";"0,000";
"12/12/2023 20:20";"4,288";"0,000";"3,958";"0,000";"5,246";"0,000";"13,492";"0,000";"0,853";"0,000";"0,000";"0,164";"4,288";"3,958";"5,246";"13,492";"0,000";"0,000";"0,000";
"12/12/2023 20:30";"4,412";"0,000";"4,053";"0,000";"5,365";"0,000";"13,830";"0,000";"0,862";"0,000";"0,000";"0,097";"4,412";"4,053";"5,365";"13,830";"0,000";"0,000";"0,000";
"12/12/2023 20:40";"4,302";"0,000";"3,927";"0,000";"5,213";"0,000";"13,443";"0,000";"0,812";"0,000";"0,000";"0,160";"4,302";"3,927";"5,213";"13,443";"0,000";"0,000";"0,000";
"12/12/2023 20:50";"1,969";"0,000";"1,522";"0,000";"2,380";"0,000";"5,870";"0,000";"0,228";"0,000";"0,000";"0,178";"1,969";"1,522";"2,380";"5,870";"0,000";"0,000";"0,000";
"12/12/2023 21:00";"0,905";"0,000";"0,592";"0,000";"1,335";"0,000";"2,832";"0,000";"0,026";"0,000";"0,000";"0,189";"0,905";"0,592";"1,335";"2,832";"0,000";"0,000";"0,000";
"12/12/2023 21:10";"0,905";"0,000";"0,684";"0,000";"1,374";"0,000";"2,963";"0,000";"0,029";"0,000";"0,000";"0,128";"0,905";"0,684";"1,374";"2,963";"0,000";"0,000";"0,000";
"12/12/2023 21:20";"0,713";"0,000";"0,635";"0,000";"1,268";"0,000";"2,616";"0,000";"0,000";"0,000";"0,000";"0,238";"0,713";"0,635";"1,268";"2,616";"0,000";"0,000";"0,000";
"12/12/2023 21:30";"0,548";"0,000";"0,519";"0,000";"1,185";"0,000";"2,252";"0,000";"0,029";"0,000";"0,000";"0,195";"0,548";"0,519";"1,185";"2,252";"0,000";"0,000";"0,000";
"12/12/2023 21:40";"0,950";"0,000";"0,716";"0,000";"1,362";"0,000";"3,027";"0,000";"0,031";"0,000";"0,000";"0,105";"0,950";"0,716";"1,362";"3,027";"0,000";"0,000";"0,000";
"12/12/2023 21:50";"0,795";"0,000";"0,614";"0,000";"1,262";"0,000";"2,671";"0,000";"0,000";"0,000";"0,000";"0,314";"0,795";"0,614";"1,262";"2,671";"0,000";"0,000";"0,000";
"12/12/2023 22:00";"0,653";"0,000";"0,627";"0,000";"1,258";"0,000";"2,538";"0,000";"0,000";"0,000";"0,000";"0,252";"0,653";"0,627";"1,258";"2,538";"0,000";"0,000";"0,000";
"12/12/2023 22:10";"0,690";"0,000";"0,686";"0,000";"1,354";"0,000";"2,730";"0,000";"0,041";"0,000";"0,000";"0,203";"0,690";"0,686";"1,354";"2,730";"0,000";"0,000";"0,000";
"12/12/2023 22:20";"0,545";"0,000";"0,558";"0,000";"1,183";"0,000";"2,285";"0,000";"0,004";"0,000";"0,000";"0,081";"0,545";"0,558";"1,183";"2,285";"0,000";"0,000";"0,000";
"12/12/2023 22:30";"0,606";"0,000";"0,586";"0,000";"1,209";"0,000";"2,401";"0,000";"0,001";"0,000";"0,000";"0,090";"0,606";"0,586";"1,209";"2,401";"0,000";"0,000";"0,000";
"12/12/2023 22:40";"0,878";"0,000";"0,737";"0,000";"1,377";"0,000";"2,992";"0,000";"0,042";"0,000";"0,000";"0,256";"0,878";"0,737";"1,377";"2,992";"0,000";"0,000";"0,000";
"12/12/2023 22:50";"0,839";"0,000";"0,579";"0,000";"1,149";"0,000";"2,568";"0,000";"0,000";"0,000";"0,000";"0,217";"0,839";"0,579";"1,149";"2,568";"0,000";"0,000";"0,000";
"12/12/2023 23:00";"0,554";"0,000";"0,561";"0,000";"0,936";"0,000";"2,051";"0,000";"0,000";"0,000";"0,000";"0,161";"0,554";"0,561";"0,936";"2,051";"0,000";"0,000";"0,000";
"12/12/2023 23:10";"0,720";"0,000";"0,723";"0,000";"1,083";"0,000";"2,526";"0,000";"0,043";"0,000";"0,000";"0,212";"0,720";"0,723";"1,083";"2,526";"0,000";"0,000";"0,000";
"12/12/2023 23:20";"0,664";"0,000";"0,629";"0,000";"0,872";"0,000";"2,166";"0,000";"0,000";"0,000";"0,000";"0,237";"0,664";"0,629";"0,872";"2,166";"0,000";"0,000";"0,000";
"12/12/2023 23:30";"0,511";"0,000";"0,505";"0,000";"0,686";"0,000";"1,701";"0,000";"0,001";"0,000";"0,000";"0,163";"0,511";"0,505";"0,686";"1,701";"0,000";"0,000";"0,000";
"12/12/2023 23:40";"0,697";"0,000";"0,773";"0,000";"0,949";"0,000";"2,420";"0,000";"0,045";"0,000";"0,000";"0,121";"0,697";"0,773";"0,949";"2,420";"0,000";"0,000";"0,000";
"12/12/2023 23:50";"0,642";"0,000";"0,611";"0,000";"0,776";"0,000";"2,030";"0,000";"0,000";"0,000";"0,000";"0,232";"0,642";"0,611";"0,776";"2,030";"0,000";"0,000";"0,000";
"13/12/2023 00:00";"0,600";"0,000";"0,587";"0,000";"0,681";"0,000";"1,868";"0,000";"0,002";"0,000";"0,000";"0,150";"0,600";"0,587";"0,681";"1,868";"0,000";"0,000";"0,000";
"13/12/2023 00:10";"0,900";"0,000";"0,740";"0,000";"0,885";"0,000";"2,524";"0,000";"0,042";"0,000";"0,000";"0,097";"0,900";"0,740";"0,885";"2,524";"0,000";"0,000";"0,000";
"13/12/2023 00:20";"0,750";"0,000";"0,539";"0,000";"0,651";"0,000";"1,941";"0,000";"0,000";"0,000";"0,000";"0,180";"0,750";"0,539";"0,651";"1,941";"0,000";"0,000";"0,000";
"13/12/2023 00:30";"0,603";"0,000";"0,590";"0,000";"0,708";"0,000";"1,901";"0,000";"0,003";"0,000";"0,000";"0,103";"0,603";"0,590";"0,708";"1,901";"0,000";"0,000";"0,000";
"13/12/2023 00:40";"0,879";"0,000";"0,747";"0,000";"0,991";"0,000";"2,617";"0,000";"0,146";"0,000";"0,000";"0,246";"0,879";"0,747";"0,991";"2,617";"0,000";"0,000";"0,000";
"13/12/2023 00:50";"0,700";"0,000";"0,595";"0,000";"0,843";"0,000";"2,139";"0,000";"0,000";"0,000";"0,000";"0,166";"0,700";"0,595";"0,843";"2,139";"0,000";"0,000";"0,000";
"13/12/2023 01:00";"0,670";"0,000";"0,582";"0,000";"0,639";"0,000";"1,892";"0,000";"0,013";"0,000";"0,000";"0,090";"0,670";"0,582";"0,639";"1,892";"0,000";"0,000";"0,000";
"13/12/2023 01:10";"0,849";"0,000";"0,715";"0,000";"1,044";"0,000";"2,609";"0,000";"0,136";"0,000";"0,000";"0,136";"0,849";"0,715";"1,044";"2,609";"0,000";"0,000";"0,000";
"13/12/2023 01:20";"0,754";"0,000";"0,641";"0,000";"0,905";"0,000";"2,300";"0,000";"0,000";"0,000";"0,000";"0,196";"0,754";"0,641";"0,905";"2,300";"0,000";"0,000";"0,000";
"13/12/2023 01:30";"0,679";"0,000";"0,575";"0,000";"0,849";"0,000";"2,102";"0,000";"0,007";"0,000";"0,000";"0,101";"0,679";"0,575";"0,849";"2,102";"0,000";"0,000";"0,000";
"13/12/2023 01:40";"0,845";"0,000";"0,765";"0,000";"1,055";"0,000";"2,666";"0,000";"0,075";"0,000";"0,000";"0,143";"0,845";"0,765";"1,055";"2,666";"0,000";"0,000";"0,000";
"13/12/2023 01:50";"0,674";"0,000";"0,548";"0,000";"0,818";"0,000";"2,040";"0,000";"0,001";"0,000";"0,000";"0,184";"0,674";"0,548";"0,818";"2,040";"0,000";"0,000";"0,000";
"13/12/2023 02:00";"0,858";"0,000";"0,564";"0,000";"0,866";"0,000";"2,288";"0,000";"0,020";"0,000";"0,000";"0,025";"0,858";"0,564";"0,866";"2,288";"0,000";"0,000";"0,000";
"13/12/2023 02:10";"0,726";"0,000";"0,711";"0,000";"1,009";"0,000";"2,447";"0,000";"0,040";"0,000";"0,000";"0,110";"0,726";"0,711";"1,009";"2,447";"0,000";"0,000";"0,000";
"13/12/2023 02:20";"0,587";"0,000";"0,593";"0,000";"0,829";"0,000";"2,008";"0,000";"0,009";"0,000";"0,000";"0,039";"0,587";"0,593";"0,829";"2,008";"0,000";"0,000";"0,000";
"13/12/2023 02:30";"0,646";"0,000";"0,625";"0,000";"0,904";"0,000";"2,175";"0,000";"0,000";"0,000";"0,000";"0,207";"0,646";"0,625";"0,904";"2,175";"0,000";"0,000";"0,000";
"13/12/2023 02:40";"0,693";"0,000";"0,682";"0,000";"0,994";"0,000";"2,369";"0,000";"0,039";"0,000";"0,000";"0,214";"0,693";"0,682";"0,994";"2,369";"0,000";"0,000";"0,000";
"13/12/2023 02:50";"0,621";"0,000";"0,603";"0,000";"0,794";"0,000";"2,018";"0,000";"0,017";"0,000";"0,000";"0,126";"0,621";"0,603";"0,794";"2,018";"0,000";"0,000";"0,000";
"13/12/2023 03:00";"0,637";"0,000";"0,612";"0,000";"0,905";"0,000";"2,154";"0,000";"0,000";"0,000";"0,000";"0,177";"0,637";"0,612";"0,905";"2,154";"0,000";"0,000";"0,000";
"13/12/2023 03:10";"0,666";"0,000";"0,721";"0,000";"1,013";"0,000";"2,400";"0,000";"0,032";"0,000";"0,000";"0,219";"0,666";"0,721";"1,013";"2,400";"0,000";"0,000";"0,000";
"13/12/2023 03:20";"0,614";"0,000";"0,565";"0,000";"0,787";"0,000";"1,966";"0,000";"0,003";"0,000";"0,000";"0,102";"0,614";"0,565";"0,787";"1,966";"0,000";"0,000";"0,000";
"13/12/2023 03:30";"0,621";"0,000";"0,591";"0,000";"0,821";"0,000";"2,032";"0,000";"0,004";"0,000";"0,000";"0,165";"0,621";"0,591";"0,821";"2,032";"0,000";"0,000";"0,000";
"13/12/2023 03:40";"0,806";"0,000";"0,798";"0,000";"1,030";"0,000";"2,634";"0,000";"0,053";"0,000";"0,000";"0,298";"0,806";"0,798";"1,030";"2,634";"0,000";"0,000";"0,000";
"13/12/2023 03:50";"0,576";"0,000";"0,521";"0,000";"0,750";"0,000";"1,848";"0,000";"0,000";"0,000";"0,000";"0,116";"0,576";"0,521";"0,750";"1,848";"0,000";"0,000";"0,000";
"13/12/2023 04:00";"0,854";"0,000";"0,606";"0,000";"0,821";"0,000";"2,281";"0,000";"0,000";"0,000";"0,000";"0,181";"0,854";"0,606";"0,821";"2,281";"0,000";"0,000";"0,000";
"13/12/2023 04:10";"0,894";"0,000";"0,756";"0,000";"1,013";"0,000";"2,662";"0,000";"0,117";"0,000";"0,000";"0,216";"0,894";"0,756";"1,013";"2,662";"0,000";"0,000";"0,000";
"13/12/2023 04:20";"0,570";"0,000";"0,578";"0,000";"0,586";"0,000";"1,734";"0,000";"0,000";"0,000";"0,000";"0,160";"0,570";"0,578";"0,586";"1,734";"0,000";"0,000";"0,000";
"13/12/2023 04:30";"0,594";"0,000";"0,538";"0,000";"0,651";"0,000";"1,783";"0,000";"0,007";"0,000";"0,000";"0,072";"0,594";"0,538";"0,651";"1,783";"0,000";"0,000";"0,000";
"13/12/2023 04:40";"0,763";"0,000";"0,767";"0,000";"0,841";"0,000";"2,371";"0,000";"0,155";"0,000";"0,000";"0,042";"0,763";"0,767";"0,841";"2,371";"0,000";"0,000";"0,000";
"13/12/2023 04:50";"0,651";"0,000";"0,652";"0,000";"0,758";"0,000";"2,061";"0,000";"0,000";"0,000";"0,000";"0,234";"0,651";"0,652";"0,758";"2,061";"0,000";"0,000";"0,000";
"13/12/2023 05:00";"0,582";"0,000";"0,533";"0,000";"0,763";"0,000";"1,878";"0,000";"0,005";"0,000";"0,000";"0,054";"0,582";"0,533";"0,763";"1,878";"0,000";"0,000";"0,000";
"13/12/2023 05:10";"0,763";"0,000";"0,766";"0,000";"0,992";"0,000";"2,520";"0,000";"0,055";"0,000";"0,000";"0,258";"0,763";"0,766";"0,992";"2,520";"0,000";"0,000";"0,000";
"13/12/2023 05:20";"0,662";"0,000";"0,640";"0,000";"0,921";"0,000";"2,223";"0,000";"0,011";"0,000";"0,000";"0,203";"0,662";"0,640";"0,921";"2,223";"0,000";"0,000";"0,000";
"13/12/2023 05:30";"0,773";"0,000";"0,738";"0,000";"0,884";"0,000";"2,396";"0,000";"0,061";"0,000";"0,000";"0,137";"0,773";"0,738";"0,884";"2,396";"0,000";"0,000";"0,000";
"13/12/2023 05:40";"1,985";"0,000";"1,493";"0,000";"1,701";"0,000";"5,179";"0,000";"0,201";"0,000";"0,000";"0,121";"1,985";"1,493";"1,701";"5,179";"0,000";"0,000";"0,000";
"13/12/2023 05:50";"2,030";"0,000";"1,493";"0,000";"1,653";"0,000";"5,175";"0,000";"0,053";"0,000";"0,000";"0,037";"2,030";"1,493";"1,653";"5,175";"0,000";"0,000";"0,000";
"13/12/2023 06:00";"2,192";"0,000";"1,760";"0,000";"2,092";"0,000";"6,044";"0,000";"0,391";"0,000";"0,000";"0,074";"2,192";"1,760";"2,092";"6,044";"0,000";"0,000";"0,000";
"13/12/2023 06:10";"5,011";"0,000";"4,444";"0,000";"5,197";"0,000";"14,652";"0,000";"2,077";"0,000";"0,000";"0,388";"5,011";"4,444";"5,197";"14,652";"0,000";"0,000";"0,000";
"13/12/2023 06:20";"4,395";"0,000";"4,026";"0,000";"4,930";"0,000";"13,351";"0,000";"1,652";"0,000";"0,000";"0,383";"4,395";"4,026";"4,930";"13,351";"0,000";"0,000";"0,000";
"13/12/2023 06:30";"5,021";"0,000";"4,565";"0,000";"5,354";"0,000";"14,939";"0,000";"1,546";"0,000";"0,000";"0,418";"5,021";"4,565";"5,354";"14,939";"0,000";"0,000";"0,000";
"13/12/2023 06:40";"5,413";"0,000";"5,016";"0,000";"5,783";"0,000";"16,212";"0,000";"1,478";"0,000";"0,000";"0,378";"5,413";"5,016";"5,783";"16,213";"0,000";"0,000";"0,000";
"13/12/2023 06:50";"6,081";"0,000";"5,311";"0,000";"6,213";"0,000";"17,605";"0,000";"1,216";"0,000";"0,000";"0,436";"6,081";"5,311";"6,213";"17,605";"0,000";"0,000";"0,000";
"13/12/2023 07:00";"6,277";"0,000";"5,464";"0,000";"6,198";"0,000";"17,940";"0,000";"1,245";"0,000";"0,000";"0,356";"6,277";"5,464";"6,198";"17,940";"0,000";"0,000";"0,000";
"13/12/2023 07:10";"5,633";"0,000";"5,053";"0,000";"5,792";"0,000";"16,478";"0,000";"1,646";"0,000";"0,000";"0,294";"5,633";"5,053";"5,792";"16,478";"0,000";"0,000";"0,000";
"13/12/2023 07:20";"5,417";"0,000";"5,089";"0,000";"5,940";"0,000";"16,447";"0,000";"1,166";"0,000";"0,000";"0,135";"5,417";"5,089";"5,940";"16,447";"0,000";"0,000";"0,000";
"13/12/2023 07:30";"5,701";"0,000";"5,240";"0,000";"6,098";"0,000";"17,038";"0,000";"1,547";"0,000";"0,000";"0,135";"5,701";"5,240";"6,098";"17,038";"0,000";"0,000";"0,000";
"13/12/2023 07:40";"5,685";"0,000";"4,992";"0,000";"5,896";"0,000";"16,573";"0,000";"1,503";"0,000";"0,000";"0,135";"5,685";"4,992";"5,896";"16,573";"0,000";"0,000";"0,000";
"13/12/2023 07:50";"4,802";"0,000";"4,240";"0,000";"5,114";"0,000";"14,156";"0,000";"0,753";"0,000";"0,000";"0,200";"4,802";"4,240";"5,114";"14,156";"0,000";"0,000";"0,000";
"13/12/2023 08:00";"4,611";"0,000";"3,979";"0,000";"5,131";"0,000";"13,721";"0,000";"1,257";"0,000";"0,000";"0,447";"4,611";"3,979";"5,131";"13,721";"0,000";"0,000";"0,000";
"13/12/2023 08:10";"4,961";"0,000";"3,951";"0,000";"5,089";"0,000";"14,001";"0,000";"0,782";"0,000";"0,000";"0,893";"4,961";"3,951";"5,089";"14,001";"0,000";"0,000";"0,000";
"13/12/2023 08:20";"5,173";"0,000";"4,362";"0,000";"5,257";"0,000";"14,791";"0,000";"0,660";"0,000";"0,000";"0,486";"5,173";"4,362";"5,257";"14,791";"0,000";"0,000";"0,000";
"13/12/2023 08:30";"5,232";"0,000";"4,541";"0,000";"5,345";"0,000";"15,118";"0,000";"2,059";"0,000";"0,000";"0,223";"5,232";"4,541";"5,345";"15,118";"0,000";"0,000";"0,000";
"13/12/2023 08:40";"5,419";"0,000";"4,643";"0,000";"5,460";"0,000";"15,522";"0,000";"2,539";"0,000";"0,000";"0,352";"5,419";"4,643";"5,460";"15,522";"0,000";"0,000";"0,000";
"13/12/2023 08:50";"5,202";"0,000";"4,609";"0,000";"5,429";"0,000";"15,240";"0,000";"2,013";"0,000";"0,000";"0,165";"5,203";"4,610";"5,430";"15,243";"0,003";"0,002";"0,001";
"13/12/2023 09:00";"5,306";"0,000";"4,902";"0,000";"5,637";"0,000";"15,846";"0,000";"1,403";"0,000";"0,000";"0,202";"5,316";"4,912";"5,647";"15,874";"0,028";"0,015";"0,013";
"13/12/2023 09:10";"5,147";"0,000";"4,569";"0,000";"5,447";"0,000";"15,164";"0,000";"0,971";"0,000";"0,000";"0,258";"5,170";"4,592";"5,470";"15,233";"0,069";"0,036";"0,033";
"13/12/2023 09:20";"5,525";"0,000";"4,673";"0,000";"5,662";"0,000";"15,859";"0,000";"1,560";"0,000";"0,000";"0,269";"5,563";"4,711";"5,700";"15,974";"0,115";"0,060";"0,055";
"13/12/2023 09:30";"5,189";"0,000";"4,828";"0,000";"5,550";"0,000";"15,567";"0,000";"1,784";"0,000";"0,000";"0,168";"5,248";"4,887";"5,609";"15,744";"0,177";"0,093";"0,084";
"13/12/2023 09:40";"5,609";"0,000";"5,192";"0,000";"5,936";"0,000";"16,738";"0,000";"1,111";"0,000";"0,000";"0,105";"5,768";"5,351";"6,095";"17,214";"0,476";"0,245";"0,231";
"13/12/2023 09:50";"5,878";"0,000";"5,342";"0,000";"6,060";"0,000";"17,279";"0,000";"0,556";"0,000";"0,000";"0,104";"6,056";"5,520";"6,238";"17,813";"0,534";"0,276";"0,258";
"13/12/2023 10:00";"5,557";"0,000";"4,959";"0,000";"5,597";"0,000";"16,113";"0,000";"0,488";"0,000";"0,000";"0,184";"5,670";"5,072";"5,709";"16,450";"0,337";"0,175";"0,162";
"13/12/2023 10:10";"4,703";"0,000";"4,094";"0,000";"4,920";"0,000";"13,717";"0,000";"1,375";"0,000";"0,000";"0,144";"4,941";"4,332";"5,158";"14,432";"0,715";"0,368";"0,347";
"13/12/2023 10:20";"4,793";"0,000";"4,057";"0,000";"5,018";"0,000";"13,867";"0,000";"0,996";"0,000";"0,000";"0,266";"5,288";"4,552";"5,513";"15,353";"1,486";"0,787";"0,699";
"13/12/2023 10:30";"6,849";"0,000";"6,217";"0,000";"6,887";"0,000";"19,953";"0,000";"0,928";"0,000";"0,000";"0,305";"7,081";"6,449";"7,119";"20,649";"0,696";"0,357";"0,339";
"13/12/2023 10:40";"7,632";"0,000";"7,169";"0,000";"8,010";"0,000";"22,811";"0,000";"1,125";"0,000";"0,000";"0,053";"7,921";"7,458";"8,300";"23,679";"0,868";"0,442";"0,426";
"13/12/2023 10:50";"8,408";"0,000";"8,112";"0,000";"8,790";"0,000";"25,310";"0,000";"3,325";"0,000";"0,000";"0,024";"8,818";"8,523";"9,201";"26,542";"1,232";"0,625";"0,607";
"13/12/2023 11:00";"9,450";"0,000";"8,951";"0,000";"9,584";"0,000";"27,985";"0,000";"4,472";"0,000";"0,000";"0,000";"9,715";"9,216";"9,849";"28,780";"0,795";"0,405";"0,390";
"13/12/2023 11:10";"9,291";"0,000";"8,731";"0,000";"9,218";"0,000";"27,240";"0,000";"6,967";"0,000";"0,000";"0,000";"9,514";"8,954";"9,441";"27,910";"0,670";"0,341";"0,329";
"13/12/2023 11:20";"8,428";"0,000";"7,862";"0,000";"8,625";"0,000";"24,916";"0,000";"2,829";"0,000";"0,000";"0,000";"8,769";"8,203";"8,966";"25,938";"1,022";"0,546";"0,476";
"13/12/2023 11:30";"8,275";"0,000";"7,663";"0,000";"8,449";"0,000";"24,387";"0,000";"2,327";"0,000";"0,000";"0,001";"8,925";"8,313";"9,099";"26,337";"1,950";"1,064";"0,886";
"13/12/2023 11:40";"6,838";"0,000";"6,410";"0,000";"7,167";"0,000";"20,415";"0,000";"1,303";"0,000";"0,000";"0,023";"8,093";"7,665";"8,422";"24,180";"3,765";"2,083";"1,682";
"13/12/2023 11:50";"7,409";"0,000";"6,999";"0,000";"7,833";"0,000";"22,240";"0,000";"3,658";"0,000";"0,000";"0,016";"8,610";"8,199";"9,033";"25,842";"3,602";"1,916";"1,686";
"13/12/2023 12:00";"7,738";"0,000";"7,321";"0,000";"8,092";"0,000";"23,151";"0,000";"3,193";"0,000";"0,000";"0,000";"8,525";"8,108";"8,879";"25,512";"2,361";"1,204";"1,157";
"13/12/2023 12:10";"8,599";"0,000";"8,236";"0,000";"9,022";"0,000";"25,856";"0,000";"3,894";"0,000";"0,000";"0,000";"9,324";"8,960";"9,746";"28,029";"2,173";"1,109";"1,064";
"13/12/2023 12:20";"8,691";"0,000";"8,406";"0,000";"9,292";"0,000";"26,389";"0,000";"3,947";"0,000";"0,000";"0,000";"8,997";"8,713";"9,598";"27,308";"0,919";"0,468";"0,451";
"13/12/2023 12:30";"8,467";"0,000";"8,010";"0,000";"8,741";"0,000";"25,218";"0,000";"3,877";"0,000";"0,000";"0,000";"9,069";"8,611";"9,342";"27,022";"1,804";"0,914";"0,890";
"13/12/2023 12:40";"8,160";"0,000";"7,628";"0,000";"8,516";"0,000";"24,304";"0,000";"2,946";"0,000";"0,000";"0,000";"8,651";"8,119";"9,006";"25,776";"1,472";"0,749";"0,723";
"13/12/2023 12:50";"8,221";"0,000";"7,774";"0,000";"8,560";"0,000";"24,555";"0,000";"2,691";"0,000";"0,000";"0,000";"9,954";"9,508";"10,294";"29,756";"5,201";"2,624";"2,577";
"13/12/2023 13:00";"8,631";"0,000";"8,203";"0,000";"9,079";"0,000";"25,913";"0,000";"2,444";"0,000";"0,000";"0,001";"9,586";"9,158";"10,034";"28,779";"2,866";"1,459";"1,407";
"13/12/2023 13:10";"7,276";"0,000";"6,850";"0,000";"7,651";"0,000";"21,777";"0,000";"1,164";"0,000";"0,000";"0,061";"9,214";"8,788";"9,589";"27,592";"5,815";"2,959";"2,856";
"13/12/2023 13:20";"6,292";"0,000";"5,832";"0,000";"6,628";"0,000";"18,752";"0,000";"1,557";"0,000";"0,000";"0,024";"7,250";"6,790";"7,585";"21,625";"2,873";"1,459";"1,414";
"13/12/2023 13:30";"5,121";"0,000";"4,671";"0,000";"5,472";"0,000";"15,263";"0,000";"1,157";"0,000";"0,000";"0,323";"6,608";"6,158";"6,959";"19,725";"4,462";"2,259";"2,203";
"13/12/2023 13:40";"4,257";"0,000";"3,704";"0,000";"4,489";"0,000";"12,449";"0,000";"1,766";"0,000";"0,000";"0,198";"4,627";"4,074";"4,859";"13,561";"1,112";"0,567";"0,545";
"13/12/2023 13:50";"3,577";"0,000";"2,884";"0,000";"3,787";"0,000";"10,248";"0,000";"0,941";"0,000";"0,000";"0,554";"4,197";"3,504";"4,406";"12,107";"1,859";"0,943";"0,916";
"13/12/2023 14:00";"3,134";"0,000";"2,723";"0,000";"3,621";"0,000";"9,478";"0,000";"0,624";"0,000";"0,000";"0,485";"4,734";"4,323";"5,220";"14,277";"4,799";"2,441";"2,358";
"13/12/2023 14:10";"5,884";"0,000";"5,451";"0,000";"6,211";"0,000";"17,546";"0,000";"1,151";"0,000";"0,000";"0,345";"7,770";"7,337";"8,096";"23,203";"5,657";"2,880";"2,777";
"13/12/2023 14:20";"5,197";"0,000";"4,748";"0,000";"5,555";"0,000";"15,500";"0,000";"0,823";"0,000";"0,000";"0,319";"6,909";"6,459";"7,267";"20,635";"5,135";"2,613";"2,522";
"13/12/2023 14:30";"5,535";"0,000";"5,143";"0,000";"5,965";"0,000";"16,643";"0,000";"0,889";"0,000";"0,000";"0,376";"7,120";"6,727";"7,549";"21,397";"4,754";"2,422";"2,332";
"13/12/2023 14:40";"5,966";"0,000";"5,561";"0,000";"6,317";"0,000";"17,843";"0,000";"1,198";"0,000";"0,000";"0,342";"7,388";"6,984";"7,740";"22,111";"4,268";"2,173";"2,095";
"13/12/2023 14:50";"6,063";"0,000";"5,696";"0,000";"6,442";"0,000";"18,200";"0,000";"1,143";"0,000";"0,000";"0,308";"6,532";"6,165";"6,911";"19,608";"1,408";"0,719";"0,689";
"13/12/2023 15:00";"5,608";"0,000";"5,143";"0,000";"5,985";"0,000";"16,736";"0,000";"0,954";"0,000";"0,000";"0,284";"6,154";"5,689";"6,531";"18,374";"1,638";"0,836";"0,802";
"13/12/2023 15:10";"6,200";"0,000";"5,701";"0,000";"6,411";"0,000";"18,312";"0,000";"1,043";"0,000";"0,000";"0,326";"6,823";"6,324";"7,033";"20,180";"1,868";"0,953";"0,915";
"13/12/2023 15:20";"4,274";"0,000";"3,829";"0,000";"4,549";"0,000";"12,652";"0,000";"0,780";"0,000";"0,000";"0,314";"4,764";"4,319";"5,039";"14,122";"1,470";"0,750";"0,720";
"13/12/2023 15:30";"4,320";"0,000";"3,899";"0,000";"4,612";"0,000";"12,831";"0,000";"1,093";"0,000";"0,000";"0,340";"5,375";"4,954";"5,668";"15,998";"3,167";"1,614";"1,553";
"13/12/2023 15:40";"4,123";"0,000";"3,676";"0,000";"4,464";"0,000";"12,263";"0,000";"0,681";"0,000";"0,000";"0,349";"5,295";"4,848";"5,636";"15,779";"3,516";"1,783";"1,733";
"13/12/2023 15:50";"4,077";"0,000";"3,694";"0,000";"4,460";"0,000";"12,231";"0,000";"0,786";"0,000";"0,000";"0,233";"4,872";"4,488";"5,255";"14,615";"2,384";"1,216";"1,168";
"13/12/2023 16:00";"4,919";"0,000";"4,497";"0,000";"5,217";"0,000";"14,633";"0,000";"1,166";"0,000";"0,000";"0,353";"5,591";"5,169";"5,889";"16,648";"2,015";"1,030";"0,985";
"13/12/2023 16:10";"5,432";"0,000";"5,002";"0,000";"5,711";"0,000";"16,144";"0,000";"1,015";"0,000";"0,000";"0,336";"5,880";"5,450";"6,159";"17,490";"1,346";"0,685";"0,661";
"13/12/2023 16:20";"5,430";"0,000";"5,061";"0,000";"5,792";"0,000";"16,283";"0,000";"1,101";"0,000";"0,000";"0,296";"5,925";"5,556";"6,287";"17,768";"1,485";"0,766";"0,719";
"13/12/2023 16:30";"5,609";"0,000";"5,195";"0,000";"6,069";"0,000";"16,873";"0,000";"0,953";"0,000";"0,000";"0,371";"6,101";"5,687";"6,561";"18,350";"1,477";"0,764";"0,713";
"13/12/2023 16:40";"5,284";"0,000";"4,851";"0,000";"5,760";"0,000";"15,895";"0,000";"0,938";"0,000";"0,000";"0,369";"5,725";"5,293";"6,201";"17,219";"1,324";"0,706";"0,618";
"13/12/2023 16:50";"4,767";"0,000";"4,408";"0,000";"5,340";"0,000";"14,514";"0,000";"0,716";"0,000";"0,000";"0,209";"5,045";"4,686";"5,618";"15,349";"0,835";"0,444";"0,391";
"13/12/2023 17:00";"4,409";"0,000";"3,982";"0,000";"4,981";"0,000";"13,373";"0,000";"0,690";"0,000";"0,000";"0,154";"4,514";"4,087";"5,086";"13,686";"0,313";"0,162";"0,151";
"13/12/2023 17:10";"4,190";"0,000";"3,789";"0,000";"4,747";"0,000";"12,726";"0,000";"0,568";"0,000";"0,000";"0,101";"4,257";"3,856";"4,813";"12,926";"0,200";"0,104";"0,096";
"13/12/2023 17:20";"4,178";"0,000";"3,766";"0,000";"4,600";"0,000";"12,544";"0,000";"0,683";"0,000";"0,000";"0,236";"4,279";"3,867";"4,701";"12,847";"0,303";"0,159";"0,144";
"13/12/2023 17:30";"4,405";"0,000";"3,974";"0,000";"4,840";"0,000";"13,219";"0,000";"0,701";"0,000";"0,000";"0,188";"4,487";"4,056";"4,922";"13,465";"0,246";"0,127";"0,119";
"13/12/2023 17:40";"4,693";"0,000";"4,220";"0,000";"5,087";"0,000";"14,000";"0,000";"0,601";"0,000";"0,000";"0,167";"4,714";"4,242";"5,109";"14,065";"0,065";"0,034";"0,031";
"13/12/2023 17:50";"5,959";"0,000";"5,451";"0,000";"6,287";"0,000";"17,698";"0,000";"1,052";"0,000";"0,000";"0,313";"5,963";"5,455";"6,290";"17,708";"0,010";"0,005";"0,005";
"13/12/2023 18:00";"6,298";"0,000";"5,839";"0,000";"6,615";"0,000";"18,752";"0,000";"1,215";"0,000";"0,000";"0,255";"6,298";"5,839";"6,615";"18,752";"0,000";"0,000";"0,000";
"13/12/2023 18:10";"6,619";"0,000";"6,124";"0,000";"6,712";"0,000";"19,454";"0,000";"1,206";"0,000";"0,000";"0,320";"6,619";"6,124";"6,712";"19,454";"0,000";"0,000";"0,000";
"13/12/2023 18:20";"6,067";"0,000";"5,543";"0,000";"6,225";"0,000";"17,834";"0,000";"1,523";"0,000";"0,000";"0,283";"6,067";"5,543";"6,225";"17,834";"0,000";"0,000";"0,000";
"13/12/2023 18:30";"5,260";"0,000";"4,770";"0,000";"5,527";"0,000";"15,556";"0,000";"1,312";"0,000";"0,000";"0,341";"5,260";"4,770";"5,527";"15,556";"0,000";"0,000";"0,000";
"13/12/2023 18:40";"5,165";"0,000";"4,673";"0,000";"5,455";"0,000";"15,293";"0,000";"1,334";"0,000";"0,000";"0,441";"5,165";"4,673";"5,455";"15,293";"0,000";"0,000";"0,000";
"13/12/2023 18:50";"5,499";"0,000";"4,976";"0,000";"5,714";"0,000";"16,190";"0,000";"1,418";"0,000";"0,000";"0,227";"5,499";"4,976";"5,714";"16,190";"0,000";"0,000";"0,000";
"13/12/2023 19:00";"6,539";"0,000";"6,077";"0,000";"6,758";"0,000";"19,374";"0,000";"1,781";"0,000";"0,000";"0,245";"6,539";"6,077";"6,758";"19,374";"0,000";"0,000";"0,000";
"13/12/2023 19:10";"6,380";"0,000";"5,869";"0,000";"6,614";"0,000";"18,863";"0,000";"1,703";"0,000";"0,000";"0,286";"6,380";"5,869";"6,614";"18,863";"0,000";"0,000";"0,000";
"13/12/2023 19:20";"6,256";"0,000";"5,748";"0,000";"6,637";"0,000";"18,641";"0,000";"1,360";"0,000";"0,000";"0,340";"6,256";"5,748";"6,637";"18,641";"0,000";"0,000";"0,000";
"13/12/2023 19:30";"6,119";"0,000";"5,651";"0,000";"6,556";"0,000";"18,326";"0,000";"1,294";"0,000";"0,000";"0,305";"6,119";"5,651";"6,556";"18,326";"0,000";"0,000";"0,000";
"13/12/2023 19:40";"4,385";"0,000";"3,987";"0,000";"4,929";"0,000";"13,301";"0,000";"0,739";"0,000";"0,000";"0,099";"4,385";"3,987";"4,929";"13,301";"0,000";"0,000";"0,000";
"13/12/2023 19:50";"2,921";"0,000";"2,420";"0,000";"3,342";"0,000";"8,683";"0,000";"0,522";"0,000";"0,000";"0,863";"2,921";"2,420";"3,342";"8,683";"0,000";"0,000";"0,000";
"13/12/2023 20:00";"1,409";"0,000";"0,844";"0,000";"1,515";"0,000";"3,767";"0,000";"0,000";"0,000";"0,000";"0,299";"1,409";"0,844";"1,515";"3,767";"0,000";"0,000";"0,000";
"13/12/2023 20:10";"1,310";"0,000";"0,722";"0,000";"1,065";"0,000";"3,098";"0,000";"0,000";"0,000";"0,000";"0,366";"1,310";"0,722";"1,065";"3,098";"0,000";"0,000";"0,000";
"13/12/2023 20:20";"1,355";"0,000";"0,805";"0,000";"1,134";"0,000";"3,294";"0,000";"0,105";"0,000";"0,000";"0,303";"1,355";"0,805";"1,134";"3,294";"0,000";"0,000";"0,000";
"13/12/2023 20:30";"1,215";"0,000";"0,665";"0,000";"1,008";"0,000";"2,888";"0,000";"0,000";"0,000";"0,000";"0,212";"1,215";"0,665";"1,008";"2,888";"0,000";"0,000";"0,000";
"13/12/2023 20:40";"1,108";"0,000";"0,778";"0,000";"1,119";"0,000";"3,005";"0,000";"0,078";"0,000";"0,000";"0,334";"1,108";"0,778";"1,119";"3,005";"0,000";"0,000";"0,000";
"13/12/2023 20:50";"1,067";"0,000";"0,730";"0,000";"1,061";"0,000";"2,858";"0,000";"0,127";"0,000";"0,000";"0,307";"1,067";"0,730";"1,061";"2,858";"0,000";"0,000";"0,000";
"13/12/2023 21:00";"0,962";"0,000";"0,605";"0,000";"0,968";"0,000";"2,535";"0,000";"0,000";"0,000";"0,000";"0,307";"0,962";"0,605";"0,968";"2,535";"0,000";"0,000";"0,000";
"13/12/2023 21:10";"1,156";"0,000";"0,789";"0,000";"1,093";"0,000";"3,039";"0,000";"0,056";"0,000";"0,000";"0,197";"1,156";"0,789";"1,093";"3,039";"0,000";"0,000";"0,000";
"13/12/2023 21:20";"1,129";"0,000";"0,635";"0,000";"0,826";"0,000";"2,589";"0,000";"0,000";"0,000";"0,000";"0,274";"1,129";"0,635";"0,826";"2,589";"0,000";"0,000";"0,000";
"13/12/2023 21:30";"0,891";"0,000";"0,644";"0,000";"0,745";"0,000";"2,279";"0,000";"0,000";"0,000";"0,000";"0,321";"0,891";"0,644";"0,745";"2,279";"0,000";"0,000";"0,000";
"13/12/2023 21:40";"1,023";"0,000";"0,762";"0,000";"0,906";"0,000";"2,692";"0,000";"0,090";"0,000";"0,000";"0,359";"1,023";"0,762";"0,906";"2,692";"0,000";"0,000";"0,000";
"13/12/2023 21:50";"0,881";"0,000";"0,642";"0,000";"0,764";"0,000";"2,287";"0,000";"0,000";"0,000";"0,000";"0,219";"0,881";"0,642";"0,764";"2,287";"0,000";"0,000";"0,000";
"13/12/2023 22:00";"0,788";"0,000";"0,747";"0,000";"0,916";"0,000";"2,450";"0,000";"0,031";"0,000";"0,000";"0,290";"0,788";"0,747";"0,916";"2,450";"0,000";"0,000";"0,000";
"13/12/2023 22:10";"0,747";"0,000";"0,690";"0,000";"0,875";"0,000";"2,312";"0,000";"0,000";"0,000";"0,000";"0,197";"0,747";"0,690";"0,875";"2,312";"0,000";"0,000";"0,000";
"13/12/2023 22:20";"0,831";"0,000";"0,530";"0,000";"0,741";"0,000";"2,102";"0,000";"0,000";"0,000";"0,000";"0,205";"0,831";"0,530";"0,741";"2,102";"0,000";"0,000";"0,000";
"13/12/2023 22:30";"0,880";"0,000";"0,772";"0,000";"0,967";"0,000";"2,619";"0,000";"0,082";"0,000";"0,000";"0,187";"0,880";"0,772";"0,967";"2,619";"0,000";"0,000";"0,000";
"13/12/2023 22:40";"0,702";"0,000";"0,662";"0,000";"0,829";"0,000";"2,192";"0,000";"0,000";"0,000";"0,000";"0,279";"0,702";"0,662";"0,829";"2,192";"0,000";"0,000";"0,000";
"13/12/2023 22:50";"0,630";"0,000";"0,564";"0,000";"0,760";"0,000";"1,953";"0,000";"0,000";"0,000";"0,000";"0,271";"0,630";"0,564";"0,760";"1,953";"0,000";"0,000";"0,000";
"13/12/2023 23:00";"0,773";"0,000";"0,759";"0,000";"0,970";"0,000";"2,502";"0,000";"0,035";"0,000";"0,000";"0,196";"0,773";"0,759";"0,970";"2,502";"0,000";"0,000";"0,000";
"13/12/2023 23:10";"0,655";"0,000";"0,625";"0,000";"0,805";"0,000";"2,086";"0,000";"0,000";"0,000";"0,000";"0,234";"0,655";"0,625";"0,805";"2,086";"0,000";"0,000";"0,000";
"13/12/2023 23:20";"0,645";"0,000";"0,625";"0,000";"0,792";"0,000";"2,062";"0,000";"0,000";"0,000";"0,000";"0,259";"0,645";"0,625";"0,792";"2,062";"0,000";"0,000";"0,000";
"13/12/2023 23:30";"0,803";"0,000";"0,741";"0,000";"0,921";"0,000";"2,464";"0,000";"0,107";"0,000";"0,000";"0,192";"0,803";"0,741";"0,921";"2,464";"0,000";"0,000";"0,000";
"13/12/2023 23:40";"0,874";"0,000";"0,595";"0,000";"0,781";"0,000";"2,249";"0,000";"0,000";"0,000";"0,000";"0,160";"0,874";"0,595";"0,781";"2,249";"0,000";"0,000";"0,000";
"13/12/2023 23:50";"0,821";"0,000";"0,655";"0,000";"0,820";"0,000";"2,296";"0,000";"0,000";"0,000";"0,000";"0,259";"0,821";"0,655";"0,820";"2,296";"0,000";"0,000";"0,000";
"14/12/2023 00:00";"0,729";"0,000";"0,738";"0,000";"0,917";"0,000";"2,384";"0,000";"0,047";"0,000";"0,000";"0,265";"0,729";"0,738";"0,917";"2,384";"0,000";"0,000";"0,000";
"14/12/2023 00:10";"0,647";"0,000";"0,602";"0,000";"0,782";"0,000";"2,031";"0,000";"0,000";"0,000";"0,000";"0,219";"0,647";"0,602";"0,782";"2,031";"0,000";"0,000";"0,000";
"14/12/2023 00:20";"0,695";"0,000";"0,642";"0,000";"0,811";"0,000";"2,148";"0,000";"0,000";"0,000";"0,000";"0,223";"0,695";"0,642";"0,811";"2,148";"0,000";"0,000";"0,000";
"14/12/2023 00:30";"0,792";"0,000";"0,738";"0,000";"0,925";"0,000";"2,455";"0,000";"0,048";"0,000";"0,000";"0,274";"0,792";"0,738";"0,925";"2,455";"0,000";"0,000";"0,000";
"14/12/2023 00:40";"0,649";"0,000";"0,615";"0,000";"0,793";"0,000";"2,057";"0,000";"0,000";"0,000";"0,000";"0,234";"0,649";"0,615";"0,793";"2,057";"0,000";"0,000";"0,000";
"14/12/2023 00:50";"0,770";"0,000";"0,714";"0,000";"0,927";"0,000";"2,410";"0,000";"0,063";"0,000";"0,000";"0,367";"0,770";"0,714";"0,927";"2,410";"0,000";"0,000";"0,000";
"14/12/2023 01:00";"0,692";"0,000";"0,638";"0,000";"0,810";"0,000";"2,140";"0,000";"0,011";"0,000";"0,000";"0,222";"0,692";"0,638";"0,810";"2,140";"0,000";"0,000";"0,000";
"14/12/2023 01:10";"0,748";"0,000";"0,635";"0,000";"0,809";"0,000";"2,192";"0,000";"0,000";"0,000";"0,000";"0,204";"0,748";"0,635";"0,809";"2,192";"0,000";"0,000";"0,000";
"14/12/2023 01:20";"1,127";"0,000";"0,768";"0,000";"0,988";"0,000";"2,883";"0,000";"0,055";"0,000";"0,000";"0,222";"1,127";"0,768";"0,988";"2,883";"0,000";"0,000";"0,000";
"14/12/2023 01:30";"0,766";"0,000";"0,621";"0,000";"0,807";"0,000";"2,194";"0,000";"0,002";"0,000";"0,000";"0,117";"0,766";"0,621";"0,807";"2,194";"0,000";"0,000";"0,000";
"14/12/2023 01:40";"0,754";"0,000";"0,620";"0,000";"0,838";"0,000";"2,212";"0,000";"0,001";"0,000";"0,000";"0,272";"0,754";"0,620";"0,838";"2,212";"0,000";"0,000";"0,000";
"14/12/2023 01:50";"0,936";"0,000";"0,793";"0,000";"1,024";"0,000";"2,753";"0,000";"0,039";"0,000";"0,000";"0,396";"0,936";"0,793";"1,024";"2,753";"0,000";"0,000";"0,000";
"14/12/2023 02:00";"0,738";"0,000";"0,588";"0,000";"0,798";"0,000";"2,124";"0,000";"0,000";"0,000";"0,000";"0,181";"0,738";"0,588";"0,798";"2,124";"0,000";"0,000";"0,000";
"14/12/2023 02:10";"0,743";"0,000";"0,626";"0,000";"0,678";"0,000";"2,047";"0,000";"0,008";"0,000";"0,000";"0,044";"0,743";"0,626";"0,678";"2,047";"0,000";"0,000";"0,000";
"14/12/2023 02:20";"0,789";"0,000";"0,715";"0,000";"0,812";"0,000";"2,316";"0,000";"0,044";"0,000";"0,000";"0,174";"0,789";"0,715";"0,812";"2,316";"0,000";"0,000";"0,000";
"14/12/2023 02:30";"0,678";"0,000";"0,577";"0,000";"0,688";"0,000";"1,943";"0,000";"0,001";"0,000";"0,000";"0,085";"0,678";"0,577";"0,688";"1,943";"0,000";"0,000";"0,000";
"14/12/2023 02:40";"0,758";"0,000";"0,682";"0,000";"0,785";"0,000";"2,226";"0,000";"0,048";"0,000";"0,000";"0,311";"0,758";"0,682";"0,785";"2,226";"0,000";"0,000";"0,000";
"14/12/2023 02:50";"0,753";"0,000";"0,716";"0,000";"0,798";"0,000";"2,267";"0,000";"0,126";"0,000";"0,000";"0,228";"0,753";"0,716";"0,798";"2,267";"0,000";"0,000";"0,000";
"14/12/2023 03:00";"0,715";"0,000";"0,614";"0,000";"0,713";"0,000";"2,042";"0,000";"0,000";"0,000";"0,000";"0,232";"0,715";"0,614";"0,713";"2,042";"0,000";"0,000";"0,000";
"14/12/2023 03:10";"1,078";"0,000";"0,822";"0,000";"0,922";"0,000";"2,822";"0,000";"0,053";"0,000";"0,000";"0,290";"1,078";"0,822";"0,922";"2,822";"0,000";"0,000";"0,000";
"14/12/2023 03:20";"0,695";"0,000";"0,618";"0,000";"0,705";"0,000";"2,017";"0,000";"0,000";"0,000";"0,000";"0,256";"0,695";"0,618";"0,705";"2,017";"0,000";"0,000";"0,000";
"14/12/2023 03:30";"0,661";"0,000";"0,605";"0,000";"0,725";"0,000";"1,992";"0,000";"0,000";"0,000";"0,000";"0,190";"0,661";"0,605";"0,725";"1,992";"0,000";"0,000";"0,000";
"14/12/2023 03:40";"0,836";"0,000";"0,783";"0,000";"0,897";"0,000";"2,516";"0,000";"0,090";"0,000";"0,000";"0,324";"0,836";"0,783";"0,897";"2,516";"0,000";"0,000";"0,000";
"14/12/2023 03:50";"0,698";"0,000";"0,650";"0,000";"0,759";"0,000";"2,108";"0,000";"0,000";"0,000";"0,000";"0,316";"0,698";"0,650";"0,759";"2,108";"0,000";"0,000";"0,000";
"14/12/2023 04:00";"0,634";"0,000";"0,596";"0,000";"0,705";"0,000";"1,935";"0,000";"0,090";"0,000";"0,000";"0,224";"0,634";"0,596";"0,705";"1,935";"0,000";"0,000";"0,000";
"14/12/2023 04:10";"0,759";"0,000";"0,713";"0,000";"0,927";"0,000";"2,398";"0,000";"0,046";"0,000";"0,000";"0,091";"0,759";"0,713";"0,927";"2,398";"0,000";"0,000";"0,000";
"14/12/2023 04:20";"0,686";"0,000";"0,646";"0,000";"0,859";"0,000";"2,191";"0,000";"0,000";"0,000";"0,000";"0,275";"0,686";"0,646";"0,859";"2,191";"0,000";"0,000";"0,000";
"14/12/2023 04:30";"0,837";"0,000";"0,776";"0,000";"1,067";"0,000";"2,679";"0,000";"0,095";"0,000";"0,000";"0,277";"0,837";"0,776";"1,067";"2,679";"0,000";"0,000";"0,000";
"14/12/2023 04:40";"0,692";"0,000";"0,699";"0,000";"0,879";"0,000";"2,270";"0,000";"0,000";"0,000";"0,000";"0,300";"0,692";"0,699";"0,879";"2,270";"0,000";"0,000";"0,000";
"14/12/2023 04:50";"0,657";"0,000";"0,590";"0,000";"0,792";"0,000";"2,039";"0,000";"0,000";"0,000";"0,000";"0,204";"0,657";"0,590";"0,792";"2,039";"0,000";"0,000";"0,000";
"14/12/2023 05:00";"0,812";"0,000";"0,751";"0,000";"0,997";"0,000";"2,560";"0,000";"0,120";"0,000";"0,000";"0,375";"0,812";"0,751";"0,997";"2,560";"0,000";"0,000";"0,000";
"14/12/2023 05:10";"0,902";"0,000";"0,631";"0,000";"0,854";"0,000";"2,387";"0,000";"0,000";"0,000";"0,000";"0,318";"0,902";"0,631";"0,854";"2,387";"0,000";"0,000";"0,000";
"14/12/2023 05:20";"0,782";"0,000";"0,619";"0,000";"0,820";"0,000";"2,222";"0,000";"0,000";"0,000";"0,000";"0,261";"0,782";"0,619";"0,820";"2,222";"0,000";"0,000";"0,000";
"14/12/2023 05:30";"1,031";"0,000";"0,969";"0,000";"1,123";"0,000";"3,122";"0,000";"0,126";"0,000";"0,000";"0,190";"1,031";"0,969";"1,123";"3,122";"0,000";"0,000";"0,000";
"14/12/2023 05:40";"1,864";"0,000";"1,405";"0,000";"1,451";"0,000";"4,720";"0,000";"0,012";"0,000";"0,000";"0,142";"1,864";"1,405";"1,451";"4,720";"0,000";"0,000";"0,000";
"14/12/2023 05:50";"2,096";"0,000";"1,523";"0,000";"1,599";"0,000";"5,218";"0,000";"0,018";"0,000";"0,000";"0,154";"2,096";"1,523";"1,599";"5,218";"0,000";"0,000";"0,000";
"14/12/2023 06:00";"2,371";"0,000";"2,014";"0,000";"2,172";"0,000";"6,557";"0,000";"0,872";"0,000";"0,000";"0,103";"2,371";"2,014";"2,172";"6,557";"0,000";"0,000";"0,000";
"14/12/2023 06:10";"3,576";"0,000";"3,278";"0,000";"3,505";"0,000";"10,359";"0,000";"1,310";"0,000";"0,000";"0,122";"3,576";"3,278";"3,505";"10,359";"0,000";"0,000";"0,000";
"14/12/2023 06:20";"3,016";"0,000";"2,846";"0,000";"2,908";"0,000";"8,769";"0,000";"1,431";"0,000";"0,000";"0,070";"3,016";"2,846";"2,908";"8,769";"0,000";"0,000";"0,000";
"14/12/2023 06:30";"2,841";"0,000";"2,570";"0,000";"2,701";"0,000";"8,112";"0,000";"1,082";"0,000";"0,000";"0,319";"2,841";"2,570";"2,701";"8,112";"0,000";"0,000";"0,000";
"14/12/2023 06:40";"3,054";"0,000";"2,699";"0,000";"3,186";"0,000";"8,939";"0,000";"1,478";"0,000";"0,000";"0,167";"3,054";"2,699";"3,186";"8,939";"0,000";"0,000";"0,000";
"14/12/2023 06:50";"2,783";"0,000";"2,422";"0,000";"2,844";"0,000";"8,049";"0,000";"1,314";"0,000";"0,000";"0,162";"2,783";"2,422";"2,844";"8,049";"0,000";"0,000";"0,000";
"14/12/2023 07:00";"3,029";"0,000";"2,555";"0,000";"2,874";"0,000";"8,458";"0,000";"1,192";"0,000";"0,000";"0,083";"3,029";"2,555";"2,874";"8,458";"0,000";"0,000";"0,000";
"14/12/2023 07:10";"3,034";"0,000";"2,723";"0,000";"2,802";"0,000";"8,559";"0,000";"0,837";"0,000";"0,000";"0,038";"3,034";"2,723";"2,802";"8,559";"0,000";"0,000";"0,000";
"14/12/2023 07:20";"4,056";"0,000";"3,645";"0,000";"3,802";"0,000";"11,504";"0,000";"1,032";"0,000";"0,000";"0,277";"4,056";"3,645";"3,802";"11,504";"0,000";"0,000";"0,000";
"14/12/2023 07:30";"3,739";"0,000";"3,073";"0,000";"3,293";"0,000";"10,105";"0,000";"1,111";"0,000";"0,000";"0,158";"3,739";"3,073";"3,293";"10,105";"0,000";"0,000";"0,000";
"14/12/2023 07:40";"3,465";"0,000";"2,793";"0,000";"3,080";"0,000";"9,338";"0,000";"1,035";"0,000";"0,000";"0,466";"3,465";"2,793";"3,080";"9,338";"0,000";"0,000";"0,000";
"14/12/2023 07:50";"3,322";"0,000";"2,887";"0,000";"3,592";"0,000";"9,800";"0,000";"1,612";"0,000";"0,000";"0,213";"3,322";"2,887";"3,592";"9,800";"0,000";"0,000";"0,000";
"14/12/2023 08:00";"3,285";"0,000";"2,886";"0,000";"3,596";"0,000";"9,767";"0,000";"1,145";"0,000";"0,000";"0,521";"3,285";"2,886";"3,596";"9,767";"0,000";"0,000";"0,000";
"14/12/2023 08:10";"3,400";"0,000";"2,884";"0,000";"3,712";"0,000";"9,996";"0,000";"1,676";"0,000";"0,000";"0,427";"3,400";"2,884";"3,712";"9,996";"0,000";"0,000";"0,000";
"14/12/2023 08:20";"3,439";"0,000";"2,966";"0,000";"3,880";"0,000";"10,284";"0,000";"1,543";"0,000";"0,000";"0,302";"3,439";"2,966";"3,880";"10,284";"0,000";"0,000";"0,000";
"14/12/2023 08:30";"6,169";"0,000";"5,762";"0,000";"6,379";"0,000";"18,310";"0,000";"2,782";"0,000";"0,000";"0,131";"6,169";"5,762";"6,379";"18,310";"0,000";"0,000";"0,000";
"14/12/2023 08:40";"7,088";"0,000";"6,637";"0,000";"7,317";"0,000";"21,042";"0,000";"4,245";"0,000";"0,000";"0,002";"7,088";"6,637";"7,317";"21,042";"0,000";"0,000";"0,000";
"14/12/2023 08:50";"6,676";"0,000";"6,115";"0,000";"6,829";"0,000";"19,620";"0,000";"3,208";"0,000";"0,000";"0,052";"6,676";"6,115";"6,829";"19,620";"0,000";"0,000";"0,000";
"14/12/2023 09:00";"6,624";"0,000";"6,234";"0,000";"7,106";"0,000";"19,963";"0,000";"2,370";"0,000";"0,000";"0,066";"6,624";"6,234";"7,106";"19,963";"0,000";"0,000";"0,000";
"14/12/2023 09:10";"7,042";"0,000";"6,948";"0,000";"7,599";"0,000";"21,589";"0,000";"5,271";"0,000";"0,000";"0,015";"7,042";"6,948";"7,599";"21,589";"0,000";"0,000";"0,000";
"14/12/2023 09:20";"6,778";"0,000";"6,395";"0,000";"7,076";"0,000";"20,248";"0,000";"1,623";"0,000";"0,000";"0,150";"6,778";"6,395";"7,076";"20,248";"0,000";"0,000";"0,000";
"14/12/2023 09:30";"7,024";"0,000";"6,778";"0,000";"7,529";"0,000";"21,331";"0,000";"2,563";"0,000";"0,000";"0,047";"7,024";"6,778";"7,529";"21,331";"0,000";"0,000";"0,000";
"14/12/2023 09:40";"6,807";"0,000";"6,178";"0,000";"6,997";"0,000";"19,982";"0,000";"2,382";"0,000";"0,000";"0,050";"6,807";"6,178";"6,997";"19,982";"0,000";"0,000";"0,000";
"14/12/2023 09:50";"5,714";"0,000";"4,719";"0,000";"5,375";"0,000";"15,808";"0,000";"0,945";"0,000";"0,000";"0,262";"5,714";"4,719";"5,375";"15,808";"0,000";"0,000";"0,000";
"14/12/2023 10:00";"4,865";"0,000";"4,096";"0,000";"4,876";"0,000";"13,836";"0,000";"1,496";"0,000";"0,000";"0,142";"4,986";"4,217";"4,997";"14,199";"0,363";"0,186";"0,177";
"14/12/2023 10:10";"4,817";"0,000";"4,078";"0,000";"4,743";"0,000";"13,638";"0,000";"1,610";"0,000";"0,000";"0,074";"5,117";"4,378";"5,043";"14,538";"0,900";"0,461";"0,439";
"14/12/2023 10:20";"6,536";"0,000";"5,714";"0,000";"6,517";"0,000";"18,767";"0,000";"1,652";"0,000";"0,000";"0,214";"6,914";"6,092";"6,895";"19,901";"1,134";"0,607";"0,527";
"14/12/2023 10:30";"7,117";"0,000";"6,330";"0,000";"7,244";"0,000";"20,692";"0,000";"1,792";"0,000";"0,000";"0,103";"7,588";"6,802";"7,716";"22,106";"1,414";"0,747";"0,667";
"14/12/2023 10:40";"6,774";"0,000";"5,963";"0,000";"7,284";"0,000";"20,021";"0,000";"1,079";"0,000";"0,000";"0,084";"7,329";"6,518";"7,838";"21,685";"1,664";"0,926";"0,738";
"14/12/2023 10:50";"7,859";"0,000";"7,262";"0,000";"8,470";"0,000";"23,591";"0,000";"2,093";"0,000";"0,000";"0,001";"8,547";"7,950";"9,158";"25,655";"2,064";"1,201";"0,863";
"14/12/2023 11:00";"7,682";"0,000";"7,249";"0,000";"8,252";"0,000";"23,183";"0,000";"1,881";"0,000";"0,000";"0,005";"8,385";"7,952";"8,955";"25,293";"2,110";"1,248";"0,862";
"14/12/2023 11:10";"8,057";"0,000";"7,755";"0,000";"8,490";"0,000";"24,301";"0,000";"2,233";"0,000";"0,000";"0,006";"8,875";"8,573";"9,308";"26,756";"2,455";"1,520";"0,935";
"14/12/2023 11:20";"8,618";"0,000";"8,417";"0,000";"9,155";"0,000";"26,191";"0,000";"2,649";"0,000";"0,000";"0,002";"9,455";"9,254";"9,992";"28,701";"2,510";"1,514";"0,996";
"14/12/2023 11:30";"8,579";"0,000";"8,244";"0,000";"9,093";"0,000";"25,916";"0,000";"4,331";"0,000";"0,000";"0,000";"9,511";"9,176";"10,025";"28,712";"2,796";"1,639";"1,157";
"14/12/2023 11:40";"8,956";"0,000";"8,587";"0,000";"9,381";"0,000";"26,924";"0,000";"4,875";"0,000";"0,000";"0,000";"10,140";"9,771";"10,565";"30,475";"3,551";"2,007";"1,544";
"14/12/2023 11:50";"8,579";"0,000";"7,848";"0,000";"8,747";"0,000";"25,174";"0,000";"4,966";"0,000";"0,000";"0,000";"9,857";"9,126";"10,025";"29,008";"3,834";"2,080";"1,754";
"14/12/2023 12:00";"8,146";"0,000";"7,626";"0,000";"8,539";"0,000";"24,311";"0,000";"2,182";"0,000";"0,000";"0,014";"9,541";"9,022";"9,935";"28,497";"4,186";"2,199";"1,987";
"14/12/2023 12:10";"8,575";"0,000";"8,023";"0,000";"9,219";"0,000";"25,817";"0,000";"2,868";"0,000";"0,000";"0,007";"10,064";"9,511";"10,708";"30,283";"4,466";"2,287";"2,179";
"14/12/2023 12:20";"8,441";"0,000";"7,732";"0,000";"8,850";"0,000";"25,023";"0,000";"2,674";"0,000";"0,000";"0,002";"10,013";"9,304";"10,422";"29,739";"4,716";"2,380";"2,336";
"14/12/2023 12:30";"8,768";"0,000";"8,208";"0,000";"9,297";"0,000";"26,272";"0,000";"3,586";"0,000";"0,000";"0,000";"10,498";"9,938";"11,027";"31,462";"5,190";"2,608";"2,582";
"14/12/2023 12:40";"9,626";"0,000";"9,187";"0,000";"9,932";"0,000";"28,746";"0,000";"4,225";"0,000";"0,000";"0,000";"11,533";"11,094";"11,839";"34,466";"5,720";"2,870";"2,850";
"14/12/2023 12:50";"10,008";"0,000";"9,504";"0,000";"10,254";"0,000";"29,767";"0,000";"5,277";"0,000";"0,000";"0,000";"12,237";"11,733";"12,483";"36,454";"6,687";"3,354";"3,333";
"14/12/2023 13:00";"7,380";"0,000";"6,826";"0,000";"7,810";"0,000";"22,017";"0,000";"2,675";"0,000";"0,000";"0,005";"8,363";"7,809";"8,793";"24,965";"2,948";"1,492";"1,456";
"14/12/2023 13:10";"6,948";"0,000";"6,364";"0,000";"7,369";"0,000";"20,681";"0,000";"1,547";"0,000";"0,000";"0,007";"7,801";"7,217";"8,222";"23,240";"2,559";"1,296";"1,263";
"14/12/2023 13:20";"6,268";"0,000";"5,420";"0,000";"6,585";"0,000";"18,274";"0,000";"1,620";"0,000";"0,000";"0,440";"7,058";"6,210";"7,374";"20,642";"2,368";"1,200";"1,168";
"14/12/2023 13:30";"5,408";"0,000";"4,502";"0,000";"5,837";"0,000";"15,747";"0,000";"0,718";"0,000";"0,000";"0,510";"6,241";"5,335";"6,671";"18,247";"2,500";"1,266";"1,234";
"14/12/2023 13:40";"4,221";"0,000";"3,477";"0,000";"4,764";"0,000";"12,462";"0,000";"1,067";"0,000";"0,000";"0,621";"5,070";"4,326";"5,614";"15,010";"2,548";"1,292";"1,256";
"14/12/2023 13:50";"3,827";"0,000";"3,210";"0,000";"4,339";"0,000";"11,376";"0,000";"0,791";"0,000";"0,000";"0,143";"4,531";"3,913";"5,043";"13,486";"2,110";"1,071";"1,039";
"14/12/2023 14:00";"3,565";"0,000";"2,956";"0,000";"4,199";"0,000";"10,720";"0,000";"0,806";"0,000";"0,000";"0,475";"4,250";"3,641";"4,883";"12,774";"2,054";"1,042";"1,012";
"14/12/2023 14:10";"3,140";"0,000";"2,776";"0,000";"3,819";"0,000";"9,735";"0,000";"0,668";"0,000";"0,000";"0,155";"3,923";"3,560";"4,603";"12,085";"2,350";"1,190";"1,160";
"14/12/2023 14:20";"5,268";"0,000";"4,936";"0,000";"5,715";"0,000";"15,919";"0,000";"1,207";"0,000";"0,000";"0,244";"6,072";"5,740";"6,519";"18,330";"2,411";"1,221";"1,190";
"14/12/2023 14:30";"5,585";"0,000";"5,271";"0,000";"6,117";"0,000";"16,972";"0,000";"0,989";"0,000";"0,000";"0,321";"6,265";"5,951";"6,797";"19,013";"2,041";"1,035";"1,006";
"14/12/2023 14:40";"4,640";"0,000";"4,354";"0,000";"5,361";"0,000";"14,355";"0,000";"0,762";"0,000";"0,000";"0,143";"5,405";"5,119";"6,126";"16,650";"2,295";"1,163";"1,132";
"14/12/2023 14:50";"5,815";"0,000";"5,376";"0,000";"6,408";"0,000";"17,600";"0,000";"1,029";"0,000";"0,000";"0,399";"6,407";"5,968";"7,000";"19,376";"1,776";"0,901";"0,875";
"14/12/2023 15:00";"5,046";"0,000";"4,706";"0,000";"5,813";"0,000";"15,566";"0,000";"0,926";"0,000";"0,000";"0,270";"5,479";"5,139";"6,246";"16,865";"1,299";"0,660";"0,639";
"14/12/2023 15:10";"5,608";"0,000";"5,246";"0,000";"6,277";"0,000";"17,131";"0,000";"1,159";"0,000";"0,000";"0,353";"5,985";"5,623";"6,655";"18,264";"1,133";"0,576";"0,557";
"14/12/2023 15:20";"5,537";"0,000";"5,143";"0,000";"5,973";"0,000";"16,653";"0,000";"1,179";"0,000";"0,000";"0,270";"5,858";"5,465";"6,295";"17,618";"0,965";"0,491";"0,474";
"14/12/2023 15:30";"6,586";"0,000";"6,134";"0,000";"6,937";"0,000";"19,657";"0,000";"1,698";"0,000";"0,000";"0,200";"6,879";"6,428";"7,231";"20,537";"0,880";"0,448";"0,432";
"14/12/2023 15:40";"6,990";"0,000";"6,507";"0,000";"7,299";"0,000";"20,797";"0,000";"1,981";"0,000";"0,000";"0,174";"7,251";"6,768";"7,560";"21,578";"0,781";"0,398";"0,383";
"14/12/2023 15:50";"5,855";"0,000";"5,523";"0,000";"6,374";"0,000";"17,752";"0,000";"1,560";"0,000";"0,000";"0,200";"6,151";"5,819";"6,669";"18,639";"0,887";"0,452";"0,435";
"14/12/2023 16:00";"4,939";"0,000";"4,618";"0,000";"5,689";"0,000";"15,245";"0,000";"1,461";"0,000";"0,000";"0,300";"5,249";"4,927";"5,998";"16,174";"0,929";"0,473";"0,456";
"14/12/2023 16:10";"5,682";"0,000";"5,274";"0,000";"6,382";"0,000";"17,338";"0,000";"1,694";"0,000";"0,000";"0,266";"5,894";"5,486";"6,594";"17,974";"0,636";"0,325";"0,311";
"14/12/2023 16:20";"6,133";"0,000";"5,748";"0,000";"6,779";"0,000";"18,660";"0,000";"1,588";"0,000";"0,000";"0,201";"6,299";"5,914";"6,945";"19,158";"0,498";"0,255";"0,243";
"14/12/2023 16:30";"5,945";"0,000";"5,578";"0,000";"6,545";"0,000";"18,068";"0,000";"1,276";"0,000";"0,000";"0,325";"6,077";"5,710";"6,677";"18,464";"0,396";"0,203";"0,193";
"14/12/2023 16:40";"4,787";"0,000";"4,461";"0,000";"5,498";"0,000";"14,745";"0,000";"0,901";"0,000";"0,000";"0,273";"4,897";"4,571";"5,608";"15,077";"0,331";"0,170";"0,161";
"14/12/2023 16:50";"4,391";"0,000";"4,143";"0,000";"5,193";"0,000";"13,727";"0,000";"0,841";"0,000";"0,000";"0,092";"4,494";"4,245";"5,296";"14,035";"0,308";"0,158";"0,150";
"14/12/2023 17:00";"4,211";"0,000";"4,024";"0,000";"5,089";"0,000";"13,325";"0,000";"0,605";"0,000";"0,000";"0,044";"4,325";"4,138";"5,203";"13,666";"0,341";"0,175";"0,166";
"14/12/2023 17:10";"4,292";"0,000";"4,063";"0,000";"5,119";"0,000";"13,475";"0,000";"0,595";"0,000";"0,000";"0,046";"4,384";"4,154";"5,210";"13,749";"0,274";"0,141";"0,133";
"14/12/2023 17:20";"4,395";"0,000";"4,098";"0,000";"5,163";"0,000";"13,657";"0,000";"0,858";"0,000";"0,000";"0,145";"4,454";"4,157";"5,221";"13,833";"0,176";"0,091";"0,085";
"14/12/2023 17:30";"4,935";"0,000";"4,538";"0,000";"5,610";"0,000";"15,084";"0,000";"0,921";"0,000";"0,000";"0,306";"4,970";"4,573";"5,645";"15,188";"0,104";"0,054";"0,050";
"14/12/2023 17:40";"5,023";"0,000";"4,643";"0,000";"5,762";"0,000";"15,428";"0,000";"0,824";"0,000";"0,000";"0,255";"5,035";"4,655";"5,774";"15,463";"0,035";"0,018";"0,017";
"14/12/2023 17:50";"5,471";"0,000";"5,114";"0,000";"6,136";"0,000";"16,721";"0,000";"1,024";"0,000";"0,000";"0,243";"5,471";"5,114";"6,136";"16,721";"0,000";"0,000";"0,000";
"14/12/2023 18:00";"4,421";"0,000";"4,066";"0,000";"5,176";"0,000";"13,663";"0,000";"0,570";"0,000";"0,000";"0,057";"4,421";"4,066";"5,176";"13,663";"0,000";"0,000";"0,000";
"14/12/2023 18:10";"4,283";"0,000";"3,971";"0,000";"5,038";"0,000";"13,292";"0,000";"0,534";"0,000";"0,000";"0,173";"4,283";"3,971";"5,038";"13,292";"0,000";"0,000";"0,000";
"14/12/2023 18:20";"1,415";"0,000";"1,005";"0,000";"1,398";"0,000";"3,818";"0,000";"0,089";"0,000";"0,000";"0,264";"1,415";"1,005";"1,398";"3,818";"0,000";"0,000";"0,000";
"14/12/2023 18:30";"1,184";"0,000";"0,816";"0,000";"1,108";"0,000";"3,108";"0,000";"0,000";"0,000";"0,000";"0,258";"1,184";"0,816";"1,108";"3,108";"0,000";"0,000";"0,000";
"14/12/2023 18:40";"1,319";"0,000";"0,998";"0,000";"1,194";"0,000";"3,512";"0,000";"0,000";"0,000";"0,000";"0,398";"1,319";"0,998";"1,194";"3,512";"0,000";"0,000";"0,000";
"14/12/2023 18:50";"1,347";"0,000";"1,040";"0,000";"1,246";"0,000";"3,634";"0,000";"0,065";"0,000";"0,000";"0,290";"1,347";"1,040";"1,246";"3,634";"0,000";"0,000";"0,000";
"14/12/2023 19:00";"1,151";"0,000";"0,819";"0,000";"1,072";"0,000";"3,042";"0,000";"0,000";"0,000";"0,000";"0,320";"1,151";"0,819";"1,072";"3,042";"0,000";"0,000";"0,000";
"14/12/2023 19:10";"1,068";"0,000";"0,747";"0,000";"1,026";"0,000";"2,841";"0,000";"0,000";"0,000";"0,000";"0,207";"1,068";"0,747";"1,026";"2,841";"0,000";"0,000";"0,000";
"14/12/2023 19:20";"1,261";"0,000";"0,968";"0,000";"1,259";"0,000";"3,488";"0,000";"0,164";"0,000";"0,000";"0,121";"1,261";"0,968";"1,259";"3,488";"0,000";"0,000";"0,000";
"14/12/2023 19:30";"1,155";"0,000";"0,860";"0,000";"1,145";"0,000";"3,160";"0,000";"0,000";"0,000";"0,000";"0,357";"1,155";"0,860";"1,145";"3,160";"0,000";"0,000";"0,000";
"14/12/2023 19:40";"1,104";"0,000";"0,788";"0,000";"1,091";"0,000";"2,983";"0,000";"0,000";"0,000";"0,000";"0,298";"1,104";"0,788";"1,091";"2,983";"0,000";"0,000";"0,000";
"14/12/2023 19:50";"1,298";"0,000";"0,999";"0,000";"1,420";"0,000";"3,718";"0,000";"0,082";"0,000";"0,000";"0,344";"1,298";"0,999";"1,420";"3,718";"0,000";"0,000";"0,000";
"14/12/2023 20:00";"1,158";"0,000";"0,862";"0,000";"1,311";"0,000";"3,331";"0,000";"0,000";"0,000";"0,000";"0,262";"1,158";"0,862";"1,311";"3,331";"0,000";"0,000";"0,000";
"14/12/2023 20:10";"1,046";"0,000";"0,765";"0,000";"1,122";"0,000";"2,934";"0,000";"0,000";"0,000";"0,000";"0,245";"1,046";"0,765";"1,122";"2,934";"0,000";"0,000";"0,000";
"14/12/2023 20:20";"1,251";"0,000";"0,964";"0,000";"1,257";"0,000";"3,473";"0,000";"0,037";"0,000";"0,000";"0,363";"1,251";"0,964";"1,257";"3,473";"0,000";"0,000";"0,000";
"14/12/2023 20:30";"1,069";"0,000";"0,743";"0,000";"0,979";"0,000";"2,791";"0,000";"0,000";"0,000";"0,000";"0,261";"1,069";"0,743";"0,979";"2,791";"0,000";"0,000";"0,000";
"14/12/2023 20:40";"0,987";"0,000";"0,794";"0,000";"0,848";"0,000";"2,630";"0,000";"0,000";"0,000";"0,000";"0,138";"0,987";"0,794";"0,848";"2,630";"0,000";"0,000";"0,000";
"14/12/2023 20:50";"0,987";"0,000";"0,987";"0,000";"1,132";"0,000";"3,107";"0,000";"0,043";"0,000";"0,000";"0,234";"0,987";"0,987";"1,132";"3,107";"0,000";"0,000";"0,000";
"14/12/2023 21:00";"0,805";"0,000";"0,777";"0,000";"0,858";"0,000";"2,440";"0,000";"0,000";"0,000";"0,000";"0,288";"0,805";"0,777";"0,858";"2,440";"0,000";"0,000";"0,000";
"14/12/2023 21:10";"0,783";"0,000";"0,794";"0,000";"0,767";"0,000";"2,344";"0,000";"0,000";"0,000";"0,000";"0,094";"0,783";"0,794";"0,767";"2,344";"0,000";"0,000";"0,000";
"14/12/2023 21:20";"1,071";"0,000";"0,998";"0,000";"0,938";"0,000";"3,008";"0,000";"0,144";"0,000";"0,000";"0,185";"1,071";"0,998";"0,938";"3,008";"0,000";"0,000";"0,000";
"14/12/2023 21:30";"0,702";"0,000";"0,827";"0,000";"0,675";"0,000";"2,204";"0,000";"0,000";"0,000";"0,000";"0,259";"0,702";"0,827";"0,675";"2,204";"0,000";"0,000";"0,000";
"14/12/2023 21:40";"0,646";"0,000";"0,770";"0,000";"0,643";"0,000";"2,058";"0,000";"0,001";"0,000";"0,000";"0,097";"0,646";"0,770";"0,643";"2,058";"0,000";"0,000";"0,000";
"14/12/2023 21:50";"1,042";"0,000";"0,936";"0,000";"0,890";"0,000";"2,868";"0,000";"0,041";"0,000";"0,000";"0,295";"1,042";"0,936";"0,890";"2,868";"0,000";"0,000";"0,000";
"14/12/2023 22:00";"0,948";"0,000";"0,847";"0,000";"0,754";"0,000";"2,550";"0,000";"0,000";"0,000";"0,000";"0,241";"0,948";"0,847";"0,754";"2,550";"0,000";"0,000";"0,000";
"14/12/2023 22:10";"0,662";"0,000";"0,572";"0,000";"0,695";"0,000";"1,929";"0,000";"0,000";"0,000";"0,000";"0,111";"0,662";"0,572";"0,695";"1,929";"0,000";"0,000";"0,000";
"14/12/2023 22:20";"0,741";"0,000";"0,748";"0,000";"0,903";"0,000";"2,392";"0,000";"0,052";"0,000";"0,000";"0,159";"0,741";"0,748";"0,903";"2,392";"0,000";"0,000";"0,000";
"14/12/2023 22:30";"0,633";"0,000";"0,640";"0,000";"0,805";"0,000";"2,078";"0,000";"0,000";"0,000";"0,000";"0,222";"0,633";"0,640";"0,805";"2,078";"0,000";"0,000";"0,000";
"14/12/2023 22:40";"0,753";"0,000";"0,556";"0,000";"0,791";"0,000";"2,100";"0,000";"0,000";"0,000";"0,000";"0,148";"0,753";"0,556";"0,791";"2,100";"0,000";"0,000";"0,000";
"14/12/2023 22:50";"0,843";"0,000";"0,757";"0,000";"1,002";"0,000";"2,602";"0,000";"0,061";"0,000";"0,000";"0,136";"0,843";"0,757";"1,002";"2,602";"0,000";"0,000";"0,000";
"14/12/2023 23:00";"0,638";"0,000";"0,607";"0,000";"0,765";"0,000";"2,010";"0,000";"0,009";"0,000";"0,000";"0,096";"0,638";"0,607";"0,765";"2,010";"0,000";"0,000";"0,000";
"14/12/2023 23:10";"0,665";"0,000";"0,619";"0,000";"0,685";"0,000";"1,968";"0,000";"0,000";"0,000";"0,000";"0,225";"0,665";"0,619";"0,685";"1,968";"0,000";"0,000";"0,000";
"14/12/2023 23:20";"0,761";"0,000";"0,770";"0,000";"0,849";"0,000";"2,380";"0,000";"0,156";"0,000";"0,000";"0,179";"0,761";"0,770";"0,849";"2,380";"0,000";"0,000";"0,000";
"14/12/2023 23:30";"0,610";"0,000";"0,616";"0,000";"0,706";"0,000";"1,931";"0,000";"0,010";"0,000";"0,000";"0,181";"0,610";"0,616";"0,706";"1,931";"0,000";"0,000";"0,000";
"14/12/2023 23:40";"0,828";"0,000";"0,531";"0,000";"0,652";"0,000";"2,011";"0,000";"0,003";"0,000";"0,000";"0,098";"0,828";"0,531";"0,652";"2,011";"0,000";"0,000";"0,000";
"14/12/2023 23:50";"0,838";"0,000";"0,762";"0,000";"0,872";"0,000";"2,472";"0,000";"0,124";"0,000";"0,000";"0,072";"0,838";"0,762";"0,872";"2,472";"0,000";"0,000";"0,000";
"15/12/2023 00:00";"0,688";"0,000";"0,683";"0,000";"0,822";"0,000";"2,193";"0,000";"0,000";"0,000";"0,000";"0,204";"0,688";"0,683";"0,822";"2,193";"0,000";"0,000";"0,000";
"15/12/2023 00:10";"0,515";"0,000";"0,519";"0,000";"0,745";"0,000";"1,779";"0,000";"0,000";"0,000";"0,000";"0,079";"0,515";"0,519";"0,745";"1,779";"0,000";"0,000";"0,000";
"15/12/2023 00:20";"0,760";"0,000";"0,735";"0,000";"0,968";"0,000";"2,463";"0,000";"0,169";"0,000";"0,000";"0,042";"0,760";"0,735";"0,968";"2,463";"0,000";"0,000";"0,000";
"15/12/2023 00:30";"0,660";"0,000";"0,641";"0,000";"0,838";"0,000";"2,138";"0,000";"0,007";"0,000";"0,000";"0,182";"0,660";"0,641";"0,838";"2,138";"0,000";"0,000";"0,000";
"15/12/2023 00:40";"0,591";"0,000";"0,580";"0,000";"0,798";"0,000";"1,969";"0,000";"0,000";"0,000";"0,000";"0,173";"0,591";"0,580";"0,798";"1,969";"0,000";"0,000";"0,000";
"15/12/2023 00:50";"0,888";"0,000";"0,754";"0,000";"1,015";"0,000";"2,657";"0,000";"0,068";"0,000";"0,000";"0,116";"0,888";"0,754";"1,015";"2,657";"0,000";"0,000";"0,000";
"15/12/2023 01:00";"0,766";"0,000";"0,586";"0,000";"0,710";"0,000";"2,062";"0,000";"0,001";"0,000";"0,000";"0,161";"0,766";"0,586";"0,710";"2,062";"0,000";"0,000";"0,000";
"15/12/2023 01:10";"0,612";"0,000";"0,587";"0,000";"0,664";"0,000";"1,863";"0,000";"0,002";"0,000";"0,000";"0,151";"0,612";"0,587";"0,664";"1,863";"0,000";"0,000";"0,000";
"15/12/2023 01:20";"0,721";"0,000";"0,684";"0,000";"0,739";"0,000";"2,144";"0,000";"0,132";"0,000";"0,000";"0,196";"0,721";"0,684";"0,739";"2,144";"0,000";"0,000";"0,000";
"15/12/2023 01:30";"0,593";"0,000";"0,614";"0,000";"0,660";"0,000";"1,867";"0,000";"0,026";"0,000";"0,000";"0,013";"0,593";"0,614";"0,660";"1,867";"0,000";"0,000";"0,000";
"15/12/2023 01:40";"0,623";"0,000";"0,582";"0,000";"0,693";"0,000";"1,898";"0,000";"0,000";"0,000";"0,000";"0,179";"0,623";"0,582";"0,693";"1,898";"0,000";"0,000";"0,000";
"15/12/2023 01:50";"0,696";"0,000";"0,698";"0,000";"0,900";"0,000";"2,294";"0,000";"0,049";"0,000";"0,000";"0,267";"0,696";"0,698";"0,900";"2,294";"0,000";"0,000";"0,000";
"15/12/2023 02:00";"0,591";"0,000";"0,590";"0,000";"0,755";"0,000";"1,936";"0,000";"0,012";"0,000";"0,000";"0,074";"0,591";"0,590";"0,755";"1,936";"0,000";"0,000";"0,000";
"15/12/2023 02:10";"0,618";"0,000";"0,602";"0,000";"0,855";"0,000";"2,075";"0,000";"0,015";"0,000";"0,000";"0,015";"0,618";"0,602";"0,855";"2,075";"0,000";"0,000";"0,000";
"15/12/2023 02:20";"0,818";"0,000";"0,778";"0,000";"1,020";"0,000";"2,616";"0,000";"0,047";"0,000";"0,000";"0,275";"0,818";"0,778";"1,020";"2,616";"0,000";"0,000";"0,000";
"15/12/2023 02:30";"0,901";"0,000";"0,553";"0,000";"0,784";"0,000";"2,237";"0,000";"0,004";"0,000";"0,000";"0,098";"0,901";"0,553";"0,784";"2,237";"0,000";"0,000";"0,000";
"15/12/2023 02:40";"0,746";"0,000";"0,601";"0,000";"0,829";"0,000";"2,177";"0,000";"0,005";"0,000";"0,000";"0,136";"0,746";"0,601";"0,829";"2,177";"0,000";"0,000";"0,000";
"15/12/2023 02:50";"0,881";"0,000";"0,787";"0,000";"1,062";"0,000";"2,730";"0,000";"0,046";"0,000";"0,000";"0,227";"0,881";"0,787";"1,062";"2,730";"0,000";"0,000";"0,000";
"15/12/2023 03:00";"0,684";"0,000";"0,579";"0,000";"0,802";"0,000";"2,065";"0,000";"0,003";"0,000";"0,000";"0,110";"0,684";"0,579";"0,802";"2,065";"0,000";"0,000";"0,000";
"15/12/2023 03:10";"0,704";"0,000";"0,598";"0,000";"0,843";"0,000";"2,146";"0,000";"0,007";"0,000";"0,000";"0,124";"0,704";"0,598";"0,843";"2,146";"0,000";"0,000";"0,000";
"15/12/2023 03:20";"0,751";"0,000";"0,684";"0,000";"0,932";"0,000";"2,367";"0,000";"0,035";"0,000";"0,000";"0,181";"0,751";"0,684";"0,932";"2,367";"0,000";"0,000";"0,000";
"15/12/2023 03:30";"0,726";"0,000";"0,594";"0,000";"0,738";"0,000";"2,058";"0,000";"0,043";"0,000";"0,000";"0,000";"0,726";"0,594";"0,738";"2,058";"0,000";"0,000";"0,000";
"15/12/2023 03:40";"0,648";"0,000";"0,606";"0,000";"0,663";"0,000";"1,917";"0,000";"0,013";"0,000";"0,000";"0,145";"0,648";"0,606";"0,663";"1,917";"0,000";"0,000";"0,000";
"15/12/2023 03:50";"0,738";"0,000";"0,732";"0,000";"0,851";"0,000";"2,322";"0,000";"0,056";"0,000";"0,000";"0,267";"0,738";"0,732";"0,851";"2,322";"0,000";"0,000";"0,000";
"15/12/2023 04:00";"0,637";"0,000";"0,624";"0,000";"0,694";"0,000";"1,956";"0,000";"0,008";"0,000";"0,000";"0,160";"0,637";"0,624";"0,694";"1,956";"0,000";"0,000";"0,000";
"15/12/2023 04:10";"0,582";"0,000";"0,538";"0,000";"0,610";"0,000";"1,730";"0,000";"0,002";"0,000";"0,000";"0,122";"0,582";"0,538";"0,610";"1,730";"0,000";"0,000";"0,000";
"15/12/2023 04:20";"0,964";"0,000";"0,759";"0,000";"0,862";"0,000";"2,585";"0,000";"0,051";"0,000";"0,000";"0,043";"0,964";"0,759";"0,862";"2,585";"0,000";"0,000";"0,000";
"15/12/2023 04:30";"0,679";"0,000";"0,585";"0,000";"0,811";"0,000";"2,074";"0,000";"0,013";"0,000";"0,000";"0,110";"0,679";"0,585";"0,811";"2,074";"0,000";"0,000";"0,000";
"15/12/2023 04:40";"0,605";"0,000";"0,595";"0,000";"0,808";"0,000";"2,008";"0,000";"0,000";"0,000";"0,000";"0,153";"0,605";"0,595";"0,808";"2,008";"0,000";"0,000";"0,000";
"15/12/2023 04:50";"0,758";"0,000";"0,737";"0,000";"0,947";"0,000";"2,442";"0,000";"0,148";"0,000";"0,000";"0,104";"0,758";"0,737";"0,947";"2,442";"0,000";"0,000";"0,000";
"15/12/2023 05:00";"0,655";"0,000";"0,628";"0,000";"0,852";"0,005";"2,135";"0,004";"0,045";"0,005";"0,000";"0,010";"0,655";"0,628";"0,848";"2,131";"0,000";"0,000";"0,000";
"15/12/2023 05:10";"0,653";"0,000";"0,652";"0,000";"0,888";"0,000";"2,193";"0,000";"0,000";"0,000";"0,000";"0,224";"0,653";"0,652";"0,888";"2,193";"0,000";"0,000";"0,000";
"15/12/2023 05:20";"0,671";"0,000";"0,695";"0,000";"0,828";"0,000";"2,195";"0,000";"0,046";"0,000";"0,000";"0,207";"0,671";"0,695";"0,828";"2,195";"0,000";"0,000";"0,000";
"15/12/2023 05:30";"0,656";"0,000";"0,610";"0,000";"0,715";"0,000";"1,981";"0,000";"0,017";"0,000";"0,000";"0,188";"0,656";"0,610";"0,715";"1,981";"0,000";"0,000";"0,000";
"15/12/2023 05:40";"1,580";"0,000";"1,260";"0,000";"1,135";"0,000";"3,975";"0,000";"0,056";"0,000";"0,000";"0,040";"1,580";"1,260";"1,135";"3,975";"0,000";"0,000";"0,000";
"15/12/2023 05:50";"2,124";"0,000";"1,610";"0,000";"1,597";"0,000";"5,331";"0,000";"0,095";"0,000";"0,000";"0,167";"2,124";"1,610";"1,597";"5,331";"0,000";"0,000";"0,000";
"15/12/2023 06:00";"2,146";"0,000";"1,806";"0,000";"1,813";"0,000";"5,765";"0,000";"0,730";"0,000";"0,000";"0,009";"2,146";"1,806";"1,813";"5,765";"0,000";"0,000";"0,000";
"15/12/2023 06:10";"3,389";"0,000";"3,115";"0,000";"3,196";"0,000";"9,700";"0,000";"1,159";"0,000";"0,000";"0,085";"3,389";"3,115";"3,196";"9,700";"0,000";"0,000";"0,000";
"15/12/2023 06:20";"5,724";"0,000";"5,073";"0,000";"5,654";"0,000";"16,450";"0,000";"2,550";"0,000";"0,000";"0,322";"5,724";"5,073";"5,654";"16,450";"0,000";"0,000";"0,000";
"15/12/2023 06:30";"4,944";"0,000";"4,540";"0,000";"5,272";"0,000";"14,756";"0,000";"1,762";"0,000";"0,000";"0,304";"4,944";"4,540";"5,272";"14,756";"0,000";"0,000";"0,000";
"15/12/2023 06:40";"6,088";"0,000";"5,509";"0,000";"6,259";"0,000";"17,856";"0,000";"1,608";"0,000";"0,000";"0,394";"6,088";"5,509";"6,259";"17,856";"0,000";"0,000";"0,000";
"15/12/2023 06:50";"8,224";"0,000";"7,694";"0,000";"8,259";"0,000";"24,176";"0,000";"0,995";"0,000";"0,000";"0,196";"8,224";"7,694";"8,259";"24,176";"0,000";"0,000";"0,000";
"15/12/2023 07:00";"9,070";"0,000";"8,756";"0,000";"9,166";"0,000";"26,992";"0,000";"3,934";"0,000";"0,000";"0,007";"9,070";"8,756";"9,166";"26,992";"0,000";"0,000";"0,000";
"15/12/2023 07:10";"6,746";"0,000";"5,973";"0,000";"6,800";"0,000";"19,518";"0,000";"1,030";"0,000";"0,000";"0,201";"6,746";"5,973";"6,800";"19,518";"0,000";"0,000";"0,000";
"15/12/2023 07:20";"6,548";"0,000";"5,811";"0,000";"6,664";"0,000";"19,024";"0,000";"1,230";"0,000";"0,000";"0,103";"6,548";"5,811";"6,664";"19,024";"0,000";"0,000";"0,000";
"15/12/2023 07:30";"6,360";"0,000";"5,884";"0,000";"6,820";"0,000";"19,064";"0,000";"3,162";"0,000";"0,000";"0,098";"6,360";"5,884";"6,820";"19,064";"0,000";"0,000";"0,000";
"15/12/2023 07:40";"5,981";"0,000";"5,401";"0,000";"6,430";"0,000";"17,812";"0,000";"0,790";"0,000";"0,000";"0,162";"5,981";"5,401";"6,430";"17,812";"0,000";"0,000";"0,000";
"15/12/2023 07:50";"6,095";"0,000";"5,520";"0,000";"6,354";"0,000";"17,968";"0,000";"0,911";"0,000";"0,000";"0,221";"6,095";"5,520";"6,354";"17,968";"0,000";"0,000";"0,000";
"15/12/2023 08:00";"6,690";"0,000";"6,223";"0,000";"7,003";"0,000";"19,916";"0,000";"1,094";"0,000";"0,000";"0,031";"6,690";"6,223";"7,003";"19,916";"0,000";"0,000";"0,000";
"15/12/2023 08:10";"7,605";"0,000";"7,335";"0,000";"7,948";"0,000";"22,888";"0,000";"1,345";"0,000";"0,000";"0,032";"7,605";"7,335";"7,948";"22,888";"0,000";"0,000";"0,000";
"15/12/2023 08:20";"8,251";"0,000";"7,780";"0,000";"8,499";"0,000";"24,530";"0,000";"1,274";"0,000";"0,000";"0,016";"8,251";"7,780";"8,499";"24,530";"0,000";"0,000";"0,000";
"15/12/2023 08:30";"7,966";"0,000";"7,619";"0,000";"8,406";"0,000";"23,991";"0,000";"1,143";"0,000";"0,000";"0,008";"7,966";"7,619";"8,406";"23,991";"0,000";"0,000";"0,000";
"15/12/2023 08:40";"9,038";"0,000";"8,634";"0,000";"9,277";"0,000";"26,949";"0,000";"2,354";"0,000";"0,000";"0,000";"9,038";"8,634";"9,277";"26,949";"0,000";"0,000";"0,000";
"15/12/2023 08:50";"8,349";"0,000";"8,002";"0,000";"8,739";"0,000";"25,090";"0,000";"2,610";"0,000";"0,000";"0,001";"8,349";"8,002";"8,739";"25,090";"0,000";"0,000";"0,000";
"15/12/2023 09:00";"8,593";"0,000";"8,373";"0,000";"8,930";"0,000";"25,896";"0,000";"3,234";"0,000";"0,000";"0,000";"8,593";"8,373";"8,930";"25,896";"0,000";"0,000";"0,000";
"15/12/2023 09:10";"8,243";"0,000";"8,001";"0,000";"8,587";"0,000";"24,832";"0,000";"3,210";"0,000";"0,000";"0,000";"8,243";"8,001";"8,587";"24,832";"0,000";"0,000";"0,000";
"15/12/2023 09:20";"7,928";"0,000";"7,434";"0,000";"8,408";"0,000";"23,771";"0,000";"2,099";"0,000";"0,000";"0,009";"7,928";"7,434";"8,408";"23,771";"0,000";"0,000";"0,000";
"15/12/2023 09:30";"8,952";"0,000";"8,398";"0,000";"8,957";"0,000";"26,307";"0,000";"3,728";"0,000";"0,000";"0,000";"8,952";"8,398";"8,957";"26,307";"0,000";"0,000";"0,000";
"15/12/2023 09:40";"8,950";"0,000";"8,223";"0,000";"9,001";"0,000";"26,174";"0,000";"2,449";"0,000";"0,000";"0,014";"8,950";"8,223";"9,001";"26,174";"0,000";"0,000";"0,000";
"15/12/2023 09:50";"7,420";"0,000";"6,851";"0,000";"7,637";"0,000";"21,908";"0,000";"1,323";"0,000";"0,000";"0,045";"7,420";"6,851";"7,637";"21,908";"0,000";"0,000";"0,000";
"15/12/2023 10:00";"6,207";"0,000";"5,526";"0,000";"6,384";"0,000";"18,116";"0,000";"0,437";"0,000";"0,000";"0,174";"6,566";"5,885";"6,743";"19,194";"1,078";"0,616";"0,462";
"15/12/2023 10:10";"6,343";"0,000";"5,719";"0,000";"6,476";"0,000";"18,537";"0,000";"0,556";"0,000";"0,000";"0,110";"6,645";"6,021";"6,778";"19,443";"0,906";"0,587";"0,319";
"15/12/2023 10:20";"7,432";"0,000";"6,760";"0,000";"7,689";"0,000";"21,881";"0,000";"1,523";"0,000";"0,000";"0,080";"7,912";"7,240";"8,169";"23,322";"1,441";"0,896";"0,545";
"15/12/2023 10:30";"9,084";"0,000";"8,486";"0,000";"9,332";"0,000";"26,903";"0,000";"5,065";"0,000";"0,000";"0,004";"9,326";"8,728";"9,574";"27,628";"0,725";"0,402";"0,323";
"15/12/2023 10:40";"8,403";"0,000";"7,994";"0,000";"8,800";"0,000";"25,197";"0,000";"1,837";"0,000";"0,000";"0,011";"8,957";"8,547";"9,354";"26,858";"1,661";"0,926";"0,735";
"15/12/2023 10:50";"10,021";"0,000";"9,644";"0,000";"10,257";"0,000";"29,922";"0,000";"2,759";"0,000";"0,000";"0,000";"10,491";"10,114";"10,727";"31,332";"1,410";"0,731";"0,679";
"15/12/2023 11:00";"7,572";"0,000";"7,069";"0,000";"7,949";"0,000";"22,589";"0,000";"1,756";"0,000";"0,000";"0,012";"7,960";"7,458";"8,337";"23,755";"1,166";"0,600";"0,566";
"15/12/2023 11:10";"7,823";"0,000";"6,996";"0,000";"7,845";"0,000";"22,664";"0,000";"2,198";"0,000";"0,000";"0,018";"8,397";"7,570";"8,419";"24,386";"1,722";"0,940";"0,782";
"15/12/2023 11:20";"7,504";"0,000";"6,997";"0,000";"7,650";"0,000";"22,150";"0,000";"2,671";"0,000";"0,000";"0,007";"8,621";"8,114";"8,767";"25,503";"3,353";"1,991";"1,362";
"15/12/2023 11:30";"8,247";"0,000";"7,756";"0,000";"8,540";"0,000";"24,543";"0,000";"2,163";"0,000";"0,000";"0,019";"9,126";"8,635";"9,418";"27,179";"2,636";"1,493";"1,143";
"15/12/2023 11:40";"8,248";"0,000";"7,800";"0,000";"8,626";"0,000";"24,673";"0,000";"2,100";"0,000";"0,000";"0,004";"9,098";"8,650";"9,476";"27,223";"2,550";"1,419";"1,131";
"15/12/2023 11:50";"6,661";"0,000";"5,810";"0,000";"6,958";"0,000";"19,429";"0,000";"1,008";"0,000";"0,000";"0,066";"7,765";"6,914";"8,062";"22,741";"3,312";"1,796";"1,516";
"15/12/2023 12:00";"7,382";"0,000";"6,952";"0,000";"7,712";"0,000";"22,045";"0,000";"1,726";"0,000";"0,000";"0,019";"8,770";"8,339";"9,099";"26,208";"4,163";"2,186";"1,977";
"15/12/2023 12:10";"7,427";"0,000";"7,098";"0,000";"7,785";"0,000";"22,309";"0,000";"0,861";"0,000";"0,000";"0,124";"8,979";"8,650";"9,337";"26,965";"4,656";"2,386";"2,270";
"15/12/2023 12:20";"7,406";"0,000";"6,864";"0,000";"7,652";"0,000";"21,922";"0,000";"1,384";"0,000";"0,000";"0,063";"9,011";"8,469";"9,258";"26,739";"4,817";"2,426";"2,391";
"15/12/2023 12:30";"9,103";"0,000";"8,587";"0,000";"9,256";"0,000";"26,946";"0,000";"2,453";"0,000";"0,000";"0,021";"10,747";"10,231";"10,900";"31,877";"4,931";"2,470";"2,461";
"15/12/2023 12:40";"8,207";"0,000";"7,601";"0,000";"8,332";"0,000";"24,140";"0,000";"1,647";"0,000";"0,000";"0,044";"9,869";"9,264";"9,995";"29,128";"4,988";"2,499";"2,489";
"15/12/2023 12:50";"7,511";"0,000";"6,888";"0,000";"7,780";"0,000";"22,179";"0,000";"1,165";"0,000";"0,000";"0,047";"9,207";"8,584";"9,477";"27,268";"5,089";"2,549";"2,540";
"15/12/2023 13:00";"7,342";"0,000";"6,722";"0,000";"7,606";"0,000";"21,670";"0,000";"1,005";"0,000";"0,000";"0,103";"9,043";"8,424";"9,308";"26,775";"5,105";"2,562";"2,543";
"15/12/2023 13:10";"7,059";"0,000";"6,406";"0,000";"7,590";"0,000";"21,056";"0,000";"1,018";"0,000";"0,000";"0,046";"8,764";"8,110";"9,295";"26,169";"5,113";"2,567";"2,546";
"15/12/2023 13:20";"7,330";"0,000";"6,531";"0,000";"7,403";"0,000";"21,264";"0,000";"1,608";"0,000";"0,000";"0,240";"9,035";"8,236";"9,108";"26,378";"5,114";"2,567";"2,547";
"15/12/2023 13:30";"6,103";"0,000";"4,996";"0,000";"6,179";"0,000";"17,278";"0,000";"0,801";"0,000";"0,000";"0,545";"7,801";"6,695";"7,877";"22,374";"5,096";"2,560";"2,536";
"15/12/2023 13:40";"5,326";"0,000";"4,521";"0,000";"5,462";"0,000";"15,309";"0,000";"1,194";"0,000";"0,000";"0,253";"7,018";"6,213";"7,154";"20,385";"5,076";"2,553";"2,523";
"15/12/2023 13:50";"4,670";"0,000";"3,995";"0,000";"4,688";"0,000";"13,354";"0,000";"1,005";"0,000";"0,000";"0,275";"6,348";"5,673";"6,366";"18,386";"5,032";"2,536";"2,496";
"15/12/2023 14:00";"4,852";"0,000";"4,438";"0,000";"5,193";"0,000";"14,483";"0,000";"0,705";"0,000";"0,000";"0,237";"6,509";"6,095";"6,850";"19,454";"4,971";"2,510";"2,461";
"15/12/2023 14:10";"5,527";"0,000";"5,139";"0,000";"5,837";"0,000";"16,503";"0,000";"0,842";"0,000";"0,000";"0,394";"7,162";"6,774";"7,472";"21,408";"4,905";"2,478";"2,427";
"15/12/2023 14:20";"5,041";"0,000";"4,630";"0,000";"5,295";"0,000";"14,965";"0,000";"0,915";"0,000";"0,000";"0,392";"6,646";"6,234";"6,899";"19,779";"4,814";"2,434";"2,380";
"15/12/2023 14:30";"5,650";"0,000";"5,242";"0,000";"5,907";"0,000";"16,799";"0,000";"0,989";"0,000";"0,000";"0,363";"7,213";"6,804";"7,470";"21,487";"4,688";"2,372";"2,316";
"15/12/2023 14:40";"5,217";"0,000";"4,706";"0,000";"5,491";"0,000";"15,414";"0,000";"0,943";"0,000";"0,000";"0,331";"6,728";"6,217";"7,001";"19,946";"4,532";"2,293";"2,239";
"15/12/2023 14:50";"6,089";"0,000";"5,547";"0,000";"6,208";"0,000";"17,844";"0,000";"1,191";"0,000";"0,000";"0,272";"7,540";"6,999";"7,659";"22,198";"4,354";"2,203";"2,151";
"15/12/2023 15:00";"4,960";"0,000";"4,362";"0,000";"5,156";"0,000";"14,478";"0,000";"0,789";"0,000";"0,000";"0,377";"6,346";"5,749";"6,543";"18,637";"4,159";"2,102";"2,057";
"15/12/2023 15:10";"4,148";"0,000";"3,617";"0,000";"4,427";"0,000";"12,193";"0,000";"0,690";"0,000";"0,000";"0,339";"5,467";"4,936";"5,746";"16,148";"3,955";"1,995";"1,960";
"15/12/2023 15:20";"4,107";"0,000";"3,555";"0,000";"4,378";"0,000";"12,039";"0,000";"0,706";"0,000";"0,000";"0,236";"5,350";"4,798";"5,622";"15,770";"3,731";"1,878";"1,853";
"15/12/2023 15:30";"5,017";"0,000";"4,473";"0,000";"5,235";"0,000";"14,725";"0,000";"0,860";"0,000";"0,000";"0,312";"6,178";"5,634";"6,396";"18,208";"3,483";"1,749";"1,734";
"15/12/2023 15:40";"5,235";"0,000";"4,650";"0,000";"5,465";"0,000";"15,350";"0,000";"1,022";"0,000";"0,000";"0,293";"6,307";"5,722";"6,537";"18,566";"3,216";"1,610";"1,606";
"15/12/2023 15:50";"5,242";"0,000";"4,692";"0,000";"5,526";"0,000";"15,460";"0,000";"1,059";"0,000";"0,000";"0,282";"6,221";"5,671";"6,504";"18,396";"2,936";"1,467";"1,469";
"15/12/2023 16:00";"5,770";"0,000";"5,209";"0,000";"6,039";"0,000";"17,018";"0,000";"1,223";"0,000";"0,000";"0,255";"6,646";"6,085";"6,915";"19,647";"2,629";"1,342";"1,287";
"15/12/2023 16:10";"6,017";"0,000";"5,466";"0,000";"6,247";"0,000";"17,730";"0,000";"1,339";"0,000";"0,000";"0,233";"6,761";"6,209";"6,990";"19,960";"2,230";"1,180";"1,050";
"15/12/2023 16:20";"5,207";"0,000";"4,663";"0,000";"5,277";"0,000";"15,148";"0,000";"1,042";"0,000";"0,000";"0,282";"5,810";"5,266";"5,880";"16,955";"1,807";"1,011";"0,796";
"15/12/2023 16:30";"4,153";"0,000";"3,557";"0,000";"4,187";"0,000";"11,897";"0,000";"0,595";"0,000";"0,000";"0,397";"4,617";"4,021";"4,650";"13,288";"1,391";"0,840";"0,551";
"15/12/2023 16:40";"4,090";"0,000";"3,570";"0,000";"4,135";"0,000";"11,794";"0,000";"0,565";"0,000";"0,000";"0,370";"4,496";"3,976";"4,541";"13,013";"1,219";"0,696";"0,523";
"15/12/2023 16:50";"4,075";"0,000";"3,529";"0,000";"4,111";"0,000";"11,714";"0,000";"0,673";"0,000";"0,000";"0,274";"4,407";"3,861";"4,443";"12,710";"0,996";"0,570";"0,426";
"15/12/2023 17:00";"4,081";"0,000";"3,516";"0,000";"4,134";"0,000";"11,732";"0,000";"0,668";"0,000";"0,000";"0,295";"4,323";"3,758";"4,376";"12,458";"0,726";"0,419";"0,307";
"15/12/2023 17:10";"4,043";"0,000";"3,499";"0,000";"4,099";"0,000";"11,640";"0,000";"0,555";"0,000";"0,000";"0,395";"4,188";"3,644";"4,245";"12,077";"0,437";"0,276";"0,161";
"15/12/2023 17:20";"4,128";"0,000";"3,501";"0,000";"4,110";"0,000";"11,739";"0,000";"0,681";"0,000";"0,000";"0,273";"4,221";"3,594";"4,203";"12,019";"0,280";"0,180";"0,100";
"15/12/2023 17:30";"5,020";"0,000";"4,436";"0,000";"5,011";"0,000";"14,467";"0,000";"0,792";"0,000";"0,000";"0,396";"5,076";"4,491";"5,067";"14,633";"0,166";"0,100";"0,066";
"15/12/2023 17:40";"5,345";"0,000";"4,785";"0,000";"5,307";"0,000";"15,437";"0,000";"0,905";"0,000";"0,000";"0,363";"5,369";"4,809";"5,331";"15,509";"0,072";"0,039";"0,033";
"15/12/2023 17:50";"5,305";"0,000";"4,740";"0,000";"5,260";"0,000";"15,305";"0,000";"0,980";"0,000";"0,000";"0,353";"5,314";"4,749";"5,269";"15,332";"0,027";"0,015";"0,012";
"15/12/2023 18:00";"5,705";"0,000";"5,090";"0,000";"5,626";"0,000";"16,421";"0,000";"0,997";"0,000";"0,000";"0,340";"5,705";"5,090";"5,626";"16,421";"0,000";"0,000";"0,000";
"15/12/2023 18:10";"6,094";"0,000";"5,524";"0,000";"5,976";"0,000";"17,594";"0,000";"1,057";"0,000";"0,000";"0,299";"6,094";"5,524";"5,976";"17,594";"0,000";"0,000";"0,000";
"15/12/2023 18:20";"5,975";"0,000";"5,419";"0,000";"5,883";"0,000";"17,277";"0,000";"1,109";"0,000";"0,000";"0,314";"5,975";"5,419";"5,883";"17,277";"0,000";"0,000";"0,000";
"15/12/2023 18:30";"5,577";"0,000";"5,056";"0,000";"5,514";"0,000";"16,148";"0,000";"0,992";"0,000";"0,000";"0,358";"5,577";"5,056";"5,514";"16,148";"0,000";"0,000";"0,000";
"15/12/2023 18:40";"4,158";"0,000";"3,558";"0,000";"4,137";"0,000";"11,853";"0,000";"0,970";"0,000";"0,000";"0,274";"4,158";"3,558";"4,137";"11,853";"0,000";"0,000";"0,000";
"15/12/2023 18:50";"4,521";"0,000";"3,914";"0,000";"4,445";"0,000";"12,881";"0,000";"1,356";"0,000";"0,000";"0,260";"4,521";"3,914";"4,445";"12,881";"0,000";"0,000";"0,000";
"15/12/2023 19:00";"4,421";"0,000";"3,815";"0,000";"4,438";"0,000";"12,673";"0,000";"1,402";"0,000";"0,000";"0,302";"4,421";"3,815";"4,438";"12,673";"0,000";"0,000";"0,000";
"15/12/2023 19:10";"4,195";"0,000";"3,637";"0,000";"4,487";"0,000";"12,319";"0,000";"1,229";"0,000";"0,000";"0,207";"4,195";"3,637";"4,487";"12,319";"0,000";"0,000";"0,000";
"15/12/2023 19:20";"3,628";"0,000";"3,082";"0,000";"4,056";"0,000";"10,765";"0,000";"0,507";"0,000";"0,000";"0,078";"3,628";"3,082";"4,056";"10,765";"0,000";"0,000";"0,000";
"15/12/2023 19:30";"3,571";"0,000";"2,965";"0,000";"4,004";"0,000";"10,540";"0,000";"0,643";"0,000";"0,000";"0,271";"3,571";"2,965";"4,004";"10,540";"0,000";"0,000";"0,000";
"15/12/2023 19:40";"3,565";"0,000";"2,986";"0,000";"3,953";"0,000";"10,505";"0,000";"0,633";"0,000";"0,000";"0,242";"3,565";"2,986";"3,953";"10,505";"0,000";"0,000";"0,000";
"15/12/2023 19:50";"3,608";"0,000";"3,025";"0,000";"4,055";"0,000";"10,688";"0,000";"0,550";"0,000";"0,000";"0,221";"3,608";"3,025";"4,055";"10,688";"0,000";"0,000";"0,000";
"15/12/2023 20:00";"3,154";"0,000";"2,606";"0,000";"3,564";"0,000";"9,323";"0,000";"0,506";"0,000";"0,000";"0,355";"3,154";"2,606";"3,564";"9,323";"0,000";"0,000";"0,000";
"15/12/2023 20:10";"1,158";"0,000";"0,589";"0,000";"1,416";"0,000";"3,163";"0,000";"0,000";"0,000";"0,000";"0,206";"1,158";"0,589";"1,416";"3,163";"0,000";"0,000";"0,000";
"15/12/2023 20:20";"1,065";"0,000";"0,565";"0,000";"1,321";"0,000";"2,951";"0,000";"0,000";"0,000";"0,000";"0,325";"1,065";"0,565";"1,321";"2,951";"0,000";"0,000";"0,000";
"15/12/2023 20:30";"0,910";"0,000";"0,609";"0,000";"0,946";"0,000";"2,465";"0,000";"0,000";"0,000";"0,000";"0,215";"0,910";"0,609";"0,946";"2,465";"0,000";"0,000";"0,000";
"15/12/2023 20:40";"0,871";"0,000";"0,563";"0,000";"0,919";"0,000";"2,353";"0,000";"0,000";"0,000";"0,000";"0,307";"0,871";"0,563";"0,919";"2,353";"0,000";"0,000";"0,000";
"15/12/2023 20:50";"0,857";"0,000";"0,611";"0,000";"0,910";"0,000";"2,379";"0,000";"0,000";"0,000";"0,000";"0,225";"0,857";"0,611";"0,910";"2,379";"0,000";"0,000";"0,000";
"15/12/2023 21:00";"0,933";"0,000";"0,446";"0,000";"0,635";"0,000";"2,015";"0,000";"0,001";"0,000";"0,000";"0,126";"0,933";"0,446";"0,635";"2,015";"0,000";"0,000";"0,000";
"15/12/2023 21:10";"0,885";"0,000";"0,499";"0,000";"0,654";"0,000";"2,038";"0,000";"0,004";"0,000";"0,000";"0,055";"0,885";"0,499";"0,654";"2,038";"0,000";"0,000";"0,000";
"15/12/2023 21:20";"0,557";"0,000";"0,460";"0,000";"0,602";"0,000";"1,619";"0,000";"0,009";"0,000";"0,000";"0,086";"0,557";"0,460";"0,602";"1,619";"0,000";"0,000";"0,000";
"15/12/2023 21:30";"0,532";"0,000";"0,510";"0,000";"0,659";"0,000";"1,700";"0,000";"0,016";"0,000";"0,000";"0,039";"0,532";"0,510";"0,659";"1,700";"0,000";"0,000";"0,000";
"15/12/2023 21:40";"0,554";"0,000";"0,553";"0,000";"0,672";"0,000";"1,779";"0,000";"0,011";"0,000";"0,000";"0,152";"0,554";"0,553";"0,672";"1,779";"0,000";"0,000";"0,000";
"15/12/2023 21:50";"0,527";"0,000";"0,498";"0,000";"0,623";"0,000";"1,648";"0,000";"0,001";"0,000";"0,000";"0,146";"0,527";"0,498";"0,623";"1,648";"0,000";"0,000";"0,000";
"15/12/2023 22:00";"0,766";"0,000";"0,520";"0,000";"0,655";"0,000";"1,941";"0,000";"0,000";"0,000";"0,000";"0,204";"0,766";"0,520";"0,655";"1,941";"0,000";"0,000";"0,000";
"15/12/2023 22:10";"0,604";"0,000";"0,472";"0,000";"0,589";"0,000";"1,665";"0,000";"0,009";"0,000";"0,000";"0,065";"0,604";"0,472";"0,589";"1,665";"0,000";"0,000";"0,000";
"15/12/2023 22:20";"0,541";"0,000";"0,529";"0,000";"0,763";"0,000";"1,832";"0,000";"0,016";"0,000";"0,000";"0,012";"0,541";"0,529";"0,763";"1,832";"0,000";"0,000";"0,000";
"15/12/2023 22:30";"0,577";"0,000";"0,544";"0,000";"0,794";"0,000";"1,916";"0,000";"0,005";"0,000";"0,000";"0,146";"0,577";"0,544";"0,794";"1,916";"0,000";"0,000";"0,000";
"15/12/2023 22:40";"0,468";"0,000";"0,445";"0,000";"0,681";"0,000";"1,594";"0,000";"0,009";"0,000";"0,000";"0,084";"0,468";"0,445";"0,681";"1,594";"0,000";"0,000";"0,000";
"15/12/2023 22:50";"0,535";"0,000";"0,513";"0,000";"0,595";"0,000";"1,643";"0,000";"0,014";"0,000";"0,000";"0,015";"0,535";"0,513";"0,595";"1,643";"0,000";"0,000";"0,000";
"15/12/2023 23:00";"0,475";"0,000";"0,492";"0,000";"0,602";"0,000";"1,570";"0,000";"0,001";"0,000";"0,000";"0,067";"0,475";"0,492";"0,602";"1,570";"0,000";"0,000";"0,000";
"15/12/2023 23:10";"0,615";"0,000";"0,494";"0,000";"0,630";"0,000";"1,738";"0,000";"0,000";"0,000";"0,000";"0,204";"0,615";"0,494";"0,630";"1,738";"0,000";"0,000";"0,000";
"15/12/2023 23:20";"0,725";"0,000";"0,469";"0,000";"0,606";"0,000";"1,800";"0,000";"0,005";"0,000";"0,000";"0,071";"0,725";"0,469";"0,606";"1,800";"0,000";"0,000";"0,000";
"15/12/2023 23:30";"0,552";"0,000";"0,537";"0,000";"0,788";"0,000";"1,877";"0,000";"0,016";"0,000";"0,000";"0,038";"0,552";"0,537";"0,788";"1,877";"0,000";"0,000";"0,000";
"15/12/2023 23:40";"0,572";"0,000";"0,535";"0,000";"0,811";"0,000";"1,918";"0,000";"0,000";"0,000";"0,000";"0,257";"0,572";"0,535";"0,811";"1,918";"0,000";"0,000";"0,000";
"15/12/2023 23:50";"0,479";"0,000";"0,483";"0,000";"0,524";"0,000";"1,486";"0,000";"0,006";"0,000";"0,000";"0,055";"0,479";"0,483";"0,524";"1,486";"0,000";"0,000";"0,000";
"16/12/2023 00:00";"0,516";"0,000";"0,505";"0,000";"0,628";"0,000";"1,649";"0,000";"0,005";"0,000";"0,000";"0,179";"0,516";"0,505";"0,628";"1,649";"0,000";"0,000";"0,000";
"16/12/2023 00:10";"0,472";"0,000";"0,466";"0,000";"0,579";"0,000";"1,516";"0,000";"0,004";"0,000";"0,000";"0,065";"0,472";"0,466";"0,579";"1,516";"0,000";"0,000";"0,000";
"16/12/2023 00:20";"0,552";"0,000";"0,545";"0,000";"0,647";"0,000";"1,744";"0,000";"0,025";"0,000";"0,000";"0,007";"0,552";"0,545";"0,647";"1,744";"0,000";"0,000";"0,000";
"16/12/2023 00:30";"0,598";"0,000";"0,585";"0,000";"0,850";"0,000";"2,032";"0,000";"0,001";"0,000";"0,000";"0,176";"0,598";"0,585";"0,850";"2,032";"0,000";"0,000";"0,000";
"16/12/2023 00:40";"0,608";"0,000";"0,443";"0,000";"0,674";"0,000";"1,724";"0,000";"0,000";"0,000";"0,000";"0,111";"0,608";"0,443";"0,674";"1,724";"0,000";"0,000";"0,000";
"16/12/2023 00:50";"0,748";"0,000";"0,549";"0,000";"0,767";"0,000";"2,064";"0,000";"0,013";"0,000";"0,000";"0,161";"0,748";"0,549";"0,767";"2,064";"0,000";"0,000";"0,000";
"16/12/2023 01:00";"0,482";"0,000";"0,459";"0,000";"0,678";"0,000";"1,620";"0,000";"0,007";"0,000";"0,000";"0,086";"0,482";"0,459";"0,678";"1,620";"0,000";"0,000";"0,000";
"16/12/2023 01:10";"0,512";"0,000";"0,506";"0,000";"0,752";"0,000";"1,769";"0,000";"0,000";"0,000";"0,000";"0,044";"0,512";"0,506";"0,752";"1,769";"0,000";"0,000";"0,000";
"16/12/2023 01:20";"0,617";"0,000";"0,596";"0,000";"0,809";"0,000";"2,022";"0,000";"0,011";"0,000";"0,000";"0,175";"0,617";"0,596";"0,809";"2,022";"0,000";"0,000";"0,000";
"16/12/2023 01:30";"0,499";"0,000";"0,482";"0,000";"0,705";"0,000";"1,686";"0,000";"0,004";"0,000";"0,000";"0,092";"0,499";"0,482";"0,705";"1,686";"0,000";"0,000";"0,000";
"16/12/2023 01:40";"0,544";"0,000";"0,520";"0,000";"0,751";"0,000";"1,814";"0,000";"0,014";"0,000";"0,000";"0,088";"0,544";"0,520";"0,751";"1,814";"0,000";"0,000";"0,000";
"16/12/2023 01:50";"0,461";"0,000";"0,438";"0,000";"0,664";"0,000";"1,563";"0,000";"0,007";"0,000";"0,000";"0,121";"0,461";"0,438";"0,664";"1,563";"0,000";"0,000";"0,000";
"16/12/2023 02:00";"0,526";"0,000";"0,525";"0,000";"0,741";"0,000";"1,792";"0,000";"0,018";"0,000";"0,000";"0,024";"0,526";"0,525";"0,741";"1,792";"0,000";"0,000";"0,000";
"16/12/2023 02:10";"0,573";"0,000";"0,544";"0,000";"0,774";"0,000";"1,891";"0,000";"0,000";"0,000";"0,000";"0,233";"0,573";"0,544";"0,774";"1,891";"0,000";"0,000";"0,000";
"16/12/2023 02:20";"0,574";"0,000";"0,531";"0,000";"0,732";"0,000";"1,837";"0,000";"0,001";"0,000";"0,000";"0,180";"0,574";"0,531";"0,732";"1,837";"0,000";"0,000";"0,000";
"16/12/2023 02:30";"0,800";"0,000";"0,530";"0,000";"0,749";"0,000";"2,079";"0,000";"0,012";"0,000";"0,000";"0,069";"0,800";"0,530";"0,749";"2,079";"0,000";"0,000";"0,000";
"16/12/2023 02:40";"0,639";"0,000";"0,589";"0,000";"0,796";"0,000";"2,023";"0,000";"0,000";"0,000";"0,000";"0,224";"0,639";"0,589";"0,796";"2,023";"0,000";"0,000";"0,000";
"16/12/2023 02:50";"0,500";"0,000";"0,476";"0,000";"0,715";"0,000";"1,692";"0,000";"0,000";"0,000";"0,000";"0,207";"0,500";"0,476";"0,715";"1,692";"0,000";"0,000";"0,000";
"16/12/2023 03:00";"0,542";"0,000";"0,531";"0,000";"0,737";"0,000";"1,811";"0,000";"0,008";"0,000";"0,000";"0,086";"0,542";"0,531";"0,737";"1,811";"0,000";"0,000";"0,000";
"16/12/2023 03:10";"0,551";"0,000";"0,565";"0,000";"0,766";"0,000";"1,881";"0,000";"0,008";"0,000";"0,000";"0,164";"0,551";"0,565";"0,766";"1,881";"0,000";"0,000";"0,000";
"16/12/2023 03:20";"0,591";"0,000";"0,586";"0,000";"0,795";"0,000";"1,972";"0,000";"0,000";"0,000";"0,000";"0,218";"0,591";"0,586";"0,795";"1,972";"0,000";"0,000";"0,000";
"16/12/2023 03:30";"0,536";"0,000";"0,518";"0,000";"0,740";"0,000";"1,793";"0,000";"0,001";"0,000";"0,000";"0,194";"0,536";"0,518";"0,740";"1,793";"0,000";"0,000";"0,000";
"16/12/2023 03:40";"0,537";"0,000";"0,512";"0,000";"0,737";"0,000";"1,786";"0,000";"0,008";"0,000";"0,000";"0,042";"0,537";"0,512";"0,737";"1,786";"0,000";"0,000";"0,000";
"16/12/2023 03:50";"0,570";"0,000";"0,557";"0,000";"0,763";"0,000";"1,890";"0,000";"0,011";"0,000";"0,000";"0,093";"0,570";"0,557";"0,763";"1,890";"0,000";"0,000";"0,000";
"16/12/2023 04:00";"0,592";"0,000";"0,582";"0,000";"0,794";"0,000";"1,968";"0,000";"0,000";"0,000";"0,000";"0,225";"0,592";"0,582";"0,794";"1,968";"0,000";"0,000";"0,000";
"16/12/2023 04:10";"0,635";"0,000";"0,603";"0,000";"0,824";"0,000";"2,062";"0,000";"0,000";"0,000";"0,000";"0,242";"0,635";"0,603";"0,824";"2,062";"0,000";"0,000";"0,000";
"16/12/2023 04:20";"0,510";"0,000";"0,466";"0,000";"0,674";"0,000";"1,650";"0,000";"0,000";"0,000";"0,000";"0,144";"0,510";"0,466";"0,674";"1,650";"0,000";"0,000";"0,000";
"16/12/2023 04:30";"0,796";"0,000";"0,521";"0,000";"0,739";"0,000";"2,056";"0,000";"0,015";"0,000";"0,000";"0,059";"0,796";"0,521";"0,739";"2,056";"0,000";"0,000";"0,000";
"16/12/2023 04:40";"0,692";"0,000";"0,593";"0,000";"0,803";"0,000";"2,087";"0,000";"0,000";"0,000";"0,000";"0,200";"0,692";"0,593";"0,803";"2,087";"0,000";"0,000";"0,000";
"16/12/2023 04:50";"0,606";"0,000";"0,503";"0,000";"0,688";"0,000";"1,798";"0,000";"0,000";"0,000";"0,000";"0,165";"0,606";"0,503";"0,688";"1,798";"0,000";"0,000";"0,000";
"16/12/2023 05:00";"0,640";"0,000";"0,535";"0,000";"0,658";"0,000";"1,833";"0,000";"0,032";"0,000";"0,000";"0,060";"0,640";"0,535";"0,658";"1,833";"0,000";"0,000";"0,000";
"16/12/2023 05:10";"0,647";"0,000";"0,534";"0,000";"0,670";"0,000";"1,851";"0,000";"0,048";"0,000";"0,000";"0,021";"0,647";"0,534";"0,670";"1,851";"0,000";"0,000";"0,000";
"16/12/2023 05:20";"0,690";"0,000";"0,575";"0,000";"0,733";"0,000";"1,998";"0,000";"0,000";"0,000";"0,000";"0,180";"0,690";"0,575";"0,733";"1,998";"0,000";"0,000";"0,000";
"16/12/2023 05:30";"0,713";"0,000";"0,601";"0,000";"0,759";"0,000";"2,074";"0,000";"0,000";"0,000";"0,000";"0,206";"0,713";"0,601";"0,759";"2,074";"0,000";"0,000";"0,000";
"16/12/2023 05:40";"0,650";"0,000";"0,551";"0,000";"0,712";"0,000";"1,913";"0,000";"0,000";"0,000";"0,000";"0,125";"0,650";"0,551";"0,712";"1,913";"0,000";"0,000";"0,000";
"16/12/2023 05:50";"0,534";"0,000";"0,491";"0,000";"0,684";"0,000";"1,709";"0,000";"0,001";"0,000";"0,000";"0,137";"0,534";"0,491";"0,684";"1,709";"0,000";"0,000";"0,000";
"16/12/2023 06:00";"0,534";"0,000";"0,536";"0,000";"0,697";"0,000";"1,767";"0,000";"0,027";"0,000";"0,000";"0,009";"0,534";"0,536";"0,697";"1,767";"0,000";"0,000";"0,000";
"16/12/2023 06:10";"0,576";"0,000";"0,578";"0,000";"0,725";"0,000";"1,879";"0,000";"0,003";"0,000";"0,000";"0,174";"0,576";"0,578";"0,725";"1,879";"0,000";"0,000";"0,000";
"16/12/2023 06:20";"0,522";"0,000";"0,494";"0,000";"0,677";"0,000";"1,693";"0,000";"0,000";"0,000";"0,000";"0,245";"0,522";"0,494";"0,677";"1,693";"0,000";"0,000";"0,000";
"16/12/2023 06:30";"0,723";"0,000";"0,530";"0,000";"0,818";"0,000";"2,071";"0,000";"0,006";"0,000";"0,000";"0,043";"0,723";"0,530";"0,818";"2,071";"0,000";"0,000";"0,000";
"16/12/2023 06:40";"0,740";"0,000";"0,568";"0,000";"0,896";"0,000";"2,204";"0,000";"0,013";"0,000";"0,000";"0,092";"0,740";"0,568";"0,896";"2,204";"0,000";"0,000";"0,000";
"16/12/2023 06:50";"0,677";"0,000";"0,610";"0,000";"0,895";"0,000";"2,182";"0,000";"0,000";"0,000";"0,000";"0,227";"0,677";"0,610";"0,895";"2,182";"0,000";"0,000";"0,000";
"16/12/2023 07:00";"0,822";"0,000";"0,540";"0,000";"0,969";"0,000";"2,331";"0,000";"0,000";"0,000";"0,000";"0,227";"0,822";"0,540";"0,969";"2,331";"0,000";"0,000";"0,000";
"16/12/2023 07:10";"0,973";"0,000";"0,667";"0,000";"1,227";"0,000";"2,867";"0,000";"0,000";"0,000";"0,000";"0,213";"0,973";"0,667";"1,227";"2,867";"0,000";"0,000";"0,000";
"16/12/2023 07:20";"4,163";"0,000";"3,901";"0,000";"4,873";"0,000";"12,937";"0,000";"1,076";"0,000";"0,000";"0,167";"4,163";"3,901";"4,873";"12,937";"0,000";"0,000";"0,000";
"16/12/2023 07:30";"5,286";"0,000";"5,008";"0,000";"5,979";"0,000";"16,273";"0,000";"0,909";"0,000";"0,000";"0,301";"5,286";"5,008";"5,979";"16,273";"0,000";"0,000";"0,000";
"16/12/2023 07:40";"5,410";"0,000";"5,149";"0,000";"6,090";"0,000";"16,649";"0,000";"0,972";"0,000";"0,000";"0,334";"5,410";"5,149";"6,090";"16,649";"0,000";"0,000";"0,000";
"16/12/2023 07:50";"5,052";"0,000";"4,751";"0,000";"5,767";"0,000";"15,571";"0,000";"0,915";"0,000";"0,000";"0,317";"5,052";"4,751";"5,767";"15,571";"0,000";"0,000";"0,000";
"16/12/2023 08:00";"5,143";"0,000";"4,896";"0,000";"5,850";"0,000";"15,888";"0,000";"0,888";"0,000";"0,000";"0,312";"5,143";"4,896";"5,850";"15,888";"0,000";"0,000";"0,000";
"16/12/2023 08:10";"5,658";"0,000";"5,415";"0,000";"6,346";"0,000";"17,420";"0,000";"0,913";"0,000";"0,000";"0,392";"5,658";"5,415";"6,346";"17,420";"0,000";"0,000";"0,000";
"16/12/2023 08:20";"5,455";"0,000";"5,203";"0,000";"6,199";"0,000";"16,857";"0,000";"0,906";"0,000";"0,000";"0,303";"5,455";"5,203";"6,199";"16,857";"0,000";"0,000";"0,000";
"16/12/2023 08:30";"3,932";"0,000";"3,774";"0,000";"4,822";"0,000";"12,528";"0,000";"0,438";"0,000";"0,000";"0,190";"3,932";"3,774";"4,822";"12,528";"0,000";"0,000";"0,000";
"16/12/2023 08:40";"4,059";"0,000";"3,683";"0,000";"4,746";"0,000";"12,488";"0,000";"0,537";"0,000";"0,000";"0,259";"4,059";"3,683";"4,746";"12,488";"0,000";"0,000";"0,000";
"16/12/2023 08:50";"5,238";"0,000";"4,859";"0,000";"5,872";"0,000";"15,968";"0,000";"0,903";"0,000";"0,000";"0,289";"5,238";"4,859";"5,872";"15,968";"0,000";"0,000";"0,000";
"16/12/2023 09:00";"5,134";"0,000";"4,839";"0,000";"5,883";"0,000";"15,856";"0,000";"0,924";"0,000";"0,000";"0,365";"5,151";"4,856";"5,899";"15,906";"0,050";"0,027";"0,023";
"16/12/2023 09:10";"4,173";"0,000";"3,977";"0,000";"5,049";"0,000";"13,199";"0,000";"0,545";"0,000";"0,000";"0,229";"4,210";"4,014";"5,086";"13,310";"0,111";"0,063";"0,048";
"16/12/2023 09:20";"3,772";"0,000";"3,614";"0,000";"4,648";"0,000";"12,034";"0,000";"0,565";"0,000";"0,000";"0,209";"3,851";"3,693";"4,728";"12,272";"0,238";"0,150";"0,088";
"16/12/2023 09:30";"5,338";"0,000";"5,203";"0,000";"6,166";"0,000";"16,707";"0,000";"0,981";"0,000";"0,000";"0,341";"5,468";"5,334";"6,296";"17,098";"0,391";"0,265";"0,126";
"16/12/2023 09:40";"5,756";"0,000";"5,589";"0,000";"6,508";"0,000";"17,853";"0,000";"1,027";"0,000";"0,000";"0,332";"5,952";"5,785";"6,705";"18,442";"0,589";"0,419";"0,170";
"16/12/2023 09:50";"4,685";"0,000";"4,478";"0,000";"5,476";"0,000";"14,640";"0,000";"0,899";"0,000";"0,000";"0,353";"4,946";"4,740";"5,738";"15,424";"0,784";"0,553";"0,231";
"16/12/2023 10:00";"3,873";"0,000";"3,719";"0,000";"4,682";"0,000";"12,274";"0,000";"0,765";"0,000";"0,000";"0,252";"4,256";"4,102";"5,065";"13,423";"1,149";"0,765";"0,384";
"16/12/2023 10:10";"3,795";"0,000";"3,706";"0,000";"4,682";"0,000";"12,183";"0,000";"0,570";"0,000";"0,000";"0,197";"4,256";"4,167";"5,143";"13,566";"1,383";"0,914";"0,469";
"16/12/2023 10:20";"3,828";"0,000";"3,711";"0,000";"4,781";"0,000";"12,320";"0,000";"0,546";"0,000";"0,000";"0,144";"4,378";"4,262";"5,332";"13,972";"1,652";"1,061";"0,591";
"16/12/2023 10:30";"4,763";"0,000";"4,658";"0,000";"5,653";"0,000";"15,074";"0,000";"0,931";"0,000";"0,000";"0,194";"5,466";"5,361";"6,356";"17,182";"2,108";"1,222";"0,886";
"16/12/2023 10:40";"4,999";"0,000";"4,858";"0,000";"5,841";"0,000";"15,698";"0,000";"0,970";"0,000";"0,000";"0,308";"5,858";"5,717";"6,700";"18,276";"2,578";"1,432";"1,146";
"16/12/2023 10:50";"4,022";"0,000";"3,848";"0,000";"4,898";"0,000";"12,769";"0,000";"0,826";"0,000";"0,000";"0,240";"4,993";"4,819";"5,869";"15,682";"2,913";"1,617";"1,296";
"16/12/2023 11:00";"3,958";"0,000";"3,628";"0,000";"4,677";"0,000";"12,263";"0,000";"0,861";"0,000";"0,000";"0,303";"5,015";"4,685";"5,733";"15,432";"3,169";"1,753";"1,416";
"16/12/2023 11:10";"4,377";"0,000";"3,946";"0,000";"4,988";"0,000";"13,310";"0,000";"0,836";"0,000";"0,000";"0,291";"5,510";"5,079";"6,121";"16,709";"3,399";"1,877";"1,522";
"16/12/2023 11:20";"5,339";"0,000";"5,158";"0,000";"6,110";"0,000";"16,608";"0,000";"1,068";"0,000";"0,000";"0,283";"6,542";"6,361";"7,312";"20,215";"3,607";"1,991";"1,616";
"16/12/2023 11:30";"4,476";"0,000";"4,289";"0,000";"5,307";"0,000";"14,072";"0,000";"1,143";"0,000";"0,000";"0,213";"5,742";"5,555";"6,573";"17,870";"3,798";"2,097";"1,701";
"16/12/2023 11:40";"6,636";"0,000";"6,314";"0,000";"7,238";"0,000";"20,188";"0,000";"1,693";"0,000";"0,000";"0,226";"7,960";"7,637";"8,562";"24,159";"3,971";"2,193";"1,778";
"16/12/2023 11:50";"5,346";"0,000";"5,071";"0,000";"6,036";"0,000";"16,454";"0,000";"1,664";"0,000";"0,000";"0,278";"6,721";"6,446";"7,411";"20,579";"4,125";"2,280";"1,845";
"16/12/2023 12:00";"4,765";"0,000";"4,513";"0,000";"5,503";"0,000";"14,780";"0,000";"1,673";"0,000";"0,000";"0,232";"6,218";"5,966";"6,956";"19,140";"4,360";"2,357";"2,003";
"16/12/2023 12:10";"4,704";"0,000";"4,464";"0,000";"5,456";"0,000";"14,624";"0,000";"1,514";"0,000";"0,000";"0,359";"6,289";"6,049";"7,041";"19,379";"4,755";"2,445";"2,310";
"16/12/2023 12:20";"4,767";"0,000";"4,555";"0,000";"5,523";"0,000";"14,845";"0,000";"1,717";"0,000";"0,000";"0,244";"6,458";"6,246";"7,214";"19,918";"5,073";"2,557";"2,516";
"16/12/2023 12:30";"4,802";"0,000";"4,567";"0,000";"5,537";"0,000";"14,906";"0,000";"1,629";"0,000";"0,000";"0,293";"6,535";"6,299";"7,270";"20,104";"5,198";"2,604";"2,594";
"16/12/2023 12:40";"4,677";"0,000";"4,427";"0,000";"5,429";"0,000";"14,533";"0,000";"1,851";"0,000";"0,000";"0,203";"6,442";"6,192";"7,194";"19,828";"5,295";"2,650";"2,645";
"16/12/2023 12:50";"1,301";"0,000";"1,096";"0,000";"1,604";"0,000";"4,001";"0,000";"0,322";"0,000";"0,000";"0,448";"3,085";"2,880";"3,388";"9,353";"5,352";"2,678";"2,674";
"16/12/2023 13:00";"0,574";"0,000";"0,440";"0,000";"0,788";"0,000";"1,802";"0,000";"0,000";"0,000";"0,000";"0,182";"2,366";"2,232";"2,581";"7,179";"5,377";"2,697";"2,680";
"16/12/2023 13:10";"0,482";"0,000";"0,377";"0,000";"0,702";"0,000";"1,562";"0,000";"0,004";"0,000";"0,000";"0,114";"2,276";"2,171";"2,496";"6,943";"5,381";"2,702";"2,679";
"16/12/2023 13:20";"0,509";"0,000";"0,401";"0,000";"0,721";"0,000";"1,631";"0,000";"0,010";"0,000";"0,000";"0,110";"2,309";"2,201";"2,520";"7,030";"5,399";"2,711";"2,688";
"16/12/2023 13:30";"0,445";"0,000";"0,307";"0,000";"0,642";"0,000";"1,393";"0,000";"0,025";"0,000";"0,000";"0,031";"2,233";"2,095";"2,431";"6,758";"5,365";"2,694";"2,671";
"16/12/2023 13:40";"0,707";"0,000";"0,344";"0,000";"0,638";"0,000";"1,689";"0,000";"0,018";"0,000";"0,000";"0,069";"2,478";"2,115";"2,409";"7,002";"5,313";"2,672";"2,641";
"16/12/2023 13:50";"0,770";"0,000";"0,466";"0,000";"0,584";"0,000";"1,819";"0,000";"0,000";"0,000";"0,000";"0,155";"2,521";"2,217";"2,335";"7,072";"5,253";"2,644";"2,609";
"16/12/2023 14:00";"0,469";"0,000";"0,356";"0,000";"0,511";"0,000";"1,335";"0,000";"0,015";"0,000";"0,000";"0,069";"2,196";"2,083";"2,238";"6,516";"5,181";"2,614";"2,567";
"16/12/2023 14:10";"0,486";"0,000";"0,359";"0,000";"0,532";"0,000";"1,377";"0,000";"0,050";"0,000";"0,000";"0,015";"2,181";"2,054";"2,227";"6,461";"5,084";"2,568";"2,516";
"16/12/2023 14:20";"0,414";"0,000";"0,259";"0,000";"0,468";"0,000";"1,140";"0,000";"0,014";"0,000";"0,000";"0,058";"2,065";"1,911";"2,119";"6,095";"4,955";"2,504";"2,451";
"16/12/2023 14:30";"0,470";"0,000";"0,332";"0,000";"0,678";"0,000";"1,480";"0,000";"0,025";"0,000";"0,000";"0,029";"2,085";"1,947";"2,293";"6,325";"4,845";"2,449";"2,396";
"16/12/2023 14:40";"0,550";"0,000";"0,447";"0,000";"0,754";"0,000";"1,751";"0,000";"0,034";"0,000";"0,000";"0,111";"2,116";"2,013";"2,319";"6,448";"4,697";"2,374";"2,323";
"16/12/2023 14:50";"0,566";"0,000";"0,420";"0,000";"0,768";"0,000";"1,753";"0,000";"0,000";"0,000";"0,000";"0,147";"2,075";"1,929";"2,277";"6,280";"4,527";"2,289";"2,238";
"16/12/2023 15:00";"0,584";"0,000";"0,476";"0,000";"0,757";"0,000";"1,817";"0,000";"0,000";"0,000";"0,000";"0,150";"2,026";"1,917";"2,198";"6,141";"4,324";"2,182";"2,142";
"16/12/2023 15:10";"0,436";"0,000";"0,307";"0,000";"0,575";"0,000";"1,319";"0,000";"0,021";"0,000";"0,000";"0,042";"1,810";"1,681";"1,949";"5,439";"4,120";"2,073";"2,047";
"16/12/2023 15:20";"0,489";"0,000";"0,357";"0,000";"0,515";"0,000";"1,362";"0,000";"0,045";"0,000";"0,000";"0,030";"1,780";"1,648";"1,805";"5,233";"3,871";"1,944";"1,927";
"16/12/2023 15:30";"0,527";"0,000";"0,388";"0,000";"0,552";"0,000";"1,467";"0,000";"0,030";"0,000";"0,000";"0,080";"1,734";"1,595";"1,759";"5,088";"3,621";"1,815";"1,806";
"16/12/2023 15:40";"0,454";"0,000";"0,359";"0,000";"0,493";"0,000";"1,306";"0,000";"0,007";"0,000";"0,000";"0,121";"1,572";"1,478";"1,611";"4,661";"3,355";"1,677";"1,678";
"16/12/2023 15:50";"0,472";"0,000";"0,357";"0,000";"0,495";"0,000";"1,324";"0,000";"0,058";"0,000";"0,000";"0,000";"1,490";"1,375";"1,513";"4,378";"3,054";"1,523";"1,531";
"16/12/2023 16:00";"0,436";"0,000";"0,261";"0,000";"0,457";"0,000";"1,153";"0,000";"0,017";"0,000";"0,000";"0,093";"1,350";"1,176";"1,371";"3,897";"2,744";"1,401";"1,343";
"16/12/2023 16:10";"0,446";"0,000";"0,341";"0,000";"0,468";"0,000";"1,255";"0,000";"0,034";"0,000";"0,000";"0,021";"1,226";"1,121";"1,249";"3,597";"2,342";"1,240";"1,102";
"16/12/2023 16:20";"0,484";"0,000";"0,360";"0,000";"0,495";"0,000";"1,340";"0,000";"0,059";"0,000";"0,000";"0,000";"1,117";"0,993";"1,128";"3,239";"1,899";"1,064";"0,835";
"16/12/2023 16:30";"0,521";"0,000";"0,351";"0,000";"0,515";"0,000";"1,388";"0,000";"0,003";"0,000";"0,000";"0,125";"1,019";"0,849";"1,012";"2,881";"1,493";"0,894";"0,599";
"16/12/2023 16:40";"0,625";"0,000";"0,290";"0,000";"0,425";"0,000";"1,340";"0,000";"0,031";"0,000";"0,000";"0,026";"1,066";"0,730";"0,866";"2,662";"1,322";"0,747";"0,575";
"16/12/2023 16:50";"0,500";"0,000";"0,360";"0,000";"0,480";"0,000";"1,340";"0,000";"0,084";"0,000";"0,000";"0,000";"0,859";"0,719";"0,839";"2,417";"1,077";"0,615";"0,462";
"16/12/2023 17:00";"0,439";"0,000";"0,391";"0,000";"0,604";"0,000";"1,435";"0,000";"0,008";"0,000";"0,000";"0,133";"0,703";"0,655";"0,868";"2,226";"0,791";"0,456";"0,335";
"16/12/2023 17:10";"0,330";"0,000";"0,305";"0,000";"0,491";"0,000";"1,126";"0,000";"0,042";"0,000";"0,000";"0,029";"0,490";"0,465";"0,651";"1,607";"0,481";"0,304";"0,177";
"16/12/2023 17:20";"0,439";"0,000";"0,351";"0,000";"0,551";"0,000";"1,341";"0,000";"0,060";"0,000";"0,000";"0,014";"0,542";"0,454";"0,654";"1,650";"0,309";"0,199";"0,110";
"16/12/2023 17:30";"0,431";"0,000";"0,240";"0,000";"0,477";"0,000";"1,149";"0,000";"0,038";"0,000";"0,000";"0,019";"0,493";"0,302";"0,539";"1,334";"0,185";"0,111";"0,074";
"16/12/2023 17:40";"0,492";"0,000";"0,364";"0,000";"0,557";"0,000";"1,413";"0,000";"0,128";"0,000";"0,000";"0,000";"0,519";"0,391";"0,584";"1,495";"0,082";"0,044";"0,038";
"16/12/2023 17:50";"0,527";"0,000";"0,425";"0,000";"0,601";"0,000";"1,553";"0,000";"0,042";"0,000";"0,000";"0,066";"0,538";"0,437";"0,612";"1,587";"0,034";"0,018";"0,016";
"16/12/2023 18:00";"0,493";"0,000";"0,323";"0,000";"0,582";"0,000";"1,398";"0,000";"0,013";"0,000";"0,000";"0,105";"0,494";"0,324";"0,583";"1,401";"0,003";"0,002";"0,001";
"16/12/2023 18:10";"0,562";"0,000";"0,447";"0,000";"0,627";"0,000";"1,636";"0,000";"0,030";"0,000";"0,000";"0,079";"0,562";"0,447";"0,627";"1,636";"0,000";"0,000";"0,000";
"16/12/2023 18:20";"0,438";"0,000";"0,385";"0,000";"0,575";"0,000";"1,398";"0,000";"0,013";"0,000";"0,000";"0,061";"0,438";"0,385";"0,575";"1,398";"0,000";"0,000";"0,000";
"16/12/2023 18:30";"0,505";"0,000";"0,454";"0,000";"0,687";"0,000";"1,646";"0,000";"0,019";"0,000";"0,000";"0,175";"0,505";"0,454";"0,687";"1,646";"0,000";"0,000";"0,000";
"16/12/2023 18:40";"0,584";"0,000";"0,577";"0,000";"0,765";"0,000";"1,926";"0,000";"0,013";"0,000";"0,000";"0,079";"0,584";"0,577";"0,765";"1,926";"0,000";"0,000";"0,000";
"16/12/2023 18:50";"0,521";"0,000";"0,517";"0,000";"0,714";"0,000";"1,751";"0,000";"0,000";"0,000";"0,000";"0,213";"0,521";"0,517";"0,714";"1,751";"0,000";"0,000";"0,000";
"16/12/2023 19:00";"0,555";"0,000";"0,544";"0,000";"0,732";"0,000";"1,831";"0,000";"0,013";"0,000";"0,000";"0,103";"0,555";"0,544";"0,732";"1,831";"0,000";"0,000";"0,000";
"16/12/2023 19:10";"0,518";"0,000";"0,504";"0,000";"0,722";"0,000";"1,744";"0,000";"0,002";"0,000";"0,000";"0,161";"0,518";"0,504";"0,722";"1,744";"0,000";"0,000";"0,000";
"16/12/2023 19:20";"0,757";"0,000";"0,521";"0,000";"0,703";"0,000";"1,981";"0,000";"0,000";"0,000";"0,000";"0,176";"0,757";"0,521";"0,703";"1,981";"0,000";"0,000";"0,000";
"16/12/2023 19:30";"0,765";"0,000";"0,546";"0,000";"0,676";"0,000";"1,987";"0,000";"0,000";"0,000";"0,000";"0,135";"0,765";"0,546";"0,676";"1,987";"0,000";"0,000";"0,000";
"16/12/2023 19:40";"0,510";"0,000";"0,487";"0,000";"0,642";"0,000";"1,639";"0,000";"0,000";"0,000";"0,000";"0,228";"0,510";"0,487";"0,642";"1,639";"0,000";"0,000";"0,000";
"16/12/2023 19:50";"0,544";"0,000";"0,561";"0,000";"0,689";"0,000";"1,795";"0,000";"0,002";"0,000";"0,000";"0,093";"0,544";"0,561";"0,689";"1,795";"0,000";"0,000";"0,000";
"16/12/2023 20:00";"0,472";"0,000";"0,469";"0,000";"0,603";"0,000";"1,544";"0,000";"0,000";"0,000";"0,000";"0,162";"0,472";"0,469";"0,603";"1,544";"0,000";"0,000";"0,000";
"16/12/2023 20:10";"0,533";"0,000";"0,508";"0,000";"0,663";"0,000";"1,704";"0,000";"0,010";"0,000";"0,000";"0,080";"0,533";"0,508";"0,663";"1,704";"0,000";"0,000";"0,000";
"16/12/2023 20:20";"0,551";"0,000";"0,522";"0,000";"0,689";"0,000";"1,762";"0,000";"0,009";"0,000";"0,000";"0,081";"0,551";"0,522";"0,689";"1,762";"0,000";"0,000";"0,000";
"16/12/2023 20:30";"0,559";"0,000";"0,546";"0,000";"0,708";"0,000";"1,813";"0,000";"0,000";"0,000";"0,000";"0,199";"0,559";"0,546";"0,708";"1,813";"0,000";"0,000";"0,000";
"16/12/2023 20:40";"0,539";"0,000";"0,501";"0,000";"0,737";"0,000";"1,777";"0,000";"0,000";"0,000";"0,000";"0,169";"0,539";"0,501";"0,737";"1,777";"0,000";"0,000";"0,000";
"16/12/2023 20:50";"0,566";"0,000";"0,568";"0,000";"0,873";"0,000";"2,007";"0,000";"0,001";"0,000";"0,000";"0,205";"0,566";"0,568";"0,873";"2,007";"0,000";"0,000";"0,000";
"16/12/2023 21:00";"0,638";"0,000";"0,653";"0,000";"0,927";"0,000";"2,218";"0,000";"0,000";"0,000";"0,000";"0,222";"0,638";"0,653";"0,927";"2,218";"0,000";"0,000";"0,000";
"16/12/2023 21:10";"0,519";"0,000";"0,496";"0,000";"0,792";"0,000";"1,807";"0,000";"0,000";"0,000";"0,000";"0,158";"0,519";"0,496";"0,792";"1,807";"0,000";"0,000";"0,000";
"16/12/2023 21:20";"0,563";"0,000";"0,549";"0,000";"0,852";"0,000";"1,965";"0,000";"0,000";"0,000";"0,000";"0,236";"0,563";"0,549";"0,852";"1,965";"0,000";"0,000";"0,000";
"16/12/2023 21:30";"0,563";"0,000";"0,546";"0,000";"0,850";"0,000";"1,960";"0,000";"0,000";"0,000";"0,000";"0,196";"0,563";"0,546";"0,850";"1,960";"0,000";"0,000";"0,000";
"16/12/2023 21:40";"0,542";"0,000";"0,529";"0,000";"0,838";"0,000";"1,908";"0,000";"0,000";"0,000";"0,000";"0,215";"0,542";"0,529";"0,838";"1,908";"0,000";"0,000";"0,000";
"16/12/2023 21:50";"0,645";"0,000";"0,539";"0,000";"0,829";"0,000";"2,013";"0,000";"0,000";"0,000";"0,000";"0,128";"0,645";"0,539";"0,829";"2,013";"0,000";"0,000";"0,000";
"16/12/2023 22:00";"0,810";"0,000";"0,584";"0,000";"0,839";"0,000";"2,232";"0,000";"0,000";"0,000";"0,000";"0,173";"0,810";"0,584";"0,839";"2,232";"0,000";"0,000";"0,000";
"16/12/2023 22:10";"0,688";"0,000";"0,658";"0,000";"0,897";"0,000";"2,243";"0,000";"0,000";"0,000";"0,000";"0,225";"0,688";"0,658";"0,897";"2,243";"0,000";"0,000";"0,000";
"16/12/2023 22:20";"0,527";"0,000";"0,503";"0,000";"0,794";"0,000";"1,824";"0,000";"0,000";"0,000";"0,000";"0,188";"0,527";"0,503";"0,794";"1,824";"0,000";"0,000";"0,000";
"16/12/2023 22:30";"0,550";"0,000";"0,554";"0,000";"0,828";"0,000";"1,932";"0,000";"0,000";"0,000";"0,000";"0,138";"0,550";"0,554";"0,828";"1,932";"0,000";"0,000";"0,000";
"16/12/2023 22:40";"0,596";"0,000";"0,597";"0,000";"0,867";"0,000";"2,060";"0,000";"0,000";"0,000";"0,000";"0,231";"0,596";"0,597";"0,867";"2,060";"0,000";"0,000";"0,000";
"16/12/2023 22:50";"0,510";"0,000";"0,511";"0,000";"0,815";"0,000";"1,836";"0,000";"0,001";"0,000";"0,000";"0,133";"0,510";"0,511";"0,815";"1,836";"0,000";"0,000";"0,000";
"16/12/2023 23:00";"0,541";"0,000";"0,521";"0,000";"0,846";"0,000";"1,909";"0,000";"0,010";"0,000";"0,000";"0,091";"0,541";"0,521";"0,846";"1,909";"0,000";"0,000";"0,000";
"16/12/2023 23:10";"0,481";"0,000";"0,483";"0,000";"0,650";"0,000";"1,614";"0,000";"0,001";"0,000";"0,000";"0,145";"0,481";"0,483";"0,650";"1,614";"0,000";"0,000";"0,000";
"16/12/2023 23:20";"0,475";"0,000";"0,465";"0,000";"0,613";"0,000";"1,553";"0,000";"0,000";"0,000";"0,000";"0,146";"0,475";"0,465";"0,613";"1,553";"0,000";"0,000";"0,000";
"16/12/2023 23:30";"0,480";"0,000";"0,449";"0,000";"0,661";"0,000";"1,589";"0,000";"0,001";"0,000";"0,000";"0,124";"0,480";"0,449";"0,661";"1,589";"0,000";"0,000";"0,000";
"16/12/2023 23:40";"0,519";"0,000";"0,463";"0,000";"0,664";"0,000";"1,647";"0,000";"0,000";"0,000";"0,000";"0,162";"0,519";"0,463";"0,664";"1,647";"0,000";"0,000";"0,000";
"16/12/2023 23:50";"0,506";"0,000";"0,498";"0,000";"0,674";"0,000";"1,678";"0,000";"0,004";"0,000";"0,000";"0,120";"0,506";"0,498";"0,674";"1,678";"0,000";"0,000";"0,000";
"17/12/2023 00:00";"0,577";"0,000";"0,577";"0,000";"0,750";"0,000";"1,903";"0,000";"0,012";"0,000";"0,000";"0,174";"0,577";"0,577";"0,750";"1,903";"0,000";"0,000";"0,000";
"17/12/2023 00:10";"0,610";"0,000";"0,616";"0,000";"0,890";"0,000";"2,117";"0,000";"0,000";"0,000";"0,000";"0,240";"0,610";"0,616";"0,890";"2,117";"0,000";"0,000";"0,000";
"17/12/2023 00:20";"0,806";"0,000";"0,667";"0,000";"1,033";"0,000";"2,506";"0,000";"0,000";"0,000";"0,000";"0,261";"0,806";"0,667";"1,033";"2,506";"0,000";"0,000";"0,000";
"17/12/2023 00:30";"1,001";"0,000";"0,749";"0,000";"1,070";"0,000";"2,819";"0,000";"0,000";"0,000";"0,000";"0,147";"1,001";"0,749";"1,070";"2,819";"0,000";"0,000";"0,000";
"17/12/2023 00:40";"0,775";"0,000";"0,734";"0,000";"1,045";"0,000";"2,554";"0,000";"0,000";"0,000";"0,000";"0,156";"0,775";"0,734";"1,045";"2,554";"0,000";"0,000";"0,000";
"17/12/2023 00:50";"0,653";"0,000";"0,637";"0,000";"0,963";"0,000";"2,253";"0,000";"0,000";"0,000";"0,000";"0,292";"0,653";"0,637";"0,963";"2,253";"0,000";"0,000";"0,000";
"17/12/2023 01:00";"0,643";"0,000";"0,655";"0,000";"0,945";"0,000";"2,242";"0,000";"0,000";"0,000";"0,000";"0,216";"0,643";"0,655";"0,945";"2,242";"0,000";"0,000";"0,000";
"17/12/2023 01:10";"0,652";"0,000";"0,661";"0,000";"0,954";"0,000";"2,267";"0,000";"0,000";"0,000";"0,000";"0,226";"0,652";"0,661";"0,954";"2,267";"0,000";"0,000";"0,000";
"17/12/2023 01:20";"0,657";"0,000";"0,656";"0,000";"0,967";"0,000";"2,280";"0,000";"0,000";"0,000";"0,000";"0,282";"0,657";"0,656";"0,967";"2,280";"0,000";"0,000";"0,000";
"17/12/2023 01:30";"0,655";"0,000";"0,645";"0,000";"0,953";"0,000";"2,253";"0,000";"0,000";"0,000";"0,000";"0,231";"0,655";"0,645";"0,953";"2,253";"0,000";"0,000";"0,000";
"17/12/2023 01:40";"0,632";"0,000";"0,636";"0,000";"0,940";"0,000";"2,208";"0,000";"0,000";"0,000";"0,000";"0,214";"0,632";"0,636";"0,940";"2,208";"0,000";"0,000";"0,000";
"17/12/2023 01:50";"0,651";"0,000";"0,648";"0,000";"0,964";"0,000";"2,263";"0,000";"0,000";"0,000";"0,000";"0,266";"0,651";"0,648";"0,964";"2,263";"0,000";"0,000";"0,000";
"17/12/2023 02:00";"0,684";"0,000";"0,700";"0,000";"0,995";"0,000";"2,380";"0,000";"0,000";"0,000";"0,000";"0,224";"0,684";"0,700";"0,995";"2,380";"0,000";"0,000";"0,000";
"17/12/2023 02:10";"0,665";"0,000";"0,684";"0,000";"0,978";"0,000";"2,327";"0,000";"0,000";"0,000";"0,000";"0,204";"0,665";"0,684";"0,978";"2,327";"0,000";"0,000";"0,000";
"17/12/2023 02:20";"0,673";"0,000";"0,691";"0,000";"0,980";"0,000";"2,343";"0,000";"0,000";"0,000";"0,000";"0,209";"0,673";"0,691";"0,980";"2,343";"0,000";"0,000";"0,000";
"17/12/2023 02:30";"0,647";"0,000";"0,619";"0,000";"0,949";"0,000";"2,214";"0,000";"0,000";"0,000";"0,000";"0,299";"0,647";"0,619";"0,949";"2,214";"0,000";"0,000";"0,000";
"17/12/2023 02:40";"0,659";"0,000";"0,667";"0,000";"0,954";"0,000";"2,280";"0,000";"0,000";"0,000";"0,000";"0,216";"0,659";"0,667";"0,954";"2,280";"0,000";"0,000";"0,000";
"17/12/2023 02:50";"0,775";"0,000";"0,663";"0,000";"0,952";"0,000";"2,390";"0,000";"0,000";"0,000";"0,000";"0,224";"0,775";"0,663";"0,952";"2,390";"0,000";"0,000";"0,000";
"17/12/2023 03:00";"0,900";"0,000";"0,636";"0,000";"0,939";"0,000";"2,475";"0,000";"0,000";"0,000";"0,000";"0,260";"0,900";"0,636";"0,939";"2,475";"0,000";"0,000";"0,000";
"17/12/2023 03:10";"0,695";"0,000";"0,610";"0,000";"0,943";"0,000";"2,248";"0,000";"0,000";"0,000";"0,000";"0,283";"0,695";"0,610";"0,943";"2,248";"0,000";"0,000";"0,000";
"17/12/2023 03:20";"0,645";"0,000";"0,645";"0,000";"0,943";"0,000";"2,233";"0,000";"0,001";"0,000";"0,000";"0,225";"0,645";"0,645";"0,943";"2,233";"0,000";"0,000";"0,000";
"17/12/2023 03:30";"0,660";"0,000";"0,690";"0,000";"0,968";"0,000";"2,318";"0,000";"0,000";"0,000";"0,000";"0,211";"0,660";"0,690";"0,968";"2,318";"0,000";"0,000";"0,000";
"17/12/2023 03:40";"0,518";"0,000";"0,488";"0,000";"0,825";"0,000";"1,830";"0,000";"0,000";"0,000";"0,000";"0,208";"0,518";"0,488";"0,825";"1,830";"0,000";"0,000";"0,000";
"17/12/2023 03:50";"0,700";"0,000";"0,720";"0,000";"1,000";"0,000";"2,420";"0,000";"0,000";"0,000";"0,000";"0,211";"0,700";"0,720";"1,000";"2,420";"0,000";"0,000";"0,000";
"17/12/2023 04:00";"0,710";"0,000";"0,711";"0,000";"1,007";"0,000";"2,428";"0,000";"0,000";"0,000";"0,000";"0,189";"0,710";"0,711";"1,007";"2,428";"0,000";"0,000";"0,000";
"17/12/2023 04:10";"0,732";"0,000";"0,729";"0,000";"1,027";"0,000";"2,489";"0,000";"0,000";"0,000";"0,000";"0,174";"0,732";"0,729";"1,027";"2,489";"0,000";"0,000";"0,000";
"17/12/2023 04:20";"0,709";"0,000";"0,689";"0,000";"1,009";"0,000";"2,407";"0,000";"0,000";"0,000";"0,000";"0,254";"0,709";"0,689";"1,009";"2,407";"0,000";"0,000";"0,000";
"17/12/2023 04:30";"0,667";"0,000";"0,679";"0,000";"0,974";"0,000";"2,319";"0,000";"0,000";"0,000";"0,000";"0,222";"0,667";"0,679";"0,974";"2,319";"0,000";"0,000";"0,000";
"17/12/2023 04:40";"0,655";"0,000";"0,673";"0,000";"0,968";"0,000";"2,296";"0,000";"0,000";"0,000";"0,000";"0,217";"0,655";"0,673";"0,968";"2,296";"0,000";"0,000";"0,000";
"17/12/2023 04:50";"0,676";"0,000";"0,675";"0,000";"0,996";"0,000";"2,347";"0,000";"0,000";"0,000";"0,000";"0,214";"0,676";"0,675";"0,996";"2,348";"0,000";"0,000";"0,000";
"17/12/2023 05:00";"0,669";"0,000";"0,662";"0,000";"1,006";"0,000";"2,338";"0,000";"0,000";"0,000";"0,000";"0,279";"0,669";"0,662";"1,006";"2,338";"0,000";"0,000";"0,000";
"17/12/2023 05:10";"0,706";"0,000";"0,669";"0,000";"0,966";"0,000";"2,341";"0,000";"0,000";"0,000";"0,000";"0,183";"0,706";"0,669";"0,966";"2,341";"0,000";"0,000";"0,000";
"17/12/2023 05:20";"0,825";"0,000";"0,672";"0,000";"0,987";"0,000";"2,484";"0,000";"0,000";"0,000";"0,000";"0,161";"0,825";"0,672";"0,987";"2,484";"0,000";"0,000";"0,000";
"17/12/2023 05:30";"1,034";"0,000";"0,709";"0,000";"1,014";"0,000";"2,757";"0,000";"0,000";"0,000";"0,000";"0,195";"1,034";"0,709";"1,014";"2,757";"0,000";"0,000";"0,000";
"17/12/2023 05:40";"0,920";"0,000";"0,679";"0,000";"1,004";"0,000";"2,603";"0,000";"0,000";"0,000";"0,000";"0,203";"0,920";"0,679";"1,004";"2,603";"0,000";"0,000";"0,000";
"17/12/2023 05:50";"0,728";"0,000";"0,623";"0,000";"0,948";"0,000";"2,299";"0,000";"0,000";"0,000";"0,000";"0,138";"0,728";"0,623";"0,948";"2,299";"0,000";"0,000";"0,000";
"17/12/2023 06:00";"0,672";"0,000";"0,557";"0,000";"0,896";"0,000";"2,126";"0,000";"0,005";"0,000";"0,000";"0,129";"0,672";"0,557";"0,896";"2,125";"0,000";"0,000";"0,000";
"17/12/2023 06:10";"0,757";"0,000";"0,719";"0,000";"1,061";"0,000";"2,537";"0,000";"0,000";"0,000";"0,000";"0,199";"0,757";"0,719";"1,061";"2,537";"0,000";"0,000";"0,000";
"17/12/2023 06:20";"0,732";"0,000";"0,743";"0,000";"1,056";"0,000";"2,531";"0,000";"0,000";"0,000";"0,000";"0,168";"0,732";"0,743";"1,056";"2,531";"0,000";"0,000";"0,000";
"17/12/2023 06:30";"0,750";"0,000";"0,768";"0,000";"1,086";"0,000";"2,604";"0,000";"0,000";"0,000";"0,000";"0,121";"0,750";"0,768";"1,086";"2,604";"0,000";"0,000";"0,000";
"17/12/2023 06:40";"0,711";"0,000";"0,742";"0,000";"1,057";"0,000";"2,510";"0,000";"0,000";"0,000";"0,000";"0,153";"0,711";"0,742";"1,057";"2,510";"0,000";"0,000";"0,000";
"17/12/2023 06:50";"0,682";"0,000";"0,659";"0,000";"1,022";"0,000";"2,363";"0,000";"0,000";"0,000";"0,000";"0,267";"0,682";"0,659";"1,022";"2,363";"0,000";"0,000";"0,000";
"17/12/2023 07:00";"0,695";"0,000";"0,740";"0,000";"1,027";"0,000";"2,462";"0,000";"0,000";"0,000";"0,000";"0,190";"0,695";"0,740";"1,027";"2,462";"0,000";"0,000";"0,000";
"17/12/2023 07:10";"0,732";"0,000";"0,715";"0,000";"1,057";"0,000";"2,505";"0,000";"0,000";"0,000";"0,000";"0,152";"0,732";"0,715";"1,057";"2,505";"0,000";"0,000";"0,000";
"17/12/2023 07:20";"0,729";"0,000";"0,752";"0,000";"1,062";"0,000";"2,543";"0,000";"0,000";"0,000";"0,000";"0,159";"0,729";"0,752";"1,062";"2,543";"0,000";"0,000";"0,000";
"17/12/2023 07:30";"0,581";"0,000";"0,571";"0,000";"0,920";"0,000";"2,073";"0,000";"0,000";"0,000";"0,000";"0,212";"0,581";"0,571";"0,920";"2,073";"0,000";"0,000";"0,000";
"17/12/2023 07:40";"0,666";"0,000";"0,656";"0,000";"1,007";"0,000";"2,329";"0,000";"0,000";"0,000";"0,000";"0,181";"0,666";"0,656";"1,007";"2,329";"0,000";"0,000";"0,000";
"17/12/2023 07:50";"0,686";"0,000";"0,692";"0,000";"1,022";"0,000";"2,400";"0,000";"0,000";"0,000";"0,000";"0,147";"0,686";"0,692";"1,022";"2,400";"0,000";"0,000";"0,000";
"17/12/2023 08:00";"0,723";"0,000";"0,625";"0,000";"0,953";"0,000";"2,301";"0,000";"0,000";"0,000";"0,000";"0,219";"0,723";"0,625";"0,953";"2,301";"0,000";"0,000";"0,000";
"17/12/2023 08:10";"0,969";"0,000";"0,701";"0,000";"1,068";"0,000";"2,738";"0,000";"0,000";"0,000";"0,000";"0,214";"0,969";"0,701";"1,068";"2,738";"0,000";"0,000";"0,000";
"17/12/2023 08:20";"0,840";"0,000";"0,773";"0,000";"1,092";"0,000";"2,706";"0,000";"0,000";"0,000";"0,000";"0,149";"0,840";"0,773";"1,092";"2,706";"0,000";"0,000";"0,000";
"17/12/2023 08:30";"0,739";"0,000";"0,757";"0,000";"1,072";"0,000";"2,568";"0,000";"0,000";"0,000";"0,000";"0,160";"0,739";"0,757";"1,072";"2,568";"0,000";"0,000";"0,000";
"17/12/2023 08:40";"0,608";"0,000";"0,546";"0,000";"0,932";"0,000";"2,086";"0,000";"0,000";"0,000";"0,000";"0,223";"0,608";"0,546";"0,932";"2,086";"0,000";"0,000";"0,000";
"17/12/2023 08:50";"0,577";"0,000";"0,594";"0,000";"0,916";"0,000";"2,087";"0,000";"0,000";"0,000";"0,000";"0,112";"0,580";"0,596";"0,919";"2,095";"0,008";"0,004";"0,004";
"17/12/2023 09:00";"0,547";"0,000";"0,555";"0,000";"0,902";"0,000";"2,005";"0,000";"0,000";"0,000";"0,000";"0,098";"0,561";"0,569";"0,916";"2,047";"0,042";"0,021";"0,021";
"17/12/2023 09:10";"0,518";"0,000";"0,508";"0,000";"0,881";"0,000";"1,908";"0,000";"0,000";"0,000";"0,000";"0,109";"0,551";"0,541";"0,914";"2,006";"0,098";"0,053";"0,045";
"17/12/2023 09:20";"0,490";"0,000";"0,414";"0,000";"0,837";"0,000";"1,742";"0,000";"0,001";"0,000";"0,000";"0,170";"0,563";"0,488";"0,910";"1,962";"0,220";"0,136";"0,084";
"17/12/2023 09:30";"0,441";"0,000";"0,409";"0,000";"0,810";"0,000";"1,660";"0,000";"0,008";"0,000";"0,000";"0,083";"0,557";"0,525";"0,926";"2,008";"0,348";"0,228";"0,120";
"17/12/2023 09:40";"0,615";"0,000";"0,581";"0,000";"0,991";"0,000";"2,187";"0,000";"0,005";"0,000";"0,000";"0,056";"0,793";"0,759";"1,168";"2,719";"0,532";"0,375";"0,157";
"17/12/2023 09:50";"0,594";"0,000";"0,580";"0,000";"0,987";"0,000";"2,161";"0,000";"0,008";"0,000";"0,000";"0,070";"0,825";"0,810";"1,217";"2,852";"0,691";"0,485";"0,206";
"17/12/2023 10:00";"0,604";"0,000";"0,576";"0,000";"0,988";"0,000";"2,167";"0,000";"0,000";"0,000";"0,000";"0,113";"0,946";"0,918";"1,330";"3,193";"1,026";"0,664";"0,362";
"17/12/2023 10:10";"0,581";"0,000";"0,567";"0,000";"0,971";"0,000";"2,119";"0,000";"0,000";"0,000";"0,000";"0,082";"1,047";"1,033";"1,437";"3,517";"1,398";"0,917";"0,481";
"17/12/2023 10:20";"0,585";"0,000";"0,510";"0,000";"0,942";"0,000";"2,038";"0,000";"0,001";"0,000";"0,000";"0,064";"1,139";"1,064";"1,496";"3,699";"1,661";"1,070";"0,591";
"17/12/2023 10:30";"0,811";"0,000";"0,480";"0,000";"0,970";"0,000";"2,261";"0,000";"0,000";"0,000";"0,000";"0,170";"1,512";"1,181";"1,671";"4,365";"2,104";"1,229";"0,875";
"17/12/2023 10:40";"0,694";"0,000";"0,511";"0,000";"0,673";"0,000";"1,879";"0,000";"0,000";"0,000";"0,000";"0,141";"1,551";"1,368";"1,530";"4,450";"2,571";"1,431";"1,140";
"17/12/2023 10:50";"0,526";"0,000";"0,526";"0,000";"0,602";"0,000";"1,654";"0,000";"0,000";"0,000";"0,000";"0,103";"1,501";"1,501";"1,577";"4,579";"2,925";"1,625";"1,300";
"17/12/2023 11:00";"0,539";"0,000";"0,495";"0,000";"0,508";"0,000";"1,541";"0,000";"0,000";"0,000";"0,000";"0,123";"1,597";"1,553";"1,566";"4,717";"3,176";"1,760";"1,416";
"17/12/2023 11:10";"0,551";"0,000";"0,498";"0,000";"0,324";"0,000";"1,373";"0,000";"0,000";"0,000";"0,000";"0,145";"1,686";"1,634";"1,460";"4,779";"3,406";"1,884";"1,522";
"17/12/2023 11:20";"0,514";"0,000";"0,505";"0,000";"0,317";"0,000";"1,336";"0,000";"0,000";"0,000";"0,000";"0,091";"1,717";"1,709";"1,520";"4,946";"3,610";"1,996";"1,614";
"17/12/2023 11:30";"0,517";"0,000";"0,483";"0,000";"0,298";"0,000";"1,298";"0,000";"0,000";"0,000";"0,000";"0,097";"1,785";"1,751";"1,566";"5,102";"3,804";"2,105";"1,699";
"17/12/2023 11:40";"0,493";"0,000";"0,440";"0,000";"0,263";"0,000";"1,195";"0,000";"0,000";"0,000";"0,000";"0,150";"1,816";"1,764";"1,586";"5,166";"3,971";"2,200";"1,771";
"17/12/2023 11:50";"0,511";"0,000";"0,478";"0,000";"0,278";"0,000";"1,267";"0,000";"0,005";"0,000";"0,000";"0,140";"1,887";"1,854";"1,655";"5,396";"4,129";"2,288";"1,841";
"17/12/2023 12:00";"0,521";"0,000";"0,489";"0,000";"0,297";"0,000";"1,307";"0,000";"0,000";"0,000";"0,000";"0,085";"1,973";"1,941";"1,749";"5,663";"4,356";"2,377";"1,979";
"17/12/2023 12:10";"0,473";"0,000";"0,437";"0,000";"0,440";"0,000";"1,350";"0,000";"0,000";"0,000";"0,000";"0,111";"2,053";"2,017";"2,020";"6,090";"4,740";"2,452";"2,288";
"17/12/2023 12:20";"0,505";"0,000";"0,430";"0,000";"0,659";"0,000";"1,595";"0,000";"0,000";"0,000";"0,000";"0,205";"2,203";"2,128";"2,357";"6,689";"5,094";"2,574";"2,520";
"17/12/2023 12:30";"0,525";"0,000";"0,527";"0,000";"0,769";"0,000";"1,822";"0,000";"0,000";"0,000";"0,000";"0,107";"2,279";"2,281";"2,523";"7,083";"5,261";"2,637";"2,624";
"17/12/2023 12:40";"0,520";"0,000";"0,466";"0,000";"0,790";"0,000";"1,776";"0,000";"0,000";"0,000";"0,000";"0,111";"2,301";"2,247";"2,571";"7,119";"5,343";"2,675";"2,668";
"17/12/2023 12:50";"0,502";"0,000";"0,448";"0,000";"0,810";"0,000";"1,760";"0,000";"0,000";"0,000";"0,000";"0,114";"2,300";"2,246";"2,608";"7,154";"5,394";"2,702";"2,692";
"17/12/2023 13:00";"0,479";"0,000";"0,457";"0,000";"0,802";"0,000";"1,738";"0,000";"0,000";"0,000";"0,000";"0,128";"2,289";"2,267";"2,612";"7,168";"5,430";"2,726";"2,704";
"17/12/2023 13:10";"0,484";"0,000";"0,398";"0,000";"0,758";"0,000";"1,640";"0,000";"0,000";"0,000";"0,000";"0,201";"2,297";"2,211";"2,570";"7,078";"5,438";"2,732";"2,706";
"17/12/2023 13:20";"0,486";"0,000";"0,441";"0,000";"0,720";"0,000";"1,648";"0,000";"0,000";"0,000";"0,000";"0,129";"2,295";"2,250";"2,529";"7,074";"5,426";"2,726";"2,700";
"17/12/2023 13:30";"0,493";"0,000";"0,424";"0,000";"0,716";"0,000";"1,633";"0,000";"0,000";"0,000";"0,000";"0,125";"2,293";"2,224";"2,516";"7,033";"5,400";"2,712";"2,688";
"17/12/2023 13:40";"0,540";"0,000";"0,402";"0,000";"0,697";"0,000";"1,640";"0,000";"0,000";"0,000";"0,000";"0,147";"2,328";"2,191";"2,486";"7,005";"5,365";"2,698";"2,667";
"17/12/2023 13:50";"0,739";"0,000";"0,408";"0,000";"0,721";"0,000";"1,868";"0,000";"0,000";"0,000";"0,000";"0,177";"2,509";"2,178";"2,490";"7,177";"5,309";"2,672";"2,637";
"17/12/2023 14:00";"0,608";"0,000";"0,432";"0,000";"0,726";"0,000";"1,766";"0,000";"0,000";"0,000";"0,000";"0,128";"2,352";"2,176";"2,470";"6,998";"5,232";"2,638";"2,594";
"17/12/2023 14:10";"0,486";"0,000";"0,403";"0,000";"0,717";"0,000";"1,606";"0,000";"0,000";"0,000";"0,000";"0,179";"2,201";"2,119";"2,432";"6,752";"5,146";"2,597";"2,549";
"17/12/2023 14:20";"0,466";"0,000";"0,432";"0,000";"0,724";"0,000";"1,622";"0,000";"0,000";"0,000";"0,000";"0,135";"2,141";"2,106";"2,399";"6,646";"5,024";"2,538";"2,486";
"17/12/2023 14:30";"0,501";"0,000";"0,427";"0,000";"0,716";"0,000";"1,643";"0,000";"0,000";"0,000";"0,000";"0,125";"2,130";"2,056";"2,345";"6,531";"4,888";"2,469";"2,419";
"17/12/2023 14:40";"0,466";"0,000";"0,409";"0,000";"0,692";"0,000";"1,568";"0,000";"0,000";"0,000";"0,000";"0,142";"2,050";"1,993";"2,275";"6,318";"4,750";"2,399";"2,351";
"17/12/2023 14:50";"0,472";"0,000";"0,383";"0,000";"0,690";"0,000";"1,545";"0,000";"0,000";"0,000";"0,000";"0,220";"1,997";"1,908";"2,216";"6,121";"4,576";"2,311";"2,265";
"17/12/2023 15:00";"0,473";"0,000";"0,432";"0,000";"0,710";"0,000";"1,614";"0,000";"0,000";"0,000";"0,000";"0,126";"1,933";"1,892";"2,170";"5,995";"4,381";"2,210";"2,171";
"17/12/2023 15:10";"0,512";"0,000";"0,425";"0,000";"0,678";"0,000";"1,615";"0,000";"0,000";"0,000";"0,000";"0,123";"1,896";"1,809";"2,062";"5,767";"4,152";"2,089";"2,063";
"17/12/2023 15:20";"0,456";"0,000";"0,414";"0,000";"0,522";"0,000";"1,392";"0,000";"0,000";"0,000";"0,000";"0,123";"1,758";"1,716";"1,824";"5,298";"3,906";"1,964";"1,942";
"17/12/2023 15:30";"0,489";"0,000";"0,418";"0,000";"0,587";"0,000";"1,494";"0,000";"0,000";"0,000";"0,000";"0,142";"1,704";"1,632";"1,801";"5,138";"3,644";"1,828";"1,816";
"17/12/2023 15:40";"0,477";"0,000";"0,384";"0,000";"0,557";"0,000";"1,418";"0,000";"0,000";"0,000";"0,000";"0,186";"1,595";"1,501";"1,674";"4,771";"3,353";"1,676";"1,677";
"17/12/2023 15:50";"0,471";"0,000";"0,416";"0,000";"0,546";"0,000";"1,433";"0,000";"0,000";"0,000";"0,000";"0,142";"1,490";"1,436";"1,565";"4,491";"3,058";"1,531";"1,527";
"17/12/2023 16:00";"0,452";"0,000";"0,404";"0,000";"0,674";"0,000";"1,530";"0,000";"0,000";"0,000";"0,000";"0,128";"1,365";"1,317";"1,587";"4,270";"2,740";"1,401";"1,339";
"17/12/2023 16:10";"0,460";"0,000";"0,389";"0,000";"0,704";"0,000";"1,553";"0,000";"0,000";"0,000";"0,000";"0,149";"1,246";"1,175";"1,491";"3,912";"2,359";"1,249";"1,110";
"17/12/2023 16:20";"0,473";"0,000";"0,408";"0,000";"0,680";"0,000";"1,561";"0,000";"0,000";"0,000";"0,000";"0,175";"1,117";"1,052";"1,324";"3,493";"1,932";"1,081";"0,851";
"17/12/2023 16:30";"0,457";"0,000";"0,418";"0,000";"0,500";"0,000";"1,375";"0,000";"0,000";"0,000";"0,000";"0,125";"0,979";"0,939";"1,021";"2,939";"1,564";"0,907";"0,657";
"17/12/2023 16:40";"0,479";"0,000";"0,431";"0,000";"0,571";"0,000";"1,481";"0,000";"0,000";"0,000";"0,000";"0,122";"0,922";"0,874";"1,015";"2,811";"1,330";"0,750";"0,580";
"17/12/2023 16:50";"0,504";"0,000";"0,413";"0,000";"0,638";"0,000";"1,556";"0,000";"0,000";"0,000";"0,000";"0,093";"0,866";"0,775";"0,999";"2,640";"1,084";"0,619";"0,465";
"17/12/2023 17:00";"0,566";"0,000";"0,391";"0,000";"0,673";"0,000";"1,630";"0,000";"0,000";"0,000";"0,000";"0,129";"0,835";"0,659";"0,942";"2,435";"0,805";"0,464";"0,341";
"17/12/2023 17:10";"0,542";"0,000";"0,413";"0,000";"0,657";"0,000";"1,612";"0,000";"0,000";"0,000";"0,000";"0,089";"0,706";"0,578";"0,822";"2,106";"0,494";"0,307";"0,187";
"17/12/2023 17:20";"0,785";"0,000";"0,416";"0,000";"0,660";"0,000";"1,862";"0,000";"0,000";"0,000";"0,000";"0,097";"0,893";"0,523";"0,768";"2,184";"0,322";"0,203";"0,119";
"17/12/2023 17:30";"0,781";"0,000";"0,397";"0,000";"0,668";"0,000";"1,846";"0,000";"0,000";"0,000";"0,000";"0,140";"0,840";"0,457";"0,727";"2,025";"0,179";"0,103";"0,076";
"17/12/2023 17:40";"0,568";"0,000";"0,399";"0,000";"0,654";"0,000";"1,620";"0,000";"0,000";"0,000";"0,000";"0,094";"0,596";"0,427";"0,682";"1,704";"0,084";"0,045";"0,039";
"17/12/2023 17:50";"0,483";"0,000";"0,404";"0,000";"0,659";"0,000";"1,546";"0,000";"0,000";"0,000";"0,000";"0,124";"0,495";"0,416";"0,671";"1,582";"0,036";"0,019";"0,017";
"17/12/2023 18:00";"0,493";"0,000";"0,450";"0,000";"0,675";"0,000";"1,618";"0,000";"0,000";"0,000";"0,000";"0,139";"0,494";"0,452";"0,676";"1,622";"0,004";"0,002";"0,002";
"17/12/2023 18:10";"0,523";"0,000";"0,502";"0,000";"0,702";"0,000";"1,727";"0,000";"0,000";"0,000";"0,000";"0,143";"0,523";"0,502";"0,702";"1,727";"0,000";"0,000";"0,000";
"17/12/2023 18:20";"0,492";"0,000";"0,446";"0,000";"0,677";"0,000";"1,615";"0,000";"0,000";"0,000";"0,000";"0,200";"0,492";"0,446";"0,677";"1,615";"0,000";"0,000";"0,000";
"17/12/2023 18:30";"0,558";"0,000";"0,519";"0,000";"0,757";"0,000";"1,835";"0,000";"0,000";"0,000";"0,000";"0,238";"0,558";"0,519";"0,757";"1,835";"0,000";"0,000";"0,000";
"17/12/2023 18:40";"0,584";"0,000";"0,593";"0,000";"0,802";"0,000";"1,979";"0,000";"0,000";"0,000";"0,000";"0,237";"0,584";"0,593";"0,802";"1,979";"0,000";"0,000";"0,000";
"17/12/2023 18:50";"0,633";"0,000";"0,632";"0,000";"0,835";"0,000";"2,100";"0,000";"0,000";"0,000";"0,000";"0,227";"0,633";"0,632";"0,835";"2,100";"0,000";"0,000";"0,000";
"17/12/2023 19:00";"0,643";"0,000";"0,609";"0,000";"0,840";"0,000";"2,091";"0,000";"0,000";"0,000";"0,000";"0,223";"0,643";"0,609";"0,840";"2,091";"0,000";"0,000";"0,000";
"17/12/2023 19:10";"0,632";"0,000";"0,584";"0,000";"0,833";"0,000";"2,049";"0,000";"0,000";"0,000";"0,000";"0,276";"0,632";"0,584";"0,833";"2,049";"0,000";"0,000";"0,000";
"17/12/2023 19:20";"0,639";"0,000";"0,655";"0,000";"0,865";"0,000";"2,159";"0,000";"0,000";"0,000";"0,000";"0,208";"0,639";"0,655";"0,865";"2,159";"0,000";"0,000";"0,000";
"17/12/2023 19:30";"0,623";"0,000";"0,619";"0,000";"0,852";"0,000";"2,094";"0,000";"0,000";"0,000";"0,000";"0,215";"0,623";"0,619";"0,852";"2,094";"0,000";"0,000";"0,000";
"17/12/2023 19:40";"0,617";"0,000";"0,596";"0,000";"0,845";"0,000";"2,059";"0,000";"0,000";"0,000";"0,000";"0,230";"0,617";"0,596";"0,845";"2,059";"0,000";"0,000";"0,000";
"17/12/2023 19:50";"0,632";"0,000";"0,640";"0,000";"0,853";"0,000";"2,126";"0,000";"0,000";"0,000";"0,000";"0,228";"0,632";"0,640";"0,853";"2,126";"0,000";"0,000";"0,000";
"17/12/2023 20:00";"0,638";"0,000";"0,571";"0,000";"0,859";"0,000";"2,068";"0,000";"0,000";"0,000";"0,000";"0,282";"0,638";"0,571";"0,859";"2,068";"0,000";"0,000";"0,000";
"17/12/2023 20:10";"0,670";"0,000";"0,615";"0,000";"0,854";"0,000";"2,139";"0,000";"0,000";"0,000";"0,000";"0,219";"0,670";"0,615";"0,854";"2,139";"0,000";"0,000";"0,000";
"17/12/2023 20:20";"0,898";"0,000";"0,643";"0,000";"0,865";"0,000";"2,406";"0,000";"0,000";"0,000";"0,000";"0,242";"0,898";"0,643";"0,865";"2,406";"0,000";"0,000";"0,000";
"17/12/2023 20:30";"0,775";"0,000";"0,595";"0,000";"0,830";"0,000";"2,199";"0,000";"0,000";"0,000";"0,000";"0,218";"0,775";"0,595";"0,830";"2,199";"0,000";"0,000";"0,000";
"17/12/2023 20:40";"0,627";"0,000";"0,610";"0,000";"0,855";"0,000";"2,092";"0,000";"0,000";"0,000";"0,000";"0,213";"0,627";"0,610";"0,855";"2,092";"0,000";"0,000";"0,000";
"17/12/2023 20:50";"0,634";"0,000";"0,595";"0,000";"0,813";"0,000";"2,043";"0,000";"0,000";"0,000";"0,000";"0,303";"0,634";"0,595";"0,813";"2,043";"0,000";"0,000";"0,000";
"17/12/2023 21:00";"0,638";"0,000";"0,636";"0,000";"0,732";"0,000";"2,007";"0,000";"0,000";"0,000";"0,000";"0,224";"0,638";"0,636";"0,732";"2,007";"0,000";"0,000";"0,000";
"17/12/2023 21:10";"0,646";"0,000";"0,634";"0,000";"0,747";"0,000";"2,027";"0,000";"0,000";"0,000";"0,000";"0,211";"0,646";"0,634";"0,747";"2,027";"0,000";"0,000";"0,000";
"17/12/2023 21:20";"0,655";"0,000";"0,654";"0,000";"0,792";"0,000";"2,101";"0,000";"0,000";"0,000";"0,000";"0,250";"0,655";"0,654";"0,792";"2,101";"0,000";"0,000";"0,000";
"17/12/2023 21:30";"0,632";"0,000";"0,622";"0,000";"0,761";"0,000";"2,015";"0,000";"0,000";"0,000";"0,000";"0,243";"0,632";"0,622";"0,761";"2,015";"0,000";"0,000";"0,000";
"17/12/2023 21:40";"0,610";"0,000";"0,584";"0,000";"0,731";"0,000";"1,925";"0,000";"0,000";"0,000";"0,000";"0,231";"0,610";"0,584";"0,731";"1,925";"0,000";"0,000";"0,000";
"17/12/2023 21:50";"0,632";"0,000";"0,597";"0,000";"0,755";"0,000";"1,984";"0,000";"0,000";"0,000";"0,000";"0,224";"0,632";"0,597";"0,755";"1,984";"0,000";"0,000";"0,000";
"17/12/2023 22:00";"0,646";"0,000";"0,641";"0,000";"0,886";"0,000";"2,173";"0,000";"0,000";"0,000";"0,000";"0,261";"0,646";"0,641";"0,886";"2,173";"0,000";"0,000";"0,000";
"17/12/2023 22:10";"0,656";"0,000";"0,605";"0,000";"0,923";"0,000";"2,184";"0,000";"0,000";"0,000";"0,000";"0,209";"0,656";"0,605";"0,923";"2,184";"0,000";"0,000";"0,000";
"17/12/2023 22:20";"0,788";"0,000";"0,639";"0,000";"0,945";"0,000";"2,372";"0,000";"0,000";"0,000";"0,000";"0,138";"0,788";"0,639";"0,945";"2,372";"0,000";"0,000";"0,000";
"17/12/2023 22:30";"0,771";"0,000";"0,625";"0,000";"0,930";"0,000";"2,326";"0,000";"0,000";"0,000";"0,000";"0,157";"0,771";"0,625";"0,930";"2,326";"0,000";"0,000";"0,000";
"17/12/2023 22:40";"0,970";"0,000";"0,638";"0,000";"0,923";"0,000";"2,532";"0,000";"0,000";"0,000";"0,000";"0,138";"0,970";"0,638";"0,923";"2,532";"0,000";"0,000";"0,000";
"17/12/2023 22:50";"1,016";"0,000";"0,614";"0,000";"0,921";"0,000";"2,552";"0,000";"0,000";"0,000";"0,000";"0,132";"1,016";"0,614";"0,921";"2,552";"0,000";"0,000";"0,000";
"17/12/2023 23:00";"0,802";"0,000";"0,587";"0,000";"0,922";"0,000";"2,310";"0,000";"0,000";"0,000";"0,000";"0,219";"0,802";"0,587";"0,922";"2,310";"0,000";"0,000";"0,000";
"17/12/2023 23:10";"0,767";"0,000";"0,648";"0,000";"0,919";"0,000";"2,335";"0,000";"0,000";"0,000";"0,000";"0,134";"0,767";"0,648";"0,919";"2,335";"0,000";"0,000";"0,000";
"17/12/2023 23:20";"0,834";"0,000";"0,596";"0,000";"0,922";"0,000";"2,351";"0,000";"0,000";"0,000";"0,000";"0,144";"0,834";"0,596";"0,922";"2,351";"0,000";"0,000";"0,000";
"17/12/2023 23:30";"0,775";"0,000";"0,641";"0,000";"0,929";"0,000";"2,345";"0,000";"0,000";"0,000";"0,000";"0,168";"0,775";"0,641";"0,929";"2,345";"0,000";"0,000";"0,000";
"17/12/2023 23:40";"0,765";"0,000";"0,635";"0,000";"0,914";"0,000";"2,315";"0,000";"0,000";"0,000";"0,000";"0,147";"0,765";"0,635";"0,914";"2,315";"0,000";"0,000";"0,000";
"17/12/2023 23:50";"0,767";"0,000";"0,616";"0,000";"0,917";"0,000";"2,301";"0,000";"0,000";"0,000";"0,000";"0,122";"0,767";"0,616";"0,917";"2,301";"0,000";"0,000";"0,000";
"18/12/2023 00:00";"0,764";"0,000";"0,610";"0,000";"0,911";"0,000";"2,286";"0,000";"0,000";"0,000";"0,000";"0,120";"0,764";"0,610";"0,911";"2,286";"0,000";"0,000";"0,000";
"18/12/2023 00:10";"0,776";"0,000";"0,646";"0,000";"0,917";"0,000";"2,339";"0,000";"0,000";"0,000";"0,000";"0,194";"0,776";"0,646";"0,917";"2,339";"0,000";"0,000";"0,000";
"18/12/2023 00:20";"0,786";"0,000";"0,644";"0,000";"0,927";"0,000";"2,356";"0,000";"0,000";"0,000";"0,000";"0,113";"0,786";"0,644";"0,927";"2,356";"0,000";"0,000";"0,000";
"18/12/2023 00:30";"0,798";"0,000";"0,668";"0,000";"0,947";"0,000";"2,412";"0,000";"0,000";"0,000";"0,000";"0,118";"0,798";"0,668";"0,947";"2,412";"0,000";"0,000";"0,000";
"18/12/2023 00:40";"0,787";"0,000";"0,656";"0,000";"0,940";"0,000";"2,383";"0,000";"0,000";"0,000";"0,000";"0,200";"0,787";"0,656";"0,940";"2,383";"0,000";"0,000";"0,000";
"18/12/2023 00:50";"0,779";"0,000";"0,610";"0,000";"0,924";"0,000";"2,314";"0,000";"0,000";"0,000";"0,000";"0,135";"0,779";"0,610";"0,924";"2,314";"0,000";"0,000";"0,000";
"18/12/2023 01:00";"0,859";"0,000";"0,688";"0,000";"0,939";"0,000";"2,486";"0,000";"0,000";"0,000";"0,000";"0,125";"0,859";"0,688";"0,939";"2,486";"0,000";"0,000";"0,000";
"18/12/2023 01:10";"0,809";"0,000";"0,677";"0,000";"0,953";"0,000";"2,439";"0,000";"0,000";"0,000";"0,000";"0,112";"0,809";"0,677";"0,953";"2,439";"0,000";"0,000";"0,000";
"18/12/2023 01:20";"0,788";"0,000";"0,609";"0,000";"0,929";"0,000";"2,326";"0,000";"0,000";"0,000";"0,000";"0,218";"0,788";"0,609";"0,929";"2,326";"0,000";"0,000";"0,000";
"18/12/2023 01:30";"0,801";"0,000";"0,712";"0,000";"0,954";"0,000";"2,467";"0,000";"0,000";"0,000";"0,000";"0,130";"0,801";"0,712";"0,954";"2,467";"0,000";"0,000";"0,000";
"18/12/2023 01:40";"0,797";"0,000";"0,638";"0,000";"0,954";"0,000";"2,390";"0,000";"0,000";"0,000";"0,000";"0,127";"0,797";"0,638";"0,954";"2,390";"0,000";"0,000";"0,000";
"18/12/2023 01:50";"0,691";"0,000";"0,612";"0,000";"0,945";"0,000";"2,249";"0,000";"0,000";"0,000";"0,000";"0,282";"0,691";"0,612";"0,945";"2,249";"0,000";"0,000";"0,000";
"18/12/2023 02:00";"0,645";"0,000";"0,701";"0,000";"0,948";"0,000";"2,295";"0,000";"0,000";"0,000";"0,000";"0,231";"0,645";"0,701";"0,948";"2,295";"0,000";"0,000";"0,000";
"18/12/2023 02:10";"0,669";"0,000";"0,657";"0,000";"0,973";"0,000";"2,299";"0,000";"0,000";"0,000";"0,000";"0,204";"0,669";"0,657";"0,973";"2,299";"0,000";"0,000";"0,000";
"18/12/2023 02:20";"0,714";"0,000";"0,671";"0,000";"0,969";"0,000";"2,353";"0,000";"0,000";"0,000";"0,000";"0,208";"0,714";"0,671";"0,969";"2,353";"0,000";"0,000";"0,000";
"18/12/2023 02:30";"0,796";"0,000";"0,650";"0,000";"0,951";"0,000";"2,396";"0,000";"0,000";"0,000";"0,000";"0,173";"0,796";"0,650";"0,951";"2,396";"0,000";"0,000";"0,000";
"18/12/2023 02:40";"0,770";"0,000";"0,621";"0,000";"0,924";"0,000";"2,315";"0,000";"0,000";"0,000";"0,000";"0,140";"0,770";"0,621";"0,924";"2,315";"0,000";"0,000";"0,000";
"18/12/2023 02:50";"0,790";"0,000";"0,642";"0,000";"0,945";"0,000";"2,377";"0,000";"0,000";"0,000";"0,000";"0,122";"0,790";"0,642";"0,945";"2,377";"0,000";"0,000";"0,000";
"18/12/2023 03:00";"0,811";"0,000";"0,663";"0,000";"0,983";"0,000";"2,457";"0,000";"0,000";"0,000";"0,000";"0,194";"0,811";"0,663";"0,983";"2,457";"0,000";"0,000";"0,000";
"18/12/2023 03:10";"0,835";"0,000";"0,663";"0,000";"0,960";"0,000";"2,458";"0,000";"0,000";"0,000";"0,000";"0,148";"0,835";"0,663";"0,960";"2,458";"0,000";"0,000";"0,000";
"18/12/2023 03:20";"0,817";"0,000";"0,661";"0,000";"0,991";"0,000";"2,469";"0,000";"0,000";"0,000";"0,000";"0,122";"0,817";"0,661";"0,991";"2,469";"0,000";"0,000";"0,000";
"18/12/2023 03:30";"0,832";"0,000";"0,681";"0,000";"1,002";"0,000";"2,516";"0,000";"0,000";"0,000";"0,000";"0,134";"0,832";"0,681";"1,002";"2,516";"0,000";"0,000";"0,000";
"18/12/2023 03:40";"0,752";"0,000";"0,659";"0,000";"0,974";"0,000";"2,385";"0,000";"0,000";"0,000";"0,000";"0,215";"0,752";"0,659";"0,974";"2,385";"0,000";"0,000";"0,000";
"18/12/2023 03:50";"0,765";"0,000";"0,657";"0,000";"0,958";"0,000";"2,381";"0,000";"0,000";"0,000";"0,000";"0,154";"0,765";"0,657";"0,958";"2,381";"0,000";"0,000";"0,000";
"18/12/2023 04:00";"0,725";"0,000";"0,656";"0,000";"0,978";"0,000";"2,360";"0,000";"0,000";"0,000";"0,000";"0,167";"0,725";"0,656";"0,978";"2,360";"0,000";"0,000";"0,000";
"18/12/2023 04:10";"0,724";"0,000";"0,650";"0,000";"0,969";"0,000";"2,343";"0,000";"0,000";"0,000";"0,000";"0,212";"0,724";"0,650";"0,969";"2,343";"0,000";"0,000";"0,000";
"18/12/2023 04:20";"0,766";"0,000";"0,658";"0,000";"0,979";"0,000";"2,404";"0,000";"0,000";"0,000";"0,000";"0,205";"0,766";"0,658";"0,979";"2,404";"0,000";"0,000";"0,000";
"18/12/2023 04:30";"0,755";"0,000";"0,605";"0,000";"0,918";"0,000";"2,278";"0,000";"0,013";"0,000";"0,000";"0,072";"0,755";"0,605";"0,918";"2,278";"0,000";"0,000";"0,000";
"18/12/2023 04:40";"0,830";"0,000";"0,620";"0,000";"0,941";"0,000";"2,391";"0,000";"0,006";"0,000";"0,000";"0,072";"0,830";"0,620";"0,941";"2,391";"0,000";"0,000";"0,000";
"18/12/2023 04:50";"0,922";"0,000";"0,699";"0,000";"1,056";"0,000";"2,677";"0,000";"0,000";"0,000";"0,000";"0,104";"0,922";"0,699";"1,056";"2,677";"0,000";"0,000";"0,000";
"18/12/2023 05:00";"0,978";"0,000";"0,782";"0,000";"1,083";"0,000";"2,843";"0,000";"0,014";"0,000";"0,000";"0,068";"0,978";"0,782";"1,083";"2,843";"0,000";"0,000";"0,000";
"18/12/2023 05:10";"0,939";"0,000";"0,741";"0,000";"1,083";"0,000";"2,763";"0,000";"0,000";"0,000";"0,000";"0,050";"0,939";"0,741";"1,083";"2,763";"0,000";"0,000";"0,000";
"18/12/2023 05:20";"0,883";"0,000";"0,704";"0,000";"1,036";"0,000";"2,623";"0,000";"0,000";"0,000";"0,000";"0,132";"0,883";"0,704";"1,036";"2,623";"0,000";"0,000";"0,000";
"18/12/2023 05:30";"1,806";"0,000";"1,359";"0,000";"1,597";"0,000";"4,762";"0,000";"0,087";"0,000";"0,000";"0,231";"1,806";"1,359";"1,597";"4,762";"0,000";"0,000";"0,000";
"18/12/2023 05:40";"2,160";"0,000";"1,543";"0,000";"1,774";"0,000";"5,477";"0,000";"0,001";"0,000";"0,000";"0,099";"2,160";"1,543";"1,774";"5,477";"0,000";"0,000";"0,000";
"18/12/2023 05:50";"2,530";"0,000";"2,024";"0,000";"2,350";"0,000";"6,904";"0,000";"0,198";"0,000";"0,000";"0,113";"2,530";"2,024";"2,350";"6,904";"0,000";"0,000";"0,000";
"18/12/2023 06:00";"2,630";"0,000";"2,318";"0,000";"2,994";"0,000";"7,942";"0,000";"0,783";"0,000";"0,000";"0,141";"2,630";"2,318";"2,994";"7,942";"0,000";"0,000";"0,000";
"18/12/2023 06:10";"3,371";"0,000";"2,872";"0,000";"4,351";"0,000";"10,595";"0,000";"0,595";"0,000";"0,000";"0,243";"3,371";"2,872";"4,351";"10,595";"0,000";"0,000";"0,000";
"18/12/2023 06:20";"4,291";"0,000";"3,677";"0,000";"5,046";"0,000";"13,014";"0,000";"1,053";"0,000";"0,000";"0,502";"4,291";"3,677";"5,046";"13,014";"0,000";"0,000";"0,000";
"18/12/2023 06:30";"5,465";"0,000";"5,037";"0,000";"6,173";"0,000";"16,675";"0,000";"1,396";"0,000";"0,000";"0,313";"5,465";"5,037";"6,173";"16,675";"0,000";"0,000";"0,000";
"18/12/2023 06:40";"6,252";"0,000";"5,694";"0,000";"6,764";"0,000";"18,710";"0,000";"1,270";"0,000";"0,000";"0,312";"6,252";"5,694";"6,764";"18,710";"0,000";"0,000";"0,000";
"18/12/2023 06:50";"6,928";"0,000";"6,335";"0,000";"7,327";"0,000";"20,590";"0,000";"1,884";"0,000";"0,000";"0,349";"6,928";"6,335";"7,327";"20,590";"0,000";"0,000";"0,000";
"18/12/2023 07:00";"6,954";"0,000";"6,383";"0,000";"7,494";"0,000";"20,831";"0,000";"1,653";"0,000";"0,000";"0,251";"6,954";"6,383";"7,494";"20,831";"0,000";"0,000";"0,000";
"18/12/2023 07:10";"7,277";"0,000";"6,726";"0,000";"8,011";"0,000";"22,015";"0,000";"1,640";"0,000";"0,000";"0,268";"7,277";"6,726";"8,011";"22,015";"0,000";"0,000";"0,000";
"18/12/2023 07:20";"8,038";"0,000";"7,486";"0,000";"8,553";"0,000";"24,077";"0,000";"1,353";"0,000";"0,000";"0,358";"8,038";"7,486";"8,553";"24,077";"0,000";"0,000";"0,000";
"18/12/2023 07:30";"6,316";"0,000";"5,813";"0,000";"6,861";"0,000";"18,990";"0,000";"1,290";"0,000";"0,000";"0,444";"6,316";"5,813";"6,861";"18,990";"0,000";"0,000";"0,000";
"18/12/2023 07:40";"6,494";"0,000";"5,959";"0,000";"6,896";"0,000";"19,349";"0,000";"1,280";"0,000";"0,000";"0,288";"6,494";"5,959";"6,896";"19,349";"0,000";"0,000";"0,000";
"18/12/2023 07:50";"6,373";"0,000";"5,838";"0,000";"6,857";"0,000";"19,067";"0,000";"1,314";"0,000";"0,000";"0,346";"6,373";"5,838";"6,857";"19,067";"0,000";"0,000";"0,000";
"18/12/2023 08:00";"6,328";"0,000";"5,821";"0,000";"6,898";"0,000";"19,047";"0,000";"1,114";"0,000";"0,000";"0,519";"6,328";"5,821";"6,898";"19,047";"0,000";"0,000";"0,000";
"18/12/2023 08:10";"6,357";"0,000";"5,734";"0,000";"6,845";"0,000";"18,935";"0,000";"1,071";"0,000";"0,000";"0,502";"6,357";"5,734";"6,845";"18,935";"0,000";"0,000";"0,000";
"18/12/2023 08:20";"6,964";"0,000";"6,350";"0,000";"7,480";"0,000";"20,795";"0,000";"0,611";"0,000";"0,000";"0,328";"6,964";"6,350";"7,480";"20,795";"0,000";"0,000";"0,000";
"18/12/2023 08:30";"7,268";"0,000";"6,684";"0,000";"7,640";"0,000";"21,593";"0,000";"0,492";"0,000";"0,000";"0,363";"7,268";"6,684";"7,640";"21,593";"0,000";"0,000";"0,000";
"18/12/2023 08:40";"6,914";"0,000";"6,390";"0,000";"7,041";"0,000";"20,344";"0,000";"0,462";"0,000";"0,000";"0,469";"6,914";"6,390";"7,041";"20,344";"0,000";"0,000";"0,000";
"18/12/2023 08:50";"7,102";"0,000";"6,516";"0,000";"7,434";"0,000";"21,051";"0,000";"0,992";"0,000";"0,000";"0,257";"7,102";"6,516";"7,434";"21,051";"0,000";"0,000";"0,000";
"18/12/2023 09:00";"7,735";"0,000";"7,225";"0,000";"8,193";"0,000";"23,152";"0,000";"0,852";"0,000";"0,000";"0,222";"7,746";"7,236";"8,204";"23,185";"0,033";"0,017";"0,016";
"18/12/2023 09:10";"7,721";"0,000";"7,288";"0,000";"8,268";"0,000";"23,278";"0,000";"1,044";"0,000";"0,000";"0,192";"7,761";"7,327";"8,308";"23,396";"0,118";"0,062";"0,056";
"18/12/2023 09:20";"7,560";"0,000";"6,882";"0,000";"7,824";"0,000";"22,266";"0,000";"1,361";"0,000";"0,000";"0,284";"7,638";"6,960";"7,902";"22,499";"0,233";"0,131";"0,102";
"18/12/2023 09:30";"7,289";"0,000";"6,453";"0,000";"7,722";"0,000";"21,464";"0,000";"0,890";"0,000";"0,000";"0,489";"7,446";"6,610";"7,880";"21,936";"0,472";"0,279";"0,193";
"18/12/2023 09:40";"6,748";"0,000";"5,930";"0,000";"7,062";"0,000";"19,740";"0,000";"1,265";"0,000";"0,000";"0,534";"7,032";"6,214";"7,346";"20,591";"0,851";"0,528";"0,323";
"18/12/2023 09:50";"6,245";"0,000";"5,446";"0,000";"6,625";"0,000";"18,316";"0,000";"1,618";"0,000";"0,000";"0,530";"6,579";"5,780";"6,958";"19,317";"1,001";"0,615";"0,386";
"18/12/2023 10:00";"5,301";"0,000";"4,672";"0,000";"5,886";"0,000";"15,860";"0,000";"1,296";"0,000";"0,000";"0,456";"5,708";"5,080";"6,293";"17,082";"1,222";"0,729";"0,493";
"18/12/2023 10:10";"5,365";"0,000";"4,790";"0,000";"5,881";"0,000";"16,037";"0,000";"1,260";"0,000";"0,000";"0,398";"6,015";"5,440";"6,531";"17,986";"1,949";"1,191";"0,758";
"18/12/2023 10:20";"5,921";"0,000";"5,113";"0,000";"6,496";"0,000";"17,529";"0,000";"1,020";"0,000";"0,000";"0,390";"6,589";"5,781";"7,164";"19,534";"2,005";"1,280";"0,725";
"18/12/2023 10:30";"7,879";"0,000";"7,112";"0,000";"8,311";"0,000";"23,302";"0,000";"1,593";"0,000";"0,000";"0,276";"8,605";"7,838";"9,037";"25,480";"2,178";"1,340";"0,838";
"18/12/2023 10:40";"6,644";"0,000";"5,815";"0,000";"7,023";"0,000";"19,482";"0,000";"1,803";"0,000";"0,000";"0,263";"7,582";"6,752";"7,961";"22,295";"2,813";"1,569";"1,244";
"18/12/2023 10:50";"6,152";"0,000";"5,277";"0,000";"6,244";"0,000";"17,673";"0,000";"1,319";"0,000";"0,000";"0,273";"7,133";"6,258";"7,225";"20,616";"2,943";"1,639";"1,304";
"18/12/2023 11:00";"6,277";"0,000";"5,704";"0,000";"6,543";"0,000";"18,524";"0,000";"1,271";"0,000";"0,000";"0,366";"7,330";"6,757";"7,596";"21,683";"3,159";"1,755";"1,404";
"18/12/2023 11:10";"5,945";"0,000";"5,337";"0,000";"6,304";"0,000";"17,585";"0,000";"1,653";"0,000";"0,000";"0,162";"7,050";"6,442";"7,409";"20,900";"3,315";"1,837";"1,478";
"18/12/2023 11:20";"6,098";"0,000";"5,366";"0,000";"6,246";"0,000";"17,709";"0,000";"1,733";"0,000";"0,000";"0,215";"7,276";"6,544";"7,425";"21,245";"3,536";"1,959";"1,577";
"18/12/2023 11:30";"6,634";"0,000";"5,789";"0,000";"6,948";"0,000";"19,371";"0,000";"1,137";"0,000";"0,000";"0,299";"7,878";"7,033";"8,192";"23,103";"3,732";"2,066";"1,666";
"18/12/2023 11:40";"6,585";"0,000";"5,857";"0,000";"6,929";"0,000";"19,371";"0,000";"1,451";"0,000";"0,000";"0,282";"7,885";"7,157";"8,229";"23,271";"3,900";"2,159";"1,741";
"18/12/2023 11:50";"7,272";"0,000";"6,671";"0,000";"7,870";"0,000";"21,813";"0,000";"1,124";"0,000";"0,000";"0,279";"8,627";"8,026";"9,225";"25,878";"4,065";"2,253";"1,812";
"18/12/2023 12:00";"7,136";"0,000";"6,528";"0,000";"7,643";"0,000";"21,307";"0,000";"1,061";"0,000";"0,000";"0,246";"8,562";"7,954";"9,069";"25,585";"4,278";"2,340";"1,938";
"18/12/2023 12:10";"6,096";"0,000";"5,300";"0,000";"6,553";"0,000";"17,949";"0,000";"0,483";"0,000";"0,000";"0,344";"7,655";"6,858";"8,112";"22,625";"4,676";"2,432";"2,244";
"18/12/2023 12:20";"6,687";"0,000";"5,951";"0,000";"7,063";"0,000";"19,701";"0,000";"0,977";"0,000";"0,000";"0,204";"8,363";"7,627";"8,739";"24,729";"5,028";"2,539";"2,489";
"18/12/2023 12:30";"7,857";"0,000";"7,317";"0,000";"8,324";"0,000";"23,498";"0,000";"1,798";"0,000";"0,000";"0,122";"9,590";"9,049";"10,057";"28,695";"5,197";"2,609";"2,588";
"18/12/2023 12:40";"7,181";"0,000";"6,740";"0,000";"7,706";"0,000";"21,627";"0,000";"1,753";"0,000";"0,000";"0,197";"8,944";"8,503";"9,469";"26,916";"5,289";"2,651";"2,638";
"18/12/2023 12:50";"5,853";"0,000";"5,233";"0,000";"6,308";"0,000";"17,394";"0,000";"1,096";"0,000";"0,000";"0,263";"7,630";"7,010";"8,086";"22,726";"5,332";"2,672";"2,660";
"18/12/2023 13:00";"5,429";"0,000";"4,727";"0,000";"5,855";"0,000";"16,010";"0,000";"0,871";"0,000";"0,000";"0,366";"7,216";"6,514";"7,642";"21,372";"5,362";"2,693";"2,669";
"18/12/2023 13:10";"5,071";"0,000";"4,250";"0,000";"5,679";"0,000";"15,000";"0,000";"0,917";"0,000";"0,000";"0,354";"6,857";"6,037";"7,466";"20,359";"5,359";"2,694";"2,665";
"18/12/2023 13:20";"5,279";"0,000";"4,341";"0,000";"5,821";"0,000";"15,441";"0,000";"1,915";"0,000";"0,000";"0,311";"7,063";"6,125";"7,605";"20,792";"5,351";"2,689";"2,662";
"18/12/2023 13:30";"5,756";"0,000";"4,714";"0,000";"5,963";"0,000";"16,433";"0,000";"1,693";"0,000";"0,000";"0,686";"7,528";"6,486";"7,736";"21,750";"5,317";"2,672";"2,645";
"18/12/2023 13:40";"4,131";"0,000";"3,536";"0,000";"4,787";"0,000";"12,454";"0,000";"1,033";"0,000";"0,000";"0,452";"5,884";"5,289";"6,540";"17,713";"5,259";"2,645";"2,614";
"18/12/2023 13:50";"3,906";"0,000";"3,390";"0,000";"4,711";"0,000";"12,007";"0,000";"1,216";"0,000";"0,000";"0,412";"5,642";"5,126";"6,447";"17,215";"5,208";"2,623";"2,585";
"18/12/2023 14:00";"3,399";"0,000";"2,918";"0,000";"4,545";"0,000";"10,862";"0,000";"0,639";"0,000";"0,000";"0,335";"5,117";"4,636";"6,262";"16,015";"5,153";"2,597";"2,556";
"18/12/2023 14:10";"3,333";"0,000";"2,861";"0,000";"4,204";"0,000";"10,398";"0,000";"0,484";"0,000";"0,000";"0,390";"5,012";"4,540";"5,883";"15,435";"5,037";"2,541";"2,496";
"18/12/2023 14:20";"3,494";"0,000";"3,068";"0,000";"4,214";"0,000";"10,777";"0,000";"0,521";"0,000";"0,000";"0,343";"5,126";"4,700";"5,846";"15,673";"4,896";"2,471";"2,425";
"18/12/2023 14:30";"5,384";"0,000";"4,947";"0,000";"6,027";"0,000";"16,358";"0,000";"0,792";"0,000";"0,000";"0,292";"6,975";"6,538";"7,618";"21,132";"4,774";"2,410";"2,364";
"18/12/2023 14:40";"5,951";"0,000";"5,445";"0,000";"6,561";"0,000";"17,957";"0,000";"1,220";"0,000";"0,000";"0,343";"7,502";"6,996";"8,112";"22,610";"4,653";"2,349";"2,304";
"18/12/2023 14:50";"5,541";"0,000";"5,006";"0,000";"6,166";"0,000";"16,714";"0,000";"0,953";"0,000";"0,000";"0,269";"6,916";"6,381";"7,540";"20,837";"4,123";"2,086";"2,037";
"18/12/2023 15:00";"5,932";"0,000";"5,349";"0,000";"6,522";"0,000";"17,803";"0,000";"1,119";"0,000";"0,000";"0,311";"6,731";"6,148";"7,321";"20,199";"2,396";"1,223";"1,173";
"18/12/2023 15:10";"5,331";"0,000";"4,811";"0,000";"6,022";"0,000";"16,164";"0,000";"0,932";"0,000";"0,000";"0,224";"5,988";"5,467";"6,678";"18,134";"1,970";"1,006";"0,964";
"18/12/2023 15:20";"6,231";"0,000";"5,631";"0,000";"6,831";"0,000";"18,693";"0,000";"1,111";"0,000";"0,000";"0,316";"6,731";"6,131";"7,331";"20,193";"1,500";"0,765";"0,735";
"18/12/2023 15:30";"4,820";"0,000";"4,299";"0,000";"5,535";"0,000";"14,655";"0,000";"0,865";"0,000";"0,000";"0,159";"5,293";"4,772";"6,008";"16,073";"1,418";"0,724";"0,694";
"18/12/2023 15:40";"5,831";"0,000";"5,289";"0,000";"6,462";"0,000";"17,582";"0,000";"1,025";"0,000";"0,000";"0,262";"6,293";"5,751";"6,924";"18,968";"1,386";"0,708";"0,678";
"18/12/2023 15:50";"4,743";"0,000";"4,287";"0,000";"5,381";"0,000";"14,411";"0,000";"0,925";"0,000";"0,000";"0,140";"5,252";"4,795";"5,889";"15,936";"1,525";"0,779";"0,746";
"18/12/2023 16:00";"4,372";"0,000";"3,966";"0,000";"5,244";"0,000";"13,582";"0,000";"0,827";"0,000";"0,000";"0,022";"4,855";"4,449";"5,727";"15,031";"1,449";"0,756";"0,693";
"18/12/2023 16:10";"5,167";"0,000";"4,826";"0,000";"6,034";"0,000";"16,027";"0,000";"1,174";"0,000";"0,000";"0,230";"5,851";"5,509";"6,717";"18,078";"2,051";"1,089";"0,962";
"18/12/2023 16:20";"5,329";"0,000";"5,132";"0,000";"6,313";"0,000";"16,773";"0,000";"1,037";"0,000";"0,000";"0,324";"6,008";"5,811";"6,992";"18,810";"2,037";"1,137";"0,900";
"18/12/2023 16:30";"5,453";"0,000";"5,201";"0,000";"6,363";"0,000";"17,018";"0,000";"1,144";"0,000";"0,000";"0,325";"5,976";"5,724";"6,886";"18,587";"1,569";"0,941";"0,628";
"18/12/2023 16:40";"4,828";"0,000";"4,383";"0,000";"5,564";"0,000";"14,775";"0,000";"1,061";"0,000";"0,000";"0,345";"5,258";"4,813";"5,994";"16,066";"1,291";"0,771";"0,520";
"18/12/2023 16:50";"4,221";"0,000";"3,950";"0,000";"5,148";"0,000";"13,319";"0,000";"0,880";"0,000";"0,000";"0,241";"4,402";"4,130";"5,328";"13,861";"0,542";"0,312";"0,230";
"18/12/2023 17:00";"4,378";"0,000";"4,088";"0,000";"5,348";"0,000";"13,814";"0,000";"0,939";"0,000";"0,000";"0,210";"4,529";"4,240";"5,499";"14,268";"0,454";"0,278";"0,176";
"18/12/2023 17:10";"4,812";"0,000";"4,516";"0,000";"5,746";"0,000";"15,074";"0,000";"0,795";"0,000";"0,000";"0,348";"4,914";"4,618";"5,848";"15,379";"0,305";"0,173";"0,132";
"18/12/2023 17:20";"5,940";"0,000";"5,665";"0,000";"6,848";"0,000";"18,453";"0,000";"1,062";"0,000";"0,000";"0,341";"6,042";"5,767";"6,950";"18,759";"0,306";"0,185";"0,121";
"18/12/2023 17:30";"5,140";"0,000";"4,816";"0,000";"6,006";"0,000";"15,963";"0,000";"1,069";"0,000";"0,000";"0,327";"5,183";"4,859";"6,048";"16,090";"0,127";"0,067";"0,060";
"18/12/2023 17:40";"5,094";"0,000";"4,557";"0,000";"5,782";"0,000";"15,434";"0,000";"1,276";"0,000";"0,000";"0,321";"5,114";"4,577";"5,802";"15,494";"0,060";"0,032";"0,028";
"18/12/2023 17:50";"5,258";"0,000";"4,823";"0,000";"5,991";"0,000";"16,073";"0,000";"1,227";"0,000";"0,000";"0,414";"5,262";"4,827";"5,995";"16,084";"0,011";"0,006";"0,005";
"18/12/2023 18:00";"4,976";"0,000";"4,758";"0,000";"5,907";"0,000";"15,641";"0,000";"1,251";"0,000";"0,000";"0,516";"4,976";"4,758";"5,907";"15,641";"0,000";"0,000";"0,000";
"18/12/2023 18:10";"5,161";"0,000";"4,855";"0,000";"5,866";"0,000";"15,882";"0,000";"1,340";"0,000";"0,000";"0,329";"5,161";"4,855";"5,866";"15,882";"0,000";"0,000";"0,000";
"18/12/2023 18:20";"5,864";"0,000";"5,610";"0,000";"6,494";"0,000";"17,968";"0,000";"1,549";"0,000";"0,000";"0,278";"5,864";"5,610";"6,494";"17,968";"0,000";"0,000";"0,000";
"18/12/2023 18:30";"6,446";"0,000";"6,162";"0,000";"7,028";"0,000";"19,636";"0,000";"1,463";"0,000";"0,000";"0,354";"6,446";"6,162";"7,028";"19,636";"0,000";"0,000";"0,000";
"18/12/2023 18:40";"6,267";"0,000";"5,999";"0,000";"6,850";"0,000";"19,115";"0,000";"1,535";"0,000";"0,000";"0,288";"6,267";"5,999";"6,850";"19,115";"0,000";"0,000";"0,000";
"18/12/2023 18:50";"4,648";"0,000";"4,448";"0,000";"5,398";"0,000";"14,495";"0,000";"0,865";"0,000";"0,000";"0,228";"4,648";"4,448";"5,398";"14,494";"0,000";"0,000";"0,000";
"18/12/2023 19:00";"4,391";"0,000";"4,247";"0,000";"5,232";"0,000";"13,870";"0,000";"0,664";"0,000";"0,000";"0,124";"4,391";"4,247";"5,232";"13,870";"0,000";"0,000";"0,000";
"18/12/2023 19:10";"4,188";"0,000";"4,006";"0,000";"5,041";"0,000";"13,235";"0,000";"0,441";"0,000";"0,000";"0,122";"4,188";"4,006";"5,041";"13,235";"0,000";"0,000";"0,000";
"18/12/2023 19:20";"4,941";"0,000";"4,722";"0,000";"5,610";"0,000";"15,273";"0,000";"0,912";"0,000";"0,000";"0,348";"4,941";"4,722";"5,610";"15,273";"0,000";"0,000";"0,000";
"18/12/2023 19:30";"5,982";"0,000";"5,573";"0,000";"6,398";"0,000";"17,953";"0,000";"1,161";"0,000";"0,000";"0,333";"5,982";"5,573";"6,398";"17,953";"0,000";"0,000";"0,000";
"18/12/2023 19:40";"5,356";"0,000";"5,179";"0,000";"6,038";"0,000";"16,572";"0,000";"0,964";"0,000";"0,000";"0,290";"5,356";"5,179";"6,038";"16,572";"0,000";"0,000";"0,000";
"18/12/2023 19:50";"6,185";"0,000";"5,947";"0,000";"6,787";"0,000";"18,918";"0,000";"1,315";"0,000";"0,000";"0,281";"6,185";"5,947";"6,787";"18,918";"0,000";"0,000";"0,000";
"18/12/2023 20:00";"6,088";"0,000";"5,910";"0,000";"6,756";"0,000";"18,754";"0,000";"1,062";"0,000";"0,000";"0,320";"6,088";"5,910";"6,756";"18,754";"0,000";"0,000";"0,000";
"18/12/2023 20:10";"4,706";"0,000";"4,571";"0,000";"5,446";"0,000";"14,723";"0,000";"0,942";"0,000";"0,000";"0,092";"4,706";"4,571";"5,446";"14,723";"0,000";"0,000";"0,000";
"18/12/2023 20:20";"4,080";"0,000";"3,946";"0,000";"4,892";"0,000";"12,918";"0,000";"0,470";"0,000";"0,000";"0,191";"4,080";"3,946";"4,892";"12,918";"0,000";"0,000";"0,000";
"18/12/2023 20:30";"4,098";"0,000";"3,942";"0,000";"4,898";"0,000";"12,938";"0,000";"0,504";"0,000";"0,000";"0,120";"4,098";"3,942";"4,898";"12,938";"0,000";"0,000";"0,000";
"18/12/2023 20:40";"2,692";"0,000";"2,428";"0,000";"3,010";"0,000";"8,130";"0,000";"0,563";"0,000";"0,000";"0,305";"2,692";"2,428";"3,010";"8,130";"0,000";"0,000";"0,000";
"18/12/2023 20:50";"0,948";"0,000";"0,694";"0,000";"0,960";"0,000";"2,602";"0,000";"0,000";"0,000";"0,000";"0,338";"0,948";"0,694";"0,960";"2,602";"0,000";"0,000";"0,000";
"18/12/2023 21:00";"1,092";"0,000";"0,838";"0,000";"1,106";"0,000";"3,037";"0,000";"0,126";"0,000";"0,000";"0,444";"1,092";"0,838";"1,106";"3,037";"0,000";"0,000";"0,000";
"18/12/2023 21:10";"0,952";"0,000";"0,708";"0,000";"0,942";"0,000";"2,602";"0,000";"0,000";"0,000";"0,000";"0,336";"0,952";"0,708";"0,942";"2,602";"0,000";"0,000";"0,000";
"18/12/2023 21:20";"0,966";"0,000";"0,709";"0,000";"0,949";"0,000";"2,624";"0,000";"0,000";"0,000";"0,000";"0,330";"0,966";"0,709";"0,949";"2,624";"0,000";"0,000";"0,000";
"18/12/2023 21:30";"1,099";"0,000";"0,820";"0,000";"1,102";"0,000";"3,020";"0,000";"0,145";"0,000";"0,000";"0,430";"1,099";"0,820";"1,102";"3,020";"0,000";"0,000";"0,000";
"18/12/2023 21:40";"0,946";"0,000";"0,673";"0,000";"0,923";"0,000";"2,542";"0,000";"0,000";"0,000";"0,000";"0,346";"0,946";"0,673";"0,923";"2,542";"0,000";"0,000";"0,000";
"18/12/2023 21:50";"1,229";"0,000";"0,868";"0,000";"1,106";"0,000";"3,203";"0,000";"0,154";"0,000";"0,000";"0,296";"1,229";"0,868";"1,106";"3,203";"0,000";"0,000";"0,000";
"18/12/2023 22:00";"1,019";"0,000";"0,714";"0,000";"0,922";"0,000";"2,655";"0,000";"0,000";"0,000";"0,000";"0,309";"1,019";"0,714";"0,922";"2,655";"0,000";"0,000";"0,000";
"18/12/2023 22:10";"0,738";"0,000";"0,675";"0,000";"0,920";"0,000";"2,332";"0,000";"0,014";"0,000";"0,000";"0,387";"0,738";"0,675";"0,920";"2,332";"0,000";"0,000";"0,000";
"18/12/2023 22:20";"0,875";"0,000";"0,857";"0,000";"0,937";"0,000";"2,669";"0,000";"0,038";"0,000";"0,000";"0,266";"0,875";"0,857";"0,937";"2,669";"0,000";"0,000";"0,000";
"18/12/2023 22:30";"0,749";"0,000";"0,687";"0,000";"0,788";"0,000";"2,223";"0,000";"0,000";"0,000";"0,000";"0,300";"0,749";"0,687";"0,788";"2,223";"0,000";"0,000";"0,000";
"18/12/2023 22:40";"0,916";"0,000";"0,860";"0,000";"0,951";"0,000";"2,726";"0,000";"0,104";"0,000";"0,000";"0,352";"0,916";"0,860";"0,951";"2,726";"0,000";"0,000";"0,000";
"18/12/2023 22:50";"0,744";"0,000";"0,666";"0,000";"0,772";"0,000";"2,182";"0,000";"0,000";"0,000";"0,000";"0,363";"0,744";"0,666";"0,772";"2,182";"0,000";"0,000";"0,000";
"18/12/2023 23:00";"0,897";"0,000";"0,875";"0,000";"1,049";"0,000";"2,822";"0,000";"0,101";"0,000";"0,000";"0,349";"0,897";"0,875";"1,049";"2,821";"0,000";"0,000";"0,000";
"18/12/2023 23:10";"0,792";"0,000";"0,738";"0,000";"1,015";"0,000";"2,546";"0,000";"0,019";"0,000";"0,000";"0,283";"0,792";"0,738";"1,015";"2,546";"0,000";"0,000";"0,000";
"18/12/2023 23:20";"0,755";"0,000";"0,657";"0,000";"0,980";"0,000";"2,392";"0,000";"0,000";"0,000";"0,000";"0,380";"0,755";"0,657";"0,980";"2,392";"0,000";"0,000";"0,000";
"18/12/2023 23:30";"0,922";"0,000";"0,922";"0,000";"1,160";"0,000";"3,004";"0,000";"0,051";"0,000";"0,000";"0,341";"0,922";"0,922";"1,160";"3,004";"0,000";"0,000";"0,000";
"18/12/2023 23:40";"0,762";"0,000";"0,733";"0,000";"0,984";"0,000";"2,479";"0,000";"0,000";"0,000";"0,000";"0,308";"0,762";"0,733";"0,984";"2,479";"0,000";"0,000";"0,000";
"18/12/2023 23:50";"0,920";"0,000";"0,839";"0,000";"1,131";"0,000";"2,889";"0,000";"0,115";"0,000";"0,000";"0,361";"0,920";"0,839";"1,131";"2,889";"0,000";"0,000";"0,000";
"19/12/2023 00:00";"0,757";"0,000";"0,672";"0,000";"0,908";"0,000";"2,337";"0,000";"0,000";"0,000";"0,000";"0,363";"0,757";"0,672";"0,908";"2,337";"0,000";"0,000";"0,000";
"19/12/2023 00:10";"0,761";"0,000";"0,745";"0,000";"0,793";"0,000";"2,299";"0,000";"0,000";"0,000";"0,000";"0,289";"0,761";"0,745";"0,793";"2,299";"0,000";"0,000";"0,000";
"19/12/2023 00:20";"0,926";"0,000";"0,887";"0,000";"1,102";"0,000";"2,915";"0,000";"0,140";"0,000";"0,000";"0,335";"0,926";"0,887";"1,102";"2,915";"0,000";"0,000";"0,000";
"19/12/2023 00:30";"0,752";"0,000";"0,657";"0,000";"0,981";"0,000";"2,389";"0,000";"0,000";"0,000";"0,000";"0,366";"0,752";"0,657";"0,981";"2,389";"0,000";"0,000";"0,000";
"19/12/2023 00:40";"1,067";"0,000";"0,853";"0,000";"0,919";"0,000";"2,838";"0,000";"0,102";"0,000";"0,000";"0,373";"1,067";"0,853";"0,919";"2,838";"0,000";"0,000";"0,000";
"19/12/2023 00:50";"0,916";"0,000";"0,746";"0,000";"0,949";"0,000";"2,612";"0,000";"0,000";"0,000";"0,000";"0,297";"0,916";"0,746";"0,949";"2,612";"0,000";"0,000";"0,000";
"19/12/2023 01:00";"0,885";"0,000";"0,837";"0,000";"1,107";"0,000";"2,830";"0,000";"0,082";"0,000";"0,000";"0,254";"0,885";"0,837";"1,107";"2,830";"0,000";"0,000";"0,000";
"19/12/2023 01:10";"0,797";"0,000";"0,728";"0,000";"1,061";"0,000";"2,587";"0,000";"0,014";"0,000";"0,000";"0,357";"0,797";"0,728";"1,061";"2,587";"0,000";"0,000";"0,000";
"19/12/2023 01:20";"0,757";"0,000";"0,683";"0,000";"0,973";"0,000";"2,412";"0,000";"0,000";"0,000";"0,000";"0,311";"0,757";"0,683";"0,973";"2,412";"0,000";"0,000";"0,000";
"19/12/2023 01:30";"0,894";"0,000";"0,856";"0,000";"1,166";"0,000";"2,917";"0,000";"0,073";"0,000";"0,000";"0,261";"0,894";"0,856";"1,166";"2,917";"0,000";"0,000";"0,000";
"19/12/2023 01:40";"0,773";"0,000";"0,733";"0,000";"1,017";"0,000";"2,523";"0,000";"0,000";"0,000";"0,000";"0,322";"0,773";"0,733";"1,017";"2,523";"0,000";"0,000";"0,000";
"19/12/2023 01:50";"0,892";"0,000";"0,852";"0,000";"1,156";"0,000";"2,900";"0,000";"0,085";"0,000";"0,000";"0,327";"0,892";"0,852";"1,156";"2,900";"0,000";"0,000";"0,000";
"19/12/2023 02:00";"0,749";"0,000";"0,701";"0,000";"0,969";"0,000";"2,418";"0,000";"0,000";"0,000";"0,000";"0,305";"0,749";"0,701";"0,969";"2,418";"0,000";"0,000";"0,000";
"19/12/2023 02:10";"0,736";"0,000";"0,693";"0,000";"0,957";"0,000";"2,386";"0,000";"0,000";"0,000";"0,000";"0,296";"0,736";"0,693";"0,957";"2,386";"0,000";"0,000";"0,000";
"19/12/2023 02:20";"0,938";"0,000";"0,859";"0,000";"1,156";"0,000";"2,953";"0,000";"0,115";"0,000";"0,000";"0,394";"0,938";"0,859";"1,156";"2,953";"0,000";"0,000";"0,000";
"19/12/2023 02:30";"0,763";"0,000";"0,702";"0,000";"0,982";"0,000";"2,446";"0,000";"0,000";"0,000";"0,000";"0,306";"0,763";"0,702";"0,982";"2,446";"0,000";"0,000";"0,000";
"19/12/2023 02:40";"0,899";"0,000";"0,843";"0,000";"1,135";"0,000";"2,878";"0,000";"0,049";"0,000";"0,000";"0,351";"0,899";"0,843";"1,135";"2,878";"0,000";"0,000";"0,000";
"19/12/2023 02:50";"0,780";"0,000";"0,735";"0,000";"1,000";"0,000";"2,514";"0,000";"0,000";"0,000";"0,000";"0,326";"0,780";"0,735";"1,000";"2,514";"0,000";"0,000";"0,000";
"19/12/2023 03:00";"0,766";"0,000";"0,693";"0,000";"0,984";"0,000";"2,442";"0,000";"0,000";"0,000";"0,000";"0,340";"0,766";"0,693";"0,984";"2,442";"0,000";"0,000";"0,000";
"19/12/2023 03:10";"0,919";"0,000";"0,862";"0,000";"1,128";"0,000";"2,909";"0,000";"0,135";"0,000";"0,000";"0,252";"0,919";"0,862";"1,128";"2,909";"0,000";"0,000";"0,000";
"19/12/2023 03:20";"0,747";"0,000";"0,701";"0,000";"0,971";"0,000";"2,419";"0,000";"0,000";"0,000";"0,000";"0,293";"0,747";"0,701";"0,971";"2,419";"0,000";"0,000";"0,000";
"19/12/2023 03:30";"0,919";"0,000";"0,885";"0,000";"1,148";"0,000";"2,952";"0,000";"0,102";"0,000";"0,000";"0,354";"0,919";"0,885";"1,148";"2,952";"0,000";"0,000";"0,000";
"19/12/2023 03:40";"0,747";"0,000";"0,667";"0,000";"0,978";"0,000";"2,392";"0,000";"0,000";"0,000";"0,000";"0,346";"0,747";"0,667";"0,978";"2,392";"0,000";"0,000";"0,000";
"19/12/2023 03:50";"1,120";"0,000";"0,829";"0,000";"1,112";"0,000";"3,061";"0,000";"0,107";"0,000";"0,000";"0,354";"1,120";"0,829";"1,112";"3,061";"0,000";"0,000";"0,000";
"19/12/2023 04:00";"0,894";"0,000";"0,770";"0,000";"1,025";"0,000";"2,690";"0,000";"0,006";"0,000";"0,000";"0,265";"0,894";"0,770";"1,025";"2,690";"0,000";"0,000";"0,000";
"19/12/2023 04:10";"0,780";"0,000";"0,698";"0,000";"0,990";"0,000";"2,468";"0,000";"0,000";"0,000";"0,000";"0,370";"0,780";"0,698";"0,990";"2,468";"0,000";"0,000";"0,000";
"19/12/2023 04:20";"0,910";"0,000";"0,850";"0,000";"1,126";"0,000";"2,886";"0,000";"0,078";"0,000";"0,000";"0,254";"0,910";"0,850";"1,126";"2,886";"0,000";"0,000";"0,000";
"19/12/2023 04:30";"0,783";"0,000";"0,690";"0,000";"0,965";"0,000";"2,439";"0,000";"0,000";"0,000";"0,000";"0,280";"0,783";"0,690";"0,965";"2,439";"0,000";"0,000";"0,000";
"19/12/2023 04:40";"0,975";"0,000";"0,852";"0,000";"1,156";"0,000";"2,983";"0,000";"0,044";"0,000";"0,000";"0,249";"0,975";"0,852";"1,156";"2,983";"0,000";"0,000";"0,000";
"19/12/2023 04:50";"0,851";"0,000";"0,673";"0,000";"0,983";"0,000";"2,506";"0,000";"0,000";"0,000";"0,000";"0,325";"0,851";"0,673";"0,983";"2,506";"0,000";"0,000";"0,000";
"19/12/2023 05:00";"0,846";"0,000";"0,684";"0,000";"0,831";"0,000";"2,361";"0,000";"0,000";"0,000";"0,000";"0,253";"0,846";"0,684";"0,831";"2,361";"0,000";"0,000";"0,000";
"19/12/2023 05:10";"1,029";"0,000";"0,888";"0,000";"0,973";"0,000";"2,891";"0,000";"0,139";"0,000";"0,000";"0,189";"1,029";"0,888";"0,973";"2,891";"0,000";"0,000";"0,000";
"19/12/2023 05:20";"0,862";"0,000";"0,666";"0,000";"0,829";"0,000";"2,357";"0,000";"0,000";"0,000";"0,000";"0,329";"0,862";"0,666";"0,829";"2,357";"0,000";"0,000";"0,000";
"19/12/2023 05:30";"1,409";"0,000";"1,228";"0,000";"1,287";"0,000";"3,925";"0,000";"0,104";"0,000";"0,000";"0,226";"1,409";"1,228";"1,287";"3,925";"0,000";"0,000";"0,000";
"19/12/2023 05:40";"2,126";"0,000";"1,631";"0,000";"1,602";"0,000";"5,359";"0,000";"0,025";"0,000";"0,000";"0,114";"2,126";"1,631";"1,602";"5,359";"0,000";"0,000";"0,000";
"19/12/2023 05:50";"2,216";"0,000";"1,695";"0,000";"1,916";"0,000";"5,827";"0,000";"0,025";"0,000";"0,000";"0,298";"2,216";"1,695";"1,916";"5,827";"0,000";"0,000";"0,000";
"19/12/2023 06:00";"2,346";"0,000";"1,900";"0,000";"2,232";"0,000";"6,477";"0,000";"0,513";"0,000";"0,000";"0,112";"2,346";"1,900";"2,232";"6,477";"0,000";"0,000";"0,000";
"19/12/2023 06:10";"5,659";"0,000";"5,165";"0,000";"5,949";"0,000";"16,773";"0,000";"1,606";"0,000";"0,000";"0,504";"5,659";"5,165";"5,949";"16,773";"0,000";"0,000";"0,000";
"19/12/2023 06:20";"5,663";"0,000";"5,265";"0,000";"6,190";"0,000";"17,117";"0,000";"1,297";"0,000";"0,000";"0,278";"5,663";"5,265";"6,190";"17,117";"0,000";"0,000";"0,000";
"19/12/2023 06:30";"5,481";"0,000";"5,049";"0,000";"5,797";"0,000";"16,327";"0,000";"1,428";"0,000";"0,000";"0,278";"5,481";"5,049";"5,797";"16,327";"0,000";"0,000";"0,000";
"19/12/2023 06:40";"5,311";"0,000";"4,862";"0,000";"5,576";"0,000";"15,750";"0,000";"1,321";"0,000";"0,000";"0,342";"5,311";"4,862";"5,576";"15,750";"0,000";"0,000";"0,000";
"19/12/2023 06:50";"5,582";"0,000";"5,014";"0,000";"5,799";"0,000";"16,394";"0,000";"1,176";"0,000";"0,000";"0,312";"5,582";"5,014";"5,799";"16,394";"0,000";"0,000";"0,000";
"19/12/2023 07:00";"5,609";"0,000";"5,183";"0,000";"6,050";"0,000";"16,842";"0,000";"0,969";"0,000";"0,000";"0,270";"5,609";"5,183";"6,050";"16,842";"0,000";"0,000";"0,000";
"19/12/2023 07:10";"5,658";"0,000";"5,288";"0,000";"6,218";"0,000";"17,164";"0,000";"2,376";"0,000";"0,000";"0,276";"5,658";"5,288";"6,218";"17,164";"0,000";"0,000";"0,000";
"19/12/2023 07:20";"5,476";"0,000";"5,077";"0,000";"6,125";"0,000";"16,678";"0,000";"1,367";"0,000";"0,000";"0,184";"5,476";"5,077";"6,125";"16,678";"0,000";"0,000";"0,000";
"19/12/2023 07:30";"5,568";"0,000";"5,182";"0,000";"6,286";"0,000";"17,036";"0,000";"0,760";"0,000";"0,000";"0,306";"5,568";"5,182";"6,286";"17,036";"0,000";"0,000";"0,000";
"19/12/2023 07:40";"6,500";"0,000";"6,011";"0,000";"7,075";"0,000";"19,585";"0,000";"1,295";"0,000";"0,000";"0,062";"6,500";"6,011";"7,075";"19,585";"0,000";"0,000";"0,000";
"19/12/2023 07:50";"6,268";"0,000";"5,774";"0,000";"7,209";"0,000";"19,251";"0,000";"1,380";"0,000";"0,000";"0,018";"6,268";"5,774";"7,209";"19,251";"0,000";"0,000";"0,000";
"19/12/2023 08:00";"6,402";"0,000";"6,049";"0,000";"7,366";"0,000";"19,817";"0,000";"1,603";"0,000";"0,000";"0,063";"6,402";"6,049";"7,366";"19,817";"0,000";"0,000";"0,000";
"19/12/2023 08:10";"7,642";"0,000";"7,530";"0,000";"8,564";"0,000";"23,737";"0,000";"2,816";"0,000";"0,000";"0,000";"7,642";"7,530";"8,564";"23,737";"0,000";"0,000";"0,000";
"19/12/2023 08:20";"8,020";"0,000";"7,492";"0,000";"8,548";"0,000";"24,061";"0,000";"3,506";"0,000";"0,000";"0,000";"8,020";"7,492";"8,548";"24,061";"0,000";"0,000";"0,000";
"19/12/2023 08:30";"8,563";"0,000";"8,159";"0,000";"9,145";"0,000";"25,867";"0,000";"4,437";"0,000";"0,000";"0,000";"8,563";"8,159";"9,145";"25,867";"0,000";"0,000";"0,000";
"19/12/2023 08:40";"8,114";"0,000";"7,750";"0,000";"8,715";"0,000";"24,580";"0,000";"3,144";"0,000";"0,000";"0,000";"8,114";"7,750";"8,715";"24,580";"0,000";"0,000";"0,000";
"19/12/2023 08:50";"7,840";"0,000";"7,476";"0,000";"8,450";"0,000";"23,766";"0,000";"3,878";"0,000";"0,000";"0,000";"7,841";"7,476";"8,451";"23,768";"0,002";"0,001";"0,001";
"19/12/2023 09:00";"7,423";"0,000";"6,973";"0,000";"8,064";"0,000";"22,460";"0,000";"3,032";"0,000";"0,000";"0,000";"7,433";"6,982";"8,074";"22,489";"0,029";"0,015";"0,014";
"19/12/2023 09:10";"7,245";"0,000";"6,648";"0,000";"7,871";"0,000";"21,764";"0,000";"3,471";"0,000";"0,000";"0,000";"7,268";"6,672";"7,894";"21,835";"0,071";"0,037";"0,034";
"19/12/2023 09:20";"7,416";"0,000";"7,007";"0,000";"8,015";"0,000";"22,438";"0,000";"3,747";"0,000";"0,000";"0,000";"7,453";"7,043";"8,051";"22,547";"0,109";"0,057";"0,052";
"19/12/2023 09:30";"7,368";"0,000";"7,054";"0,000";"8,286";"0,000";"22,708";"0,000";"2,530";"0,000";"0,000";"0,003";"7,431";"7,117";"8,349";"22,897";"0,189";"0,098";"0,091";
"19/12/2023 09:40";"7,071";"0,000";"6,655";"0,000";"7,933";"0,000";"21,659";"0,000";"2,241";"0,000";"0,000";"0,006";"7,172";"6,755";"8,033";"21,960";"0,301";"0,155";"0,146";
"19/12/2023 09:50";"6,781";"0,000";"6,202";"0,000";"7,397";"0,000";"20,380";"0,000";"1,723";"0,000";"0,000";"0,038";"6,934";"6,355";"7,551";"20,840";"0,460";"0,235";"0,225";
"19/12/2023 10:00";"6,256";"0,000";"5,701";"0,000";"6,865";"0,000";"18,822";"0,000";"0,471";"0,000";"0,000";"0,424";"6,439";"5,884";"7,048";"19,371";"0,549";"0,281";"0,268";
"19/12/2023 10:10";"6,113";"0,000";"5,523";"0,000";"6,654";"0,000";"18,291";"0,000";"0,501";"0,000";"0,000";"0,517";"6,300";"5,710";"6,841";"18,852";"0,561";"0,288";"0,273";
"19/12/2023 10:20";"6,530";"0,000";"5,894";"0,000";"7,227";"0,000";"19,651";"0,000";"1,082";"0,000";"0,000";"0,223";"6,914";"6,278";"7,611";"20,803";"1,152";"0,679";"0,473";
"19/12/2023 10:30";"7,344";"0,000";"6,574";"0,000";"8,005";"0,000";"21,923";"0,000";"2,466";"0,000";"0,000";"0,002";"7,976";"7,206";"8,636";"23,819";"1,895";"1,171";"0,724";
"19/12/2023 10:40";"7,023";"0,000";"6,279";"0,000";"7,772";"0,000";"21,074";"0,000";"1,757";"0,000";"0,000";"0,008";"7,833";"7,088";"8,581";"23,502";"2,428";"1,454";"0,974";
"19/12/2023 10:50";"7,123";"0,000";"6,399";"0,000";"7,889";"0,000";"21,410";"0,000";"1,728";"0,000";"0,000";"0,081";"8,060";"7,336";"8,826";"24,222";"2,812";"1,674";"1,138";
"19/12/2023 11:00";"7,272";"0,000";"6,673";"0,000";"8,085";"0,000";"22,031";"0,000";"2,333";"0,000";"0,000";"0,010";"8,382";"7,783";"9,195";"25,360";"3,329";"1,957";"1,372";
"19/12/2023 11:10";"7,444";"0,000";"6,798";"0,000";"8,099";"0,000";"22,340";"0,000";"3,346";"0,000";"0,000";"0,000";"8,635";"7,989";"9,290";"25,913";"3,573";"2,097";"1,476";
"19/12/2023 11:20";"6,790";"0,000";"6,391";"0,000";"7,836";"0,000";"21,017";"0,000";"2,625";"0,000";"0,000";"0,000";"7,849";"7,451";"8,895";"24,195";"3,178";"1,854";"1,324";
"19/12/2023 11:30";"6,857";"0,000";"6,424";"0,000";"7,910";"0,000";"21,192";"0,000";"3,671";"0,000";"0,000";"0,000";"7,960";"7,527";"9,013";"24,500";"3,308";"1,917";"1,391";
"19/12/2023 11:40";"7,075";"0,000";"6,543";"0,000";"7,908";"0,000";"21,527";"0,000";"2,465";"0,000";"0,000";"0,006";"8,236";"7,704";"9,069";"25,010";"3,483";"1,973";"1,510";
"19/12/2023 11:50";"7,107";"0,000";"6,577";"0,000";"7,915";"0,000";"21,599";"0,000";"2,832";"0,000";"0,000";"0,061";"8,344";"7,814";"9,151";"25,308";"3,709";"2,064";"1,645";
"19/12/2023 12:00";"8,077";"0,000";"7,650";"0,000";"8,619";"0,000";"24,346";"0,000";"2,221";"0,000";"0,000";"0,088";"9,387";"8,961";"9,930";"28,278";"3,932";"2,147";"1,785";
"19/12/2023 12:10";"7,757";"0,000";"7,287";"0,000";"8,184";"0,000";"23,228";"0,000";"1,643";"0,000";"0,000";"0,072";"9,172";"8,703";"9,600";"27,475";"4,247";"2,227";"2,020";
"19/12/2023 12:20";"7,834";"0,000";"7,390";"0,000";"8,511";"0,000";"23,735";"0,000";"1,264";"0,000";"0,000";"0,114";"9,389";"8,946";"10,066";"28,401";"4,666";"2,365";"2,301";
"19/12/2023 12:30";"8,954";"0,000";"8,361";"0,000";"9,314";"0,000";"26,629";"0,000";"2,575";"0,000";"0,000";"0,029";"10,544";"9,951";"10,903";"31,398";"4,769";"2,409";"2,360";
"19/12/2023 12:40";"8,613";"0,000";"7,999";"0,000";"9,026";"0,000";"25,638";"0,000";"2,172";"0,000";"0,000";"0,032";"10,249";"9,636";"10,662";"30,547";"4,909";"2,475";"2,434";
"19/12/2023 12:50";"8,484";"0,000";"7,864";"0,000";"8,976";"0,000";"25,323";"0,000";"1,258";"0,000";"0,000";"0,055";"10,342";"9,721";"10,833";"30,896";"5,573";"2,811";"2,762";
"19/12/2023 13:00";"7,943";"0,000";"7,304";"0,000";"8,396";"0,000";"23,642";"0,000";"1,881";"0,000";"0,000";"0,063";"9,199";"8,560";"9,652";"27,412";"3,770";"1,916";"1,854";
"19/12/2023 13:10";"6,450";"0,000";"5,597";"0,000";"6,942";"0,000";"18,988";"0,000";"0,684";"0,000";"0,000";"0,129";"7,204";"6,350";"7,695";"21,249";"2,261";"1,149";"1,112";
"19/12/2023 13:20";"6,142";"0,000";"5,345";"0,000";"6,517";"0,000";"18,004";"0,000";"1,682";"0,000";"0,000";"0,315";"7,259";"6,463";"7,635";"21,357";"3,353";"1,704";"1,649";
"19/12/2023 13:30";"5,792";"0,000";"4,920";"0,000";"6,046";"0,000";"16,757";"0,000";"2,293";"0,000";"0,000";"0,159";"7,102";"6,230";"7,357";"20,689";"3,932";"2,002";"1,930";
"19/12/2023 13:40";"5,064";"0,000";"4,066";"0,000";"5,059";"0,000";"14,188";"0,000";"1,861";"0,000";"0,000";"0,529";"6,579";"5,581";"6,574";"18,733";"4,545";"2,307";"2,238";
"19/12/2023 13:50";"3,879";"0,000";"3,263";"0,000";"4,227";"0,000";"11,369";"0,000";"1,297";"0,000";"0,000";"0,180";"4,733";"4,117";"5,081";"13,931";"2,562";"1,301";"1,261";
"19/12/2023 14:00";"3,149";"0,000";"2,662";"0,000";"3,696";"0,000";"9,506";"0,000";"0,722";"0,000";"0,000";"0,573";"3,856";"3,369";"4,403";"11,628";"2,122";"1,078";"1,044";
"19/12/2023 14:10";"3,084";"0,000";"2,636";"0,000";"3,577";"0,000";"9,298";"0,000";"0,697";"0,000";"0,000";"0,254";"3,676";"3,228";"4,169";"11,072";"1,774";"0,900";"0,874";
"19/12/2023 14:20";"2,813";"0,000";"2,366";"0,000";"3,335";"0,000";"8,514";"0,000";"0,642";"0,000";"0,000";"0,379";"3,683";"3,235";"4,205";"11,122";"2,608";"1,320";"1,288";
"19/12/2023 14:30";"2,974";"0,000";"2,549";"0,000";"3,399";"0,000";"8,922";"0,000";"0,625";"0,000";"0,000";"0,290";"3,640";"3,215";"4,065";"10,921";"1,999";"1,015";"0,984";
"19/12/2023 14:40";"5,222";"0,000";"4,773";"0,000";"5,543";"0,000";"15,538";"0,000";"1,144";"0,000";"0,000";"0,328";"5,685";"5,236";"6,006";"16,928";"1,390";"0,707";"0,683";
"19/12/2023 14:50";"5,739";"0,000";"5,282";"0,000";"6,112";"0,000";"17,133";"0,000";"0,987";"0,000";"0,000";"0,351";"6,152";"5,694";"6,525";"18,371";"1,238";"0,630";"0,608";
"19/12/2023 15:00";"6,024";"0,000";"5,486";"0,000";"6,383";"0,000";"17,893";"0,000";"1,214";"0,000";"0,000";"0,342";"6,343";"5,804";"6,701";"18,848";"0,955";"0,487";"0,468";
"19/12/2023 15:10";"6,131";"0,000";"5,592";"0,000";"6,374";"0,000";"18,098";"0,000";"1,361";"0,000";"0,000";"0,370";"6,319";"5,780";"6,562";"18,661";"0,563";"0,288";"0,275";
"19/12/2023 15:20";"6,819";"0,000";"6,318";"0,000";"7,106";"0,000";"20,243";"0,000";"1,772";"0,000";"0,000";"0,243";"6,955";"6,455";"7,243";"20,653";"0,410";"0,210";"0,200";
"19/12/2023 15:30";"7,216";"0,000";"6,727";"0,000";"7,379";"0,000";"21,322";"0,000";"1,904";"0,000";"0,000";"0,190";"7,345";"6,856";"7,508";"21,709";"0,387";"0,198";"0,189";
"19/12/2023 15:40";"5,594";"0,000";"5,138";"0,000";"5,938";"0,000";"16,670";"0,000";"1,341";"0,000";"0,000";"0,279";"5,788";"5,331";"6,131";"17,250";"0,580";"0,296";"0,284";
"19/12/2023 15:50";"4,455";"0,000";"4,061";"0,000";"5,117";"0,000";"13,633";"0,000";"0,645";"0,000";"0,000";"0,107";"4,581";"4,187";"5,242";"14,010";"0,377";"0,193";"0,184";
"19/12/2023 16:00";"5,341";"0,000";"4,913";"0,000";"5,844";"0,000";"16,098";"0,000";"0,935";"0,000";"0,000";"0,246";"5,488";"5,060";"5,992";"16,540";"0,442";"0,226";"0,216";
"19/12/2023 16:10";"4,360";"0,000";"3,973";"0,000";"4,902";"0,000";"13,235";"0,000";"0,779";"0,000";"0,000";"0,192";"4,496";"4,109";"5,037";"13,641";"0,406";"0,208";"0,198";
"19/12/2023 16:20";"4,442";"0,000";"4,010";"0,000";"4,950";"0,000";"13,401";"0,000";"0,686";"0,000";"0,000";"0,242";"4,551";"4,119";"5,059";"13,728";"0,327";"0,168";"0,159";
"19/12/2023 16:30";"4,763";"0,000";"4,332";"0,000";"5,231";"0,000";"14,327";"0,000";"0,754";"0,000";"0,000";"0,226";"4,889";"4,458";"5,357";"14,704";"0,377";"0,193";"0,184";
"19/12/2023 16:40";"5,859";"0,000";"5,348";"0,000";"6,209";"0,000";"17,416";"0,000";"1,003";"0,000";"0,000";"0,397";"5,940";"5,428";"6,289";"17,657";"0,241";"0,124";"0,117";
"19/12/2023 16:50";"6,674";"0,000";"6,130";"0,000";"7,007";"0,000";"19,811";"0,000";"1,449";"0,000";"0,000";"0,302";"6,759";"6,216";"7,092";"20,067";"0,256";"0,132";"0,124";
"19/12/2023 17:00";"7,090";"0,000";"6,503";"0,000";"7,351";"0,000";"20,944";"0,000";"1,606";"0,000";"0,000";"0,277";"7,151";"6,565";"7,412";"21,128";"0,184";"0,095";"0,089";
"19/12/2023 17:10";"6,105";"0,000";"5,473";"0,000";"6,344";"0,000";"17,921";"0,000";"1,731";"0,000";"0,000";"0,283";"6,131";"5,498";"6,369";"17,998";"0,077";"0,040";"0,037";
"19/12/2023 17:20";"5,521";"0,000";"4,831";"0,000";"5,765";"0,000";"16,117";"0,000";"1,200";"0,000";"0,000";"0,474";"5,543";"4,853";"5,787";"16,182";"0,065";"0,034";"0,031";
"19/12/2023 17:30";"5,712";"0,000";"5,039";"0,000";"5,921";"0,000";"16,672";"0,000";"1,349";"0,000";"0,000";"0,338";"5,719";"5,046";"5,929";"16,694";"0,022";"0,012";"0,010";
"19/12/2023 17:40";"5,600";"0,000";"4,923";"0,000";"5,835";"0,000";"16,358";"0,000";"1,269";"0,000";"0,000";"0,409";"5,602";"4,925";"5,837";"16,364";"0,006";"0,003";"0,003";
"19/12/2023 17:50";"5,893";"0,000";"5,218";"0,000";"6,112";"0,000";"17,224";"0,000";"1,646";"0,000";"0,000";"0,284";"5,893";"5,218";"6,112";"17,224";"0,000";"0,000";"0,000";
"19/12/2023 18:00";"6,879";"0,000";"6,227";"0,000";"7,079";"0,000";"20,186";"0,000";"1,626";"0,000";"0,000";"0,272";"6,879";"6,227";"7,079";"20,186";"0,000";"0,000";"0,000";
"19/12/2023 18:10";"6,851";"0,000";"6,198";"0,000";"7,053";"0,000";"20,102";"0,000";"1,444";"0,000";"0,000";"0,300";"6,851";"6,198";"7,053";"20,102";"0,000";"0,000";"0,000";
"19/12/2023 18:20";"6,523";"0,000";"5,956";"0,000";"6,828";"0,000";"19,307";"0,000";"1,313";"0,000";"0,000";"0,371";"6,523";"5,956";"6,828";"19,307";"0,000";"0,000";"0,000";
"19/12/2023 18:30";"6,199";"0,000";"5,665";"0,000";"6,536";"0,000";"18,400";"0,000";"1,392";"0,000";"0,000";"0,278";"6,199";"5,665";"6,536";"18,400";"0,000";"0,000";"0,000";
"19/12/2023 18:40";"4,480";"0,000";"4,061";"0,000";"5,035";"0,000";"13,576";"0,000";"0,516";"0,000";"0,000";"0,083";"4,480";"4,061";"5,035";"13,576";"0,000";"0,000";"0,000";
"19/12/2023 18:50";"4,714";"0,000";"4,241";"0,000";"5,178";"0,000";"14,132";"0,000";"0,794";"0,000";"0,000";"0,141";"4,714";"4,241";"5,178";"14,132";"0,000";"0,000";"0,000";
"19/12/2023 19:00";"5,399";"0,000";"4,935";"0,000";"5,791";"0,000";"16,125";"0,000";"0,870";"0,000";"0,000";"0,304";"5,399";"4,935";"5,791";"16,125";"0,000";"0,000";"0,000";
"19/12/2023 19:10";"6,551";"0,000";"6,108";"0,000";"6,919";"0,000";"19,578";"0,000";"1,084";"0,000";"0,000";"0,400";"6,551";"6,108";"6,919";"19,578";"0,000";"0,000";"0,000";
"19/12/2023 19:20";"5,309";"0,000";"4,853";"0,000";"5,816";"0,000";"15,977";"0,000";"0,769";"0,000";"0,000";"0,313";"5,309";"4,853";"5,816";"15,977";"0,000";"0,000";"0,000";
"19/12/2023 19:30";"4,522";"0,000";"4,057";"0,000";"5,044";"0,000";"13,623";"0,000";"0,896";"0,000";"0,000";"0,297";"4,522";"4,057";"5,044";"13,623";"0,000";"0,000";"0,000";
"19/12/2023 19:40";"4,600";"0,000";"4,138";"0,000";"5,097";"0,000";"13,835";"0,000";"0,904";"0,000";"0,000";"0,230";"4,600";"4,138";"5,097";"13,835";"0,000";"0,000";"0,000";
"19/12/2023 19:50";"4,811";"0,000";"4,334";"0,000";"5,338";"0,000";"14,483";"0,000";"0,810";"0,000";"0,000";"0,238";"4,811";"4,334";"5,338";"14,483";"0,000";"0,000";"0,000";
"19/12/2023 20:00";"4,716";"0,000";"4,233";"0,000";"5,256";"0,000";"14,205";"0,000";"0,849";"0,000";"0,000";"0,230";"4,716";"4,233";"5,256";"14,205";"0,000";"0,000";"0,000";
"19/12/2023 20:10";"5,739";"0,000";"5,250";"0,000";"6,196";"0,000";"17,185";"0,000";"0,789";"0,000";"0,000";"0,434";"5,739";"5,250";"6,196";"17,185";"0,000";"0,000";"0,000";
"19/12/2023 20:20";"5,750";"0,000";"5,291";"0,000";"6,208";"0,000";"17,249";"0,000";"1,074";"0,000";"0,000";"0,325";"5,750";"5,291";"6,208";"17,249";"0,000";"0,000";"0,000";
"19/12/2023 20:30";"5,220";"0,000";"4,755";"0,000";"5,717";"0,000";"15,692";"0,000";"1,216";"0,000";"0,000";"0,486";"5,220";"4,755";"5,717";"15,692";"0,000";"0,000";"0,000";
"19/12/2023 20:40";"3,560";"0,000";"3,117";"0,000";"3,995";"0,000";"10,673";"0,000";"0,579";"0,000";"0,000";"0,409";"3,560";"3,117";"3,995";"10,673";"0,000";"0,000";"0,000";
"19/12/2023 20:50";"1,208";"0,000";"0,672";"0,000";"1,011";"0,000";"2,891";"0,000";"0,099";"0,000";"0,000";"0,396";"1,208";"0,672";"1,011";"2,891";"0,000";"0,000";"0,000";
"19/12/2023 21:00";"1,249";"0,000";"0,825";"0,000";"1,162";"0,000";"3,236";"0,000";"0,124";"0,000";"0,000";"0,389";"1,249";"0,825";"1,162";"3,236";"0,000";"0,000";"0,000";
"19/12/2023 21:10";"1,059";"0,000";"0,834";"0,000";"1,133";"0,000";"3,026";"0,000";"0,121";"0,000";"0,000";"0,356";"1,059";"0,834";"1,133";"3,026";"0,000";"0,000";"0,000";
"19/12/2023 21:20";"0,815";"0,000";"0,747";"0,000";"1,022";"0,000";"2,584";"0,000";"0,025";"0,000";"0,000";"0,386";"0,815";"0,747";"1,022";"2,584";"0,000";"0,000";"0,000";
"19/12/2023 21:30";"0,864";"0,000";"0,729";"0,000";"0,994";"0,000";"2,587";"0,000";"0,012";"0,000";"0,000";"0,286";"0,864";"0,729";"0,994";"2,587";"0,000";"0,000";"0,000";
"19/12/2023 21:40";"1,163";"0,000";"0,840";"0,000";"1,089";"0,000";"3,092";"0,000";"0,085";"0,000";"0,000";"0,309";"1,163";"0,840";"1,089";"3,092";"0,000";"0,000";"0,000";
"19/12/2023 21:50";"0,985";"0,000";"0,833";"0,000";"1,077";"0,000";"2,895";"0,000";"0,168";"0,000";"0,000";"0,387";"0,985";"0,833";"1,077";"2,895";"0,000";"0,000";"0,000";
"19/12/2023 22:00";"0,705";"0,000";"0,638";"0,000";"0,900";"0,000";"2,243";"0,000";"0,027";"0,000";"0,000";"0,341";"0,705";"0,638";"0,900";"2,243";"0,000";"0,000";"0,000";
"19/12/2023 22:10";"0,755";"0,000";"0,731";"0,000";"1,027";"0,000";"2,513";"0,000";"0,002";"0,000";"0,000";"0,300";"0,755";"0,731";"1,027";"2,513";"0,000";"0,000";"0,000";
"19/12/2023 22:20";"0,835";"0,000";"0,789";"0,000";"1,054";"0,000";"2,679";"0,000";"0,080";"0,000";"0,000";"0,376";"0,835";"0,789";"1,054";"2,679";"0,000";"0,000";"0,000";
"19/12/2023 22:30";"0,971";"0,000";"0,825";"0,000";"1,089";"0,000";"2,885";"0,000";"0,061";"0,000";"0,000";"0,393";"0,971";"0,825";"1,089";"2,885";"0,000";"0,000";"0,000";
"19/12/2023 22:40";"0,981";"0,000";"0,663";"0,000";"0,916";"0,000";"2,559";"0,000";"0,000";"0,000";"0,000";"0,346";"0,981";"0,663";"0,916";"2,559";"0,000";"0,000";"0,000";
"19/12/2023 22:50";"0,897";"0,000";"0,824";"0,000";"1,104";"0,000";"2,825";"0,000";"0,042";"0,000";"0,000";"0,359";"0,897";"0,824";"1,104";"2,825";"0,000";"0,000";"0,000";
"19/12/2023 23:00";"0,887";"0,000";"0,826";"0,000";"1,102";"0,000";"2,815";"0,000";"0,055";"0,000";"0,000";"0,291";"0,887";"0,826";"1,102";"2,815";"0,000";"0,000";"0,000";
"19/12/2023 23:10";"0,815";"0,000";"0,761";"0,000";"1,051";"0,000";"2,627";"0,000";"0,069";"0,000";"0,000";"0,283";"0,815";"0,761";"1,051";"2,627";"0,000";"0,000";"0,000";
"19/12/2023 23:20";"0,724";"0,000";"0,647";"0,000";"0,922";"0,000";"2,293";"0,000";"0,000";"0,000";"0,000";"0,357";"0,724";"0,647";"0,922";"2,293";"0,000";"0,000";"0,000";
"19/12/2023 23:30";"0,866";"0,000";"0,811";"0,000";"1,076";"0,000";"2,753";"0,000";"0,086";"0,000";"0,000";"0,273";"0,866";"0,811";"1,076";"2,753";"0,000";"0,000";"0,000";
"19/12/2023 23:40";"0,854";"0,000";"0,756";"0,000";"0,938";"0,000";"2,548";"0,000";"0,107";"0,000";"0,000";"0,326";"0,854";"0,756";"0,938";"2,548";"0,000";"0,000";"0,000";
"19/12/2023 23:50";"1,087";"0,000";"0,750";"0,000";"0,794";"0,000";"2,631";"0,000";"0,104";"0,000";"0,000";"0,231";"1,087";"0,750";"0,794";"2,631";"0,000";"0,000";"0,000";
"20/12/2023 00:00";"0,784";"0,000";"0,650";"0,000";"0,726";"0,000";"2,161";"0,000";"0,000";"0,000";"0,000";"0,305";"0,784";"0,650";"0,726";"2,161";"0,000";"0,000";"0,000";
"20/12/2023 00:10";"0,896";"0,000";"0,831";"0,000";"0,913";"0,000";"2,640";"0,000";"0,088";"0,000";"0,000";"0,219";"0,896";"0,831";"0,913";"2,640";"0,000";"0,000";"0,000";
"20/12/2023 00:20";"0,785";"0,000";"0,736";"0,000";"0,831";"0,000";"2,352";"0,000";"0,067";"0,000";"0,000";"0,268";"0,785";"0,736";"0,831";"2,352";"0,000";"0,000";"0,000";
"20/12/2023 00:30";"0,823";"0,000";"0,764";"0,000";"0,858";"0,000";"2,445";"0,000";"0,044";"0,000";"0,000";"0,270";"0,823";"0,764";"0,858";"2,445";"0,000";"0,000";"0,000";
"20/12/2023 00:40";"0,759";"0,000";"0,700";"0,000";"0,761";"0,000";"2,219";"0,000";"0,006";"0,000";"0,000";"0,290";"0,759";"0,700";"0,761";"2,219";"0,000";"0,000";"0,000";
"20/12/2023 00:50";"0,882";"0,000";"0,833";"0,000";"1,020";"0,000";"2,735";"0,000";"0,070";"0,000";"0,000";"0,247";"0,882";"0,833";"1,020";"2,735";"0,000";"0,000";"0,000";
"20/12/2023 01:00";"0,880";"0,000";"0,785";"0,000";"1,072";"0,000";"2,736";"0,000";"0,045";"0,000";"0,000";"0,402";"0,880";"0,785";"1,072";"2,736";"0,000";"0,000";"0,000";
"20/12/2023 01:10";"0,972";"0,000";"0,815";"0,000";"1,115";"0,000";"2,903";"0,000";"0,088";"0,000";"0,000";"0,344";"0,972";"0,815";"1,115";"2,903";"0,000";"0,000";"0,000";
"20/12/2023 01:20";"0,963";"0,000";"0,630";"0,000";"0,773";"0,000";"2,367";"0,000";"0,019";"0,000";"0,000";"0,234";"0,963";"0,630";"0,773";"2,367";"0,000";"0,000";"0,000";
"20/12/2023 01:30";"0,823";"0,000";"0,778";"0,000";"0,943";"0,000";"2,544";"0,000";"0,127";"0,000";"0,000";"0,201";"0,823";"0,778";"0,943";"2,544";"0,000";"0,000";"0,000";
"20/12/2023 01:40";"0,881";"0,000";"0,826";"0,000";"1,032";"0,000";"2,739";"0,000";"0,098";"0,000";"0,000";"0,258";"0,881";"0,826";"1,032";"2,739";"0,000";"0,000";"0,000";
"20/12/2023 01:50";"0,847";"0,000";"0,765";"0,000";"1,015";"0,000";"2,627";"0,000";"0,078";"0,000";"0,000";"0,449";"0,847";"0,765";"1,015";"2,627";"0,000";"0,000";"0,000";
"20/12/2023 02:00";"0,720";"0,000";"0,667";"0,000";"0,917";"0,000";"2,304";"0,000";"0,020";"0,000";"0,000";"0,198";"0,720";"0,667";"0,917";"2,304";"0,000";"0,000";"0,000";
"20/12/2023 02:10";"0,790";"0,000";"0,759";"0,000";"1,008";"0,000";"2,556";"0,000";"0,031";"0,000";"0,000";"0,247";"0,790";"0,759";"1,008";"2,556";"0,000";"0,000";"0,000";
"20/12/2023 02:20";"0,891";"0,000";"0,812";"0,000";"0,694";"0,000";"2,397";"0,000";"0,091";"0,000";"0,000";"0,256";"0,891";"0,812";"0,694";"2,397";"0,000";"0,000";"0,000";
"20/12/2023 02:30";"0,698";"0,000";"0,630";"0,000";"0,405";"0,000";"1,733";"0,000";"0,025";"0,000";"0,000";"0,240";"0,698";"0,630";"0,405";"1,733";"0,000";"0,000";"0,000";
"20/12/2023 02:40";"0,831";"0,000";"0,749";"0,000";"0,553";"0,000";"2,133";"0,000";"0,020";"0,000";"0,000";"0,114";"0,831";"0,749";"0,553";"2,133";"0,000";"0,000";"0,000";
"20/12/2023 02:50";"0,900";"0,000";"0,849";"0,000";"0,599";"0,000";"2,349";"0,000";"0,100";"0,000";"0,000";"0,253";"0,900";"0,849";"0,599";"2,349";"0,000";"0,000";"0,000";
"20/12/2023 03:00";"1,134";"0,000";"0,871";"0,000";"0,624";"0,000";"2,629";"0,000";"0,111";"0,000";"0,000";"0,332";"1,134";"0,871";"0,624";"2,629";"0,000";"0,000";"0,000";
"20/12/2023 03:10";"0,761";"0,000";"0,589";"0,000";"0,358";"0,000";"1,708";"0,000";"0,025";"0,000";"0,000";"0,316";"0,761";"0,589";"0,358";"1,708";"0,000";"0,000";"0,000";
"20/12/2023 03:20";"0,832";"0,000";"0,763";"0,000";"0,538";"0,000";"2,132";"0,000";"0,057";"0,000";"0,000";"0,278";"0,832";"0,763";"0,538";"2,132";"0,000";"0,000";"0,000";
"20/12/2023 03:30";"0,886";"0,000";"0,802";"0,000";"0,585";"0,000";"2,273";"0,000";"0,100";"0,000";"0,000";"0,307";"0,886";"0,802";"0,585";"2,273";"0,000";"0,000";"0,000";
"20/12/2023 03:40";"0,884";"0,000";"0,822";"0,000";"0,807";"0,000";"2,513";"0,000";"0,042";"0,000";"0,000";"0,332";"0,884";"0,822";"0,807";"2,513";"0,000";"0,000";"0,000";
"20/12/2023 03:50";"0,893";"0,000";"0,802";"0,000";"1,010";"0,000";"2,705";"0,000";"0,037";"0,000";"0,000";"0,363";"0,893";"0,802";"1,010";"2,705";"0,000";"0,000";"0,000";
"20/12/2023 04:00";"0,716";"0,000";"0,633";"0,000";"0,870";"0,000";"2,218";"0,000";"0,000";"0,000";"0,000";"0,287";"0,716";"0,633";"0,870";"2,218";"0,000";"0,000";"0,000";
"20/12/2023 04:10";"0,896";"0,000";"0,828";"0,000";"1,118";"0,000";"2,841";"0,000";"0,101";"0,000";"0,000";"0,335";"0,896";"0,828";"1,118";"2,841";"0,000";"0,000";"0,000";
"20/12/2023 04:20";"0,874";"0,000";"0,817";"0,000";"1,101";"0,000";"2,791";"0,000";"0,086";"0,000";"0,000";"0,357";"0,874";"0,817";"1,101";"2,791";"0,000";"0,000";"0,000";
"20/12/2023 04:30";"0,815";"0,000";"0,747";"0,000";"1,013";"0,000";"2,575";"0,000";"0,135";"0,000";"0,000";"0,373";"0,815";"0,747";"1,013";"2,575";"0,000";"0,000";"0,000";
"20/12/2023 04:40";"0,677";"0,000";"0,626";"0,000";"0,902";"0,000";"2,205";"0,000";"0,019";"0,000";"0,000";"0,169";"0,677";"0,626";"0,902";"2,205";"0,000";"0,000";"0,000";
"20/12/2023 04:50";"0,853";"0,000";"0,790";"0,000";"1,061";"0,000";"2,705";"0,000";"0,099";"0,000";"0,000";"0,343";"0,853";"0,790";"1,061";"2,705";"0,000";"0,000";"0,000";
"20/12/2023 05:00";"1,097";"0,000";"0,814";"0,000";"1,094";"0,000";"3,005";"0,000";"0,048";"0,000";"0,000";"0,377";"1,097";"0,814";"1,094";"3,005";"0,000";"0,000";"0,000";
"20/12/2023 05:10";"0,987";"0,000";"0,766";"0,000";"1,095";"0,000";"2,848";"0,000";"0,091";"0,000";"0,000";"0,424";"0,987";"0,766";"1,095";"2,848";"0,000";"0,000";"0,000";
"20/12/2023 05:20";"0,811";"0,000";"0,705";"0,000";"0,961";"0,000";"2,477";"0,000";"0,004";"0,000";"0,000";"0,267";"0,811";"0,705";"0,961";"2,477";"0,000";"0,000";"0,000";
"20/12/2023 05:30";"1,241";"0,000";"1,065";"0,000";"1,237";"0,000";"3,544";"0,000";"0,062";"0,000";"0,000";"0,251";"1,241";"1,065";"1,237";"3,544";"0,000";"0,000";"0,000";
"20/12/2023 05:40";"2,078";"0,000";"1,502";"0,000";"1,586";"0,000";"5,166";"0,000";"0,173";"0,000";"0,000";"0,150";"2,078";"1,502";"1,586";"5,166";"0,000";"0,000";"0,000";
"20/12/2023 05:50";"2,446";"0,000";"1,648";"0,000";"2,139";"0,000";"6,233";"0,000";"0,059";"0,000";"0,000";"0,305";"2,446";"1,648";"2,139";"6,233";"0,000";"0,000";"0,000";
"20/12/2023 06:00";"2,548";"0,000";"2,007";"0,000";"2,801";"0,000";"7,356";"0,000";"0,814";"0,000";"0,000";"0,161";"2,548";"2,007";"2,801";"7,356";"0,000";"0,000";"0,000";
"20/12/2023 06:10";"6,923";"0,000";"6,293";"0,000";"7,542";"0,000";"20,758";"0,000";"2,356";"0,000";"0,000";"0,292";"6,923";"6,293";"7,542";"20,758";"0,000";"0,000";"0,000";
"20/12/2023 06:20";"7,324";"0,000";"6,728";"0,000";"8,224";"0,000";"22,275";"0,000";"1,970";"0,000";"0,000";"0,242";"7,324";"6,728";"8,224";"22,275";"0,000";"0,000";"0,000";
"20/12/2023 06:30";"7,235";"0,000";"6,634";"0,000";"8,234";"0,000";"22,103";"0,000";"1,961";"0,000";"0,000";"0,364";"7,235";"6,634";"8,234";"22,103";"0,000";"0,000";"0,000";
"20/12/2023 06:40";"6,509";"0,000";"5,922";"0,000";"7,329";"0,000";"19,760";"0,000";"1,879";"0,000";"0,000";"0,214";"6,509";"5,922";"7,329";"19,760";"0,000";"0,000";"0,000";
"20/12/2023 06:50";"6,998";"0,000";"6,394";"0,000";"7,759";"0,000";"21,150";"0,000";"1,797";"0,000";"0,000";"0,038";"6,998";"6,394";"7,759";"21,150";"0,000";"0,000";"0,000";
"20/12/2023 07:00";"7,517";"0,000";"6,956";"0,000";"8,144";"0,000";"22,617";"0,000";"3,504";"0,000";"0,000";"0,006";"7,517";"6,956";"8,144";"22,617";"0,000";"0,000";"0,000";
"20/12/2023 07:10";"7,450";"0,000";"7,033";"0,000";"8,437";"0,000";"22,920";"0,000";"2,897";"0,000";"0,000";"0,011";"7,450";"7,033";"8,437";"22,920";"0,000";"0,000";"0,000";
"20/12/2023 07:20";"7,235";"0,000";"6,780";"0,000";"8,290";"0,000";"22,305";"0,000";"1,669";"0,000";"0,000";"0,036";"7,235";"6,780";"8,290";"22,305";"0,000";"0,000";"0,000";
"20/12/2023 07:30";"6,877";"0,000";"6,485";"0,000";"7,799";"0,000";"21,161";"0,000";"0,870";"0,000";"0,000";"0,057";"6,877";"6,485";"7,799";"21,161";"0,000";"0,000";"0,000";
"20/12/2023 07:40";"7,357";"0,000";"6,739";"0,000";"8,113";"0,000";"22,209";"0,000";"1,348";"0,000";"0,000";"0,062";"7,357";"6,739";"8,113";"22,209";"0,000";"0,000";"0,000";
"20/12/2023 07:50";"7,784";"0,000";"7,152";"0,000";"8,403";"0,000";"23,339";"0,000";"1,421";"0,000";"0,000";"0,075";"7,784";"7,152";"8,403";"23,339";"0,000";"0,000";"0,000";
"20/12/2023 08:00";"7,625";"0,000";"7,316";"0,000";"8,345";"0,000";"23,286";"0,000";"1,857";"0,000";"0,000";"0,017";"7,625";"7,316";"8,345";"23,286";"0,000";"0,000";"0,000";
"20/12/2023 08:10";"8,575";"0,000";"8,115";"0,000";"9,165";"0,000";"25,855";"0,000";"3,144";"0,000";"0,000";"0,004";"8,575";"8,115";"9,165";"25,855";"0,000";"0,000";"0,000";
"20/12/2023 08:20";"8,034";"0,000";"7,546";"0,000";"8,582";"0,000";"24,162";"0,000";"2,439";"0,000";"0,000";"0,005";"8,034";"7,546";"8,582";"24,162";"0,000";"0,000";"0,000";
"20/12/2023 08:30";"8,133";"0,000";"7,806";"0,000";"8,947";"0,000";"24,886";"0,000";"2,751";"0,000";"0,000";"0,003";"8,133";"7,806";"8,947";"24,886";"0,000";"0,000";"0,000";
"20/12/2023 08:40";"7,197";"0,000";"6,868";"0,000";"8,192";"0,000";"22,256";"0,000";"1,940";"0,000";"0,000";"0,014";"7,197";"6,868";"8,192";"22,256";"0,000";"0,000";"0,000";
"20/12/2023 08:50";"7,901";"0,000";"7,401";"0,000";"8,803";"0,000";"24,105";"0,000";"2,001";"0,000";"0,000";"0,035";"7,901";"7,401";"8,803";"24,104";"0,000";"0,000";"0,000";
"20/12/2023 09:00";"9,121";"0,000";"8,538";"0,000";"9,888";"0,000";"27,547";"0,000";"2,837";"0,000";"0,000";"0,005";"9,124";"8,541";"9,891";"27,556";"0,009";"0,005";"0,004";
"20/12/2023 09:10";"9,128";"0,000";"8,600";"0,000";"9,833";"0,000";"27,561";"0,000";"2,574";"0,000";"0,000";"0,000";"9,145";"8,617";"9,850";"27,612";"0,051";"0,027";"0,024";
"20/12/2023 09:20";"6,490";"0,000";"6,242";"0,000";"7,508";"0,000";"20,240";"0,000";"1,257";"0,000";"0,000";"0,018";"6,575";"6,327";"7,594";"20,496";"0,256";"0,135";"0,121";
"20/12/2023 09:30";"6,490";"0,000";"5,980";"0,000";"7,329";"0,000";"19,799";"0,000";"1,541";"0,000";"0,000";"0,019";"6,642";"6,132";"7,482";"20,257";"0,458";"0,261";"0,197";
"20/12/2023 09:40";"7,051";"0,000";"6,455";"0,000";"8,029";"0,000";"21,535";"0,000";"2,227";"0,000";"0,000";"0,000";"7,189";"6,593";"8,167";"21,949";"0,414";"0,219";"0,195";
"20/12/2023 09:50";"6,159";"0,000";"5,672";"0,000";"7,237";"0,000";"19,067";"0,000";"1,121";"0,000";"0,000";"0,161";"6,299";"5,811";"7,376";"19,485";"0,418";"0,221";"0,197";
"20/12/2023 10:00";"5,922";"0,000";"5,358";"0,000";"6,640";"0,000";"17,920";"0,000";"0,436";"0,000";"0,000";"0,314";"6,046";"5,481";"6,763";"18,290";"0,370";"0,192";"0,178";
"20/12/2023 10:10";"7,175";"0,000";"6,750";"0,000";"7,827";"0,000";"21,752";"0,000";"0,817";"0,000";"0,000";"0,210";"7,288";"6,864";"7,940";"22,092";"0,340";"0,175";"0,165";
"20/12/2023 10:20";"6,188";"0,000";"5,658";"0,000";"6,926";"0,000";"18,772";"0,000";"0,658";"0,000";"0,000";"0,258";"6,303";"5,772";"7,041";"19,116";"0,344";"0,177";"0,167";
"20/12/2023 10:30";"7,800";"0,000";"7,382";"0,000";"8,974";"0,000";"24,156";"0,000";"1,320";"0,000";"0,000";"0,124";"7,937";"7,519";"9,110";"24,566";"0,410";"0,210";"0,200";
"20/12/2023 10:40";"7,934";"0,000";"7,344";"0,000";"8,897";"0,000";"24,174";"0,000";"2,151";"0,000";"0,000";"0,062";"8,292";"7,702";"9,255";"25,249";"1,075";"0,546";"0,529";
"20/12/2023 10:50";"7,323";"0,000";"6,538";"0,000";"7,983";"0,000";"21,843";"0,000";"0,978";"0,000";"0,000";"0,235";"7,690";"6,905";"8,350";"22,945";"1,102";"0,561";"0,541";
"20/12/2023 11:00";"7,096";"0,000";"6,429";"0,000";"7,731";"0,000";"21,256";"0,000";"1,501";"0,000";"0,000";"0,094";"7,403";"6,736";"8,038";"22,177";"0,921";"0,469";"0,452";
"20/12/2023 11:10";"7,032";"0,000";"6,510";"0,000";"7,884";"0,000";"21,425";"0,000";"1,453";"0,000";"0,000";"0,173";"7,292";"6,770";"8,144";"22,205";"0,780";"0,397";"0,383";
"20/12/2023 11:20";"6,664";"0,000";"6,186";"0,000";"7,571";"0,000";"20,421";"0,000";"1,178";"0,000";"0,000";"0,195";"7,179";"6,701";"8,086";"21,966";"1,545";"0,783";"0,762";
"20/12/2023 11:30";"6,951";"0,000";"6,432";"0,000";"7,798";"0,000";"21,180";"0,000";"0,898";"0,000";"0,000";"0,262";"7,743";"7,223";"8,589";"23,555";"2,375";"1,217";"1,158";
"20/12/2023 11:40";"7,606";"0,000";"6,915";"0,000";"8,171";"0,000";"22,692";"0,000";"0,806";"0,000";"0,000";"0,252";"8,295";"7,604";"8,860";"24,758";"2,066";"1,049";"1,017";
"20/12/2023 11:50";"8,582";"0,000";"7,950";"0,000";"9,126";"0,000";"25,658";"0,000";"1,323";"0,000";"0,000";"0,076";"9,024";"8,393";"9,569";"26,986";"1,328";"0,675";"0,653";
"20/12/2023 12:00";"9,032";"0,000";"8,441";"0,000";"9,909";"0,000";"27,381";"0,000";"2,122";"0,000";"0,000";"0,057";"9,913";"9,322";"10,790";"30,025";"2,644";"1,354";"1,290";
"20/12/2023 12:10";"9,206";"0,000";"8,697";"0,000";"9,877";"0,000";"27,779";"0,000";"2,375";"0,000";"0,000";"0,027";"10,946";"10,438";"11,618";"33,001";"5,222";"2,691";"2,531";
"20/12/2023 12:20";"9,007";"0,000";"8,463";"0,000";"9,633";"0,000";"27,104";"0,000";"2,029";"0,000";"0,000";"0,089";"10,604";"10,060";"11,230";"31,895";"4,791";"2,437";"2,354";
"20/12/2023 12:30";"8,808";"0,000";"8,181";"0,000";"9,346";"0,000";"26,334";"0,000";"2,422";"0,000";"0,000";"0,043";"10,139";"9,512";"10,677";"30,327";"3,993";"2,021";"1,972";
"20/12/2023 12:40";"7,015";"0,000";"6,324";"0,000";"7,675";"0,000";"21,014";"0,000";"1,652";"0,000";"0,000";"0,031";"7,787";"7,096";"8,447";"23,330";"2,316";"1,173";"1,143";
"20/12/2023 12:50";"7,557";"0,000";"6,842";"0,000";"7,850";"0,000";"22,248";"0,000";"3,472";"0,000";"0,000";"0,002";"9,186";"8,471";"9,479";"27,136";"4,887";"2,474";"2,413";
"20/12/2023 13:00";"6,492";"0,000";"5,737";"0,000";"6,916";"0,000";"19,145";"0,000";"1,340";"0,000";"0,000";"0,092";"8,338";"7,583";"8,762";"24,683";"5,538";"2,801";"2,737";
"20/12/2023 13:10";"6,786";"0,000";"5,772";"0,000";"6,916";"0,000";"19,474";"0,000";"1,749";"0,000";"0,000";"0,189";"8,319";"7,305";"8,448";"24,071";"4,597";"2,331";"2,266";
"20/12/2023 13:20";"6,456";"0,000";"5,537";"0,000";"6,709";"0,000";"18,702";"0,000";"1,382";"0,000";"0,000";"0,309";"7,152";"6,232";"7,404";"20,789";"2,087";"1,059";"1,028";
"20/12/2023 13:30";"6,311";"0,000";"5,615";"0,000";"6,796";"0,000";"18,723";"0,000";"0,796";"0,000";"0,000";"0,277";"7,917";"7,221";"8,402";"23,541";"4,818";"2,442";"2,376";
"20/12/2023 13:40";"5,077";"0,000";"4,358";"0,000";"5,320";"0,000";"14,754";"0,000";"1,916";"0,000";"0,000";"0,427";"6,072";"5,354";"6,315";"17,741";"2,987";"1,517";"1,470";
"20/12/2023 13:50";"4,039";"0,000";"3,322";"0,000";"4,221";"0,000";"11,583";"0,000";"1,104";"0,000";"0,000";"0,287";"4,924";"4,207";"5,105";"14,236";"2,653";"1,346";"1,307";
"20/12/2023 14:00";"3,439";"0,000";"2,805";"0,000";"3,788";"0,000";"10,031";"0,000";"1,624";"0,000";"0,000";"0,208";"5,088";"4,454";"5,437";"14,980";"4,949";"2,520";"2,429";
"20/12/2023 14:10";"4,414";"0,000";"3,963";"0,000";"5,088";"0,000";"13,465";"0,000";"0,958";"0,000";"0,000";"0,378";"5,213";"4,762";"5,887";"15,862";"2,397";"1,219";"1,178";
"20/12/2023 14:20";"5,511";"0,000";"4,996";"0,000";"6,067";"0,000";"16,574";"0,000";"1,045";"0,000";"0,000";"0,388";"6,093";"5,577";"6,649";"18,318";"1,744";"0,886";"0,858";
"20/12/2023 14:30";"5,679";"0,000";"5,251";"0,000";"6,272";"0,000";"17,202";"0,000";"1,102";"0,000";"0,000";"0,320";"6,067";"5,640";"6,660";"18,367";"1,165";"0,593";"0,572";
"20/12/2023 14:40";"5,394";"0,000";"4,969";"0,000";"6,018";"0,000";"16,380";"0,000";"0,835";"0,000";"0,000";"0,372";"5,869";"5,444";"6,493";"17,805";"1,425";"0,723";"0,702";
"20/12/2023 14:50";"4,855";"0,000";"4,346";"0,000";"5,571";"0,000";"14,773";"0,000";"1,052";"0,000";"0,000";"0,346";"5,396";"4,887";"6,111";"16,394";"1,621";"0,823";"0,798";
"20/12/2023 15:00";"4,391";"0,000";"3,982";"0,000";"5,286";"0,000";"13,659";"0,000";"0,827";"0,000";"0,000";"0,188";"4,800";"4,391";"5,695";"14,887";"1,228";"0,625";"0,603";
"20/12/2023 15:10";"4,113";"0,000";"3,668";"0,000";"4,984";"0,000";"12,765";"0,000";"0,813";"0,000";"0,000";"0,326";"5,529";"5,084";"6,400";"17,012";"4,247";"2,165";"2,082";
"20/12/2023 15:20";"4,305";"0,000";"3,827";"0,000";"5,129";"0,000";"13,261";"0,000";"0,942";"0,000";"0,000";"0,396";"5,663";"5,185";"6,487";"17,334";"4,073";"2,069";"2,004";
"20/12/2023 15:30";"5,140";"0,000";"4,665";"0,000";"5,921";"0,000";"15,727";"0,000";"1,807";"0,000";"0,000";"0,274";"5,534";"5,058";"6,315";"16,907";"1,180";"0,605";"0,575";
"20/12/2023 15:40";"5,179";"0,000";"4,671";"0,000";"5,957";"0,000";"15,807";"0,000";"1,218";"0,000";"0,000";"0,443";"6,251";"5,744";"7,029";"19,024";"3,217";"1,629";"1,588";
"20/12/2023 15:50";"6,471";"0,000";"6,034";"0,000";"7,255";"0,000";"19,760";"0,000";"1,826";"0,000";"0,000";"0,248";"7,357";"6,919";"8,140";"22,416";"2,656";"1,347";"1,309";
"20/12/2023 16:00";"6,547";"0,000";"6,106";"0,000";"7,234";"0,000";"19,888";"0,000";"1,702";"0,000";"0,000";"0,291";"7,589";"7,149";"8,277";"23,015";"3,127";"1,593";"1,534";
"20/12/2023 16:10";"6,724";"0,000";"6,256";"0,000";"7,330";"0,000";"20,310";"0,000";"1,485";"0,000";"0,000";"0,293";"7,113";"6,645";"7,719";"21,477";"1,167";"0,597";"0,570";
"20/12/2023 16:20";"6,736";"0,000";"6,234";"0,000";"7,419";"0,000";"20,389";"0,000";"1,718";"0,000";"0,000";"0,263";"7,051";"6,549";"7,733";"21,333";"0,944";"0,486";"0,458";
"20/12/2023 16:30";"6,566";"0,000";"6,119";"0,000";"7,301";"0,000";"19,986";"0,000";"1,285";"0,000";"0,000";"0,365";"6,779";"6,332";"7,514";"20,625";"0,639";"0,330";"0,309";
"20/12/2023 16:40";"6,370";"0,000";"5,955";"0,000";"7,103";"0,000";"19,428";"0,000";"1,340";"0,000";"0,000";"0,320";"6,594";"6,179";"7,327";"20,100";"0,672";"0,345";"0,327";
"20/12/2023 16:50";"6,044";"0,000";"5,599";"0,000";"6,768";"0,000";"18,411";"0,000";"1,038";"0,000";"0,000";"0,328";"6,214";"5,768";"6,938";"18,920";"0,509";"0,262";"0,247";
"20/12/2023 17:00";"4,361";"0,000";"3,992";"0,000";"5,263";"0,000";"13,616";"0,000";"0,650";"0,000";"0,000";"0,175";"4,521";"4,152";"5,423";"14,096";"0,480";"0,249";"0,231";
"20/12/2023 17:10";"5,055";"0,000";"4,545";"0,000";"5,791";"0,000";"15,391";"0,000";"1,028";"0,000";"0,000";"0,310";"5,158";"4,648";"5,893";"15,699";"0,308";"0,159";"0,149";
"20/12/2023 17:20";"5,224";"0,000";"4,689";"0,000";"5,883";"0,000";"15,796";"0,000";"1,351";"0,000";"0,000";"0,418";"5,342";"4,808";"6,001";"16,151";"0,355";"0,182";"0,173";
"20/12/2023 17:30";"5,490";"0,000";"4,887";"0,000";"6,093";"0,000";"16,470";"0,000";"1,280";"0,000";"0,000";"0,367";"5,511";"4,908";"6,115";"16,534";"0,064";"0,034";"0,030";
"20/12/2023 17:40";"5,391";"0,000";"4,894";"0,000";"6,075";"0,000";"16,360";"0,000";"1,250";"0,000";"0,000";"0,332";"5,393";"4,895";"6,076";"16,365";"0,005";"0,003";"0,002";
"20/12/2023 17:50";"5,396";"0,000";"4,811";"0,000";"6,013";"0,000";"16,220";"0,000";"1,246";"0,000";"0,000";"0,430";"5,400";"4,815";"6,017";"16,232";"0,012";"0,006";"0,006";
"20/12/2023 18:00";"5,549";"0,000";"4,958";"0,000";"6,107";"0,000";"16,614";"0,000";"1,195";"0,000";"0,000";"0,418";"5,549";"4,958";"6,107";"16,614";"0,000";"0,000";"0,000";
"20/12/2023 18:10";"7,110";"0,000";"6,475";"0,000";"7,476";"0,000";"21,060";"0,000";"1,487";"0,000";"0,000";"0,322";"7,110";"6,475";"7,476";"21,060";"0,000";"0,000";"0,000";
"20/12/2023 18:20";"7,080";"0,000";"6,437";"0,000";"7,430";"0,000";"20,947";"0,000";"1,504";"0,000";"0,000";"0,290";"7,080";"6,437";"7,430";"20,947";"0,000";"0,000";"0,000";
"20/12/2023 18:30";"7,013";"0,000";"6,393";"0,000";"7,409";"0,000";"20,815";"0,000";"1,658";"0,000";"0,000";"0,307";"7,013";"6,393";"7,409";"20,815";"0,000";"0,000";"0,000";
"20/12/2023 18:40";"6,582";"0,000";"6,022";"0,000";"7,050";"0,000";"19,653";"0,000";"1,496";"0,000";"0,000";"0,322";"6,582";"6,022";"7,050";"19,653";"0,000";"0,000";"0,000";
"20/12/2023 18:50";"5,930";"0,000";"5,400";"0,000";"6,477";"0,000";"17,807";"0,000";"0,925";"0,000";"0,000";"0,434";"5,930";"5,400";"6,477";"17,807";"0,000";"0,000";"0,000";
"20/12/2023 19:00";"4,743";"0,000";"4,384";"0,000";"5,390";"0,000";"14,516";"0,000";"0,687";"0,000";"0,000";"0,235";"4,743";"4,384";"5,390";"14,516";"0,000";"0,000";"0,000";
"20/12/2023 19:10";"5,125";"0,000";"4,761";"0,000";"5,892";"0,000";"15,778";"0,000";"0,720";"0,000";"0,000";"0,164";"5,125";"4,761";"5,892";"15,778";"0,000";"0,000";"0,000";
"20/12/2023 19:20";"6,543";"0,000";"6,155";"0,000";"7,225";"0,000";"19,923";"0,000";"1,077";"0,000";"0,000";"0,409";"6,543";"6,155";"7,225";"19,923";"0,000";"0,000";"0,000";
"20/12/2023 19:30";"6,404";"0,000";"6,124";"0,000";"7,160";"0,000";"19,688";"0,000";"1,610";"0,000";"0,000";"0,267";"6,404";"6,124";"7,160";"19,688";"0,000";"0,000";"0,000";
"20/12/2023 19:40";"6,271";"0,000";"5,997";"0,000";"7,037";"0,000";"19,305";"0,000";"1,008";"0,000";"0,000";"0,370";"6,271";"5,997";"7,037";"19,305";"0,000";"0,000";"0,000";
"20/12/2023 19:50";"6,339";"0,000";"6,027";"0,000";"6,937";"0,000";"19,303";"0,000";"1,020";"0,000";"0,000";"0,438";"6,339";"6,027";"6,937";"19,303";"0,000";"0,000";"0,000";
"20/12/2023 20:00";"4,551";"0,000";"4,203";"0,000";"5,268";"0,000";"14,022";"0,000";"0,566";"0,000";"0,000";"0,240";"4,551";"4,203";"5,268";"14,022";"0,000";"0,000";"0,000";
"20/12/2023 20:10";"4,389";"0,000";"4,010";"0,000";"5,039";"0,000";"13,439";"0,000";"0,473";"0,000";"0,000";"0,097";"4,389";"4,010";"5,039";"13,439";"0,000";"0,000";"0,000";
"20/12/2023 20:20";"4,539";"0,000";"4,164";"0,000";"5,118";"0,000";"13,821";"0,000";"0,610";"0,000";"0,000";"0,199";"4,539";"4,164";"5,118";"13,821";"0,000";"0,000";"0,000";
"20/12/2023 20:30";"1,976";"0,000";"1,426";"0,000";"2,131";"0,000";"5,533";"0,000";"0,249";"0,000";"0,000";"0,554";"1,976";"1,426";"2,131";"5,533";"0,000";"0,000";"0,000";
"20/12/2023 20:40";"1,268";"0,000";"0,703";"0,000";"0,926";"0,000";"2,896";"0,000";"0,000";"0,000";"0,000";"0,352";"1,268";"0,703";"0,926";"2,896";"0,000";"0,000";"0,000";
"20/12/2023 20:50";"1,353";"0,000";"0,859";"0,000";"0,986";"0,000";"3,197";"0,000";"0,119";"0,000";"0,000";"0,406";"1,353";"0,859";"0,986";"3,197";"0,000";"0,000";"0,000";
"20/12/2023 21:00";"1,182";"0,000";"0,844";"0,000";"0,980";"0,000";"3,006";"0,000";"0,108";"0,000";"0,000";"0,435";"1,182";"0,844";"0,980";"3,006";"0,000";"0,000";"0,000";
"20/12/2023 21:10";"0,981";"0,000";"0,699";"0,000";"0,833";"0,000";"2,514";"0,000";"0,000";"0,000";"0,000";"0,330";"0,981";"0,699";"0,833";"2,514";"0,000";"0,000";"0,000";
"20/12/2023 21:20";"1,143";"0,000";"0,866";"0,000";"1,074";"0,000";"3,083";"0,000";"0,141";"0,000";"0,000";"0,288";"1,143";"0,866";"1,074";"3,083";"0,000";"0,000";"0,000";
"20/12/2023 21:30";"1,241";"0,000";"0,832";"0,000";"1,110";"0,000";"3,183";"0,000";"0,176";"0,000";"0,000";"0,430";"1,241";"0,832";"1,110";"3,183";"0,000";"0,000";"0,000";
"20/12/2023 21:40";"1,194";"0,000";"0,676";"0,000";"0,938";"0,000";"2,808";"0,000";"0,000";"0,000";"0,000";"0,350";"1,194";"0,676";"0,938";"2,808";"0,000";"0,000";"0,000";
"20/12/2023 21:50";"1,114";"0,000";"0,855";"0,000";"1,127";"0,000";"3,096";"0,000";"0,148";"0,000";"0,000";"0,380";"1,114";"0,855";"1,127";"3,096";"0,000";"0,000";"0,000";
"20/12/2023 22:00";"1,118";"0,000";"0,857";"0,000";"1,141";"0,000";"3,117";"0,000";"0,151";"0,000";"0,000";"0,309";"1,118";"0,857";"1,141";"3,117";"0,000";"0,000";"0,000";
"20/12/2023 22:10";"0,876";"0,000";"0,643";"0,000";"0,919";"0,000";"2,439";"0,000";"0,000";"0,000";"0,000";"0,398";"0,876";"0,643";"0,919";"2,439";"0,000";"0,000";"0,000";
"20/12/2023 22:20";"0,896";"0,000";"0,875";"0,000";"1,071";"0,000";"2,842";"0,000";"0,047";"0,000";"0,000";"0,378";"0,896";"0,875";"1,071";"2,842";"0,000";"0,000";"0,000";
"20/12/2023 22:30";"1,033";"0,000";"0,829";"0,000";"1,068";"0,000";"2,930";"0,000";"0,075";"0,000";"0,000";"0,248";"1,033";"0,829";"1,068";"2,930";"0,000";"0,000";"0,000";
"20/12/2023 22:40";"1,023";"0,000";"0,693";"0,000";"0,915";"0,000";"2,631";"0,000";"0,000";"0,000";"0,000";"0,314";"1,023";"0,693";"0,915";"2,631";"0,000";"0,000";"0,000";
"20/12/2023 22:50";"0,936";"0,000";"0,851";"0,000";"1,064";"0,000";"2,850";"0,000";"0,101";"0,000";"0,000";"0,392";"0,936";"0,851";"1,064";"2,850";"0,000";"0,000";"0,000";
"20/12/2023 23:00";"0,790";"0,000";"0,760";"0,000";"0,963";"0,000";"2,513";"0,000";"0,055";"0,000";"0,000";"0,240";"0,790";"0,760";"0,963";"2,513";"0,000";"0,000";"0,000";
"20/12/2023 23:10";"0,664";"0,000";"0,606";"0,000";"0,815";"0,000";"2,085";"0,000";"0,000";"0,000";"0,000";"0,152";"0,664";"0,606";"0,815";"2,085";"0,000";"0,000";"0,000";
"20/12/2023 23:20";"0,865";"0,000";"0,810";"0,000";"1,018";"0,000";"2,693";"0,000";"0,076";"0,000";"0,000";"0,251";"0,865";"0,810";"1,018";"2,693";"0,000";"0,000";"0,000";
"20/12/2023 23:30";"0,933";"0,000";"0,838";"0,000";"1,052";"0,000";"2,823";"0,000";"0,116";"0,000";"0,000";"0,388";"0,933";"0,838";"1,052";"2,823";"0,000";"0,000";"0,000";
"20/12/2023 23:40";"0,809";"0,000";"0,733";"0,000";"0,914";"0,000";"2,456";"0,000";"0,000";"0,000";"0,000";"0,300";"0,809";"0,733";"0,914";"2,456";"0,000";"0,000";"0,000";
"20/12/2023 23:50";"1,176";"0,000";"0,846";"0,000";"1,076";"0,000";"3,098";"0,000";"0,107";"0,000";"0,000";"0,372";"1,176";"0,846";"1,076";"3,098";"0,000";"0,000";"0,000";
"21/12/2023 00:00";"1,029";"0,000";"0,903";"0,000";"1,090";"0,000";"3,021";"0,000";"0,083";"0,000";"0,000";"0,286";"1,029";"0,903";"1,090";"3,021";"0,000";"0,000";"0,000";
"21/12/2023 00:10";"0,697";"0,000";"0,622";"0,000";"0,841";"0,000";"2,159";"0,000";"0,000";"0,000";"0,000";"0,298";"0,697";"0,622";"0,841";"2,159";"0,000";"0,000";"0,000";
"21/12/2023 00:20";"0,846";"0,000";"0,795";"0,000";"1,022";"0,000";"2,664";"0,000";"0,045";"0,000";"0,000";"0,327";"0,846";"0,795";"1,022";"2,664";"0,000";"0,000";"0,000";
"21/12/2023 00:30";"0,818";"0,000";"0,824";"0,000";"1,052";"0,000";"2,694";"0,000";"0,033";"0,000";"0,000";"0,195";"0,818";"0,824";"1,052";"2,694";"0,000";"0,000";"0,000";
"21/12/2023 00:40";"0,755";"0,000";"0,678";"0,000";"0,844";"0,000";"2,278";"0,000";"0,000";"0,000";"0,000";"0,362";"0,755";"0,678";"0,844";"2,278";"0,000";"0,000";"0,000";
"21/12/2023 00:50";"0,933";"0,000";"0,846";"0,000";"1,060";"0,000";"2,840";"0,000";"0,050";"0,000";"0,000";"0,360";"0,933";"0,846";"1,060";"2,840";"0,000";"0,000";"0,000";
"21/12/2023 01:00";"0,834";"0,000";"0,794";"0,000";"1,015";"0,000";"2,643";"0,000";"0,041";"0,000";"0,000";"0,321";"0,834";"0,794";"1,015";"2,643";"0,000";"0,000";"0,000";
"21/12/2023 01:10";"0,708";"0,000";"0,665";"0,000";"0,855";"0,000";"2,228";"0,000";"0,000";"0,000";"0,000";"0,240";"0,708";"0,665";"0,855";"2,228";"0,000";"0,000";"0,000";
"21/12/2023 01:20";"1,094";"0,000";"0,826";"0,000";"1,053";"0,000";"2,973";"0,000";"0,054";"0,000";"0,000";"0,327";"1,094";"0,826";"1,053";"2,973";"0,000";"0,000";"0,000";
"21/12/2023 01:30";"1,008";"0,000";"0,827";"0,000";"1,059";"0,000";"2,893";"0,000";"0,046";"0,000";"0,000";"0,370";"1,008";"0,827";"1,059";"2,893";"0,000";"0,000";"0,000";
"21/12/2023 01:40";"0,769";"0,000";"0,691";"0,000";"0,904";"0,000";"2,365";"0,000";"0,000";"0,000";"0,000";"0,336";"0,769";"0,691";"0,904";"2,365";"0,000";"0,000";"0,000";
"21/12/2023 01:50";"0,860";"0,000";"0,811";"0,000";"1,002";"0,000";"2,672";"0,000";"0,124";"0,000";"0,000";"0,213";"0,860";"0,811";"1,002";"2,672";"0,000";"0,000";"0,000";
"21/12/2023 02:00";"0,875";"0,000";"0,803";"0,000";"1,003";"0,000";"2,681";"0,000";"0,099";"0,000";"0,000";"0,248";"0,875";"0,803";"1,003";"2,681";"0,000";"0,000";"0,000";
"21/12/2023 02:10";"0,718";"0,000";"0,662";"0,000";"0,867";"0,000";"2,246";"0,000";"0,000";"0,000";"0,000";"0,309";"0,718";"0,662";"0,867";"2,246";"0,000";"0,000";"0,000";
"21/12/2023 02:20";"0,922";"0,000";"0,854";"0,000";"1,075";"0,000";"2,852";"0,000";"0,047";"0,000";"0,000";"0,348";"0,922";"0,854";"1,075";"2,852";"0,000";"0,000";"0,000";
"21/12/2023 02:30";"0,901";"0,000";"0,852";"0,000";"1,073";"0,000";"2,825";"0,000";"0,049";"0,000";"0,000";"0,377";"0,901";"0,852";"1,073";"2,825";"0,000";"0,000";"0,000";
"21/12/2023 02:40";"0,683";"0,000";"0,633";"0,000";"0,843";"0,000";"2,158";"0,000";"0,000";"0,000";"0,000";"0,274";"0,683";"0,633";"0,843";"2,158";"0,000";"0,000";"0,000";
"21/12/2023 02:50";"0,838";"0,000";"0,820";"0,000";"1,056";"0,000";"2,714";"0,000";"0,030";"0,000";"0,000";"0,382";"0,838";"0,820";"1,056";"2,714";"0,000";"0,000";"0,000";
"21/12/2023 03:00";"1,023";"0,000";"0,828";"0,000";"1,032";"0,000";"2,884";"0,000";"0,051";"0,000";"0,000";"0,352";"1,023";"0,828";"1,032";"2,884";"0,000";"0,000";"0,000";
"21/12/2023 03:10";"0,960";"0,000";"0,673";"0,000";"0,903";"0,000";"2,535";"0,000";"0,000";"0,000";"0,000";"0,335";"0,960";"0,673";"0,903";"2,535";"0,000";"0,000";"0,000";
"21/12/2023 03:20";"0,828";"0,000";"0,773";"0,000";"1,000";"0,000";"2,601";"0,000";"0,048";"0,000";"0,000";"0,193";"0,828";"0,773";"1,000";"2,601";"0,000";"0,000";"0,000";
"21/12/2023 03:30";"0,825";"0,000";"0,755";"0,000";"0,999";"0,000";"2,580";"0,000";"0,040";"0,000";"0,000";"0,180";"0,825";"0,755";"0,999";"2,580";"0,000";"0,000";"0,000";
"21/12/2023 03:40";"0,761";"0,000";"0,699";"0,000";"0,902";"0,000";"2,361";"0,000";"0,009";"0,000";"0,000";"0,302";"0,761";"0,699";"0,902";"2,361";"0,000";"0,000";"0,000";
"21/12/2023 03:50";"0,915";"0,000";"0,857";"0,000";"1,078";"0,000";"2,850";"0,000";"0,054";"0,000";"0,000";"0,366";"0,915";"0,857";"1,078";"2,850";"0,000";"0,000";"0,000";
"21/12/2023 04:00";"0,875";"0,000";"0,820";"0,000";"1,034";"0,000";"2,729";"0,000";"0,036";"0,000";"0,000";"0,383";"0,875";"0,820";"1,034";"2,729";"0,000";"0,000";"0,000";
"21/12/2023 04:10";"0,801";"0,000";"0,747";"0,000";"0,944";"0,000";"2,491";"0,000";"0,011";"0,000";"0,000";"0,351";"0,801";"0,747";"0,944";"2,491";"0,000";"0,000";"0,000";
"21/12/2023 04:20";"0,877";"0,000";"0,825";"0,000";"1,031";"0,000";"2,732";"0,000";"0,094";"0,000";"0,000";"0,246";"0,877";"0,825";"1,031";"2,732";"0,000";"0,000";"0,000";
"21/12/2023 04:30";"0,782";"0,000";"0,707";"0,000";"0,920";"0,000";"2,410";"0,000";"0,072";"0,000";"0,000";"0,354";"0,782";"0,707";"0,920";"2,410";"0,000";"0,000";"0,000";
"21/12/2023 04:40";"0,816";"0,000";"0,740";"0,000";"0,902";"0,000";"2,459";"0,000";"0,017";"0,000";"0,000";"0,275";"0,816";"0,740";"0,902";"2,459";"0,000";"0,000";"0,000";
"21/12/2023 04:50";"0,949";"0,000";"0,894";"0,000";"0,974";"0,000";"2,817";"0,000";"0,037";"0,000";"0,000";"0,375";"0,949";"0,894";"0,974";"2,817";"0,000";"0,000";"0,000";
"21/12/2023 05:00";"1,003";"0,000";"0,733";"0,000";"0,725";"0,000";"2,461";"0,000";"0,043";"0,000";"0,000";"0,280";"1,003";"0,733";"0,725";"2,461";"0,000";"0,000";"0,000";
"21/12/2023 05:10";"0,931";"0,000";"0,727";"0,000";"0,786";"0,000";"2,444";"0,000";"0,026";"0,000";"0,000";"0,254";"0,931";"0,727";"0,786";"2,444";"0,000";"0,000";"0,000";
"21/12/2023 05:20";"0,918";"0,000";"0,852";"0,000";"0,926";"0,000";"2,697";"0,000";"0,045";"0,000";"0,000";"0,372";"0,918";"0,852";"0,926";"2,697";"0,000";"0,000";"0,000";
"21/12/2023 05:30";"0,737";"0,000";"0,647";"0,000";"0,824";"0,000";"2,207";"0,000";"0,024";"0,000";"0,000";"0,405";"0,737";"0,647";"0,824";"2,207";"0,000";"0,000";"0,000";
"21/12/2023 05:40";"1,521";"0,000";"1,397";"0,000";"1,403";"0,000";"4,321";"0,000";"0,082";"0,000";"0,000";"0,169";"1,521";"1,397";"1,403";"4,321";"0,000";"0,000";"0,000";
"21/12/2023 05:50";"2,173";"0,000";"1,651";"0,000";"1,777";"0,000";"5,602";"0,000";"0,123";"0,000";"0,000";"0,327";"2,173";"1,651";"1,777";"5,602";"0,000";"0,000";"0,000";
"21/12/2023 06:00";"2,511";"0,000";"1,926";"0,000";"2,096";"0,000";"6,533";"0,000";"0,574";"0,000";"0,000";"0,097";"2,511";"1,926";"2,096";"6,533";"0,000";"0,000";"0,000";
"21/12/2023 06:10";"6,039";"0,000";"5,487";"0,000";"6,451";"0,000";"17,977";"0,000";"1,625";"0,000";"0,000";"0,220";"6,039";"5,487";"6,451";"17,977";"0,000";"0,000";"0,000";
"21/12/2023 06:20";"6,596";"0,000";"5,854";"0,000";"6,963";"0,000";"19,412";"0,000";"0,636";"0,000";"0,000";"0,319";"6,596";"5,854";"6,963";"19,412";"0,000";"0,000";"0,000";
"21/12/2023 06:30";"6,578";"0,000";"5,934";"0,000";"6,975";"0,000";"19,488";"0,000";"1,340";"0,000";"0,000";"0,293";"6,578";"5,934";"6,975";"19,488";"0,000";"0,000";"0,000";
"21/12/2023 06:40";"6,713";"0,000";"6,094";"0,000";"7,087";"0,000";"19,893";"0,000";"0,567";"0,000";"0,000";"0,332";"6,713";"6,094";"7,087";"19,893";"0,000";"0,000";"0,000";
"21/12/2023 06:50";"6,833";"0,000";"5,947";"0,000";"6,998";"0,000";"19,777";"0,000";"0,817";"0,000";"0,000";"0,162";"6,833";"5,947";"6,998";"19,777";"0,000";"0,000";"0,000";
"21/12/2023 07:00";"6,939";"0,000";"6,093";"0,000";"6,890";"0,000";"19,923";"0,000";"0,736";"0,000";"0,000";"0,360";"6,939";"6,093";"6,890";"19,923";"0,000";"0,000";"0,000";
"21/12/2023 07:10";"7,093";"0,000";"6,700";"0,000";"7,443";"0,000";"21,236";"0,000";"1,335";"0,000";"0,000";"0,040";"7,093";"6,700";"7,443";"21,236";"0,000";"0,000";"0,000";
"21/12/2023 07:20";"6,485";"0,000";"6,022";"0,000";"6,710";"0,000";"19,217";"0,000";"1,149";"0,000";"0,000";"0,212";"6,485";"6,022";"6,710";"19,217";"0,000";"0,000";"0,000";
"21/12/2023 07:30";"6,254";"0,000";"5,539";"0,000";"6,358";"0,000";"18,151";"0,000";"0,661";"0,000";"0,000";"0,217";"6,254";"5,539";"6,358";"18,151";"0,000";"0,000";"0,000";
"21/12/2023 07:40";"7,359";"0,000";"6,711";"0,000";"7,490";"0,000";"21,560";"0,000";"2,637";"0,000";"0,000";"0,000";"7,359";"6,711";"7,490";"21,560";"0,000";"0,000";"0,000";
"21/12/2023 07:50";"6,413";"0,000";"6,039";"0,000";"6,899";"0,000";"19,350";"0,000";"1,806";"0,000";"0,000";"0,000";"6,413";"6,039";"6,899";"19,350";"0,000";"0,000";"0,000";
"21/12/2023 08:00";"6,280";"0,000";"5,810";"0,000";"6,602";"0,000";"18,691";"0,000";"1,693";"0,000";"0,000";"0,057";"6,280";"5,810";"6,602";"18,691";"0,000";"0,000";"0,000";
"21/12/2023 08:10";"6,412";"0,000";"6,123";"0,000";"6,949";"0,000";"19,483";"0,000";"1,282";"0,000";"0,000";"0,062";"6,412";"6,123";"6,949";"19,483";"0,000";"0,000";"0,000";
"21/12/2023 08:20";"7,663";"0,000";"7,262";"0,000";"7,980";"0,000";"22,905";"0,000";"1,990";"0,000";"0,000";"0,015";"7,663";"7,262";"7,980";"22,905";"0,000";"0,000";"0,000";
"21/12/2023 08:30";"8,467";"0,000";"7,845";"0,000";"8,439";"0,000";"24,751";"0,000";"3,946";"0,000";"0,000";"0,000";"8,467";"7,845";"8,439";"24,751";"0,000";"0,000";"0,000";
"21/12/2023 08:40";"8,345";"0,000";"7,945";"0,000";"8,592";"0,000";"24,882";"0,000";"3,485";"0,000";"0,000";"0,003";"8,345";"7,945";"8,592";"24,882";"0,000";"0,000";"0,000";
"21/12/2023 08:50";"7,528";"0,000";"7,278";"0,000";"7,952";"0,000";"22,757";"0,000";"2,092";"0,000";"0,000";"0,018";"7,528";"7,278";"7,952";"22,757";"0,000";"0,000";"0,000";
"21/12/2023 09:00";"6,942";"0,000";"6,361";"0,000";"6,987";"0,000";"20,290";"0,000";"1,101";"0,000";"0,000";"0,193";"6,942";"6,361";"6,987";"20,290";"0,000";"0,000";"0,000";
"21/12/2023 09:10";"6,950";"0,000";"6,394";"0,000";"7,046";"0,000";"20,390";"0,000";"1,099";"0,000";"0,000";"0,150";"6,954";"6,398";"7,051";"20,404";"0,014";"0,007";"0,007";
"21/12/2023 09:20";"6,750";"0,000";"6,221";"0,000";"6,860";"0,000";"19,832";"0,000";"0,892";"0,000";"0,000";"0,237";"6,771";"6,242";"6,881";"19,895";"0,063";"0,033";"0,030";
"21/12/2023 09:30";"6,699";"0,000";"6,183";"0,000";"6,797";"0,000";"19,679";"0,000";"0,739";"0,000";"0,000";"0,210";"6,723";"6,207";"6,820";"19,750";"0,071";"0,037";"0,034";
"21/12/2023 09:40";"6,653";"0,000";"6,203";"0,000";"6,830";"0,000";"19,686";"0,000";"1,133";"0,000";"0,000";"0,225";"6,701";"6,252";"6,879";"19,832";"0,146";"0,076";"0,070";
"21/12/2023 09:50";"6,443";"0,000";"5,849";"0,000";"6,424";"0,000";"18,717";"0,000";"0,715";"0,000";"0,000";"0,217";"6,486";"5,892";"6,467";"18,844";"0,127";"0,066";"0,061";
"21/12/2023 10:00";"6,269";"0,000";"5,690";"0,000";"6,393";"0,000";"18,352";"0,000";"0,449";"0,000";"0,000";"0,380";"6,375";"5,795";"6,498";"18,668";"0,316";"0,162";"0,154";
"21/12/2023 10:10";"6,235";"0,000";"5,719";"0,000";"6,398";"0,000";"18,353";"0,000";"0,465";"0,000";"0,000";"0,334";"6,341";"5,825";"6,504";"18,671";"0,318";"0,163";"0,155";
"21/12/2023 10:20";"6,659";"0,000";"6,264";"0,000";"6,897";"0,000";"19,820";"0,000";"0,863";"0,000";"0,000";"0,295";"6,760";"6,365";"6,998";"20,123";"0,303";"0,155";"0,148";
"21/12/2023 10:30";"6,915";"0,000";"6,263";"0,000";"7,158";"0,000";"20,337";"0,000";"1,138";"0,000";"0,000";"0,143";"7,095";"6,443";"7,337";"20,875";"0,538";"0,274";"0,264";
"21/12/2023 10:40";"7,051";"0,000";"6,540";"0,000";"7,457";"0,000";"21,048";"0,000";"1,312";"0,000";"0,000";"0,099";"7,339";"6,828";"7,745";"21,912";"0,864";"0,440";"0,424";
"21/12/2023 10:50";"8,327";"0,000";"7,651";"0,000";"8,436";"0,000";"24,414";"0,000";"1,411";"0,000";"0,000";"0,088";"8,553";"7,878";"8,663";"25,094";"0,680";"0,347";"0,333";
"21/12/2023 11:00";"7,746";"0,000";"7,232";"0,000";"8,054";"0,000";"23,031";"0,000";"1,534";"0,000";"0,000";"0,108";"7,983";"7,469";"8,292";"23,744";"0,713";"0,363";"0,350";
"21/12/2023 11:10";"7,156";"0,000";"6,674";"0,000";"7,473";"0,000";"21,303";"0,000";"1,138";"0,000";"0,000";"0,145";"7,406";"6,924";"7,723";"22,053";"0,750";"0,383";"0,367";
"21/12/2023 11:20";"7,094";"0,000";"6,629";"0,000";"7,416";"0,000";"21,140";"0,000";"0,832";"0,000";"0,000";"0,133";"7,415";"6,950";"7,737";"22,101";"0,961";"0,488";"0,473";
"21/12/2023 11:30";"8,389";"0,000";"7,806";"0,000";"8,693";"0,000";"24,889";"0,000";"3,341";"0,000";"0,000";"0,024";"8,734";"8,151";"9,038";"25,923";"1,034";"0,525";"0,509";
"21/12/2023 11:40";"7,524";"0,000";"7,090";"0,000";"7,841";"0,000";"22,455";"0,000";"3,610";"0,000";"0,000";"0,108";"7,811";"7,377";"8,128";"23,316";"0,861";"0,438";"0,423";
"21/12/2023 11:50";"7,423";"0,000";"6,954";"0,000";"7,952";"0,000";"22,330";"0,000";"0,880";"0,000";"0,000";"0,208";"7,815";"7,346";"8,344";"23,506";"1,176";"0,598";"0,578";
"21/12/2023 12:00";"7,742";"0,000";"7,176";"0,000";"8,167";"0,000";"23,085";"0,000";"3,033";"0,000";"0,000";"0,051";"8,255";"7,689";"8,680";"24,624";"1,539";"0,780";"0,759";
"21/12/2023 12:10";"7,107";"0,000";"6,306";"0,000";"7,360";"0,000";"20,773";"0,000";"0,963";"0,000";"0,000";"0,158";"7,854";"7,052";"8,106";"23,013";"2,240";"1,140";"1,100";
"21/12/2023 12:20";"7,655";"0,000";"7,094";"0,000";"8,076";"0,000";"22,824";"0,000";"2,529";"0,000";"0,000";"0,083";"8,186";"7,625";"8,607";"24,418";"1,594";"0,811";"0,783";
"21/12/2023 12:30";"6,734";"0,000";"6,135";"0,000";"7,097";"0,000";"19,966";"0,000";"1,094";"0,000";"0,000";"0,342";"7,244";"6,645";"7,607";"21,495";"1,529";"0,774";"0,755";
"21/12/2023 12:40";"7,351";"0,000";"6,706";"0,000";"7,531";"0,000";"21,588";"0,000";"1,605";"0,000";"0,000";"0,175";"7,774";"7,129";"7,953";"22,856";"1,268";"0,644";"0,624";
"21/12/2023 12:50";"7,876";"0,000";"7,309";"0,000";"8,132";"0,000";"23,317";"0,000";"1,464";"0,000";"0,000";"0,300";"8,518";"7,951";"8,774";"25,242";"1,925";"0,974";"0,951";
"21/12/2023 13:00";"6,702";"0,000";"6,283";"0,000";"7,017";"0,000";"20,001";"0,000";"1,397";"0,000";"0,000";"0,174";"7,100";"6,681";"7,415";"21,197";"1,196";"0,608";"0,588";
"21/12/2023 13:10";"5,274";"0,000";"4,674";"0,000";"5,656";"0,000";"15,603";"0,000";"1,594";"0,000";"0,000";"0,224";"5,830";"5,229";"6,211";"17,269";"1,666";"0,844";"0,822";
"21/12/2023 13:20";"5,424";"0,000";"4,542";"0,000";"5,584";"0,000";"15,549";"0,000";"1,256";"0,000";"0,000";"0,155";"5,946";"5,064";"6,106";"17,116";"1,567";"0,795";"0,772";
"21/12/2023 13:30";"5,127";"0,000";"4,452";"0,000";"5,265";"0,000";"14,844";"0,000";"0,970";"0,000";"0,000";"0,177";"5,798";"5,122";"5,936";"16,856";"2,012";"1,018";"0,994";
"21/12/2023 13:40";"4,315";"0,000";"3,695";"0,000";"4,649";"0,000";"12,659";"0,000";"1,050";"0,000";"0,000";"0,449";"5,636";"5,015";"5,970";"16,621";"3,962";"2,006";"1,956";
"21/12/2023 13:50";"3,263";"0,000";"2,800";"0,000";"3,650";"0,000";"9,713";"0,000";"1,095";"0,000";"0,000";"0,519";"4,847";"4,384";"5,234";"14,465";"4,752";"2,418";"2,334";
"21/12/2023 14:00";"2,872";"0,000";"2,442";"0,000";"3,296";"0,000";"8,611";"0,000";"0,618";"0,000";"0,000";"0,235";"4,733";"4,303";"5,157";"14,194";"5,583";"2,845";"2,738";
"21/12/2023 14:10";"3,403";"0,000";"2,991";"0,000";"3,832";"0,000";"10,226";"0,000";"0,798";"0,000";"0,000";"0,340";"5,353";"4,941";"5,783";"16,077";"5,851";"2,968";"2,883";
"21/12/2023 14:20";"5,869";"0,000";"5,463";"0,000";"6,086";"0,000";"17,419";"0,000";"1,888";"0,000";"0,000";"0,211";"7,282";"6,876";"7,499";"21,658";"4,239";"2,151";"2,088";
"21/12/2023 14:30";"6,500";"0,000";"6,037";"0,000";"6,624";"0,000";"19,161";"0,000";"1,738";"0,000";"0,000";"0,253";"7,418";"6,955";"7,542";"21,916";"2,755";"1,397";"1,358";
"21/12/2023 14:40";"5,865";"0,000";"5,462";"0,000";"6,121";"0,000";"17,447";"0,000";"1,784";"0,000";"0,000";"0,225";"6,856";"6,453";"7,112";"20,420";"2,973";"1,510";"1,463";
"21/12/2023 14:50";"5,380";"0,000";"4,953";"0,000";"5,635";"0,000";"15,968";"0,000";"1,218";"0,000";"0,000";"0,360";"6,022";"5,595";"6,277";"17,894";"1,926";"0,978";"0,948";
"21/12/2023 15:00";"5,222";"0,000";"4,791";"0,000";"5,622";"0,000";"15,635";"0,000";"0,942";"0,000";"0,000";"0,331";"5,661";"5,229";"6,060";"16,950";"1,315";"0,666";"0,649";
"21/12/2023 15:10";"4,903";"0,000";"4,472";"0,000";"5,347";"0,000";"14,723";"0,000";"0,866";"0,000";"0,000";"0,385";"5,691";"5,260";"6,135";"17,086";"2,363";"1,195";"1,168";
"21/12/2023 15:20";"5,720";"0,000";"5,272";"0,000";"6,019";"0,000";"17,011";"0,000";"1,209";"0,000";"0,000";"0,316";"6,380";"5,932";"6,679";"18,991";"1,980";"1,003";"0,977";
"21/12/2023 15:30";"4,994";"0,000";"4,531";"0,000";"5,229";"0,000";"14,755";"0,000";"1,743";"0,000";"0,000";"0,210";"5,468";"5,005";"5,703";"16,177";"1,422";"0,722";"0,700";
"21/12/2023 15:40";"5,115";"0,000";"4,626";"0,000";"5,420";"0,000";"15,161";"0,000";"1,509";"0,000";"0,000";"0,343";"5,573";"5,084";"5,878";"16,534";"1,373";"0,701";"0,672";
"21/12/2023 15:50";"6,223";"0,000";"5,703";"0,000";"6,471";"0,000";"18,397";"0,000";"1,637";"0,000";"0,000";"0,294";"6,800";"6,281";"7,048";"20,129";"1,732";"0,880";"0,852";
"21/12/2023 16:00";"6,831";"0,000";"6,330";"0,000";"7,142";"0,000";"20,303";"0,000";"1,474";"0,000";"0,000";"0,197";"7,122";"6,620";"7,432";"21,174";"0,871";"0,447";"0,424";
"21/12/2023 16:10";"6,867";"0,000";"6,272";"0,000";"7,060";"0,000";"20,199";"0,000";"0,762";"0,000";"0,000";"0,335";"7,136";"6,541";"7,329";"21,006";"0,807";"0,414";"0,393";
"21/12/2023 16:20";"6,671";"0,000";"6,141";"0,000";"6,892";"0,000";"19,704";"0,000";"0,793";"0,000";"0,000";"0,324";"6,888";"6,358";"7,109";"20,356";"0,652";"0,334";"0,318";
"21/12/2023 16:30";"5,095";"0,000";"4,682";"0,000";"5,466";"0,000";"15,243";"0,000";"2,032";"0,000";"0,000";"0,134";"5,340";"4,928";"5,711";"15,979";"0,736";"0,379";"0,357";
"21/12/2023 16:40";"4,336";"0,000";"3,875";"0,000";"4,739";"0,000";"12,951";"0,000";"0,975";"0,000";"0,000";"0,417";"4,639";"4,178";"5,042";"13,860";"0,909";"0,473";"0,436";
"21/12/2023 16:50";"4,324";"0,000";"3,889";"0,000";"4,737";"0,000";"12,950";"0,000";"0,789";"0,000";"0,000";"0,464";"4,570";"4,135";"4,982";"13,687";"0,737";"0,401";"0,336";
"21/12/2023 17:00";"4,120";"0,000";"3,704";"0,000";"4,460";"0,000";"12,284";"0,000";"0,876";"0,000";"0,000";"0,228";"4,344";"3,928";"4,683";"12,955";"0,671";"0,344";"0,327";
"21/12/2023 17:10";"4,233";"0,000";"3,794";"0,000";"4,524";"0,000";"12,551";"0,000";"0,736";"0,000";"0,000";"0,301";"4,381";"3,942";"4,673";"12,997";"0,446";"0,229";"0,217";
"21/12/2023 17:20";"4,252";"0,000";"3,850";"0,000";"4,543";"0,000";"12,645";"0,000";"0,887";"0,000";"0,000";"0,270";"4,327";"3,925";"4,619";"12,871";"0,226";"0,117";"0,109";
"21/12/2023 17:30";"4,223";"0,000";"3,723";"0,000";"4,509";"0,000";"12,455";"0,000";"0,835";"0,000";"0,000";"0,346";"4,276";"3,776";"4,561";"12,613";"0,158";"0,082";"0,076";
"21/12/2023 17:40";"4,206";"0,000";"3,733";"0,000";"4,542";"0,000";"12,481";"0,000";"0,628";"0,000";"0,000";"0,349";"4,239";"3,766";"4,574";"12,579";"0,098";"0,051";"0,047";
"21/12/2023 17:50";"4,428";"0,000";"3,976";"0,000";"4,723";"0,000";"13,127";"0,000";"0,810";"0,000";"0,000";"0,297";"4,436";"3,983";"4,730";"13,149";"0,022";"0,012";"0,010";
"21/12/2023 18:00";"6,162";"0,000";"5,632";"0,000";"6,411";"0,000";"18,206";"0,000";"1,564";"0,000";"0,000";"0,258";"6,162";"5,632";"6,411";"18,206";"0,000";"0,000";"0,000";
"21/12/2023 18:10";"6,652";"0,000";"6,065";"0,000";"6,827";"0,000";"19,544";"0,000";"1,439";"0,000";"0,000";"0,256";"6,652";"6,065";"6,827";"19,544";"0,000";"0,000";"0,000";
"21/12/2023 18:20";"6,722";"0,000";"6,194";"0,000";"6,822";"0,000";"19,738";"0,000";"1,818";"0,000";"0,000";"0,236";"6,722";"6,194";"6,822";"19,738";"0,000";"0,000";"0,000";
"21/12/2023 18:30";"6,430";"0,000";"5,955";"0,000";"6,581";"0,000";"18,966";"0,000";"1,720";"0,000";"0,000";"0,275";"6,430";"5,955";"6,581";"18,966";"0,000";"0,000";"0,000";
"21/12/2023 18:40";"6,571";"0,000";"6,058";"0,000";"6,759";"0,000";"19,389";"0,000";"1,651";"0,000";"0,000";"0,294";"6,571";"6,058";"6,759";"19,389";"0,000";"0,000";"0,000";
"21/12/2023 18:50";"5,914";"0,000";"5,471";"0,000";"6,160";"0,000";"17,545";"0,000";"1,101";"0,000";"0,000";"0,371";"5,914";"5,471";"6,160";"17,545";"0,000";"0,000";"0,000";
"21/12/2023 19:00";"6,036";"0,000";"5,652";"0,000";"6,351";"0,000";"18,039";"0,000";"1,021";"0,000";"0,000";"0,303";"6,036";"5,652";"6,351";"18,039";"0,000";"0,000";"0,000";
"21/12/2023 19:10";"6,355";"0,000";"5,859";"0,000";"6,776";"0,000";"18,990";"0,000";"1,203";"0,000";"0,000";"0,314";"6,355";"5,859";"6,776";"18,990";"0,000";"0,000";"0,000";
"21/12/2023 19:20";"4,268";"0,000";"3,790";"0,000";"4,596";"0,000";"12,654";"0,000";"0,738";"0,000";"0,000";"0,411";"4,268";"3,790";"4,596";"12,654";"0,000";"0,000";"0,000";
"21/12/2023 19:30";"4,107";"0,000";"3,601";"0,000";"4,371";"0,000";"12,079";"0,000";"0,795";"0,000";"0,000";"0,391";"4,107";"3,601";"4,371";"12,079";"0,000";"0,000";"0,000";
"21/12/2023 19:40";"4,450";"0,000";"3,800";"0,000";"4,655";"0,000";"12,904";"0,000";"0,755";"0,000";"0,000";"0,301";"4,450";"3,800";"4,655";"12,904";"0,000";"0,000";"0,000";
"21/12/2023 19:50";"3,773";"0,000";"3,247";"0,000";"4,041";"0,000";"11,062";"0,000";"0,942";"0,000";"0,000";"0,532";"3,773";"3,247";"4,041";"11,062";"0,000";"0,000";"0,000";
"21/12/2023 20:00";"1,533";"0,000";"0,913";"0,000";"1,264";"0,000";"3,710";"0,000";"0,087";"0,000";"0,000";"0,348";"1,533";"0,913";"1,264";"3,710";"0,000";"0,000";"0,000";
"21/12/2023 20:10";"1,252";"0,000";"0,553";"0,000";"0,881";"0,000";"2,686";"0,000";"0,000";"0,000";"0,000";"0,197";"1,252";"0,553";"0,881";"2,686";"0,000";"0,000";"0,000";
"21/12/2023 20:20";"1,300";"0,000";"0,668";"0,000";"0,982";"0,000";"2,950";"0,000";"0,000";"0,000";"0,000";"0,091";"1,300";"0,668";"0,982";"2,950";"0,000";"0,000";"0,000";
"21/12/2023 20:30";"1,327";"0,000";"0,705";"0,000";"0,846";"0,000";"2,878";"0,000";"0,001";"0,000";"0,000";"0,227";"1,327";"0,705";"0,846";"2,878";"0,000";"0,000";"0,000";
"21/12/2023 20:40";"1,013";"0,000";"0,485";"0,000";"0,660";"0,000";"2,157";"0,000";"0,000";"0,000";"0,000";"0,184";"1,013";"0,485";"0,660";"2,157";"0,000";"0,000";"0,000";
"21/12/2023 20:50";"0,982";"0,000";"0,576";"0,000";"0,753";"0,000";"2,312";"0,000";"0,009";"0,000";"0,000";"0,072";"0,982";"0,576";"0,753";"2,312";"0,000";"0,000";"0,000";
"21/12/2023 21:00";"1,050";"0,000";"0,653";"0,000";"0,906";"0,000";"2,608";"0,000";"0,001";"0,000";"0,000";"0,110";"1,050";"0,653";"0,906";"2,608";"0,000";"0,000";"0,000";
"21/12/2023 21:10";"0,868";"0,000";"0,663";"0,000";"0,886";"0,000";"2,417";"0,000";"0,002";"0,000";"0,000";"0,288";"0,868";"0,663";"0,886";"2,417";"0,000";"0,000";"0,000";
"21/12/2023 21:20";"1,008";"0,000";"0,666";"0,000";"0,941";"0,000";"2,615";"0,000";"0,000";"0,000";"0,000";"0,314";"1,008";"0,666";"0,941";"2,615";"0,000";"0,000";"0,000";
"21/12/2023 21:30";"0,776";"0,000";"0,668";"0,000";"0,861";"0,000";"2,305";"0,000";"0,001";"0,000";"0,000";"0,209";"0,776";"0,668";"0,861";"2,305";"0,000";"0,000";"0,000";
"21/12/2023 21:40";"0,684";"0,000";"0,629";"0,000";"0,704";"0,000";"2,017";"0,000";"0,000";"0,000";"0,000";"0,239";"0,684";"0,629";"0,704";"2,017";"0,000";"0,000";"0,000";
"21/12/2023 21:50";"0,667";"0,000";"0,605";"0,000";"0,741";"0,000";"2,013";"0,000";"0,000";"0,000";"0,000";"0,267";"0,667";"0,605";"0,741";"2,013";"0,000";"0,000";"0,000";
"21/12/2023 22:00";"0,626";"0,000";"0,597";"0,000";"0,727";"0,000";"1,950";"0,000";"0,000";"0,000";"0,000";"0,259";"0,626";"0,597";"0,727";"1,950";"0,000";"0,000";"0,000";
"21/12/2023 22:10";"0,628";"0,000";"0,639";"0,000";"0,696";"0,000";"1,962";"0,000";"0,001";"0,000";"0,000";"0,171";"0,628";"0,639";"0,696";"1,962";"0,000";"0,000";"0,000";
"21/12/2023 22:20";"0,893";"0,000";"0,536";"0,000";"0,783";"0,000";"2,212";"0,000";"0,000";"0,000";"0,000";"0,221";"0,893";"0,536";"0,783";"2,212";"0,000";"0,000";"0,000";
"21/12/2023 22:30";"0,699";"0,000";"0,515";"0,000";"0,813";"0,000";"2,027";"0,000";"0,002";"0,000";"0,000";"0,146";"0,699";"0,515";"0,813";"2,027";"0,000";"0,000";"0,000";
"21/12/2023 22:40";"0,649";"0,000";"0,616";"0,000";"0,873";"0,000";"2,139";"0,000";"0,004";"0,000";"0,000";"0,162";"0,649";"0,616";"0,873";"2,139";"0,000";"0,000";"0,000";
"21/12/2023 22:50";"0,701";"0,000";"0,669";"0,000";"0,915";"0,000";"2,285";"0,000";"0,000";"0,000";"0,000";"0,258";"0,701";"0,669";"0,915";"2,285";"0,000";"0,000";"0,000";
"21/12/2023 23:00";"0,600";"0,000";"0,580";"0,000";"0,808";"0,000";"1,988";"0,000";"0,002";"0,000";"0,000";"0,146";"0,600";"0,580";"0,808";"1,988";"0,000";"0,000";"0,000";
"21/12/2023 23:10";"0,643";"0,000";"0,604";"0,000";"0,835";"0,000";"2,082";"0,000";"0,004";"0,000";"0,000";"0,253";"0,643";"0,604";"0,835";"2,082";"0,000";"0,000";"0,000";
"21/12/2023 23:20";"0,683";"0,000";"0,645";"0,000";"0,715";"0,000";"2,043";"0,000";"0,000";"0,000";"0,000";"0,263";"0,683";"0,645";"0,715";"2,043";"0,000";"0,000";"0,000";
"21/12/2023 23:30";"0,713";"0,000";"0,587";"0,000";"0,682";"0,000";"1,982";"0,000";"0,000";"0,000";"0,000";"0,212";"0,713";"0,587";"0,682";"1,982";"0,000";"0,000";"0,000";
"21/12/2023 23:40";"0,937";"0,000";"0,565";"0,000";"0,678";"0,000";"2,180";"0,000";"0,001";"0,000";"0,000";"0,171";"0,937";"0,565";"0,678";"2,180";"0,000";"0,000";"0,000";
"21/12/2023 23:50";"0,675";"0,000";"0,628";"0,000";"0,733";"0,000";"2,036";"0,000";"0,000";"0,000";"0,000";"0,293";"0,675";"0,628";"0,733";"2,036";"0,000";"0,000";"0,000";
"22/12/2023 00:00";"0,636";"0,000";"0,598";"0,000";"0,711";"0,000";"1,945";"0,000";"0,000";"0,000";"0,000";"0,223";"0,636";"0,598";"0,711";"1,945";"0,000";"0,000";"0,000";
"22/12/2023 00:10";"0,644";"0,000";"0,625";"0,000";"0,794";"0,000";"2,063";"0,000";"0,000";"0,000";"0,000";"0,132";"0,644";"0,625";"0,794";"2,063";"0,000";"0,000";"0,000";
"22/12/2023 00:20";"0,675";"0,000";"0,628";"0,000";"0,893";"0,000";"2,197";"0,000";"0,000";"0,000";"0,000";"0,300";"0,675";"0,628";"0,893";"2,197";"0,000";"0,000";"0,000";
"22/12/2023 00:30";"0,709";"0,000";"0,682";"0,000";"0,909";"0,000";"2,300";"0,000";"0,000";"0,000";"0,000";"0,256";"0,709";"0,682";"0,909";"2,300";"0,000";"0,000";"0,000";
"22/12/2023 00:40";"0,588";"0,000";"0,560";"0,000";"0,606";"0,000";"1,755";"0,000";"0,001";"0,000";"0,000";"0,221";"0,588";"0,560";"0,606";"1,755";"0,000";"0,000";"0,000";
"22/12/2023 00:50";"0,631";"0,000";"0,598";"0,000";"0,663";"0,000";"1,892";"0,000";"0,000";"0,000";"0,000";"0,274";"0,631";"0,598";"0,663";"1,892";"0,000";"0,000";"0,000";
"22/12/2023 01:00";"0,854";"0,000";"0,668";"0,000";"0,757";"0,000";"2,280";"0,000";"0,000";"0,000";"0,000";"0,293";"0,854";"0,668";"0,757";"2,280";"0,000";"0,000";"0,000";
"22/12/2023 01:10";"1,031";"0,000";"0,763";"0,000";"0,955";"0,000";"2,748";"0,000";"0,056";"0,000";"0,000";"0,279";"1,031";"0,763";"0,955";"2,748";"0,000";"0,000";"0,000";
"22/12/2023 01:20";"0,636";"0,000";"0,609";"0,000";"0,772";"0,000";"2,017";"0,000";"0,003";"0,000";"0,000";"0,124";"0,636";"0,609";"0,772";"2,017";"0,000";"0,000";"0,000";
"22/12/2023 01:30";"0,657";"0,000";"0,603";"0,000";"0,790";"0,000";"2,050";"0,000";"0,000";"0,000";"0,000";"0,289";"0,657";"0,603";"0,790";"2,050";"0,000";"0,000";"0,000";
"22/12/2023 01:40";"0,675";"0,000";"0,624";"0,000";"0,813";"0,000";"2,112";"0,000";"0,000";"0,000";"0,000";"0,273";"0,675";"0,624";"0,813";"2,112";"0,000";"0,000";"0,000";
"22/12/2023 01:50";"0,607";"0,000";"0,576";"0,000";"0,740";"0,000";"1,922";"0,000";"0,001";"0,000";"0,000";"0,187";"0,607";"0,576";"0,740";"1,922";"0,000";"0,000";"0,000";
"22/12/2023 02:00";"0,656";"0,000";"0,608";"0,000";"0,789";"0,000";"2,053";"0,000";"0,000";"0,000";"0,000";"0,264";"0,656";"0,608";"0,789";"2,053";"0,000";"0,000";"0,000";
"22/12/2023 02:10";"0,689";"0,000";"0,643";"0,000";"0,822";"0,000";"2,154";"0,000";"0,000";"0,000";"0,000";"0,291";"0,689";"0,643";"0,822";"2,154";"0,000";"0,000";"0,000";
"22/12/2023 02:20";"0,680";"0,000";"0,587";"0,000";"0,755";"0,000";"2,023";"0,000";"0,000";"0,000";"0,000";"0,217";"0,680";"0,587";"0,755";"2,023";"0,000";"0,000";"0,000";
"22/12/2023 02:30";"0,636";"0,000";"0,610";"0,000";"0,776";"0,000";"2,022";"0,000";"0,001";"0,000";"0,000";"0,204";"0,636";"0,610";"0,776";"2,022";"0,000";"0,000";"0,000";
"22/12/2023 02:40";"0,673";"0,000";"0,633";"0,000";"0,801";"0,000";"2,107";"0,000";"0,000";"0,000";"0,000";"0,286";"0,673";"0,633";"0,801";"2,107";"0,000";"0,000";"0,000";
"22/12/2023 02:50";"0,862";"0,000";"0,582";"0,000";"0,773";"0,000";"2,216";"0,000";"0,000";"0,000";"0,000";"0,281";"0,862";"0,582";"0,773";"2,216";"0,000";"0,000";"0,000";
"22/12/2023 03:00";"0,769";"0,000";"0,606";"0,000";"0,768";"0,000";"2,142";"0,000";"0,001";"0,000";"0,000";"0,124";"0,769";"0,606";"0,768";"2,142";"0,000";"0,000";"0,000";
"22/12/2023 03:10";"0,634";"0,000";"0,611";"0,000";"0,769";"0,000";"2,014";"0,000";"0,002";"0,000";"0,000";"0,164";"0,634";"0,611";"0,769";"2,014";"0,000";"0,000";"0,000";
"22/12/2023 03:20";"0,660";"0,000";"0,644";"0,000";"0,794";"0,000";"2,098";"0,000";"0,004";"0,000";"0,000";"0,237";"0,660";"0,644";"0,794";"2,098";"0,000";"0,000";"0,000";
"22/12/2023 03:30";"0,605";"0,000";"0,545";"0,000";"0,745";"0,000";"1,895";"0,000";"0,000";"0,000";"0,000";"0,235";"0,605";"0,545";"0,745";"1,895";"0,000";"0,000";"0,000";
"22/12/2023 03:40";"0,679";"0,000";"0,613";"0,000";"0,762";"0,000";"2,054";"0,000";"0,005";"0,000";"0,000";"0,143";"0,679";"0,613";"0,762";"2,054";"0,000";"0,000";"0,000";
"22/12/2023 03:50";"0,636";"0,000";"0,603";"0,000";"0,763";"0,000";"2,002";"0,000";"0,001";"0,000";"0,000";"0,176";"0,636";"0,603";"0,763";"2,002";"0,000";"0,000";"0,000";
"22/12/2023 04:00";"0,603";"0,000";"0,563";"0,000";"0,737";"0,000";"1,903";"0,000";"0,000";"0,000";"0,000";"0,211";"0,603";"0,563";"0,737";"1,903";"0,000";"0,000";"0,000";
"22/12/2023 04:10";"0,610";"0,000";"0,557";"0,000";"0,742";"0,000";"1,909";"0,000";"0,000";"0,000";"0,000";"0,088";"0,610";"0,557";"0,742";"1,909";"0,000";"0,000";"0,000";
"22/12/2023 04:20";"0,559";"0,000";"0,542";"0,000";"0,692";"0,000";"1,792";"0,000";"0,001";"0,000";"0,000";"0,170";"0,559";"0,542";"0,692";"1,792";"0,000";"0,000";"0,000";
"22/12/2023 04:30";"0,545";"0,000";"0,506";"0,000";"0,707";"0,000";"1,758";"0,000";"0,000";"0,000";"0,000";"0,202";"0,545";"0,506";"0,707";"1,758";"0,000";"0,000";"0,000";
"22/12/2023 04:40";"0,538";"0,000";"0,482";"0,000";"0,597";"0,000";"1,617";"0,000";"0,001";"0,000";"0,000";"0,155";"0,538";"0,482";"0,597";"1,617";"0,000";"0,000";"0,000";
"22/12/2023 04:50";"0,692";"0,000";"0,530";"0,000";"0,587";"0,000";"1,809";"0,000";"0,000";"0,000";"0,000";"0,117";"0,692";"0,530";"0,587";"1,809";"0,000";"0,000";"0,000";
"22/12/2023 05:00";"0,876";"0,000";"0,575";"0,000";"0,651";"0,000";"2,102";"0,000";"0,000";"0,000";"0,000";"0,095";"0,876";"0,575";"0,651";"2,102";"0,000";"0,000";"0,000";
"22/12/2023 05:10";"0,630";"0,000";"0,571";"0,000";"0,688";"0,000";"1,890";"0,000";"0,000";"0,000";"0,000";"0,164";"0,630";"0,571";"0,688";"1,890";"0,000";"0,000";"0,000";
"22/12/2023 05:20";"0,780";"0,000";"0,755";"0,000";"0,794";"0,000";"2,330";"0,000";"0,036";"0,000";"0,000";"0,229";"0,780";"0,755";"0,794";"2,330";"0,000";"0,000";"0,000";
"22/12/2023 05:30";"2,161";"0,000";"1,921";"0,000";"1,875";"0,000";"5,957";"0,000";"0,354";"0,000";"0,000";"0,187";"2,161";"1,921";"1,875";"5,957";"0,000";"0,000";"0,000";
"22/12/2023 05:40";"2,308";"0,000";"1,926";"0,000";"1,941";"0,000";"6,175";"0,000";"0,527";"0,000";"0,000";"0,070";"2,308";"1,926";"1,941";"6,175";"0,000";"0,000";"0,000";
"22/12/2023 05:50";"2,081";"0,000";"1,615";"0,000";"1,863";"0,000";"5,559";"0,000";"0,102";"0,000";"0,000";"0,116";"2,081";"1,615";"1,863";"5,559";"0,000";"0,000";"0,000";
"22/12/2023 06:00";"2,220";"0,000";"1,783";"0,000";"2,002";"0,000";"6,005";"0,000";"0,401";"0,000";"0,000";"0,138";"2,220";"1,783";"2,002";"6,005";"0,000";"0,000";"0,000";
"22/12/2023 06:10";"2,437";"0,000";"2,043";"0,000";"2,282";"0,000";"6,761";"0,000";"0,766";"0,000";"0,000";"0,183";"2,437";"2,043";"2,282";"6,761";"0,000";"0,000";"0,000";
"22/12/2023 06:20";"3,490";"0,000";"3,067";"0,000";"3,732";"0,000";"10,289";"0,000";"0,919";"0,000";"0,000";"0,228";"3,490";"3,067";"3,732";"10,289";"0,000";"0,000";"0,000";
"22/12/2023 06:30";"6,728";"0,000";"6,334";"0,000";"6,987";"0,000";"20,049";"0,000";"1,729";"0,000";"0,000";"0,339";"6,728";"6,334";"6,987";"20,049";"0,000";"0,000";"0,000";
"22/12/2023 06:40";"7,132";"0,000";"6,688";"0,000";"7,433";"0,000";"21,253";"0,000";"1,634";"0,000";"0,000";"0,316";"7,132";"6,688";"7,433";"21,253";"0,000";"0,000";"0,000";
"22/12/2023 06:50";"6,550";"0,000";"6,190";"0,000";"6,963";"0,000";"19,703";"0,000";"1,654";"0,000";"0,000";"0,229";"6,550";"6,190";"6,963";"19,703";"0,000";"0,000";"0,000";
"22/12/2023 07:00";"7,271";"0,000";"6,895";"0,000";"7,669";"0,000";"21,835";"0,000";"1,097";"0,000";"0,000";"0,508";"7,271";"6,895";"7,669";"21,835";"0,000";"0,000";"0,000";
"22/12/2023 07:10";"7,374";"0,000";"6,651";"0,000";"7,597";"0,000";"21,622";"0,000";"1,531";"0,000";"0,000";"0,252";"7,374";"6,651";"7,597";"21,622";"0,000";"0,000";"0,000";
"22/12/2023 07:20";"6,920";"0,000";"6,440";"0,000";"7,255";"0,000";"20,616";"0,000";"1,287";"0,000";"0,000";"0,371";"6,920";"6,440";"7,255";"20,616";"0,000";"0,000";"0,000";
"22/12/2023 07:30";"6,670";"0,000";"6,229";"0,000";"7,087";"0,000";"19,986";"0,000";"1,639";"0,000";"0,000";"0,260";"6,670";"6,229";"7,087";"19,986";"0,000";"0,000";"0,000";
"22/12/2023 07:40";"6,505";"0,000";"6,193";"0,000";"7,008";"0,000";"19,707";"0,000";"1,609";"0,000";"0,000";"0,275";"6,505";"6,193";"7,008";"19,707";"0,000";"0,000";"0,000";
"22/12/2023 07:50";"5,881";"0,000";"5,459";"0,000";"6,313";"0,000";"17,654";"0,000";"1,671";"0,000";"0,000";"0,347";"5,881";"5,459";"6,313";"17,654";"0,000";"0,000";"0,000";
"22/12/2023 08:00";"5,956";"0,000";"5,323";"0,000";"6,139";"0,000";"17,418";"0,000";"1,477";"0,000";"0,000";"0,281";"5,956";"5,323";"6,139";"17,418";"0,000";"0,000";"0,000";
"22/12/2023 08:10";"5,892";"0,000";"5,482";"0,000";"6,161";"0,000";"17,535";"0,000";"1,506";"0,000";"0,000";"0,284";"5,892";"5,482";"6,161";"17,535";"0,000";"0,000";"0,000";
"22/12/2023 08:20";"7,561";"0,000";"7,070";"0,000";"7,687";"0,000";"22,319";"0,000";"1,423";"0,000";"0,000";"0,324";"7,561";"7,070";"7,687";"22,319";"0,000";"0,000";"0,000";
"22/12/2023 08:30";"8,139";"0,000";"7,472";"0,000";"8,234";"0,000";"23,845";"0,000";"1,717";"0,000";"0,000";"0,202";"8,139";"7,472";"8,234";"23,845";"0,000";"0,000";"0,000";
"22/12/2023 08:40";"6,947";"0,000";"6,431";"0,000";"7,223";"0,000";"20,600";"0,000";"1,067";"0,000";"0,000";"0,382";"6,947";"6,431";"7,223";"20,600";"0,000";"0,000";"0,000";
"22/12/2023 08:50";"6,181";"0,000";"5,610";"0,000";"6,501";"0,000";"18,292";"0,000";"1,329";"0,000";"0,000";"0,222";"6,181";"5,610";"6,501";"18,292";"0,000";"0,000";"0,000";
"22/12/2023 09:00";"6,164";"0,000";"5,551";"0,000";"6,576";"0,000";"18,291";"0,000";"1,410";"0,000";"0,000";"0,246";"6,166";"5,552";"6,577";"18,295";"0,004";"0,002";"0,002";
"22/12/2023 09:10";"6,038";"0,000";"5,507";"0,000";"6,273";"0,000";"17,818";"0,000";"1,180";"0,000";"0,000";"0,306";"6,054";"5,524";"6,290";"17,868";"0,050";"0,026";"0,024";
"22/12/2023 09:20";"6,017";"0,000";"5,516";"0,000";"6,195";"0,000";"17,729";"0,000";"0,846";"0,000";"0,000";"0,380";"6,066";"5,564";"6,244";"17,875";"0,146";"0,076";"0,070";
"22/12/2023 09:30";"6,227";"0,000";"5,630";"0,000";"6,420";"0,000";"18,278";"0,000";"0,737";"0,000";"0,000";"0,498";"6,321";"5,724";"6,514";"18,559";"0,281";"0,145";"0,136";
"22/12/2023 09:40";"6,105";"0,000";"5,346";"0,000";"6,208";"0,000";"17,659";"0,000";"1,173";"0,000";"0,000";"0,340";"6,268";"5,508";"6,370";"18,146";"0,487";"0,249";"0,238";
"22/12/2023 09:50";"5,843";"0,000";"5,215";"0,000";"6,025";"0,000";"17,083";"0,000";"1,371";"0,000";"0,000";"0,429";"6,049";"5,420";"6,231";"17,700";"0,617";"0,317";"0,300";
"22/12/2023 10:00";"5,363";"0,000";"4,857";"0,000";"5,512";"0,000";"15,732";"0,000";"1,203";"0,000";"0,000";"0,168";"5,598";"5,091";"5,746";"16,435";"0,703";"0,363";"0,340";
"22/12/2023 10:10";"5,343";"0,000";"4,784";"0,000";"5,542";"0,000";"15,669";"0,000";"1,253";"0,000";"0,000";"0,172";"5,663";"5,104";"5,863";"16,630";"0,961";"0,502";"0,459";
"22/12/2023 10:20";"5,349";"0,000";"4,731";"0,000";"5,534";"0,000";"15,614";"0,000";"1,297";"0,000";"0,000";"0,253";"5,658";"5,040";"5,843";"16,540";"0,926";"0,476";"0,450";
"22/12/2023 10:30";"5,987";"0,000";"5,148";"0,000";"6,011";"0,000";"17,145";"0,000";"0,891";"0,000";"0,000";"0,331";"6,238";"5,399";"6,262";"17,899";"0,754";"0,391";"0,363";
"22/12/2023 10:40";"5,965";"0,000";"5,135";"0,000";"5,983";"0,000";"17,083";"0,000";"1,466";"0,000";"0,000";"0,363";"6,237";"5,408";"6,256";"17,901";"0,818";"0,418";"0,400";
"22/12/2023 10:50";"5,632";"0,000";"5,001";"0,000";"5,812";"0,000";"16,445";"0,000";"1,298";"0,000";"0,000";"0,238";"6,307";"5,676";"6,488";"18,472";"2,027";"1,079";"0,948";
"22/12/2023 11:00";"5,986";"0,000";"5,076";"0,000";"5,910";"0,000";"16,972";"0,000";"1,428";"0,000";"0,000";"0,328";"6,551";"5,641";"6,475";"18,667";"1,695";"0,896";"0,799";
"22/12/2023 11:10";"5,931";"0,000";"5,417";"0,000";"6,253";"0,000";"17,602";"0,000";"1,255";"0,000";"0,000";"0,254";"6,576";"6,062";"6,898";"19,537";"1,935";"1,108";"0,827";
"22/12/2023 11:20";"5,851";"0,000";"5,224";"0,000";"6,078";"0,000";"17,153";"0,000";"1,118";"0,000";"0,000";"0,329";"6,294";"5,667";"6,520";"18,481";"1,328";"0,683";"0,645";
"22/12/2023 11:30";"5,663";"0,000";"5,040";"0,000";"5,921";"0,000";"16,624";"0,000";"1,335";"0,000";"0,000";"0,288";"6,150";"5,527";"6,408";"18,085";"1,461";"0,745";"0,716";
"22/12/2023 11:40";"5,848";"0,000";"5,115";"0,000";"5,852";"0,000";"16,814";"0,000";"1,564";"0,000";"0,000";"0,218";"6,386";"5,653";"6,390";"18,428";"1,614";"0,852";"0,762";
"22/12/2023 11:50";"6,099";"0,000";"5,283";"0,000";"6,065";"0,000";"17,447";"0,000";"1,181";"0,000";"0,000";"0,288";"7,078";"6,262";"7,043";"20,382";"2,935";"1,587";"1,348";
"22/12/2023 12:00";"6,193";"0,000";"5,405";"0,000";"6,235";"0,000";"17,834";"0,000";"1,169";"0,000";"0,000";"0,267";"7,799";"7,011";"7,841";"22,652";"4,818";"2,550";"2,268";
"22/12/2023 12:10";"6,330";"0,000";"5,552";"0,000";"6,536";"0,000";"18,418";"0,000";"1,433";"0,000";"0,000";"0,179";"7,733";"6,955";"7,939";"22,626";"4,208";"2,189";"2,019";
"22/12/2023 12:20";"5,353";"0,000";"4,440";"0,000";"5,534";"0,000";"15,327";"0,000";"1,688";"0,000";"0,000";"0,365";"6,544";"5,631";"6,725";"18,899";"3,572";"1,837";"1,735";
"22/12/2023 12:30";"4,388";"0,000";"3,790";"0,000";"4,913";"0,000";"13,092";"0,000";"1,223";"0,000";"0,000";"0,269";"5,453";"4,856";"5,979";"16,288";"3,196";"1,638";"1,558";
"22/12/2023 12:40";"4,351";"0,000";"3,712";"0,000";"4,721";"0,000";"12,783";"0,000";"1,543";"0,000";"0,000";"0,837";"6,099";"5,461";"6,469";"18,029";"5,246";"2,662";"2,584";
"22/12/2023 12:50";"3,455";"0,000";"2,882";"0,000";"3,914";"0,000";"10,251";"0,000";"0,763";"0,000";"0,000";"0,479";"5,018";"4,445";"5,477";"14,940";"4,689";"2,382";"2,307";
"22/12/2023 13:00";"3,065";"0,000";"2,585";"0,000";"3,806";"0,000";"9,457";"0,000";"0,827";"0,000";"0,000";"0,645";"4,646";"4,165";"5,387";"14,198";"4,741";"2,415";"2,326";
"22/12/2023 13:10";"2,822";"0,000";"2,372";"0,000";"3,518";"0,000";"8,711";"0,000";"0,790";"0,000";"0,000";"0,630";"3,929";"3,479";"4,625";"12,033";"3,322";"1,691";"1,631";
"22/12/2023 13:20";"2,900";"0,000";"2,435";"0,000";"3,618";"0,000";"8,953";"0,000";"0,735";"0,000";"0,000";"0,263";"4,423";"3,958";"5,140";"13,521";"4,568";"2,316";"2,252";
"22/12/2023 13:30";"3,203";"0,000";"2,703";"0,000";"3,856";"0,000";"9,763";"0,000";"0,786";"0,000";"0,000";"0,470";"4,164";"3,664";"4,817";"12,646";"2,883";"1,465";"1,418";
"22/12/2023 13:40";"2,845";"0,000";"2,339";"0,000";"3,486";"0,000";"8,669";"0,000";"0,790";"0,000";"0,000";"0,664";"3,867";"3,361";"4,508";"11,736";"3,067";"1,559";"1,508";
"22/12/2023 13:50";"2,720";"0,000";"2,220";"0,000";"3,418";"0,000";"8,358";"0,000";"0,642";"0,000";"0,000";"0,623";"3,612";"3,112";"4,310";"11,034";"2,676";"1,360";"1,316";
"22/12/2023 14:00";"3,086";"0,000";"2,573";"0,000";"3,723";"0,000";"9,383";"0,000";"0,829";"0,000";"0,000";"0,457";"3,598";"3,085";"4,235";"10,919";"1,536";"0,791";"0,745";
"22/12/2023 14:10";"4,337";"0,000";"3,801";"0,000";"4,936";"0,000";"13,075";"0,000";"1,306";"0,000";"0,000";"0,225";"5,757";"5,220";"6,356";"17,333";"4,258";"2,167";"2,091";
"22/12/2023 14:20";"4,119";"0,000";"3,556";"0,000";"4,761";"0,000";"12,436";"0,000";"1,413";"0,000";"0,000";"0,453";"4,629";"4,066";"5,271";"13,966";"1,530";"0,784";"0,746";
"22/12/2023 14:30";"3,172";"0,000";"2,653";"0,000";"3,951";"0,000";"9,776";"0,000";"0,827";"0,000";"0,000";"0,467";"3,799";"3,280";"4,577";"11,656";"1,880";"0,966";"0,914";
"22/12/2023 14:40";"3,396";"0,000";"2,884";"0,000";"4,083";"0,000";"10,362";"0,000";"1,021";"0,000";"0,000";"0,423";"4,929";"4,417";"5,616";"14,961";"4,599";"2,346";"2,253";
"22/12/2023 14:50";"4,008";"0,000";"3,408";"0,000";"4,523";"0,000";"11,939";"0,000";"1,164";"0,000";"0,000";"0,240";"5,369";"4,770";"5,885";"16,024";"4,085";"2,082";"2,003";
"22/12/2023 15:00";"4,063";"0,000";"3,454";"0,000";"4,657";"0,000";"12,174";"0,000";"1,209";"0,000";"0,000";"0,295";"4,973";"4,364";"5,567";"14,903";"2,729";"1,394";"1,335";
"22/12/2023 15:10";"4,017";"0,000";"3,423";"0,000";"4,637";"0,000";"12,077";"0,000";"1,440";"0,000";"0,000";"0,364";"4,887";"4,294";"5,508";"14,689";"2,612";"1,328";"1,284";
"22/12/2023 15:20";"4,088";"0,000";"3,605";"0,000";"4,727";"0,000";"12,420";"0,000";"1,234";"0,000";"0,000";"0,267";"4,772";"4,289";"5,412";"14,473";"2,053";"1,045";"1,008";
"22/12/2023 15:30";"4,132";"0,000";"3,630";"0,000";"4,727";"0,000";"12,490";"0,000";"1,429";"0,000";"0,000";"0,341";"4,696";"4,194";"5,291";"14,181";"1,691";"0,860";"0,831";
"22/12/2023 15:40";"4,051";"0,000";"3,585";"0,000";"4,777";"0,000";"12,413";"0,000";"1,625";"0,000";"0,000";"0,450";"4,586";"4,121";"5,312";"14,019";"1,606";"0,821";"0,785";
"22/12/2023 15:50";"3,851";"0,000";"3,400";"0,000";"4,745";"0,000";"11,996";"0,000";"1,518";"0,000";"0,000";"0,332";"4,182";"3,731";"5,076";"12,989";"0,993";"0,509";"0,484";
"22/12/2023 16:00";"3,913";"0,000";"3,417";"0,000";"4,828";"0,000";"12,157";"0,000";"1,530";"0,000";"0,000";"0,417";"4,309";"3,813";"5,224";"13,345";"1,188";"0,610";"0,578";
"22/12/2023 16:10";"3,982";"0,000";"3,490";"0,000";"4,846";"0,000";"12,318";"0,000";"1,346";"0,000";"0,000";"0,416";"4,642";"4,151";"5,506";"14,299";"1,981";"1,037";"0,944";
"22/12/2023 16:20";"3,015";"0,000";"2,524";"0,000";"3,932";"0,000";"9,471";"0,000";"0,829";"0,000";"0,000";"0,550";"3,631";"3,140";"4,548";"11,319";"1,848";"1,003";"0,845";
"22/12/2023 16:30";"2,748";"0,000";"2,285";"0,000";"3,575";"0,000";"8,608";"0,000";"0,805";"0,000";"0,000";"0,330";"3,226";"2,762";"4,053";"10,041";"1,433";"0,794";"0,639";
"22/12/2023 16:40";"2,290";"0,000";"1,821";"0,000";"2,924";"0,000";"7,035";"0,000";"0,659";"0,000";"0,000";"0,378";"2,449";"1,980";"3,083";"7,512";"0,477";"0,250";"0,227";
"22/12/2023 16:50";"0,749";"0,000";"0,359";"0,000";"0,942";"0,000";"2,050";"0,000";"0,001";"0,000";"0,000";"0,205";"0,948";"0,558";"1,141";"2,648";"0,598";"0,308";"0,290";
"22/12/2023 17:00";"0,782";"0,000";"0,415";"0,000";"1,138";"0,000";"2,335";"0,000";"0,001";"0,000";"0,000";"0,214";"0,951";"0,583";"1,307";"2,841";"0,506";"0,263";"0,243";
"22/12/2023 17:10";"0,652";"0,000";"0,303";"0,000";"1,010";"0,000";"1,965";"0,000";"0,002";"0,000";"0,000";"0,137";"0,808";"0,459";"1,166";"2,434";"0,469";"0,253";"0,216";
"22/12/2023 17:20";"0,727";"0,000";"0,320";"0,000";"0,884";"0,000";"1,932";"0,000";"0,002";"0,000";"0,000";"0,070";"0,857";"0,450";"1,014";"2,322";"0,390";"0,206";"0,184";
"22/12/2023 17:30";"0,823";"0,000";"0,361";"0,000";"0,959";"0,000";"2,143";"0,000";"0,006";"0,000";"0,000";"0,052";"0,892";"0,429";"1,027";"2,349";"0,206";"0,108";"0,098";
"22/12/2023 17:40";"0,853";"0,000";"0,345";"0,000";"1,081";"0,000";"2,279";"0,000";"0,000";"0,000";"0,000";"0,224";"0,884";"0,376";"1,111";"2,371";"0,092";"0,048";"0,044";
"22/12/2023 17:50";"0,877";"0,000";"0,390";"0,000";"0,992";"0,000";"2,258";"0,000";"0,003";"0,000";"0,000";"0,127";"0,886";"0,398";"1,000";"2,283";"0,025";"0,013";"0,012";
"22/12/2023 18:00";"0,897";"0,000";"0,426";"0,000";"0,918";"0,000";"2,241";"0,000";"0,000";"0,000";"0,000";"0,205";"0,897";"0,426";"0,918";"2,241";"0,000";"0,000";"0,000";
"22/12/2023 18:10";"0,959";"0,000";"0,497";"0,000";"1,033";"0,000";"2,489";"0,000";"0,000";"0,000";"0,000";"0,250";"0,959";"0,497";"1,033";"2,489";"0,000";"0,000";"0,000";
"22/12/2023 18:20";"0,905";"0,000";"0,416";"0,000";"0,988";"0,000";"2,309";"0,000";"0,000";"0,000";"0,000";"0,187";"0,905";"0,416";"0,988";"2,309";"0,000";"0,000";"0,000";
"22/12/2023 18:30";"1,215";"0,000";"0,608";"0,000";"1,143";"0,000";"2,966";"0,000";"0,006";"0,000";"0,000";"0,341";"1,215";"0,608";"1,143";"2,966";"0,000";"0,000";"0,000";
"22/12/2023 18:40";"1,301";"0,000";"0,669";"0,000";"1,246";"0,000";"3,216";"0,000";"0,000";"0,000";"0,000";"0,391";"1,301";"0,669";"1,246";"3,216";"0,000";"0,000";"0,000";
"22/12/2023 18:50";"1,067";"0,000";"0,592";"0,000";"1,137";"0,000";"2,796";"0,000";"0,000";"0,000";"0,000";"0,257";"1,067";"0,592";"1,137";"2,796";"0,000";"0,000";"0,000";
"22/12/2023 19:00";"1,140";"0,000";"0,629";"0,000";"1,075";"0,000";"2,844";"0,000";"0,000";"0,000";"0,000";"0,312";"1,140";"0,629";"1,075";"2,844";"0,000";"0,000";"0,000";
"22/12/2023 19:10";"1,203";"0,000";"0,701";"0,000";"1,064";"0,000";"2,968";"0,000";"0,000";"0,000";"0,000";"0,388";"1,203";"0,701";"1,064";"2,968";"0,000";"0,000";"0,000";
"22/12/2023 19:20";"1,075";"0,000";"0,603";"0,000";"0,919";"0,000";"2,596";"0,000";"0,000";"0,000";"0,000";"0,306";"1,075";"0,603";"0,919";"2,596";"0,000";"0,000";"0,000";
"22/12/2023 19:30";"0,870";"0,000";"0,557";"0,000";"0,852";"0,000";"2,279";"0,000";"0,000";"0,000";"0,000";"0,140";"0,870";"0,557";"0,852";"2,279";"0,000";"0,000";"0,000";
"22/12/2023 19:40";"0,895";"0,000";"0,576";"0,000";"0,870";"0,000";"2,341";"0,000";"0,000";"0,000";"0,000";"0,265";"0,895";"0,576";"0,870";"2,341";"0,000";"0,000";"0,000";
"22/12/2023 19:50";"0,874";"0,000";"0,628";"0,000";"0,752";"0,000";"2,253";"0,000";"0,000";"0,000";"0,000";"0,233";"0,874";"0,628";"0,752";"2,253";"0,000";"0,000";"0,000";
"22/12/2023 20:00";"0,542";"0,000";"0,452";"0,000";"0,574";"0,000";"1,568";"0,000";"0,000";"0,000";"0,000";"0,087";"0,542";"0,452";"0,574";"1,568";"0,000";"0,000";"0,000";
"22/12/2023 20:10";"0,627";"0,000";"0,546";"0,000";"0,672";"0,000";"1,845";"0,000";"0,000";"0,000";"0,000";"0,091";"0,627";"0,546";"0,672";"1,845";"0,000";"0,000";"0,000";
"22/12/2023 20:20";"0,805";"0,000";"0,578";"0,000";"0,717";"0,000";"2,101";"0,000";"0,000";"0,000";"0,000";"0,229";"0,805";"0,578";"0,717";"2,101";"0,000";"0,000";"0,000";
"22/12/2023 20:30";"0,863";"0,000";"0,515";"0,000";"0,654";"0,000";"2,033";"0,000";"0,000";"0,000";"0,000";"0,204";"0,863";"0,515";"0,654";"2,033";"0,000";"0,000";"0,000";
"22/12/2023 20:40";"0,664";"0,000";"0,553";"0,000";"0,674";"0,000";"1,892";"0,000";"0,000";"0,000";"0,000";"0,110";"0,664";"0,553";"0,674";"1,892";"0,000";"0,000";"0,000";
"22/12/2023 20:50";"0,642";"0,000";"0,554";"0,000";"0,821";"0,000";"2,018";"0,000";"0,003";"0,000";"0,000";"0,188";"0,642";"0,554";"0,821";"2,018";"0,000";"0,000";"0,000";
"22/12/2023 21:00";"0,669";"0,000";"0,578";"0,000";"0,863";"0,000";"2,110";"0,000";"0,000";"0,000";"0,000";"0,244";"0,669";"0,578";"0,863";"2,110";"0,000";"0,000";"0,000";
"22/12/2023 21:10";"0,683";"0,000";"0,559";"0,000";"0,851";"0,000";"2,093";"0,000";"0,000";"0,000";"0,000";"0,261";"0,683";"0,559";"0,851";"2,093";"0,000";"0,000";"0,000";
"22/12/2023 21:20";"0,845";"0,000";"0,536";"0,000";"0,622";"0,000";"2,003";"0,000";"0,000";"0,000";"0,000";"0,193";"0,845";"0,536";"0,622";"2,003";"0,000";"0,000";"0,000";
"22/12/2023 21:30";"0,767";"0,000";"0,562";"0,000";"0,684";"0,000";"2,013";"0,000";"0,008";"0,000";"0,000";"0,106";"0,767";"0,562";"0,684";"2,013";"0,000";"0,000";"0,000";
"22/12/2023 21:40";"0,649";"0,000";"0,535";"0,000";"0,689";"0,000";"1,873";"0,000";"0,000";"0,000";"0,000";"0,203";"0,649";"0,535";"0,689";"1,873";"0,000";"0,000";"0,000";
"22/12/2023 21:50";"0,701";"0,000";"0,594";"0,000";"0,862";"0,000";"2,157";"0,000";"0,000";"0,000";"0,000";"0,227";"0,701";"0,594";"0,862";"2,157";"0,000";"0,000";"0,000";
"22/12/2023 22:00";"0,617";"0,000";"0,502";"0,000";"0,800";"0,000";"1,919";"0,000";"0,001";"0,000";"0,000";"0,151";"0,617";"0,502";"0,800";"1,919";"0,000";"0,000";"0,000";
"22/12/2023 22:10";"0,613";"0,000";"0,531";"0,000";"0,837";"0,000";"1,981";"0,000";"0,000";"0,000";"0,000";"0,279";"0,613";"0,531";"0,837";"1,981";"0,000";"0,000";"0,000";
"22/12/2023 22:20";"0,504";"0,000";"0,524";"0,000";"0,649";"0,000";"1,678";"0,000";"0,000";"0,000";"0,000";"0,149";"0,504";"0,524";"0,649";"1,678";"0,000";"0,000";"0,000";
"22/12/2023 22:30";"0,750";"0,000";"0,545";"0,000";"0,628";"0,000";"1,923";"0,000";"0,002";"0,000";"0,000";"0,054";"0,750";"0,545";"0,628";"1,923";"0,000";"0,000";"0,000";
"22/12/2023 22:40";"0,668";"0,000";"0,550";"0,000";"0,710";"0,000";"1,927";"0,000";"0,000";"0,000";"0,000";"0,252";"0,668";"0,550";"0,710";"1,927";"0,000";"0,000";"0,000";
"22/12/2023 22:50";"0,515";"0,000";"0,509";"0,000";"0,650";"0,000";"1,674";"0,000";"0,000";"0,000";"0,000";"0,202";"0,515";"0,509";"0,650";"1,674";"0,000";"0,000";"0,000";
"22/12/2023 23:00";"0,552";"0,000";"0,553";"0,000";"0,743";"0,000";"1,848";"0,000";"0,000";"0,000";"0,000";"0,138";"0,552";"0,553";"0,743";"1,848";"0,000";"0,000";"0,000";
"22/12/2023 23:10";"0,566";"0,000";"0,527";"0,000";"0,725";"0,000";"1,818";"0,000";"0,000";"0,000";"0,000";"0,250";"0,566";"0,527";"0,725";"1,818";"0,000";"0,000";"0,000";
"22/12/2023 23:20";"0,530";"0,000";"0,531";"0,000";"0,762";"0,000";"1,823";"0,000";"0,000";"0,000";"0,000";"0,227";"0,530";"0,531";"0,762";"1,823";"0,000";"0,000";"0,000";
"22/12/2023 23:30";"0,557";"0,000";"0,568";"0,000";"0,769";"0,000";"1,893";"0,000";"0,006";"0,000";"0,000";"0,117";"0,557";"0,568";"0,769";"1,893";"0,000";"0,000";"0,000";
"22/12/2023 23:40";"0,548";"0,000";"0,526";"0,000";"0,767";"0,000";"1,841";"0,000";"0,002";"0,000";"0,000";"0,208";"0,548";"0,526";"0,767";"1,841";"0,000";"0,000";"0,000";
"22/12/2023 23:50";"0,754";"0,000";"0,566";"0,000";"0,809";"0,000";"2,129";"0,000";"0,000";"0,000";"0,000";"0,308";"0,754";"0,566";"0,809";"2,129";"0,000";"0,000";"0,000";
"23/12/2023 00:00";"0,654";"0,000";"0,497";"0,000";"0,714";"0,000";"1,865";"0,000";"0,000";"0,000";"0,000";"0,154";"0,654";"0,497";"0,714";"1,865";"0,000";"0,000";"0,000";
"23/12/2023 00:10";"0,540";"0,000";"0,551";"0,000";"0,770";"0,000";"1,861";"0,000";"0,000";"0,000";"0,000";"0,177";"0,540";"0,551";"0,770";"1,861";"0,000";"0,000";"0,000";
"23/12/2023 00:20";"0,573";"0,000";"0,555";"0,000";"0,780";"0,000";"1,909";"0,000";"0,000";"0,000";"0,000";"0,213";"0,573";"0,555";"0,780";"1,909";"0,000";"0,000";"0,000";
"23/12/2023 00:30";"0,526";"0,000";"0,543";"0,000";"0,745";"0,000";"1,814";"0,000";"0,001";"0,000";"0,000";"0,219";"0,526";"0,543";"0,745";"1,814";"0,000";"0,000";"0,000";
"23/12/2023 00:40";"0,551";"0,000";"0,525";"0,000";"0,621";"0,000";"1,697";"0,000";"0,003";"0,000";"0,000";"0,153";"0,551";"0,525";"0,621";"1,697";"0,000";"0,000";"0,000";
"23/12/2023 00:50";"0,552";"0,000";"0,510";"0,000";"0,639";"0,000";"1,701";"0,000";"0,000";"0,000";"0,000";"0,215";"0,552";"0,510";"0,639";"1,701";"0,000";"0,000";"0,000";
"23/12/2023 01:00";"0,569";"0,000";"0,570";"0,000";"0,665";"0,000";"1,804";"0,000";"0,000";"0,000";"0,000";"0,227";"0,569";"0,570";"0,665";"1,804";"0,000";"0,000";"0,000";
"23/12/2023 01:10";"0,522";"0,000";"0,546";"0,000";"0,630";"0,000";"1,697";"0,000";"0,003";"0,000";"0,000";"0,139";"0,522";"0,546";"0,630";"1,697";"0,000";"0,000";"0,000";
"23/12/2023 01:20";"0,534";"0,000";"0,542";"0,000";"0,656";"0,000";"1,732";"0,000";"0,000";"0,000";"0,000";"0,178";"0,534";"0,542";"0,656";"1,732";"0,000";"0,000";"0,000";
"23/12/2023 01:30";"0,741";"0,000";"0,520";"0,000";"0,743";"0,000";"2,004";"0,000";"0,000";"0,000";"0,000";"0,279";"0,741";"0,520";"0,743";"2,004";"0,000";"0,000";"0,000";
"23/12/2023 01:40";"0,680";"0,000";"0,524";"0,000";"0,785";"0,000";"1,989";"0,000";"0,000";"0,000";"0,000";"0,223";"0,680";"0,524";"0,785";"1,989";"0,000";"0,000";"0,000";
"23/12/2023 01:50";"0,559";"0,000";"0,560";"0,000";"0,767";"0,000";"1,886";"0,000";"0,000";"0,000";"0,000";"0,159";"0,559";"0,560";"0,767";"1,886";"0,000";"0,000";"0,000";
"23/12/2023 02:00";"0,587";"0,000";"0,566";"0,000";"0,640";"0,000";"1,794";"0,000";"0,000";"0,000";"0,000";"0,264";"0,587";"0,566";"0,640";"1,794";"0,000";"0,000";"0,000";
"23/12/2023 02:10";"0,538";"0,000";"0,516";"0,000";"0,648";"0,000";"1,703";"0,000";"0,000";"0,000";"0,000";"0,279";"0,538";"0,516";"0,648";"1,703";"0,000";"0,000";"0,000";
"23/12/2023 02:20";"0,553";"0,000";"0,547";"0,000";"0,707";"0,000";"1,807";"0,000";"0,001";"0,000";"0,000";"0,155";"0,553";"0,547";"0,707";"1,807";"0,000";"0,000";"0,000";
"23/12/2023 02:30";"0,552";"0,000";"0,566";"0,000";"0,807";"0,000";"1,925";"0,000";"0,000";"0,000";"0,000";"0,277";"0,552";"0,566";"0,807";"1,925";"0,000";"0,000";"0,000";
"23/12/2023 02:40";"0,587";"0,000";"0,576";"0,000";"0,828";"0,000";"1,991";"0,000";"0,000";"0,000";"0,000";"0,279";"0,587";"0,576";"0,828";"1,991";"0,000";"0,000";"0,000";
"23/12/2023 02:50";"0,507";"0,000";"0,497";"0,000";"0,567";"0,000";"1,572";"0,000";"0,001";"0,000";"0,000";"0,207";"0,507";"0,497";"0,567";"1,572";"0,000";"0,000";"0,000";
"23/12/2023 03:00";"0,567";"0,000";"0,564";"0,000";"0,673";"0,000";"1,805";"0,000";"0,003";"0,000";"0,000";"0,177";"0,567";"0,564";"0,673";"1,805";"0,000";"0,000";"0,000";
"23/12/2023 03:10";"0,581";"0,000";"0,567";"0,000";"0,683";"0,000";"1,831";"0,000";"0,000";"0,000";"0,000";"0,282";"0,581";"0,567";"0,683";"1,831";"0,000";"0,000";"0,000";
"23/12/2023 03:20";"0,610";"0,000";"0,511";"0,000";"0,660";"0,000";"1,780";"0,000";"0,000";"0,000";"0,000";"0,278";"0,610";"0,511";"0,660";"1,780";"0,000";"0,000";"0,000";
"23/12/2023 03:30";"0,804";"0,000";"0,545";"0,000";"0,747";"0,000";"2,096";"0,000";"0,002";"0,000";"0,000";"0,084";"0,804";"0,545";"0,747";"2,096";"0,000";"0,000";"0,000";
"23/12/2023 03:40";"0,600";"0,000";"0,595";"0,000";"0,826";"0,000";"2,021";"0,000";"0,002";"0,000";"0,000";"0,247";"0,600";"0,595";"0,826";"2,021";"0,000";"0,000";"0,000";
"23/12/2023 03:50";"0,581";"0,000";"0,579";"0,000";"0,803";"0,000";"1,964";"0,000";"0,000";"0,000";"0,000";"0,291";"0,581";"0,579";"0,803";"1,964";"0,000";"0,000";"0,000";
"23/12/2023 04:00";"0,509";"0,000";"0,521";"0,000";"0,721";"0,000";"1,752";"0,000";"0,001";"0,000";"0,000";"0,150";"0,509";"0,521";"0,721";"1,752";"0,000";"0,000";"0,000";
"23/12/2023 04:10";"0,573";"0,000";"0,583";"0,000";"0,768";"0,000";"1,924";"0,000";"0,005";"0,000";"0,000";"0,219";"0,573";"0,583";"0,768";"1,924";"0,000";"0,000";"0,000";
"23/12/2023 04:20";"0,629";"0,000";"0,616";"0,000";"0,823";"0,000";"2,068";"0,000";"0,000";"0,000";"0,000";"0,320";"0,629";"0,616";"0,823";"2,068";"0,000";"0,000";"0,000";
"23/12/2023 04:30";"0,523";"0,000";"0,533";"0,000";"0,729";"0,000";"1,786";"0,000";"0,000";"0,000";"0,000";"0,232";"0,523";"0,533";"0,729";"1,786";"0,000";"0,000";"0,000";
"23/12/2023 04:40";"0,551";"0,000";"0,533";"0,000";"0,745";"0,000";"1,829";"0,000";"0,003";"0,000";"0,000";"0,142";"0,551";"0,533";"0,745";"1,829";"0,000";"0,000";"0,000";
"23/12/2023 04:50";"0,628";"0,000";"0,639";"0,000";"0,822";"0,000";"2,090";"0,000";"0,000";"0,000";"0,000";"0,256";"0,628";"0,639";"0,822";"2,090";"0,000";"0,000";"0,000";
"23/12/2023 05:00";"0,556";"0,000";"0,553";"0,000";"0,776";"0,000";"1,885";"0,000";"0,000";"0,000";"0,000";"0,257";"0,556";"0,553";"0,776";"1,885";"0,000";"0,000";"0,000";
"23/12/2023 05:10";"0,548";"0,000";"0,560";"0,000";"0,758";"0,000";"1,866";"0,000";"0,000";"0,000";"0,000";"0,135";"0,548";"0,560";"0,758";"1,866";"0,000";"0,000";"0,000";
"23/12/2023 05:20";"0,582";"0,000";"0,553";"0,000";"0,779";"0,000";"1,913";"0,000";"0,000";"0,000";"0,000";"0,286";"0,582";"0,553";"0,779";"1,913";"0,000";"0,000";"0,000";
"23/12/2023 05:30";"0,853";"0,000";"0,605";"0,000";"0,826";"0,000";"2,284";"0,000";"0,000";"0,000";"0,000";"0,274";"0,853";"0,605";"0,826";"2,284";"0,000";"0,000";"0,000";
"23/12/2023 05:40";"0,577";"0,000";"0,516";"0,000";"0,746";"0,000";"1,839";"0,000";"0,000";"0,000";"0,000";"0,234";"0,577";"0,516";"0,746";"1,839";"0,000";"0,000";"0,000";
"23/12/2023 05:50";"0,563";"0,000";"0,525";"0,000";"0,783";"0,000";"1,870";"0,000";"0,000";"0,000";"0,000";"0,303";"0,563";"0,525";"0,783";"1,870";"0,000";"0,000";"0,000";
"23/12/2023 06:00";"0,632";"0,000";"0,649";"0,000";"0,844";"0,000";"2,125";"0,000";"0,000";"0,000";"0,000";"0,261";"0,632";"0,649";"0,844";"2,125";"0,000";"0,000";"0,000";
"23/12/2023 06:10";"0,567";"0,000";"0,583";"0,000";"0,784";"0,000";"1,934";"0,000";"0,001";"0,000";"0,000";"0,213";"0,567";"0,583";"0,784";"1,934";"0,000";"0,000";"0,000";
"23/12/2023 06:20";"0,561";"0,000";"0,567";"0,000";"0,772";"0,000";"1,900";"0,000";"0,002";"0,000";"0,000";"0,149";"0,561";"0,567";"0,772";"1,900";"0,000";"0,000";"0,000";
"23/12/2023 06:30";"0,547";"0,000";"0,524";"0,000";"0,763";"0,000";"1,834";"0,000";"0,006";"0,000";"0,000";"0,185";"0,547";"0,524";"0,763";"1,834";"0,000";"0,000";"0,000";
"23/12/2023 06:40";"0,592";"0,000";"0,576";"0,000";"0,805";"0,000";"1,973";"0,000";"0,003";"0,000";"0,000";"0,150";"0,592";"0,576";"0,805";"1,973";"0,000";"0,000";"0,000";
"23/12/2023 06:50";"0,623";"0,000";"0,629";"0,000";"0,846";"0,000";"2,097";"0,000";"0,000";"0,000";"0,000";"0,266";"0,623";"0,629";"0,846";"2,097";"0,000";"0,000";"0,000";
"23/12/2023 07:00";"0,566";"0,000";"0,607";"0,000";"0,804";"0,000";"1,978";"0,000";"0,000";"0,000";"0,000";"0,225";"0,566";"0,607";"0,804";"1,978";"0,000";"0,000";"0,000";
"23/12/2023 07:10";"0,541";"0,000";"0,547";"0,000";"0,761";"0,000";"1,850";"0,000";"0,004";"0,000";"0,000";"0,182";"0,541";"0,547";"0,761";"1,850";"0,000";"0,000";"0,000";
"23/12/2023 07:20";"0,515";"0,000";"0,500";"0,000";"0,728";"0,000";"1,743";"0,000";"0,000";"0,000";"0,000";"0,227";"0,515";"0,500";"0,728";"1,743";"0,000";"0,000";"0,000";
"23/12/2023 07:30";"0,618";"0,000";"0,495";"0,000";"0,708";"0,000";"1,821";"0,000";"0,007";"0,000";"0,000";"0,100";"0,618";"0,495";"0,708";"1,821";"0,000";"0,000";"0,000";
"23/12/2023 07:40";"0,795";"0,000";"0,515";"0,000";"0,710";"0,000";"2,020";"0,000";"0,000";"0,000";"0,000";"0,178";"0,795";"0,515";"0,710";"2,020";"0,000";"0,000";"0,000";
"23/12/2023 07:50";"0,623";"0,000";"0,650";"0,000";"0,733";"0,000";"2,005";"0,000";"0,000";"0,000";"0,000";"0,255";"0,623";"0,650";"0,733";"2,005";"0,000";"0,000";"0,000";
"23/12/2023 08:00";"0,629";"0,000";"0,626";"0,000";"0,746";"0,000";"2,001";"0,000";"0,000";"0,000";"0,000";"0,265";"0,629";"0,626";"0,746";"2,001";"0,000";"0,000";"0,000";
"23/12/2023 08:10";"0,578";"0,000";"0,576";"0,000";"0,719";"0,000";"1,873";"0,000";"0,000";"0,000";"0,000";"0,227";"0,578";"0,576";"0,719";"1,873";"0,000";"0,000";"0,000";
"23/12/2023 08:20";"0,551";"0,000";"0,514";"0,000";"0,677";"0,000";"1,742";"0,000";"0,000";"0,000";"0,000";"0,197";"0,551";"0,514";"0,677";"1,742";"0,000";"0,000";"0,000";
"23/12/2023 08:30";"0,549";"0,000";"0,566";"0,000";"0,697";"0,000";"1,811";"0,000";"0,000";"0,000";"0,000";"0,276";"0,549";"0,566";"0,697";"1,811";"0,000";"0,000";"0,000";
"23/12/2023 08:40";"0,570";"0,000";"0,578";"0,000";"0,843";"0,000";"1,990";"0,000";"0,000";"0,000";"0,000";"0,241";"0,570";"0,578";"0,843";"1,990";"0,000";"0,000";"0,000";
"23/12/2023 08:50";"0,492";"0,000";"0,479";"0,000";"0,789";"0,000";"1,760";"0,000";"0,000";"0,000";"0,000";"0,209";"0,492";"0,479";"0,789";"1,761";"0,001";"0,001";"0,000";
"23/12/2023 09:00";"0,508";"0,000";"0,477";"0,000";"0,747";"0,000";"1,732";"0,000";"0,000";"0,000";"0,000";"0,224";"0,519";"0,488";"0,757";"1,764";"0,032";"0,017";"0,015";
"23/12/2023 09:10";"0,489";"0,000";"0,425";"0,000";"0,722";"0,000";"1,636";"0,000";"0,000";"0,000";"0,000";"0,214";"0,516";"0,451";"0,748";"1,715";"0,079";"0,043";"0,036";
"23/12/2023 09:20";"0,498";"0,000";"0,370";"0,000";"0,659";"0,000";"1,527";"0,000";"0,001";"0,000";"0,000";"0,098";"0,553";"0,425";"0,714";"1,692";"0,165";"0,099";"0,066";
"23/12/2023 09:30";"0,518";"0,000";"0,389";"0,000";"0,657";"0,000";"1,565";"0,000";"0,041";"0,000";"0,000";"0,049";"0,622";"0,493";"0,761";"1,876";"0,311";"0,204";"0,107";
"23/12/2023 09:40";"0,527";"0,000";"0,368";"0,000";"0,679";"0,000";"1,574";"0,000";"0,000";"0,000";"0,000";"0,186";"0,693";"0,533";"0,845";"2,071";"0,497";"0,351";"0,146";
"23/12/2023 09:50";"0,708";"0,000";"0,427";"0,000";"0,725";"0,000";"1,861";"0,000";"0,000";"0,000";"0,000";"0,179";"0,938";"0,657";"0,954";"2,550";"0,689";"0,489";"0,200";
"23/12/2023 10:00";"0,787";"0,000";"0,447";"0,000";"0,730";"0,000";"1,964";"0,000";"0,000";"0,000";"0,000";"0,147";"1,105";"0,765";"1,048";"2,918";"0,954";"0,657";"0,297";
"23/12/2023 10:10";"0,578";"0,000";"0,470";"0,000";"0,688";"0,000";"1,736";"0,000";"0,000";"0,000";"0,000";"0,141";"0,991";"0,883";"1,102";"2,976";"1,240";"0,825";"0,415";
"23/12/2023 10:20";"0,485";"0,000";"0,412";"0,000";"0,543";"0,000";"1,440";"0,000";"0,000";"0,000";"0,000";"0,215";"0,971";"0,898";"1,028";"2,896";"1,456";"0,955";"0,501";
"23/12/2023 10:30";"0,406";"0,000";"0,355";"0,000";"0,538";"0,000";"1,298";"0,000";"0,002";"0,000";"0,000";"0,162";"1,004";"0,953";"1,136";"3,092";"1,794";"1,095";"0,699";
"23/12/2023 10:40";"0,424";"0,000";"0,370";"0,000";"0,546";"0,000";"1,340";"0,000";"0,014";"0,000";"0,000";"0,092";"1,184";"1,130";"1,306";"3,620";"2,280";"1,282";"0,998";
"23/12/2023 10:50";"0,438";"0,000";"0,415";"0,000";"0,555";"0,000";"1,409";"0,000";"0,000";"0,000";"0,000";"0,188";"1,167";"1,144";"1,284";"3,595";"2,186";"1,216";"0,970";
"23/12/2023 11:00";"0,434";"0,000";"0,406";"0,000";"0,686";"0,000";"1,525";"0,000";"0,000";"0,000";"0,000";"0,184";"0,683";"0,655";"0,936";"2,274";"0,749";"0,425";"0,324";
"23/12/2023 11:10";"0,403";"0,000";"0,358";"0,000";"0,691";"0,000";"1,452";"0,000";"0,024";"0,000";"0,000";"0,108";"0,656";"0,611";"0,944";"2,211";"0,759";"0,428";"0,331";
"23/12/2023 11:20";"0,349";"0,000";"0,323";"0,000";"0,626";"0,000";"1,297";"0,000";"0,004";"0,000";"0,000";"0,071";"1,322";"1,296";"1,600";"4,217";"2,920";"1,676";"1,244";
"23/12/2023 11:30";"0,347";"0,000";"0,309";"0,000";"0,502";"0,000";"1,157";"0,000";"0,030";"0,000";"0,000";"0,027";"1,491";"1,454";"1,646";"4,591";"3,434";"1,852";"1,582";
"23/12/2023 11:40";"0,341";"0,000";"0,325";"0,000";"0,425";"0,000";"1,092";"0,000";"0,001";"0,000";"0,000";"0,091";"1,525";"1,510";"1,609";"4,645";"3,553";"1,934";"1,619";
"23/12/2023 11:50";"0,323";"0,000";"0,292";"0,000";"0,432";"0,000";"1,047";"0,000";"0,009";"0,000";"0,000";"0,061";"1,613";"1,582";"1,722";"4,916";"3,869";"2,130";"1,739";
"23/12/2023 12:00";"0,302";"0,000";"0,238";"0,000";"0,481";"0,000";"1,021";"0,000";"0,000";"0,000";"0,000";"0,114";"1,641";"1,577";"1,820";"5,039";"4,018";"2,217";"1,801";
"23/12/2023 12:10";"0,349";"0,000";"0,303";"0,000";"0,566";"0,000";"1,218";"0,000";"0,009";"0,000";"0,000";"0,029";"1,851";"1,806";"2,068";"5,725";"4,507";"2,372";"2,135";
"23/12/2023 12:20";"0,579";"0,000";"0,371";"0,000";"0,612";"0,000";"1,562";"0,000";"0,019";"0,000";"0,000";"0,046";"2,193";"1,985";"2,227";"6,405";"4,843";"2,460";"2,383";
"23/12/2023 12:30";"0,653";"0,000";"0,450";"0,000";"0,576";"0,000";"1,679";"0,000";"0,000";"0,000";"0,000";"0,208";"2,480";"2,276";"2,402";"7,158";"5,479";"2,754";"2,725";
"23/12/2023 12:40";"0,497";"0,000";"0,477";"0,000";"0,564";"0,000";"1,538";"0,000";"0,000";"0,000";"0,000";"0,188";"2,198";"2,177";"2,265";"6,639";"5,101";"2,555";"2,546";
"23/12/2023 12:50";"0,484";"0,000";"0,484";"0,000";"0,581";"0,000";"1,549";"0,000";"0,000";"0,000";"0,000";"0,161";"2,229";"2,229";"2,326";"6,785";"5,236";"2,622";"2,614";
"23/12/2023 13:00";"0,478";"0,000";"0,477";"0,000";"0,583";"0,000";"1,538";"0,000";"0,000";"0,000";"0,000";"0,162";"2,305";"2,304";"2,410";"7,019";"5,481";"2,748";"2,733";
"23/12/2023 13:10";"0,487";"0,000";"0,404";"0,000";"0,564";"0,000";"1,455";"0,000";"0,000";"0,000";"0,000";"0,230";"2,223";"2,141";"2,300";"6,664";"5,209";"2,622";"2,587";
"23/12/2023 13:20";"0,395";"0,000";"0,367";"0,000";"0,483";"0,000";"1,245";"0,000";"0,006";"0,000";"0,000";"0,096";"2,229";"2,201";"2,316";"6,746";"5,501";"2,767";"2,734";
"23/12/2023 13:30";"0,398";"0,000";"0,374";"0,000";"0,636";"0,000";"1,408";"0,000";"0,041";"0,000";"0,000";"0,002";"2,239";"2,215";"2,476";"6,930";"5,522";"2,771";"2,751";
"23/12/2023 13:40";"0,431";"0,000";"0,386";"0,000";"0,676";"0,000";"1,493";"0,000";"0,010";"0,000";"0,000";"0,192";"2,316";"2,271";"2,561";"7,148";"5,655";"2,840";"2,815";
"23/12/2023 13:50";"0,471";"0,000";"0,438";"0,000";"0,584";"0,000";"1,492";"0,000";"0,000";"0,000";"0,000";"0,171";"2,028";"1,995";"2,141";"6,164";"4,672";"2,374";"2,298";
"23/12/2023 14:00";"0,463";"0,000";"0,429";"0,000";"0,542";"0,000";"1,434";"0,000";"0,000";"0,000";"0,000";"0,186";"2,153";"2,119";"2,232";"6,503";"5,069";"2,562";"2,507";
"23/12/2023 14:10";"0,368";"0,000";"0,350";"0,000";"0,478";"0,000";"1,197";"0,000";"0,015";"0,000";"0,000";"0,164";"1,924";"1,906";"2,034";"5,864";"4,667";"2,354";"2,313";
"23/12/2023 14:20";"0,401";"0,000";"0,388";"0,000";"0,505";"0,000";"1,294";"0,000";"0,045";"0,000";"0,000";"0,011";"2,013";"2,001";"2,117";"6,131";"4,837";"2,439";"2,398";
"23/12/2023 14:30";"0,480";"0,000";"0,432";"0,000";"0,615";"0,000";"1,527";"0,000";"0,000";"0,000";"0,000";"0,168";"2,054";"2,006";"2,189";"6,249";"4,722";"2,385";"2,337";
"23/12/2023 14:40";"0,460";"0,000";"0,438";"0,000";"0,690";"0,000";"1,588";"0,000";"0,000";"0,000";"0,000";"0,182";"1,995";"1,973";"2,225";"6,193";"4,605";"2,330";"2,275";
"23/12/2023 14:50";"0,368";"0,000";"0,347";"0,000";"0,612";"0,000";"1,327";"0,000";"0,024";"0,000";"0,000";"0,019";"1,843";"1,822";"2,087";"5,751";"4,424";"2,232";"2,192";
"23/12/2023 15:00";"0,449";"0,000";"0,395";"0,000";"0,471";"0,000";"1,315";"0,000";"0,017";"0,000";"0,000";"0,122";"1,866";"1,812";"1,887";"5,565";"4,250";"2,144";"2,106";
"23/12/2023 15:10";"0,716";"0,000";"0,403";"0,000";"0,547";"0,000";"1,666";"0,000";"0,000";"0,000";"0,000";"0,234";"2,062";"1,748";"1,892";"5,702";"4,036";"2,030";"2,006";
"23/12/2023 15:20";"0,440";"0,000";"0,330";"0,000";"0,453";"0,000";"1,223";"0,000";"0,023";"0,000";"0,000";"0,081";"1,708";"1,598";"1,721";"5,028";"3,805";"1,912";"1,893";
"23/12/2023 15:30";"0,405";"0,000";"0,374";"0,000";"0,486";"0,000";"1,265";"0,000";"0,034";"0,000";"0,000";"0,046";"1,596";"1,566";"1,677";"4,840";"3,575";"1,792";"1,783";
"23/12/2023 15:40";"0,435";"0,000";"0,412";"0,000";"0,650";"0,000";"1,497";"0,000";"0,005";"0,000";"0,000";"0,144";"1,541";"1,518";"1,756";"4,815";"3,318";"1,661";"1,657";
"23/12/2023 15:50";"0,402";"0,000";"0,344";"0,000";"0,654";"0,000";"1,400";"0,000";"0,000";"0,000";"0,000";"0,194";"1,422";"1,364";"1,674";"4,461";"3,061";"1,542";"1,519";
"23/12/2023 16:00";"0,387";"0,000";"0,342";"0,000";"0,452";"0,000";"1,181";"0,000";"0,022";"0,000";"0,000";"0,004";"1,298";"1,253";"1,363";"3,914";"2,733";"1,394";"1,339";
"23/12/2023 16:10";"0,375";"0,000";"0,366";"0,000";"0,461";"0,000";"1,202";"0,000";"0,015";"0,000";"0,000";"0,044";"1,156";"1,146";"1,242";"3,544";"2,342";"1,234";"1,108";
"23/12/2023 16:20";"0,431";"0,000";"0,432";"0,000";"0,605";"0,000";"1,467";"0,000";"0,000";"0,000";"0,000";"0,179";"1,070";"1,071";"1,244";"3,384";"1,917";"1,063";"0,854";
"23/12/2023 16:30";"0,336";"0,000";"0,260";"0,000";"0,527";"0,000";"1,123";"0,000";"0,000";"0,000";"0,000";"0,099";"0,836";"0,760";"1,028";"2,624";"1,501";"0,896";"0,605";
"23/12/2023 16:40";"0,407";"0,000";"0,383";"0,000";"0,459";"0,000";"1,248";"0,000";"0,023";"0,000";"0,000";"0,106";"0,838";"0,813";"0,890";"2,540";"1,292";"0,763";"0,529";
"23/12/2023 16:50";"0,424";"0,000";"0,408";"0,000";"0,509";"0,000";"1,341";"0,000";"0,000";"0,000";"0,000";"0,156";"0,783";"0,767";"0,868";"2,418";"1,077";"0,615";"0,462";
"23/12/2023 17:00";"0,364";"0,000";"0,333";"0,000";"0,458";"0,000";"1,155";"0,000";"0,000";"0,000";"0,000";"0,095";"0,631";"0,600";"0,726";"1,957";"0,802";"0,461";"0,341";
"23/12/2023 17:10";"0,383";"0,000";"0,327";"0,000";"0,478";"0,000";"1,188";"0,000";"0,017";"0,000";"0,000";"0,025";"0,549";"0,493";"0,644";"1,686";"0,498";"0,301";"0,197";
"23/12/2023 17:20";"0,396";"0,000";"0,356";"0,000";"0,495";"0,000";"1,246";"0,000";"0,009";"0,000";"0,000";"0,058";"0,503";"0,462";"0,601";"1,565";"0,319";"0,203";"0,116";
"23/12/2023 17:30";"0,436";"0,000";"0,411";"0,000";"0,524";"0,000";"1,371";"0,000";"0,000";"0,000";"0,000";"0,176";"0,503";"0,478";"0,590";"1,570";"0,199";"0,118";"0,081";
"23/12/2023 17:40";"0,351";"0,000";"0,309";"0,000";"0,469";"0,000";"1,129";"0,000";"0,001";"0,000";"0,000";"0,061";"0,385";"0,344";"0,503";"1,232";"0,103";"0,056";"0,047";
"23/12/2023 17:50";"0,542";"0,000";"0,345";"0,000";"0,645";"0,000";"1,532";"0,000";"0,011";"0,000";"0,000";"0,131";"0,556";"0,359";"0,660";"1,575";"0,043";"0,023";"0,020";
"23/12/2023 18:00";"0,598";"0,000";"0,312";"0,000";"0,502";"0,000";"1,412";"0,000";"0,004";"0,000";"0,000";"0,078";"0,600";"0,314";"0,504";"1,418";"0,006";"0,003";"0,003";
"23/12/2023 18:10";"0,424";"0,000";"0,397";"0,000";"0,485";"0,000";"1,306";"0,000";"0,017";"0,000";"0,000";"0,023";"0,424";"0,397";"0,485";"1,306";"0,000";"0,000";"0,000";
"23/12/2023 18:20";"0,484";"0,000";"0,452";"0,000";"0,584";"0,000";"1,520";"0,000";"0,000";"0,000";"0,000";"0,253";"0,484";"0,452";"0,584";"1,520";"0,000";"0,000";"0,000";
"23/12/2023 18:30";"0,464";"0,000";"0,460";"0,000";"0,572";"0,000";"1,496";"0,000";"0,000";"0,000";"0,000";"0,162";"0,464";"0,460";"0,572";"1,496";"0,000";"0,000";"0,000";
"23/12/2023 18:40";"0,525";"0,000";"0,523";"0,000";"0,678";"0,000";"1,726";"0,000";"0,002";"0,000";"0,000";"0,160";"0,525";"0,523";"0,678";"1,726";"0,000";"0,000";"0,000";
"23/12/2023 18:50";"0,573";"0,000";"0,575";"0,000";"0,828";"0,000";"1,976";"0,000";"0,000";"0,000";"0,000";"0,219";"0,573";"0,575";"0,828";"1,976";"0,000";"0,000";"0,000";
"23/12/2023 19:00";"0,543";"0,000";"0,541";"0,000";"0,811";"0,000";"1,895";"0,000";"0,000";"0,000";"0,000";"0,264";"0,543";"0,541";"0,811";"1,895";"0,000";"0,000";"0,000";
"23/12/2023 19:10";"0,564";"0,000";"0,542";"0,000";"0,736";"0,000";"1,842";"0,000";"0,000";"0,000";"0,000";"0,227";"0,564";"0,542";"0,736";"1,842";"0,000";"0,000";"0,000";
"23/12/2023 19:20";"0,567";"0,000";"0,550";"0,000";"0,642";"0,000";"1,759";"0,000";"0,000";"0,000";"0,000";"0,274";"0,567";"0,550";"0,642";"1,759";"0,000";"0,000";"0,000";
"23/12/2023 19:30";"0,563";"0,000";"0,562";"0,000";"0,694";"0,000";"1,819";"0,000";"0,000";"0,000";"0,000";"0,289";"0,563";"0,562";"0,694";"1,819";"0,000";"0,000";"0,000";
"23/12/2023 19:40";"0,527";"0,000";"0,541";"0,000";"0,708";"0,000";"1,776";"0,000";"0,004";"0,000";"0,000";"0,141";"0,527";"0,541";"0,708";"1,776";"0,000";"0,000";"0,000";
"23/12/2023 19:50";"0,553";"0,000";"0,543";"0,000";"0,833";"0,000";"1,928";"0,000";"0,000";"0,000";"0,000";"0,220";"0,553";"0,543";"0,833";"1,928";"0,000";"0,000";"0,000";
"23/12/2023 20:00";"0,584";"0,000";"0,561";"0,000";"0,848";"0,000";"1,993";"0,000";"0,000";"0,000";"0,000";"0,326";"0,584";"0,561";"0,848";"1,993";"0,000";"0,000";"0,000";
"23/12/2023 20:10";"0,528";"0,000";"0,547";"0,000";"0,791";"0,000";"1,867";"0,000";"0,000";"0,000";"0,000";"0,218";"0,528";"0,547";"0,791";"1,867";"0,000";"0,000";"0,000";
"23/12/2023 20:20";"0,560";"0,000";"0,566";"0,000";"0,817";"0,000";"1,942";"0,000";"0,000";"0,000";"0,000";"0,152";"0,560";"0,566";"0,817";"1,942";"0,000";"0,000";"0,000";
"23/12/2023 20:30";"0,580";"0,000";"0,543";"0,000";"0,832";"0,000";"1,955";"0,000";"0,000";"0,000";"0,000";"0,313";"0,580";"0,543";"0,832";"1,955";"0,000";"0,000";"0,000";
"23/12/2023 20:40";"0,723";"0,000";"0,548";"0,000";"0,743";"0,000";"2,014";"0,000";"0,000";"0,000";"0,000";"0,249";"0,723";"0,548";"0,743";"2,014";"0,000";"0,000";"0,000";
"23/12/2023 20:50";"0,805";"0,000";"0,551";"0,000";"0,724";"0,000";"2,080";"0,000";"0,000";"0,000";"0,000";"0,220";"0,805";"0,551";"0,724";"2,080";"0,000";"0,000";"0,000";
"23/12/2023 21:00";"0,503";"0,000";"0,486";"0,000";"0,604";"0,000";"1,593";"0,000";"0,000";"0,000";"0,000";"0,284";"0,503";"0,486";"0,604";"1,593";"0,000";"0,000";"0,000";
"23/12/2023 21:10";"0,486";"0,000";"0,507";"0,000";"0,603";"0,000";"1,596";"0,000";"0,000";"0,000";"0,000";"0,098";"0,486";"0,507";"0,603";"1,596";"0,000";"0,000";"0,000";
"23/12/2023 21:20";"0,549";"0,000";"0,544";"0,000";"0,672";"0,000";"1,765";"0,000";"0,000";"0,000";"0,000";"0,182";"0,549";"0,544";"0,672";"1,765";"0,000";"0,000";"0,000";
"23/12/2023 21:30";"0,612";"0,000";"0,605";"0,000";"0,723";"0,000";"1,940";"0,000";"0,000";"0,000";"0,000";"0,268";"0,612";"0,605";"0,723";"1,940";"0,000";"0,000";"0,000";
"23/12/2023 21:40";"0,520";"0,000";"0,506";"0,000";"0,625";"0,000";"1,650";"0,000";"0,000";"0,000";"0,000";"0,192";"0,520";"0,506";"0,625";"1,650";"0,000";"0,000";"0,000";
"23/12/2023 21:50";"0,639";"0,000";"0,547";"0,000";"0,673";"0,000";"1,859";"0,000";"0,000";"0,000";"0,000";"0,151";"0,639";"0,547";"0,673";"1,859";"0,000";"0,000";"0,000";
"23/12/2023 22:00";"0,714";"0,000";"0,624";"0,000";"0,729";"0,000";"2,066";"0,000";"0,000";"0,000";"0,000";"0,227";"0,714";"0,624";"0,729";"2,066";"0,000";"0,000";"0,000";
"23/12/2023 22:10";"0,625";"0,000";"0,527";"0,000";"0,663";"0,000";"1,815";"0,000";"0,000";"0,000";"0,000";"0,195";"0,625";"0,527";"0,663";"1,815";"0,000";"0,000";"0,000";
"23/12/2023 22:20";"0,634";"0,000";"0,539";"0,000";"0,833";"0,000";"2,006";"0,000";"0,004";"0,000";"0,000";"0,129";"0,634";"0,539";"0,833";"2,006";"0,000";"0,000";"0,000";
"23/12/2023 22:30";"0,666";"0,000";"0,591";"0,000";"0,842";"0,000";"2,099";"0,000";"0,000";"0,000";"0,000";"0,249";"0,666";"0,591";"0,842";"2,099";"0,000";"0,000";"0,000";
"23/12/2023 22:40";"0,609";"0,000";"0,621";"0,000";"0,846";"0,000";"2,076";"0,000";"0,000";"0,000";"0,000";"0,236";"0,609";"0,621";"0,846";"2,076";"0,000";"0,000";"0,000";
"23/12/2023 22:50";"0,541";"0,000";"0,511";"0,000";"0,768";"0,000";"1,819";"0,000";"0,000";"0,000";"0,000";"0,191";"0,541";"0,511";"0,768";"1,819";"0,000";"0,000";"0,000";
"23/12/2023 23:00";"0,547";"0,000";"0,538";"0,000";"0,785";"0,000";"1,870";"0,000";"0,000";"0,000";"0,000";"0,259";"0,547";"0,538";"0,785";"1,870";"0,000";"0,000";"0,000";
"23/12/2023 23:10";"0,612";"0,000";"0,600";"0,000";"0,841";"0,000";"2,053";"0,000";"0,000";"0,000";"0,000";"0,271";"0,612";"0,600";"0,841";"2,053";"0,000";"0,000";"0,000";
"23/12/2023 23:20";"0,817";"0,000";"0,671";"0,000";"0,898";"0,000";"2,386";"0,000";"0,000";"0,000";"0,000";"0,259";"0,817";"0,671";"0,898";"2,386";"0,000";"0,000";"0,000";
"23/12/2023 23:30";"0,854";"0,000";"0,615";"0,000";"0,851";"0,000";"2,320";"0,000";"0,000";"0,000";"0,000";"0,284";"0,854";"0,615";"0,851";"2,320";"0,000";"0,000";"0,000";
"23/12/2023 23:40";"0,553";"0,000";"0,517";"0,000";"0,768";"0,000";"1,838";"0,000";"0,000";"0,000";"0,000";"0,290";"0,553";"0,517";"0,768";"1,838";"0,000";"0,000";"0,000";
"23/12/2023 23:50";"0,587";"0,000";"0,594";"0,000";"0,827";"0,000";"2,009";"0,000";"0,000";"0,000";"0,000";"0,270";"0,587";"0,594";"0,827";"2,009";"0,000";"0,000";"0,000";
"24/12/2023 00:00";"0,635";"0,000";"0,676";"0,000";"0,869";"0,000";"2,181";"0,000";"0,000";"0,000";"0,000";"0,243";"0,635";"0,676";"0,869";"2,181";"0,000";"0,000";"0,000";
"24/12/2023 00:10";"0,533";"0,000";"0,550";"0,000";"0,770";"0,000";"1,852";"0,000";"0,000";"0,000";"0,000";"0,213";"0,533";"0,550";"0,770";"1,852";"0,000";"0,000";"0,000";
"24/12/2023 00:20";"0,565";"0,000";"0,523";"0,000";"0,797";"0,000";"1,885";"0,000";"0,000";"0,000";"0,000";"0,273";"0,565";"0,523";"0,797";"1,885";"0,000";"0,000";"0,000";
"24/12/2023 00:30";"0,628";"0,000";"0,640";"0,000";"0,856";"0,000";"2,124";"0,000";"0,000";"0,000";"0,000";"0,281";"0,628";"0,640";"0,856";"2,124";"0,000";"0,000";"0,000";
"24/12/2023 00:40";"0,592";"0,000";"0,594";"0,000";"0,823";"0,000";"2,008";"0,000";"0,000";"0,000";"0,000";"0,252";"0,592";"0,594";"0,823";"2,008";"0,000";"0,000";"0,000";
"24/12/2023 00:50";"0,535";"0,000";"0,537";"0,000";"0,771";"0,000";"1,843";"0,000";"0,000";"0,000";"0,000";"0,142";"0,535";"0,537";"0,771";"1,843";"0,000";"0,000";"0,000";
"24/12/2023 01:00";"0,546";"0,000";"0,532";"0,000";"0,765";"0,000";"1,842";"0,000";"0,000";"0,000";"0,000";"0,334";"0,546";"0,532";"0,765";"1,842";"0,000";"0,000";"0,000";
"24/12/2023 01:10";"0,621";"0,000";"0,634";"0,000";"0,873";"0,000";"2,128";"0,000";"0,000";"0,000";"0,000";"0,282";"0,621";"0,634";"0,873";"2,128";"0,000";"0,000";"0,000";
"24/12/2023 01:20";"0,663";"0,000";"0,695";"0,000";"0,979";"0,000";"2,337";"0,000";"0,000";"0,000";"0,000";"0,265";"0,663";"0,695";"0,979";"2,337";"0,000";"0,000";"0,000";
"24/12/2023 01:30";"0,617";"0,000";"0,637";"0,000";"0,935";"0,000";"2,189";"0,000";"0,000";"0,000";"0,000";"0,264";"0,617";"0,637";"0,935";"2,189";"0,000";"0,000";"0,000";
"24/12/2023 01:40";"0,540";"0,000";"0,507";"0,000";"0,844";"0,000";"1,891";"0,000";"0,000";"0,000";"0,000";"0,330";"0,540";"0,507";"0,844";"1,891";"0,000";"0,000";"0,000";
"24/12/2023 01:50";"0,584";"0,000";"0,593";"0,000";"0,666";"0,000";"1,843";"0,000";"0,000";"0,000";"0,000";"0,281";"0,584";"0,593";"0,666";"1,843";"0,000";"0,000";"0,000";
"24/12/2023 02:00";"0,727";"0,000";"0,648";"0,000";"0,809";"0,000";"2,184";"0,000";"0,000";"0,000";"0,000";"0,269";"0,727";"0,648";"0,809";"2,184";"0,000";"0,000";"0,000";
"24/12/2023 02:10";"0,888";"0,000";"0,675";"0,000";"0,802";"0,000";"2,365";"0,000";"0,000";"0,000";"0,000";"0,311";"0,888";"0,675";"0,802";"2,365";"0,000";"0,000";"0,000";
"24/12/2023 02:20";"0,715";"0,000";"0,678";"0,000";"0,793";"0,000";"2,186";"0,000";"0,000";"0,000";"0,000";"0,267";"0,715";"0,678";"0,793";"2,186";"0,000";"0,000";"0,000";
"24/12/2023 02:30";"0,511";"0,000";"0,508";"0,000";"0,793";"0,000";"1,812";"0,000";"0,000";"0,000";"0,000";"0,195";"0,511";"0,508";"0,793";"1,812";"0,000";"0,000";"0,000";
"24/12/2023 02:40";"0,566";"0,000";"0,526";"0,000";"0,811";"0,000";"1,903";"0,000";"0,000";"0,000";"0,000";"0,280";"0,566";"0,526";"0,811";"1,903";"0,000";"0,000";"0,000";
"24/12/2023 02:50";"0,624";"0,000";"0,621";"0,000";"0,705";"0,000";"1,951";"0,000";"0,000";"0,000";"0,000";"0,277";"0,624";"0,621";"0,705";"1,951";"0,000";"0,000";"0,000";
"24/12/2023 03:00";"0,639";"0,000";"0,658";"0,000";"0,919";"0,000";"2,217";"0,000";"0,000";"0,000";"0,000";"0,276";"0,639";"0,658";"0,919";"2,217";"0,000";"0,000";"0,000";
"24/12/2023 03:10";"0,635";"0,000";"0,637";"0,000";"0,961";"0,000";"2,232";"0,000";"0,000";"0,000";"0,000";"0,289";"0,635";"0,637";"0,961";"2,232";"0,000";"0,000";"0,000";
"24/12/2023 03:20";"0,617";"0,000";"0,597";"0,000";"0,852";"0,000";"2,066";"0,000";"0,000";"0,000";"0,000";"0,351";"0,617";"0,597";"0,852";"2,066";"0,000";"0,000";"0,000";
"24/12/2023 03:30";"0,625";"0,000";"0,668";"0,000";"0,763";"0,000";"2,056";"0,000";"0,000";"0,000";"0,000";"0,262";"0,625";"0,668";"0,763";"2,056";"0,000";"0,000";"0,000";
"24/12/2023 03:40";"0,630";"0,000";"0,629";"0,000";"0,913";"0,000";"2,172";"0,000";"0,000";"0,000";"0,000";"0,273";"0,630";"0,629";"0,913";"2,172";"0,000";"0,000";"0,000";
"24/12/2023 03:50";"0,633";"0,000";"0,612";"0,000";"0,980";"0,000";"2,225";"0,000";"0,000";"0,000";"0,000";"0,286";"0,633";"0,612";"0,980";"2,225";"0,000";"0,000";"0,000";
"24/12/2023 04:00";"0,641";"0,000";"0,650";"0,000";"1,005";"0,000";"2,296";"0,000";"0,000";"0,000";"0,000";"0,333";"0,641";"0,650";"1,005";"2,296";"0,000";"0,000";"0,000";
"24/12/2023 04:10";"0,649";"0,000";"0,679";"0,000";"0,940";"0,000";"2,268";"0,000";"0,000";"0,000";"0,000";"0,275";"0,649";"0,679";"0,940";"2,268";"0,000";"0,000";"0,000";
"24/12/2023 04:20";"0,664";"0,000";"0,651";"0,000";"0,968";"0,000";"2,282";"0,000";"0,000";"0,000";"0,000";"0,296";"0,664";"0,651";"0,968";"2,282";"0,000";"0,000";"0,000";
"24/12/2023 04:30";"0,631";"0,000";"0,665";"0,000";"0,934";"0,000";"2,229";"0,000";"0,000";"0,000";"0,000";"0,314";"0,631";"0,665";"0,934";"2,229";"0,000";"0,000";"0,000";
"24/12/2023 04:40";"0,606";"0,000";"0,635";"0,000";"0,922";"0,000";"2,163";"0,000";"0,000";"0,000";"0,000";"0,280";"0,606";"0,635";"0,922";"2,163";"0,000";"0,000";"0,000";
"24/12/2023 04:50";"0,878";"0,000";"0,625";"0,000";"0,922";"0,000";"2,426";"0,000";"0,000";"0,000";"0,000";"0,283";"0,878";"0,625";"0,922";"2,426";"0,000";"0,000";"0,000";
"24/12/2023 05:00";"0,991";"0,000";"0,676";"0,000";"0,957";"0,000";"2,624";"0,000";"0,000";"0,000";"0,000";"0,189";"0,991";"0,676";"0,957";"2,624";"0,000";"0,000";"0,000";
"24/12/2023 05:10";"0,760";"0,000";"0,644";"0,000";"0,932";"0,000";"2,336";"0,000";"0,000";"0,000";"0,000";"0,214";"0,760";"0,644";"0,932";"2,336";"0,000";"0,000";"0,000";
"24/12/2023 05:20";"0,818";"0,000";"0,630";"0,000";"0,921";"0,000";"2,370";"0,000";"0,000";"0,000";"0,000";"0,192";"0,818";"0,630";"0,921";"2,370";"0,000";"0,000";"0,000";
"24/12/2023 05:30";"0,755";"0,000";"0,637";"0,000";"0,928";"0,000";"2,321";"0,000";"0,000";"0,000";"0,000";"0,179";"0,755";"0,637";"0,928";"2,321";"0,000";"0,000";"0,000";
"24/12/2023 05:40";"0,760";"0,000";"0,615";"0,000";"0,932";"0,000";"2,307";"0,000";"0,000";"0,000";"0,000";"0,241";"0,760";"0,615";"0,932";"2,307";"0,000";"0,000";"0,000";
"24/12/2023 05:50";"0,637";"0,000";"0,692";"0,000";"0,930";"0,000";"2,259";"0,000";"0,000";"0,000";"0,000";"0,268";"0,637";"0,692";"0,930";"2,259";"0,000";"0,000";"0,000";
"24/12/2023 06:00";"0,623";"0,000";"0,617";"0,000";"0,930";"0,000";"2,170";"0,000";"0,000";"0,000";"0,000";"0,285";"0,623";"0,617";"0,930";"2,170";"0,000";"0,000";"0,000";
"24/12/2023 06:10";"0,638";"0,000";"0,679";"0,000";"0,950";"0,000";"2,267";"0,000";"0,000";"0,000";"0,000";"0,300";"0,638";"0,679";"0,950";"2,267";"0,000";"0,000";"0,000";
"24/12/2023 06:20";"0,629";"0,000";"0,632";"0,000";"0,928";"0,000";"2,188";"0,000";"0,000";"0,000";"0,000";"0,342";"0,629";"0,632";"0,928";"2,188";"0,000";"0,000";"0,000";
"24/12/2023 06:30";"0,643";"0,000";"0,642";"0,000";"0,935";"0,000";"2,219";"0,000";"0,000";"0,000";"0,000";"0,280";"0,643";"0,642";"0,935";"2,219";"0,000";"0,000";"0,000";
"24/12/2023 06:40";"0,651";"0,000";"0,668";"0,000";"0,962";"0,000";"2,281";"0,000";"0,000";"0,000";"0,000";"0,287";"0,651";"0,668";"0,962";"2,281";"0,000";"0,000";"0,000";
"24/12/2023 06:50";"0,674";"0,000";"0,654";"0,000";"0,958";"0,000";"2,286";"0,000";"0,000";"0,000";"0,000";"0,306";"0,674";"0,654";"0,958";"2,286";"0,000";"0,000";"0,000";
"24/12/2023 07:00";"0,716";"0,000";"0,640";"0,000";"0,950";"0,000";"2,307";"0,000";"0,000";"0,000";"0,000";"0,275";"0,716";"0,640";"0,950";"2,307";"0,000";"0,000";"0,000";
"24/12/2023 07:10";"0,744";"0,000";"0,669";"0,000";"0,959";"0,000";"2,373";"0,000";"0,000";"0,000";"0,000";"0,240";"0,744";"0,669";"0,959";"2,373";"0,000";"0,000";"0,000";
"24/12/2023 07:20";"0,750";"0,000";"0,660";"0,000";"0,969";"0,000";"2,379";"0,000";"0,000";"0,000";"0,000";"0,246";"0,750";"0,660";"0,969";"2,379";"0,000";"0,000";"0,000";
"24/12/2023 07:30";"0,744";"0,000";"0,622";"0,000";"0,960";"0,000";"2,327";"0,000";"0,000";"0,000";"0,000";"0,306";"0,744";"0,622";"0,960";"2,327";"0,000";"0,000";"0,000";
"24/12/2023 07:40";"0,722";"0,000";"0,630";"0,000";"0,926";"0,000";"2,279";"0,000";"0,000";"0,000";"0,000";"0,242";"0,722";"0,630";"0,926";"2,279";"0,000";"0,000";"0,000";
"24/12/2023 07:50";"0,806";"0,000";"0,656";"0,000";"0,952";"0,000";"2,413";"0,000";"0,000";"0,000";"0,000";"0,267";"0,806";"0,656";"0,952";"2,413";"0,000";"0,000";"0,000";
"24/12/2023 08:00";"0,897";"0,000";"0,656";"0,000";"0,975";"0,000";"2,528";"0,000";"0,000";"0,000";"0,000";"0,301";"0,897";"0,656";"0,975";"2,528";"0,000";"0,000";"0,000";
"24/12/2023 08:10";"0,672";"0,000";"0,658";"0,000";"0,988";"0,000";"2,319";"0,000";"0,000";"0,000";"0,000";"0,326";"0,672";"0,658";"0,988";"2,319";"0,000";"0,000";"0,000";
"24/12/2023 08:20";"0,653";"0,000";"0,694";"0,000";"0,930";"0,000";"2,277";"0,000";"0,000";"0,000";"0,000";"0,270";"0,653";"0,694";"0,930";"2,277";"0,000";"0,000";"0,000";
"24/12/2023 08:30";"0,640";"0,000";"0,649";"0,000";"0,754";"0,000";"2,042";"0,000";"0,000";"0,000";"0,000";"0,276";"0,640";"0,649";"0,754";"2,042";"0,000";"0,000";"0,000";
"24/12/2023 08:40";"0,636";"0,000";"0,599";"0,000";"0,812";"0,000";"2,047";"0,000";"0,000";"0,000";"0,000";"0,328";"0,636";"0,599";"0,812";"2,047";"0,000";"0,000";"0,000";
"24/12/2023 08:50";"0,553";"0,000";"0,559";"0,000";"0,727";"0,000";"1,839";"0,000";"0,000";"0,000";"0,000";"0,199";"0,553";"0,559";"0,728";"1,841";"0,002";"0,001";"0,001";
"24/12/2023 09:00";"0,507";"0,000";"0,513";"0,000";"0,803";"0,000";"1,824";"0,000";"0,000";"0,000";"0,000";"0,188";"0,518";"0,524";"0,814";"1,856";"0,032";"0,018";"0,014";
"24/12/2023 09:10";"0,502";"0,000";"0,476";"0,000";"0,869";"0,000";"1,847";"0,000";"0,000";"0,000";"0,000";"0,205";"0,529";"0,503";"0,896";"1,927";"0,080";"0,044";"0,036";
"24/12/2023 09:20";"0,513";"0,000";"0,485";"0,000";"0,863";"0,000";"1,861";"0,000";"0,000";"0,000";"0,000";"0,260";"0,575";"0,547";"0,924";"2,046";"0,185";"0,116";"0,069";
"24/12/2023 09:30";"0,500";"0,000";"0,503";"0,000";"0,818";"0,000";"1,820";"0,000";"0,000";"0,000";"0,000";"0,193";"0,570";"0,574";"0,888";"2,031";"0,211";"0,130";"0,081";
"24/12/2023 09:40";"0,492";"0,000";"0,466";"0,000";"0,806";"0,000";"1,764";"0,000";"0,000";"0,000";"0,000";"0,187";"0,629";"0,604";"0,943";"2,176";"0,412";"0,291";"0,121";
"24/12/2023 09:50";"0,513";"0,000";"0,474";"0,000";"0,827";"0,000";"1,814";"0,000";"0,000";"0,000";"0,000";"0,216";"0,582";"0,543";"0,896";"2,020";"0,206";"0,113";"0,093";
"24/12/2023 10:00";"0,494";"0,000";"0,471";"0,000";"0,818";"0,000";"1,783";"0,000";"0,000";"0,000";"0,000";"0,231";"0,572";"0,549";"0,896";"2,017";"0,234";"0,129";"0,105";
"24/12/2023 10:10";"0,483";"0,000";"0,502";"0,000";"0,808";"0,000";"1,792";"0,000";"0,000";"0,000";"0,000";"0,184";"0,566";"0,585";"0,890";"2,040";"0,248";"0,134";"0,114";
"24/12/2023 10:20";"0,495";"0,000";"0,489";"0,000";"0,809";"0,000";"1,794";"0,000";"0,000";"0,000";"0,000";"0,184";"0,598";"0,593";"0,913";"2,104";"0,310";"0,175";"0,135";
"24/12/2023 10:30";"0,519";"0,000";"0,486";"0,000";"0,832";"0,000";"1,837";"0,000";"0,000";"0,000";"0,000";"0,235";"0,787";"0,755";"1,101";"2,643";"0,806";"0,484";"0,322";
"24/12/2023 10:40";"0,499";"0,000";"0,470";"0,000";"0,817";"0,000";"1,787";"0,000";"0,000";"0,000";"0,000";"0,225";"1,238";"1,209";"1,556";"4,004";"2,217";"1,250";"0,967";
"24/12/2023 10:50";"0,460";"0,000";"0,419";"0,000";"0,782";"0,000";"1,661";"0,000";"0,000";"0,000";"0,000";"0,198";"1,376";"1,335";"1,698";"4,409";"2,748";"1,528";"1,220";
"24/12/2023 11:00";"0,478";"0,000";"0,420";"0,000";"0,774";"0,000";"1,672";"0,000";"0,000";"0,000";"0,000";"0,195";"1,480";"1,422";"1,775";"4,676";"3,004";"1,672";"1,332";
"24/12/2023 11:10";"0,625";"0,000";"0,466";"0,000";"0,825";"0,000";"1,916";"0,000";"0,000";"0,000";"0,000";"0,246";"1,697";"1,539";"1,897";"5,133";"3,217";"1,783";"1,434";
"24/12/2023 11:20";"0,732";"0,000";"0,455";"0,000";"0,800";"0,000";"1,987";"0,000";"0,000";"0,000";"0,000";"0,207";"1,867";"1,590";"1,936";"5,393";"3,406";"1,885";"1,521";
"24/12/2023 11:30";"0,556";"0,000";"0,448";"0,000";"0,788";"0,000";"1,792";"0,000";"0,000";"0,000";"0,000";"0,189";"1,750";"1,643";"1,982";"5,375";"3,583";"1,981";"1,602";
"24/12/2023 11:40";"0,515";"0,000";"0,507";"0,000";"0,731";"0,000";"1,752";"0,000";"0,000";"0,000";"0,000";"0,194";"1,772";"1,764";"1,988";"5,523";"3,771";"2,084";"1,687";
"24/12/2023 11:50";"0,489";"0,000";"0,428";"0,000";"0,576";"0,000";"1,493";"0,000";"0,000";"0,000";"0,000";"0,247";"1,800";"1,738";"1,886";"5,424";"3,931";"2,172";"1,759";
"24/12/2023 12:00";"0,484";"0,000";"0,435";"0,000";"0,637";"0,000";"1,555";"0,000";"0,000";"0,000";"0,000";"0,197";"1,851";"1,802";"2,004";"5,657";"4,102";"2,260";"1,842";
"24/12/2023 12:10";"0,482";"0,000";"0,440";"0,000";"0,633";"0,000";"1,555";"0,000";"0,000";"0,000";"0,000";"0,198";"1,957";"1,916";"2,109";"5,982";"4,427";"2,341";"2,086";
"24/12/2023 12:20";"0,483";"0,000";"0,410";"0,000";"0,641";"0,000";"1,534";"0,000";"0,000";"0,000";"0,000";"0,238";"2,092";"2,019";"2,250";"6,361";"4,827";"2,456";"2,371";
"24/12/2023 12:30";"0,488";"0,000";"0,438";"0,000";"0,739";"0,000";"1,665";"0,000";"0,000";"0,000";"0,000";"0,191";"2,171";"2,120";"2,421";"6,713";"5,048";"2,537";"2,511";
"24/12/2023 12:40";"0,464";"0,000";"0,439";"0,000";"0,791";"0,000";"1,694";"0,000";"0,000";"0,000";"0,000";"0,208";"2,182";"2,157";"2,510";"6,849";"5,155";"2,582";"2,573";
"24/12/2023 12:50";"0,473";"0,000";"0,454";"0,000";"0,725";"0,000";"1,652";"0,000";"0,000";"0,000";"0,000";"0,190";"2,206";"2,187";"2,458";"6,851";"5,199";"2,603";"2,596";
"24/12/2023 13:00";"0,491";"0,000";"0,433";"0,000";"0,730";"0,000";"1,655";"0,000";"0,000";"0,000";"0,000";"0,243";"2,237";"2,179";"2,476";"6,893";"5,238";"2,626";"2,612";
"24/12/2023 13:10";"0,478";"0,000";"0,425";"0,000";"0,724";"0,000";"1,627";"0,000";"0,000";"0,000";"0,000";"0,235";"2,227";"2,174";"2,472";"6,873";"5,246";"2,635";"2,611";
"24/12/2023 13:20";"0,493";"0,000";"0,444";"0,000";"0,737";"0,000";"1,675";"0,000";"0,000";"0,000";"0,000";"0,188";"2,244";"2,195";"2,488";"6,928";"5,253";"2,638";"2,615";
"24/12/2023 13:30";"0,487";"0,000";"0,427";"0,000";"0,562";"0,000";"1,475";"0,000";"0,000";"0,000";"0,000";"0,182";"2,235";"2,175";"2,310";"6,719";"5,244";"2,632";"2,612";
"24/12/2023 13:40";"0,457";"0,000";"0,421";"0,000";"0,600";"0,000";"1,479";"0,000";"0,000";"0,000";"0,000";"0,188";"2,198";"2,162";"2,341";"6,701";"5,222";"2,621";"2,601";
"24/12/2023 13:50";"0,435";"0,000";"0,370";"0,000";"0,635";"0,000";"1,440";"0,000";"0,000";"0,000";"0,000";"0,271";"2,163";"2,097";"2,363";"6,623";"5,183";"2,606";"2,577";
"24/12/2023 14:00";"0,486";"0,000";"0,438";"0,000";"0,687";"0,000";"1,610";"0,000";"0,000";"0,000";"0,000";"0,200";"2,189";"2,141";"2,390";"6,719";"5,109";"2,571";"2,538";
"24/12/2023 14:10";"0,486";"0,000";"0,448";"0,000";"0,686";"0,000";"1,620";"0,000";"0,000";"0,000";"0,000";"0,189";"2,156";"2,118";"2,355";"6,629";"5,009";"2,522";"2,487";
"24/12/2023 14:20";"0,462";"0,000";"0,422";"0,000";"0,661";"0,000";"1,544";"0,000";"0,000";"0,000";"0,000";"0,193";"2,097";"2,057";"2,296";"6,450";"4,906";"2,475";"2,431";
"24/12/2023 14:30";"0,476";"0,000";"0,396";"0,000";"0,665";"0,000";"1,537";"0,000";"0,000";"0,000";"0,000";"0,262";"2,069";"1,989";"2,258";"6,315";"4,778";"2,411";"2,367";
"24/12/2023 14:40";"0,463";"0,000";"0,417";"0,000";"0,676";"0,000";"1,557";"0,000";"0,000";"0,000";"0,000";"0,206";"2,003";"1,957";"2,216";"6,176";"4,619";"2,332";"2,287";
"24/12/2023 14:50";"0,463";"0,000";"0,444";"0,000";"0,674";"0,000";"1,581";"0,000";"0,000";"0,000";"0,000";"0,200";"1,946";"1,928";"2,157";"6,031";"4,450";"2,246";"2,204";
"24/12/2023 15:00";"0,440";"0,000";"0,409";"0,000";"0,642";"0,000";"1,490";"0,000";"0,000";"0,000";"0,000";"0,202";"1,860";"1,829";"2,062";"5,750";"4,260";"2,149";"2,111";
"24/12/2023 15:10";"0,526";"0,000";"0,411";"0,000";"0,569";"0,000";"1,506";"0,000";"0,000";"0,000";"0,000";"0,237";"1,877";"1,761";"1,920";"5,558";"4,052";"2,039";"2,013";
"24/12/2023 15:20";"0,746";"0,000";"0,449";"0,000";"0,547";"0,000";"1,743";"0,000";"0,000";"0,000";"0,000";"0,183";"2,024";"1,727";"1,824";"5,575";"3,832";"1,926";"1,906";
"24/12/2023 15:30";"0,592";"0,000";"0,416";"0,000";"0,548";"0,000";"1,556";"0,000";"0,000";"0,000";"0,000";"0,189";"1,794";"1,618";"1,750";"5,162";"3,606";"1,808";"1,798";
"24/12/2023 15:40";"0,460";"0,000";"0,379";"0,000";"0,541";"0,000";"1,380";"0,000";"0,000";"0,000";"0,000";"0,256";"1,579";"1,498";"1,660";"4,737";"3,357";"1,678";"1,679";
"24/12/2023 15:50";"0,471";"0,000";"0,420";"0,000";"0,538";"0,000";"1,429";"0,000";"0,000";"0,000";"0,000";"0,203";"1,502";"1,452";"1,570";"4,524";"3,095";"1,550";"1,545";
"24/12/2023 16:00";"0,432";"0,000";"0,408";"0,000";"0,533";"0,000";"1,373";"0,000";"0,000";"0,000";"0,000";"0,198";"1,366";"1,342";"1,467";"4,175";"2,802";"1,425";"1,377";
"24/12/2023 16:10";"0,452";"0,000";"0,409";"0,000";"0,670";"0,000";"1,531";"0,000";"0,000";"0,000";"0,000";"0,180";"1,258";"1,214";"1,475";"3,947";"2,416";"1,267";"1,149";
"24/12/2023 16:20";"0,443";"0,000";"0,375";"0,000";"0,687";"0,000";"1,506";"0,000";"0,000";"0,000";"0,000";"0,223";"1,105";"1,037";"1,349";"3,491";"1,985";"1,093";"0,892";
"24/12/2023 16:30";"0,468";"0,000";"0,409";"0,000";"0,498";"0,000";"1,375";"0,000";"0,000";"0,000";"0,000";"0,190";"1,003";"0,944";"1,033";"2,980";"1,605";"0,923";"0,682";
"24/12/2023 16:40";"0,403";"0,000";"0,374";"0,000";"0,495";"0,000";"1,273";"0,000";"0,013";"0,000";"0,000";"0,085";"0,856";"0,827";"0,947";"2,630";"1,357";"0,763";"0,594";
"24/12/2023 16:50";"0,429";"0,000";"0,375";"0,000";"0,524";"0,000";"1,327";"0,000";"0,000";"0,000";"0,000";"0,247";"0,806";"0,752";"0,901";"2,458";"1,131";"0,644";"0,487";
"24/12/2023 17:00";"0,484";"0,000";"0,437";"0,000";"0,559";"0,000";"1,481";"0,000";"0,000";"0,000";"0,000";"0,183";"0,770";"0,723";"0,845";"2,337";"0,856";"0,492";"0,364";
"24/12/2023 17:10";"0,418";"0,000";"0,370";"0,000";"0,499";"0,000";"1,287";"0,000";"0,000";"0,000";"0,000";"0,167";"0,600";"0,553";"0,681";"1,834";"0,547";"0,330";"0,217";
"24/12/2023 17:20";"0,391";"0,000";"0,333";"0,000";"0,539";"0,000";"1,264";"0,000";"0,012";"0,000";"0,000";"0,035";"0,501";"0,443";"0,649";"1,594";"0,330";"0,217";"0,113";
"24/12/2023 17:30";"0,439";"0,000";"0,409";"0,000";"0,698";"0,000";"1,547";"0,000";"0,002";"0,000";"0,000";"0,182";"0,508";"0,479";"0,768";"1,755";"0,208";"0,126";"0,082";
"24/12/2023 17:40";"0,462";"0,000";"0,436";"0,000";"0,753";"0,000";"1,651";"0,000";"0,000";"0,000";"0,000";"0,181";"0,496";"0,470";"0,787";"1,753";"0,102";"0,057";"0,045";
"24/12/2023 17:50";"0,377";"0,000";"0,329";"0,000";"0,497";"0,000";"1,203";"0,000";"0,000";"0,000";"0,000";"0,208";"0,389";"0,340";"0,508";"1,237";"0,034";"0,018";"0,016";
"24/12/2023 18:00";"0,438";"0,000";"0,404";"0,000";"0,566";"0,000";"1,409";"0,000";"0,000";"0,000";"0,000";"0,200";"0,439";"0,405";"0,567";"1,411";"0,002";"0,001";"0,001";
"24/12/2023 18:10";"0,501";"0,000";"0,441";"0,000";"0,657";"0,000";"1,599";"0,000";"0,000";"0,000";"0,000";"0,212";"0,501";"0,441";"0,657";"1,599";"0,000";"0,000";"0,000";
"24/12/2023 18:20";"0,450";"0,000";"0,423";"0,000";"0,649";"0,000";"1,523";"0,000";"0,001";"0,000";"0,000";"0,168";"0,450";"0,423";"0,649";"1,523";"0,000";"0,000";"0,000";
"24/12/2023 18:30";"0,531";"0,000";"0,523";"0,000";"0,728";"0,000";"1,782";"0,000";"0,000";"0,000";"0,000";"0,132";"0,531";"0,523";"0,728";"1,782";"0,000";"0,000";"0,000";
"24/12/2023 18:40";"0,675";"0,000";"0,572";"0,000";"0,799";"0,000";"2,046";"0,000";"0,000";"0,000";"0,000";"0,342";"0,675";"0,572";"0,799";"2,046";"0,000";"0,000";"0,000";
"24/12/2023 18:50";"0,874";"0,000";"0,651";"0,000";"0,827";"0,000";"2,352";"0,000";"0,000";"0,000";"0,000";"0,284";"0,874";"0,651";"0,827";"2,352";"0,000";"0,000";"0,000";
"24/12/2023 19:00";"0,766";"0,000";"0,594";"0,000";"0,813";"0,000";"2,173";"0,000";"0,000";"0,000";"0,000";"0,287";"0,766";"0,594";"0,813";"2,173";"0,000";"0,000";"0,000";
"24/12/2023 19:10";"0,710";"0,000";"0,605";"0,000";"0,826";"0,000";"2,141";"0,000";"0,000";"0,000";"0,000";"0,242";"0,710";"0,605";"0,826";"2,141";"0,000";"0,000";"0,000";
"24/12/2023 19:20";"0,737";"0,000";"0,651";"0,000";"0,847";"0,000";"2,235";"0,000";"0,000";"0,000";"0,000";"0,231";"0,737";"0,651";"0,847";"2,235";"0,000";"0,000";"0,000";
"24/12/2023 19:30";"0,626";"0,000";"0,522";"0,000";"0,755";"0,000";"1,903";"0,000";"0,000";"0,000";"0,000";"0,276";"0,626";"0,522";"0,755";"1,903";"0,000";"0,000";"0,000";
"24/12/2023 19:40";"0,650";"0,000";"0,546";"0,000";"0,783";"0,000";"1,979";"0,000";"0,000";"0,000";"0,000";"0,234";"0,650";"0,546";"0,783";"1,979";"0,000";"0,000";"0,000";
"24/12/2023 19:50";"0,698";"0,000";"0,616";"0,000";"0,799";"0,000";"2,114";"0,000";"0,000";"0,000";"0,000";"0,232";"0,698";"0,616";"0,799";"2,114";"0,000";"0,000";"0,000";
"24/12/2023 20:00";"0,668";"0,000";"0,639";"0,000";"0,744";"0,000";"2,050";"0,000";"0,000";"0,000";"0,000";"0,253";"0,668";"0,639";"0,744";"2,050";"0,000";"0,000";"0,000";
"24/12/2023 20:10";"0,612";"0,000";"0,558";"0,000";"0,767";"0,000";"1,937";"0,000";"0,000";"0,000";"0,000";"0,356";"0,612";"0,558";"0,767";"1,937";"0,000";"0,000";"0,000";
"24/12/2023 20:20";"0,595";"0,000";"0,582";"0,000";"0,751";"0,000";"1,928";"0,000";"0,000";"0,000";"0,000";"0,283";"0,595";"0,582";"0,751";"1,928";"0,000";"0,000";"0,000";
"24/12/2023 20:30";"0,627";"0,000";"0,628";"0,000";"0,821";"0,000";"2,076";"0,000";"0,000";"0,000";"0,000";"0,259";"0,627";"0,628";"0,821";"2,076";"0,000";"0,000";"0,000";
"24/12/2023 20:40";"0,598";"0,000";"0,613";"0,000";"0,912";"0,000";"2,123";"0,000";"0,000";"0,000";"0,000";"0,278";"0,598";"0,613";"0,912";"2,123";"0,000";"0,000";"0,000";
"24/12/2023 20:50";"0,595";"0,000";"0,576";"0,000";"0,908";"0,000";"2,079";"0,000";"0,000";"0,000";"0,000";"0,362";"0,595";"0,576";"0,908";"2,079";"0,000";"0,000";"0,000";
"24/12/2023 21:00";"0,576";"0,000";"0,560";"0,000";"0,880";"0,000";"2,017";"0,000";"0,000";"0,000";"0,000";"0,279";"0,576";"0,560";"0,880";"2,017";"0,000";"0,000";"0,000";
"24/12/2023 21:10";"0,616";"0,000";"0,618";"0,000";"0,924";"0,000";"2,158";"0,000";"0,000";"0,000";"0,000";"0,269";"0,616";"0,618";"0,924";"2,158";"0,000";"0,000";"0,000";
"24/12/2023 21:20";"0,626";"0,000";"0,615";"0,000";"0,925";"0,000";"2,166";"0,000";"0,000";"0,000";"0,000";"0,271";"0,626";"0,615";"0,925";"2,166";"0,000";"0,000";"0,000";
"24/12/2023 21:30";"0,571";"0,000";"0,516";"0,000";"0,839";"0,000";"1,926";"0,000";"0,000";"0,000";"0,000";"0,256";"0,571";"0,516";"0,839";"1,926";"0,000";"0,000";"0,000";
"24/12/2023 21:40";"0,554";"0,000";"0,566";"0,000";"0,847";"0,000";"1,967";"0,000";"0,000";"0,000";"0,000";"0,199";"0,554";"0,566";"0,847";"1,967";"0,000";"0,000";"0,000";
"24/12/2023 21:50";"0,781";"0,000";"0,609";"0,000";"0,880";"0,000";"2,270";"0,000";"0,000";"0,000";"0,000";"0,288";"0,781";"0,609";"0,880";"2,270";"0,000";"0,000";"0,000";
"24/12/2023 22:00";"0,866";"0,000";"0,657";"0,000";"0,919";"0,000";"2,443";"0,000";"0,000";"0,000";"0,000";"0,284";"0,866";"0,657";"0,919";"2,442";"0,000";"0,000";"0,000";
"24/12/2023 22:10";"0,666";"0,000";"0,625";"0,000";"0,938";"0,000";"2,229";"0,000";"0,000";"0,000";"0,000";"0,331";"0,666";"0,625";"0,938";"2,229";"0,000";"0,000";"0,000";
"24/12/2023 22:20";"0,639";"0,000";"0,645";"0,000";"0,938";"0,000";"2,222";"0,000";"0,000";"0,000";"0,000";"0,291";"0,639";"0,645";"0,938";"2,222";"0,000";"0,000";"0,000";
"24/12/2023 22:30";"0,648";"0,000";"0,673";"0,000";"0,936";"0,000";"2,257";"0,000";"0,000";"0,000";"0,000";"0,267";"0,648";"0,673";"0,936";"2,257";"0,000";"0,000";"0,000";
"24/12/2023 22:40";"0,527";"0,000";"0,559";"0,000";"0,723";"0,000";"1,809";"0,000";"0,001";"0,000";"0,000";"0,216";"0,527";"0,559";"0,723";"1,809";"0,000";"0,000";"0,000";
"24/12/2023 22:50";"0,578";"0,000";"0,563";"0,000";"0,705";"0,000";"1,846";"0,000";"0,000";"0,000";"0,000";"0,342";"0,578";"0,563";"0,705";"1,846";"0,000";"0,000";"0,000";
"24/12/2023 23:00";"0,734";"0,000";"0,599";"0,000";"0,804";"0,000";"2,136";"0,000";"0,000";"0,000";"0,000";"0,183";"0,734";"0,599";"0,804";"2,136";"0,000";"0,000";"0,000";
"24/12/2023 23:10";"0,628";"0,000";"0,637";"0,000";"0,816";"0,000";"2,081";"0,000";"0,000";"0,000";"0,000";"0,284";"0,628";"0,637";"0,816";"2,081";"0,000";"0,000";"0,000";
"24/12/2023 23:20";"0,661";"0,000";"0,696";"0,000";"0,850";"0,000";"2,207";"0,000";"0,000";"0,000";"0,000";"0,257";"0,661";"0,696";"0,850";"2,207";"0,000";"0,000";"0,000";
"24/12/2023 23:30";"0,796";"0,000";"0,690";"0,000";"0,959";"0,000";"2,444";"0,000";"0,000";"0,000";"0,000";"0,221";"0,796";"0,690";"0,959";"2,444";"0,000";"0,000";"0,000";
"24/12/2023 23:40";"0,708";"0,000";"0,643";"0,000";"0,883";"0,000";"2,234";"0,000";"0,000";"0,000";"0,000";"0,242";"0,708";"0,643";"0,883";"2,234";"0,000";"0,000";"0,000";
"24/12/2023 23:50";"0,605";"0,000";"0,599";"0,000";"0,710";"0,000";"1,914";"0,000";"0,000";"0,000";"0,000";"0,287";"0,605";"0,599";"0,710";"1,914";"0,000";"0,000";"0,000";
"25/12/2023 00:00";"0,640";"0,000";"0,651";"0,000";"0,913";"0,000";"2,204";"0,000";"0,000";"0,000";"0,000";"0,276";"0,640";"0,651";"0,913";"2,204";"0,000";"0,000";"0,000";
"25/12/2023 00:10";"0,628";"0,000";"0,638";"0,000";"0,961";"0,000";"2,227";"0,000";"0,000";"0,000";"0,000";"0,351";"0,628";"0,638";"0,961";"2,227";"0,000";"0,000";"0,000";
"25/12/2023 00:20";"0,605";"0,000";"0,661";"0,000";"0,719";"0,000";"1,985";"0,000";"0,000";"0,000";"0,000";"0,280";"0,605";"0,661";"0,719";"1,985";"0,000";"0,000";"0,000";
"25/12/2023 00:30";"0,636";"0,000";"0,644";"0,000";"0,880";"0,000";"2,161";"0,000";"0,000";"0,000";"0,000";"0,277";"0,636";"0,644";"0,880";"2,161";"0,000";"0,000";"0,000";
"25/12/2023 00:40";"0,791";"0,000";"0,627";"0,000";"0,921";"0,000";"2,339";"0,000";"0,000";"0,000";"0,000";"0,330";"0,791";"0,627";"0,921";"2,339";"0,000";"0,000";"0,000";
"25/12/2023 00:50";"0,883";"0,000";"0,664";"0,000";"1,007";"0,000";"2,555";"0,000";"0,000";"0,000";"0,000";"0,318";"0,883";"0,664";"1,007";"2,555";"0,000";"0,000";"0,000";
"25/12/2023 01:00";"0,690";"0,000";"0,633";"0,000";"0,957";"0,000";"2,280";"0,000";"0,000";"0,000";"0,000";"0,282";"0,690";"0,633";"0,957";"2,280";"0,000";"0,000";"0,000";
"25/12/2023 01:10";"0,650";"0,000";"0,655";"0,000";"0,955";"0,000";"2,260";"0,000";"0,000";"0,000";"0,000";"0,275";"0,650";"0,655";"0,955";"2,260";"0,000";"0,000";"0,000";
"25/12/2023 01:20";"0,653";"0,000";"0,646";"0,000";"0,984";"0,000";"2,283";"0,000";"0,000";"0,000";"0,000";"0,323";"0,653";"0,646";"0,984";"2,283";"0,000";"0,000";"0,000";
"25/12/2023 01:30";"0,615";"0,000";"0,668";"0,000";"0,971";"0,000";"2,254";"0,000";"0,000";"0,000";"0,000";"0,296";"0,615";"0,668";"0,971";"2,254";"0,000";"0,000";"0,000";
"25/12/2023 01:40";"0,616";"0,000";"0,643";"0,000";"0,944";"0,000";"2,203";"0,000";"0,000";"0,000";"0,000";"0,291";"0,616";"0,643";"0,944";"2,203";"0,000";"0,000";"0,000";
"25/12/2023 01:50";"0,653";"0,000";"0,650";"0,000";"0,962";"0,000";"2,265";"0,000";"0,000";"0,000";"0,000";"0,304";"0,653";"0,650";"0,962";"2,265";"0,000";"0,000";"0,000";
"25/12/2023 02:00";"0,668";"0,000";"0,653";"0,000";"0,971";"0,000";"2,292";"0,000";"0,000";"0,000";"0,000";"0,317";"0,668";"0,653";"0,971";"2,292";"0,000";"0,000";"0,000";
"25/12/2023 02:10";"0,645";"0,000";"0,656";"0,000";"0,952";"0,000";"2,252";"0,000";"0,000";"0,000";"0,000";"0,275";"0,645";"0,656";"0,952";"2,252";"0,000";"0,000";"0,000";
"25/12/2023 02:20";"0,630";"0,000";"0,643";"0,000";"0,939";"0,000";"2,212";"0,000";"0,000";"0,000";"0,000";"0,279";"0,630";"0,643";"0,939";"2,212";"0,000";"0,000";"0,000";
"25/12/2023 02:30";"0,617";"0,000";"0,593";"0,000";"0,929";"0,000";"2,139";"0,000";"0,000";"0,000";"0,000";"0,353";"0,617";"0,593";"0,929";"2,139";"0,000";"0,000";"0,000";
"25/12/2023 02:40";"0,631";"0,000";"0,668";"0,000";"0,960";"0,000";"2,258";"0,000";"0,000";"0,000";"0,000";"0,309";"0,631";"0,668";"0,960";"2,258";"0,000";"0,000";"0,000";
"25/12/2023 02:50";"0,541";"0,000";"0,581";"0,000";"0,869";"0,000";"1,991";"0,000";"0,000";"0,000";"0,000";"0,241";"0,541";"0,581";"0,869";"1,991";"0,000";"0,000";"0,000";
"25/12/2023 03:00";"0,539";"0,000";"0,557";"0,000";"0,843";"0,000";"1,939";"0,000";"0,000";"0,000";"0,000";"0,077";"0,539";"0,557";"0,843";"1,939";"0,000";"0,000";"0,000";
"25/12/2023 03:10";"0,522";"0,000";"0,485";"0,000";"0,821";"0,000";"1,828";"0,000";"0,000";"0,000";"0,000";"0,215";"0,522";"0,485";"0,821";"1,828";"0,000";"0,000";"0,000";
"25/12/2023 03:20";"0,476";"0,000";"0,453";"0,000";"0,816";"0,000";"1,745";"0,000";"0,000";"0,000";"0,000";"0,217";"0,476";"0,453";"0,816";"1,745";"0,000";"0,000";"0,000";
"25/12/2023 03:30";"0,489";"0,000";"0,488";"0,000";"0,834";"0,000";"1,812";"0,000";"0,000";"0,000";"0,000";"0,217";"0,489";"0,488";"0,834";"1,812";"0,000";"0,000";"0,000";
"25/12/2023 03:40";"0,427";"0,000";"0,416";"0,000";"0,769";"0,000";"1,612";"0,000";"0,000";"0,000";"0,000";"0,176";"0,427";"0,416";"0,769";"1,612";"0,000";"0,000";"0,000";
"25/12/2023 03:50";"0,611";"0,000";"0,480";"0,000";"0,841";"0,000";"1,932";"0,000";"0,000";"0,000";"0,000";"0,274";"0,611";"0,480";"0,841";"1,932";"0,000";"0,000";"0,000";
"25/12/2023 04:00";"0,803";"0,000";"0,571";"0,000";"0,816";"0,000";"2,190";"0,000";"0,000";"0,000";"0,000";"0,159";"0,803";"0,571";"0,816";"2,190";"0,000";"0,000";"0,000";
"25/12/2023 04:10";"0,658";"0,000";"0,582";"0,000";"0,883";"0,000";"2,123";"0,000";"0,000";"0,000";"0,000";"0,281";"0,658";"0,582";"0,883";"2,123";"0,000";"0,000";"0,000";
"25/12/2023 04:20";"0,623";"0,000";"0,639";"0,000";"0,943";"0,000";"2,204";"0,000";"0,000";"0,000";"0,000";"0,283";"0,623";"0,639";"0,943";"2,204";"0,000";"0,000";"0,000";
"25/12/2023 04:30";"0,668";"0,000";"0,660";"0,000";"0,983";"0,000";"2,311";"0,000";"0,000";"0,000";"0,000";"0,345";"0,668";"0,660";"0,983";"2,311";"0,000";"0,000";"0,000";
"25/12/2023 04:40";"0,576";"0,000";"0,599";"0,000";"0,893";"0,000";"2,068";"0,000";"0,000";"0,000";"0,000";"0,203";"0,576";"0,599";"0,893";"2,068";"0,000";"0,000";"0,000";
"25/12/2023 04:50";"0,680";"0,000";"0,696";"0,000";"0,994";"0,000";"2,370";"0,000";"0,000";"0,000";"0,000";"0,228";"0,680";"0,696";"0,994";"2,370";"0,000";"0,000";"0,000";
"25/12/2023 05:00";"0,745";"0,000";"0,730";"0,000";"1,071";"0,000";"2,545";"0,000";"0,000";"0,000";"0,000";"0,253";"0,745";"0,730";"1,071";"2,545";"0,000";"0,000";"0,000";
"25/12/2023 05:10";"0,714";"0,000";"0,745";"0,000";"1,049";"0,000";"2,508";"0,000";"0,000";"0,000";"0,000";"0,235";"0,714";"0,745";"1,049";"2,508";"0,000";"0,000";"0,000";
"25/12/2023 05:20";"0,694";"0,000";"0,731";"0,000";"1,033";"0,000";"2,458";"0,000";"0,000";"0,000";"0,000";"0,215";"0,694";"0,731";"1,033";"2,458";"0,000";"0,000";"0,000";
"25/12/2023 05:30";"0,694";"0,000";"0,709";"0,000";"1,003";"0,000";"2,406";"0,000";"0,000";"0,000";"0,000";"0,251";"0,694";"0,709";"1,003";"2,406";"0,000";"0,000";"0,000";
"25/12/2023 05:40";"0,658";"0,000";"0,636";"0,000";"0,984";"0,000";"2,278";"0,000";"0,000";"0,000";"0,000";"0,328";"0,658";"0,636";"0,984";"2,278";"0,000";"0,000";"0,000";
"25/12/2023 05:50";"0,671";"0,000";"0,685";"0,000";"0,992";"0,000";"2,349";"0,000";"0,000";"0,000";"0,000";"0,257";"0,671";"0,685";"0,992";"2,349";"0,000";"0,000";"0,000";
"25/12/2023 06:00";"0,659";"0,000";"0,677";"0,000";"0,983";"0,000";"2,319";"0,000";"0,000";"0,000";"0,000";"0,252";"0,659";"0,677";"0,983";"2,319";"0,000";"0,000";"0,000";
"25/12/2023 06:10";"0,638";"0,000";"0,677";"0,000";"0,962";"0,000";"2,278";"0,000";"0,000";"0,000";"0,000";"0,275";"0,638";"0,677";"0,962";"2,278";"0,000";"0,000";"0,000";
"25/12/2023 06:20";"0,645";"0,000";"0,653";"0,000";"0,987";"0,000";"2,285";"0,000";"0,000";"0,000";"0,000";"0,315";"0,645";"0,653";"0,987";"2,285";"0,000";"0,000";"0,000";
"25/12/2023 06:30";"0,658";"0,000";"0,680";"0,000";"1,015";"0,000";"2,352";"0,000";"0,000";"0,000";"0,000";"0,238";"0,658";"0,680";"1,015";"2,352";"0,000";"0,000";"0,000";
"25/12/2023 06:40";"0,734";"0,000";"0,738";"0,000";"1,024";"0,000";"2,496";"0,000";"0,000";"0,000";"0,000";"0,206";"0,734";"0,738";"1,024";"2,496";"0,000";"0,000";"0,000";
"25/12/2023 06:50";"0,747";"0,000";"0,638";"0,000";"0,999";"0,000";"2,385";"0,000";"0,000";"0,000";"0,000";"0,276";"0,747";"0,638";"0,999";"2,385";"0,000";"0,000";"0,000";
"25/12/2023 07:00";"0,956";"0,000";"0,705";"0,000";"1,007";"0,000";"2,669";"0,000";"0,000";"0,000";"0,000";"0,245";"0,956";"0,705";"1,007";"2,669";"0,000";"0,000";"0,000";
"25/12/2023 07:10";"0,858";"0,000";"0,527";"0,000";"0,862";"0,000";"2,247";"0,000";"0,000";"0,000";"0,000";"0,161";"0,858";"0,527";"0,862";"2,247";"0,000";"0,000";"0,000";
"25/12/2023 07:20";"0,857";"0,000";"0,732";"0,000";"1,052";"0,000";"2,641";"0,000";"0,000";"0,000";"0,000";"0,166";"0,857";"0,732";"1,052";"2,641";"0,000";"0,000";"0,000";
"25/12/2023 07:30";"0,819";"0,000";"0,738";"0,000";"1,071";"0,000";"2,628";"0,000";"0,000";"0,000";"0,000";"0,245";"0,819";"0,738";"1,071";"2,628";"0,000";"0,000";"0,000";
"25/12/2023 07:40";"0,737";"0,000";"0,763";"0,000";"1,091";"0,000";"2,591";"0,000";"0,000";"0,000";"0,000";"0,170";"0,737";"0,763";"1,091";"2,591";"0,000";"0,000";"0,000";
"25/12/2023 07:50";"0,719";"0,000";"0,780";"0,000";"1,075";"0,000";"2,575";"0,000";"0,000";"0,000";"0,000";"0,192";"0,719";"0,780";"1,075";"2,575";"0,000";"0,000";"0,000";
"25/12/2023 08:00";"0,545";"0,000";"0,555";"0,000";"0,894";"0,000";"1,994";"0,000";"0,000";"0,000";"0,000";"0,237";"0,545";"0,555";"0,894";"1,994";"0,000";"0,000";"0,000";
"25/12/2023 08:10";"0,725";"0,000";"0,696";"0,000";"1,054";"0,000";"2,475";"0,000";"0,000";"0,000";"0,000";"0,253";"0,725";"0,696";"1,054";"2,475";"0,000";"0,000";"0,000";
"25/12/2023 08:20";"0,739";"0,000";"0,795";"0,000";"1,069";"0,000";"2,603";"0,000";"0,000";"0,000";"0,000";"0,202";"0,739";"0,795";"1,069";"2,603";"0,000";"0,000";"0,000";
"25/12/2023 08:30";"0,703";"0,000";"0,713";"0,000";"1,040";"0,000";"2,456";"0,000";"0,000";"0,000";"0,000";"0,218";"0,703";"0,713";"1,040";"2,456";"0,000";"0,000";"0,000";
"25/12/2023 08:40";"0,643";"0,000";"0,629";"0,000";"0,988";"0,000";"2,259";"0,000";"0,000";"0,000";"0,000";"0,320";"0,643";"0,629";"0,988";"2,259";"0,000";"0,000";"0,000";
"25/12/2023 08:50";"0,552";"0,000";"0,611";"0,000";"0,901";"0,000";"2,064";"0,000";"0,000";"0,000";"0,000";"0,179";"0,552";"0,611";"0,901";"2,064";"0,000";"0,000";"0,000";
"25/12/2023 09:00";"0,580";"0,000";"0,580";"0,000";"0,917";"0,000";"2,077";"0,000";"0,000";"0,000";"0,000";"0,137";"0,587";"0,587";"0,924";"2,099";"0,022";"0,011";"0,011";
"25/12/2023 09:10";"0,539";"0,000";"0,574";"0,000";"0,883";"0,000";"1,996";"0,000";"0,000";"0,000";"0,000";"0,148";"0,564";"0,599";"0,908";"2,072";"0,076";"0,038";"0,038";
"25/12/2023 09:20";"0,374";"0,000";"0,300";"0,000";"0,739";"0,000";"1,413";"0,000";"0,000";"0,000";"0,000";"0,196";"0,445";"0,370";"0,810";"1,625";"0,212";"0,111";"0,101";
"25/12/2023 09:30";"0,537";"0,000";"0,515";"0,000";"0,896";"0,000";"1,948";"0,000";"0,000";"0,000";"0,000";"0,147";"0,644";"0,621";"1,003";"2,268";"0,320";"0,171";"0,149";
"25/12/2023 09:40";"0,568";"0,000";"0,608";"0,000";"0,930";"0,000";"2,106";"0,000";"0,000";"0,000";"0,000";"0,128";"0,726";"0,766";"1,089";"2,581";"0,475";"0,269";"0,206";
"25/12/2023 09:50";"0,588";"0,000";"0,542";"0,000";"0,944";"0,000";"2,074";"0,000";"0,000";"0,000";"0,000";"0,167";"0,778";"0,732";"1,134";"2,643";"0,569";"0,357";"0,212";
"25/12/2023 10:00";"0,404";"0,000";"0,380";"0,000";"0,767";"0,000";"1,551";"0,000";"0,001";"0,000";"0,000";"0,134";"0,674";"0,649";"1,037";"2,360";"0,809";"0,553";"0,256";
"25/12/2023 10:10";"0,839";"0,000";"0,625";"0,000";"0,966";"0,000";"2,430";"0,000";"0,000";"0,000";"0,000";"0,109";"1,231";"1,018";"1,358";"3,607";"1,177";"0,765";"0,412";
"25/12/2023 10:20";"0,823";"0,000";"0,564";"0,000";"0,968";"0,000";"2,355";"0,000";"0,000";"0,000";"0,000";"0,141";"1,325";"1,066";"1,470";"3,861";"1,506";"0,986";"0,520";
"25/12/2023 10:30";"0,642";"0,000";"0,586";"0,000";"0,952";"0,000";"2,179";"0,000";"0,000";"0,000";"0,000";"0,169";"1,234";"1,178";"1,544";"3,956";"1,777";"1,084";"0,693";
"25/12/2023 10:40";"0,577";"0,000";"0,568";"0,000";"0,941";"0,000";"2,087";"0,000";"0,000";"0,000";"0,000";"0,121";"1,345";"1,336";"1,709";"4,390";"2,303";"1,295";"1,008";
"25/12/2023 10:50";"0,522";"0,000";"0,505";"0,000";"0,869";"0,000";"1,897";"0,000";"0,000";"0,000";"0,000";"0,149";"1,436";"1,419";"1,783";"4,637";"2,740";"1,522";"1,218";
"25/12/2023 11:00";"0,512";"0,000";"0,507";"0,000";"0,842";"0,000";"1,861";"0,000";"0,000";"0,000";"0,000";"0,234";"1,518";"1,512";"1,847";"4,877";"3,016";"1,675";"1,341";
"25/12/2023 11:10";"0,538";"0,000";"0,527";"0,000";"0,867";"0,000";"1,932";"0,000";"0,000";"0,000";"0,000";"0,141";"1,622";"1,611";"1,951";"5,184";"3,252";"1,800";"1,452";
"25/12/2023 11:20";"0,502";"0,000";"0,484";"0,000";"0,820";"0,000";"1,806";"0,000";"0,000";"0,000";"0,000";"0,165";"1,654";"1,636";"1,972";"5,262";"3,456";"1,912";"1,544";
"25/12/2023 11:30";"0,470";"0,000";"0,438";"0,000";"0,695";"0,000";"1,603";"0,000";"0,000";"0,000";"0,000";"0,249";"1,684";"1,652";"1,909";"5,245";"3,642";"2,015";"1,627";
"25/12/2023 11:40";"0,481";"0,000";"0,435";"0,000";"0,259";"0,000";"1,176";"0,000";"0,000";"0,000";"0,000";"0,129";"1,754";"1,708";"1,532";"4,993";"3,817";"2,113";"1,704";
"25/12/2023 11:50";"0,485";"0,000";"0,523";"0,000";"0,281";"0,000";"1,289";"0,000";"0,000";"0,000";"0,000";"0,146";"1,811";"1,849";"1,607";"5,267";"3,978";"2,203";"1,775";
"25/12/2023 12:00";"0,469";"0,000";"0,429";"0,000";"0,270";"0,000";"1,168";"0,000";"0,000";"0,000";"0,000";"0,142";"1,849";"1,809";"1,650";"5,307";"4,139";"2,282";"1,857";
"25/12/2023 12:10";"0,493";"0,000";"0,401";"0,000";"0,269";"0,000";"1,163";"0,000";"0,000";"0,000";"0,000";"0,218";"1,976";"1,884";"1,752";"5,612";"4,449";"2,364";"2,085";
"25/12/2023 12:20";"0,506";"0,000";"0,511";"0,000";"0,290";"0,000";"1,307";"0,000";"0,000";"0,000";"0,000";"0,139";"2,120";"2,126";"1,905";"6,151";"4,844";"2,463";"2,381";
"25/12/2023 12:30";"0,485";"0,000";"0,471";"0,000";"0,268";"0,000";"1,224";"0,000";"0,000";"0,000";"0,000";"0,137";"2,166";"2,151";"1,949";"6,266";"5,042";"2,535";"2,507";
"25/12/2023 12:40";"0,484";"0,000";"0,412";"0,000";"0,260";"0,000";"1,156";"0,000";"0,000";"0,000";"0,000";"0,153";"2,194";"2,121";"1,970";"6,284";"5,128";"2,571";"2,557";
"25/12/2023 12:50";"0,465";"0,000";"0,418";"0,000";"0,263";"0,000";"1,146";"0,000";"0,000";"0,000";"0,000";"0,196";"2,192";"2,145";"1,991";"6,328";"5,182";"2,596";"2,586";
"25/12/2023 13:00";"0,468";"0,000";"0,459";"0,000";"0,264";"0,000";"1,191";"0,000";"0,000";"0,000";"0,000";"0,136";"2,204";"2,195";"1,999";"6,398";"5,207";"2,613";"2,594";
"25/12/2023 13:10";"0,472";"0,000";"0,448";"0,000";"0,261";"0,000";"1,181";"0,000";"0,000";"0,000";"0,000";"0,136";"2,211";"2,187";"2,001";"6,400";"5,219";"2,624";"2,595";
"25/12/2023 13:20";"0,473";"0,000";"0,419";"0,000";"0,256";"0,000";"1,148";"0,000";"0,000";"0,000";"0,000";"0,135";"2,218";"2,164";"2,001";"6,384";"5,236";"2,631";"2,605";
"25/12/2023 13:30";"0,490";"0,000";"0,453";"0,000";"0,270";"0,000";"1,213";"0,000";"0,000";"0,000";"0,000";"0,218";"2,233";"2,197";"2,014";"6,443";"5,230";"2,628";"2,602";
"25/12/2023 13:40";"0,489";"0,000";"0,438";"0,000";"0,266";"0,000";"1,193";"0,000";"0,000";"0,000";"0,000";"0,133";"2,226";"2,175";"2,003";"6,405";"5,212";"2,619";"2,593";
"25/12/2023 13:50";"0,450";"0,000";"0,419";"0,000";"0,235";"0,000";"1,103";"0,000";"0,000";"0,000";"0,000";"0,144";"2,172";"2,141";"1,958";"6,270";"5,167";"2,601";"2,566";
"25/12/2023 14:00";"0,457";"0,000";"0,437";"0,000";"0,247";"0,000";"1,140";"0,000";"0,000";"0,000";"0,000";"0,152";"2,159";"2,139";"1,949";"6,247";"5,107";"2,572";"2,535";
"25/12/2023 14:10";"0,453";"0,000";"0,393";"0,000";"0,250";"0,000";"1,096";"0,000";"0,000";"0,000";"0,000";"0,171";"2,137";"2,077";"1,935";"6,150";"5,054";"2,548";"2,506";
"25/12/2023 14:20";"0,465";"0,000";"0,461";"0,000";"0,258";"0,000";"1,184";"0,000";"0,000";"0,000";"0,000";"0,142";"2,126";"2,122";"1,918";"6,166";"4,982";"2,513";"2,469";
"25/12/2023 14:30";"0,466";"0,000";"0,405";"0,000";"0,245";"0,000";"1,116";"0,000";"0,000";"0,000";"0,000";"0,192";"2,085";"2,025";"1,864";"5,974";"4,858";"2,452";"2,406";
"25/12/2023 14:40";"0,646";"0,000";"0,358";"0,000";"0,174";"0,000";"1,178";"0,000";"0,007";"0,000";"0,000";"0,082";"2,210";"1,921";"1,738";"5,869";"4,691";"2,368";"2,323";
"25/12/2023 14:50";"0,718";"0,000";"0,526";"0,000";"0,291";"0,000";"1,535";"0,000";"0,000";"0,000";"0,000";"0,134";"2,223";"2,031";"1,796";"6,049";"4,514";"2,279";"2,235";
"25/12/2023 15:00";"0,486";"0,000";"0,424";"0,000";"0,269";"0,000";"1,178";"0,000";"0,000";"0,000";"0,000";"0,163";"1,932";"1,870";"1,715";"5,516";"4,338";"2,188";"2,150";
"25/12/2023 15:10";"0,444";"0,000";"0,407";"0,000";"0,242";"0,000";"1,093";"0,000";"0,000";"0,000";"0,000";"0,214";"1,821";"1,785";"1,620";"5,226";"4,133";"2,081";"2,052";
"25/12/2023 15:20";"0,435";"0,000";"0,425";"0,000";"0,236";"0,000";"1,096";"0,000";"0,000";"0,000";"0,000";"0,164";"1,733";"1,723";"1,534";"4,990";"3,894";"1,958";"1,936";
"25/12/2023 15:30";"0,447";"0,000";"0,375";"0,000";"0,222";"0,000";"1,044";"0,000";"0,000";"0,000";"0,000";"0,136";"1,667";"1,595";"1,442";"4,705";"3,661";"1,841";"1,820";
"25/12/2023 15:40";"0,475";"0,000";"0,458";"0,000";"0,254";"0,000";"1,188";"0,000";"0,000";"0,000";"0,000";"0,136";"1,606";"1,589";"1,385";"4,580";"3,392";"1,700";"1,692";
"25/12/2023 15:50";"0,474";"0,000";"0,397";"0,000";"0,256";"0,000";"1,128";"0,000";"0,000";"0,000";"0,000";"0,220";"1,515";"1,439";"1,298";"4,252";"3,124";"1,567";"1,557";
"25/12/2023 16:00";"0,450";"0,000";"0,406";"0,000";"0,232";"0,000";"1,088";"0,000";"0,000";"0,000";"0,000";"0,151";"1,389";"1,346";"1,172";"3,907";"2,819";"1,432";"1,387";
"25/12/2023 16:10";"0,417";"0,000";"0,419";"0,000";"0,214";"0,000";"1,049";"0,000";"0,000";"0,000";"0,000";"0,131";"1,225";"1,226";"1,021";"3,472";"2,423";"1,266";"1,157";
"25/12/2023 16:20";"0,442";"0,000";"0,412";"0,000";"0,244";"0,000";"1,098";"0,000";"0,000";"0,000";"0,000";"0,122";"1,108";"1,078";"0,910";"3,096";"1,998";"1,096";"0,902";
"25/12/2023 16:30";"0,477";"0,000";"0,427";"0,000";"0,265";"0,000";"1,169";"0,000";"0,000";"0,000";"0,000";"0,186";"1,037";"0,986";"0,825";"2,848";"1,679";"0,966";"0,713";
"25/12/2023 16:40";"0,457";"0,000";"0,426";"0,000";"0,238";"0,000";"1,122";"0,000";"0,000";"0,000";"0,000";"0,135";"0,909";"0,878";"0,690";"2,478";"1,356";"0,801";"0,555";
"25/12/2023 16:50";"0,452";"0,000";"0,407";"0,000";"0,236";"0,000";"1,095";"0,000";"0,000";"0,000";"0,000";"0,128";"0,834";"0,790";"0,619";"2,243";"1,148";"0,650";"0,498";
"25/12/2023 17:00";"0,473";"0,000";"0,385";"0,000";"0,257";"0,000";"1,115";"0,000";"0,000";"0,000";"0,000";"0,214";"0,755";"0,667";"0,540";"1,962";"0,847";"0,487";"0,360";
"25/12/2023 17:10";"0,465";"0,000";"0,412";"0,000";"0,250";"0,000";"1,126";"0,000";"0,000";"0,000";"0,000";"0,151";"0,649";"0,596";"0,434";"1,678";"0,552";"0,329";"0,223";
"25/12/2023 17:20";"0,445";"0,000";"0,426";"0,000";"0,247";"0,000";"1,118";"0,000";"0,000";"0,000";"0,000";"0,156";"0,559";"0,540";"0,361";"1,460";"0,342";"0,218";"0,124";
"25/12/2023 17:30";"0,453";"0,000";"0,450";"0,000";"0,248";"0,000";"1,151";"0,000";"0,000";"0,000";"0,000";"0,138";"0,526";"0,523";"0,321";"1,371";"0,220";"0,130";"0,090";
"25/12/2023 17:40";"0,481";"0,000";"0,408";"0,000";"0,264";"0,000";"1,153";"0,000";"0,000";"0,000";"0,000";"0,199";"0,519";"0,446";"0,302";"1,267";"0,114";"0,063";"0,051";
"25/12/2023 17:50";"0,477";"0,000";"0,414";"0,000";"0,257";"0,000";"1,147";"0,000";"0,000";"0,000";"0,000";"0,142";"0,492";"0,429";"0,273";"1,194";"0,047";"0,025";"0,022";
"25/12/2023 18:00";"0,473";"0,000";"0,441";"0,000";"0,252";"0,000";"1,165";"0,000";"0,000";"0,000";"0,000";"0,158";"0,476";"0,444";"0,255";"1,174";"0,009";"0,005";"0,004";
"25/12/2023 18:10";"0,519";"0,000";"0,482";"0,000";"0,291";"0,000";"1,292";"0,000";"0,000";"0,000";"0,000";"0,180";"0,519";"0,482";"0,291";"1,292";"0,000";"0,000";"0,000";
"25/12/2023 18:20";"0,587";"0,000";"0,481";"0,000";"0,293";"0,000";"1,362";"0,000";"0,000";"0,000";"0,000";"0,172";"0,587";"0,481";"0,293";"1,362";"0,000";"0,000";"0,000";
"25/12/2023 18:30";"0,803";"0,000";"0,522";"0,000";"0,335";"0,000";"1,660";"0,000";"0,000";"0,000";"0,000";"0,202";"0,803";"0,522";"0,335";"1,660";"0,000";"0,000";"0,000";
"25/12/2023 18:40";"0,770";"0,000";"0,600";"0,000";"0,398";"0,000";"1,768";"0,000";"0,000";"0,000";"0,000";"0,236";"0,770";"0,600";"0,398";"1,768";"0,000";"0,000";"0,000";
"25/12/2023 18:50";"0,621";"0,000";"0,620";"0,000";"0,407";"0,000";"1,647";"0,000";"0,000";"0,000";"0,000";"0,249";"0,621";"0,620";"0,407";"1,647";"0,000";"0,000";"0,000";
"25/12/2023 19:00";"0,620";"0,000";"0,620";"0,000";"0,403";"0,000";"1,643";"0,000";"0,000";"0,000";"0,000";"0,259";"0,620";"0,620";"0,403";"1,643";"0,000";"0,000";"0,000";
"25/12/2023 19:10";"0,581";"0,000";"0,571";"0,000";"0,379";"0,000";"1,531";"0,000";"0,000";"0,000";"0,000";"0,240";"0,581";"0,571";"0,379";"1,531";"0,000";"0,000";"0,000";
"25/12/2023 19:20";"0,593";"0,000";"0,593";"0,000";"0,386";"0,000";"1,571";"0,000";"0,000";"0,000";"0,000";"0,238";"0,593";"0,593";"0,386";"1,571";"0,000";"0,000";"0,000";
"25/12/2023 19:30";"0,628";"0,000";"0,632";"0,000";"0,414";"0,000";"1,675";"0,000";"0,000";"0,000";"0,000";"0,245";"0,628";"0,632";"0,414";"1,675";"0,000";"0,000";"0,000";
"25/12/2023 19:40";"0,626";"0,000";"0,569";"0,000";"0,405";"0,000";"1,599";"0,000";"0,000";"0,000";"0,000";"0,269";"0,626";"0,569";"0,405";"1,599";"0,000";"0,000";"0,000";
"25/12/2023 19:50";"0,593";"0,000";"0,576";"0,000";"0,371";"0,000";"1,540";"0,000";"0,000";"0,000";"0,000";"0,239";"0,593";"0,576";"0,371";"1,540";"0,000";"0,000";"0,000";
"25/12/2023 20:00";"0,620";"0,000";"0,652";"0,000";"0,420";"0,000";"1,693";"0,000";"0,000";"0,000";"0,000";"0,220";"0,620";"0,652";"0,420";"1,693";"0,000";"0,000";"0,000";
"25/12/2023 20:10";"0,613";"0,000";"0,626";"0,000";"0,417";"0,000";"1,655";"0,000";"0,000";"0,000";"0,000";"0,231";"0,613";"0,626";"0,417";"1,655";"0,000";"0,000";"0,000";
"25/12/2023 20:20";"0,607";"0,000";"0,560";"0,000";"0,395";"0,000";"1,562";"0,000";"0,000";"0,000";"0,000";"0,305";"0,607";"0,560";"0,395";"1,562";"0,000";"0,000";"0,000";
"25/12/2023 20:30";"0,614";"0,000";"0,608";"0,000";"0,399";"0,000";"1,622";"0,000";"0,000";"0,000";"0,000";"0,235";"0,614";"0,608";"0,399";"1,622";"0,000";"0,000";"0,000";
"25/12/2023 20:40";"0,625";"0,000";"0,649";"0,000";"0,410";"0,000";"1,684";"0,000";"0,000";"0,000";"0,000";"0,221";"0,625";"0,649";"0,410";"1,684";"0,000";"0,000";"0,000";
"25/12/2023 20:50";"0,617";"0,000";"0,591";"0,000";"0,402";"0,000";"1,610";"0,000";"0,000";"0,000";"0,000";"0,227";"0,617";"0,591";"0,402";"1,610";"0,000";"0,000";"0,000";
"25/12/2023 21:00";"0,621";"0,000";"0,595";"0,000";"0,399";"0,000";"1,615";"0,000";"0,000";"0,000";"0,000";"0,289";"0,621";"0,595";"0,399";"1,615";"0,000";"0,000";"0,000";
"25/12/2023 21:10";"0,632";"0,000";"0,640";"0,000";"0,418";"0,000";"1,690";"0,000";"0,005";"0,000";"0,000";"0,238";"0,632";"0,640";"0,418";"1,690";"0,000";"0,000";"0,000";
"25/12/2023 21:20";"0,623";"0,000";"0,618";"0,000";"0,410";"0,000";"1,650";"0,000";"0,000";"0,000";"0,000";"0,225";"0,623";"0,618";"0,410";"1,650";"0,000";"0,000";"0,000";
"25/12/2023 21:30";"0,618";"0,000";"0,606";"0,000";"0,415";"0,000";"1,639";"0,000";"0,000";"0,000";"0,000";"0,215";"0,618";"0,606";"0,415";"1,639";"0,000";"0,000";"0,000";
"25/12/2023 21:40";"0,629";"0,000";"0,697";"0,000";"0,425";"0,000";"1,752";"0,000";"0,000";"0,000";"0,000";"0,217";"0,629";"0,697";"0,425";"1,752";"0,000";"0,000";"0,000";
"25/12/2023 21:50";"0,846";"0,000";"0,613";"0,000";"0,429";"0,000";"1,889";"0,000";"0,000";"0,000";"0,000";"0,277";"0,846";"0,613";"0,429";"1,889";"0,000";"0,000";"0,000";
"25/12/2023 22:00";"0,890";"0,000";"0,621";"0,000";"0,419";"0,000";"1,930";"0,000";"0,000";"0,000";"0,000";"0,248";"0,890";"0,621";"0,419";"1,930";"0,000";"0,000";"0,000";
"25/12/2023 22:10";"0,657";"0,000";"0,628";"0,000";"0,395";"0,000";"1,680";"0,000";"0,000";"0,000";"0,000";"0,244";"0,657";"0,628";"0,395";"1,680";"0,000";"0,000";"0,000";
"25/12/2023 22:20";"0,622";"0,000";"0,643";"0,000";"0,428";"0,000";"1,693";"0,000";"0,000";"0,000";"0,000";"0,212";"0,622";"0,643";"0,428";"1,693";"0,000";"0,000";"0,000";
"25/12/2023 22:30";"0,636";"0,000";"0,601";"0,000";"0,425";"0,000";"1,662";"0,000";"0,000";"0,000";"0,000";"0,270";"0,636";"0,601";"0,425";"1,662";"0,000";"0,000";"0,000";
"25/12/2023 22:40";"0,628";"0,000";"0,607";"0,000";"0,411";"0,000";"1,646";"0,000";"0,000";"0,000";"0,000";"0,279";"0,628";"0,607";"0,411";"1,646";"0,000";"0,000";"0,000";
"25/12/2023 22:50";"0,636";"0,000";"0,635";"0,000";"0,415";"0,000";"1,686";"0,000";"0,000";"0,000";"0,000";"0,228";"0,636";"0,635";"0,415";"1,686";"0,000";"0,000";"0,000";
"25/12/2023 23:00";"0,630";"0,000";"0,630";"0,000";"0,413";"0,000";"1,673";"0,000";"0,000";"0,000";"0,000";"0,240";"0,630";"0,630";"0,413";"1,673";"0,000";"0,000";"0,000";
"25/12/2023 23:10";"0,607";"0,000";"0,576";"0,000";"0,411";"0,000";"1,594";"0,000";"0,000";"0,000";"0,000";"0,280";"0,607";"0,576";"0,411";"1,594";"0,000";"0,000";"0,000";
"25/12/2023 23:20";"0,608";"0,000";"0,602";"0,000";"0,405";"0,000";"1,615";"0,000";"0,000";"0,000";"0,000";"0,233";"0,608";"0,602";"0,405";"1,615";"0,000";"0,000";"0,000";
"25/12/2023 23:30";"0,648";"0,000";"0,682";"0,000";"0,431";"0,000";"1,762";"0,000";"0,000";"0,000";"0,000";"0,216";"0,648";"0,682";"0,431";"1,762";"0,000";"0,000";"0,000";
"25/12/2023 23:40";"0,620";"0,000";"0,588";"0,000";"0,405";"0,000";"1,613";"0,000";"0,000";"0,000";"0,000";"0,300";"0,620";"0,588";"0,405";"1,613";"0,000";"0,000";"0,000";
"25/12/2023 23:50";"0,606";"0,000";"0,585";"0,000";"0,391";"0,000";"1,582";"0,000";"0,000";"0,000";"0,000";"0,249";"0,606";"0,585";"0,391";"1,582";"0,000";"0,000";"0,000";
"26/12/2023 00:00";"0,660";"0,000";"0,595";"0,000";"0,397";"0,000";"1,651";"0,000";"0,000";"0,000";"0,000";"0,236";"0,660";"0,595";"0,397";"1,651";"0,000";"0,000";"0,000";
"26/12/2023 00:10";"0,697";"0,000";"0,620";"0,000";"0,413";"0,000";"1,730";"0,000";"0,000";"0,000";"0,000";"0,164";"0,697";"0,620";"0,413";"1,730";"0,000";"0,000";"0,000";
"26/12/2023 00:20";"0,699";"0,000";"0,595";"0,000";"0,409";"0,000";"1,703";"0,000";"0,000";"0,000";"0,000";"0,234";"0,699";"0,595";"0,409";"1,703";"0,000";"0,000";"0,000";
"26/12/2023 00:30";"0,635";"0,000";"0,604";"0,000";"0,389";"0,000";"1,628";"0,000";"0,000";"0,000";"0,000";"0,206";"0,635";"0,604";"0,389";"1,628";"0,000";"0,000";"0,000";
"26/12/2023 00:40";"0,791";"0,000";"0,606";"0,000";"0,411";"0,000";"1,807";"0,000";"0,000";"0,000";"0,000";"0,127";"0,791";"0,606";"0,411";"1,807";"0,000";"0,000";"0,000";
"26/12/2023 00:50";"1,018";"0,000";"0,617";"0,000";"0,421";"0,000";"2,056";"0,000";"0,000";"0,000";"0,000";"0,125";"1,018";"0,617";"0,421";"2,056";"0,000";"0,000";"0,000";
"26/12/2023 01:00";"0,979";"0,000";"0,597";"0,000";"0,402";"0,000";"1,977";"0,000";"0,000";"0,000";"0,000";"0,148";"0,979";"0,597";"0,402";"1,977";"0,000";"0,000";"0,000";
"26/12/2023 01:10";"0,732";"0,000";"0,547";"0,000";"0,380";"0,000";"1,659";"0,000";"0,000";"0,000";"0,000";"0,216";"0,732";"0,547";"0,380";"1,659";"0,000";"0,000";"0,000";
"26/12/2023 01:20";"0,814";"0,000";"0,598";"0,000";"0,387";"0,000";"1,799";"0,000";"0,000";"0,000";"0,000";"0,145";"0,814";"0,598";"0,387";"1,799";"0,000";"0,000";"0,000";
"26/12/2023 01:30";"0,721";"0,000";"0,588";"0,000";"0,379";"0,000";"1,688";"0,000";"0,000";"0,000";"0,000";"0,139";"0,721";"0,588";"0,379";"1,688";"0,000";"0,000";"0,000";
"26/12/2023 01:40";"0,717";"0,000";"0,594";"0,000";"0,379";"0,000";"1,689";"0,000";"0,000";"0,000";"0,000";"0,146";"0,717";"0,594";"0,379";"1,689";"0,000";"0,000";"0,000";
"26/12/2023 01:50";"0,747";"0,000";"0,577";"0,000";"0,399";"0,000";"1,724";"0,000";"0,000";"0,000";"0,000";"0,186";"0,747";"0,577";"0,399";"1,724";"0,000";"0,000";"0,000";
"26/12/2023 02:00";"0,774";"0,000";"0,601";"0,000";"0,420";"0,000";"1,796";"0,000";"0,000";"0,000";"0,000";"0,162";"0,774";"0,601";"0,420";"1,796";"0,000";"0,000";"0,000";
"26/12/2023 02:10";"0,828";"0,000";"0,596";"0,000";"0,401";"0,000";"1,825";"0,000";"0,000";"0,000";"0,000";"0,153";"0,828";"0,596";"0,401";"1,825";"0,000";"0,000";"0,000";
"26/12/2023 02:20";"0,764";"0,000";"0,618";"0,000";"0,395";"0,000";"1,777";"0,000";"0,000";"0,000";"0,000";"0,149";"0,764";"0,618";"0,395";"1,777";"0,000";"0,000";"0,000";
"26/12/2023 02:30";"0,783";"0,000";"0,640";"0,000";"0,423";"0,000";"1,845";"0,000";"0,000";"0,000";"0,000";"0,180";"0,783";"0,640";"0,423";"1,845";"0,000";"0,000";"0,000";
"26/12/2023 02:40";"0,749";"0,000";"0,595";"0,000";"0,402";"0,000";"1,746";"0,000";"0,000";"0,000";"0,000";"0,140";"0,749";"0,595";"0,402";"1,746";"0,000";"0,000";"0,000";
"26/12/2023 02:50";"0,700";"0,000";"0,594";"0,000";"0,387";"0,000";"1,681";"0,000";"0,000";"0,000";"0,000";"0,192";"0,700";"0,594";"0,387";"1,681";"0,000";"0,000";"0,000";
"26/12/2023 03:00";"0,615";"0,000";"0,643";"0,000";"0,408";"0,000";"1,666";"0,000";"0,000";"0,000";"0,000";"0,246";"0,615";"0,643";"0,408";"1,666";"0,000";"0,000";"0,000";
"26/12/2023 03:10";"0,652";"0,000";"0,577";"0,000";"0,410";"0,000";"1,639";"0,000";"0,000";"0,000";"0,000";"0,283";"0,652";"0,577";"0,410";"1,639";"0,000";"0,000";"0,000";
"26/12/2023 03:20";"0,625";"0,000";"0,596";"0,000";"0,405";"0,000";"1,625";"0,000";"0,000";"0,000";"0,000";"0,235";"0,625";"0,596";"0,405";"1,625";"0,000";"0,000";"0,000";
"26/12/2023 03:30";"0,606";"0,000";"0,628";"0,000";"0,393";"0,000";"1,627";"0,000";"0,000";"0,000";"0,000";"0,248";"0,606";"0,628";"0,393";"1,627";"0,000";"0,000";"0,000";
"26/12/2023 03:40";"0,595";"0,000";"0,589";"0,000";"0,385";"0,000";"1,569";"0,000";"0,000";"0,000";"0,000";"0,240";"0,595";"0,589";"0,385";"1,569";"0,000";"0,000";"0,000";
"26/12/2023 03:50";"0,618";"0,000";"0,604";"0,000";"0,414";"0,000";"1,636";"0,000";"0,000";"0,000";"0,000";"0,265";"0,618";"0,604";"0,414";"1,636";"0,000";"0,000";"0,000";
"26/12/2023 04:00";"0,628";"0,000";"0,622";"0,000";"0,421";"0,000";"1,672";"0,000";"0,000";"0,000";"0,000";"0,252";"0,628";"0,622";"0,421";"1,672";"0,000";"0,000";"0,000";
"26/12/2023 04:10";"0,619";"0,000";"0,623";"0,000";"0,400";"0,000";"1,642";"0,000";"0,000";"0,000";"0,000";"0,234";"0,619";"0,623";"0,400";"1,642";"0,000";"0,000";"0,000";
"26/12/2023 04:20";"0,666";"0,000";"0,607";"0,000";"0,398";"0,000";"1,671";"0,000";"0,000";"0,000";"0,000";"0,241";"0,666";"0,607";"0,398";"1,671";"0,000";"0,000";"0,000";
"26/12/2023 04:30";"0,648";"0,000";"0,605";"0,000";"0,404";"0,000";"1,658";"0,000";"0,000";"0,000";"0,000";"0,206";"0,648";"0,605";"0,404";"1,658";"0,000";"0,000";"0,000";
"26/12/2023 04:40";"0,751";"0,000";"0,570";"0,000";"0,394";"0,000";"1,715";"0,000";"0,000";"0,000";"0,000";"0,185";"0,751";"0,570";"0,394";"1,715";"0,000";"0,000";"0,000";
"26/12/2023 04:50";"0,737";"0,000";"0,605";"0,000";"0,390";"0,000";"1,733";"0,000";"0,000";"0,000";"0,000";"0,189";"0,737";"0,605";"0,390";"1,733";"0,000";"0,000";"0,000";
"26/12/2023 05:00";"0,743";"0,000";"0,609";"0,000";"0,394";"0,000";"1,745";"0,000";"0,000";"0,000";"0,000";"0,153";"0,743";"0,609";"0,394";"1,745";"0,000";"0,000";"0,000";
"26/12/2023 05:10";"0,756";"0,000";"0,578";"0,000";"0,387";"0,000";"1,721";"0,000";"0,000";"0,000";"0,000";"0,152";"0,756";"0,578";"0,387";"1,721";"0,000";"0,000";"0,000";
"26/12/2023 05:20";"0,721";"0,000";"0,594";"0,000";"0,398";"0,000";"1,713";"0,000";"0,000";"0,000";"0,000";"0,171";"0,721";"0,594";"0,398";"1,713";"0,000";"0,000";"0,000";
"26/12/2023 05:30";"1,240";"0,000";"1,080";"0,000";"0,868";"0,000";"3,187";"0,000";"0,113";"0,000";"0,000";"0,151";"1,240";"1,080";"0,868";"3,187";"0,000";"0,000";"0,000";
"26/12/2023 05:40";"2,618";"0,000";"2,052";"0,000";"1,889";"0,000";"6,558";"0,000";"0,275";"0,000";"0,000";"0,120";"2,618";"2,052";"1,889";"6,558";"0,000";"0,000";"0,000";
"26/12/2023 05:50";"2,479";"0,000";"1,827";"0,000";"1,909";"0,000";"6,216";"0,000";"0,107";"0,000";"0,000";"0,097";"2,479";"1,827";"1,909";"6,216";"0,000";"0,000";"0,000";
"26/12/2023 06:00";"2,318";"0,000";"1,809";"0,000";"1,918";"0,000";"6,046";"0,000";"0,168";"0,000";"0,000";"0,053";"2,318";"1,809";"1,918";"6,046";"0,000";"0,000";"0,000";
"26/12/2023 06:10";"2,554";"0,000";"2,095";"0,000";"2,383";"0,000";"7,032";"0,000";"0,426";"0,000";"0,000";"0,294";"2,554";"2,095";"2,383";"7,032";"0,000";"0,000";"0,000";
"26/12/2023 06:20";"2,778";"0,000";"2,285";"0,000";"2,784";"0,000";"7,847";"0,000";"0,598";"0,000";"0,000";"0,286";"2,778";"2,285";"2,784";"7,847";"0,000";"0,000";"0,000";
"26/12/2023 06:30";"2,886";"0,000";"2,384";"0,000";"3,060";"0,000";"8,330";"0,000";"0,741";"0,000";"0,000";"0,293";"2,886";"2,384";"3,060";"8,330";"0,000";"0,000";"0,000";
"26/12/2023 06:40";"2,664";"0,000";"2,156";"0,000";"2,831";"0,000";"7,651";"0,000";"0,646";"0,000";"0,000";"0,276";"2,664";"2,156";"2,831";"7,651";"0,000";"0,000";"0,000";
"26/12/2023 06:50";"3,334";"0,000";"2,815";"0,000";"3,400";"0,000";"9,548";"0,000";"0,980";"0,000";"0,000";"0,273";"3,334";"2,815";"3,400";"9,548";"0,000";"0,000";"0,000";
"26/12/2023 07:00";"3,909";"0,000";"3,299";"0,000";"4,110";"0,000";"11,317";"0,000";"0,802";"0,000";"0,000";"0,595";"3,909";"3,299";"4,110";"11,317";"0,000";"0,000";"0,000";
"26/12/2023 07:10";"3,217";"0,000";"2,705";"0,000";"3,434";"0,000";"9,355";"0,000";"0,900";"0,000";"0,000";"0,521";"3,217";"2,705";"3,434";"9,355";"0,000";"0,000";"0,000";
"26/12/2023 07:20";"3,924";"0,000";"3,025";"0,000";"3,482";"0,000";"10,432";"0,000";"0,808";"0,000";"0,000";"0,430";"3,924";"3,025";"3,482";"10,432";"0,000";"0,000";"0,000";
"26/12/2023 07:30";"3,746";"0,000";"3,193";"0,000";"3,493";"0,000";"10,432";"0,000";"1,079";"0,000";"0,000";"0,373";"3,746";"3,193";"3,493";"10,432";"0,000";"0,000";"0,000";
"26/12/2023 07:40";"3,460";"0,000";"2,787";"0,000";"3,253";"0,000";"9,500";"0,000";"1,026";"0,000";"0,000";"0,538";"3,460";"2,787";"3,253";"9,500";"0,000";"0,000";"0,000";
"26/12/2023 07:50";"3,162";"0,000";"2,506";"0,000";"2,972";"0,000";"8,640";"0,000";"0,861";"0,000";"0,000";"0,327";"3,162";"2,506";"2,972";"8,640";"0,000";"0,000";"0,000";
"26/12/2023 08:00";"3,709";"0,000";"2,936";"0,000";"3,616";"0,000";"10,261";"0,000";"1,077";"0,000";"0,000";"0,429";"3,709";"2,936";"3,616";"10,261";"0,000";"0,000";"0,000";
"26/12/2023 08:10";"3,989";"0,000";"3,153";"0,000";"3,525";"0,000";"10,668";"0,000";"0,679";"0,000";"0,000";"0,461";"3,989";"3,153";"3,525";"10,668";"0,000";"0,000";"0,000";
"26/12/2023 08:20";"3,975";"0,000";"3,362";"0,000";"3,283";"0,000";"10,619";"0,000";"1,226";"0,000";"0,000";"0,123";"3,975";"3,362";"3,283";"10,619";"0,000";"0,000";"0,000";
"26/12/2023 08:30";"5,444";"0,000";"4,765";"0,000";"4,857";"0,000";"15,067";"0,000";"1,593";"0,000";"0,000";"0,609";"5,444";"4,765";"4,857";"15,067";"0,000";"0,000";"0,000";
"26/12/2023 08:40";"5,124";"0,000";"4,493";"0,000";"4,737";"0,000";"14,354";"0,000";"1,767";"0,000";"0,000";"0,776";"5,124";"4,493";"4,737";"14,354";"0,000";"0,000";"0,000";
"26/12/2023 08:50";"5,077";"0,000";"4,518";"0,000";"4,814";"0,000";"14,409";"0,000";"1,120";"0,000";"0,000";"0,469";"5,077";"4,518";"4,814";"14,409";"0,000";"0,000";"0,000";
"26/12/2023 09:00";"5,215";"0,000";"4,663";"0,000";"5,013";"0,000";"14,890";"0,000";"1,224";"0,000";"0,000";"0,353";"5,215";"4,663";"5,013";"14,890";"0,000";"0,000";"0,000";
"26/12/2023 09:10";"5,138";"0,000";"4,463";"0,000";"4,568";"0,000";"14,170";"0,000";"1,231";"0,000";"0,000";"0,865";"5,138";"4,463";"4,568";"14,170";"0,000";"0,000";"0,000";
"26/12/2023 09:20";"5,038";"0,000";"4,566";"0,000";"4,564";"0,000";"14,168";"0,000";"1,407";"0,000";"0,000";"0,309";"5,038";"4,566";"4,564";"14,168";"0,000";"0,000";"0,000";
"26/12/2023 09:30";"5,240";"0,000";"4,706";"0,000";"4,905";"0,000";"14,851";"0,000";"1,531";"0,000";"0,000";"0,482";"5,240";"4,706";"4,905";"14,851";"0,000";"0,000";"0,000";
"26/12/2023 09:40";"5,126";"0,000";"4,520";"0,000";"4,772";"0,000";"14,417";"0,000";"1,158";"0,000";"0,000";"0,593";"5,126";"4,520";"4,772";"14,417";"0,000";"0,000";"0,000";
"26/12/2023 09:50";"4,902";"0,000";"4,360";"0,000";"4,391";"0,000";"13,653";"0,000";"1,311";"0,000";"0,000";"0,444";"4,902";"4,360";"4,391";"13,653";"0,000";"0,000";"0,000";
"26/12/2023 10:00";"4,085";"0,000";"3,650";"0,000";"3,934";"0,000";"11,670";"0,000";"1,194";"0,000";"0,000";"0,542";"4,110";"3,675";"3,959";"11,745";"0,075";"0,039";"0,036";
"26/12/2023 10:10";"3,790";"0,000";"3,338";"0,000";"3,759";"0,000";"10,886";"0,000";"0,895";"0,000";"0,000";"0,216";"3,932";"3,480";"3,901";"11,312";"0,426";"0,218";"0,208";
"26/12/2023 10:20";"4,407";"0,000";"3,890";"0,000";"4,847";"0,000";"13,144";"0,000";"1,456";"0,000";"0,000";"0,486";"4,605";"4,088";"5,045";"13,738";"0,594";"0,303";"0,291";
"26/12/2023 10:30";"7,092";"0,000";"6,440";"0,000";"7,652";"0,000";"21,183";"0,000";"1,283";"0,000";"0,000";"0,190";"7,216";"6,564";"7,776";"21,555";"0,372";"0,191";"0,181";
"26/12/2023 10:40";"7,422";"0,000";"6,712";"0,000";"7,661";"0,000";"21,795";"0,000";"1,324";"0,000";"0,000";"0,422";"7,488";"6,779";"7,728";"21,995";"0,200";"0,103";"0,097";
"26/12/2023 10:50";"8,831";"0,000";"8,084";"0,000";"8,886";"0,000";"25,801";"0,000";"1,751";"0,000";"0,000";"0,151";"8,970";"8,223";"9,025";"26,218";"0,417";"0,213";"0,204";
"26/12/2023 11:00";"7,955";"0,000";"7,283";"0,000";"8,221";"0,000";"23,459";"0,000";"2,051";"0,000";"0,000";"0,062";"8,331";"7,659";"8,596";"24,586";"1,127";"0,573";"0,554";
"26/12/2023 11:10";"8,683";"0,000";"7,862";"0,000";"8,761";"0,000";"25,307";"0,000";"1,676";"0,000";"0,000";"0,127";"9,265";"8,444";"9,343";"27,053";"1,746";"0,887";"0,859";
"26/12/2023 11:20";"9,318";"0,000";"8,942";"0,000";"9,315";"0,000";"27,575";"0,000";"1,941";"0,000";"0,000";"0,005";"9,901";"9,525";"9,897";"29,323";"1,748";"0,888";"0,860";
"26/12/2023 11:30";"10,236";"0,000";"9,553";"0,000";"9,825";"0,000";"29,614";"0,000";"3,352";"0,000";"0,000";"0,011";"10,758";"10,076";"10,347";"31,181";"1,567";"0,796";"0,771";
"26/12/2023 11:40";"9,928";"0,000";"9,279";"0,000";"9,801";"0,000";"29,009";"0,000";"3,727";"0,000";"0,000";"0,000";"10,513";"9,864";"10,386";"30,764";"1,755";"0,890";"0,865";
"26/12/2023 11:50";"7,720";"0,000";"7,141";"0,000";"7,571";"0,000";"22,432";"0,000";"1,389";"0,000";"0,000";"0,087";"8,491";"7,912";"8,343";"24,746";"2,314";"1,174";"1,140";
"26/12/2023 12:00";"6,731";"0,000";"6,155";"0,000";"6,530";"0,000";"19,416";"0,000";"1,984";"0,000";"0,000";"0,284";"7,653";"7,077";"7,452";"22,182";"2,766";"1,405";"1,361";
"26/12/2023 12:10";"6,701";"0,000";"5,777";"0,000";"6,586";"0,000";"19,063";"0,000";"1,150";"0,000";"0,000";"0,297";"7,324";"6,400";"7,209";"20,933";"1,870";"0,950";"0,920";
"26/12/2023 12:20";"6,917";"0,000";"6,305";"0,000";"7,335";"0,000";"20,557";"0,000";"1,179";"0,000";"0,000";"0,170";"7,776";"7,164";"8,194";"23,134";"2,577";"1,303";"1,274";
"26/12/2023 12:30";"7,120";"0,000";"6,389";"0,000";"7,359";"0,000";"20,868";"0,000";"2,048";"0,000";"0,000";"0,075";"7,777";"7,045";"8,015";"22,837";"1,969";"0,998";"0,971";
"26/12/2023 12:40";"7,174";"0,000";"6,351";"0,000";"7,093";"0,000";"20,617";"0,000";"1,653";"0,000";"0,000";"0,097";"7,590";"6,767";"7,509";"21,866";"1,249";"0,635";"0,614";
"26/12/2023 12:50";"6,655";"0,000";"5,969";"0,000";"6,688";"0,000";"19,311";"0,000";"1,333";"0,000";"0,000";"0,071";"7,030";"6,343";"7,062";"20,435";"1,124";"0,572";"0,552";
"26/12/2023 13:00";"6,110";"0,000";"5,545";"0,000";"5,890";"0,000";"17,545";"0,000";"1,414";"0,000";"0,000";"0,125";"6,461";"5,896";"6,241";"18,599";"1,054";"0,536";"0,518";
"26/12/2023 13:10";"3,159";"0,000";"2,660";"0,000";"2,710";"0,000";"8,529";"0,000";"1,586";"0,000";"0,000";"0,185";"3,519";"3,020";"3,070";"9,609";"1,080";"0,550";"0,530";
"26/12/2023 13:20";"4,193";"0,000";"2,977";"0,000";"3,480";"0,000";"10,650";"0,000";"0,931";"0,000";"0,000";"0,550";"4,664";"3,448";"3,951";"12,064";"1,414";"0,719";"0,695";
"26/12/2023 13:30";"3,876";"0,000";"3,019";"0,000";"3,455";"0,000";"10,350";"0,000";"0,699";"0,000";"0,000";"0,522";"4,252";"3,395";"3,832";"11,479";"1,129";"0,576";"0,553";
"26/12/2023 13:40";"2,007";"0,000";"1,463";"0,000";"1,748";"0,000";"5,218";"0,000";"0,477";"0,000";"0,000";"0,127";"2,379";"1,835";"2,121";"6,335";"1,117";"0,570";"0,547";
"26/12/2023 13:50";"2,007";"0,000";"1,276";"0,000";"1,359";"0,000";"4,641";"0,000";"0,071";"0,000";"0,000";"0,050";"2,246";"1,514";"1,597";"5,356";"0,715";"0,366";"0,349";
"26/12/2023 14:00";"1,629";"0,000";"0,930";"0,000";"0,740";"0,000";"3,299";"0,000";"0,019";"0,000";"0,000";"0,115";"1,853";"1,154";"0,963";"3,970";"0,671";"0,343";"0,328";
"26/12/2023 14:10";"1,328";"0,000";"0,790";"0,000";"0,667";"0,000";"2,784";"0,000";"0,013";"0,000";"0,000";"0,072";"1,571";"1,033";"0,910";"3,513";"0,729";"0,372";"0,357";
"26/12/2023 14:20";"1,078";"0,000";"0,546";"0,000";"0,711";"0,000";"2,335";"0,000";"0,008";"0,000";"0,000";"0,118";"1,380";"0,847";"1,013";"3,239";"0,904";"0,460";"0,444";
"26/12/2023 14:30";"0,989";"0,000";"0,503";"0,000";"0,616";"0,000";"2,107";"0,000";"0,000";"0,000";"0,000";"0,141";"1,396";"0,910";"1,023";"3,328";"1,221";"0,621";"0,600";
"26/12/2023 14:40";"1,044";"0,000";"0,572";"0,000";"0,670";"0,000";"2,286";"0,000";"0,011";"0,000";"0,000";"0,037";"1,418";"0,946";"1,043";"3,407";"1,121";"0,570";"0,551";
"26/12/2023 14:50";"1,220";"0,000";"0,517";"0,000";"0,680";"0,000";"2,416";"0,000";"0,005";"0,000";"0,000";"0,162";"1,729";"1,026";"1,189";"3,944";"1,528";"0,776";"0,752";
"26/12/2023 15:00";"1,416";"0,000";"0,743";"0,000";"0,648";"0,000";"2,807";"0,000";"0,005";"0,000";"0,000";"0,161";"1,840";"1,167";"1,072";"4,079";"1,272";"0,647";"0,625";
"26/12/2023 15:10";"1,026";"0,000";"0,503";"0,000";"0,651";"0,000";"2,179";"0,000";"0,031";"0,000";"0,000";"0,000";"1,423";"0,900";"1,048";"3,370";"1,191";"0,606";"0,585";
"26/12/2023 15:20";"1,076";"0,000";"0,567";"0,000";"0,719";"0,000";"2,362";"0,000";"0,001";"0,000";"0,000";"0,173";"1,390";"0,880";"1,033";"3,302";"0,940";"0,479";"0,461";
"26/12/2023 15:30";"1,416";"0,000";"0,470";"0,000";"0,695";"0,000";"2,581";"0,000";"0,000";"0,000";"0,000";"0,206";"1,677";"0,731";"0,956";"3,364";"0,783";"0,399";"0,384";
"26/12/2023 15:40";"1,485";"0,000";"0,742";"0,000";"0,608";"0,000";"2,834";"0,000";"0,001";"0,000";"0,000";"0,105";"1,736";"0,993";"0,859";"3,587";"0,753";"0,384";"0,369";
"26/12/2023 15:50";"1,386";"0,000";"1,091";"0,000";"0,718";"0,000";"3,195";"0,000";"0,008";"0,000";"0,000";"0,089";"1,556";"1,261";"0,888";"3,705";"0,510";"0,261";"0,249";
"26/12/2023 16:00";"1,485";"0,000";"1,136";"0,000";"0,881";"0,000";"3,502";"0,000";"0,099";"0,000";"0,000";"0,287";"1,638";"1,289";"1,034";"3,960";"0,458";"0,235";"0,223";
"26/12/2023 16:10";"1,107";"0,000";"0,475";"0,000";"0,574";"0,000";"2,156";"0,000";"0,001";"0,000";"0,000";"0,100";"1,292";"0,660";"0,759";"2,711";"0,555";"0,284";"0,271";
"26/12/2023 16:20";"0,779";"0,000";"0,510";"0,000";"0,671";"0,000";"1,959";"0,000";"0,021";"0,000";"0,000";"0,029";"0,955";"0,686";"0,847";"2,487";"0,528";"0,270";"0,258";
"26/12/2023 16:30";"0,870";"0,000";"0,528";"0,000";"0,725";"0,000";"2,122";"0,000";"0,000";"0,000";"0,000";"0,210";"0,989";"0,647";"0,844";"2,480";"0,358";"0,184";"0,174";
"26/12/2023 16:40";"1,164";"0,000";"0,567";"0,000";"0,646";"0,000";"2,376";"0,000";"0,000";"0,000";"0,000";"0,176";"1,250";"0,652";"0,732";"2,633";"0,257";"0,133";"0,124";
"26/12/2023 16:50";"0,888";"0,000";"0,502";"0,000";"0,658";"0,000";"2,049";"0,000";"0,009";"0,000";"0,000";"0,017";"0,949";"0,563";"0,719";"2,232";"0,183";"0,095";"0,088";
"26/12/2023 17:00";"0,860";"0,000";"0,453";"0,000";"0,667";"0,000";"1,980";"0,000";"0,000";"0,000";"0,000";"0,120";"0,960";"0,554";"0,768";"2,281";"0,301";"0,155";"0,146";
"26/12/2023 17:10";"1,063";"0,000";"0,533";"0,000";"0,555";"0,000";"2,152";"0,000";"0,000";"0,000";"0,000";"0,194";"1,129";"0,599";"0,622";"2,351";"0,199";"0,103";"0,096";
"26/12/2023 17:20";"0,984";"0,000";"0,536";"0,000";"0,479";"0,000";"1,999";"0,000";"0,015";"0,000";"0,000";"0,081";"1,029";"0,581";"0,524";"2,134";"0,135";"0,070";"0,065";
"26/12/2023 17:30";"0,831";"0,000";"0,486";"0,000";"0,534";"0,000";"1,852";"0,000";"0,015";"0,000";"0,000";"0,023";"0,860";"0,515";"0,563";"1,938";"0,086";"0,045";"0,041";
"26/12/2023 17:40";"0,920";"0,000";"0,508";"0,000";"0,587";"0,000";"2,014";"0,000";"0,020";"0,000";"0,000";"0,146";"0,933";"0,521";"0,600";"2,054";"0,040";"0,021";"0,019";
"26/12/2023 17:50";"1,347";"0,000";"0,551";"0,000";"0,651";"0,000";"2,549";"0,000";"0,003";"0,000";"0,000";"0,195";"1,348";"0,552";"0,652";"2,552";"0,003";"0,002";"0,001";
"26/12/2023 18:00";"1,412";"0,000";"1,061";"0,000";"0,724";"0,000";"3,197";"0,000";"0,009";"0,000";"0,000";"0,085";"1,412";"1,061";"0,724";"3,197";"0,000";"0,000";"0,000";
"26/12/2023 18:10";"1,367";"0,000";"0,846";"0,000";"1,127";"0,000";"3,340";"0,000";"0,003";"0,000";"0,000";"0,218";"1,367";"0,846";"1,127";"3,340";"0,000";"0,000";"0,000";
"26/12/2023 18:20";"1,140";"0,000";"0,739";"0,000";"1,243";"0,000";"3,122";"0,000";"0,003";"0,000";"0,000";"0,118";"1,140";"0,739";"1,243";"3,122";"0,000";"0,000";"0,000";
"26/12/2023 18:30";"1,127";"0,000";"0,732";"0,000";"1,088";"0,000";"2,946";"0,000";"0,000";"0,000";"0,000";"0,233";"1,127";"0,732";"1,088";"2,946";"0,000";"0,000";"0,000";
"26/12/2023 18:40";"1,031";"0,000";"0,780";"0,000";"1,089";"0,000";"2,900";"0,000";"0,000";"0,000";"0,000";"0,300";"1,031";"0,780";"1,089";"2,900";"0,000";"0,000";"0,000";
"26/12/2023 18:50";"1,115";"0,000";"0,821";"0,000";"1,132";"0,000";"3,068";"0,000";"0,000";"0,000";"0,000";"0,289";"1,115";"0,821";"1,132";"3,068";"0,000";"0,000";"0,000";
"26/12/2023 19:00";"0,963";"0,000";"0,702";"0,000";"1,180";"0,000";"2,845";"0,000";"0,000";"0,000";"0,000";"0,322";"0,963";"0,702";"1,180";"2,845";"0,000";"0,000";"0,000";
"26/12/2023 19:10";"0,860";"0,000";"0,608";"0,000";"1,231";"0,000";"2,699";"0,000";"0,031";"0,000";"0,000";"0,050";"0,860";"0,608";"1,231";"2,699";"0,000";"0,000";"0,000";
"26/12/2023 19:20";"0,881";"0,000";"0,584";"0,000";"1,226";"0,000";"2,691";"0,000";"0,031";"0,000";"0,000";"0,001";"0,881";"0,584";"1,226";"2,691";"0,000";"0,000";"0,000";
"26/12/2023 19:30";"0,921";"0,000";"0,608";"0,000";"1,234";"0,000";"2,762";"0,000";"0,027";"0,000";"0,000";"0,109";"0,921";"0,608";"1,234";"2,762";"0,000";"0,000";"0,000";
"26/12/2023 19:40";"0,844";"0,000";"0,530";"0,000";"1,062";"0,000";"2,436";"0,000";"0,019";"0,000";"0,000";"0,031";"0,844";"0,530";"1,062";"2,436";"0,000";"0,000";"0,000";
"26/12/2023 19:50";"0,865";"0,000";"0,544";"0,000";"1,082";"0,000";"2,491";"0,000";"0,024";"0,000";"0,000";"0,002";"0,865";"0,544";"1,082";"2,491";"0,000";"0,000";"0,000";
"26/12/2023 20:00";"1,096";"0,000";"0,609";"0,000";"1,217";"0,000";"2,922";"0,000";"0,024";"0,000";"0,000";"0,018";"1,096";"0,609";"1,217";"2,922";"0,000";"0,000";"0,000";
"26/12/2023 20:10";"1,092";"0,000";"0,633";"0,000";"1,130";"0,000";"2,855";"0,000";"0,017";"0,000";"0,000";"0,050";"1,092";"0,633";"1,130";"2,855";"0,000";"0,000";"0,000";
"26/12/2023 20:20";"0,880";"0,000";"0,571";"0,000";"1,154";"0,000";"2,605";"0,000";"0,032";"0,000";"0,000";"0,002";"0,880";"0,571";"1,154";"2,605";"0,000";"0,000";"0,000";
"26/12/2023 20:30";"0,846";"0,000";"0,544";"0,000";"1,181";"0,000";"2,571";"0,000";"0,009";"0,000";"0,000";"0,055";"0,846";"0,544";"1,181";"2,571";"0,000";"0,000";"0,000";
"26/12/2023 20:40";"1,091";"0,000";"0,671";"0,000";"1,150";"0,000";"2,912";"0,000";"0,000";"0,000";"0,000";"0,172";"1,091";"0,671";"1,150";"2,912";"0,000";"0,000";"0,000";
"26/12/2023 20:50";"0,797";"0,000";"0,592";"0,000";"1,160";"0,000";"2,548";"0,000";"0,021";"0,000";"0,000";"0,023";"0,797";"0,592";"1,160";"2,548";"0,000";"0,000";"0,000";
"26/12/2023 21:00";"0,799";"0,000";"0,562";"0,000";"1,147";"0,000";"2,508";"0,000";"0,016";"0,000";"0,000";"0,016";"0,799";"0,562";"1,147";"2,508";"0,000";"0,000";"0,000";
"26/12/2023 21:10";"0,855";"0,000";"0,610";"0,000";"1,072";"0,000";"2,537";"0,000";"0,000";"0,000";"0,000";"0,149";"0,855";"0,610";"1,072";"2,537";"0,000";"0,000";"0,000";
"26/12/2023 21:20";"0,850";"0,000";"0,522";"0,000";"0,996";"0,000";"2,368";"0,000";"0,000";"0,000";"0,000";"0,112";"0,850";"0,522";"0,996";"2,368";"0,000";"0,000";"0,000";
"26/12/2023 21:30";"0,772";"0,000";"0,602";"0,000";"1,034";"0,000";"2,408";"0,000";"0,020";"0,000";"0,000";"0,019";"0,772";"0,602";"1,034";"2,408";"0,000";"0,000";"0,000";
"26/12/2023 21:40";"0,827";"0,000";"0,576";"0,000";"1,051";"0,000";"2,454";"0,000";"0,010";"0,000";"0,000";"0,093";"0,827";"0,576";"1,051";"2,454";"0,000";"0,000";"0,000";
"26/12/2023 21:50";"0,889";"0,000";"0,529";"0,000";"1,018";"0,000";"2,436";"0,000";"0,000";"0,000";"0,000";"0,207";"0,889";"0,529";"1,018";"2,436";"0,000";"0,000";"0,000";
"26/12/2023 22:00";"0,877";"0,000";"0,661";"0,000";"1,184";"0,000";"2,721";"0,000";"0,042";"0,000";"0,000";"0,147";"0,877";"0,661";"1,184";"2,721";"0,000";"0,000";"0,000";
"26/12/2023 22:10";"0,842";"0,000";"0,671";"0,000";"1,268";"0,000";"2,781";"0,000";"0,009";"0,000";"0,000";"0,094";"0,842";"0,671";"1,268";"2,781";"0,000";"0,000";"0,000";
"26/12/2023 22:20";"0,883";"0,000";"0,609";"0,000";"1,228";"0,000";"2,719";"0,000";"0,000";"0,000";"0,000";"0,229";"0,883";"0,609";"1,228";"2,719";"0,000";"0,000";"0,000";
"26/12/2023 22:30";"0,808";"0,000";"0,497";"0,000";"1,158";"0,000";"2,463";"0,000";"0,000";"0,000";"0,000";"0,113";"0,808";"0,497";"1,158";"2,463";"0,000";"0,000";"0,000";
"26/12/2023 22:40";"0,783";"0,000";"0,577";"0,000";"1,194";"0,000";"2,554";"0,000";"0,019";"0,000";"0,000";"0,023";"0,783";"0,577";"1,194";"2,554";"0,000";"0,000";"0,000";
"26/12/2023 22:50";"0,912";"0,000";"0,625";"0,000";"1,218";"0,000";"2,754";"0,000";"0,003";"0,000";"0,000";"0,173";"0,912";"0,625";"1,218";"2,754";"0,000";"0,000";"0,000";
"26/12/2023 23:00";"1,041";"0,000";"0,646";"0,000";"1,163";"0,000";"2,850";"0,000";"0,003";"0,000";"0,000";"0,140";"1,041";"0,646";"1,163";"2,850";"0,000";"0,000";"0,000";
"26/12/2023 23:10";"0,793";"0,000";"0,527";"0,000";"1,060";"0,000";"2,380";"0,000";"0,010";"0,000";"0,000";"0,071";"0,793";"0,527";"1,060";"2,380";"0,000";"0,000";"0,000";
"26/12/2023 23:20";"0,811";"0,000";"0,599";"0,000";"1,018";"0,000";"2,428";"0,000";"0,000";"0,000";"0,000";"0,110";"0,811";"0,599";"1,018";"2,428";"0,000";"0,000";"0,000";
"26/12/2023 23:30";"0,870";"0,000";"0,638";"0,000";"1,083";"0,000";"2,591";"0,000";"0,000";"0,000";"0,000";"0,195";"0,870";"0,638";"1,083";"2,591";"0,000";"0,000";"0,000";
"26/12/2023 23:40";"0,765";"0,000";"0,524";"0,000";"1,008";"0,000";"2,297";"0,000";"0,004";"0,000";"0,000";"0,051";"0,765";"0,524";"1,008";"2,297";"0,000";"0,000";"0,000";
"26/12/2023 23:50";"0,793";"0,000";"0,575";"0,000";"1,086";"0,000";"2,454";"0,000";"0,007";"0,000";"0,000";"0,033";"0,793";"0,575";"1,086";"2,455";"0,000";"0,000";"0,000";
"27/12/2023 00:00";"0,851";"0,000";"0,635";"0,000";"1,176";"0,000";"2,662";"0,000";"0,000";"0,000";"0,000";"0,253";"0,851";"0,635";"1,176";"2,662";"0,000";"0,000";"0,000";
"27/12/2023 00:10";"0,861";"0,000";"0,619";"0,000";"1,219";"0,000";"2,699";"0,000";"0,000";"0,000";"0,000";"0,233";"0,861";"0,619";"1,219";"2,699";"0,000";"0,000";"0,000";
"27/12/2023 00:20";"0,712";"0,000";"0,534";"0,000";"1,133";"0,000";"2,379";"0,000";"0,006";"0,000";"0,000";"0,179";"0,712";"0,534";"1,133";"2,379";"0,000";"0,000";"0,000";
"27/12/2023 00:30";"0,586";"0,000";"0,550";"0,000";"1,112";"0,000";"2,248";"0,000";"0,000";"0,000";"0,000";"0,153";"0,586";"0,550";"1,112";"2,248";"0,000";"0,000";"0,000";
"27/12/2023 00:40";"0,615";"0,000";"0,580";"0,000";"1,162";"0,000";"2,357";"0,000";"0,000";"0,000";"0,000";"0,204";"0,615";"0,580";"1,162";"2,357";"0,000";"0,000";"0,000";
"27/12/2023 00:50";"0,920";"0,000";"0,631";"0,000";"1,194";"0,000";"2,745";"0,000";"0,000";"0,000";"0,000";"0,308";"0,920";"0,631";"1,194";"2,745";"0,000";"0,000";"0,000";
"27/12/2023 01:00";"0,991";"0,000";"0,549";"0,000";"1,080";"0,000";"2,619";"0,000";"0,000";"0,000";"0,000";"0,156";"0,991";"0,549";"1,080";"2,619";"0,000";"0,000";"0,000";
"27/12/2023 01:10";"0,809";"0,000";"0,581";"0,000";"1,157";"0,000";"2,547";"0,000";"0,016";"0,000";"0,000";"0,019";"0,809";"0,581";"1,157";"2,547";"0,000";"0,000";"0,000";
"27/12/2023 01:20";"0,743";"0,000";"0,612";"0,000";"1,222";"0,000";"2,577";"0,000";"0,000";"0,000";"0,000";"0,285";"0,743";"0,612";"1,222";"2,577";"0,000";"0,000";"0,000";
"27/12/2023 01:30";"0,900";"0,000";"0,615";"0,000";"1,096";"0,000";"2,612";"0,000";"0,000";"0,000";"0,000";"0,257";"0,900";"0,615";"1,096";"2,612";"0,000";"0,000";"0,000";
"27/12/2023 01:40";"0,598";"0,000";"0,582";"0,000";"0,872";"0,000";"2,053";"0,000";"0,000";"0,000";"0,000";"0,133";"0,598";"0,582";"0,872";"2,053";"0,000";"0,000";"0,000";
"27/12/2023 01:50";"0,615";"0,000";"0,572";"0,000";"0,835";"0,000";"2,021";"0,000";"0,001";"0,000";"0,000";"0,136";"0,615";"0,572";"0,835";"2,021";"0,000";"0,000";"0,000";
"27/12/2023 02:00";"0,702";"0,000";"0,567";"0,000";"0,743";"0,000";"2,013";"0,000";"0,000";"0,000";"0,000";"0,253";"0,702";"0,567";"0,743";"2,013";"0,000";"0,000";"0,000";
"27/12/2023 02:10";"0,600";"0,000";"0,575";"0,000";"0,722";"0,000";"1,897";"0,000";"0,000";"0,000";"0,000";"0,103";"0,600";"0,575";"0,722";"1,897";"0,000";"0,000";"0,000";
"27/12/2023 02:20";"0,616";"0,000";"0,598";"0,000";"0,876";"0,000";"2,089";"0,000";"0,001";"0,000";"0,000";"0,129";"0,616";"0,598";"0,876";"2,089";"0,000";"0,000";"0,000";
"27/12/2023 02:30";"0,771";"0,000";"0,555";"0,000";"0,848";"0,000";"2,174";"0,000";"0,003";"0,000";"0,000";"0,172";"0,771";"0,555";"0,848";"2,174";"0,000";"0,000";"0,000";
"27/12/2023 02:40";"0,735";"0,000";"0,484";"0,000";"0,767";"0,000";"1,987";"0,000";"0,001";"0,000";"0,000";"0,096";"0,735";"0,484";"0,767";"1,987";"0,000";"0,000";"0,000";
"27/12/2023 02:50";"0,779";"0,000";"0,575";"0,000";"0,820";"0,000";"2,174";"0,000";"0,018";"0,000";"0,000";"0,006";"0,779";"0,575";"0,820";"2,174";"0,000";"0,000";"0,000";
"27/12/2023 03:00";"0,801";"0,000";"0,590";"0,000";"0,750";"0,000";"2,141";"0,000";"0,018";"0,000";"0,000";"0,075";"0,801";"0,590";"0,750";"2,141";"0,000";"0,000";"0,000";
"27/12/2023 03:10";"1,146";"0,000";"0,715";"0,000";"0,629";"0,000";"2,490";"0,000";"0,000";"0,000";"0,000";"0,279";"1,146";"0,715";"0,629";"2,490";"0,000";"0,000";"0,000";
"27/12/2023 03:20";"0,668";"0,000";"0,526";"0,000";"0,654";"0,000";"1,848";"0,000";"0,003";"0,000";"0,000";"0,099";"0,668";"0,526";"0,654";"1,848";"0,000";"0,000";"0,000";
"27/12/2023 03:30";"0,607";"0,000";"0,576";"0,000";"0,658";"0,000";"1,842";"0,000";"0,003";"0,000";"0,000";"0,062";"0,607";"0,576";"0,658";"1,842";"0,000";"0,000";"0,000";
"27/12/2023 03:40";"0,652";"0,000";"0,635";"0,000";"0,698";"0,000";"1,986";"0,000";"0,001";"0,000";"0,000";"0,105";"0,652";"0,635";"0,698";"1,986";"0,000";"0,000";"0,000";
"27/12/2023 03:50";"0,528";"0,000";"0,457";"0,000";"0,593";"0,000";"1,578";"0,000";"0,000";"0,000";"0,000";"0,264";"0,528";"0,457";"0,593";"1,578";"0,000";"0,000";"0,000";
"27/12/2023 04:00";"0,577";"0,000";"0,552";"0,000";"0,795";"0,000";"1,923";"0,000";"0,000";"0,000";"0,000";"0,084";"0,577";"0,552";"0,795";"1,923";"0,000";"0,000";"0,000";
"27/12/2023 04:10";"0,624";"0,000";"0,613";"0,000";"0,772";"0,000";"2,008";"0,000";"0,000";"0,000";"0,000";"0,154";"0,624";"0,613";"0,772";"2,008";"0,000";"0,000";"0,000";
"27/12/2023 04:20";"1,039";"0,000";"0,626";"0,000";"0,782";"0,000";"2,447";"0,000";"0,000";"0,000";"0,000";"0,258";"1,039";"0,626";"0,782";"2,447";"0,000";"0,000";"0,000";
"27/12/2023 04:30";"0,611";"0,000";"0,532";"0,000";"0,772";"0,000";"1,915";"0,000";"0,000";"0,000";"0,000";"0,108";"0,611";"0,532";"0,772";"1,915";"0,000";"0,000";"0,000";
"27/12/2023 04:40";"0,720";"0,000";"0,744";"0,000";"0,977";"0,000";"2,441";"0,000";"0,041";"0,000";"0,000";"0,134";"0,720";"0,744";"0,977";"2,441";"0,000";"0,000";"0,000";
"27/12/2023 04:50";"0,800";"0,000";"0,602";"0,000";"0,814";"0,000";"2,216";"0,000";"0,005";"0,000";"0,000";"0,215";"0,800";"0,602";"0,814";"2,216";"0,000";"0,000";"0,000";
"27/12/2023 05:00";"0,789";"0,000";"0,591";"0,000";"0,736";"0,000";"2,115";"0,000";"0,000";"0,000";"0,000";"0,171";"0,789";"0,591";"0,736";"2,115";"0,000";"0,000";"0,000";
"27/12/2023 05:10";"0,613";"0,000";"0,562";"0,000";"0,785";"0,000";"1,960";"0,000";"0,006";"0,000";"0,000";"0,122";"0,613";"0,562";"0,785";"1,960";"0,000";"0,000";"0,000";
"27/12/2023 05:20";"0,669";"0,000";"0,578";"0,000";"0,801";"0,000";"2,048";"0,000";"0,002";"0,000";"0,000";"0,133";"0,669";"0,578";"0,801";"2,048";"0,000";"0,000";"0,000";
"27/12/2023 05:30";"2,106";"0,000";"1,533";"0,000";"1,591";"0,000";"5,229";"0,000";"0,104";"0,000";"0,000";"0,107";"2,106";"1,533";"1,591";"5,229";"0,000";"0,000";"0,000";
"27/12/2023 05:40";"2,054";"0,000";"1,535";"0,000";"1,724";"0,000";"5,312";"0,000";"0,136";"0,000";"0,000";"0,132";"2,054";"1,535";"1,724";"5,312";"0,000";"0,000";"0,000";
"27/12/2023 05:50";"1,961";"0,000";"1,613";"0,000";"1,708";"0,000";"5,282";"0,000";"0,240";"0,000";"0,000";"0,095";"1,961";"1,613";"1,708";"5,282";"0,000";"0,000";"0,000";
"27/12/2023 06:00";"2,279";"0,000";"1,948";"0,000";"2,349";"0,000";"6,577";"0,000";"1,095";"0,000";"0,000";"0,281";"2,279";"1,948";"2,349";"6,577";"0,000";"0,000";"0,000";
"27/12/2023 06:10";"2,658";"0,000";"2,113";"0,000";"2,632";"0,000";"7,404";"0,000";"0,884";"0,000";"0,000";"0,569";"2,658";"2,113";"2,632";"7,404";"0,000";"0,000";"0,000";
"27/12/2023 06:20";"3,192";"0,000";"2,108";"0,000";"2,427";"0,000";"7,728";"0,000";"1,115";"0,000";"0,000";"0,334";"3,192";"2,108";"2,427";"7,728";"0,000";"0,000";"0,000";
"27/12/2023 06:30";"4,109";"0,000";"3,219";"0,000";"3,275";"0,000";"10,603";"0,000";"1,795";"0,000";"0,000";"0,483";"4,109";"3,219";"3,275";"10,603";"0,000";"0,000";"0,000";
"27/12/2023 06:40";"3,237";"0,000";"2,503";"0,000";"2,672";"0,000";"8,412";"0,000";"1,169";"0,000";"0,000";"0,617";"3,237";"2,503";"2,672";"8,412";"0,000";"0,000";"0,000";
"27/12/2023 06:50";"3,164";"0,000";"2,570";"0,000";"2,783";"0,000";"8,517";"0,000";"1,265";"0,000";"0,000";"0,469";"3,164";"2,570";"2,783";"8,517";"0,000";"0,000";"0,000";
"27/12/2023 07:00";"2,925";"0,000";"2,460";"0,000";"3,103";"0,000";"8,488";"0,000";"1,222";"0,000";"0,000";"0,387";"2,925";"2,460";"3,103";"8,488";"0,000";"0,000";"0,000";
"27/12/2023 07:10";"2,777";"0,000";"2,469";"0,000";"3,261";"0,000";"8,507";"0,000";"1,263";"0,000";"0,000";"0,434";"2,777";"2,469";"3,261";"8,507";"0,000";"0,000";"0,000";
"27/12/2023 07:20";"5,960";"0,000";"5,411";"0,000";"6,300";"0,000";"17,672";"0,000";"1,286";"0,000";"0,000";"0,244";"5,960";"5,411";"6,300";"17,672";"0,000";"0,000";"0,000";
"27/12/2023 07:30";"5,395";"0,000";"4,786";"0,000";"5,856";"0,000";"16,038";"0,000";"0,750";"0,000";"0,000";"0,397";"5,395";"4,786";"5,856";"16,038";"0,000";"0,000";"0,000";
"27/12/2023 07:40";"5,857";"0,000";"5,033";"0,000";"6,119";"0,000";"17,009";"0,000";"1,057";"0,000";"0,000";"0,408";"5,857";"5,033";"6,119";"17,009";"0,000";"0,000";"0,000";
"27/12/2023 07:50";"5,841";"0,000";"5,062";"0,000";"6,280";"0,000";"17,183";"0,000";"0,791";"0,000";"0,000";"0,363";"5,841";"5,062";"6,280";"17,183";"0,000";"0,000";"0,000";
"27/12/2023 08:00";"6,270";"0,000";"5,455";"0,000";"7,053";"0,000";"18,778";"0,000";"0,932";"0,000";"0,000";"0,372";"6,270";"5,455";"7,053";"18,778";"0,000";"0,000";"0,000";
"27/12/2023 08:10";"7,560";"0,000";"6,758";"0,000";"8,220";"0,000";"22,538";"0,000";"0,871";"0,000";"0,000";"0,544";"7,560";"6,758";"8,220";"22,538";"0,000";"0,000";"0,000";
"27/12/2023 08:20";"8,506";"0,000";"7,718";"0,000";"8,953";"0,000";"25,178";"0,000";"1,411";"0,000";"0,000";"0,419";"8,506";"7,718";"8,953";"25,178";"0,000";"0,000";"0,000";
"27/12/2023 08:30";"8,231";"0,000";"7,327";"0,000";"8,632";"0,000";"24,189";"0,000";"1,286";"0,000";"0,000";"0,553";"8,231";"7,327";"8,632";"24,189";"0,000";"0,000";"0,000";
"27/12/2023 08:40";"7,918";"0,000";"6,904";"0,000";"8,064";"0,000";"22,886";"0,000";"0,866";"0,000";"0,000";"0,413";"7,918";"6,904";"8,064";"22,886";"0,000";"0,000";"0,000";
"27/12/2023 08:50";"6,475";"0,000";"5,577";"0,000";"6,978";"0,000";"19,030";"0,000";"0,800";"0,000";"0,000";"0,468";"6,480";"5,582";"6,983";"19,046";"0,016";"0,009";"0,007";
"27/12/2023 09:00";"6,017";"0,000";"5,226";"0,000";"6,749";"0,000";"17,992";"0,000";"0,663";"0,000";"0,000";"0,354";"6,020";"5,230";"6,753";"18,003";"0,011";"0,006";"0,005";
"27/12/2023 09:10";"6,545";"0,000";"5,627";"0,000";"6,967";"0,000";"19,139";"0,000";"0,910";"0,000";"0,000";"0,402";"6,556";"5,638";"6,978";"19,171";"0,032";"0,017";"0,015";
"27/12/2023 09:20";"6,729";"0,000";"5,916";"0,000";"6,979";"0,000";"19,624";"0,000";"0,936";"0,000";"0,000";"0,625";"6,753";"5,940";"7,003";"19,696";"0,072";"0,038";"0,034";
"27/12/2023 09:30";"6,461";"0,000";"5,594";"0,000";"6,802";"0,000";"18,857";"0,000";"1,605";"0,000";"0,000";"0,505";"6,508";"5,641";"6,849";"18,997";"0,140";"0,072";"0,068";
"27/12/2023 09:40";"5,928";"0,000";"5,300";"0,000";"6,661";"0,000";"17,888";"0,000";"1,178";"0,000";"0,000";"0,356";"6,004";"5,376";"6,737";"18,118";"0,230";"0,118";"0,112";
"27/12/2023 09:50";"7,338";"0,000";"6,849";"0,000";"8,140";"0,000";"22,327";"0,000";"1,078";"0,000";"0,000";"0,354";"7,489";"7,000";"8,291";"22,780";"0,453";"0,232";"0,221";
"27/12/2023 10:00";"6,967";"0,000";"6,544";"0,000";"7,896";"0,000";"21,406";"0,000";"1,006";"0,000";"0,000";"0,283";"7,184";"6,761";"8,113";"22,057";"0,651";"0,333";"0,318";
"27/12/2023 10:10";"7,001";"0,000";"6,550";"0,000";"7,933";"0,000";"21,485";"0,000";"0,905";"0,000";"0,000";"0,457";"7,245";"6,794";"8,177";"22,216";"0,731";"0,374";"0,357";
"27/12/2023 10:20";"7,711";"0,000";"7,113";"0,000";"8,447";"0,000";"23,270";"0,000";"1,275";"0,000";"0,000";"0,399";"8,015";"7,417";"8,751";"24,183";"0,913";"0,493";"0,420";
"27/12/2023 10:30";"8,725";"0,000";"7,750";"0,000";"9,037";"0,000";"25,512";"0,000";"0,861";"0,000";"0,000";"0,482";"9,255";"8,280";"9,567";"27,102";"1,590";"0,975";"0,615";
"27/12/2023 10:40";"9,021";"0,000";"8,000";"0,000";"9,336";"0,000";"26,357";"0,000";"1,011";"0,000";"0,000";"0,345";"9,525";"8,505";"9,840";"27,871";"1,514";"0,838";"0,676";
"27/12/2023 10:50";"8,547";"0,000";"7,906";"0,000";"9,194";"0,000";"25,646";"0,000";"0,704";"0,000";"0,000";"0,410";"9,252";"8,611";"9,900";"27,763";"2,117";"1,189";"0,928";
"27/12/2023 11:00";"8,915";"0,000";"8,406";"0,000";"9,694";"0,000";"27,015";"0,000";"3,087";"0,000";"0,000";"0,108";"9,462";"8,953";"10,242";"28,657";"1,642";"0,847";"0,795";
"27/12/2023 11:10";"9,178";"0,000";"8,375";"0,000";"9,566";"0,000";"27,119";"0,000";"2,137";"0,000";"0,000";"0,146";"9,745";"8,942";"10,133";"28,819";"1,700";"0,872";"0,828";
"27/12/2023 11:20";"8,646";"0,000";"8,045";"0,000";"9,107";"0,000";"25,798";"0,000";"1,056";"0,000";"0,000";"0,221";"9,200";"8,600";"9,662";"27,462";"1,664";"0,850";"0,814";
"27/12/2023 11:30";"7,752";"0,000";"7,241";"0,000";"8,370";"0,000";"23,363";"0,000";"1,406";"0,000";"0,000";"0,402";"8,348";"7,836";"8,965";"25,150";"1,787";"0,909";"0,878";
"27/12/2023 11:40";"8,469";"0,000";"7,822";"0,000";"8,859";"0,000";"25,150";"0,000";"2,040";"0,000";"0,000";"0,331";"9,267";"8,621";"9,657";"27,545";"2,395";"1,249";"1,146";
"27/12/2023 11:50";"8,569";"0,000";"7,773";"0,000";"8,913";"0,000";"25,256";"0,000";"1,743";"0,000";"0,000";"0,304";"9,132";"8,336";"9,476";"26,945";"1,689";"0,859";"0,830";
"27/12/2023 12:00";"6,575";"0,000";"5,931";"0,000";"6,890";"0,000";"19,397";"0,000";"1,272";"0,000";"0,000";"0,396";"6,941";"6,297";"7,255";"20,493";"1,096";"0,559";"0,537";
"27/12/2023 12:10";"6,820";"0,000";"6,147";"0,000";"7,125";"0,000";"20,092";"0,000";"1,574";"0,000";"0,000";"0,366";"7,239";"6,566";"7,543";"21,348";"1,256";"0,640";"0,616";
"27/12/2023 12:20";"7,635";"0,000";"6,933";"0,000";"8,182";"0,000";"22,751";"0,000";"1,520";"0,000";"0,000";"0,102";"7,993";"7,291";"8,540";"23,824";"1,073";"0,548";"0,525";
"27/12/2023 12:30";"8,389";"0,000";"7,470";"0,000";"8,683";"0,000";"24,542";"0,000";"1,678";"0,000";"0,000";"0,415";"8,729";"7,810";"9,023";"25,562";"1,020";"0,520";"0,500";
"27/12/2023 12:40";"8,202";"0,000";"7,444";"0,000";"8,615";"0,000";"24,260";"0,000";"1,726";"0,000";"0,000";"0,394";"8,442";"7,685";"8,855";"24,982";"0,722";"0,369";"0,353";
"27/12/2023 12:50";"9,055";"0,000";"8,473";"0,000";"9,670";"0,000";"27,198";"0,000";"1,632";"0,000";"0,000";"0,247";"9,363";"8,780";"9,978";"28,121";"0,923";"0,470";"0,453";
"27/12/2023 13:00";"7,702";"0,000";"7,057";"0,000";"8,296";"0,000";"23,055";"0,000";"1,139";"0,000";"0,000";"0,371";"8,044";"7,399";"8,638";"24,082";"1,027";"0,523";"0,504";
"27/12/2023 13:10";"7,048";"0,000";"6,165";"0,000";"7,712";"0,000";"20,925";"0,000";"0,848";"0,000";"0,000";"0,331";"7,416";"6,533";"8,080";"22,028";"1,103";"0,561";"0,542";
"27/12/2023 13:20";"6,378";"0,000";"5,494";"0,000";"7,035";"0,000";"18,907";"0,000";"0,874";"0,000";"0,000";"0,509";"6,713";"5,828";"7,369";"19,911";"1,004";"0,511";"0,493";
"27/12/2023 13:30";"5,506";"0,000";"4,681";"0,000";"5,978";"0,000";"16,166";"0,000";"2,011";"0,000";"0,000";"0,698";"5,870";"5,045";"6,342";"17,258";"1,092";"0,555";"0,537";
"27/12/2023 13:40";"4,189";"0,000";"3,710";"0,000";"4,376";"0,000";"12,274";"0,000";"0,739";"0,000";"0,000";"0,441";"4,507";"4,028";"4,694";"13,229";"0,955";"0,486";"0,469";
"27/12/2023 13:50";"3,466";"0,000";"3,017";"0,000";"3,594";"0,000";"10,076";"0,000";"0,716";"0,000";"0,000";"0,658";"3,723";"3,273";"3,850";"10,846";"0,770";"0,392";"0,378";
"27/12/2023 14:00";"3,203";"0,000";"2,628";"0,000";"3,192";"0,000";"9,023";"0,000";"0,492";"0,000";"0,000";"0,559";"3,511";"2,936";"3,500";"9,947";"0,924";"0,470";"0,454";
"27/12/2023 14:10";"2,950";"0,000";"2,573";"0,000";"3,033";"0,000";"8,555";"0,000";"0,992";"0,000";"0,000";"0,419";"3,340";"2,963";"3,423";"9,726";"1,171";"0,595";"0,576";
"27/12/2023 14:20";"5,039";"0,000";"4,488";"0,000";"4,909";"0,000";"14,435";"0,000";"0,996";"0,000";"0,000";"0,292";"5,397";"4,846";"5,267";"15,509";"1,074";"0,546";"0,528";
"27/12/2023 14:30";"5,089";"0,000";"4,733";"0,000";"5,161";"0,000";"14,984";"0,000";"1,018";"0,000";"0,000";"0,279";"5,351";"4,995";"5,423";"15,768";"0,784";"0,400";"0,384";
"27/12/2023 14:40";"5,483";"0,000";"5,045";"0,000";"5,491";"0,000";"16,019";"0,000";"1,045";"0,000";"0,000";"0,240";"5,677";"5,239";"5,685";"16,601";"0,582";"0,297";"0,285";
"27/12/2023 14:50";"4,377";"0,000";"3,678";"0,000";"4,208";"0,000";"12,263";"0,000";"0,670";"0,000";"0,000";"0,293";"4,620";"3,921";"4,451";"12,992";"0,729";"0,371";"0,358";
"27/12/2023 15:00";"4,080";"0,000";"3,646";"0,000";"4,176";"0,000";"11,902";"0,000";"0,763";"0,000";"0,000";"0,270";"4,337";"3,903";"4,433";"12,673";"0,771";"0,392";"0,379";
"27/12/2023 15:10";"4,076";"0,000";"3,652";"0,000";"4,237";"0,000";"11,965";"0,000";"0,674";"0,000";"0,000";"0,316";"4,330";"3,907";"4,492";"12,729";"0,764";"0,389";"0,375";
"27/12/2023 15:20";"4,055";"0,000";"3,692";"0,000";"4,260";"0,000";"12,007";"0,000";"0,681";"0,000";"0,000";"0,349";"4,260";"3,898";"4,466";"12,624";"0,617";"0,314";"0,303";
"27/12/2023 15:30";"4,711";"0,000";"4,145";"0,000";"4,587";"0,000";"13,442";"0,000";"0,962";"0,000";"0,000";"0,346";"4,893";"4,327";"4,769";"13,990";"0,548";"0,280";"0,268";
"27/12/2023 15:40";"4,538";"0,000";"4,137";"0,000";"4,649";"0,000";"13,324";"0,000";"1,121";"0,000";"0,000";"0,213";"4,702";"4,302";"4,814";"13,817";"0,493";"0,251";"0,242";
"27/12/2023 15:50";"4,414";"0,000";"4,080";"0,000";"4,535";"0,000";"13,029";"0,000";"1,095";"0,000";"0,000";"0,267";"4,598";"4,263";"4,719";"13,579";"0,550";"0,280";"0,270";
"27/12/2023 16:00";"4,862";"0,000";"4,505";"0,000";"4,949";"0,000";"14,316";"0,000";"1,037";"0,000";"0,000";"0,369";"5,015";"4,658";"5,102";"14,775";"0,459";"0,234";"0,225";
"27/12/2023 16:10";"6,247";"0,000";"5,731";"0,000";"6,214";"0,000";"18,192";"0,000";"0,860";"0,000";"0,000";"0,421";"6,365";"5,850";"6,333";"18,547";"0,355";"0,181";"0,174";
"27/12/2023 16:20";"6,366";"0,000";"5,887";"0,000";"6,395";"0,000";"18,649";"0,000";"0,735";"0,000";"0,000";"0,392";"6,484";"6,005";"6,513";"19,003";"0,354";"0,181";"0,173";
"27/12/2023 16:30";"7,179";"0,000";"6,494";"0,000";"7,169";"0,000";"20,842";"0,000";"1,333";"0,000";"0,000";"0,277";"7,211";"6,526";"7,201";"20,938";"0,096";"0,050";"0,046";
"27/12/2023 16:40";"6,198";"0,000";"5,548";"0,000";"6,323";"0,000";"18,069";"0,000";"1,087";"0,000";"0,000";"0,307";"6,225";"5,575";"6,350";"18,150";"0,081";"0,042";"0,039";
"27/12/2023 16:50";"4,750";"0,000";"4,329";"0,000";"5,318";"0,000";"14,397";"0,000";"0,807";"0,000";"0,000";"0,349";"4,796";"4,375";"5,363";"14,534";"0,137";"0,071";"0,066";
"27/12/2023 17:00";"4,064";"0,000";"3,767";"0,000";"4,802";"0,000";"12,633";"0,000";"0,678";"0,000";"0,000";"0,324";"4,105";"3,808";"4,843";"12,756";"0,123";"0,064";"0,059";
"27/12/2023 17:10";"4,241";"0,000";"3,756";"0,000";"4,729";"0,000";"12,726";"0,000";"0,733";"0,000";"0,000";"0,379";"4,261";"3,776";"4,748";"12,785";"0,059";"0,031";"0,028";
"27/12/2023 17:20";"4,012";"0,000";"3,740";"0,000";"4,799";"0,000";"12,552";"0,000";"0,598";"0,000";"0,000";"0,304";"4,026";"3,754";"4,813";"12,593";"0,041";"0,021";"0,020";
"27/12/2023 17:30";"4,005";"0,000";"3,680";"0,000";"4,698";"0,000";"12,383";"0,000";"0,815";"0,000";"0,000";"0,315";"4,012";"3,687";"4,705";"12,404";"0,021";"0,011";"0,010";
"27/12/2023 17:40";"4,210";"0,000";"3,757";"0,000";"4,730";"0,000";"12,698";"0,000";"0,875";"0,000";"0,000";"0,235";"4,211";"3,758";"4,731";"12,701";"0,003";"0,002";"0,001";
"27/12/2023 17:50";"3,794";"0,000";"3,504";"0,000";"4,520";"0,000";"11,817";"0,000";"0,630";"0,000";"0,000";"0,349";"3,794";"3,504";"4,520";"11,817";"0,000";"0,000";"0,000";
"27/12/2023 18:00";"3,866";"0,000";"3,237";"0,000";"4,071";"0,000";"11,175";"0,000";"0,659";"0,000";"0,000";"0,397";"3,866";"3,237";"4,071";"11,175";"0,000";"0,000";"0,000";
"27/12/2023 18:10";"4,074";"0,000";"3,587";"0,000";"3,694";"0,000";"11,355";"0,000";"0,569";"0,000";"0,000";"0,479";"4,074";"3,587";"3,694";"11,355";"0,000";"0,000";"0,000";
"27/12/2023 18:20";"3,874";"0,000";"3,453";"0,000";"3,656";"0,000";"10,984";"0,000";"0,801";"0,000";"0,000";"0,246";"3,874";"3,453";"3,656";"10,984";"0,000";"0,000";"0,000";
"27/12/2023 18:30";"4,052";"0,000";"3,758";"0,000";"4,071";"0,000";"11,881";"0,000";"1,744";"0,000";"0,000";"0,230";"4,052";"3,758";"4,071";"11,881";"0,000";"0,000";"0,000";
"27/12/2023 18:40";"4,256";"0,000";"3,739";"0,000";"4,101";"0,000";"12,096";"0,000";"1,472";"0,000";"0,000";"0,379";"4,256";"3,739";"4,101";"12,096";"0,000";"0,000";"0,000";
"27/12/2023 18:50";"3,998";"0,000";"3,630";"0,000";"4,000";"0,000";"11,627";"0,000";"1,852";"0,000";"0,000";"0,272";"3,998";"3,630";"4,000";"11,627";"0,000";"0,000";"0,000";
"27/12/2023 19:00";"4,220";"0,000";"3,703";"0,000";"4,079";"0,000";"12,002";"0,000";"1,495";"0,000";"0,000";"0,360";"4,220";"3,703";"4,079";"12,002";"0,000";"0,000";"0,000";
"27/12/2023 19:10";"4,037";"0,000";"3,470";"0,000";"3,919";"0,000";"11,426";"0,000";"1,370";"0,000";"0,000";"0,316";"4,037";"3,470";"3,919";"11,426";"0,000";"0,000";"0,000";
"27/12/2023 19:20";"3,464";"0,000";"3,155";"0,000";"3,523";"0,000";"10,142";"0,000";"0,955";"0,000";"0,000";"0,391";"3,464";"3,155";"3,523";"10,142";"0,000";"0,000";"0,000";
"27/12/2023 19:30";"3,288";"0,000";"3,003";"0,000";"3,382";"0,000";"9,673";"0,000";"0,628";"0,000";"0,000";"0,453";"3,288";"3,003";"3,382";"9,673";"0,000";"0,000";"0,000";
"27/12/2023 19:40";"1,286";"0,000";"0,656";"0,000";"0,886";"0,000";"2,828";"0,000";"0,000";"0,000";"0,000";"0,290";"1,286";"0,656";"0,886";"2,828";"0,000";"0,000";"0,000";
"27/12/2023 19:50";"0,956";"0,000";"0,698";"0,000";"0,831";"0,000";"2,484";"0,000";"0,000";"0,000";"0,000";"0,206";"0,956";"0,698";"0,831";"2,484";"0,000";"0,000";"0,000";
"27/12/2023 20:00";"0,991";"0,000";"0,677";"0,000";"0,866";"0,000";"2,534";"0,000";"0,000";"0,000";"0,000";"0,251";"0,991";"0,677";"0,866";"2,534";"0,000";"0,000";"0,000";
"27/12/2023 20:10";"1,055";"0,000";"0,744";"0,000";"1,008";"0,000";"2,807";"0,000";"0,000";"0,000";"0,000";"0,343";"1,055";"0,744";"1,008";"2,807";"0,000";"0,000";"0,000";
"27/12/2023 20:20";"0,915";"0,000";"0,656";"0,000";"0,858";"0,000";"2,430";"0,000";"0,001";"0,000";"0,000";"0,198";"0,915";"0,656";"0,858";"2,430";"0,000";"0,000";"0,000";
"27/12/2023 20:30";"0,987";"0,000";"0,696";"0,000";"0,793";"0,000";"2,476";"0,000";"0,000";"0,000";"0,000";"0,071";"0,987";"0,696";"0,793";"2,476";"0,000";"0,000";"0,000";
"27/12/2023 20:40";"1,172";"0,000";"0,664";"0,000";"0,807";"0,000";"2,643";"0,000";"0,001";"0,000";"0,000";"0,224";"1,172";"0,664";"0,807";"2,643";"0,000";"0,000";"0,000";
"27/12/2023 20:50";"1,660";"0,000";"0,721";"0,000";"0,719";"0,000";"3,099";"0,000";"0,000";"0,000";"0,000";"0,230";"1,660";"0,721";"0,719";"3,099";"0,000";"0,000";"0,000";
"27/12/2023 21:00";"1,005";"0,000";"0,650";"0,000";"0,780";"0,000";"2,435";"0,000";"0,003";"0,000";"0,000";"0,071";"1,005";"0,650";"0,780";"2,435";"0,000";"0,000";"0,000";
"27/12/2023 21:10";"0,754";"0,000";"0,546";"0,000";"0,676";"0,000";"1,976";"0,000";"0,009";"0,000";"0,000";"0,096";"0,754";"0,546";"0,676";"1,976";"0,000";"0,000";"0,000";
"27/12/2023 21:20";"0,699";"0,000";"0,562";"0,000";"0,705";"0,000";"1,966";"0,000";"0,003";"0,000";"0,000";"0,173";"0,699";"0,562";"0,705";"1,966";"0,000";"0,000";"0,000";
"27/12/2023 21:30";"0,787";"0,000";"0,565";"0,000";"0,677";"0,000";"2,028";"0,000";"0,004";"0,000";"0,000";"0,145";"0,787";"0,565";"0,677";"2,028";"0,000";"0,000";"0,000";
"27/12/2023 21:40";"0,669";"0,000";"0,559";"0,000";"0,682";"0,000";"1,910";"0,000";"0,012";"0,000";"0,000";"0,098";"0,669";"0,559";"0,682";"1,910";"0,000";"0,000";"0,000";
"27/12/2023 21:50";"0,646";"0,000";"0,502";"0,000";"0,692";"0,000";"1,841";"0,000";"0,003";"0,000";"0,000";"0,109";"0,646";"0,502";"0,692";"1,841";"0,000";"0,000";"0,000";
"27/12/2023 22:00";"0,704";"0,000";"0,561";"0,000";"0,845";"0,000";"2,110";"0,000";"0,013";"0,000";"0,000";"0,021";"0,704";"0,561";"0,845";"2,110";"0,000";"0,000";"0,000";
"27/12/2023 22:10";"0,974";"0,000";"0,627";"0,000";"0,888";"0,000";"2,489";"0,000";"0,000";"0,000";"0,000";"0,220";"0,974";"0,627";"0,888";"2,489";"0,000";"0,000";"0,000";
"27/12/2023 22:20";"0,826";"0,000";"0,625";"0,000";"0,788";"0,000";"2,239";"0,000";"0,000";"0,000";"0,000";"0,177";"0,826";"0,625";"0,788";"2,239";"0,000";"0,000";"0,000";
"27/12/2023 22:30";"0,708";"0,000";"0,607";"0,000";"0,847";"0,000";"2,163";"0,000";"0,000";"0,000";"0,000";"0,195";"0,708";"0,607";"0,847";"2,163";"0,000";"0,000";"0,000";
"27/12/2023 22:40";"0,601";"0,000";"0,557";"0,000";"0,749";"0,000";"1,907";"0,000";"0,000";"0,000";"0,000";"0,177";"0,601";"0,557";"0,749";"1,907";"0,000";"0,000";"0,000";
"27/12/2023 22:50";"0,612";"0,000";"0,561";"0,000";"0,791";"0,000";"1,964";"0,000";"0,003";"0,000";"0,000";"0,091";"0,612";"0,561";"0,791";"1,964";"0,000";"0,000";"0,000";
"27/12/2023 23:00";"0,709";"0,000";"0,572";"0,000";"0,672";"0,000";"1,952";"0,000";"0,000";"0,000";"0,000";"0,179";"0,709";"0,572";"0,672";"1,952";"0,000";"0,000";"0,000";
"27/12/2023 23:10";"1,207";"0,000";"0,639";"0,000";"0,654";"0,000";"2,500";"0,000";"0,000";"0,000";"0,000";"0,178";"1,207";"0,639";"0,654";"2,500";"0,000";"0,000";"0,000";
"27/12/2023 23:20";"0,822";"0,000";"0,583";"0,000";"0,694";"0,000";"2,099";"0,000";"0,000";"0,000";"0,000";"0,230";"0,822";"0,583";"0,694";"2,099";"0,000";"0,000";"0,000";
"27/12/2023 23:30";"0,791";"0,000";"0,649";"0,000";"0,811";"0,000";"2,251";"0,000";"0,214";"0,000";"0,000";"0,149";"0,791";"0,649";"0,811";"2,251";"0,000";"0,000";"0,000";
"27/12/2023 23:40";"0,970";"0,000";"0,782";"0,000";"0,994";"0,000";"2,746";"0,000";"0,041";"0,000";"0,000";"0,054";"0,970";"0,782";"0,994";"2,746";"0,000";"0,000";"0,000";
"27/12/2023 23:50";"0,724";"0,000";"0,592";"0,000";"0,786";"0,000";"2,103";"0,000";"0,004";"0,000";"0,000";"0,101";"0,724";"0,592";"0,786";"2,103";"0,000";"0,000";"0,000";
"28/12/2023 00:00";"0,626";"0,000";"0,522";"0,000";"0,818";"0,000";"1,967";"0,000";"0,000";"0,000";"0,000";"0,248";"0,626";"0,522";"0,818";"1,967";"0,000";"0,000";"0,000";
"28/12/2023 00:10";"0,615";"0,000";"0,564";"0,000";"0,852";"0,000";"2,031";"0,000";"0,000";"0,000";"0,000";"0,181";"0,615";"0,564";"0,852";"2,031";"0,000";"0,000";"0,000";
"28/12/2023 00:20";"0,664";"0,000";"0,649";"0,000";"0,827";"0,000";"2,141";"0,000";"0,049";"0,000";"0,000";"0,276";"0,664";"0,649";"0,827";"2,141";"0,000";"0,000";"0,000";
"28/12/2023 00:30";"0,604";"0,000";"0,577";"0,000";"0,664";"0,000";"1,846";"0,000";"0,000";"0,000";"0,000";"0,098";"0,604";"0,577";"0,664";"1,846";"0,000";"0,000";"0,000";
"28/12/2023 00:40";"0,628";"0,000";"0,600";"0,000";"0,704";"0,000";"1,933";"0,000";"0,000";"0,000";"0,000";"0,114";"0,628";"0,600";"0,704";"1,933";"0,000";"0,000";"0,000";
"28/12/2023 00:50";"0,996";"0,000";"0,644";"0,000";"0,689";"0,000";"2,329";"0,000";"0,000";"0,000";"0,000";"0,295";"0,996";"0,644";"0,689";"2,329";"0,000";"0,000";"0,000";
"28/12/2023 01:00";"0,632";"0,000";"0,607";"0,000";"0,768";"0,000";"2,007";"0,000";"0,001";"0,000";"0,000";"0,189";"0,632";"0,607";"0,768";"2,007";"0,000";"0,000";"0,000";
"28/12/2023 01:10";"0,604";"0,000";"0,607";"0,000";"0,863";"0,000";"2,073";"0,000";"0,000";"0,000";"0,000";"0,179";"0,604";"0,607";"0,863";"2,073";"0,000";"0,000";"0,000";
"28/12/2023 01:20";"0,669";"0,000";"0,617";"0,000";"0,896";"0,000";"2,181";"0,000";"0,000";"0,000";"0,000";"0,267";"0,669";"0,617";"0,896";"2,181";"0,000";"0,000";"0,000";
"28/12/2023 01:30";"0,743";"0,000";"0,517";"0,000";"0,809";"0,000";"2,069";"0,000";"0,000";"0,000";"0,000";"0,228";"0,743";"0,517";"0,809";"2,069";"0,000";"0,000";"0,000";
"28/12/2023 01:40";"0,635";"0,000";"0,605";"0,000";"0,853";"0,000";"2,094";"0,000";"0,000";"0,000";"0,000";"0,236";"0,635";"0,605";"0,853";"2,094";"0,000";"0,000";"0,000";
"28/12/2023 01:50";"0,896";"0,000";"0,625";"0,000";"0,868";"0,000";"2,389";"0,000";"0,006";"0,000";"0,000";"0,194";"0,896";"0,625";"0,868";"2,389";"0,000";"0,000";"0,000";
"28/12/2023 02:00";"0,776";"0,000";"0,562";"0,000";"0,773";"0,000";"2,112";"0,000";"0,001";"0,000";"0,000";"0,219";"0,776";"0,562";"0,773";"2,112";"0,000";"0,000";"0,000";
"28/12/2023 02:10";"0,635";"0,000";"0,581";"0,000";"0,659";"0,000";"1,875";"0,000";"0,005";"0,000";"0,000";"0,197";"0,635";"0,581";"0,659";"1,875";"0,000";"0,000";"0,000";
"28/12/2023 02:20";"0,632";"0,000";"0,573";"0,000";"0,731";"0,000";"1,936";"0,000";"0,000";"0,000";"0,000";"0,213";"0,632";"0,573";"0,731";"1,936";"0,000";"0,000";"0,000";
"28/12/2023 02:30";"0,713";"0,000";"0,619";"0,000";"0,722";"0,000";"2,054";"0,000";"0,000";"0,000";"0,000";"0,235";"0,713";"0,619";"0,722";"2,054";"0,000";"0,000";"0,000";
"28/12/2023 02:40";"0,661";"0,000";"0,563";"0,000";"0,659";"0,000";"1,883";"0,000";"0,005";"0,000";"0,000";"0,098";"0,661";"0,563";"0,659";"1,883";"0,000";"0,000";"0,000";
"28/12/2023 02:50";"0,685";"0,000";"0,551";"0,000";"0,740";"0,000";"1,975";"0,000";"0,000";"0,000";"0,000";"0,236";"0,685";"0,551";"0,740";"1,975";"0,000";"0,000";"0,000";
"28/12/2023 03:00";"0,632";"0,000";"0,570";"0,000";"0,800";"0,000";"2,003";"0,000";"0,000";"0,000";"0,000";"0,185";"0,632";"0,570";"0,800";"2,003";"0,000";"0,000";"0,000";
"28/12/2023 03:10";"0,625";"0,000";"0,578";"0,000";"0,830";"0,000";"2,033";"0,000";"0,007";"0,000";"0,000";"0,201";"0,625";"0,578";"0,830";"2,033";"0,000";"0,000";"0,000";
"28/12/2023 03:20";"0,648";"0,000";"0,619";"0,000";"0,885";"0,000";"2,151";"0,000";"0,000";"0,000";"0,000";"0,262";"0,648";"0,619";"0,885";"2,151";"0,000";"0,000";"0,000";
"28/12/2023 03:30";"0,645";"0,000";"0,561";"0,000";"0,823";"0,000";"2,029";"0,000";"0,002";"0,000";"0,000";"0,197";"0,645";"0,561";"0,823";"2,029";"0,000";"0,000";"0,000";
"28/12/2023 03:40";"0,655";"0,000";"0,578";"0,000";"0,757";"0,000";"1,989";"0,000";"0,002";"0,000";"0,000";"0,238";"0,655";"0,578";"0,757";"1,989";"0,000";"0,000";"0,000";
"28/12/2023 03:50";"0,617";"0,000";"0,566";"0,000";"0,652";"0,000";"1,836";"0,000";"0,002";"0,000";"0,000";"0,139";"0,617";"0,566";"0,652";"1,836";"0,000";"0,000";"0,000";
"28/12/2023 04:00";"0,639";"0,000";"0,643";"0,000";"0,766";"0,000";"2,048";"0,000";"0,000";"0,000";"0,000";"0,234";"0,639";"0,643";"0,766";"2,048";"0,000";"0,000";"0,000";
"28/12/2023 04:10";"0,879";"0,000";"0,638";"0,000";"0,762";"0,000";"2,279";"0,000";"0,000";"0,000";"0,000";"0,284";"0,879";"0,638";"0,762";"2,279";"0,000";"0,000";"0,000";
"28/12/2023 04:20";"0,774";"0,000";"0,641";"0,000";"0,654";"0,000";"2,069";"0,000";"0,007";"0,000";"0,000";"0,113";"0,774";"0,641";"0,654";"2,069";"0,000";"0,000";"0,000";
"28/12/2023 04:30";"0,667";"0,000";"0,631";"0,000";"0,888";"0,000";"2,185";"0,000";"0,004";"0,000";"0,000";"0,163";"0,667";"0,631";"0,888";"2,185";"0,000";"0,000";"0,000";
"28/12/2023 04:40";"0,975";"0,000";"0,649";"0,000";"0,963";"0,000";"2,588";"0,000";"0,000";"0,000";"0,000";"0,310";"0,975";"0,649";"0,963";"2,588";"0,000";"0,000";"0,000";
"28/12/2023 04:50";"0,929";"0,000";"0,487";"0,000";"0,753";"0,000";"2,169";"0,000";"0,000";"0,000";"0,000";"0,171";"0,929";"0,487";"0,753";"2,169";"0,000";"0,000";"0,000";
"28/12/2023 05:00";"0,613";"0,000";"0,595";"0,000";"0,844";"0,000";"2,052";"0,000";"0,006";"0,000";"0,000";"0,099";"0,613";"0,595";"0,844";"2,052";"0,000";"0,000";"0,000";
"28/12/2023 05:10";"1,113";"0,000";"0,986";"0,000";"1,198";"0,000";"3,297";"0,000";"0,131";"0,000";"0,000";"0,067";"1,113";"0,986";"1,198";"3,297";"0,000";"0,000";"0,000";
"28/12/2023 05:20";"0,924";"0,000";"0,705";"0,000";"0,726";"0,000";"2,355";"0,000";"0,028";"0,000";"0,000";"0,245";"0,924";"0,705";"0,726";"2,355";"0,000";"0,000";"0,000";
"28/12/2023 05:30";"1,971";"0,000";"1,433";"0,000";"1,566";"0,000";"4,970";"0,000";"0,310";"0,000";"0,000";"0,127";"1,971";"1,433";"1,566";"4,970";"0,000";"0,000";"0,000";
"28/12/2023 05:40";"2,184";"0,000";"1,591";"0,000";"1,729";"0,000";"5,504";"0,000";"0,371";"0,000";"0,000";"0,090";"2,184";"1,591";"1,729";"5,504";"0,000";"0,000";"0,000";
"28/12/2023 05:50";"2,053";"0,000";"1,528";"0,000";"1,776";"0,000";"5,357";"0,000";"0,201";"0,000";"0,000";"0,000";"2,053";"1,528";"1,776";"5,357";"0,000";"0,000";"0,000";
"28/12/2023 06:00";"2,970";"0,000";"2,242";"0,000";"2,830";"0,000";"8,043";"0,000";"1,245";"0,000";"0,000";"0,455";"2,970";"2,242";"2,830";"8,043";"0,000";"0,000";"0,000";
"28/12/2023 06:10";"3,210";"0,000";"2,504";"0,000";"3,490";"0,000";"9,204";"0,000";"1,206";"0,000";"0,000";"0,421";"3,210";"2,504";"3,490";"9,204";"0,000";"0,000";"0,000";
"28/12/2023 06:20";"3,233";"0,000";"2,643";"0,000";"3,722";"0,000";"9,597";"0,000";"1,267";"0,000";"0,000";"0,309";"3,233";"2,643";"3,722";"9,597";"0,000";"0,000";"0,000";
"28/12/2023 06:30";"3,143";"0,000";"2,417";"0,000";"3,843";"0,000";"9,403";"0,000";"0,613";"0,000";"0,000";"0,391";"3,143";"2,417";"3,843";"9,403";"0,000";"0,000";"0,000";
"28/12/2023 06:40";"3,305";"0,000";"2,282";"0,000";"3,617";"0,000";"9,204";"0,000";"1,450";"0,000";"0,000";"0,346";"3,305";"2,282";"3,617";"9,204";"0,000";"0,000";"0,000";
"28/12/2023 06:50";"2,719";"0,000";"2,016";"0,000";"3,067";"0,000";"7,802";"0,000";"1,047";"0,000";"0,000";"0,112";"2,719";"2,016";"3,067";"7,802";"0,000";"0,000";"0,000";
"28/12/2023 07:00";"3,057";"0,000";"2,331";"0,000";"3,495";"0,000";"8,883";"0,000";"0,911";"0,000";"0,000";"0,226";"3,057";"2,331";"3,495";"8,883";"0,000";"0,000";"0,000";
"28/12/2023 07:10";"2,985";"0,000";"2,383";"0,000";"3,631";"0,000";"8,998";"0,000";"1,022";"0,000";"0,000";"0,247";"2,985";"2,383";"3,631";"8,998";"0,000";"0,000";"0,000";
"28/12/2023 07:20";"3,039";"0,000";"2,402";"0,000";"3,909";"0,000";"9,350";"0,000";"0,987";"0,000";"0,000";"0,740";"3,039";"2,402";"3,909";"9,350";"0,000";"0,000";"0,000";
"28/12/2023 07:30";"3,479";"0,000";"2,815";"0,000";"4,056";"0,000";"10,351";"0,000";"1,159";"0,000";"0,000";"0,376";"3,479";"2,815";"4,056";"10,351";"0,000";"0,000";"0,000";
"28/12/2023 07:40";"3,732";"0,000";"2,952";"0,000";"4,318";"0,000";"11,002";"0,000";"1,167";"0,000";"0,000";"0,339";"3,732";"2,952";"4,318";"11,002";"0,000";"0,000";"0,000";
"28/12/2023 07:50";"3,038";"0,000";"2,561";"0,000";"3,742";"0,000";"9,342";"0,000";"0,917";"0,000";"0,000";"0,210";"3,038";"2,561";"3,742";"9,342";"0,000";"0,000";"0,000";
"28/12/2023 08:00";"3,067";"0,000";"2,509";"0,000";"3,411";"0,000";"8,986";"0,000";"1,692";"0,000";"0,000";"0,315";"3,067";"2,509";"3,411";"8,986";"0,000";"0,000";"0,000";
"28/12/2023 08:10";"3,193";"0,000";"2,414";"0,000";"3,554";"0,000";"9,161";"0,000";"1,336";"0,000";"0,000";"0,466";"3,193";"2,414";"3,554";"9,161";"0,000";"0,000";"0,000";
"28/12/2023 08:20";"3,862";"0,000";"3,349";"0,000";"4,485";"0,000";"11,696";"0,000";"1,094";"0,000";"0,000";"0,366";"3,862";"3,349";"4,485";"11,696";"0,000";"0,000";"0,000";
"28/12/2023 08:30";"7,255";"0,000";"6,283";"0,000";"7,418";"0,000";"20,957";"0,000";"2,932";"0,000";"0,000";"0,178";"7,255";"6,283";"7,418";"20,957";"0,000";"0,000";"0,000";
"28/12/2023 08:40";"7,770";"0,000";"7,061";"0,000";"7,837";"0,000";"22,668";"0,000";"2,361";"0,000";"0,000";"0,025";"7,770";"7,061";"7,837";"22,668";"0,000";"0,000";"0,000";
"28/12/2023 08:50";"6,547";"0,000";"5,977";"0,000";"6,797";"0,000";"19,321";"0,000";"4,703";"0,000";"0,000";"0,044";"6,547";"5,977";"6,797";"19,321";"0,000";"0,000";"0,000";
"28/12/2023 09:00";"5,431";"0,000";"5,234";"0,000";"6,174";"0,000";"16,839";"0,000";"2,579";"0,000";"0,000";"0,250";"5,431";"5,234";"6,174";"16,839";"0,000";"0,000";"0,000";
"28/12/2023 09:10";"7,630";"0,000";"7,188";"0,000";"8,085";"0,000";"22,903";"0,000";"2,084";"0,000";"0,000";"0,002";"7,630";"7,188";"8,085";"22,903";"0,000";"0,000";"0,000";
"28/12/2023 09:20";"6,693";"0,000";"6,317";"0,000";"7,385";"0,000";"20,394";"0,000";"3,047";"0,000";"0,000";"0,070";"6,693";"6,317";"7,385";"20,394";"0,000";"0,000";"0,000";
"28/12/2023 09:30";"6,139";"0,000";"5,497";"0,000";"6,511";"0,000";"18,147";"0,000";"3,163";"0,000";"0,000";"0,113";"6,140";"5,497";"6,511";"18,148";"0,001";"0,001";"0,000";
"28/12/2023 09:40";"4,958";"0,000";"3,962";"0,000";"4,957";"0,000";"13,877";"0,000";"1,087";"0,000";"0,000";"0,847";"4,976";"3,980";"4,975";"13,931";"0,054";"0,028";"0,026";
"28/12/2023 09:50";"3,736";"0,000";"2,877";"0,000";"3,802";"0,000";"10,415";"0,000";"1,019";"0,000";"0,000";"0,475";"3,791";"2,932";"3,857";"10,580";"0,165";"0,085";"0,080";
"28/12/2023 10:00";"2,557";"0,000";"2,043";"0,000";"2,680";"0,000";"7,279";"0,000";"0,698";"0,000";"0,000";"0,012";"2,630";"2,115";"2,752";"7,497";"0,218";"0,112";"0,106";
"28/12/2023 10:10";"2,794";"0,000";"2,018";"0,000";"2,631";"0,000";"7,444";"0,000";"0,965";"0,000";"0,000";"0,076";"2,871";"2,094";"2,708";"7,673";"0,229";"0,118";"0,111";
"28/12/2023 10:20";"3,759";"0,000";"3,034";"0,000";"3,833";"0,000";"10,626";"0,000";"1,889";"0,000";"0,000";"0,256";"3,890";"3,166";"3,965";"11,021";"0,395";"0,202";"0,193";
"28/12/2023 10:30";"4,723";"0,000";"4,093";"0,000";"5,124";"0,000";"13,940";"0,000";"1,764";"0,000";"0,000";"0,127";"4,895";"4,265";"5,296";"14,456";"0,516";"0,263";"0,253";
"28/12/2023 10:40";"5,454";"0,000";"4,899";"0,000";"5,878";"0,000";"16,232";"0,000";"3,011";"0,000";"0,000";"0,096";"5,644";"5,090";"6,069";"16,804";"0,572";"0,292";"0,280";
"28/12/2023 10:50";"5,540";"0,000";"4,852";"0,000";"6,079";"0,000";"16,472";"0,000";"2,408";"0,000";"0,000";"0,057";"5,770";"5,083";"6,310";"17,164";"0,692";"0,353";"0,339";
"28/12/2023 11:00";"5,139";"0,000";"4,421";"0,000";"5,534";"0,000";"15,093";"0,000";"1,558";"0,000";"0,000";"0,200";"5,370";"4,652";"5,766";"15,788";"0,695";"0,354";"0,341";
"28/12/2023 11:10";"6,125";"0,000";"5,233";"0,000";"6,341";"0,000";"17,699";"0,000";"2,689";"0,000";"0,000";"0,059";"6,444";"5,552";"6,660";"18,656";"0,957";"0,487";"0,470";
"28/12/2023 11:20";"6,264";"0,000";"5,263";"0,000";"6,477";"0,000";"18,004";"0,000";"2,261";"0,000";"0,000";"0,222";"6,595";"5,594";"6,808";"18,997";"0,993";"0,506";"0,487";
"28/12/2023 11:30";"5,685";"0,000";"4,532";"0,000";"5,793";"0,000";"16,009";"0,000";"1,532";"0,000";"0,000";"0,833";"6,129";"4,976";"6,237";"17,341";"1,332";"0,677";"0,655";
"28/12/2023 11:40";"5,214";"0,000";"4,119";"0,000";"5,217";"0,000";"14,550";"0,000";"0,973";"0,000";"0,000";"0,513";"5,718";"4,624";"5,721";"16,064";"1,514";"0,769";"0,745";
"28/12/2023 11:50";"5,244";"0,000";"4,148";"0,000";"5,433";"0,000";"14,825";"0,000";"1,113";"0,000";"0,000";"0,727";"5,723";"4,627";"5,912";"16,263";"1,438";"0,731";"0,707";
"28/12/2023 12:00";"4,900";"0,000";"3,816";"0,000";"5,124";"0,000";"13,840";"0,000";"1,417";"0,000";"0,000";"1,295";"5,514";"4,430";"5,737";"15,681";"1,841";"0,934";"0,907";
"28/12/2023 12:10";"6,052";"0,000";"4,977";"0,000";"6,345";"0,000";"17,373";"0,000";"0,918";"0,000";"0,000";"0,952";"6,798";"5,723";"7,091";"19,611";"2,238";"1,135";"1,103";
"28/12/2023 12:20";"7,432";"0,000";"6,035";"0,000";"7,267";"0,000";"20,734";"0,000";"1,201";"0,000";"0,000";"0,612";"8,153";"6,755";"7,987";"22,895";"2,161";"1,096";"1,065";
"28/12/2023 12:30";"5,887";"0,000";"4,745";"0,000";"5,761";"0,000";"16,393";"0,000";"1,763";"0,000";"0,000";"0,302";"6,531";"5,390";"6,405";"18,326";"1,933";"0,979";"0,954";
"28/12/2023 12:40";"5,372";"0,000";"4,379";"0,000";"5,212";"0,000";"14,962";"0,000";"1,257";"0,000";"0,000";"0,800";"5,949";"4,956";"5,789";"16,693";"1,731";"0,879";"0,852";
"28/12/2023 12:50";"5,756";"0,000";"4,642";"0,000";"5,235";"0,000";"15,633";"0,000";"1,345";"0,000";"0,000";"0,344";"6,448";"5,333";"5,926";"17,707";"2,074";"1,052";"1,022";
"28/12/2023 13:00";"5,276";"0,000";"4,168";"0,000";"4,919";"0,000";"14,364";"0,000";"1,566";"0,000";"0,000";"0,683";"6,024";"4,916";"5,667";"16,608";"2,244";"1,138";"1,106";
"28/12/2023 13:10";"6,216";"0,000";"5,133";"0,000";"5,881";"0,000";"17,230";"0,000";"1,118";"0,000";"0,000";"0,558";"6,910";"5,827";"6,575";"19,311";"2,081";"1,054";"1,027";
"28/12/2023 13:20";"5,281";"0,000";"4,102";"0,000";"4,990";"0,000";"14,373";"0,000";"1,504";"0,000";"0,000";"0,654";"6,041";"4,862";"5,751";"16,654";"2,281";"1,155";"1,126";
"28/12/2023 13:30";"5,388";"0,000";"4,515";"0,000";"5,265";"0,000";"15,168";"0,000";"1,407";"0,000";"0,000";"0,516";"6,228";"5,355";"6,106";"17,690";"2,522";"1,276";"1,246";
"28/12/2023 13:40";"5,062";"0,000";"4,036";"0,000";"4,778";"0,000";"13,876";"0,000";"0,731";"0,000";"0,000";"0,356";"5,728";"4,702";"5,444";"15,874";"1,998";"1,012";"0,986";
"28/12/2023 13:50";"5,920";"0,000";"4,806";"0,000";"5,675";"0,000";"16,401";"0,000";"1,179";"0,000";"0,000";"0,292";"6,553";"5,439";"6,308";"18,299";"1,898";"0,962";"0,936";
"28/12/2023 14:00";"4,685";"0,000";"3,994";"0,000";"4,938";"0,000";"13,617";"0,000";"0,918";"0,000";"0,000";"0,279";"5,294";"4,603";"5,547";"15,445";"1,828";"0,927";"0,901";
"28/12/2023 14:10";"5,530";"0,000";"4,930";"0,000";"5,768";"0,000";"16,228";"0,000";"1,333";"0,000";"0,000";"0,278";"6,194";"5,594";"6,432";"18,220";"1,992";"1,009";"0,983";
"28/12/2023 14:20";"5,117";"0,000";"4,561";"0,000";"5,425";"0,000";"15,102";"0,000";"1,257";"0,000";"0,000";"0,236";"5,700";"5,143";"6,007";"16,850";"1,748";"0,886";"0,862";
"28/12/2023 14:30";"5,984";"0,000";"5,388";"0,000";"6,238";"0,000";"17,610";"0,000";"1,323";"0,000";"0,000";"0,216";"6,647";"6,051";"6,901";"19,599";"1,989";"1,007";"0,982";
"28/12/2023 14:40";"6,266";"0,000";"5,357";"0,000";"6,079";"0,000";"17,701";"0,000";"1,194";"0,000";"0,000";"0,310";"6,983";"6,074";"6,797";"19,854";"2,153";"1,090";"1,063";
"28/12/2023 14:50";"5,510";"0,000";"4,844";"0,000";"5,747";"0,000";"16,101";"0,000";"1,245";"0,000";"0,000";"0,284";"6,159";"5,493";"6,396";"18,049";"1,948";"0,986";"0,962";
"28/12/2023 15:00";"5,638";"0,000";"5,006";"0,000";"5,926";"0,000";"16,570";"0,000";"1,268";"0,000";"0,000";"0,260";"6,464";"5,833";"6,752";"19,050";"2,480";"1,254";"1,226";
"28/12/2023 15:10";"5,914";"0,000";"5,307";"0,000";"6,428";"0,000";"17,649";"0,000";"1,388";"0,000";"0,000";"0,253";"6,630";"6,023";"7,144";"19,797";"2,148";"1,087";"1,061";
"28/12/2023 15:20";"4,757";"0,000";"4,098";"0,000";"5,333";"0,000";"14,188";"0,000";"0,773";"0,000";"0,000";"0,310";"5,378";"4,718";"5,954";"16,050";"1,862";"0,943";"0,919";
"28/12/2023 15:30";"5,072";"0,000";"4,298";"0,000";"5,579";"0,000";"14,949";"0,000";"0,450";"0,000";"0,000";"0,396";"5,575";"4,801";"6,082";"16,458";"1,509";"0,765";"0,744";
"28/12/2023 15:40";"4,703";"0,000";"4,155";"0,000";"5,461";"0,000";"14,319";"0,000";"0,922";"0,000";"0,000";"0,368";"5,156";"4,609";"5,914";"15,680";"1,361";"0,691";"0,670";
"28/12/2023 15:50";"4,772";"0,000";"4,210";"0,000";"5,537";"0,000";"14,519";"0,000";"1,056";"0,000";"0,000";"0,294";"5,166";"4,604";"5,931";"15,701";"1,182";"0,601";"0,581";
"28/12/2023 16:00";"4,326";"0,000";"3,598";"0,000";"5,006";"0,000";"12,930";"0,000";"1,108";"0,000";"0,000";"0,247";"4,720";"3,992";"5,400";"14,112";"1,182";"0,601";"0,581";
"28/12/2023 16:10";"4,253";"0,000";"3,467";"0,000";"4,527";"0,000";"12,248";"0,000";"0,937";"0,000";"0,000";"0,505";"4,629";"3,843";"4,903";"13,375";"1,127";"0,573";"0,554";
"28/12/2023 16:20";"4,037";"0,000";"3,424";"0,000";"4,306";"0,000";"11,767";"0,000";"1,375";"0,000";"0,000";"0,370";"4,345";"3,732";"4,615";"12,692";"0,925";"0,470";"0,455";
"28/12/2023 16:30";"3,919";"0,000";"3,390";"0,000";"4,247";"0,000";"11,557";"0,000";"1,423";"0,000";"0,000";"0,355";"4,222";"3,693";"4,550";"12,465";"0,908";"0,462";"0,446";
"28/12/2023 16:40";"4,263";"0,000";"3,514";"0,000";"4,364";"0,000";"12,140";"0,000";"1,315";"0,000";"0,000";"0,654";"4,558";"3,809";"4,659";"13,026";"0,886";"0,451";"0,435";
"28/12/2023 16:50";"3,847";"0,000";"3,018";"0,000";"3,717";"0,000";"10,582";"0,000";"1,024";"0,000";"0,000";"0,353";"4,071";"3,242";"3,941";"11,254";"0,672";"0,343";"0,329";
"28/12/2023 17:00";"3,309";"0,000";"2,836";"0,000";"3,153";"0,000";"9,299";"0,000";"1,375";"0,000";"0,000";"0,469";"3,480";"3,007";"3,324";"9,812";"0,513";"0,262";"0,251";
"28/12/2023 17:10";"3,444";"0,000";"2,698";"0,000";"3,148";"0,000";"9,289";"0,000";"0,587";"0,000";"0,000";"0,340";"3,574";"2,828";"3,278";"9,679";"0,390";"0,200";"0,190";
"28/12/2023 17:20";"3,358";"0,000";"2,651";"0,000";"3,199";"0,000";"9,208";"0,000";"0,734";"0,000";"0,000";"0,471";"3,448";"2,741";"3,288";"9,476";"0,268";"0,138";"0,130";
"28/12/2023 17:30";"2,869";"0,000";"2,341";"0,000";"3,212";"0,000";"8,423";"0,000";"0,917";"0,000";"0,000";"0,443";"2,937";"2,409";"3,280";"8,627";"0,204";"0,105";"0,099";
"28/12/2023 17:40";"3,095";"0,000";"2,520";"0,000";"3,246";"0,000";"8,862";"0,000";"0,771";"0,000";"0,000";"0,206";"3,131";"2,556";"3,282";"8,969";"0,107";"0,055";"0,052";
"28/12/2023 17:50";"3,083";"0,000";"2,444";"0,000";"3,163";"0,000";"8,689";"0,000";"0,925";"0,000";"0,000";"0,600";"3,093";"2,454";"3,173";"8,720";"0,031";"0,016";"0,015";
"28/12/2023 18:00";"1,468";"0,000";"0,823";"0,000";"1,435";"0,000";"3,726";"0,000";"0,000";"0,000";"0,000";"0,429";"1,469";"0,824";"1,435";"3,728";"0,002";"0,001";"0,001";
"28/12/2023 18:10";"1,836";"0,000";"0,875";"0,000";"1,467";"0,000";"4,178";"0,000";"0,000";"0,000";"0,000";"0,528";"1,836";"0,875";"1,467";"4,178";"0,000";"0,000";"0,000";
"28/12/2023 18:20";"1,400";"0,000";"0,776";"0,000";"1,320";"0,000";"3,496";"0,000";"0,000";"0,000";"0,000";"0,304";"1,400";"0,776";"1,320";"3,496";"0,000";"0,000";"0,000";
"28/12/2023 18:30";"1,418";"0,000";"0,870";"0,000";"1,347";"0,000";"3,635";"0,000";"0,000";"0,000";"0,000";"0,340";"1,418";"0,870";"1,347";"3,635";"0,000";"0,000";"0,000";
"28/12/2023 18:40";"1,546";"0,000";"0,871";"0,000";"1,368";"0,000";"3,784";"0,000";"0,000";"0,000";"0,000";"0,476";"1,546";"0,871";"1,368";"3,784";"0,000";"0,000";"0,000";
"28/12/2023 18:50";"1,842";"0,000";"0,793";"0,000";"1,280";"0,000";"3,915";"0,000";"0,000";"0,000";"0,000";"0,399";"1,842";"0,793";"1,280";"3,915";"0,000";"0,000";"0,000";
"28/12/2023 19:00";"1,861";"0,000";"1,350";"0,000";"1,348";"0,000";"4,559";"0,000";"0,000";"0,000";"0,000";"0,368";"1,861";"1,350";"1,348";"4,559";"0,000";"0,000";"0,000";
"28/12/2023 19:10";"1,528";"0,000";"0,870";"0,000";"1,389";"0,000";"3,787";"0,000";"0,000";"0,000";"0,000";"0,355";"1,528";"0,870";"1,389";"3,787";"0,000";"0,000";"0,000";
"28/12/2023 19:20";"1,346";"0,000";"0,820";"0,000";"1,296";"0,000";"3,462";"0,000";"0,000";"0,000";"0,000";"0,249";"1,346";"0,820";"1,296";"3,462";"0,000";"0,000";"0,000";
"28/12/2023 19:30";"1,202";"0,000";"0,663";"0,000";"1,201";"0,000";"3,066";"0,000";"0,000";"0,000";"0,000";"0,285";"1,202";"0,663";"1,201";"3,066";"0,000";"0,000";"0,000";
"28/12/2023 19:40";"1,126";"0,000";"0,608";"0,000";"1,247";"0,000";"2,981";"0,000";"0,000";"0,000";"0,000";"0,367";"1,126";"0,608";"1,247";"2,981";"0,000";"0,000";"0,000";
"28/12/2023 19:50";"1,185";"0,000";"0,589";"0,000";"1,267";"0,000";"3,041";"0,000";"0,000";"0,000";"0,000";"0,381";"1,185";"0,589";"1,267";"3,041";"0,000";"0,000";"0,000";
"28/12/2023 20:00";"1,206";"0,000";"0,508";"0,000";"1,169";"0,000";"2,883";"0,000";"0,000";"0,000";"0,000";"0,229";"1,206";"0,508";"1,169";"2,883";"0,000";"0,000";"0,000";
"28/12/2023 20:10";"1,247";"0,000";"0,747";"0,000";"1,391";"0,000";"3,386";"0,000";"0,051";"0,000";"0,000";"0,307";"1,247";"0,747";"1,391";"3,386";"0,000";"0,000";"0,000";
"28/12/2023 20:20";"1,146";"0,000";"0,592";"0,000";"1,242";"0,000";"2,980";"0,000";"0,000";"0,000";"0,000";"0,403";"1,146";"0,592";"1,242";"2,980";"0,000";"0,000";"0,000";
"28/12/2023 20:30";"1,015";"0,000";"0,518";"0,000";"1,180";"0,000";"2,714";"0,000";"0,000";"0,000";"0,000";"0,280";"1,015";"0,518";"1,180";"2,714";"0,000";"0,000";"0,000";
"28/12/2023 20:40";"1,103";"0,000";"0,596";"0,000";"1,285";"0,000";"2,985";"0,000";"0,000";"0,000";"0,000";"0,177";"1,103";"0,596";"1,285";"2,985";"0,000";"0,000";"0,000";
"28/12/2023 20:50";"0,855";"0,000";"0,569";"0,000";"1,235";"0,000";"2,659";"0,000";"0,000";"0,000";"0,000";"0,230";"0,855";"0,569";"1,235";"2,659";"0,000";"0,000";"0,000";
"28/12/2023 21:00";"1,286";"0,000";"0,750";"0,000";"1,194";"0,000";"3,231";"0,000";"0,000";"0,000";"0,000";"0,336";"1,286";"0,750";"1,194";"3,231";"0,000";"0,000";"0,000";
"28/12/2023 21:10";"0,907";"0,000";"0,551";"0,000";"1,185";"0,000";"2,643";"0,000";"0,000";"0,000";"0,000";"0,196";"0,907";"0,551";"1,185";"2,643";"0,000";"0,000";"0,000";
"28/12/2023 21:20";"0,902";"0,000";"0,571";"0,000";"1,040";"0,000";"2,513";"0,000";"0,000";"0,000";"0,000";"0,318";"0,902";"0,571";"1,040";"2,513";"0,000";"0,000";"0,000";
"28/12/2023 21:30";"0,660";"0,000";"0,480";"0,000";"0,980";"0,000";"2,119";"0,000";"0,000";"0,000";"0,000";"0,220";"0,660";"0,480";"0,980";"2,119";"0,000";"0,000";"0,000";
"28/12/2023 21:40";"0,624";"0,000";"0,584";"0,000";"1,062";"0,000";"2,270";"0,000";"0,000";"0,000";"0,000";"0,087";"0,624";"0,584";"1,062";"2,270";"0,000";"0,000";"0,000";
"28/12/2023 21:50";"0,888";"0,000";"0,623";"0,000";"1,107";"0,000";"2,618";"0,000";"0,000";"0,000";"0,000";"0,259";"0,888";"0,623";"1,107";"2,618";"0,000";"0,000";"0,000";
"28/12/2023 22:00";"1,109";"0,000";"0,807";"0,000";"1,104";"0,000";"3,020";"0,000";"0,000";"0,000";"0,000";"0,294";"1,109";"0,807";"1,104";"3,020";"0,000";"0,000";"0,000";
"28/12/2023 22:10";"1,186";"0,000";"0,777";"0,000";"1,067";"0,000";"3,030";"0,000";"0,000";"0,000";"0,000";"0,298";"1,186";"0,777";"1,067";"3,030";"0,000";"0,000";"0,000";
"28/12/2023 22:20";"0,856";"0,000";"0,590";"0,000";"1,021";"0,000";"2,466";"0,000";"0,000";"0,000";"0,000";"0,325";"0,856";"0,590";"1,021";"2,466";"0,000";"0,000";"0,000";
"28/12/2023 22:30";"0,648";"0,000";"0,608";"0,000";"1,080";"0,000";"2,337";"0,000";"0,000";"0,000";"0,000";"0,316";"0,648";"0,608";"1,080";"2,337";"0,000";"0,000";"0,000";
"28/12/2023 22:40";"0,768";"0,000";"0,651";"0,000";"1,082";"0,000";"2,501";"0,000";"0,000";"0,000";"0,000";"0,312";"0,768";"0,651";"1,082";"2,501";"0,000";"0,000";"0,000";
"28/12/2023 22:50";"0,795";"0,000";"0,562";"0,000";"1,019";"0,000";"2,375";"0,000";"0,000";"0,000";"0,000";"0,287";"0,795";"0,562";"1,019";"2,375";"0,000";"0,000";"0,000";
"28/12/2023 23:00";"0,653";"0,000";"0,599";"0,000";"1,216";"0,000";"2,467";"0,000";"0,000";"0,000";"0,000";"0,297";"0,653";"0,599";"1,216";"2,467";"0,000";"0,000";"0,000";
"28/12/2023 23:10";"0,690";"0,000";"0,649";"0,000";"1,282";"0,000";"2,620";"0,000";"0,000";"0,000";"0,000";"0,336";"0,690";"0,649";"1,282";"2,620";"0,000";"0,000";"0,000";
"28/12/2023 23:20";"1,076";"0,000";"0,486";"0,000";"1,113";"0,000";"2,676";"0,000";"0,001";"0,000";"0,000";"0,260";"1,076";"0,486";"1,113";"2,676";"0,000";"0,000";"0,000";
"28/12/2023 23:30";"0,767";"0,000";"0,605";"0,000";"1,204";"0,000";"2,576";"0,000";"0,000";"0,000";"0,000";"0,279";"0,767";"0,605";"1,204";"2,576";"0,000";"0,000";"0,000";
"28/12/2023 23:40";"0,644";"0,000";"0,606";"0,000";"1,063";"0,000";"2,313";"0,000";"0,000";"0,000";"0,000";"0,296";"0,644";"0,606";"1,063";"2,313";"0,000";"0,000";"0,000";
"28/12/2023 23:50";"0,876";"0,000";"0,652";"0,000";"1,038";"0,000";"2,565";"0,000";"0,000";"0,000";"0,000";"0,332";"0,876";"0,652";"1,038";"2,565";"0,000";"0,000";"0,000";
"29/12/2023 00:00";"0,729";"0,000";"0,546";"0,000";"1,040";"0,000";"2,314";"0,000";"0,000";"0,000";"0,000";"0,262";"0,729";"0,546";"1,040";"2,314";"0,000";"0,000";"0,000";
"29/12/2023 00:10";"0,661";"0,000";"0,586";"0,000";"1,086";"0,000";"2,332";"0,000";"0,000";"0,000";"0,000";"0,245";"0,661";"0,586";"1,086";"2,332";"0,000";"0,000";"0,000";
"29/12/2023 00:20";"0,791";"0,000";"0,601";"0,000";"1,205";"0,000";"2,597";"0,000";"0,000";"0,000";"0,000";"0,307";"0,791";"0,601";"1,205";"2,597";"0,000";"0,000";"0,000";
"29/12/2023 00:30";"0,974";"0,000";"0,625";"0,000";"1,157";"0,000";"2,755";"0,000";"0,000";"0,000";"0,000";"0,200";"0,974";"0,625";"1,157";"2,755";"0,000";"0,000";"0,000";
"29/12/2023 00:40";"0,889";"0,000";"0,592";"0,000";"1,225";"0,000";"2,706";"0,000";"0,000";"0,000";"0,000";"0,224";"0,889";"0,592";"1,225";"2,706";"0,000";"0,000";"0,000";
"29/12/2023 00:50";"0,884";"0,000";"0,581";"0,000";"1,247";"0,000";"2,712";"0,000";"0,000";"0,000";"0,000";"0,277";"0,884";"0,581";"1,247";"2,712";"0,000";"0,000";"0,000";
"29/12/2023 01:00";"1,041";"0,000";"0,635";"0,000";"1,181";"0,000";"2,858";"0,000";"0,000";"0,000";"0,000";"0,243";"1,041";"0,635";"1,181";"2,858";"0,000";"0,000";"0,000";
"29/12/2023 01:10";"0,769";"0,000";"0,597";"0,000";"1,130";"0,000";"2,496";"0,000";"0,000";"0,000";"0,000";"0,240";"0,769";"0,597";"1,130";"2,496";"0,000";"0,000";"0,000";
"29/12/2023 01:20";"0,730";"0,000";"0,590";"0,000";"1,050";"0,000";"2,370";"0,000";"0,006";"0,000";"0,000";"0,233";"0,730";"0,590";"1,050";"2,370";"0,000";"0,000";"0,000";
"29/12/2023 01:30";"0,669";"0,000";"0,603";"0,000";"1,136";"0,000";"2,408";"0,000";"0,000";"0,000";"0,000";"0,377";"0,669";"0,603";"1,136";"2,408";"0,000";"0,000";"0,000";
"29/12/2023 01:40";"0,637";"0,000";"0,571";"0,000";"1,052";"0,000";"2,261";"0,000";"0,000";"0,000";"0,000";"0,194";"0,637";"0,571";"1,052";"2,261";"0,000";"0,000";"0,000";
"29/12/2023 01:50";"0,767";"0,000";"0,752";"0,000";"1,289";"0,000";"2,808";"0,000";"0,052";"0,000";"0,000";"0,322";"0,767";"0,752";"1,289";"2,808";"0,000";"0,000";"0,000";
"29/12/2023 02:00";"0,819";"0,000";"0,600";"0,000";"1,276";"0,000";"2,696";"0,000";"0,000";"0,000";"0,000";"0,372";"0,819";"0,600";"1,276";"2,696";"0,000";"0,000";"0,000";
"29/12/2023 02:10";"1,007";"0,000";"0,658";"0,000";"1,201";"0,000";"2,866";"0,000";"0,000";"0,000";"0,000";"0,272";"1,007";"0,658";"1,201";"2,866";"0,000";"0,000";"0,000";
"29/12/2023 02:20";"0,890";"0,000";"0,604";"0,000";"1,218";"0,000";"2,712";"0,000";"0,000";"0,000";"0,000";"0,239";"0,890";"0,604";"1,218";"2,712";"0,000";"0,000";"0,000";
"29/12/2023 02:30";"0,536";"0,000";"0,482";"0,000";"1,148";"0,000";"2,167";"0,000";"0,000";"0,000";"0,000";"0,275";"0,536";"0,482";"1,148";"2,167";"0,000";"0,000";"0,000";
"29/12/2023 02:40";"0,595";"0,000";"0,562";"0,000";"1,144";"0,000";"2,301";"0,000";"0,000";"0,000";"0,000";"0,137";"0,595";"0,562";"1,144";"2,301";"0,000";"0,000";"0,000";
"29/12/2023 02:50";"0,638";"0,000";"0,606";"0,000";"1,198";"0,000";"2,442";"0,000";"0,000";"0,000";"0,000";"0,176";"0,638";"0,606";"1,198";"2,442";"0,000";"0,000";"0,000";
"29/12/2023 03:00";"1,152";"0,000";"0,759";"0,000";"1,013";"0,000";"2,924";"0,000";"0,000";"0,000";"0,000";"0,296";"1,152";"0,759";"1,013";"2,924";"0,000";"0,000";"0,000";
"29/12/2023 03:10";"0,631";"0,000";"0,572";"0,000";"1,059";"0,000";"2,262";"0,000";"0,000";"0,000";"0,000";"0,355";"0,631";"0,572";"1,059";"2,262";"0,000";"0,000";"0,000";
"29/12/2023 03:20";"0,675";"0,000";"0,561";"0,000";"1,029";"0,000";"2,265";"0,000";"0,000";"0,000";"0,000";"0,265";"0,675";"0,561";"1,029";"2,265";"0,000";"0,000";"0,000";
"29/12/2023 03:30";"0,632";"0,000";"0,604";"0,000";"0,933";"0,000";"2,170";"0,000";"0,000";"0,000";"0,000";"0,176";"0,632";"0,604";"0,933";"2,170";"0,000";"0,000";"0,000";
"29/12/2023 03:40";"0,627";"0,000";"0,560";"0,000";"1,002";"0,000";"2,188";"0,000";"0,000";"0,000";"0,000";"0,218";"0,627";"0,560";"1,002";"2,188";"0,000";"0,000";"0,000";
"29/12/2023 03:50";"0,729";"0,000";"0,561";"0,000";"0,929";"0,000";"2,219";"0,000";"0,000";"0,000";"0,000";"0,280";"0,729";"0,561";"0,929";"2,219";"0,000";"0,000";"0,000";
"29/12/2023 04:00";"0,732";"0,000";"0,567";"0,000";"0,884";"0,000";"2,184";"0,000";"0,000";"0,000";"0,000";"0,166";"0,732";"0,567";"0,884";"2,184";"0,000";"0,000";"0,000";
"29/12/2023 04:10";"0,871";"0,000";"0,585";"0,000";"0,840";"0,000";"2,296";"0,000";"0,001";"0,000";"0,000";"0,070";"0,871";"0,585";"0,840";"2,296";"0,000";"0,000";"0,000";
"29/12/2023 04:20";"0,694";"0,000";"0,608";"0,000";"0,731";"0,000";"2,033";"0,000";"0,000";"0,000";"0,000";"0,287";"0,694";"0,608";"0,731";"2,033";"0,000";"0,000";"0,000";
"29/12/2023 04:30";"0,546";"0,000";"0,511";"0,000";"0,634";"0,000";"1,691";"0,000";"0,000";"0,000";"0,000";"0,192";"0,546";"0,511";"0,634";"1,691";"0,000";"0,000";"0,000";
"29/12/2023 04:40";"0,611";"0,000";"0,591";"0,000";"0,694";"0,000";"1,896";"0,000";"0,003";"0,000";"0,000";"0,058";"0,611";"0,591";"0,694";"1,896";"0,000";"0,000";"0,000";
"29/12/2023 04:50";"0,680";"0,000";"0,548";"0,000";"0,725";"0,000";"1,953";"0,000";"0,000";"0,000";"0,000";"0,204";"0,680";"0,548";"0,725";"1,953";"0,000";"0,000";"0,000";
"29/12/2023 05:00";"1,085";"0,000";"0,768";"0,000";"0,810";"0,000";"2,663";"0,000";"0,000";"0,000";"0,000";"0,255";"1,085";"0,768";"0,810";"2,663";"0,000";"0,000";"0,000";
"29/12/2023 05:10";"0,643";"0,000";"0,606";"0,000";"0,855";"0,000";"2,105";"0,000";"0,000";"0,000";"0,000";"0,199";"0,643";"0,606";"0,855";"2,105";"0,000";"0,000";"0,000";
"29/12/2023 05:20";"1,222";"0,000";"1,176";"0,000";"1,397";"0,000";"3,795";"0,000";"0,331";"0,000";"0,000";"0,119";"1,222";"1,176";"1,397";"3,795";"0,000";"0,000";"0,000";
"29/12/2023 05:30";"2,425";"0,000";"1,747";"0,000";"1,892";"0,000";"6,064";"0,000";"0,462";"0,000";"0,000";"0,004";"2,425";"1,747";"1,892";"6,064";"0,000";"0,000";"0,000";
"29/12/2023 05:40";"2,063";"0,000";"1,643";"0,000";"1,740";"0,000";"5,446";"0,000";"0,100";"0,000";"0,000";"0,132";"2,063";"1,643";"1,740";"5,446";"0,000";"0,000";"0,000";
"29/12/2023 05:50";"1,779";"0,000";"1,494";"0,000";"1,710";"0,000";"4,983";"0,000";"0,050";"0,000";"0,000";"0,011";"1,779";"1,494";"1,710";"4,983";"0,000";"0,000";"0,000";
"29/12/2023 06:00";"2,382";"0,000";"2,040";"0,000";"2,559";"0,000";"6,980";"0,000";"1,325";"0,000";"0,000";"0,295";"2,382";"2,040";"2,559";"6,980";"0,000";"0,000";"0,000";
"29/12/2023 06:10";"3,367";"0,000";"2,466";"0,000";"3,053";"0,000";"8,886";"0,000";"1,185";"0,000";"0,000";"0,266";"3,367";"2,466";"3,053";"8,886";"0,000";"0,000";"0,000";
"29/12/2023 06:20";"3,429";"0,000";"2,863";"0,000";"3,506";"0,000";"9,799";"0,000";"1,033";"0,000";"0,000";"0,323";"3,429";"2,863";"3,506";"9,799";"0,000";"0,000";"0,000";
"29/12/2023 06:30";"3,395";"0,000";"2,877";"0,000";"3,322";"0,000";"9,594";"0,000";"0,641";"0,000";"0,000";"0,660";"3,395";"2,877";"3,322";"9,594";"0,000";"0,000";"0,000";
"29/12/2023 06:40";"2,968";"0,000";"2,440";"0,000";"2,905";"0,000";"8,313";"0,000";"0,945";"0,000";"0,000";"0,168";"2,968";"2,440";"2,905";"8,313";"0,000";"0,000";"0,000";
"29/12/2023 06:50";"3,120";"0,000";"2,640";"0,000";"3,038";"0,000";"8,797";"0,000";"0,994";"0,000";"0,000";"0,328";"3,120";"2,640";"3,038";"8,797";"0,000";"0,000";"0,000";
"29/12/2023 07:00";"3,859";"0,000";"2,695";"0,000";"2,947";"0,000";"9,501";"0,000";"0,854";"0,000";"0,000";"0,406";"3,859";"2,695";"2,947";"9,501";"0,000";"0,000";"0,000";
"29/12/2023 07:10";"3,796";"0,000";"2,939";"0,000";"3,021";"0,000";"9,756";"0,000";"1,632";"0,000";"0,000";"0,197";"3,796";"2,939";"3,021";"9,756";"0,000";"0,000";"0,000";
"29/12/2023 07:20";"3,616";"0,000";"2,853";"0,000";"3,077";"0,000";"9,547";"0,000";"1,374";"0,000";"0,000";"0,269";"3,616";"2,853";"3,077";"9,547";"0,000";"0,000";"0,000";
"29/12/2023 07:30";"5,848";"0,000";"5,167";"0,000";"6,097";"0,000";"17,112";"0,000";"1,527";"0,000";"0,000";"0,134";"5,848";"5,167";"6,097";"17,112";"0,000";"0,000";"0,000";
"29/12/2023 07:40";"4,910";"0,000";"4,197";"0,000";"5,077";"0,000";"14,184";"0,000";"1,598";"0,000";"0,000";"0,268";"4,910";"4,197";"5,077";"14,184";"0,000";"0,000";"0,000";
"29/12/2023 07:50";"5,113";"0,000";"4,346";"0,000";"5,219";"0,000";"14,678";"0,000";"1,511";"0,000";"0,000";"0,294";"5,113";"4,346";"5,219";"14,678";"0,000";"0,000";"0,000";
"29/12/2023 08:00";"4,789";"0,000";"4,187";"0,000";"5,349";"0,000";"14,326";"0,000";"0,730";"0,000";"0,000";"0,367";"4,789";"4,187";"5,349";"14,326";"0,000";"0,000";"0,000";
"29/12/2023 08:10";"4,690";"0,000";"4,071";"0,000";"5,099";"0,000";"13,860";"0,000";"1,892";"0,000";"0,000";"0,427";"4,690";"4,071";"5,099";"13,860";"0,000";"0,000";"0,000";
"29/12/2023 08:20";"5,203";"0,000";"4,272";"0,000";"5,182";"0,000";"14,657";"0,000";"1,245";"0,000";"0,000";"0,619";"5,203";"4,272";"5,182";"14,657";"0,000";"0,000";"0,000";
"29/12/2023 08:30";"8,135";"0,000";"6,847";"0,000";"7,489";"0,000";"22,470";"0,000";"1,416";"0,000";"0,000";"0,262";"8,135";"6,847";"7,489";"22,470";"0,000";"0,000";"0,000";
"29/12/2023 08:40";"8,533";"0,000";"7,715";"0,000";"8,318";"0,000";"24,566";"0,000";"1,766";"0,000";"0,000";"0,093";"8,533";"7,715";"8,318";"24,566";"0,000";"0,000";"0,000";
"29/12/2023 08:50";"8,007";"0,000";"7,322";"0,000";"8,199";"0,000";"23,528";"0,000";"1,189";"0,000";"0,000";"0,169";"8,007";"7,322";"8,199";"23,528";"0,000";"0,000";"0,000";
"29/12/2023 09:00";"8,208";"0,000";"7,675";"0,000";"8,569";"0,000";"24,451";"0,000";"2,054";"0,000";"0,000";"0,086";"8,214";"7,682";"8,575";"24,471";"0,020";"0,011";"0,009";
"29/12/2023 09:10";"7,390";"0,000";"6,482";"0,000";"7,393";"0,000";"21,264";"0,000";"1,076";"0,000";"0,000";"0,236";"7,414";"6,506";"7,417";"21,338";"0,074";"0,040";"0,034";
"29/12/2023 09:20";"6,938";"0,000";"5,877";"0,000";"6,453";"0,000";"19,268";"0,000";"1,032";"0,000";"0,000";"0,324";"6,984";"5,923";"6,499";"19,407";"0,139";"0,075";"0,064";
"29/12/2023 09:30";"4,134";"0,000";"3,702";"0,000";"3,993";"0,000";"11,829";"0,000";"1,287";"0,000";"0,000";"0,280";"4,209";"3,777";"4,068";"12,054";"0,225";"0,125";"0,100";
"29/12/2023 09:40";"3,641";"0,000";"3,434";"0,000";"3,608";"0,000";"10,683";"0,000";"1,473";"0,000";"0,000";"0,137";"3,799";"3,593";"3,766";"11,158";"0,475";"0,301";"0,174";
"29/12/2023 09:50";"3,415";"0,000";"2,786";"0,000";"3,337";"0,000";"9,538";"0,000";"1,064";"0,000";"0,000";"0,197";"3,648";"3,019";"3,570";"10,238";"0,700";"0,459";"0,241";
"29/12/2023 10:00";"2,391";"0,000";"1,715";"0,000";"2,422";"0,000";"6,528";"0,000";"1,142";"0,000";"0,000";"0,000";"2,699";"2,024";"2,730";"7,453";"0,925";"0,617";"0,308";
"29/12/2023 10:10";"2,475";"0,000";"1,757";"0,000";"2,500";"0,000";"6,732";"0,000";"1,217";"0,000";"0,000";"0,059";"2,878";"2,160";"2,903";"7,940";"1,208";"0,816";"0,392";
"29/12/2023 10:20";"3,000";"0,000";"2,446";"0,000";"3,270";"0,000";"8,716";"0,000";"1,236";"0,000";"0,000";"0,303";"3,510";"2,956";"3,781";"10,247";"1,532";"1,007";"0,525";
"29/12/2023 10:30";"6,926";"0,000";"6,216";"0,000";"6,918";"0,000";"20,061";"0,000";"2,008";"0,000";"0,000";"0,060";"7,603";"6,894";"7,596";"22,093";"2,032";"1,251";"0,781";
"29/12/2023 10:40";"7,270";"0,000";"6,584";"0,000";"7,336";"0,000";"21,190";"0,000";"2,828";"0,000";"0,000";"0,000";"7,932";"7,246";"7,998";"23,176";"1,986";"1,125";"0,861";
"29/12/2023 10:50";"7,208";"0,000";"6,446";"0,000";"7,319";"0,000";"20,973";"0,000";"2,370";"0,000";"0,000";"0,000";"8,069";"7,307";"8,180";"23,556";"2,583";"1,442";"1,141";
"29/12/2023 11:00";"6,200";"0,000";"5,294";"0,000";"6,292";"0,000";"17,785";"0,000";"1,110";"0,000";"0,000";"0,083";"7,275";"6,370";"7,367";"21,012";"3,227";"1,800";"1,427";
"29/12/2023 11:10";"6,660";"0,000";"5,730";"0,000";"6,656";"0,000";"19,045";"0,000";"1,832";"0,000";"0,000";"0,039";"7,837";"6,907";"7,833";"22,576";"3,531";"1,960";"1,571";
"29/12/2023 11:20";"6,595";"0,000";"5,824";"0,000";"6,856";"0,000";"19,275";"0,000";"3,212";"0,000";"0,000";"0,003";"7,818";"7,046";"8,078";"22,942";"3,667";"2,034";"1,633";
"29/12/2023 11:30";"6,649";"0,000";"5,837";"0,000";"6,800";"0,000";"19,286";"0,000";"1,924";"0,000";"0,000";"0,123";"7,832";"7,021";"7,984";"22,837";"3,551";"1,968";"1,583";
"29/12/2023 11:40";"7,928";"0,000";"6,891";"0,000";"7,522";"0,000";"22,341";"0,000";"1,544";"0,000";"0,000";"0,105";"9,201";"8,164";"8,794";"26,158";"3,817";"2,113";"1,704";
"29/12/2023 11:50";"8,398";"0,000";"7,551";"0,000";"7,960";"0,000";"23,909";"0,000";"1,554";"0,000";"0,000";"0,075";"9,462";"8,615";"9,024";"27,101";"3,192";"1,771";"1,421";
"29/12/2023 12:00";"9,524";"0,000";"8,775";"0,000";"9,041";"0,000";"27,341";"0,000";"3,435";"0,000";"0,000";"0,003";"10,793";"10,044";"10,310";"31,148";"3,807";"2,101";"1,706";
"29/12/2023 12:10";"8,667";"0,000";"8,295";"0,000";"8,565";"0,000";"25,527";"0,000";"1,282";"0,000";"0,000";"0,057";"10,153";"9,781";"10,052";"29,986";"4,459";"2,339";"2,120";
"29/12/2023 12:20";"8,808";"0,000";"7,980";"0,000";"8,274";"0,000";"25,062";"0,000";"4,003";"0,000";"0,000";"0,031";"10,229";"9,401";"9,695";"29,326";"4,264";"2,167";"2,097";
"29/12/2023 12:30";"6,583";"0,000";"5,605";"0,000";"6,483";"0,000";"18,671";"0,000";"2,252";"0,000";"0,000";"0,001";"8,126";"7,148";"8,026";"23,300";"4,629";"2,339";"2,290";
"29/12/2023 12:40";"5,486";"0,000";"4,611";"0,000";"5,610";"0,000";"15,707";"0,000";"1,247";"0,000";"0,000";"0,436";"6,818";"5,943";"6,941";"19,702";"3,995";"2,017";"1,978";
"29/12/2023 12:50";"5,561";"0,000";"4,612";"0,000";"5,582";"0,000";"15,755";"0,000";"0,898";"0,000";"0,000";"0,485";"7,001";"6,052";"7,021";"20,074";"4,319";"2,177";"2,142";
"29/12/2023 13:00";"5,090";"0,000";"4,241";"0,000";"5,183";"0,000";"14,514";"0,000";"0,957";"0,000";"0,000";"0,524";"6,426";"5,578";"6,519";"18,524";"4,010";"2,023";"1,987";
"29/12/2023 13:10";"4,569";"0,000";"3,677";"0,000";"4,671";"0,000";"12,917";"0,000";"1,059";"0,000";"0,000";"0,606";"6,045";"5,153";"6,147";"17,345";"4,428";"2,237";"2,191";
"29/12/2023 13:20";"4,350";"0,000";"3,509";"0,000";"4,416";"0,000";"12,275";"0,000";"0,965";"0,000";"0,000";"0,493";"5,997";"5,157";"6,063";"17,217";"4,942";"2,495";"2,447";
"29/12/2023 13:30";"4,050";"0,000";"3,366";"0,000";"4,382";"0,000";"11,797";"0,000";"0,679";"0,000";"0,000";"0,766";"5,791";"5,107";"6,124";"17,022";"5,225";"2,636";"2,589";
"29/12/2023 13:40";"4,602";"0,000";"4,100";"0,000";"5,070";"0,000";"13,771";"0,000";"1,005";"0,000";"0,000";"0,264";"6,175";"5,673";"6,643";"18,491";"4,720";"2,382";"2,338";
"29/12/2023 13:50";"4,412";"0,000";"3,830";"0,000";"4,790";"0,000";"13,033";"0,000";"0,905";"0,000";"0,000";"0,275";"6,161";"5,579";"6,539";"18,279";"5,246";"2,653";"2,593";
"29/12/2023 14:00";"4,206";"0,000";"3,761";"0,000";"4,716";"0,000";"12,683";"0,000";"1,030";"0,000";"0,000";"0,203";"5,805";"5,360";"6,315";"17,480";"4,797";"2,431";"2,366";
"29/12/2023 14:10";"4,166";"0,000";"3,731";"0,000";"4,563";"0,000";"12,460";"0,000";"0,952";"0,000";"0,000";"0,234";"5,570";"5,135";"5,966";"16,671";"4,211";"2,137";"2,074";
"29/12/2023 14:20";"4,289";"0,000";"3,836";"0,000";"4,610";"0,000";"12,735";"0,000";"0,765";"0,000";"0,000";"0,283";"5,788";"5,336";"6,110";"17,234";"4,499";"2,287";"2,212";
"29/12/2023 14:30";"4,241";"0,000";"3,687";"0,000";"4,438";"0,000";"12,366";"0,000";"0,823";"0,000";"0,000";"0,218";"5,792";"5,237";"5,989";"17,018";"4,652";"2,363";"2,289";
"29/12/2023 14:40";"5,179";"0,000";"4,723";"0,000";"5,503";"0,000";"15,405";"0,000";"1,098";"0,000";"0,000";"0,257";"6,778";"6,321";"7,102";"20,200";"4,795";"2,437";"2,358";
"29/12/2023 14:50";"5,019";"0,000";"4,566";"0,000";"5,364";"0,000";"14,950";"0,000";"1,057";"0,000";"0,000";"0,323";"6,526";"6,073";"6,871";"19,470";"4,520";"2,297";"2,223";
"29/12/2023 15:00";"4,375";"0,000";"3,729";"0,000";"4,249";"0,000";"12,353";"0,000";"1,234";"0,000";"0,000";"0,226";"5,640";"4,994";"5,515";"16,149";"3,796";"1,929";"1,867";
"29/12/2023 15:10";"4,388";"0,000";"3,858";"0,000";"4,388";"0,000";"12,633";"0,000";"1,715";"0,000";"0,000";"0,231";"5,877";"5,347";"5,877";"17,101";"4,468";"2,269";"2,199";
"29/12/2023 15:20";"4,552";"0,000";"3,959";"0,000";"4,446";"0,000";"12,957";"0,000";"1,461";"0,000";"0,000";"0,400";"5,942";"5,349";"5,836";"17,127";"4,170";"2,105";"2,065";
"29/12/2023 15:30";"4,478";"0,000";"3,947";"0,000";"4,468";"0,000";"12,893";"0,000";"1,711";"0,000";"0,000";"0,322";"5,725";"5,194";"5,715";"16,634";"3,741";"1,885";"1,856";
"29/12/2023 15:40";"4,255";"0,000";"3,710";"0,000";"4,287";"0,000";"12,251";"0,000";"1,554";"0,000";"0,000";"0,265";"5,437";"4,891";"5,468";"15,796";"3,545";"1,782";"1,763";
"29/12/2023 15:50";"3,849";"0,000";"2,989";"0,000";"3,507";"0,000";"10,345";"0,000";"0,823";"0,000";"0,000";"0,202";"4,949";"4,089";"4,607";"13,645";"3,300";"1,657";"1,643";
"29/12/2023 16:00";"3,939";"0,000";"3,311";"0,000";"3,525";"0,000";"10,775";"0,000";"0,856";"0,000";"0,000";"0,274";"4,915";"4,287";"4,501";"13,703";"2,928";"1,480";"1,448";
"29/12/2023 16:10";"3,628";"0,000";"3,007";"0,000";"3,457";"0,000";"10,092";"0,000";"0,893";"0,000";"0,000";"0,228";"4,656";"4,036";"4,486";"13,178";"3,086";"1,578";"1,508";
"29/12/2023 16:20";"3,422";"0,000";"2,904";"0,000";"3,497";"0,000";"9,823";"0,000";"0,680";"0,000";"0,000";"0,317";"4,329";"3,812";"4,405";"12,546";"2,723";"1,433";"1,290";
"29/12/2023 16:30";"3,475";"0,000";"2,908";"0,000";"3,459";"0,000";"9,842";"0,000";"0,759";"0,000";"0,000";"0,320";"4,184";"3,617";"4,168";"11,969";"2,127";"1,172";"0,955";
"29/12/2023 16:40";"3,917";"0,000";"3,191";"0,000";"3,613";"0,000";"10,722";"0,000";"1,005";"0,000";"0,000";"0,245";"4,424";"3,698";"4,119";"12,241";"1,519";"0,905";"0,614";
"29/12/2023 16:50";"4,375";"0,000";"3,811";"0,000";"4,227";"0,000";"12,413";"0,000";"1,845";"0,000";"0,000";"0,226";"4,758";"4,194";"4,610";"13,562";"1,149";"0,691";"0,458";
"29/12/2023 17:00";"4,354";"0,000";"3,761";"0,000";"4,186";"0,000";"12,301";"0,000";"1,631";"0,000";"0,000";"0,350";"4,665";"4,072";"4,497";"13,233";"0,932";"0,534";"0,398";
"29/12/2023 17:10";"3,128";"0,000";"2,634";"0,000";"3,008";"0,000";"8,770";"0,000";"1,200";"0,000";"0,000";"0,247";"3,363";"2,869";"3,243";"9,475";"0,705";"0,408";"0,297";
"29/12/2023 17:20";"0,683";"0,000";"0,221";"0,000";"0,484";"0,000";"1,388";"0,000";"0,071";"0,000";"0,000";"0,000";"0,816";"0,355";"0,618";"1,788";"0,400";"0,247";"0,153";
"29/12/2023 17:30";"1,097";"0,000";"0,414";"0,000";"0,457";"0,000";"1,968";"0,000";"0,074";"0,000";"0,000";"0,000";"1,183";"0,500";"0,543";"2,226";"0,258";"0,152";"0,106";
"29/12/2023 17:40";"1,302";"0,000";"0,737";"0,000";"0,533";"0,000";"2,573";"0,000";"0,031";"0,000";"0,000";"0,030";"1,347";"0,782";"0,578";"2,708";"0,135";"0,075";"0,060";
"29/12/2023 17:50";"1,288";"0,000";"0,756";"0,000";"0,624";"0,000";"2,668";"0,000";"0,047";"0,000";"0,000";"0,000";"1,307";"0,774";"0,643";"2,724";"0,056";"0,030";"0,026";
"29/12/2023 18:00";"1,331";"0,000";"0,764";"0,000";"0,623";"0,000";"2,718";"0,000";"0,040";"0,000";"0,000";"0,031";"1,336";"0,769";"0,628";"2,733";"0,015";"0,008";"0,007";
"29/12/2023 18:10";"1,388";"0,000";"0,822";"0,000";"0,531";"0,000";"2,740";"0,000";"0,006";"0,000";"0,000";"0,169";"1,388";"0,822";"0,531";"2,740";"0,000";"0,000";"0,000";
"29/12/2023 18:20";"1,133";"0,000";"0,719";"0,000";"0,378";"0,000";"2,230";"0,000";"0,000";"0,000";"0,000";"0,177";"1,133";"0,719";"0,378";"2,230";"0,000";"0,000";"0,000";
"29/12/2023 18:30";"1,094";"0,000";"0,779";"0,000";"0,432";"0,000";"2,304";"0,000";"0,000";"0,000";"0,000";"0,115";"1,094";"0,779";"0,432";"2,304";"0,000";"0,000";"0,000";
"29/12/2023 18:40";"1,190";"0,000";"0,875";"0,000";"0,601";"0,000";"2,666";"0,000";"0,000";"0,000";"0,000";"0,191";"1,190";"0,875";"0,601";"2,666";"0,000";"0,000";"0,000";
"29/12/2023 18:50";"1,197";"0,000";"0,867";"0,000";"0,668";"0,000";"2,732";"0,000";"0,000";"0,000";"0,000";"0,226";"1,197";"0,867";"0,668";"2,732";"0,000";"0,000";"0,000";
"29/12/2023 19:00";"1,161";"0,000";"0,891";"0,000";"0,655";"0,000";"2,708";"0,000";"0,000";"0,000";"0,000";"0,177";"1,161";"0,891";"0,655";"2,708";"0,000";"0,000";"0,000";
"29/12/2023 19:10";"1,188";"0,000";"0,879";"0,000";"0,653";"0,000";"2,720";"0,000";"0,000";"0,000";"0,000";"0,191";"1,188";"0,879";"0,653";"2,720";"0,000";"0,000";"0,000";
"29/12/2023 19:20";"1,189";"0,000";"0,871";"0,000";"0,663";"0,000";"2,723";"0,000";"0,000";"0,000";"0,000";"0,228";"1,189";"0,871";"0,663";"2,723";"0,000";"0,000";"0,000";
"29/12/2023 19:30";"1,147";"0,000";"0,878";"0,000";"0,670";"0,000";"2,696";"0,000";"0,000";"0,000";"0,000";"0,179";"1,147";"0,878";"0,670";"2,696";"0,000";"0,000";"0,000";
"29/12/2023 19:40";"0,932";"0,000";"0,858";"0,000";"0,594";"0,000";"2,384";"0,000";"0,000";"0,000";"0,000";"0,209";"0,932";"0,858";"0,594";"2,384";"0,000";"0,000";"0,000";
"29/12/2023 19:50";"0,934";"0,000";"0,852";"0,000";"0,494";"0,000";"2,280";"0,000";"0,000";"0,000";"0,000";"0,234";"0,934";"0,852";"0,494";"2,280";"0,000";"0,000";"0,000";
"29/12/2023 20:00";"1,031";"0,000";"0,878";"0,000";"0,492";"0,000";"2,401";"0,000";"0,000";"0,000";"0,000";"0,178";"1,031";"0,878";"0,492";"2,401";"0,000";"0,000";"0,000";
"29/12/2023 20:10";"1,181";"0,000";"0,876";"0,000";"0,504";"0,000";"2,561";"0,000";"0,000";"0,000";"0,000";"0,189";"1,181";"0,876";"0,504";"2,561";"0,000";"0,000";"0,000";
"29/12/2023 20:20";"0,981";"0,000";"0,873";"0,000";"0,507";"0,000";"2,360";"0,000";"0,000";"0,000";"0,000";"0,186";"0,981";"0,873";"0,507";"2,360";"0,000";"0,000";"0,000";
"29/12/2023 20:30";"0,936";"0,000";"0,840";"0,000";"0,525";"0,000";"2,301";"0,000";"0,000";"0,000";"0,000";"0,258";"0,936";"0,840";"0,525";"2,301";"0,000";"0,000";"0,000";
"29/12/2023 20:40";"0,936";"0,000";"0,880";"0,000";"0,637";"0,000";"2,453";"0,000";"0,000";"0,000";"0,000";"0,183";"0,936";"0,880";"0,637";"2,453";"0,000";"0,000";"0,000";
"29/12/2023 20:50";"0,952";"0,000";"0,871";"0,000";"0,636";"0,000";"2,459";"0,000";"0,000";"0,000";"0,000";"0,190";"0,952";"0,871";"0,636";"2,459";"0,000";"0,000";"0,000";
"29/12/2023 21:00";"1,173";"0,000";"0,872";"0,000";"0,636";"0,000";"2,681";"0,000";"0,000";"0,000";"0,000";"0,191";"1,173";"0,872";"0,636";"2,681";"0,000";"0,000";"0,000";
"29/12/2023 21:10";"1,018";"0,000";"0,872";"0,000";"0,633";"0,000";"2,523";"0,000";"0,000";"0,000";"0,000";"0,210";"1,018";"0,872";"0,633";"2,523";"0,000";"0,000";"0,000";
"29/12/2023 21:20";"0,944";"0,000";"0,871";"0,000";"0,632";"0,000";"2,448";"0,000";"0,000";"0,000";"0,000";"0,191";"0,944";"0,871";"0,632";"2,448";"0,000";"0,000";"0,000";
"29/12/2023 21:30";"0,948";"0,000";"0,861";"0,000";"0,631";"0,000";"2,440";"0,000";"0,000";"0,000";"0,000";"0,221";"0,948";"0,861";"0,631";"2,440";"0,000";"0,000";"0,000";
"29/12/2023 21:40";"0,930";"0,000";"0,866";"0,000";"0,629";"0,000";"2,426";"0,000";"0,000";"0,000";"0,000";"0,224";"0,930";"0,866";"0,629";"2,426";"0,000";"0,000";"0,000";
"29/12/2023 21:50";"0,928";"0,000";"0,888";"0,000";"0,627";"0,000";"2,443";"0,000";"0,000";"0,000";"0,000";"0,184";"0,928";"0,888";"0,627";"2,443";"0,000";"0,000";"0,000";
"29/12/2023 22:00";"1,029";"0,000";"0,798";"0,000";"0,644";"0,000";"2,471";"0,000";"0,000";"0,000";"0,000";"0,192";"1,029";"0,798";"0,644";"2,471";"0,000";"0,000";"0,000";
"29/12/2023 22:10";"0,698";"0,000";"0,461";"0,000";"0,735";"0,000";"1,894";"0,000";"0,000";"0,000";"0,000";"0,146";"0,698";"0,461";"0,735";"1,894";"0,000";"0,000";"0,000";
"29/12/2023 22:20";"0,530";"0,000";"0,476";"0,000";"0,734";"0,000";"1,740";"0,000";"0,002";"0,000";"0,000";"0,080";"0,530";"0,476";"0,734";"1,740";"0,000";"0,000";"0,000";
"29/12/2023 22:30";"0,500";"0,000";"0,455";"0,000";"0,692";"0,000";"1,647";"0,000";"0,000";"0,000";"0,000";"0,189";"0,500";"0,455";"0,692";"1,647";"0,000";"0,000";"0,000";
"29/12/2023 22:40";"0,428";"0,000";"0,401";"0,000";"0,661";"0,000";"1,490";"0,000";"0,001";"0,000";"0,000";"0,178";"0,428";"0,401";"0,661";"1,490";"0,000";"0,000";"0,000";
"29/12/2023 22:50";"0,458";"0,000";"0,377";"0,000";"0,662";"0,000";"1,497";"0,000";"0,000";"0,000";"0,000";"0,247";"0,458";"0,377";"0,662";"1,497";"0,000";"0,000";"0,000";
"29/12/2023 23:00";"0,497";"0,000";"0,436";"0,000";"0,688";"0,000";"1,621";"0,000";"0,000";"0,000";"0,000";"0,155";"0,497";"0,436";"0,688";"1,621";"0,000";"0,000";"0,000";
"29/12/2023 23:10";"0,505";"0,000";"0,459";"0,000";"0,710";"0,000";"1,674";"0,000";"0,000";"0,000";"0,000";"0,142";"0,505";"0,459";"0,710";"1,674";"0,000";"0,000";"0,000";
"29/12/2023 23:20";"0,852";"0,000";"0,545";"0,000";"0,779";"0,000";"2,176";"0,000";"0,001";"0,000";"0,000";"0,162";"0,852";"0,545";"0,779";"2,176";"0,000";"0,000";"0,000";
"29/12/2023 23:30";"1,224";"0,000";"0,956";"0,000";"0,832";"0,000";"3,013";"0,000";"0,000";"0,000";"0,000";"0,352";"1,224";"0,956";"0,832";"3,013";"0,000";"0,000";"0,000";
"29/12/2023 23:40";"1,200";"0,000";"1,166";"0,000";"0,873";"0,000";"3,239";"0,000";"0,000";"0,000";"0,000";"0,245";"1,200";"1,166";"0,873";"3,239";"0,000";"0,000";"0,000";
"29/12/2023 23:50";"1,021";"0,000";"0,817";"0,000";"0,728";"0,000";"2,567";"0,000";"0,000";"0,000";"0,000";"0,209";"1,021";"0,817";"0,728";"2,567";"0,000";"0,000";"0,000";
"30/12/2023 00:00";"1,056";"0,000";"0,863";"0,000";"0,853";"0,000";"2,772";"0,000";"0,000";"0,000";"0,000";"0,123";"1,056";"0,863";"0,853";"2,772";"0,000";"0,000";"0,000";
"30/12/2023 00:10";"0,707";"0,000";"0,587";"0,000";"0,789";"0,000";"2,083";"0,000";"0,000";"0,000";"0,000";"0,210";"0,707";"0,587";"0,789";"2,083";"0,000";"0,000";"0,000";
"30/12/2023 00:20";"0,562";"0,000";"0,512";"0,000";"0,823";"0,000";"1,897";"0,000";"0,008";"0,000";"0,000";"0,150";"0,562";"0,512";"0,823";"1,897";"0,000";"0,000";"0,000";
"30/12/2023 00:30";"0,630";"0,000";"0,535";"0,000";"0,836";"0,000";"2,001";"0,000";"0,000";"0,000";"0,000";"0,262";"0,630";"0,535";"0,836";"2,001";"0,000";"0,000";"0,000";
"30/12/2023 00:40";"1,177";"0,000";"0,886";"0,000";"0,841";"0,000";"2,904";"0,000";"0,000";"0,000";"0,000";"0,305";"1,177";"0,886";"0,841";"2,904";"0,000";"0,000";"0,000";
"30/12/2023 00:50";"1,330";"0,000";"1,008";"0,000";"0,820";"0,000";"3,157";"0,000";"0,001";"0,000";"0,000";"0,247";"1,330";"1,008";"0,820";"3,157";"0,000";"0,000";"0,000";
"30/12/2023 01:00";"0,857";"0,000";"0,698";"0,000";"0,798";"0,000";"2,352";"0,000";"0,000";"0,000";"0,000";"0,197";"0,857";"0,698";"0,798";"2,352";"0,000";"0,000";"0,000";
"30/12/2023 01:10";"0,629";"0,000";"0,512";"0,000";"0,837";"0,000";"1,979";"0,000";"0,006";"0,000";"0,000";"0,154";"0,629";"0,512";"0,837";"1,979";"0,000";"0,000";"0,000";
"30/12/2023 01:20";"0,655";"0,000";"0,514";"0,000";"0,840";"0,000";"2,009";"0,000";"0,000";"0,000";"0,000";"0,231";"0,655";"0,514";"0,840";"2,009";"0,000";"0,000";"0,000";
"30/12/2023 01:30";"1,172";"0,000";"0,827";"0,000";"0,858";"0,000";"2,857";"0,000";"0,000";"0,000";"0,000";"0,292";"1,172";"0,827";"0,858";"2,857";"0,000";"0,000";"0,000";
"30/12/2023 01:40";"1,194";"0,000";"1,050";"0,000";"0,844";"0,000";"3,087";"0,000";"0,000";"0,000";"0,000";"0,244";"1,194";"1,050";"0,844";"3,087";"0,000";"0,000";"0,000";
"30/12/2023 01:50";"1,066";"0,000";"0,738";"0,000";"0,765";"0,000";"2,569";"0,000";"0,000";"0,000";"0,000";"0,180";"1,066";"0,738";"0,765";"2,569";"0,000";"0,000";"0,000";
"30/12/2023 02:00";"0,659";"0,000";"0,524";"0,000";"0,837";"0,000";"2,021";"0,000";"0,012";"0,000";"0,000";"0,163";"0,659";"0,524";"0,837";"2,021";"0,000";"0,000";"0,000";
"30/12/2023 02:10";"0,647";"0,000";"0,497";"0,000";"0,859";"0,000";"2,003";"0,000";"0,000";"0,000";"0,000";"0,317";"0,647";"0,497";"0,859";"2,003";"0,000";"0,000";"0,000";
"30/12/2023 02:20";"1,167";"0,000";"0,789";"0,000";"0,846";"0,000";"2,802";"0,000";"0,000";"0,000";"0,000";"0,277";"1,167";"0,789";"0,846";"2,802";"0,000";"0,000";"0,000";
"30/12/2023 02:30";"1,208";"0,000";"0,776";"0,000";"0,741";"0,000";"2,725";"0,000";"0,000";"0,000";"0,000";"0,205";"1,208";"0,776";"0,741";"2,725";"0,000";"0,000";"0,000";
"30/12/2023 02:40";"1,048";"0,000";"1,017";"0,000";"0,818";"0,000";"2,883";"0,000";"0,000";"0,000";"0,000";"0,071";"1,048";"1,017";"0,818";"2,883";"0,000";"0,000";"0,000";
"30/12/2023 02:50";"1,053";"0,000";"0,995";"0,000";"0,834";"0,000";"2,881";"0,000";"0,000";"0,000";"0,000";"0,344";"1,053";"0,995";"0,834";"2,881";"0,000";"0,000";"0,000";
"30/12/2023 03:00";"0,907";"0,000";"0,534";"0,000";"0,736";"0,000";"2,177";"0,000";"0,000";"0,000";"0,000";"0,194";"0,907";"0,534";"0,736";"2,177";"0,000";"0,000";"0,000";
"30/12/2023 03:10";"0,569";"0,000";"0,518";"0,000";"0,847";"0,000";"1,934";"0,000";"0,000";"0,000";"0,000";"0,190";"0,569";"0,518";"0,847";"1,934";"0,000";"0,000";"0,000";
"30/12/2023 03:20";"0,622";"0,000";"0,536";"0,000";"0,849";"0,000";"2,007";"0,000";"0,000";"0,000";"0,000";"0,272";"0,622";"0,536";"0,849";"2,007";"0,000";"0,000";"0,000";
"30/12/2023 03:30";"1,090";"0,000";"0,879";"0,000";"0,848";"0,000";"2,817";"0,000";"0,000";"0,000";"0,000";"0,311";"1,090";"0,879";"0,848";"2,817";"0,000";"0,000";"0,000";
"30/12/2023 03:40";"1,040";"0,000";"0,972";"0,000";"0,791";"0,000";"2,802";"0,000";"0,000";"0,000";"0,000";"0,302";"1,040";"0,972";"0,791";"2,802";"0,000";"0,000";"0,000";
"30/12/2023 03:50";"1,006";"0,000";"0,973";"0,000";"0,773";"0,000";"2,752";"0,000";"0,000";"0,000";"0,000";"0,212";"1,006";"0,973";"0,773";"2,752";"0,000";"0,000";"0,000";
"30/12/2023 04:00";"1,048";"0,000";"0,998";"0,000";"0,813";"0,000";"2,859";"0,000";"0,000";"0,000";"0,000";"0,175";"1,048";"0,998";"0,813";"2,859";"0,000";"0,000";"0,000";
"30/12/2023 04:10";"1,145";"0,000";"1,007";"0,000";"0,820";"0,000";"2,972";"0,000";"0,000";"0,000";"0,000";"0,223";"1,145";"1,007";"0,820";"2,972";"0,000";"0,000";"0,000";
"30/12/2023 04:20";"1,300";"0,000";"1,022";"0,000";"0,806";"0,000";"3,128";"0,000";"0,000";"0,000";"0,000";"0,215";"1,300";"1,022";"0,806";"3,128";"0,000";"0,000";"0,000";
"30/12/2023 04:30";"1,067";"0,000";"0,761";"0,000";"0,812";"0,000";"2,640";"0,000";"0,000";"0,000";"0,000";"0,318";"1,067";"0,761";"0,812";"2,640";"0,000";"0,000";"0,000";
"30/12/2023 04:40";"1,004";"0,000";"0,952";"0,000";"0,762";"0,000";"2,718";"0,000";"0,000";"0,000";"0,000";"0,179";"1,004";"0,952";"0,762";"2,718";"0,000";"0,000";"0,000";
"30/12/2023 04:50";"1,034";"0,000";"0,997";"0,000";"0,805";"0,000";"2,837";"0,000";"0,000";"0,000";"0,000";"0,209";"1,034";"0,997";"0,805";"2,837";"0,000";"0,000";"0,000";
"30/12/2023 05:00";"1,047";"0,000";"1,030";"0,000";"0,824";"0,000";"2,901";"0,000";"0,000";"0,000";"0,000";"0,231";"1,047";"1,030";"0,824";"2,901";"0,000";"0,000";"0,000";
"30/12/2023 05:10";"1,065";"0,000";"0,991";"0,000";"0,827";"0,000";"2,884";"0,000";"0,000";"0,000";"0,000";"0,331";"1,065";"0,991";"0,827";"2,884";"0,000";"0,000";"0,000";
"30/12/2023 05:20";"1,038";"0,000";"0,763";"0,000";"0,801";"0,000";"2,603";"0,000";"0,000";"0,000";"0,000";"0,256";"1,038";"0,763";"0,801";"2,603";"0,000";"0,000";"0,000";
"30/12/2023 05:30";"1,066";"0,000";"1,030";"0,000";"0,830";"0,000";"2,927";"0,000";"0,000";"0,000";"0,000";"0,230";"1,066";"1,030";"0,830";"2,927";"0,000";"0,000";"0,000";
"30/12/2023 05:40";"1,060";"0,000";"1,005";"0,000";"0,829";"0,000";"2,894";"0,000";"0,000";"0,000";"0,000";"0,274";"1,060";"1,005";"0,829";"2,894";"0,000";"0,000";"0,000";
"30/12/2023 05:50";"0,876";"0,000";"0,527";"0,000";"0,708";"0,000";"2,111";"0,000";"0,000";"0,000";"0,000";"0,172";"0,876";"0,527";"0,708";"2,111";"0,000";"0,000";"0,000";
"30/12/2023 06:00";"0,552";"0,000";"0,507";"0,000";"0,842";"0,000";"1,901";"0,000";"0,001";"0,000";"0,000";"0,299";"0,552";"0,507";"0,842";"1,901";"0,000";"0,000";"0,000";
"30/12/2023 06:10";"0,616";"0,000";"0,534";"0,000";"0,847";"0,000";"1,996";"0,000";"0,000";"0,000";"0,000";"0,241";"0,616";"0,534";"0,847";"1,996";"0,000";"0,000";"0,000";
"30/12/2023 06:20";"1,235";"0,000";"0,680";"0,000";"0,805";"0,000";"2,720";"0,000";"0,000";"0,000";"0,000";"0,249";"1,235";"0,680";"0,805";"2,720";"0,000";"0,000";"0,000";
"30/12/2023 06:30";"1,240";"0,000";"0,985";"0,000";"0,829";"0,000";"3,054";"0,000";"0,000";"0,000";"0,000";"0,127";"1,240";"0,985";"0,829";"3,054";"0,000";"0,000";"0,000";
"30/12/2023 06:40";"0,847";"0,000";"0,688";"0,000";"0,792";"0,000";"2,326";"0,000";"0,000";"0,000";"0,000";"0,201";"0,847";"0,688";"0,792";"2,326";"0,000";"0,000";"0,000";
"30/12/2023 06:50";"0,548";"0,000";"0,518";"0,000";"0,838";"0,000";"1,904";"0,000";"0,000";"0,000";"0,000";"0,252";"0,548";"0,518";"0,838";"1,904";"0,000";"0,000";"0,000";
"30/12/2023 07:00";"0,558";"0,000";"0,502";"0,000";"0,804";"0,000";"1,864";"0,000";"0,000";"0,000";"0,000";"0,210";"0,558";"0,502";"0,804";"1,864";"0,000";"0,000";"0,000";
"30/12/2023 07:10";"0,549";"0,000";"0,509";"0,000";"0,823";"0,000";"1,881";"0,000";"0,000";"0,000";"0,000";"0,233";"0,549";"0,509";"0,823";"1,881";"0,000";"0,000";"0,000";
"30/12/2023 07:20";"0,733";"0,000";"0,504";"0,000";"0,840";"0,000";"2,078";"0,000";"0,000";"0,000";"0,000";"0,201";"0,733";"0,504";"0,840";"2,078";"0,000";"0,000";"0,000";
"30/12/2023 07:30";"1,024";"0,000";"0,806";"0,000";"0,680";"0,000";"2,510";"0,000";"0,000";"0,000";"0,000";"0,243";"1,024";"0,806";"0,680";"2,510";"0,000";"0,000";"0,000";
"30/12/2023 07:40";"1,068";"0,000";"0,921";"0,000";"0,657";"0,000";"2,645";"0,000";"0,000";"0,000";"0,000";"0,265";"1,068";"0,921";"0,657";"2,645";"0,000";"0,000";"0,000";
"30/12/2023 07:50";"0,735";"0,000";"0,614";"0,000";"0,665";"0,000";"2,014";"0,000";"0,000";"0,000";"0,000";"0,214";"0,735";"0,614";"0,665";"2,014";"0,000";"0,000";"0,000";
"30/12/2023 08:00";"0,550";"0,000";"0,532";"0,000";"0,794";"0,000";"1,875";"0,000";"0,005";"0,000";"0,000";"0,179";"0,550";"0,532";"0,794";"1,875";"0,000";"0,000";"0,000";
"30/12/2023 08:10";"0,697";"0,000";"0,520";"0,000";"0,872";"0,000";"2,089";"0,000";"0,000";"0,000";"0,000";"0,349";"0,697";"0,520";"0,872";"2,089";"0,000";"0,000";"0,000";
"30/12/2023 08:20";"1,030";"0,000";"0,796";"0,000";"0,773";"0,000";"2,598";"0,000";"0,000";"0,000";"0,000";"0,240";"1,030";"0,796";"0,773";"2,598";"0,000";"0,000";"0,000";
"30/12/2023 08:30";"0,552";"0,000";"0,502";"0,000";"0,783";"0,000";"1,837";"0,000";"0,004";"0,000";"0,000";"0,126";"0,552";"0,502";"0,783";"1,837";"0,000";"0,000";"0,000";
"30/12/2023 08:40";"0,823";"0,000";"0,524";"0,000";"0,815";"0,000";"2,162";"0,000";"0,000";"0,000";"0,000";"0,267";"0,823";"0,524";"0,815";"2,162";"0,000";"0,000";"0,000";
"30/12/2023 08:50";"0,960";"0,000";"0,593";"0,000";"0,714";"0,000";"2,267";"0,000";"0,000";"0,000";"0,000";"0,223";"0,960";"0,593";"0,714";"2,267";"0,000";"0,000";"0,000";
"30/12/2023 09:00";"0,640";"0,000";"0,430";"0,000";"0,636";"0,000";"1,707";"0,000";"0,000";"0,000";"0,000";"0,165";"0,647";"0,437";"0,643";"1,727";"0,020";"0,011";"0,009";
"30/12/2023 09:10";"0,421";"0,000";"0,334";"0,000";"0,659";"0,000";"1,413";"0,000";"0,009";"0,000";"0,000";"0,086";"0,443";"0,356";"0,681";"1,480";"0,067";"0,036";"0,031";
"30/12/2023 09:20";"0,612";"0,000";"0,394";"0,000";"0,674";"0,000";"1,680";"0,000";"0,000";"0,000";"0,000";"0,166";"0,648";"0,429";"0,710";"1,786";"0,106";"0,058";"0,048";
"30/12/2023 09:30";"0,893";"0,000";"0,780";"0,000";"0,617";"0,000";"2,289";"0,000";"0,000";"0,000";"0,000";"0,151";"0,969";"0,856";"0,693";"2,517";"0,228";"0,139";"0,089";
"30/12/2023 09:40";"0,924";"0,000";"0,745";"0,000";"0,651";"0,000";"2,320";"0,000";"0,022";"0,000";"0,000";"0,064";"1,071";"0,892";"0,798";"2,761";"0,441";"0,290";"0,151";
"30/12/2023 09:50";"0,894";"0,000";"0,819";"0,000";"0,635";"0,000";"2,348";"0,000";"0,027";"0,000";"0,000";"0,096";"1,103";"1,028";"0,844";"2,976";"0,628";"0,425";"0,203";
"30/12/2023 10:00";"0,854";"0,000";"0,741";"0,000";"0,598";"0,000";"2,193";"0,000";"0,001";"0,000";"0,000";"0,179";"1,178";"1,065";"0,922";"3,165";"0,972";"0,660";"0,312";
"30/12/2023 10:10";"0,622";"0,000";"0,264";"0,000";"0,589";"0,000";"1,474";"0,000";"0,006";"0,000";"0,000";"0,095";"1,051";"0,693";"1,018";"2,761";"1,287";"0,879";"0,408";
"30/12/2023 10:20";"0,409";"0,000";"0,334";"0,000";"0,657";"0,000";"1,401";"0,000";"0,026";"0,000";"0,000";"0,066";"0,874";"0,799";"1,122";"2,794";"1,393";"0,939";"0,454";
"30/12/2023 10:30";"0,711";"0,000";"0,427";"0,000";"0,704";"0,000";"1,842";"0,000";"0,000";"0,000";"0,000";"0,178";"1,283";"1,000";"1,276";"3,559";"1,717";"1,061";"0,656";
"30/12/2023 10:40";"0,922";"0,000";"0,613";"0,000";"0,665";"0,000";"2,200";"0,000";"0,000";"0,000";"0,000";"0,172";"1,643";"1,335";"1,387";"4,365";"2,165";"1,227";"0,938";
"30/12/2023 10:50";"0,921";"0,000";"0,601";"0,000";"0,648";"0,000";"2,170";"0,000";"0,004";"0,000";"0,000";"0,169";"1,768";"1,448";"1,496";"4,712";"2,542";"1,420";"1,122";
"30/12/2023 11:00";"0,895";"0,000";"0,828";"0,000";"0,628";"0,000";"2,351";"0,000";"0,000";"0,000";"0,000";"0,164";"1,837";"1,770";"1,570";"5,177";"2,826";"1,574";"1,252";
"30/12/2023 11:10";"0,817";"0,000";"0,670";"0,000";"0,512";"0,000";"1,998";"0,000";"0,000";"0,000";"0,000";"0,135";"1,768";"1,621";"1,463";"4,852";"2,854";"1,584";"1,270";
"30/12/2023 11:20";"1,150";"0,000";"0,824";"0,000";"0,641";"0,000";"2,615";"0,000";"0,001";"0,000";"0,000";"0,180";"1,941";"1,615";"1,432";"4,988";"2,373";"1,324";"1,049";
"30/12/2023 11:30";"0,777";"0,000";"0,593";"0,000";"0,590";"0,000";"1,959";"0,000";"0,013";"0,000";"0,000";"0,105";"1,839";"1,655";"1,652";"5,145";"3,186";"1,773";"1,413";
"30/12/2023 11:40";"0,395";"0,000";"0,373";"0,000";"0,600";"0,000";"1,368";"0,000";"0,014";"0,000";"0,000";"0,087";"1,647";"1,624";"1,851";"5,122";"3,754";"2,086";"1,668";
"30/12/2023 11:50";"0,310";"0,000";"0,232";"0,000";"0,532";"0,000";"1,074";"0,000";"0,000";"0,000";"0,000";"0,112";"1,516";"1,438";"1,739";"4,693";"3,619";"2,012";"1,607";
"30/12/2023 12:00";"0,850";"0,000";"0,558";"0,000";"0,603";"0,000";"2,010";"0,000";"0,009";"0,000";"0,000";"0,031";"1,849";"1,557";"1,602";"5,007";"2,997";"1,561";"1,436";
"30/12/2023 12:10";"0,912";"0,000";"0,828";"0,000";"0,615";"0,000";"2,355";"0,000";"0,000";"0,000";"0,000";"0,178";"1,431";"1,348";"1,134";"3,913";"1,558";"0,799";"0,759";
"30/12/2023 12:20";"0,847";"0,000";"0,579";"0,000";"0,550";"0,000";"1,976";"0,000";"0,000";"0,000";"0,000";"0,138";"1,750";"1,482";"1,453";"4,684";"2,708";"1,381";"1,327";
"30/12/2023 12:30";"0,432";"0,000";"0,312";"0,000";"0,561";"0,000";"1,304";"0,000";"0,008";"0,000";"0,000";"0,058";"1,331";"1,211";"1,460";"4,003";"2,699";"1,373";"1,326";
"30/12/2023 12:40";"0,426";"0,000";"0,345";"0,000";"0,635";"0,000";"1,406";"0,000";"0,008";"0,000";"0,000";"0,156";"1,009";"0,928";"1,219";"3,156";"1,750";"0,890";"0,860";
"30/12/2023 12:50";"0,809";"0,000";"0,498";"0,000";"0,647";"0,000";"1,953";"0,000";"0,000";"0,000";"0,000";"0,222";"1,377";"1,065";"1,214";"3,656";"1,703";"0,866";"0,837";
"30/12/2023 13:00";"0,475";"0,000";"0,332";"0,000";"0,562";"0,000";"1,368";"0,000";"0,023";"0,000";"0,000";"0,073";"0,857";"0,714";"0,944";"2,514";"1,146";"0,585";"0,561";
"30/12/2023 13:10";"0,439";"0,000";"0,341";"0,000";"0,633";"0,000";"1,413";"0,000";"0,027";"0,000";"0,000";"0,076";"0,850";"0,752";"1,044";"2,646";"1,233";"0,628";"0,605";
"30/12/2023 13:20";"0,717";"0,000";"0,381";"0,000";"0,654";"0,000";"1,753";"0,000";"0,000";"0,000";"0,000";"0,128";"1,003";"0,667";"0,940";"2,610";"0,857";"0,437";"0,420";
"30/12/2023 13:30";"0,775";"0,000";"0,471";"0,000";"0,560";"0,000";"1,805";"0,000";"0,036";"0,000";"0,000";"0,048";"1,014";"0,710";"0,799";"2,522";"0,717";"0,367";"0,350";
"30/12/2023 13:40";"0,483";"0,000";"0,308";"0,000";"0,605";"0,000";"1,397";"0,000";"0,031";"0,000";"0,000";"0,029";"0,834";"0,659";"0,956";"2,450";"1,053";"0,537";"0,516";
"30/12/2023 13:50";"0,614";"0,000";"0,407";"0,000";"0,669";"0,000";"1,690";"0,000";"0,000";"0,000";"0,000";"0,121";"1,012";"0,805";"1,067";"2,884";"1,194";"0,610";"0,584";
"30/12/2023 14:00";"1,213";"0,000";"0,461";"0,000";"0,591";"0,000";"2,265";"0,000";"0,000";"0,000";"0,000";"0,112";"1,644";"0,892";"1,022";"3,559";"1,294";"0,660";"0,634";
"30/12/2023 14:10";"0,560";"0,000";"0,312";"0,000";"0,579";"0,000";"1,450";"0,000";"0,050";"0,000";"0,000";"0,029";"1,218";"0,969";"1,236";"3,422";"1,972";"1,001";"0,971";
"30/12/2023 14:20";"0,406";"0,000";"0,332";"0,000";"0,612";"0,000";"1,350";"0,000";"0,019";"0,000";"0,000";"0,075";"1,004";"0,930";"1,210";"3,144";"1,794";"0,912";"0,882";
"30/12/2023 14:30";"0,690";"0,000";"0,403";"0,000";"0,635";"0,000";"1,728";"0,000";"0,000";"0,000";"0,000";"0,249";"1,240";"0,954";"1,186";"3,379";"1,651";"0,839";"0,812";
"30/12/2023 14:40";"0,575";"0,000";"0,388";"0,000";"0,537";"0,000";"1,499";"0,000";"0,018";"0,000";"0,000";"0,044";"1,100";"0,913";"1,062";"3,074";"1,575";"0,806";"0,769";
"30/12/2023 14:50";"0,412";"0,000";"0,349";"0,000";"0,601";"0,000";"1,362";"0,000";"0,054";"0,000";"0,000";"0,017";"0,979";"0,917";"1,169";"3,064";"1,702";"0,867";"0,835";
"30/12/2023 15:00";"0,460";"0,000";"0,352";"0,000";"0,640";"0,000";"1,451";"0,000";"0,000";"0,000";"0,000";"0,176";"0,904";"0,797";"1,084";"2,785";"1,334";"0,680";"0,654";
"30/12/2023 15:10";"0,783";"0,000";"0,399";"0,000";"0,549";"0,000";"1,731";"0,000";"0,002";"0,000";"0,000";"0,125";"1,381";"0,997";"1,147";"3,525";"1,794";"0,912";"0,882";
"30/12/2023 15:20";"0,383";"0,000";"0,321";"0,000";"0,593";"0,000";"1,296";"0,000";"0,030";"0,000";"0,000";"0,026";"0,805";"0,743";"1,015";"2,563";"1,266";"0,644";"0,622";
"30/12/2023 15:30";"0,392";"0,000";"0,334";"0,000";"0,626";"0,000";"1,352";"0,000";"0,050";"0,000";"0,000";"0,008";"0,812";"0,754";"1,046";"2,613";"1,261";"0,641";"0,620";
"30/12/2023 15:40";"0,742";"0,000";"0,400";"0,000";"0,497";"0,000";"1,638";"0,000";"0,000";"0,000";"0,000";"0,168";"1,234";"0,892";"0,989";"3,114";"1,476";"0,750";"0,726";
"30/12/2023 15:50";"0,493";"0,000";"0,315";"0,000";"0,408";"0,000";"1,216";"0,000";"0,021";"0,000";"0,000";"0,029";"0,930";"0,752";"0,844";"2,526";"1,310";"0,666";"0,644";
"30/12/2023 16:00";"0,374";"0,000";"0,324";"0,000";"0,452";"0,000";"1,151";"0,000";"0,037";"0,000";"0,000";"0,013";"0,690";"0,640";"0,768";"2,099";"0,948";"0,483";"0,465";
"30/12/2023 16:10";"0,421";"0,000";"0,378";"0,000";"0,490";"0,000";"1,289";"0,000";"0,004";"0,000";"0,000";"0,143";"0,663";"0,620";"0,732";"2,015";"0,726";"0,370";"0,356";
"30/12/2023 16:20";"0,516";"0,000";"0,282";"0,000";"0,438";"0,000";"1,237";"0,000";"0,004";"0,000";"0,000";"0,109";"0,732";"0,498";"0,654";"1,884";"0,647";"0,330";"0,317";
"30/12/2023 16:30";"0,399";"0,000";"0,314";"0,000";"0,452";"0,000";"1,166";"0,000";"0,015";"0,000";"0,000";"0,039";"0,532";"0,447";"0,585";"1,564";"0,398";"0,205";"0,193";
"30/12/2023 16:40";"0,585";"0,000";"0,311";"0,000";"0,437";"0,000";"1,333";"0,000";"0,015";"0,000";"0,000";"0,069";"0,747";"0,472";"0,598";"1,818";"0,485";"0,249";"0,236";
"30/12/2023 16:50";"0,564";"0,000";"0,321";"0,000";"0,549";"0,000";"1,434";"0,000";"0,039";"0,000";"0,000";"0,043";"0,717";"0,473";"0,702";"1,892";"0,458";"0,235";"0,223";
"30/12/2023 17:00";"0,484";"0,000";"0,281";"0,000";"0,542";"0,000";"1,307";"0,000";"0,014";"0,000";"0,000";"0,029";"0,629";"0,426";"0,687";"1,743";"0,436";"0,223";"0,213";
"30/12/2023 17:10";"0,750";"0,000";"0,558";"0,000";"0,503";"0,000";"1,812";"0,000";"0,031";"0,000";"0,000";"0,063";"0,827";"0,635";"0,580";"2,041";"0,229";"0,119";"0,110";
"30/12/2023 17:20";"0,393";"0,000";"0,326";"0,000";"0,532";"0,000";"1,252";"0,000";"0,043";"0,000";"0,000";"0,002";"0,474";"0,407";"0,613";"1,495";"0,243";"0,126";"0,117";
"30/12/2023 17:30";"0,430";"0,000";"0,296";"0,000";"0,504";"0,000";"1,231";"0,000";"0,003";"0,000";"0,000";"0,085";"0,487";"0,353";"0,560";"1,400";"0,169";"0,088";"0,081";
"30/12/2023 17:40";"0,376";"0,000";"0,301";"0,000";"0,524";"0,000";"1,201";"0,000";"0,017";"0,000";"0,000";"0,015";"0,410";"0,335";"0,559";"1,304";"0,103";"0,054";"0,049";
"30/12/2023 17:50";"0,423";"0,000";"0,326";"0,000";"0,557";"0,000";"1,306";"0,000";"0,003";"0,000";"0,000";"0,088";"0,428";"0,331";"0,562";"1,321";"0,015";"0,008";"0,007";
"30/12/2023 18:00";"0,791";"0,000";"0,516";"0,000";"0,561";"0,000";"1,868";"0,000";"0,000";"0,000";"0,000";"0,185";"0,792";"0,516";"0,561";"1,869";"0,001";"0,001";"0,000";
"30/12/2023 18:10";"0,402";"0,000";"0,349";"0,000";"0,544";"0,000";"1,295";"0,000";"0,025";"0,000";"0,000";"0,019";"0,402";"0,349";"0,544";"1,295";"0,000";"0,000";"0,000";
"30/12/2023 18:20";"0,453";"0,000";"0,387";"0,000";"0,587";"0,000";"1,427";"0,000";"0,012";"0,000";"0,000";"0,158";"0,453";"0,387";"0,587";"1,427";"0,000";"0,000";"0,000";
"30/12/2023 18:30";"0,810";"0,000";"0,545";"0,000";"0,731";"0,000";"2,086";"0,000";"0,000";"0,000";"0,000";"0,299";"0,810";"0,545";"0,731";"2,086";"0,000";"0,000";"0,000";
"30/12/2023 18:40";"0,680";"0,000";"0,553";"0,000";"0,631";"0,000";"1,864";"0,000";"0,001";"0,000";"0,000";"0,121";"0,680";"0,553";"0,631";"1,864";"0,000";"0,000";"0,000";
"30/12/2023 18:50";"0,543";"0,000";"0,534";"0,000";"0,707";"0,000";"1,783";"0,000";"0,012";"0,000";"0,000";"0,035";"0,543";"0,534";"0,707";"1,783";"0,000";"0,000";"0,000";
"30/12/2023 19:00";"0,533";"0,000";"0,510";"0,000";"0,688";"0,000";"1,731";"0,000";"0,000";"0,000";"0,000";"0,183";"0,533";"0,510";"0,688";"1,731";"0,000";"0,000";"0,000";
"30/12/2023 19:10";"0,492";"0,000";"0,442";"0,000";"0,648";"0,000";"1,582";"0,000";"0,000";"0,000";"0,000";"0,218";"0,492";"0,442";"0,648";"1,582";"0,000";"0,000";"0,000";
"30/12/2023 19:20";"0,495";"0,000";"0,412";"0,000";"0,655";"0,000";"1,562";"0,000";"0,000";"0,000";"0,000";"0,156";"0,495";"0,412";"0,655";"1,562";"0,000";"0,000";"0,000";
"30/12/2023 19:30";"0,685";"0,000";"0,494";"0,000";"0,709";"0,000";"1,888";"0,000";"0,005";"0,000";"0,000";"0,055";"0,685";"0,494";"0,709";"1,888";"0,000";"0,000";"0,000";
"30/12/2023 19:40";"1,220";"0,000";"0,721";"0,000";"0,785";"0,000";"2,726";"0,000";"0,000";"0,000";"0,000";"0,248";"1,220";"0,721";"0,785";"2,726";"0,000";"0,000";"0,000";
"30/12/2023 19:50";"1,009";"0,000";"0,742";"0,000";"0,705";"0,000";"2,457";"0,000";"0,004";"0,000";"0,000";"0,110";"1,009";"0,742";"0,705";"2,457";"0,000";"0,000";"0,000";
"30/12/2023 20:00";"0,944";"0,000";"0,843";"0,000";"0,711";"0,000";"2,497";"0,000";"0,004";"0,000";"0,000";"0,082";"0,944";"0,843";"0,711";"2,497";"0,000";"0,000";"0,000";
"30/12/2023 20:10";"0,528";"0,000";"0,473";"0,000";"0,736";"0,000";"1,736";"0,000";"0,000";"0,000";"0,000";"0,118";"0,528";"0,473";"0,736";"1,736";"0,000";"0,000";"0,000";
"30/12/2023 20:20";"0,548";"0,000";"0,461";"0,000";"0,711";"0,000";"1,720";"0,000";"0,000";"0,000";"0,000";"0,161";"0,548";"0,461";"0,711";"1,720";"0,000";"0,000";"0,000";
"30/12/2023 20:30";"0,549";"0,000";"0,502";"0,000";"0,746";"0,000";"1,798";"0,000";"0,000";"0,000";"0,000";"0,138";"0,549";"0,502";"0,746";"1,798";"0,000";"0,000";"0,000";
"30/12/2023 20:40";"0,569";"0,000";"0,516";"0,000";"0,764";"0,000";"1,849";"0,000";"0,000";"0,000";"0,000";"0,257";"0,569";"0,516";"0,764";"1,849";"0,000";"0,000";"0,000";
"30/12/2023 20:50";"0,948";"0,000";"0,660";"0,000";"0,685";"0,000";"2,293";"0,000";"0,000";"0,000";"0,000";"0,243";"0,948";"0,660";"0,685";"2,293";"0,000";"0,000";"0,000";
"30/12/2023 21:00";"0,517";"0,000";"0,471";"0,000";"0,592";"0,000";"1,580";"0,000";"0,002";"0,000";"0,000";"0,118";"0,517";"0,471";"0,592";"1,580";"0,000";"0,000";"0,000";
"30/12/2023 21:10";"0,560";"0,000";"0,532";"0,000";"0,661";"0,000";"1,754";"0,000";"0,000";"0,000";"0,000";"0,236";"0,560";"0,532";"0,661";"1,754";"0,000";"0,000";"0,000";
"30/12/2023 21:20";"0,775";"0,000";"0,545";"0,000";"0,687";"0,000";"2,006";"0,000";"0,000";"0,000";"0,000";"0,270";"0,775";"0,545";"0,687";"2,006";"0,000";"0,000";"0,000";
"30/12/2023 21:30";"0,715";"0,000";"0,580";"0,000";"0,589";"0,000";"1,884";"0,000";"0,000";"0,000";"0,000";"0,120";"0,715";"0,580";"0,589";"1,884";"0,000";"0,000";"0,000";
"30/12/2023 21:40";"0,556";"0,000";"0,490";"0,000";"0,648";"0,000";"1,694";"0,000";"0,000";"0,000";"0,000";"0,280";"0,556";"0,490";"0,648";"1,694";"0,000";"0,000";"0,000";
"30/12/2023 21:50";"0,543";"0,000";"0,511";"0,000";"0,817";"0,000";"1,871";"0,000";"0,000";"0,000";"0,000";"0,243";"0,543";"0,511";"0,817";"1,871";"0,000";"0,000";"0,000";
"30/12/2023 22:00";"0,929";"0,000";"0,619";"0,000";"0,798";"0,000";"2,346";"0,000";"0,000";"0,000";"0,000";"0,225";"0,929";"0,619";"0,798";"2,346";"0,000";"0,000";"0,000";
"30/12/2023 22:10";"0,710";"0,000";"0,529";"0,000";"0,806";"0,000";"2,044";"0,000";"0,000";"0,000";"0,000";"0,258";"0,710";"0,529";"0,806";"2,044";"0,000";"0,000";"0,000";
"30/12/2023 22:20";"0,846";"0,000";"0,559";"0,000";"0,840";"0,000";"2,244";"0,000";"0,000";"0,000";"0,000";"0,257";"0,846";"0,559";"0,840";"2,244";"0,000";"0,000";"0,000";
"30/12/2023 22:30";"0,866";"0,000";"0,589";"0,000";"0,823";"0,000";"2,278";"0,000";"0,000";"0,000";"0,000";"0,258";"0,866";"0,589";"0,823";"2,278";"0,000";"0,000";"0,000";
"30/12/2023 22:40";"0,640";"0,000";"0,512";"0,000";"0,759";"0,000";"1,911";"0,000";"0,000";"0,000";"0,000";"0,249";"0,640";"0,512";"0,759";"1,911";"0,000";"0,000";"0,000";
"30/12/2023 22:50";"0,555";"0,000";"0,481";"0,000";"0,796";"0,000";"1,832";"0,000";"0,000";"0,000";"0,000";"0,165";"0,555";"0,481";"0,796";"1,832";"0,000";"0,000";"0,000";
"30/12/2023 23:00";"0,651";"0,000";"0,552";"0,000";"0,835";"0,000";"2,038";"0,000";"0,002";"0,000";"0,000";"0,107";"0,651";"0,552";"0,835";"2,038";"0,000";"0,000";"0,000";
"30/12/2023 23:10";"0,832";"0,000";"0,579";"0,000";"0,743";"0,000";"2,155";"0,000";"0,001";"0,000";"0,000";"0,221";"0,832";"0,579";"0,743";"2,155";"0,000";"0,000";"0,000";
"30/12/2023 23:20";"0,545";"0,000";"0,518";"0,000";"0,790";"0,000";"1,852";"0,000";"0,000";"0,000";"0,000";"0,247";"0,545";"0,518";"0,790";"1,852";"0,000";"0,000";"0,000";
"30/12/2023 23:30";"0,588";"0,000";"0,530";"0,000";"0,815";"0,000";"1,933";"0,000";"0,000";"0,000";"0,000";"0,255";"0,588";"0,530";"0,815";"1,933";"0,000";"0,000";"0,000";
"30/12/2023 23:40";"0,879";"0,000";"0,570";"0,000";"0,768";"0,000";"2,217";"0,000";"0,000";"0,000";"0,000";"0,308";"0,879";"0,570";"0,768";"2,217";"0,000";"0,000";"0,000";
"30/12/2023 23:50";"0,580";"0,000";"0,511";"0,000";"0,735";"0,000";"1,826";"0,000";"0,000";"0,000";"0,000";"0,237";"0,580";"0,511";"0,735";"1,826";"0,000";"0,000";"0,000";
"31/12/2023 00:00";"0,535";"0,000";"0,500";"0,000";"0,782";"0,000";"1,817";"0,000";"0,005";"0,000";"0,000";"0,164";"0,535";"0,500";"0,782";"1,817";"0,000";"0,000";"0,000";
"31/12/2023 00:10";"0,737";"0,000";"0,549";"0,000";"0,849";"0,000";"2,134";"0,000";"0,000";"0,000";"0,000";"0,281";"0,737";"0,549";"0,849";"2,134";"0,000";"0,000";"0,000";
"31/12/2023 00:20";"0,762";"0,000";"0,591";"0,000";"0,748";"0,000";"2,101";"0,000";"0,000";"0,000";"0,000";"0,205";"0,762";"0,591";"0,748";"2,101";"0,000";"0,000";"0,000";
"31/12/2023 00:30";"0,550";"0,000";"0,499";"0,000";"0,791";"0,000";"1,841";"0,000";"0,000";"0,000";"0,000";"0,227";"0,550";"0,499";"0,791";"1,841";"0,000";"0,000";"0,000";
"31/12/2023 00:40";"0,559";"0,000";"0,510";"0,000";"0,802";"0,000";"1,872";"0,000";"0,000";"0,000";"0,000";"0,197";"0,559";"0,510";"0,802";"1,872";"0,000";"0,000";"0,000";
"31/12/2023 00:50";"0,597";"0,000";"0,482";"0,000";"0,786";"0,000";"1,865";"0,000";"0,000";"0,000";"0,000";"0,297";"0,597";"0,482";"0,786";"1,865";"0,000";"0,000";"0,000";
"31/12/2023 01:00";"0,554";"0,000";"0,531";"0,000";"0,787";"0,000";"1,872";"0,000";"0,001";"0,000";"0,000";"0,227";"0,554";"0,531";"0,787";"1,872";"0,000";"0,000";"0,000";
"31/12/2023 01:10";"0,672";"0,000";"0,498";"0,000";"0,790";"0,000";"1,960";"0,000";"0,000";"0,000";"0,000";"0,230";"0,672";"0,498";"0,790";"1,960";"0,000";"0,000";"0,000";
"31/12/2023 01:20";"1,092";"0,000";"0,541";"0,000";"0,830";"0,000";"2,463";"0,000";"0,000";"0,000";"0,000";"0,288";"1,092";"0,541";"0,830";"2,463";"0,000";"0,000";"0,000";
"31/12/2023 01:30";"0,740";"0,000";"0,617";"0,000";"0,759";"0,000";"2,115";"0,000";"0,001";"0,000";"0,000";"0,231";"0,740";"0,617";"0,759";"2,115";"0,000";"0,000";"0,000";
"31/12/2023 01:40";"0,589";"0,000";"0,471";"0,000";"0,772";"0,000";"1,832";"0,000";"0,000";"0,000";"0,000";"0,257";"0,589";"0,471";"0,772";"1,832";"0,000";"0,000";"0,000";
"31/12/2023 01:50";"0,579";"0,000";"0,415";"0,000";"0,712";"0,000";"1,706";"0,000";"0,001";"0,000";"0,000";"0,108";"0,579";"0,415";"0,712";"1,706";"0,000";"0,000";"0,000";
"31/12/2023 02:00";"0,637";"0,000";"0,496";"0,000";"0,778";"0,000";"1,910";"0,000";"0,017";"0,000";"0,000";"0,035";"0,637";"0,496";"0,778";"1,910";"0,000";"0,000";"0,000";
"31/12/2023 02:10";"0,945";"0,000";"0,605";"0,000";"0,820";"0,000";"2,371";"0,000";"0,000";"0,000";"0,000";"0,232";"0,945";"0,605";"0,820";"2,371";"0,000";"0,000";"0,000";
"31/12/2023 02:20";"0,794";"0,000";"0,671";"0,000";"0,743";"0,000";"2,208";"0,000";"0,002";"0,000";"0,000";"0,109";"0,794";"0,671";"0,743";"2,208";"0,000";"0,000";"0,000";
"31/12/2023 02:30";"0,586";"0,000";"0,471";"0,000";"0,698";"0,000";"1,755";"0,000";"0,001";"0,000";"0,000";"0,161";"0,586";"0,471";"0,698";"1,755";"0,000";"0,000";"0,000";
"31/12/2023 02:40";"0,573";"0,000";"0,519";"0,000";"0,641";"0,000";"1,733";"0,000";"0,000";"0,000";"0,000";"0,261";"0,573";"0,519";"0,641";"1,733";"0,000";"0,000";"0,000";
"31/12/2023 02:50";"0,953";"0,000";"0,637";"0,000";"0,606";"0,000";"2,196";"0,000";"0,000";"0,000";"0,000";"0,234";"0,953";"0,637";"0,606";"2,196";"0,000";"0,000";"0,000";
"31/12/2023 03:00";"0,431";"0,000";"0,366";"0,000";"0,508";"0,000";"1,305";"0,000";"0,000";"0,000";"0,000";"0,155";"0,431";"0,366";"0,508";"1,305";"0,000";"0,000";"0,000";
"31/12/2023 03:10";"0,403";"0,000";"0,362";"0,000";"0,552";"0,000";"1,316";"0,000";"0,000";"0,000";"0,000";"0,153";"0,403";"0,362";"0,552";"1,316";"0,000";"0,000";"0,000";
"31/12/2023 03:20";"0,658";"0,000";"0,412";"0,000";"0,680";"0,000";"1,751";"0,000";"0,000";"0,000";"0,000";"0,202";"0,658";"0,412";"0,680";"1,751";"0,000";"0,000";"0,000";
"31/12/2023 03:30";"0,946";"0,000";"0,865";"0,000";"0,673";"0,000";"2,484";"0,000";"0,000";"0,000";"0,000";"0,245";"0,946";"0,865";"0,673";"2,484";"0,000";"0,000";"0,000";
"31/12/2023 03:40";"0,945";"0,000";"0,863";"0,000";"0,655";"0,000";"2,463";"0,000";"0,000";"0,000";"0,000";"0,193";"0,945";"0,863";"0,655";"2,463";"0,000";"0,000";"0,000";
"31/12/2023 03:50";"0,948";"0,000";"0,912";"0,000";"0,651";"0,000";"2,511";"0,000";"0,000";"0,000";"0,000";"0,181";"0,948";"0,912";"0,651";"2,511";"0,000";"0,000";"0,000";
"31/12/2023 04:00";"1,011";"0,000";"0,895";"0,000";"0,672";"0,000";"2,578";"0,000";"0,000";"0,000";"0,000";"0,195";"1,011";"0,895";"0,672";"2,578";"0,000";"0,000";"0,000";
"31/12/2023 04:10";"1,183";"0,000";"0,882";"0,000";"0,584";"0,000";"2,649";"0,000";"0,000";"0,000";"0,000";"0,200";"1,183";"0,882";"0,584";"2,649";"0,000";"0,000";"0,000";
"31/12/2023 04:20";"1,059";"0,000";"0,842";"0,000";"0,626";"0,000";"2,528";"0,000";"0,000";"0,000";"0,000";"0,263";"1,059";"0,842";"0,626";"2,528";"0,000";"0,000";"0,000";
"31/12/2023 04:30";"0,950";"0,000";"0,887";"0,000";"0,626";"0,000";"2,463";"0,000";"0,000";"0,000";"0,000";"0,183";"0,950";"0,887";"0,626";"2,463";"0,000";"0,000";"0,000";
"31/12/2023 04:40";"0,942";"0,000";"0,908";"0,000";"0,622";"0,000";"2,473";"0,000";"0,000";"0,000";"0,000";"0,187";"0,942";"0,908";"0,622";"2,473";"0,000";"0,000";"0,000";
"31/12/2023 04:50";"0,927";"0,000";"0,905";"0,000";"0,622";"0,000";"2,454";"0,000";"0,000";"0,000";"0,000";"0,189";"0,927";"0,905";"0,622";"2,454";"0,000";"0,000";"0,000";
"31/12/2023 05:00";"0,924";"0,000";"0,869";"0,000";"0,617";"0,000";"2,410";"0,000";"0,000";"0,000";"0,000";"0,192";"0,924";"0,869";"0,617";"2,410";"0,000";"0,000";"0,000";
"31/12/2023 05:10";"0,940";"0,000";"0,850";"0,000";"0,613";"0,000";"2,403";"0,000";"0,000";"0,000";"0,000";"0,275";"0,940";"0,850";"0,613";"2,403";"0,000";"0,000";"0,000";
"31/12/2023 05:20";"0,955";"0,000";"0,907";"0,000";"0,614";"0,000";"2,476";"0,000";"0,000";"0,000";"0,000";"0,179";"0,955";"0,907";"0,614";"2,476";"0,000";"0,000";"0,000";
"31/12/2023 05:30";"0,954";"0,000";"0,896";"0,000";"0,613";"0,000";"2,463";"0,000";"0,000";"0,000";"0,000";"0,187";"0,954";"0,896";"0,613";"2,463";"0,000";"0,000";"0,000";
"31/12/2023 05:40";"0,923";"0,000";"0,884";"0,000";"0,613";"0,000";"2,420";"0,000";"0,000";"0,000";"0,000";"0,190";"0,923";"0,884";"0,613";"2,420";"0,000";"0,000";"0,000";
"31/12/2023 05:50";"0,933";"0,000";"0,840";"0,000";"0,613";"0,000";"2,386";"0,000";"0,000";"0,000";"0,000";"0,267";"0,933";"0,840";"0,613";"2,386";"0,000";"0,000";"0,000";
"31/12/2023 06:00";"0,536";"0,000";"0,488";"0,000";"0,731";"0,000";"1,755";"0,000";"0,000";"0,000";"0,000";"0,125";"0,536";"0,488";"0,731";"1,755";"0,000";"0,000";"0,000";
"31/12/2023 06:10";"0,509";"0,000";"0,453";"0,000";"0,697";"0,000";"1,659";"0,000";"0,001";"0,000";"0,000";"0,074";"0,509";"0,453";"0,697";"1,659";"0,000";"0,000";"0,000";
"31/12/2023 06:20";"0,453";"0,000";"0,437";"0,000";"0,682";"0,000";"1,572";"0,000";"0,003";"0,000";"0,000";"0,149";"0,453";"0,437";"0,682";"1,572";"0,000";"0,000";"0,000";
"31/12/2023 06:30";"0,454";"0,000";"0,418";"0,000";"0,653";"0,000";"1,525";"0,000";"0,000";"0,000";"0,000";"0,135";"0,454";"0,418";"0,653";"1,525";"0,000";"0,000";"0,000";
"31/12/2023 06:40";"0,459";"0,000";"0,416";"0,000";"0,654";"0,000";"1,529";"0,000";"0,001";"0,000";"0,000";"0,142";"0,459";"0,416";"0,654";"1,529";"0,000";"0,000";"0,000";
"31/12/2023 06:50";"0,504";"0,000";"0,432";"0,000";"0,689";"0,000";"1,625";"0,000";"0,000";"0,000";"0,000";"0,167";"0,504";"0,432";"0,689";"1,625";"0,000";"0,000";"0,000";
"31/12/2023 07:00";"0,652";"0,000";"0,471";"0,000";"0,724";"0,000";"1,847";"0,000";"0,003";"0,000";"0,000";"0,067";"0,652";"0,471";"0,724";"1,847";"0,000";"0,000";"0,000";
"31/12/2023 07:10";"0,943";"0,000";"0,466";"0,000";"0,742";"0,000";"2,152";"0,000";"0,001";"0,000";"0,000";"0,200";"0,943";"0,466";"0,742";"2,152";"0,000";"0,000";"0,000";
"31/12/2023 07:20";"1,186";"0,000";"1,053";"0,000";"0,816";"0,000";"3,055";"0,000";"0,000";"0,000";"0,000";"0,290";"1,186";"1,053";"0,816";"3,055";"0,000";"0,000";"0,000";
"31/12/2023 07:30";"1,162";"0,000";"1,108";"0,000";"0,861";"0,000";"3,130";"0,000";"0,000";"0,000";"0,000";"0,336";"1,162";"1,108";"0,861";"3,130";"0,000";"0,000";"0,000";
"31/12/2023 07:40";"1,139";"0,000";"1,099";"0,000";"0,821";"0,000";"3,059";"0,000";"0,000";"0,000";"0,000";"0,278";"1,139";"1,099";"0,821";"3,059";"0,000";"0,000";"0,000";
"31/12/2023 07:50";"1,041";"0,000";"0,598";"0,000";"0,714";"0,000";"2,354";"0,000";"0,000";"0,000";"0,000";"0,224";"1,041";"0,598";"0,714";"2,354";"0,000";"0,000";"0,000";
"31/12/2023 08:00";"1,032";"0,000";"0,899";"0,000";"0,721";"0,000";"2,652";"0,000";"0,000";"0,000";"0,000";"0,234";"1,032";"0,899";"0,721";"2,652";"0,000";"0,000";"0,000";
"31/12/2023 08:10";"1,051";"0,000";"1,008";"0,000";"0,764";"0,000";"2,823";"0,000";"0,000";"0,000";"0,000";"0,223";"1,051";"1,008";"0,764";"2,823";"0,000";"0,000";"0,000";
"31/12/2023 08:20";"1,062";"0,000";"1,024";"0,000";"0,779";"0,000";"2,865";"0,000";"0,000";"0,000";"0,000";"0,240";"1,062";"1,024";"0,779";"2,865";"0,000";"0,000";"0,000";
"31/12/2023 08:30";"0,979";"0,000";"0,927";"0,000";"0,712";"0,000";"2,618";"0,000";"0,000";"0,000";"0,000";"0,146";"0,979";"0,927";"0,712";"2,618";"0,000";"0,000";"0,000";
"31/12/2023 08:40";"1,065";"0,000";"1,007";"0,000";"0,788";"0,000";"2,860";"0,000";"0,000";"0,000";"0,000";"0,211";"1,065";"1,007";"0,788";"2,860";"0,000";"0,000";"0,000";
"31/12/2023 08:50";"0,962";"0,000";"0,880";"0,000";"0,690";"0,000";"2,532";"0,000";"0,000";"0,000";"0,000";"0,250";"0,962";"0,880";"0,690";"2,532";"0,000";"0,000";"0,000";
"31/12/2023 09:00";"0,830";"0,000";"0,764";"0,000";"0,561";"0,000";"2,155";"0,000";"0,001";"0,000";"0,000";"0,111";"0,831";"0,764";"0,562";"2,156";"0,001";"0,001";"0,000";
"31/12/2023 09:10";"0,911";"0,000";"0,868";"0,000";"0,658";"0,000";"2,438";"0,000";"0,011";"0,000";"0,000";"0,042";"0,925";"0,881";"0,671";"2,478";"0,040";"0,021";"0,019";
"31/12/2023 09:20";"0,924";"0,000";"0,839";"0,000";"0,651";"0,000";"2,415";"0,000";"0,027";"0,000";"0,000";"0,009";"0,972";"0,887";"0,699";"2,557";"0,142";"0,074";"0,068";
"31/12/2023 09:30";"0,636";"0,000";"0,243";"0,000";"0,585";"0,000";"1,465";"0,000";"0,001";"0,000";"0,000";"0,168";"0,717";"0,324";"0,666";"1,706";"0,241";"0,124";"0,117";
"31/12/2023 09:40";"0,422";"0,000";"0,331";"0,000";"0,658";"0,000";"1,411";"0,000";"0,030";"0,000";"0,000";"0,064";"0,504";"0,413";"0,739";"1,656";"0,245";"0,126";"0,119";
"31/12/2023 09:50";"0,540";"0,000";"0,374";"0,000";"0,706";"0,000";"1,620";"0,000";"0,008";"0,000";"0,000";"0,130";"0,692";"0,526";"0,858";"2,076";"0,456";"0,234";"0,222";
"31/12/2023 10:00";"1,162";"0,000";"0,765";"0,000";"0,681";"0,000";"2,608";"0,000";"0,000";"0,000";"0,000";"0,182";"1,271";"0,874";"0,790";"2,934";"0,326";"0,168";"0,158";
"31/12/2023 10:10";"1,087";"0,000";"0,746";"0,000";"0,591";"0,000";"2,424";"0,000";"0,000";"0,000";"0,000";"0,207";"1,238";"0,897";"0,741";"2,876";"0,452";"0,235";"0,217";
"31/12/2023 10:20";"0,911";"0,000";"0,817";"0,000";"0,630";"0,000";"2,359";"0,000";"0,002";"0,000";"0,000";"0,058";"1,347";"1,253";"1,066";"3,666";"1,307";"0,673";"0,634";
"31/12/2023 10:30";"0,906";"0,000";"0,841";"0,000";"0,652";"0,000";"2,399";"0,000";"0,028";"0,000";"0,000";"0,000";"1,039";"0,973";"0,784";"2,796";"0,397";"0,206";"0,191";
"31/12/2023 10:40";"0,828";"0,000";"0,474";"0,000";"0,579";"0,000";"1,881";"0,000";"0,025";"0,000";"0,000";"0,051";"1,063";"0,710";"0,814";"2,588";"0,707";"0,361";"0,346";
"31/12/2023 10:50";"0,936";"0,000";"0,814";"0,000";"0,652";"0,000";"2,402";"0,000";"0,001";"0,000";"0,000";"0,120";"1,200";"1,077";"0,916";"3,193";"0,791";"0,410";"0,381";
"31/12/2023 11:00";"0,912";"0,000";"0,819";"0,000";"0,649";"0,000";"2,379";"0,000";"0,018";"0,000";"0,000";"0,024";"1,243";"1,150";"0,980";"3,372";"0,993";"0,506";"0,487";
"31/12/2023 11:10";"0,851";"0,000";"0,788";"0,000";"0,603";"0,000";"2,242";"0,000";"0,025";"0,000";"0,000";"0,042";"1,193";"1,130";"0,946";"3,269";"1,027";"0,523";"0,504";
"31/12/2023 11:20";"0,800";"0,000";"0,723";"0,000";"0,543";"0,000";"2,066";"0,000";"0,004";"0,000";"0,000";"0,092";"1,229";"1,152";"0,972";"3,353";"1,287";"0,668";"0,619";
"31/12/2023 11:30";"0,933";"0,000";"0,848";"0,000";"0,640";"0,000";"2,421";"0,000";"0,024";"0,000";"0,000";"0,045";"1,879";"1,794";"1,585";"5,258";"2,837";"1,619";"1,218";
"31/12/2023 11:40";"0,902";"0,000";"0,657";"0,000";"0,605";"0,000";"2,164";"0,000";"0,005";"0,000";"0,000";"0,048";"1,730";"1,485";"1,432";"4,647";"2,483";"1,324";"1,159";
"31/12/2023 11:50";"0,410";"0,000";"0,307";"0,000";"0,619";"0,000";"1,336";"0,000";"0,047";"0,000";"0,000";"0,012";"1,506";"1,403";"1,714";"4,623";"3,287";"1,747";"1,540";
"31/12/2023 12:00";"0,399";"0,000";"0,342";"0,000";"0,649";"0,000";"1,390";"0,000";"0,017";"0,000";"0,000";"0,114";"0,991";"0,934";"1,241";"3,166";"1,776";"0,911";"0,865";
"31/12/2023 12:10";"0,764";"0,000";"0,495";"0,000";"0,635";"0,000";"1,894";"0,000";"0,000";"0,000";"0,000";"0,208";"1,384";"1,116";"1,256";"3,756";"1,862";"0,953";"0,909";
"31/12/2023 12:20";"0,936";"0,000";"0,834";"0,000";"0,631";"0,000";"2,401";"0,000";"0,000";"0,000";"0,000";"0,244";"1,659";"1,558";"1,354";"4,571";"2,170";"1,108";"1,062";
"31/12/2023 12:30";"0,792";"0,000";"0,692";"0,000";"0,483";"0,000";"1,967";"0,000";"0,000";"0,000";"0,000";"0,091";"2,339";"2,239";"2,030";"6,609";"4,642";"2,356";"2,286";
"31/12/2023 12:40";"0,888";"0,000";"0,809";"0,000";"0,578";"0,000";"2,275";"0,000";"0,015";"0,000";"0,000";"0,067";"2,371";"2,293";"2,062";"6,726";"4,451";"2,261";"2,190";
"31/12/2023 12:50";"0,897";"0,000";"0,844";"0,000";"0,609";"0,000";"2,350";"0,000";"0,033";"0,000";"0,000";"0,000";"2,421";"2,367";"2,132";"6,920";"4,570";"2,319";"2,251";
"31/12/2023 13:00";"0,925";"0,000";"0,754";"0,000";"0,540";"0,000";"2,219";"0,000";"0,003";"0,000";"0,000";"0,093";"2,051";"1,881";"1,667";"5,599";"3,380";"1,724";"1,656";
"31/12/2023 13:10";"1,081";"0,000";"0,746";"0,000";"0,529";"0,000";"2,356";"0,000";"0,000";"0,000";"0,000";"0,078";"1,900";"1,565";"1,348";"4,813";"2,457";"1,256";"1,201";
"31/12/2023 13:20";"1,015";"0,000";"0,812";"0,000";"0,612";"0,000";"2,439";"0,000";"0,016";"0,000";"0,000";"0,036";"2,373";"2,170";"1,969";"6,512";"4,073";"2,081";"1,992";
"31/12/2023 13:30";"0,848";"0,000";"0,572";"0,000";"0,562";"0,000";"1,981";"0,000";"0,021";"0,000";"0,000";"0,032";"2,365";"2,088";"2,078";"6,531";"4,550";"2,321";"2,229";
"31/12/2023 13:40";"0,916";"0,000";"0,559";"0,000";"0,535";"0,000";"2,010";"0,000";"0,018";"0,000";"0,000";"0,021";"1,985";"1,628";"1,604";"5,218";"3,208";"1,627";"1,581";
"31/12/2023 13:50";"0,497";"0,000";"0,258";"0,000";"0,565";"0,000";"1,320";"0,000";"0,021";"0,000";"0,000";"0,025";"1,524";"1,285";"1,592";"4,401";"3,081";"1,567";"1,514";
"31/12/2023 14:00";"0,538";"0,000";"0,341";"0,000";"0,630";"0,000";"1,508";"0,000";"0,002";"0,000";"0,000";"0,123";"1,000";"0,803";"1,093";"2,895";"1,387";"0,705";"0,682";
"31/12/2023 14:10";"0,819";"0,000";"0,467";"0,000";"0,655";"0,000";"1,940";"0,000";"0,000";"0,000";"0,000";"0,133";"2,285";"1,933";"2,121";"6,338";"4,398";"2,247";"2,151";
"31/12/2023 14:20";"0,956";"0,000";"0,548";"0,000";"0,557";"0,000";"2,061";"0,000";"0,019";"0,000";"0,000";"0,070";"2,471";"2,063";"2,072";"6,606";"4,545";"2,323";"2,222";
"31/12/2023 14:30";"0,876";"0,000";"0,695";"0,000";"0,596";"0,000";"2,167";"0,000";"0,000";"0,000";"0,000";"0,141";"2,290";"2,110";"2,010";"6,410";"4,243";"2,170";"2,073";
"31/12/2023 14:40";"0,398";"0,000";"0,304";"0,000";"0,601";"0,000";"1,302";"0,000";"0,034";"0,000";"0,000";"0,008";"1,505";"1,412";"1,708";"4,625";"3,323";"1,699";"1,624";
"31/12/2023 14:50";"0,397";"0,000";"0,320";"0,000";"0,634";"0,000";"1,351";"0,000";"0,024";"0,000";"0,000";"0,152";"1,064";"0,986";"1,300";"3,351";"2,000";"1,020";"0,980";
"31/12/2023 15:00";"0,733";"0,000";"0,438";"0,000";"0,677";"0,000";"1,848";"0,000";"0,000";"0,000";"0,000";"0,193";"1,227";"0,932";"1,171";"3,330";"1,482";"0,756";"0,726";
"31/12/2023 15:10";"0,879";"0,000";"0,571";"0,000";"0,569";"0,000";"2,019";"0,000";"0,022";"0,000";"0,000";"0,064";"1,772";"1,465";"1,463";"4,700";"2,681";"1,369";"1,312";
"31/12/2023 15:20";"0,856";"0,000";"0,706";"0,000";"0,557";"0,000";"2,119";"0,000";"0,011";"0,000";"0,000";"0,039";"1,710";"1,561";"1,411";"4,682";"2,563";"1,310";"1,253";
"31/12/2023 15:30";"0,386";"0,000";"0,311";"0,000";"0,581";"0,000";"1,278";"0,000";"0,025";"0,000";"0,000";"0,045";"1,427";"1,352";"1,622";"4,401";"3,123";"1,595";"1,528";
"31/12/2023 15:40";"0,448";"0,000";"0,343";"0,000";"0,610";"0,000";"1,402";"0,000";"0,002";"0,000";"0,000";"0,210";"1,183";"1,078";"1,345";"3,607";"2,205";"1,123";"1,082";
"31/12/2023 15:50";"0,619";"0,000";"0,346";"0,000";"0,494";"0,000";"1,458";"0,000";"0,000";"0,000";"0,000";"0,189";"1,131";"0,858";"1,006";"2,996";"1,538";"0,784";"0,754";
"31/12/2023 16:00";"0,563";"0,000";"0,419";"0,000";"0,458";"0,000";"1,440";"0,000";"0,003";"0,000";"0,000";"0,098";"0,920";"0,776";"0,814";"2,510";"1,070";"0,547";"0,523";
"31/12/2023 16:10";"0,535";"0,000";"0,332";"0,000";"0,576";"0,000";"1,442";"0,000";"0,023";"0,000";"0,000";"0,125";"0,868";"0,665";"0,909";"2,441";"0,999";"0,510";"0,489";
"31/12/2023 16:20";"0,694";"0,000";"0,357";"0,000";"0,613";"0,000";"1,664";"0,000";"0,000";"0,000";"0,000";"0,209";"1,085";"0,748";"1,005";"2,839";"1,175";"0,598";"0,577";
"31/12/2023 16:30";"0,839";"0,000";"0,467";"0,000";"0,589";"0,000";"1,895";"0,000";"0,002";"0,000";"0,000";"0,156";"1,201";"0,830";"0,952";"2,983";"1,088";"0,554";"0,534";
"31/12/2023 16:40";"0,406";"0,000";"0,332";"0,000";"0,606";"0,000";"1,343";"0,000";"0,021";"0,000";"0,000";"0,062";"0,749";"0,674";"0,948";"2,371";"1,028";"0,525";"0,503";
"31/12/2023 16:50";"0,443";"0,000";"0,378";"0,000";"0,661";"0,000";"1,482";"0,000";"0,000";"0,000";"0,000";"0,205";"0,712";"0,647";"0,930";"2,289";"0,807";"0,413";"0,394";
"31/12/2023 17:00";"0,723";"0,000";"0,463";"0,000";"0,670";"0,000";"1,856";"0,000";"0,000";"0,000";"0,000";"0,166";"0,942";"0,681";"0,888";"2,511";"0,655";"0,336";"0,319";
"31/12/2023 17:10";"0,494";"0,000";"0,352";"0,000";"0,560";"0,000";"1,406";"0,000";"0,011";"0,000";"0,000";"0,082";"0,664";"0,522";"0,731";"1,918";"0,512";"0,263";"0,249";
"31/12/2023 17:20";"0,431";"0,000";"0,303";"0,000";"0,623";"0,000";"1,357";"0,000";"0,005";"0,000";"0,000";"0,143";"0,559";"0,430";"0,751";"1,740";"0,383";"0,197";"0,186";
"31/12/2023 17:30";"0,503";"0,000";"0,375";"0,000";"0,658";"0,000";"1,535";"0,000";"0,000";"0,000";"0,000";"0,179";"0,586";"0,458";"0,741";"1,785";"0,250";"0,129";"0,121";
"31/12/2023 17:40";"0,690";"0,000";"0,410";"0,000";"0,574";"0,000";"1,675";"0,000";"0,001";"0,000";"0,000";"0,121";"0,738";"0,458";"0,622";"1,819";"0,144";"0,075";"0,069";
"31/12/2023 17:50";"0,422";"0,000";"0,334";"0,000";"0,613";"0,000";"1,369";"0,000";"0,004";"0,000";"0,000";"0,118";"0,436";"0,349";"0,628";"1,413";"0,044";"0,023";"0,021";
"31/12/2023 18:00";"0,521";"0,000";"0,438";"0,000";"0,699";"0,000";"1,658";"0,000";"0,000";"0,000";"0,000";"0,216";"0,522";"0,438";"0,699";"1,659";"0,001";"0,001";"0,000";
"31/12/2023 18:10";"0,774";"0,000";"0,445";"0,000";"0,626";"0,000";"1,845";"0,000";"0,000";"0,000";"0,000";"0,225";"0,774";"0,445";"0,626";"1,845";"0,000";"0,000";"0,000";
"31/12/2023 18:20";"0,514";"0,000";"0,447";"0,000";"0,676";"0,000";"1,637";"0,000";"0,003";"0,000";"0,000";"0,189";"0,514";"0,447";"0,676";"1,637";"0,000";"0,000";"0,000";
"31/12/2023 18:30";"0,565";"0,000";"0,525";"0,000";"0,762";"0,000";"1,851";"0,000";"0,000";"0,000";"0,000";"0,237";"0,565";"0,525";"0,762";"1,851";"0,000";"0,000";"0,000";
"31/12/2023 18:40";"0,745";"0,000";"0,538";"0,000";"0,790";"0,000";"2,073";"0,000";"0,000";"0,000";"0,000";"0,336";"0,745";"0,538";"0,790";"2,073";"0,000";"0,000";"0,000";
"31/12/2023 18:50";"0,753";"0,000";"0,553";"0,000";"0,707";"0,000";"2,012";"0,000";"0,002";"0,000";"0,000";"0,145";"0,753";"0,553";"0,707";"2,012";"0,000";"0,000";"0,000";
"31/12/2023 19:00";"0,552";"0,000";"0,494";"0,000";"0,752";"0,000";"1,799";"0,000";"0,000";"0,000";"0,000";"0,209";"0,552";"0,494";"0,752";"1,799";"0,000";"0,000";"0,000";
"31/12/2023 19:10";"0,577";"0,000";"0,523";"0,000";"0,792";"0,000";"1,892";"0,000";"0,000";"0,000";"0,000";"0,285";"0,577";"0,523";"0,792";"1,892";"0,000";"0,000";"0,000";
"31/12/2023 19:20";"0,960";"0,000";"0,603";"0,000";"0,728";"0,000";"2,291";"0,000";"0,000";"0,000";"0,000";"0,257";"0,960";"0,603";"0,728";"2,291";"0,000";"0,000";"0,000";
"31/12/2023 19:30";"0,807";"0,000";"0,512";"0,000";"0,744";"0,000";"2,063";"0,000";"0,001";"0,000";"0,000";"0,131";"0,807";"0,512";"0,744";"2,063";"0,000";"0,000";"0,000";
"31/12/2023 19:40";"0,660";"0,000";"0,504";"0,000";"0,747";"0,000";"1,911";"0,000";"0,004";"0,000";"0,000";"0,206";"0,660";"0,504";"0,747";"1,911";"0,000";"0,000";"0,000";
"31/12/2023 19:50";"0,825";"0,000";"0,529";"0,000";"0,775";"0,000";"2,129";"0,000";"0,000";"0,000";"0,000";"0,331";"0,825";"0,529";"0,775";"2,129";"0,000";"0,000";"0,000";
"31/12/2023 20:00";"0,660";"0,000";"0,575";"0,000";"0,713";"0,000";"1,947";"0,000";"0,001";"0,000";"0,000";"0,213";"0,660";"0,575";"0,713";"1,947";"0,000";"0,000";"0,000";
"31/12/2023 20:10";"0,533";"0,000";"0,495";"0,000";"0,767";"0,000";"1,796";"0,000";"0,000";"0,000";"0,000";"0,213";"0,533";"0,495";"0,767";"1,796";"0,000";"0,000";"0,000";
"31/12/2023 20:20";"0,583";"0,000";"0,488";"0,000";"0,688";"0,000";"1,759";"0,000";"0,000";"0,000";"0,000";"0,246";"0,583";"0,488";"0,688";"1,759";"0,000";"0,000";"0,000";
"31/12/2023 20:30";"0,879";"0,000";"0,655";"0,000";"0,630";"0,000";"2,164";"0,000";"0,000";"0,000";"0,000";"0,260";"0,879";"0,655";"0,630";"2,164";"0,000";"0,000";"0,000";
"31/12/2023 20:40";"0,553";"0,000";"0,527";"0,000";"0,655";"0,000";"1,734";"0,000";"0,000";"0,000";"0,000";"0,256";"0,553";"0,527";"0,655";"1,734";"0,000";"0,000";"0,000";
"31/12/2023 20:50";"0,568";"0,000";"0,492";"0,000";"0,653";"0,000";"1,714";"0,000";"0,000";"0,000";"0,000";"0,221";"0,568";"0,492";"0,653";"1,714";"0,000";"0,000";"0,000";
"31/12/2023 21:00";"0,576";"0,000";"0,533";"0,000";"0,687";"0,000";"1,797";"0,000";"0,000";"0,000";"0,000";"0,269";"0,576";"0,533";"0,687";"1,797";"0,000";"0,000";"0,000";
"31/12/2023 21:10";"0,450";"0,000";"0,428";"0,000";"0,568";"0,000";"1,446";"0,000";"0,000";"0,000";"0,000";"0,202";"0,450";"0,428";"0,568";"1,446";"0,000";"0,000";"0,000";
"31/12/2023 21:20";"0,525";"0,000";"0,482";"0,000";"0,639";"0,000";"1,646";"0,000";"0,000";"0,000";"0,000";"0,154";"0,525";"0,482";"0,639";"1,646";"0,000";"0,000";"0,000";
"31/12/2023 21:30";"0,728";"0,000";"0,512";"0,000";"0,798";"0,000";"2,039";"0,000";"0,004";"0,000";"0,000";"0,142";"0,728";"0,512";"0,798";"2,039";"0,000";"0,000";"0,000";
"31/12/2023 21:40";"1,032";"0,000";"0,703";"0,000";"0,758";"0,000";"2,493";"0,000";"0,000";"0,000";"0,000";"0,235";"1,032";"0,703";"0,758";"2,493";"0,000";"0,000";"0,000";
"31/12/2023 21:50";"1,053";"0,000";"1,021";"0,000";"0,770";"0,000";"2,844";"0,000";"0,000";"0,000";"0,000";"0,098";"1,053";"1,021";"0,770";"2,844";"0,000";"0,000";"0,000";
"31/12/2023 22:00";"0,650";"0,000";"0,554";"0,000";"0,742";"0,000";"1,946";"0,000";"0,000";"0,000";"0,000";"0,201";"0,650";"0,554";"0,742";"1,946";"0,000";"0,000";"0,000";
"31/12/2023 22:10";"0,550";"0,000";"0,503";"0,000";"0,799";"0,000";"1,851";"0,000";"0,000";"0,000";"0,000";"0,192";"0,550";"0,503";"0,799";"1,851";"0,000";"0,000";"0,000";
"31/12/2023 22:20";"0,829";"0,000";"0,566";"0,000";"0,833";"0,000";"2,227";"0,000";"0,000";"0,000";"0,000";"0,273";"0,829";"0,566";"0,833";"2,227";"0,000";"0,000";"0,000";
"31/12/2023 22:30";"1,135";"0,000";"0,666";"0,000";"0,765";"0,000";"2,567";"0,000";"0,000";"0,000";"0,000";"0,262";"1,135";"0,666";"0,765";"2,567";"0,000";"0,000";"0,000";
"31/12/2023 22:40";"0,605";"0,000";"0,477";"0,000";"0,784";"0,000";"1,866";"0,000";"0,000";"0,000";"0,000";"0,236";"0,605";"0,477";"0,784";"1,866";"0,000";"0,000";"0,000";
"31/12/2023 22:50";"0,575";"0,000";"0,521";"0,000";"0,802";"0,000";"1,897";"0,000";"0,000";"0,000";"0,000";"0,268";"0,575";"0,521";"0,802";"1,897";"0,000";"0,000";"0,000";
"31/12/2023 23:00";"0,930";"0,000";"0,686";"0,000";"0,790";"0,000";"2,407";"0,000";"0,000";"0,000";"0,000";"0,266";"0,930";"0,686";"0,790";"2,407";"0,000";"0,000";"0,000";
"31/12/2023 23:10";"0,588";"0,000";"0,523";"0,000";"0,780";"0,000";"1,892";"0,000";"0,000";"0,000";"0,000";"0,135";"0,588";"0,523";"0,780";"1,892";"0,000";"0,000";"0,000";
"31/12/2023 23:20";"0,572";"0,000";"0,510";"0,000";"0,815";"0,000";"1,896";"0,000";"0,000";"0,000";"0,000";"0,251";"0,572";"0,510";"0,815";"1,896";"0,000";"0,000";"0,000";
"31/12/2023 23:30";"0,762";"0,000";"0,492";"0,000";"0,815";"0,000";"2,069";"0,000";"0,000";"0,000";"0,000";"0,345";"0,762";"0,492";"0,815";"2,069";"0,000";"0,000";"0,000";
"31/12/2023 23:40";"0,795";"0,000";"0,708";"0,000";"0,771";"0,000";"2,274";"0,000";"0,001";"0,000";"0,000";"0,240";"0,795";"0,708";"0,771";"2,274";"0,000";"0,000";"0,000";
"31/12/2023 23:50";"0,550";"0,000";"0,532";"0,000";"0,808";"0,000";"1,889";"0,000";"0,002";"0,000";"0,000";"0,162";"0,550";"0,532";"0,808";"1,889";"0,000";"0,000";"0,000";
