"fecha";"EpR";"EmR";"EpS";"EmS";"EpT";"EmT";"EpRST";"EmRST";"Q1";"Q2";"Q3";"Q4";"EcR";"EcS";"EcT";"EcRST";"Einv_tot";"Inversor_4";"Inversor_5";
"01/01/2024 00:00";"0,555";"0,000";"0,520";"0,000";"0,813";"0,000";"1,889";"0,000";"0,000";"0,000";"0,000";"0,273";"0,555";"0,520";"0,813";"1,889";"0,000";"0,000";"0,000";
"01/01/2024 00:10";"1,026";"0,000";"0,717";"0,000";"0,769";"0,000";"2,512";"0,000";"0,000";"0,000";"0,000";"0,290";"1,026";"0,717";"0,769";"2,512";"0,000";"0,000";"0,000";
"01/01/2024 00:20";"1,078";"0,000";"0,585";"0,000";"0,766";"0,000";"2,429";"0,000";"0,000";"0,000";"0,000";"0,241";"1,078";"0,585";"0,766";"2,429";"0,000";"0,000";"0,000";
"01/01/2024 00:30";"1,037";"0,000";"0,820";"0,000";"0,754";"0,000";"2,611";"0,000";"0,001";"0,000";"0,000";"0,243";"1,037";"0,820";"0,754";"2,611";"0,000";"0,000";"0,000";
"01/01/2024 00:40";"1,046";"0,000";"0,999";"0,000";"0,800";"0,000";"2,846";"0,000";"0,000";"0,000";"0,000";"0,263";"1,046";"0,999";"0,800";"2,846";"0,000";"0,000";"0,000";
"01/01/2024 00:50";"0,756";"0,000";"0,432";"0,000";"0,729";"0,000";"1,918";"0,000";"0,000";"0,000";"0,000";"0,256";"0,756";"0,432";"0,729";"1,918";"0,000";"0,000";"0,000";
"01/01/2024 01:00";"0,562";"0,000";"0,495";"0,000";"0,805";"0,000";"1,862";"0,000";"0,006";"0,000";"0,000";"0,200";"0,562";"0,495";"0,805";"1,862";"0,000";"0,000";"0,000";
"01/01/2024 01:10";"0,637";"0,000";"0,558";"0,000";"0,824";"0,000";"2,018";"0,000";"0,000";"0,000";"0,000";"0,267";"0,637";"0,558";"0,824";"2,018";"0,000";"0,000";"0,000";
"01/01/2024 01:20";"0,929";"0,000";"0,705";"0,000";"0,778";"0,000";"2,412";"0,000";"0,000";"0,000";"0,000";"0,231";"0,929";"0,705";"0,778";"2,412";"0,000";"0,000";"0,000";
"01/01/2024 01:30";"0,763";"0,000";"0,504";"0,000";"0,798";"0,000";"2,065";"0,000";"0,000";"0,000";"0,000";"0,223";"0,763";"0,504";"0,798";"2,065";"0,000";"0,000";"0,000";
"01/01/2024 01:40";"0,778";"0,000";"0,510";"0,000";"0,812";"0,000";"2,100";"0,000";"0,000";"0,000";"0,000";"0,281";"0,778";"0,510";"0,812";"2,100";"0,000";"0,000";"0,000";
"01/01/2024 01:50";"1,017";"0,000";"0,687";"0,000";"0,817";"0,000";"2,521";"0,000";"0,000";"0,000";"0,000";"0,304";"1,017";"0,687";"0,817";"2,521";"0,000";"0,000";"0,000";
"01/01/2024 02:00";"1,076";"0,000";"0,933";"0,000";"0,715";"0,000";"2,724";"0,000";"0,001";"0,000";"0,000";"0,136";"1,076";"0,933";"0,715";"2,724";"0,000";"0,000";"0,000";
"01/01/2024 02:10";"1,140";"0,000";"0,983";"0,000";"0,779";"0,000";"2,902";"0,000";"0,004";"0,000";"0,000";"0,046";"1,140";"0,983";"0,779";"2,902";"0,000";"0,000";"0,000";
"01/01/2024 02:20";"1,147";"0,000";"0,994";"0,000";"0,786";"0,000";"2,926";"0,000";"0,000";"0,000";"0,000";"0,209";"1,147";"0,994";"0,786";"2,926";"0,000";"0,000";"0,000";
"01/01/2024 02:30";"0,965";"0,000";"0,566";"0,000";"0,708";"0,000";"2,239";"0,000";"0,001";"0,000";"0,000";"0,169";"0,965";"0,566";"0,708";"2,239";"0,000";"0,000";"0,000";
"01/01/2024 02:40";"0,604";"0,000";"0,549";"0,000";"0,802";"0,000";"1,955";"0,000";"0,000";"0,000";"0,000";"0,238";"0,604";"0,549";"0,802";"1,955";"0,000";"0,000";"0,000";
"01/01/2024 02:50";"0,606";"0,000";"0,544";"0,000";"0,840";"0,000";"1,990";"0,000";"0,000";"0,000";"0,000";"0,248";"0,606";"0,544";"0,840";"1,990";"0,000";"0,000";"0,000";
"01/01/2024 03:00";"0,979";"0,000";"0,661";"0,000";"0,794";"0,000";"2,434";"0,000";"0,000";"0,000";"0,000";"0,248";"0,979";"0,661";"0,794";"2,434";"0,000";"0,000";"0,000";
"01/01/2024 03:10";"0,558";"0,000";"0,480";"0,000";"0,789";"0,000";"1,827";"0,000";"0,000";"0,000";"0,000";"0,310";"0,558";"0,480";"0,789";"1,827";"0,000";"0,000";"0,000";
"01/01/2024 03:20";"0,575";"0,000";"0,583";"0,000";"0,834";"0,000";"1,992";"0,000";"0,000";"0,000";"0,000";"0,266";"0,575";"0,583";"0,834";"1,992";"0,000";"0,000";"0,000";
"01/01/2024 03:30";"0,844";"0,000";"0,608";"0,000";"0,853";"0,000";"2,305";"0,000";"0,000";"0,000";"0,000";"0,260";"0,844";"0,608";"0,853";"2,305";"0,000";"0,000";"0,000";
"01/01/2024 03:40";"0,755";"0,000";"0,661";"0,000";"0,768";"0,000";"2,184";"0,000";"0,000";"0,000";"0,000";"0,230";"0,755";"0,661";"0,768";"2,184";"0,000";"0,000";"0,000";
"01/01/2024 03:50";"0,562";"0,000";"0,473";"0,000";"0,787";"0,000";"1,821";"0,000";"0,000";"0,000";"0,000";"0,288";"0,562";"0,473";"0,787";"1,821";"0,000";"0,000";"0,000";
"01/01/2024 04:00";"0,612";"0,000";"0,535";"0,000";"0,842";"0,000";"1,989";"0,000";"0,000";"0,000";"0,000";"0,281";"0,612";"0,535";"0,842";"1,989";"0,000";"0,000";"0,000";
"01/01/2024 04:10";"0,932";"0,000";"0,672";"0,000";"0,777";"0,000";"2,381";"0,000";"0,000";"0,000";"0,000";"0,238";"0,932";"0,672";"0,777";"2,381";"0,000";"0,000";"0,000";
"01/01/2024 04:20";"0,567";"0,000";"0,548";"0,000";"0,792";"0,000";"1,908";"0,000";"0,000";"0,000";"0,000";"0,258";"0,567";"0,548";"0,792";"1,908";"0,000";"0,000";"0,000";
"01/01/2024 04:30";"0,579";"0,000";"0,544";"0,000";"0,776";"0,000";"1,899";"0,000";"0,000";"0,000";"0,000";"0,261";"0,579";"0,544";"0,776";"1,899";"0,000";"0,000";"0,000";
"01/01/2024 04:40";"0,929";"0,000";"0,626";"0,000";"0,854";"0,000";"2,410";"0,000";"0,000";"0,000";"0,000";"0,338";"0,929";"0,626";"0,854";"2,410";"0,000";"0,000";"0,000";
"01/01/2024 04:50";"0,893";"0,000";"0,605";"0,000";"0,767";"0,000";"2,264";"0,000";"0,000";"0,000";"0,000";"0,227";"0,893";"0,605";"0,767";"2,264";"0,000";"0,000";"0,000";
"01/01/2024 05:00";"0,723";"0,000";"0,509";"0,000";"0,803";"0,000";"2,036";"0,000";"0,000";"0,000";"0,000";"0,239";"0,723";"0,509";"0,803";"2,036";"0,000";"0,000";"0,000";
"01/01/2024 05:10";"0,687";"0,000";"0,528";"0,000";"0,827";"0,000";"2,043";"0,000";"0,000";"0,000";"0,000";"0,265";"0,687";"0,528";"0,827";"2,043";"0,000";"0,000";"0,000";
"01/01/2024 05:20";"0,858";"0,000";"0,702";"0,000";"0,775";"0,000";"2,335";"0,000";"0,000";"0,000";"0,000";"0,240";"0,858";"0,702";"0,775";"2,335";"0,000";"0,000";"0,000";
"01/01/2024 05:30";"0,564";"0,000";"0,512";"0,000";"0,802";"0,000";"1,878";"0,000";"0,000";"0,000";"0,000";"0,301";"0,564";"0,512";"0,802";"1,878";"0,000";"0,000";"0,000";
"01/01/2024 05:40";"0,558";"0,000";"0,484";"0,000";"0,793";"0,000";"1,835";"0,000";"0,000";"0,000";"0,000";"0,153";"0,558";"0,484";"0,793";"1,835";"0,000";"0,000";"0,000";
"01/01/2024 05:50";"0,970";"0,000";"0,748";"0,000";"0,814";"0,000";"2,532";"0,000";"0,000";"0,000";"0,000";"0,264";"0,970";"0,748";"0,814";"2,532";"0,000";"0,000";"0,000";
"01/01/2024 06:00";"0,972";"0,000";"0,963";"0,000";"0,719";"0,000";"2,655";"0,000";"0,000";"0,000";"0,000";"0,201";"0,972";"0,963";"0,719";"2,655";"0,000";"0,000";"0,000";
"01/01/2024 06:10";"0,865";"0,000";"0,744";"0,000";"0,750";"0,000";"2,359";"0,000";"0,000";"0,000";"0,000";"0,284";"0,865";"0,744";"0,750";"2,359";"0,000";"0,000";"0,000";
"01/01/2024 06:20";"0,556";"0,000";"0,505";"0,000";"0,798";"0,000";"1,860";"0,000";"0,004";"0,000";"0,000";"0,139";"0,556";"0,505";"0,798";"1,860";"0,000";"0,000";"0,000";
"01/01/2024 06:30";"0,582";"0,000";"0,555";"0,000";"0,828";"0,000";"1,965";"0,000";"0,000";"0,000";"0,000";"0,269";"0,582";"0,555";"0,828";"1,965";"0,000";"0,000";"0,000";
"01/01/2024 06:40";"0,998";"0,000";"0,781";"0,000";"0,830";"0,000";"2,609";"0,000";"0,000";"0,000";"0,000";"0,291";"0,998";"0,781";"0,830";"2,609";"0,000";"0,000";"0,000";
"01/01/2024 06:50";"0,974";"0,000";"0,925";"0,000";"0,715";"0,000";"2,613";"0,000";"0,000";"0,000";"0,000";"0,188";"0,974";"0,925";"0,715";"2,613";"0,000";"0,000";"0,000";
"01/01/2024 07:00";"1,017";"0,000";"0,977";"0,000";"0,740";"0,000";"2,734";"0,000";"0,000";"0,000";"0,000";"0,116";"1,017";"0,977";"0,740";"2,734";"0,000";"0,000";"0,000";
"01/01/2024 07:10";"1,087";"0,000";"1,040";"0,000";"0,798";"0,000";"2,926";"0,000";"0,000";"0,000";"0,000";"0,300";"1,087";"1,040";"0,798";"2,926";"0,000";"0,000";"0,000";
"01/01/2024 07:20";"0,861";"0,000";"0,702";"0,000";"0,728";"0,000";"2,290";"0,000";"0,001";"0,000";"0,000";"0,207";"0,861";"0,702";"0,728";"2,290";"0,000";"0,000";"0,000";
"01/01/2024 07:30";"0,539";"0,000";"0,508";"0,000";"0,791";"0,000";"1,837";"0,000";"0,006";"0,000";"0,000";"0,134";"0,539";"0,508";"0,791";"1,837";"0,000";"0,000";"0,000";
"01/01/2024 07:40";"0,570";"0,000";"0,574";"0,000";"0,826";"0,000";"1,970";"0,000";"0,000";"0,000";"0,000";"0,279";"0,570";"0,574";"0,826";"1,970";"0,000";"0,000";"0,000";
"01/01/2024 07:50";"1,007";"0,000";"0,757";"0,000";"0,803";"0,000";"2,567";"0,000";"0,000";"0,000";"0,000";"0,272";"1,007";"0,757";"0,803";"2,567";"0,000";"0,000";"0,000";
"01/01/2024 08:00";"1,179";"0,000";"0,768";"0,000";"0,760";"0,000";"2,707";"0,000";"0,001";"0,000";"0,000";"0,193";"1,179";"0,768";"0,760";"2,707";"0,000";"0,000";"0,000";
"01/01/2024 08:10";"1,310";"0,000";"1,043";"0,000";"0,789";"0,000";"3,142";"0,000";"0,000";"0,000";"0,000";"0,066";"1,310";"1,043";"0,789";"3,142";"0,000";"0,000";"0,000";
"01/01/2024 08:20";"1,066";"0,000";"0,932";"0,000";"0,752";"0,000";"2,749";"0,000";"0,000";"0,000";"0,000";"0,305";"1,066";"0,932";"0,752";"2,749";"0,000";"0,000";"0,000";
"01/01/2024 08:30";"0,950";"0,000";"0,888";"0,000";"0,658";"0,000";"2,496";"0,000";"0,000";"0,000";"0,000";"0,173";"0,950";"0,888";"0,658";"2,496";"0,000";"0,000";"0,000";
"01/01/2024 08:40";"1,034";"0,000";"1,008";"0,000";"0,746";"0,000";"2,788";"0,000";"0,000";"0,000";"0,000";"0,113";"1,034";"1,008";"0,746";"2,788";"0,000";"0,000";"0,000";
"01/01/2024 08:50";"0,494";"0,000";"0,430";"0,000";"0,673";"0,000";"1,597";"0,000";"0,000";"0,000";"0,000";"0,159";"0,494";"0,430";"0,673";"1,597";"0,000";"0,000";"0,000";
"01/01/2024 09:00";"0,449";"0,000";"0,387";"0,000";"0,690";"0,000";"1,526";"0,000";"0,000";"0,000";"0,000";"0,214";"0,460";"0,398";"0,702";"1,560";"0,034";"0,018";"0,016";
"01/01/2024 09:10";"0,685";"0,000";"0,398";"0,000";"0,690";"0,000";"1,772";"0,000";"0,000";"0,000";"0,000";"0,209";"0,711";"0,424";"0,716";"1,852";"0,080";"0,042";"0,038";
"01/01/2024 09:20";"0,912";"0,000";"0,595";"0,000";"0,642";"0,000";"2,150";"0,000";"0,002";"0,000";"0,000";"0,155";"0,963";"0,646";"0,692";"2,301";"0,151";"0,079";"0,072";
"01/01/2024 09:30";"0,930";"0,000";"0,841";"0,000";"0,654";"0,000";"2,425";"0,000";"0,025";"0,000";"0,000";"0,028";"0,992";"0,902";"0,715";"2,609";"0,184";"0,096";"0,088";
"01/01/2024 09:40";"0,535";"0,000";"0,390";"0,000";"0,624";"0,000";"1,549";"0,000";"0,008";"0,000";"0,000";"0,090";"0,596";"0,451";"0,685";"1,732";"0,183";"0,095";"0,088";
"01/01/2024 09:50";"0,418";"0,000";"0,352";"0,000";"0,677";"0,000";"1,447";"0,000";"0,001";"0,000";"0,000";"0,214";"0,599";"0,533";"0,859";"1,991";"0,544";"0,280";"0,264";
"01/01/2024 10:00";"0,587";"0,000";"0,361";"0,000";"0,684";"0,000";"1,631";"0,000";"0,000";"0,000";"0,000";"0,187";"0,903";"0,677";"1,000";"2,579";"0,948";"0,502";"0,446";
"01/01/2024 10:10";"0,949";"0,000";"0,797";"0,000";"0,679";"0,000";"2,425";"0,000";"0,000";"0,000";"0,000";"0,194";"1,269";"1,117";"0,999";"3,386";"0,961";"0,538";"0,423";
"01/01/2024 10:20";"0,938";"0,000";"0,865";"0,000";"0,652";"0,000";"2,455";"0,000";"0,019";"0,000";"0,000";"0,121";"1,416";"1,344";"1,130";"3,890";"1,435";"0,853";"0,582";
"01/01/2024 10:30";"0,896";"0,000";"0,595";"0,000";"0,615";"0,000";"2,106";"0,000";"0,001";"0,000";"0,000";"0,148";"1,546";"1,245";"1,265";"4,055";"1,949";"1,179";"0,770";
"01/01/2024 10:40";"0,857";"0,000";"0,754";"0,000";"0,593";"0,000";"2,204";"0,000";"0,000";"0,000";"0,000";"0,216";"1,442";"1,339";"1,179";"3,960";"1,756";"1,005";"0,751";
"01/01/2024 10:50";"0,616";"0,000";"0,308";"0,000";"0,581";"0,000";"1,506";"0,000";"0,002";"0,000";"0,000";"0,105";"1,206";"0,897";"1,171";"3,274";"1,768";"1,018";"0,750";
"01/01/2024 11:00";"0,413";"0,000";"0,318";"0,000";"0,647";"0,000";"1,378";"0,000";"0,028";"0,000";"0,000";"0,109";"1,277";"1,182";"1,510";"3,969";"2,591";"1,453";"1,138";
"01/01/2024 11:10";"0,609";"0,000";"0,370";"0,000";"0,681";"0,000";"1,660";"0,000";"0,000";"0,000";"0,000";"0,180";"1,620";"1,380";"1,692";"4,692";"3,032";"1,691";"1,341";
"01/01/2024 11:20";"0,853";"0,000";"0,489";"0,000";"0,606";"0,000";"1,947";"0,000";"0,005";"0,000";"0,000";"0,119";"1,942";"1,578";"1,695";"5,215";"3,268";"1,821";"1,447";
"01/01/2024 11:30";"0,596";"0,000";"0,345";"0,000";"0,591";"0,000";"1,532";"0,000";"0,000";"0,000";"0,000";"0,166";"1,598";"1,347";"1,593";"4,538";"3,006";"1,676";"1,330";
"01/01/2024 11:40";"0,475";"0,000";"0,416";"0,000";"0,546";"0,000";"1,437";"0,000";"0,000";"0,000";"0,000";"0,176";"1,518";"1,459";"1,589";"4,566";"3,129";"1,743";"1,386";
"01/01/2024 11:50";"0,880";"0,000";"0,472";"0,000";"0,491";"0,000";"1,843";"0,000";"0,000";"0,000";"0,000";"0,156";"1,988";"1,580";"1,599";"5,167";"3,324";"1,847";"1,477";
"01/01/2024 12:00";"0,404";"0,000";"0,314";"0,000";"0,479";"0,000";"1,197";"0,000";"0,027";"0,000";"0,000";"0,033";"1,399";"1,309";"1,474";"4,183";"2,986";"1,564";"1,422";
"01/01/2024 12:10";"0,441";"0,000";"0,355";"0,000";"0,548";"0,000";"1,344";"0,000";"0,022";"0,000";"0,000";"0,144";"1,441";"1,356";"1,548";"4,345";"3,001";"1,520";"1,481";
"01/01/2024 12:20";"0,717";"0,000";"0,418";"0,000";"0,691";"0,000";"1,827";"0,000";"0,000";"0,000";"0,000";"0,228";"1,644";"1,345";"1,618";"4,608";"2,781";"1,415";"1,366";
"01/01/2024 12:30";"0,529";"0,000";"0,454";"0,000";"0,636";"0,000";"1,619";"0,000";"0,007";"0,000";"0,000";"0,090";"1,382";"1,307";"1,489";"4,179";"2,560";"1,306";"1,254";
"01/01/2024 12:40";"0,409";"0,000";"0,344";"0,000";"0,663";"0,000";"1,416";"0,000";"0,036";"0,000";"0,000";"0,078";"1,359";"1,293";"1,613";"4,265";"2,849";"1,449";"1,400";
"01/01/2024 12:50";"0,536";"0,000";"0,401";"0,000";"0,655";"0,000";"1,593";"0,000";"0,000";"0,000";"0,000";"0,162";"1,626";"1,492";"1,745";"4,864";"3,271";"1,662";"1,609";
"01/01/2024 13:00";"0,776";"0,000";"0,386";"0,000";"0,582";"0,000";"1,744";"0,000";"0,012";"0,000";"0,000";"0,147";"1,841";"1,450";"1,647";"4,937";"3,193";"1,622";"1,571";
"01/01/2024 13:10";"0,403";"0,000";"0,326";"0,000";"0,602";"0,000";"1,331";"0,000";"0,048";"0,000";"0,000";"0,000";"1,264";"1,187";"1,463";"3,914";"2,583";"1,308";"1,275";
"01/01/2024 13:20";"0,398";"0,000";"0,335";"0,000";"0,622";"0,000";"1,355";"0,000";"0,004";"0,000";"0,000";"0,156";"1,099";"1,036";"1,323";"3,458";"2,103";"1,067";"1,036";
"01/01/2024 13:30";"0,763";"0,000";"0,470";"0,000";"0,620";"0,000";"1,854";"0,000";"0,000";"0,000";"0,000";"0,226";"1,297";"1,005";"1,155";"3,457";"1,603";"0,814";"0,789";
"01/01/2024 13:40";"0,459";"0,000";"0,322";"0,000";"0,563";"0,000";"1,344";"0,000";"0,036";"0,000";"0,000";"0,011";"1,031";"0,894";"1,135";"3,060";"1,716";"0,871";"0,845";
"01/01/2024 13:50";"0,502";"0,000";"0,326";"0,000";"0,609";"0,000";"1,437";"0,000";"0,087";"0,000";"0,000";"0,017";"1,167";"0,992";"1,275";"3,434";"1,997";"1,013";"0,984";
"01/01/2024 14:00";"0,698";"0,000";"0,364";"0,000";"0,656";"0,000";"1,718";"0,000";"0,000";"0,000";"0,000";"0,132";"1,440";"1,105";"1,397";"3,942";"2,224";"1,128";"1,096";
"01/01/2024 14:10";"0,732";"0,000";"0,424";"0,000";"0,571";"0,000";"1,727";"0,000";"0,027";"0,000";"0,000";"0,076";"1,420";"1,112";"1,259";"3,791";"2,064";"1,047";"1,017";
"01/01/2024 14:20";"0,502";"0,000";"0,329";"0,000";"0,618";"0,000";"1,449";"0,000";"0,072";"0,000";"0,000";"0,011";"1,129";"0,955";"1,245";"3,329";"1,880";"0,954";"0,926";
"01/01/2024 14:30";"0,747";"0,000";"0,331";"0,000";"0,633";"0,000";"1,712";"0,000";"0,009";"0,000";"0,000";"0,112";"1,513";"1,097";"1,399";"4,009";"2,297";"1,164";"1,133";
"01/01/2024 14:40";"1,090";"0,000";"0,493";"0,000";"0,598";"0,000";"2,180";"0,000";"0,000";"0,000";"0,000";"0,188";"1,738";"1,141";"1,246";"4,124";"1,944";"0,986";"0,958";
"01/01/2024 14:50";"0,378";"0,000";"0,314";"0,000";"0,581";"0,000";"1,273";"0,000";"0,040";"0,000";"0,000";"0,007";"0,878";"0,814";"1,081";"2,773";"1,500";"0,762";"0,738";
"01/01/2024 15:00";"0,393";"0,000";"0,334";"0,000";"0,600";"0,000";"1,327";"0,000";"0,051";"0,000";"0,000";"0,054";"0,822";"0,763";"1,029";"2,614";"1,287";"0,655";"0,632";
"01/01/2024 15:10";"0,431";"0,000";"0,350";"0,000";"0,631";"0,000";"1,412";"0,000";"0,000";"0,000";"0,000";"0,204";"0,756";"0,676";"0,956";"2,389";"0,976";"0,497";"0,479";
"01/01/2024 15:20";"0,432";"0,000";"0,335";"0,000";"0,625";"0,000";"1,392";"0,000";"0,000";"0,000";"0,000";"0,152";"0,735";"0,639";"0,928";"2,302";"0,910";"0,463";"0,447";
"01/01/2024 15:30";"0,500";"0,000";"0,309";"0,000";"0,591";"0,000";"1,399";"0,000";"0,000";"0,000";"0,000";"0,139";"0,770";"0,579";"0,861";"2,210";"0,811";"0,413";"0,398";
"01/01/2024 15:40";"0,395";"0,000";"0,286";"0,000";"0,565";"0,000";"1,246";"0,000";"0,016";"0,000";"0,000";"0,017";"0,624";"0,514";"0,793";"1,931";"0,685";"0,349";"0,336";
"01/01/2024 15:50";"0,402";"0,000";"0,337";"0,000";"0,614";"0,000";"1,352";"0,000";"0,017";"0,000";"0,000";"0,077";"0,542";"0,477";"0,754";"1,772";"0,420";"0,215";"0,205";
"01/01/2024 16:00";"0,579";"0,000";"0,361";"0,000";"0,630";"0,000";"1,570";"0,000";"0,000";"0,000";"0,000";"0,174";"0,701";"0,482";"0,752";"1,934";"0,364";"0,186";"0,178";
"01/01/2024 16:10";"0,635";"0,000";"0,383";"0,000";"0,540";"0,000";"1,558";"0,000";"0,000";"0,000";"0,000";"0,131";"0,771";"0,519";"0,675";"1,964";"0,406";"0,208";"0,198";
"01/01/2024 16:20";"0,395";"0,000";"0,348";"0,000";"0,603";"0,000";"1,346";"0,000";"0,037";"0,000";"0,000";"0,035";"0,493";"0,446";"0,701";"1,640";"0,294";"0,151";"0,143";
"01/01/2024 16:30";"0,418";"0,000";"0,326";"0,000";"0,617";"0,000";"1,361";"0,000";"0,014";"0,000";"0,000";"0,115";"0,489";"0,397";"0,688";"1,574";"0,213";"0,110";"0,103";
"01/01/2024 16:40";"0,746";"0,000";"0,426";"0,000";"0,450";"0,000";"1,621";"0,000";"0,000";"0,000";"0,000";"0,145";"0,804";"0,484";"0,509";"1,797";"0,176";"0,091";"0,085";
"01/01/2024 16:50";"0,372";"0,000";"0,318";"0,000";"0,536";"0,000";"1,227";"0,000";"0,035";"0,000";"0,000";"0,008";"0,421";"0,367";"0,585";"1,372";"0,145";"0,075";"0,070";
"01/01/2024 17:00";"0,421";"0,000";"0,330";"0,000";"0,636";"0,000";"1,387";"0,000";"0,020";"0,000";"0,000";"0,184";"0,444";"0,353";"0,659";"1,456";"0,069";"0,036";"0,033";
"01/01/2024 17:10";"0,662";"0,000";"0,403";"0,000";"0,663";"0,000";"1,727";"0,000";"0,000";"0,000";"0,000";"0,185";"0,683";"0,425";"0,685";"1,792";"0,065";"0,034";"0,031";
"01/01/2024 17:20";"0,530";"0,000";"0,349";"0,000";"0,529";"0,000";"1,408";"0,000";"0,007";"0,000";"0,000";"0,062";"0,568";"0,387";"0,567";"1,522";"0,114";"0,059";"0,055";
"01/01/2024 17:30";"0,423";"0,000";"0,320";"0,000";"0,620";"0,000";"1,362";"0,000";"0,037";"0,000";"0,000";"0,035";"0,444";"0,341";"0,641";"1,426";"0,064";"0,033";"0,031";
"01/01/2024 17:40";"0,469";"0,000";"0,412";"0,000";"0,653";"0,000";"1,534";"0,000";"0,001";"0,000";"0,000";"0,168";"0,474";"0,417";"0,658";"1,549";"0,015";"0,008";"0,007";
"01/01/2024 17:50";"0,949";"0,000";"0,430";"0,000";"0,590";"0,000";"1,969";"0,000";"0,002";"0,000";"0,000";"0,142";"0,949";"0,430";"0,590";"1,969";"0,000";"0,000";"0,000";
"01/01/2024 18:00";"0,712";"0,000";"0,407";"0,000";"0,659";"0,000";"1,778";"0,000";"0,011";"0,000";"0,000";"0,059";"0,712";"0,407";"0,659";"1,778";"0,000";"0,000";"0,000";
"01/01/2024 18:10";"0,594";"0,000";"0,503";"0,000";"0,752";"0,000";"1,849";"0,000";"0,000";"0,000";"0,000";"0,272";"0,594";"0,503";"0,752";"1,849";"0,000";"0,000";"0,000";
"01/01/2024 18:20";"0,861";"0,000";"0,581";"0,000";"0,779";"0,000";"2,221";"0,000";"0,000";"0,000";"0,000";"0,239";"0,861";"0,581";"0,779";"2,221";"0,000";"0,000";"0,000";
"01/01/2024 18:30";"0,603";"0,000";"0,490";"0,000";"0,696";"0,000";"1,790";"0,000";"0,000";"0,000";"0,000";"0,093";"0,603";"0,490";"0,696";"1,790";"0,000";"0,000";"0,000";
"01/01/2024 18:40";"0,553";"0,000";"0,508";"0,000";"0,764";"0,000";"1,824";"0,000";"0,000";"0,000";"0,000";"0,210";"0,553";"0,508";"0,764";"1,824";"0,000";"0,000";"0,000";
"01/01/2024 18:50";"0,637";"0,000";"0,534";"0,000";"0,776";"0,000";"1,947";"0,000";"0,000";"0,000";"0,000";"0,333";"0,637";"0,534";"0,776";"1,947";"0,000";"0,000";"0,000";
"01/01/2024 19:00";"0,817";"0,000";"0,571";"0,000";"0,717";"0,000";"2,104";"0,000";"0,003";"0,000";"0,000";"0,159";"0,817";"0,571";"0,717";"2,104";"0,000";"0,000";"0,000";
"01/01/2024 19:10";"0,560";"0,000";"0,491";"0,000";"0,749";"0,000";"1,799";"0,000";"0,002";"0,000";"0,000";"0,059";"0,560";"0,491";"0,749";"1,799";"0,000";"0,000";"0,000";
"01/01/2024 19:20";"0,560";"0,000";"0,525";"0,000";"0,762";"0,000";"1,847";"0,000";"0,000";"0,000";"0,000";"0,249";"0,560";"0,525";"0,762";"1,847";"0,000";"0,000";"0,000";
"01/01/2024 19:30";"0,905";"0,000";"0,622";"0,000";"0,752";"0,000";"2,279";"0,000";"0,000";"0,000";"0,000";"0,279";"0,905";"0,622";"0,752";"2,279";"0,000";"0,000";"0,000";
"01/01/2024 19:40";"1,006";"0,000";"0,742";"0,000";"0,715";"0,000";"2,463";"0,000";"0,003";"0,000";"0,000";"0,082";"1,006";"0,742";"0,715";"2,463";"0,000";"0,000";"0,000";
"01/01/2024 19:50";"0,877";"0,000";"0,805";"0,000";"0,628";"0,000";"2,310";"0,000";"0,001";"0,000";"0,000";"0,183";"0,877";"0,805";"0,628";"2,310";"0,000";"0,000";"0,000";
"01/01/2024 20:00";"0,533";"0,000";"0,486";"0,000";"0,599";"0,000";"1,618";"0,000";"0,003";"0,000";"0,000";"0,071";"0,533";"0,486";"0,599";"1,618";"0,000";"0,000";"0,000";
"01/01/2024 20:10";"0,463";"0,000";"0,396";"0,000";"0,546";"0,000";"1,405";"0,000";"0,000";"0,000";"0,000";"0,193";"0,463";"0,396";"0,546";"1,405";"0,000";"0,000";"0,000";
"01/01/2024 20:20";"0,507";"0,000";"0,481";"0,000";"0,599";"0,000";"1,587";"0,000";"0,001";"0,000";"0,000";"0,084";"0,507";"0,481";"0,599";"1,587";"0,000";"0,000";"0,000";
"01/01/2024 20:30";"0,541";"0,000";"0,509";"0,000";"0,640";"0,000";"1,691";"0,000";"0,002";"0,000";"0,000";"0,065";"0,541";"0,509";"0,640";"1,691";"0,000";"0,000";"0,000";
"01/01/2024 20:40";"1,056";"0,000";"0,743";"0,000";"0,648";"0,000";"2,447";"0,000";"0,000";"0,000";"0,000";"0,239";"1,056";"0,743";"0,648";"2,447";"0,000";"0,000";"0,000";
"01/01/2024 20:50";"1,045";"0,000";"0,833";"0,000";"0,761";"0,000";"2,639";"0,000";"0,000";"0,000";"0,000";"0,102";"1,045";"0,833";"0,761";"2,639";"0,000";"0,000";"0,000";
"01/01/2024 21:00";"0,799";"0,000";"0,737";"0,000";"0,689";"0,000";"2,224";"0,000";"0,002";"0,000";"0,000";"0,157";"0,799";"0,737";"0,689";"2,224";"0,000";"0,000";"0,000";
"01/01/2024 21:10";"0,577";"0,000";"0,497";"0,000";"0,754";"0,000";"1,828";"0,000";"0,007";"0,000";"0,000";"0,074";"0,577";"0,497";"0,754";"1,828";"0,000";"0,000";"0,000";
"01/01/2024 21:20";"0,843";"0,000";"0,568";"0,000";"0,818";"0,000";"2,230";"0,000";"0,000";"0,000";"0,000";"0,272";"0,843";"0,568";"0,818";"2,230";"0,000";"0,000";"0,000";
"01/01/2024 21:30";"1,138";"0,000";"0,685";"0,000";"0,765";"0,000";"2,588";"0,000";"0,000";"0,000";"0,000";"0,255";"1,138";"0,685";"0,765";"2,588";"0,000";"0,000";"0,000";
"01/01/2024 21:40";"1,024";"0,000";"0,763";"0,000";"0,725";"0,000";"2,512";"0,000";"0,000";"0,000";"0,000";"0,138";"1,024";"0,763";"0,725";"2,512";"0,000";"0,000";"0,000";
"01/01/2024 21:50";"0,842";"0,000";"0,799";"0,000";"0,702";"0,000";"2,342";"0,000";"0,002";"0,000";"0,000";"0,152";"0,842";"0,799";"0,702";"2,342";"0,000";"0,000";"0,000";
"01/01/2024 22:00";"0,536";"0,000";"0,470";"0,000";"0,738";"0,000";"1,744";"0,000";"0,005";"0,000";"0,000";"0,054";"0,536";"0,470";"0,738";"1,744";"0,000";"0,000";"0,000";
"01/01/2024 22:10";"0,579";"0,000";"0,521";"0,000";"0,783";"0,000";"1,883";"0,000";"0,000";"0,000";"0,000";"0,212";"0,579";"0,521";"0,783";"1,883";"0,000";"0,000";"0,000";
"01/01/2024 22:20";"0,839";"0,000";"0,568";"0,000";"0,729";"0,000";"2,136";"0,000";"0,000";"0,000";"0,000";"0,258";"0,839";"0,568";"0,729";"2,136";"0,000";"0,000";"0,000";
"01/01/2024 22:30";"0,569";"0,000";"0,476";"0,000";"0,712";"0,000";"1,757";"0,000";"0,002";"0,000";"0,000";"0,085";"0,569";"0,476";"0,712";"1,757";"0,000";"0,000";"0,000";
"01/01/2024 22:40";"0,533";"0,000";"0,496";"0,000";"0,736";"0,000";"1,765";"0,000";"0,003";"0,000";"0,000";"0,051";"0,533";"0,496";"0,736";"1,765";"0,000";"0,000";"0,000";
"01/01/2024 22:50";"0,644";"0,000";"0,537";"0,000";"0,769";"0,000";"1,951";"0,000";"0,000";"0,000";"0,000";"0,218";"0,644";"0,537";"0,769";"1,951";"0,000";"0,000";"0,000";
"01/01/2024 23:00";"0,742";"0,000";"0,537";"0,000";"0,686";"0,000";"1,964";"0,000";"0,000";"0,000";"0,000";"0,138";"0,742";"0,537";"0,686";"1,964";"0,000";"0,000";"0,000";
"01/01/2024 23:10";"0,509";"0,000";"0,481";"0,000";"0,729";"0,000";"1,718";"0,000";"0,001";"0,000";"0,000";"0,113";"0,509";"0,481";"0,729";"1,718";"0,000";"0,000";"0,000";
"01/01/2024 23:20";"0,558";"0,000";"0,529";"0,000";"0,762";"0,000";"1,849";"0,000";"0,000";"0,000";"0,000";"0,218";"0,558";"0,529";"0,762";"1,849";"0,000";"0,000";"0,000";
"01/01/2024 23:30";"0,863";"0,000";"0,560";"0,000";"0,718";"0,000";"2,142";"0,000";"0,000";"0,000";"0,000";"0,244";"0,863";"0,560";"0,718";"2,142";"0,000";"0,000";"0,000";
"01/01/2024 23:40";"0,539";"0,000";"0,511";"0,000";"0,729";"0,000";"1,778";"0,000";"0,007";"0,000";"0,000";"0,061";"0,539";"0,511";"0,729";"1,778";"0,000";"0,000";"0,000";
"01/01/2024 23:50";"0,534";"0,000";"0,489";"0,000";"0,735";"0,000";"1,758";"0,000";"0,000";"0,000";"0,000";"0,172";"0,534";"0,489";"0,735";"1,758";"0,000";"0,000";"0,000";
"02/01/2024 00:00";"0,708";"0,000";"0,499";"0,000";"0,758";"0,000";"1,966";"0,000";"0,007";"0,000";"0,000";"0,183";"0,708";"0,499";"0,758";"1,966";"0,000";"0,000";"0,000";
"02/01/2024 00:10";"0,667";"0,000";"0,532";"0,000";"0,690";"0,000";"1,889";"0,000";"0,000";"0,000";"0,000";"0,115";"0,667";"0,532";"0,690";"1,889";"0,000";"0,000";"0,000";
"02/01/2024 00:20";"0,516";"0,000";"0,473";"0,000";"0,717";"0,000";"1,706";"0,000";"0,002";"0,000";"0,000";"0,154";"0,516";"0,473";"0,717";"1,706";"0,000";"0,000";"0,000";
"02/01/2024 00:30";"0,471";"0,000";"0,437";"0,000";"0,668";"0,000";"1,577";"0,000";"0,000";"0,000";"0,000";"0,119";"0,471";"0,437";"0,668";"1,577";"0,000";"0,000";"0,000";
"02/01/2024 00:40";"0,962";"0,000";"0,525";"0,000";"0,656";"0,000";"2,143";"0,000";"0,000";"0,000";"0,000";"0,125";"0,962";"0,525";"0,656";"2,143";"0,000";"0,000";"0,000";
"02/01/2024 00:50";"1,207";"0,000";"1,033";"0,000";"0,632";"0,000";"2,872";"0,000";"0,000";"0,000";"0,000";"0,205";"1,207";"1,033";"0,632";"2,872";"0,000";"0,000";"0,000";
"02/01/2024 01:00";"0,933";"0,000";"0,486";"0,000";"0,666";"0,000";"2,085";"0,000";"0,000";"0,000";"0,000";"0,110";"0,933";"0,486";"0,666";"2,085";"0,000";"0,000";"0,000";
"02/01/2024 01:10";"0,632";"0,000";"0,538";"0,000";"0,677";"0,000";"1,846";"0,000";"0,005";"0,000";"0,000";"0,138";"0,632";"0,538";"0,677";"1,846";"0,000";"0,000";"0,000";
"02/01/2024 01:20";"0,544";"0,000";"0,490";"0,000";"0,618";"0,000";"1,652";"0,000";"0,000";"0,000";"0,000";"0,293";"0,544";"0,490";"0,618";"1,652";"0,000";"0,000";"0,000";
"02/01/2024 01:30";"0,663";"0,000";"0,473";"0,000";"0,595";"0,000";"1,731";"0,000";"0,000";"0,000";"0,000";"0,199";"0,663";"0,473";"0,595";"1,731";"0,000";"0,000";"0,000";
"02/01/2024 01:40";"0,521";"0,000";"0,511";"0,000";"0,611";"0,000";"1,643";"0,000";"0,004";"0,000";"0,000";"0,063";"0,521";"0,511";"0,611";"1,643";"0,000";"0,000";"0,000";
"02/01/2024 01:50";"0,546";"0,000";"0,474";"0,000";"0,618";"0,000";"1,638";"0,000";"0,004";"0,000";"0,000";"0,050";"0,546";"0,474";"0,618";"1,638";"0,000";"0,000";"0,000";
"02/01/2024 02:00";"0,768";"0,000";"0,538";"0,000";"0,661";"0,000";"1,967";"0,000";"0,000";"0,000";"0,000";"0,128";"0,768";"0,538";"0,661";"1,967";"0,000";"0,000";"0,000";
"02/01/2024 02:10";"0,677";"0,000";"0,553";"0,000";"0,564";"0,000";"1,794";"0,000";"0,004";"0,000";"0,000";"0,086";"0,677";"0,553";"0,564";"1,794";"0,000";"0,000";"0,000";
"02/01/2024 02:20";"0,614";"0,000";"0,481";"0,000";"0,717";"0,000";"1,812";"0,000";"0,018";"0,000";"0,000";"0,039";"0,614";"0,481";"0,717";"1,812";"0,000";"0,000";"0,000";
"02/01/2024 02:30";"0,638";"0,000";"0,494";"0,000";"0,807";"0,000";"1,939";"0,000";"0,009";"0,000";"0,000";"0,163";"0,638";"0,494";"0,807";"1,939";"0,000";"0,000";"0,000";
"02/01/2024 02:40";"1,097";"0,000";"0,566";"0,000";"0,771";"0,000";"2,434";"0,000";"0,000";"0,000";"0,000";"0,171";"1,097";"0,566";"0,771";"2,434";"0,000";"0,000";"0,000";
"02/01/2024 02:50";"1,145";"0,000";"0,953";"0,000";"0,792";"0,000";"2,890";"0,000";"0,009";"0,000";"0,000";"0,069";"1,145";"0,953";"0,792";"2,890";"0,000";"0,000";"0,000";
"02/01/2024 03:00";"0,772";"0,000";"0,481";"0,000";"0,743";"0,000";"1,995";"0,000";"0,000";"0,000";"0,000";"0,132";"0,772";"0,481";"0,743";"1,995";"0,000";"0,000";"0,000";
"02/01/2024 03:10";"0,535";"0,000";"0,499";"0,000";"0,791";"0,000";"1,825";"0,000";"0,000";"0,000";"0,000";"0,130";"0,535";"0,499";"0,791";"1,825";"0,000";"0,000";"0,000";
"02/01/2024 03:20";"0,539";"0,000";"0,525";"0,000";"0,594";"0,000";"1,658";"0,000";"0,007";"0,000";"0,000";"0,088";"0,539";"0,525";"0,594";"1,658";"0,000";"0,000";"0,000";
"02/01/2024 03:30";"0,850";"0,000";"0,581";"0,000";"0,744";"0,000";"2,175";"0,000";"0,000";"0,000";"0,000";"0,224";"0,850";"0,581";"0,744";"2,175";"0,000";"0,000";"0,000";
"02/01/2024 03:40";"0,536";"0,000";"0,499";"0,000";"0,759";"0,000";"1,794";"0,000";"0,011";"0,000";"0,000";"0,046";"0,536";"0,499";"0,759";"1,794";"0,000";"0,000";"0,000";
"02/01/2024 03:50";"0,540";"0,000";"0,479";"0,000";"0,783";"0,000";"1,802";"0,000";"0,000";"0,000";"0,000";"0,223";"0,540";"0,479";"0,783";"1,802";"0,000";"0,000";"0,000";
"02/01/2024 04:00";"0,547";"0,000";"0,504";"0,000";"0,804";"0,000";"1,855";"0,000";"0,004";"0,000";"0,000";"0,163";"0,547";"0,504";"0,804";"1,855";"0,000";"0,000";"0,000";
"02/01/2024 04:10";"0,571";"0,000";"0,512";"0,000";"0,694";"0,000";"1,778";"0,000";"0,000";"0,000";"0,000";"0,236";"0,571";"0,512";"0,694";"1,778";"0,000";"0,000";"0,000";
"02/01/2024 04:20";"0,907";"0,000";"0,598";"0,000";"0,601";"0,000";"2,105";"0,000";"0,000";"0,000";"0,000";"0,293";"0,907";"0,598";"0,601";"2,105";"0,000";"0,000";"0,000";
"02/01/2024 04:30";"0,789";"0,000";"0,498";"0,000";"0,637";"0,000";"1,924";"0,000";"0,000";"0,000";"0,000";"0,066";"0,789";"0,498";"0,637";"1,924";"0,000";"0,000";"0,000";
"02/01/2024 04:40";"0,741";"0,000";"0,493";"0,000";"0,649";"0,000";"1,883";"0,000";"0,004";"0,000";"0,000";"0,141";"0,741";"0,493";"0,649";"1,883";"0,000";"0,000";"0,000";
"02/01/2024 04:50";"0,729";"0,000";"0,558";"0,000";"0,650";"0,000";"1,938";"0,000";"0,000";"0,000";"0,000";"0,254";"0,729";"0,558";"0,650";"1,938";"0,000";"0,000";"0,000";
"02/01/2024 05:00";"0,665";"0,000";"0,581";"0,000";"0,588";"0,000";"1,834";"0,000";"0,004";"0,000";"0,000";"0,125";"0,665";"0,581";"0,588";"1,834";"0,000";"0,000";"0,000";
"02/01/2024 05:10";"0,543";"0,000";"0,490";"0,000";"0,811";"0,000";"1,844";"0,000";"0,000";"0,000";"0,000";"0,231";"0,543";"0,490";"0,811";"1,844";"0,000";"0,000";"0,000";
"02/01/2024 05:20";"0,877";"0,000";"0,773";"0,000";"0,950";"0,000";"2,600";"0,000";"0,087";"0,000";"0,000";"0,278";"0,877";"0,773";"0,950";"2,600";"0,000";"0,000";"0,000";
"02/01/2024 05:30";"2,547";"0,000";"1,865";"0,000";"1,919";"0,000";"6,331";"0,000";"0,269";"0,000";"0,000";"0,006";"2,547";"1,865";"1,919";"6,331";"0,000";"0,000";"0,000";
"02/01/2024 05:40";"2,107";"0,000";"1,509";"0,000";"1,636";"0,000";"5,253";"0,000";"0,181";"0,000";"0,000";"0,020";"2,107";"1,509";"1,636";"5,253";"0,000";"0,000";"0,000";
"02/01/2024 05:50";"1,911";"0,000";"1,509";"0,000";"1,640";"0,000";"5,060";"0,000";"0,064";"0,000";"0,000";"0,016";"1,911";"1,509";"1,640";"5,060";"0,000";"0,000";"0,000";
"02/01/2024 06:00";"5,683";"0,000";"5,300";"0,000";"5,847";"0,000";"16,830";"0,000";"1,674";"0,000";"0,000";"0,093";"5,683";"5,300";"5,847";"16,830";"0,000";"0,000";"0,000";
"02/01/2024 06:10";"6,801";"0,000";"6,388";"0,000";"7,162";"0,000";"20,350";"0,000";"2,233";"0,000";"0,000";"0,168";"6,801";"6,388";"7,162";"20,350";"0,000";"0,000";"0,000";
"02/01/2024 06:20";"7,267";"0,000";"6,835";"0,000";"7,416";"0,000";"21,517";"0,000";"3,728";"0,000";"0,000";"0,017";"7,267";"6,835";"7,416";"21,517";"0,000";"0,000";"0,000";
"02/01/2024 06:30";"7,307";"0,000";"6,716";"0,000";"7,302";"0,000";"21,325";"0,000";"2,446";"0,000";"0,000";"0,107";"7,307";"6,716";"7,302";"21,325";"0,000";"0,000";"0,000";
"02/01/2024 06:40";"6,738";"0,000";"6,153";"0,000";"6,744";"0,000";"19,635";"0,000";"1,708";"0,000";"0,000";"0,128";"6,738";"6,153";"6,744";"19,635";"0,000";"0,000";"0,000";
"02/01/2024 06:50";"7,077";"0,000";"6,541";"0,000";"7,277";"0,000";"20,894";"0,000";"1,808";"0,000";"0,000";"0,188";"7,077";"6,541";"7,277";"20,894";"0,000";"0,000";"0,000";
"02/01/2024 07:00";"7,820";"0,000";"7,501";"0,000";"8,364";"0,000";"23,685";"0,000";"1,391";"0,000";"0,000";"0,067";"7,820";"7,501";"8,364";"23,685";"0,000";"0,000";"0,000";
"02/01/2024 07:10";"8,901";"0,000";"8,475";"0,000";"9,108";"0,000";"26,484";"0,000";"2,321";"0,000";"0,000";"0,031";"8,901";"8,475";"9,108";"26,484";"0,000";"0,000";"0,000";
"02/01/2024 07:20";"8,385";"0,000";"7,997";"0,000";"8,385";"0,000";"24,767";"0,000";"0,986";"0,000";"0,000";"0,212";"8,385";"7,997";"8,385";"24,767";"0,000";"0,000";"0,000";
"02/01/2024 07:30";"8,480";"0,000";"8,321";"0,000";"8,246";"0,000";"25,047";"0,000";"1,575";"0,000";"0,000";"0,052";"8,480";"8,321";"8,246";"25,047";"0,000";"0,000";"0,000";
"02/01/2024 07:40";"9,776";"0,000";"9,637";"0,000";"9,529";"0,000";"28,941";"0,000";"1,207";"0,000";"0,000";"0,123";"9,776";"9,637";"9,529";"28,941";"0,000";"0,000";"0,000";
"02/01/2024 07:50";"8,245";"0,000";"7,983";"0,000";"8,005";"0,000";"24,234";"0,000";"1,576";"0,000";"0,000";"0,046";"8,245";"7,983";"8,005";"24,234";"0,000";"0,000";"0,000";
"02/01/2024 08:00";"7,361";"0,000";"6,797";"0,000";"7,370";"0,000";"21,528";"0,000";"0,717";"0,000";"0,000";"0,203";"7,361";"6,797";"7,370";"21,528";"0,000";"0,000";"0,000";
"02/01/2024 08:10";"7,480";"0,000";"6,896";"0,000";"7,200";"0,000";"21,576";"0,000";"1,027";"0,000";"0,000";"0,143";"7,480";"6,896";"7,200";"21,576";"0,000";"0,000";"0,000";
"02/01/2024 08:20";"7,880";"0,000";"7,013";"0,000";"7,391";"0,000";"22,284";"0,000";"1,981";"0,000";"0,000";"0,092";"7,880";"7,013";"7,391";"22,284";"0,000";"0,000";"0,000";
"02/01/2024 08:30";"7,204";"0,000";"6,674";"0,000";"7,486";"0,000";"21,364";"0,000";"1,442";"0,000";"0,000";"0,120";"7,204";"6,674";"7,486";"21,364";"0,000";"0,000";"0,000";
"02/01/2024 08:40";"7,995";"0,000";"7,472";"0,000";"8,123";"0,000";"23,591";"0,000";"1,868";"0,000";"0,000";"0,069";"7,995";"7,472";"8,123";"23,591";"0,000";"0,000";"0,000";
"02/01/2024 08:50";"7,614";"0,000";"6,820";"0,000";"7,716";"0,000";"22,150";"0,000";"2,065";"0,000";"0,000";"0,071";"7,614";"6,820";"7,716";"22,150";"0,000";"0,000";"0,000";
"02/01/2024 09:00";"7,459";"0,000";"6,775";"0,000";"7,456";"0,000";"21,689";"0,000";"1,985";"0,000";"0,000";"0,088";"7,459";"6,775";"7,456";"21,689";"0,000";"0,000";"0,000";
"02/01/2024 09:10";"8,358";"0,000";"7,676";"0,000";"7,880";"0,000";"23,914";"0,000";"2,295";"0,000";"0,000";"0,050";"8,358";"7,676";"7,880";"23,914";"0,000";"0,000";"0,000";
"02/01/2024 09:20";"8,405";"0,000";"7,951";"0,000";"8,163";"0,000";"24,519";"0,000";"2,840";"0,000";"0,000";"0,058";"8,406";"7,953";"8,164";"24,523";"0,004";"0,002";"0,002";
"02/01/2024 09:30";"6,660";"0,000";"6,096";"0,000";"6,764";"0,000";"19,520";"0,000";"1,370";"0,000";"0,000";"0,099";"6,661";"6,097";"6,765";"19,523";"0,003";"0,002";"0,001";
"02/01/2024 09:40";"6,539";"0,000";"6,007";"0,000";"6,959";"0,000";"19,505";"0,000";"1,234";"0,000";"0,000";"0,118";"6,560";"6,027";"6,980";"19,566";"0,061";"0,032";"0,029";
"02/01/2024 09:50";"7,083";"0,000";"6,527";"0,000";"7,362";"0,000";"20,972";"0,000";"1,268";"0,000";"0,000";"0,088";"7,138";"6,582";"7,417";"21,136";"0,164";"0,085";"0,079";
"02/01/2024 10:00";"6,412";"0,000";"5,736";"0,000";"6,503";"0,000";"18,651";"0,000";"0,502";"0,000";"0,000";"0,164";"6,439";"5,763";"6,530";"18,732";"0,081";"0,042";"0,039";
"02/01/2024 10:10";"6,459";"0,000";"5,661";"0,000";"6,433";"0,000";"18,552";"0,000";"0,420";"0,000";"0,000";"0,248";"6,481";"5,682";"6,455";"18,617";"0,065";"0,034";"0,031";
"02/01/2024 10:20";"7,322";"0,000";"6,269";"0,000";"6,918";"0,000";"20,509";"0,000";"0,992";"0,000";"0,000";"0,163";"7,363";"6,310";"6,958";"20,631";"0,122";"0,063";"0,059";
"02/01/2024 10:30";"9,309";"0,000";"8,484";"0,000";"8,882";"0,000";"26,674";"0,000";"4,258";"0,000";"0,000";"0,000";"9,380";"8,555";"8,953";"26,887";"0,213";"0,110";"0,103";
"02/01/2024 10:40";"7,646";"0,000";"7,148";"0,000";"7,742";"0,000";"22,536";"0,000";"2,237";"0,000";"0,000";"0,038";"7,712";"7,213";"7,808";"22,732";"0,196";"0,101";"0,095";
"02/01/2024 10:50";"7,464";"0,000";"7,163";"0,000";"7,804";"0,000";"22,431";"0,000";"1,352";"0,000";"0,000";"0,050";"7,541";"7,240";"7,881";"22,663";"0,232";"0,119";"0,113";
"02/01/2024 11:00";"7,593";"0,000";"6,868";"0,000";"7,673";"0,000";"22,133";"0,000";"2,302";"0,000";"0,000";"0,092";"7,746";"7,021";"7,826";"22,592";"0,459";"0,234";"0,225";
"02/01/2024 11:10";"7,951";"0,000";"7,449";"0,000";"8,131";"0,000";"23,531";"0,000";"2,596";"0,000";"0,000";"0,011";"8,076";"7,574";"8,256";"23,905";"0,374";"0,191";"0,183";
"02/01/2024 11:20";"8,191";"0,000";"7,866";"0,000";"8,616";"0,000";"24,674";"0,000";"2,961";"0,000";"0,000";"0,001";"8,233";"7,907";"8,658";"24,798";"0,124";"0,064";"0,060";
"02/01/2024 11:30";"8,635";"0,000";"8,308";"0,000";"9,213";"0,000";"26,156";"0,000";"2,396";"0,000";"0,000";"0,001";"8,691";"8,363";"9,269";"26,323";"0,167";"0,086";"0,081";
"02/01/2024 11:40";"8,961";"0,000";"8,310";"0,000";"9,342";"0,000";"26,613";"0,000";"2,262";"0,000";"0,000";"0,004";"9,004";"8,354";"9,386";"26,744";"0,131";"0,068";"0,063";
"02/01/2024 11:50";"8,464";"0,000";"7,552";"0,000";"8,119";"0,000";"24,135";"0,000";"3,871";"0,000";"0,000";"0,001";"8,526";"7,613";"8,180";"24,319";"0,184";"0,095";"0,089";
"02/01/2024 12:00";"7,739";"0,000";"7,496";"0,000";"7,669";"0,000";"22,903";"0,000";"2,667";"0,000";"0,000";"0,008";"7,801";"7,557";"7,730";"23,088";"0,185";"0,095";"0,090";
"02/01/2024 12:10";"7,703";"0,000";"7,351";"0,000";"8,023";"0,000";"23,077";"0,000";"2,460";"0,000";"0,000";"0,005";"7,796";"7,444";"8,115";"23,354";"0,277";"0,142";"0,135";
"02/01/2024 12:20";"7,364";"0,000";"6,800";"0,000";"7,668";"0,000";"21,831";"0,000";"2,871";"0,000";"0,000";"0,003";"7,474";"6,910";"7,778";"22,161";"0,330";"0,169";"0,161";
"02/01/2024 12:30";"6,582";"0,000";"6,017";"0,000";"6,580";"0,000";"19,179";"0,000";"3,381";"0,000";"0,000";"0,066";"6,718";"6,153";"6,716";"19,588";"0,409";"0,209";"0,200";
"02/01/2024 12:40";"3,752";"0,000";"3,142";"0,000";"3,574";"0,000";"10,469";"0,000";"1,555";"0,000";"0,000";"0,218";"3,908";"3,298";"3,730";"10,936";"0,467";"0,238";"0,229";
"02/01/2024 12:50";"4,421";"0,000";"3,785";"0,000";"3,935";"0,000";"12,140";"0,000";"0,928";"0,000";"0,000";"0,225";"4,543";"3,907";"4,057";"12,506";"0,366";"0,187";"0,179";
"02/01/2024 13:00";"4,555";"0,000";"3,624";"0,000";"4,498";"0,000";"12,678";"0,000";"0,957";"0,000";"0,000";"0,400";"4,623";"3,692";"4,566";"12,880";"0,202";"0,104";"0,098";
"02/01/2024 13:10";"3,878";"0,000";"3,196";"0,000";"3,829";"0,000";"10,902";"0,000";"1,577";"0,000";"0,000";"0,296";"3,946";"3,264";"3,898";"11,107";"0,205";"0,106";"0,099";
"02/01/2024 13:20";"3,610";"0,000";"3,169";"0,000";"3,554";"0,000";"10,333";"0,000";"1,437";"0,000";"0,000";"0,360";"3,654";"3,213";"3,598";"10,464";"0,131";"0,068";"0,063";
"02/01/2024 13:30";"3,946";"0,000";"2,997";"0,000";"3,188";"0,000";"10,132";"0,000";"1,165";"0,000";"0,000";"0,317";"3,989";"3,041";"3,232";"10,262";"0,130";"0,067";"0,063";
"02/01/2024 13:40";"3,014";"0,000";"2,789";"0,000";"2,448";"0,000";"8,251";"0,000";"0,702";"0,000";"0,000";"0,251";"3,091";"2,865";"2,524";"8,481";"0,230";"0,118";"0,112";
"02/01/2024 13:50";"2,207";"0,000";"1,737";"0,000";"1,592";"0,000";"5,536";"0,000";"0,350";"0,000";"0,000";"0,029";"2,322";"1,852";"1,707";"5,881";"0,345";"0,177";"0,168";
"02/01/2024 14:00";"1,328";"0,000";"0,934";"0,000";"0,892";"0,000";"3,154";"0,000";"0,086";"0,000";"0,000";"0,019";"1,463";"1,069";"1,026";"3,558";"0,404";"0,207";"0,197";
"02/01/2024 14:10";"0,818";"0,000";"0,442";"0,000";"0,523";"0,000";"1,783";"0,000";"0,000";"0,000";"0,000";"0,120";"0,918";"0,542";"0,623";"2,084";"0,301";"0,155";"0,146";
"02/01/2024 14:20";"0,796";"0,000";"0,467";"0,000";"0,469";"0,000";"1,732";"0,000";"0,004";"0,000";"0,000";"0,114";"0,888";"0,559";"0,561";"2,008";"0,276";"0,142";"0,134";
"02/01/2024 14:30";"0,829";"0,000";"0,474";"0,000";"0,481";"0,000";"1,783";"0,000";"0,007";"0,000";"0,000";"0,100";"0,907";"0,552";"0,559";"2,018";"0,235";"0,121";"0,114";
"02/01/2024 14:40";"0,796";"0,000";"0,353";"0,000";"0,503";"0,000";"1,652";"0,000";"0,003";"0,000";"0,000";"0,144";"0,871";"0,428";"0,578";"1,877";"0,225";"0,116";"0,109";
"02/01/2024 14:50";"0,796";"0,000";"0,409";"0,000";"0,566";"0,000";"1,771";"0,000";"0,000";"0,000";"0,000";"0,113";"0,873";"0,486";"0,643";"2,002";"0,231";"0,119";"0,112";
"02/01/2024 15:00";"0,790";"0,000";"0,421";"0,000";"0,535";"0,000";"1,746";"0,000";"0,001";"0,000";"0,000";"0,058";"0,904";"0,536";"0,649";"2,089";"0,343";"0,176";"0,167";
"02/01/2024 15:10";"0,820";"0,000";"0,447";"0,000";"0,600";"0,000";"1,867";"0,000";"0,006";"0,000";"0,000";"0,175";"0,996";"0,623";"0,776";"2,396";"0,529";"0,270";"0,259";
"02/01/2024 15:20";"1,417";"0,000";"0,831";"0,000";"0,613";"0,000";"2,860";"0,000";"0,000";"0,000";"0,000";"0,213";"1,585";"0,998";"0,780";"3,363";"0,503";"0,257";"0,246";
"02/01/2024 15:30";"1,390";"0,000";"0,730";"0,000";"0,278";"0,000";"2,398";"0,000";"0,004";"0,000";"0,000";"0,161";"1,519";"0,859";"0,407";"2,786";"0,388";"0,199";"0,189";
"02/01/2024 15:40";"1,369";"0,000";"0,895";"0,000";"0,297";"0,000";"2,561";"0,000";"0,013";"0,000";"0,000";"0,066";"1,476";"1,002";"0,405";"2,884";"0,323";"0,166";"0,157";
"02/01/2024 15:50";"1,303";"0,000";"0,888";"0,000";"0,261";"0,000";"2,452";"0,000";"0,022";"0,000";"0,000";"0,076";"1,468";"1,053";"0,426";"2,948";"0,496";"0,253";"0,243";
"02/01/2024 16:00";"1,352";"0,000";"0,796";"0,000";"0,280";"0,000";"2,429";"0,000";"0,015";"0,000";"0,000";"0,063";"1,559";"1,003";"0,487";"3,049";"0,620";"0,316";"0,304";
"02/01/2024 16:10";"0,891";"0,000";"0,385";"0,000";"0,243";"0,000";"1,519";"0,000";"0,040";"0,000";"0,000";"0,025";"1,062";"0,557";"0,415";"2,034";"0,515";"0,263";"0,252";
"02/01/2024 16:20";"0,914";"0,000";"0,445";"0,000";"0,274";"0,000";"1,634";"0,000";"0,018";"0,000";"0,000";"0,078";"1,112";"0,644";"0,473";"2,229";"0,595";"0,304";"0,291";
"02/01/2024 16:30";"0,914";"0,000";"0,463";"0,000";"0,291";"0,000";"1,667";"0,000";"0,000";"0,000";"0,000";"0,211";"1,056";"0,605";"0,433";"2,093";"0,426";"0,218";"0,208";
"02/01/2024 16:40";"1,046";"0,000";"0,326";"0,000";"0,233";"0,000";"1,606";"0,000";"0,005";"0,000";"0,000";"0,118";"1,107";"0,387";"0,294";"1,788";"0,182";"0,094";"0,088";
"02/01/2024 16:50";"0,870";"0,000";"0,424";"0,000";"0,291";"0,000";"1,586";"0,000";"0,006";"0,000";"0,000";"0,061";"0,930";"0,484";"0,350";"1,764";"0,178";"0,092";"0,086";
"02/01/2024 17:00";"1,008";"0,000";"0,509";"0,000";"0,347";"0,000";"1,864";"0,000";"0,000";"0,000";"0,000";"0,249";"1,030";"0,531";"0,370";"1,931";"0,067";"0,035";"0,032";
"02/01/2024 17:10";"1,172";"0,000";"0,311";"0,000";"0,230";"0,000";"1,713";"0,000";"0,000";"0,000";"0,000";"0,201";"1,204";"0,343";"0,262";"1,810";"0,097";"0,050";"0,047";
"02/01/2024 17:20";"0,960";"0,000";"0,430";"0,000";"0,299";"0,000";"1,689";"0,000";"0,008";"0,000";"0,000";"0,037";"0,984";"0,454";"0,323";"1,761";"0,072";"0,037";"0,035";
"02/01/2024 17:30";"1,034";"0,000";"0,484";"0,000";"0,346";"0,000";"1,863";"0,000";"0,001";"0,000";"0,000";"0,168";"1,048";"0,498";"0,361";"1,907";"0,044";"0,023";"0,021";
"02/01/2024 17:40";"1,156";"0,000";"0,521";"0,000";"0,318";"0,000";"1,995";"0,000";"0,000";"0,000";"0,000";"0,229";"1,163";"0,527";"0,325";"2,014";"0,019";"0,010";"0,009";
"02/01/2024 17:50";"1,054";"0,000";"0,431";"0,000";"0,284";"0,000";"1,770";"0,000";"0,001";"0,000";"0,000";"0,120";"1,054";"0,431";"0,284";"1,770";"0,000";"0,000";"0,000";
"02/01/2024 18:00";"1,076";"0,000";"0,576";"0,000";"0,380";"0,000";"2,032";"0,000";"0,003";"0,000";"0,000";"0,096";"1,076";"0,576";"0,380";"2,032";"0,000";"0,000";"0,000";
"02/01/2024 18:10";"1,188";"0,000";"0,587";"0,000";"0,526";"0,000";"2,301";"0,000";"0,000";"0,000";"0,000";"0,325";"1,188";"0,587";"0,526";"2,301";"0,000";"0,000";"0,000";
"02/01/2024 18:20";"1,256";"0,000";"0,533";"0,000";"0,689";"0,000";"2,478";"0,000";"0,000";"0,000";"0,000";"0,253";"1,256";"0,533";"0,689";"2,478";"0,000";"0,000";"0,000";
"02/01/2024 18:30";"1,097";"0,000";"0,582";"0,000";"0,826";"0,000";"2,506";"0,000";"0,000";"0,000";"0,000";"0,150";"1,097";"0,582";"0,826";"2,506";"0,000";"0,000";"0,000";
"02/01/2024 18:40";"1,009";"0,000";"0,500";"0,000";"0,793";"0,000";"2,301";"0,000";"0,000";"0,000";"0,000";"0,217";"1,009";"0,500";"0,793";"2,301";"0,000";"0,000";"0,000";
"02/01/2024 18:50";"1,044";"0,000";"0,569";"0,000";"0,839";"0,000";"2,453";"0,000";"0,000";"0,000";"0,000";"0,192";"1,044";"0,569";"0,839";"2,453";"0,000";"0,000";"0,000";
"02/01/2024 19:00";"1,152";"0,000";"0,597";"0,000";"0,861";"0,000";"2,610";"0,000";"0,000";"0,000";"0,000";"0,258";"1,152";"0,597";"0,861";"2,610";"0,000";"0,000";"0,000";
"02/01/2024 19:10";"1,193";"0,000";"0,573";"0,000";"0,766";"0,000";"2,532";"0,000";"0,000";"0,000";"0,000";"0,186";"1,193";"0,573";"0,766";"2,532";"0,000";"0,000";"0,000";
"02/01/2024 19:20";"0,984";"0,000";"0,540";"0,000";"0,809";"0,000";"2,334";"0,000";"0,000";"0,000";"0,000";"0,099";"0,984";"0,540";"0,809";"2,334";"0,000";"0,000";"0,000";
"02/01/2024 19:30";"0,993";"0,000";"0,481";"0,000";"0,812";"0,000";"2,285";"0,000";"0,001";"0,000";"0,000";"0,121";"0,993";"0,481";"0,812";"2,285";"0,000";"0,000";"0,000";
"02/01/2024 19:40";"1,106";"0,000";"0,501";"0,000";"0,787";"0,000";"2,395";"0,000";"0,000";"0,000";"0,000";"0,233";"1,106";"0,501";"0,787";"2,395";"0,000";"0,000";"0,000";
"02/01/2024 19:50";"0,981";"0,000";"0,519";"0,000";"0,783";"0,000";"2,283";"0,000";"0,000";"0,000";"0,000";"0,120";"0,981";"0,519";"0,783";"2,283";"0,000";"0,000";"0,000";
"02/01/2024 20:00";"0,998";"0,000";"0,457";"0,000";"0,716";"0,000";"2,171";"0,000";"0,000";"0,000";"0,000";"0,197";"0,998";"0,457";"0,716";"2,171";"0,000";"0,000";"0,000";
"02/01/2024 20:10";"0,954";"0,000";"0,524";"0,000";"0,603";"0,000";"2,081";"0,000";"0,000";"0,000";"0,000";"0,130";"0,954";"0,524";"0,603";"2,081";"0,000";"0,000";"0,000";
"02/01/2024 20:20";"0,939";"0,000";"0,475";"0,000";"0,617";"0,000";"2,031";"0,000";"0,000";"0,000";"0,000";"0,142";"0,939";"0,475";"0,617";"2,031";"0,000";"0,000";"0,000";
"02/01/2024 20:30";"1,141";"0,000";"0,518";"0,000";"0,669";"0,000";"2,327";"0,000";"0,000";"0,000";"0,000";"0,289";"1,141";"0,518";"0,669";"2,327";"0,000";"0,000";"0,000";
"02/01/2024 20:40";"1,146";"0,000";"0,610";"0,000";"0,593";"0,000";"2,349";"0,000";"0,000";"0,000";"0,000";"0,187";"1,146";"0,610";"0,593";"2,349";"0,000";"0,000";"0,000";
"02/01/2024 20:50";"1,158";"0,000";"0,710";"0,000";"0,592";"0,000";"2,460";"0,000";"0,000";"0,000";"0,000";"0,169";"1,158";"0,710";"0,592";"2,460";"0,000";"0,000";"0,000";
"02/01/2024 21:00";"0,737";"0,000";"0,478";"0,000";"0,776";"0,000";"1,992";"0,000";"0,001";"0,000";"0,000";"0,122";"0,737";"0,478";"0,776";"1,992";"0,000";"0,000";"0,000";
"02/01/2024 21:10";"0,979";"0,000";"0,576";"0,000";"1,075";"0,000";"2,630";"0,000";"0,008";"0,000";"0,000";"0,179";"0,979";"0,576";"1,075";"2,630";"0,000";"0,000";"0,000";
"02/01/2024 21:20";"0,724";"0,000";"0,562";"0,000";"1,158";"0,000";"2,444";"0,000";"0,000";"0,000";"0,000";"0,281";"0,724";"0,562";"1,158";"2,444";"0,000";"0,000";"0,000";
"02/01/2024 21:30";"0,467";"0,000";"0,430";"0,000";"1,057";"0,000";"1,953";"0,000";"0,000";"0,000";"0,000";"0,159";"0,467";"0,430";"1,057";"1,953";"0,000";"0,000";"0,000";
"02/01/2024 21:40";"0,496";"0,000";"0,489";"0,000";"0,930";"0,000";"1,915";"0,000";"0,000";"0,000";"0,000";"0,155";"0,496";"0,489";"0,930";"1,915";"0,000";"0,000";"0,000";
"02/01/2024 21:50";"0,668";"0,000";"0,556";"0,000";"0,995";"0,000";"2,218";"0,000";"0,000";"0,000";"0,000";"0,186";"0,668";"0,556";"0,995";"2,218";"0,000";"0,000";"0,000";
"02/01/2024 22:00";"0,856";"0,000";"0,510";"0,000";"0,926";"0,000";"2,291";"0,000";"0,000";"0,000";"0,000";"0,233";"0,856";"0,510";"0,926";"2,291";"0,000";"0,000";"0,000";
"02/01/2024 22:10";"0,635";"0,000";"0,484";"0,000";"0,945";"0,000";"2,065";"0,000";"0,000";"0,000";"0,000";"0,157";"0,635";"0,484";"0,945";"2,065";"0,000";"0,000";"0,000";
"02/01/2024 22:20";"0,724";"0,000";"0,535";"0,000";"1,171";"0,000";"2,430";"0,000";"0,000";"0,000";"0,000";"0,115";"0,724";"0,535";"1,171";"2,430";"0,000";"0,000";"0,000";
"02/01/2024 22:30";"0,719";"0,000";"0,606";"0,000";"1,135";"0,000";"2,460";"0,000";"0,000";"0,000";"0,000";"0,291";"0,719";"0,606";"1,135";"2,460";"0,000";"0,000";"0,000";
"02/01/2024 22:40";"0,612";"0,000";"0,480";"0,000";"1,071";"0,000";"2,163";"0,000";"0,000";"0,000";"0,000";"0,129";"0,612";"0,480";"1,071";"2,163";"0,000";"0,000";"0,000";
"02/01/2024 22:50";"0,511";"0,000";"0,529";"0,000";"1,143";"0,000";"2,182";"0,000";"0,000";"0,000";"0,000";"0,176";"0,511";"0,529";"1,143";"2,182";"0,000";"0,000";"0,000";
"02/01/2024 23:00";"0,573";"0,000";"0,577";"0,000";"1,172";"0,000";"2,322";"0,000";"0,000";"0,000";"0,000";"0,221";"0,573";"0,577";"1,172";"2,322";"0,000";"0,000";"0,000";
"02/01/2024 23:10";"0,756";"0,000";"0,419";"0,000";"1,048";"0,000";"2,223";"0,000";"0,000";"0,000";"0,000";"0,186";"0,756";"0,419";"1,048";"2,223";"0,000";"0,000";"0,000";
"02/01/2024 23:20";"0,541";"0,000";"0,552";"0,000";"1,050";"0,000";"2,143";"0,000";"0,000";"0,000";"0,000";"0,188";"0,541";"0,552";"1,050";"2,143";"0,000";"0,000";"0,000";
"02/01/2024 23:30";"0,764";"0,000";"0,542";"0,000";"0,996";"0,000";"2,302";"0,000";"0,000";"0,000";"0,000";"0,250";"0,764";"0,542";"0,996";"2,302";"0,000";"0,000";"0,000";
"02/01/2024 23:40";"0,588";"0,000";"0,459";"0,000";"0,997";"0,000";"2,043";"0,000";"0,000";"0,000";"0,000";"0,233";"0,588";"0,459";"0,997";"2,043";"0,000";"0,000";"0,000";
"02/01/2024 23:50";"0,476";"0,000";"0,497";"0,000";"0,965";"0,000";"1,938";"0,000";"0,000";"0,000";"0,000";"0,165";"0,476";"0,497";"0,965";"1,938";"0,000";"0,000";"0,000";
"03/01/2024 00:00";"0,513";"0,000";"0,519";"0,000";"0,993";"0,000";"2,025";"0,000";"0,000";"0,000";"0,000";"0,101";"0,513";"0,519";"0,993";"2,025";"0,000";"0,000";"0,000";
"03/01/2024 00:10";"0,783";"0,000";"0,595";"0,000";"1,012";"0,000";"2,390";"0,000";"0,001";"0,000";"0,000";"0,201";"0,783";"0,595";"1,012";"2,390";"0,000";"0,000";"0,000";
"03/01/2024 00:20";"0,676";"0,000";"0,484";"0,000";"1,095";"0,000";"2,255";"0,000";"0,000";"0,000";"0,000";"0,164";"0,676";"0,484";"1,095";"2,255";"0,000";"0,000";"0,000";
"03/01/2024 00:30";"0,517";"0,000";"0,530";"0,000";"1,173";"0,000";"2,220";"0,000";"0,000";"0,000";"0,000";"0,212";"0,517";"0,530";"1,173";"2,220";"0,000";"0,000";"0,000";
"03/01/2024 00:40";"0,556";"0,000";"0,539";"0,000";"1,064";"0,000";"2,159";"0,000";"0,000";"0,000";"0,000";"0,231";"0,556";"0,539";"1,064";"2,159";"0,000";"0,000";"0,000";
"03/01/2024 00:50";"0,449";"0,000";"0,422";"0,000";"0,911";"0,000";"1,782";"0,000";"0,000";"0,000";"0,000";"0,232";"0,449";"0,422";"0,911";"1,782";"0,000";"0,000";"0,000";
"03/01/2024 01:00";"0,612";"0,000";"0,512";"0,000";"1,164";"0,000";"2,289";"0,000";"0,000";"0,000";"0,000";"0,129";"0,612";"0,512";"1,164";"2,289";"0,000";"0,000";"0,000";
"03/01/2024 01:10";"0,742";"0,000";"0,504";"0,000";"1,120";"0,000";"2,366";"0,000";"0,000";"0,000";"0,000";"0,151";"0,742";"0,504";"1,120";"2,366";"0,000";"0,000";"0,000";
"03/01/2024 01:20";"0,958";"0,000";"0,574";"0,000";"0,947";"0,000";"2,478";"0,000";"0,000";"0,000";"0,000";"0,193";"0,958";"0,574";"0,947";"2,478";"0,000";"0,000";"0,000";
"03/01/2024 01:30";"0,567";"0,000";"0,485";"0,000";"0,957";"0,000";"2,009";"0,000";"0,000";"0,000";"0,000";"0,139";"0,567";"0,485";"0,957";"2,009";"0,000";"0,000";"0,000";
"03/01/2024 01:40";"0,527";"0,000";"0,525";"0,000";"1,012";"0,000";"2,064";"0,000";"0,000";"0,000";"0,000";"0,097";"0,527";"0,525";"1,012";"2,064";"0,000";"0,000";"0,000";
"03/01/2024 01:50";"0,590";"0,000";"0,579";"0,000";"1,069";"0,000";"2,238";"0,000";"0,000";"0,000";"0,000";"0,246";"0,590";"0,579";"1,069";"2,238";"0,000";"0,000";"0,000";
"03/01/2024 02:00";"0,692";"0,000";"0,419";"0,000";"1,100";"0,000";"2,210";"0,000";"0,000";"0,000";"0,000";"0,242";"0,692";"0,419";"1,100";"2,210";"0,000";"0,000";"0,000";
"03/01/2024 02:10";"0,502";"0,000";"0,531";"0,000";"1,169";"0,000";"2,202";"0,000";"0,000";"0,000";"0,000";"0,107";"0,502";"0,531";"1,169";"2,202";"0,000";"0,000";"0,000";
"03/01/2024 02:20";"0,595";"0,000";"0,591";"0,000";"1,225";"0,000";"2,411";"0,000";"0,000";"0,000";"0,000";"0,249";"0,595";"0,591";"1,225";"2,411";"0,000";"0,000";"0,000";
"03/01/2024 02:30";"0,777";"0,000";"0,477";"0,000";"0,929";"0,000";"2,183";"0,000";"0,000";"0,000";"0,000";"0,244";"0,777";"0,477";"0,929";"2,183";"0,000";"0,000";"0,000";
"03/01/2024 02:40";"0,517";"0,000";"0,467";"0,000";"0,990";"0,000";"1,973";"0,000";"0,000";"0,000";"0,000";"0,168";"0,517";"0,467";"0,990";"1,973";"0,000";"0,000";"0,000";
"03/01/2024 02:50";"0,632";"0,000";"0,525";"0,000";"1,090";"0,000";"2,246";"0,000";"0,000";"0,000";"0,000";"0,098";"0,632";"0,525";"1,090";"2,246";"0,000";"0,000";"0,000";
"03/01/2024 03:00";"0,783";"0,000";"0,578";"0,000";"1,132";"0,000";"2,493";"0,000";"0,000";"0,000";"0,000";"0,277";"0,783";"0,578";"1,132";"2,493";"0,000";"0,000";"0,000";
"03/01/2024 03:10";"0,692";"0,000";"0,453";"0,000";"1,087";"0,000";"2,231";"0,000";"0,000";"0,000";"0,000";"0,179";"0,692";"0,453";"1,087";"2,231";"0,000";"0,000";"0,000";
"03/01/2024 03:20";"0,523";"0,000";"0,485";"0,000";"1,130";"0,000";"2,138";"0,000";"0,000";"0,000";"0,000";"0,130";"0,523";"0,485";"1,130";"2,138";"0,000";"0,000";"0,000";
"03/01/2024 03:30";"0,539";"0,000";"0,534";"0,000";"1,151";"0,000";"2,224";"0,000";"0,000";"0,000";"0,000";"0,189";"0,539";"0,534";"1,151";"2,224";"0,000";"0,000";"0,000";
"03/01/2024 03:40";"0,774";"0,000";"0,472";"0,000";"1,078";"0,000";"2,324";"0,000";"0,000";"0,000";"0,000";"0,268";"0,774";"0,472";"1,078";"2,324";"0,000";"0,000";"0,000";
"03/01/2024 03:50";"1,083";"0,000";"0,847";"0,000";"1,099";"0,000";"3,028";"0,000";"0,000";"0,000";"0,000";"0,092";"1,083";"0,847";"1,099";"3,028";"0,000";"0,000";"0,000";
"03/01/2024 04:00";"0,757";"0,000";"0,454";"0,000";"1,054";"0,000";"2,265";"0,000";"0,000";"0,000";"0,000";"0,122";"0,757";"0,454";"1,054";"2,265";"0,000";"0,000";"0,000";
"03/01/2024 04:10";"0,621";"0,000";"0,524";"0,000";"1,131";"0,000";"2,277";"0,000";"0,005";"0,000";"0,000";"0,134";"0,621";"0,524";"1,131";"2,277";"0,000";"0,000";"0,000";
"03/01/2024 04:20";"0,608";"0,000";"0,507";"0,000";"1,050";"0,000";"2,165";"0,000";"0,005";"0,000";"0,000";"0,084";"0,608";"0,507";"1,050";"2,165";"0,000";"0,000";"0,000";
"03/01/2024 04:30";"0,614";"0,000";"0,500";"0,000";"0,982";"0,000";"2,095";"0,000";"0,003";"0,000";"0,000";"0,069";"0,614";"0,500";"0,982";"2,095";"0,000";"0,000";"0,000";
"03/01/2024 04:40";"0,654";"0,000";"0,503";"0,000";"1,030";"0,000";"2,187";"0,000";"0,005";"0,000";"0,000";"0,107";"0,654";"0,503";"1,030";"2,187";"0,000";"0,000";"0,000";
"03/01/2024 04:50";"0,762";"0,000";"0,605";"0,000";"1,001";"0,000";"2,368";"0,000";"0,000";"0,000";"0,000";"0,228";"0,762";"0,605";"1,001";"2,368";"0,000";"0,000";"0,000";
"03/01/2024 05:00";"0,628";"0,000";"0,519";"0,000";"1,012";"0,000";"2,160";"0,000";"0,000";"0,000";"0,000";"0,107";"0,628";"0,519";"1,012";"2,160";"0,000";"0,000";"0,000";
"03/01/2024 05:10";"0,752";"0,000";"0,515";"0,000";"0,880";"0,000";"2,146";"0,000";"0,000";"0,000";"0,000";"0,162";"0,752";"0,515";"0,880";"2,146";"0,000";"0,000";"0,000";
"03/01/2024 05:20";"0,779";"0,000";"0,580";"0,000";"0,918";"0,000";"2,278";"0,000";"0,000";"0,000";"0,000";"0,244";"0,779";"0,580";"0,918";"2,278";"0,000";"0,000";"0,000";
"03/01/2024 05:30";"1,664";"0,000";"1,458";"0,000";"1,686";"0,000";"4,807";"0,000";"0,218";"0,000";"0,000";"0,057";"1,664";"1,458";"1,686";"4,807";"0,000";"0,000";"0,000";
"03/01/2024 05:40";"2,035";"0,000";"1,475";"0,000";"1,676";"0,000";"5,186";"0,000";"0,079";"0,000";"0,000";"0,045";"2,035";"1,475";"1,676";"5,186";"0,000";"0,000";"0,000";
"03/01/2024 05:50";"2,191";"0,000";"1,651";"0,000";"1,866";"0,000";"5,708";"0,000";"0,224";"0,000";"0,000";"0,231";"2,191";"1,651";"1,866";"5,708";"0,000";"0,000";"0,000";
"03/01/2024 06:00";"2,721";"0,000";"2,162";"0,000";"2,299";"0,000";"7,182";"0,000";"0,952";"0,000";"0,000";"0,411";"2,721";"2,162";"2,299";"7,182";"0,000";"0,000";"0,000";
"03/01/2024 06:10";"3,158";"0,000";"2,935";"0,000";"3,312";"0,000";"9,405";"0,000";"1,777";"0,000";"0,000";"0,527";"3,158";"2,935";"3,312";"9,405";"0,000";"0,000";"0,000";
"03/01/2024 06:20";"7,092";"0,000";"6,706";"0,000";"7,084";"0,000";"20,881";"0,000";"2,544";"0,000";"0,000";"0,057";"7,092";"6,706";"7,084";"20,881";"0,000";"0,000";"0,000";
"03/01/2024 06:30";"7,244";"0,000";"6,758";"0,000";"7,250";"0,000";"21,252";"0,000";"1,560";"0,000";"0,000";"0,068";"7,244";"6,758";"7,250";"21,252";"0,000";"0,000";"0,000";
"03/01/2024 06:40";"6,753";"0,000";"6,367";"0,000";"6,749";"0,000";"19,868";"0,000";"1,161";"0,000";"0,000";"0,102";"6,753";"6,367";"6,749";"19,868";"0,000";"0,000";"0,000";
"03/01/2024 06:50";"6,752";"0,000";"5,996";"0,000";"6,701";"0,000";"19,449";"0,000";"1,821";"0,000";"0,000";"0,030";"6,752";"5,996";"6,701";"19,449";"0,000";"0,000";"0,000";
"03/01/2024 07:00";"6,545";"0,000";"6,280";"0,000";"6,556";"0,000";"19,381";"0,000";"0,952";"0,000";"0,000";"0,075";"6,545";"6,280";"6,556";"19,381";"0,000";"0,000";"0,000";
"03/01/2024 07:10";"6,413";"0,000";"5,925";"0,000";"6,492";"0,000";"18,830";"0,000";"1,016";"0,000";"0,000";"0,112";"6,413";"5,925";"6,492";"18,830";"0,000";"0,000";"0,000";
"03/01/2024 07:20";"5,924";"0,000";"5,483";"0,000";"6,391";"0,000";"17,798";"0,000";"0,551";"0,000";"0,000";"0,147";"5,924";"5,483";"6,391";"17,798";"0,000";"0,000";"0,000";
"03/01/2024 07:30";"5,802";"0,000";"5,619";"0,000";"6,416";"0,000";"17,837";"0,000";"1,018";"0,000";"0,000";"0,093";"5,802";"5,619";"6,416";"17,837";"0,000";"0,000";"0,000";
"03/01/2024 07:40";"5,759";"0,000";"5,438";"0,000";"6,100";"0,000";"17,297";"0,000";"0,521";"0,000";"0,000";"0,161";"5,759";"5,438";"6,100";"17,297";"0,000";"0,000";"0,000";
"03/01/2024 07:50";"6,252";"0,000";"5,668";"0,000";"6,456";"0,000";"18,375";"0,000";"0,931";"0,000";"0,000";"0,114";"6,252";"5,668";"6,456";"18,375";"0,000";"0,000";"0,000";
"03/01/2024 08:00";"6,679";"0,000";"6,036";"0,000";"6,848";"0,000";"19,562";"0,000";"2,461";"0,000";"0,000";"0,055";"6,679";"6,036";"6,848";"19,562";"0,000";"0,000";"0,000";
"03/01/2024 08:10";"7,120";"0,000";"6,513";"0,000";"7,321";"0,000";"20,954";"0,000";"1,997";"0,000";"0,000";"0,073";"7,120";"6,513";"7,321";"20,954";"0,000";"0,000";"0,000";
"03/01/2024 08:20";"7,594";"0,000";"6,932";"0,000";"7,866";"0,000";"22,392";"0,000";"1,505";"0,000";"0,000";"0,032";"7,594";"6,932";"7,866";"22,392";"0,000";"0,000";"0,000";
"03/01/2024 08:30";"7,477";"0,000";"6,878";"0,000";"7,851";"0,000";"22,205";"0,000";"1,215";"0,000";"0,000";"0,101";"7,477";"6,878";"7,851";"22,205";"0,000";"0,000";"0,000";
"03/01/2024 08:40";"7,984";"0,000";"7,445";"0,000";"8,306";"0,000";"23,735";"0,000";"1,898";"0,000";"0,000";"0,042";"7,984";"7,445";"8,306";"23,735";"0,000";"0,000";"0,000";
"03/01/2024 08:50";"7,772";"0,000";"7,367";"0,000";"8,278";"0,000";"23,417";"0,000";"2,434";"0,000";"0,000";"0,019";"7,772";"7,367";"8,278";"23,417";"0,000";"0,000";"0,000";
"03/01/2024 09:00";"8,234";"0,000";"7,991";"0,000";"8,856";"0,000";"25,081";"0,000";"2,690";"0,000";"0,000";"0,016";"8,234";"7,991";"8,856";"25,081";"0,000";"0,000";"0,000";
"03/01/2024 09:10";"6,937";"0,000";"6,630";"0,000";"7,382";"0,000";"20,949";"0,000";"1,151";"0,000";"0,000";"0,119";"6,940";"6,633";"7,385";"20,958";"0,009";"0,005";"0,004";
"03/01/2024 09:20";"6,767";"0,000";"6,271";"0,000";"7,041";"0,000";"20,078";"0,000";"0,872";"0,000";"0,000";"0,239";"6,795";"6,299";"7,069";"20,164";"0,086";"0,045";"0,041";
"03/01/2024 09:30";"7,273";"0,000";"7,032";"0,000";"7,741";"0,000";"22,047";"0,000";"1,473";"0,000";"0,000";"0,082";"7,335";"7,093";"7,803";"22,231";"0,184";"0,096";"0,088";
"03/01/2024 09:40";"7,986";"0,000";"7,989";"0,000";"8,487";"0,000";"24,462";"0,000";"1,618";"0,000";"0,000";"0,066";"8,091";"8,094";"8,592";"24,777";"0,315";"0,163";"0,152";
"03/01/2024 09:50";"6,871";"0,000";"6,533";"0,000";"6,981";"0,000";"20,385";"0,000";"0,843";"0,000";"0,000";"0,118";"7,039";"6,701";"7,149";"20,889";"0,504";"0,260";"0,244";
"03/01/2024 10:00";"6,550";"0,000";"5,722";"0,000";"6,073";"0,000";"18,346";"0,000";"0,492";"0,000";"0,000";"0,269";"6,747";"5,919";"6,270";"18,937";"0,591";"0,303";"0,288";
"03/01/2024 10:10";"6,668";"0,000";"6,035";"0,000";"6,274";"0,000";"18,977";"0,000";"0,457";"0,000";"0,000";"0,304";"6,908";"6,275";"6,514";"19,698";"0,721";"0,370";"0,351";
"03/01/2024 10:20";"6,423";"0,000";"5,821";"0,000";"6,462";"0,000";"18,706";"0,000";"0,547";"0,000";"0,000";"0,267";"6,670";"6,068";"6,709";"19,446";"0,740";"0,379";"0,361";
"03/01/2024 10:30";"7,588";"0,000";"7,062";"0,000";"7,849";"0,000";"22,499";"0,000";"1,346";"0,000";"0,000";"0,105";"7,844";"7,318";"8,105";"23,267";"0,768";"0,393";"0,375";
"03/01/2024 10:40";"8,616";"0,000";"7,982";"0,000";"8,675";"0,000";"25,273";"0,000";"3,544";"0,000";"0,000";"0,020";"8,882";"8,248";"8,940";"26,070";"0,797";"0,407";"0,390";
"03/01/2024 10:50";"8,533";"0,000";"7,690";"0,000";"8,308";"0,000";"24,532";"0,000";"1,877";"0,000";"0,000";"0,061";"8,881";"8,038";"8,656";"25,575";"1,043";"0,531";"0,512";
"03/01/2024 11:00";"8,059";"0,000";"7,277";"0,000";"7,709";"0,000";"23,045";"0,000";"0,884";"0,000";"0,000";"0,171";"8,529";"7,746";"8,179";"24,454";"1,409";"0,717";"0,692";
"03/01/2024 11:10";"7,757";"0,000";"7,296";"0,000";"7,499";"0,000";"22,552";"0,000";"2,036";"0,000";"0,000";"0,049";"8,289";"7,827";"8,031";"24,147";"1,595";"0,811";"0,784";
"03/01/2024 11:20";"6,154";"0,000";"5,588";"0,000";"6,240";"0,000";"17,982";"0,000";"1,661";"0,000";"0,000";"0,115";"6,696";"6,131";"6,783";"19,609";"1,627";"0,826";"0,801";
"03/01/2024 11:30";"6,713";"0,000";"6,453";"0,000";"7,223";"0,000";"20,389";"0,000";"1,837";"0,000";"0,000";"0,012";"7,258";"6,998";"7,768";"22,024";"1,635";"0,830";"0,805";
"03/01/2024 11:40";"8,603";"0,000";"8,223";"0,000";"8,841";"0,000";"25,667";"0,000";"3,927";"0,000";"0,000";"0,000";"9,251";"8,870";"9,488";"27,610";"1,943";"0,986";"0,957";
"03/01/2024 11:50";"9,567";"0,000";"9,096";"0,000";"9,679";"0,000";"28,342";"0,000";"5,607";"0,000";"0,000";"0,000";"10,222";"9,752";"10,334";"30,308";"1,966";"0,997";"0,969";
"03/01/2024 12:00";"7,188";"0,000";"6,697";"0,000";"7,443";"0,000";"21,328";"0,000";"2,159";"0,000";"0,000";"0,000";"7,794";"7,302";"8,049";"23,144";"1,816";"0,921";"0,895";
"03/01/2024 12:10";"7,727";"0,000";"6,899";"0,000";"7,711";"0,000";"22,337";"0,000";"2,686";"0,000";"0,000";"0,000";"8,151";"7,323";"8,134";"23,607";"1,270";"0,646";"0,624";
"03/01/2024 12:20";"6,820";"0,000";"6,345";"0,000";"7,385";"0,000";"20,550";"0,000";"1,606";"0,000";"0,000";"0,001";"7,160";"6,685";"7,725";"21,571";"1,021";"0,520";"0,501";
"03/01/2024 12:30";"7,010";"0,000";"6,537";"0,000";"7,238";"0,000";"20,786";"0,000";"2,015";"0,000";"0,000";"0,001";"7,211";"6,738";"7,439";"21,389";"0,603";"0,308";"0,295";
"03/01/2024 12:40";"6,859";"0,000";"6,211";"0,000";"6,477";"0,000";"19,547";"0,000";"2,128";"0,000";"0,000";"0,021";"7,039";"6,391";"6,657";"20,088";"0,541";"0,277";"0,264";
"03/01/2024 12:50";"4,116";"0,000";"3,311";"0,000";"3,719";"0,000";"11,146";"0,000";"1,392";"0,000";"0,000";"0,367";"4,337";"3,533";"3,941";"11,810";"0,664";"0,340";"0,324";
"03/01/2024 13:00";"3,627";"0,000";"2,903";"0,000";"3,405";"0,000";"9,935";"0,000";"1,443";"0,000";"0,000";"0,291";"3,996";"3,272";"3,775";"11,043";"1,108";"0,564";"0,544";
"03/01/2024 13:10";"3,916";"0,000";"2,994";"0,000";"3,711";"0,000";"10,621";"0,000";"1,086";"0,000";"0,000";"0,390";"4,404";"3,482";"4,198";"12,083";"1,462";"0,742";"0,720";
"03/01/2024 13:20";"3,316";"0,000";"2,741";"0,000";"3,174";"0,000";"9,230";"0,000";"1,518";"0,000";"0,000";"0,138";"3,824";"3,248";"3,681";"10,753";"1,523";"0,775";"0,748";
"03/01/2024 13:30";"3,218";"0,000";"2,710";"0,000";"2,794";"0,000";"8,722";"0,000";"1,405";"0,000";"0,000";"0,371";"3,964";"3,457";"3,541";"10,962";"2,240";"1,143";"1,097";
"03/01/2024 13:40";"2,292";"0,000";"1,652";"0,000";"1,534";"0,000";"5,478";"0,000";"0,223";"0,000";"0,000";"0,016";"3,231";"2,591";"2,473";"8,295";"2,817";"1,440";"1,377";
"03/01/2024 13:50";"2,034";"0,000";"1,543";"0,000";"1,575";"0,000";"5,152";"0,000";"0,251";"0,000";"0,000";"0,116";"3,356";"2,865";"2,897";"9,119";"3,967";"2,026";"1,941";
"03/01/2024 14:00";"0,874";"0,000";"0,576";"0,000";"0,741";"0,000";"2,192";"0,000";"0,001";"0,000";"0,000";"0,203";"1,761";"1,463";"1,629";"4,854";"2,662";"1,356";"1,306";
"03/01/2024 14:10";"0,713";"0,000";"0,442";"0,000";"0,595";"0,000";"1,750";"0,000";"0,000";"0,000";"0,000";"0,150";"1,668";"1,397";"1,550";"4,615";"2,865";"1,461";"1,404";
"03/01/2024 14:20";"0,714";"0,000";"0,418";"0,000";"0,576";"0,000";"1,707";"0,000";"0,000";"0,000";"0,000";"0,147";"1,333";"1,037";"1,196";"3,566";"1,859";"0,947";"0,912";
"03/01/2024 14:30";"0,712";"0,000";"0,420";"0,000";"0,578";"0,000";"1,710";"0,000";"0,000";"0,000";"0,000";"0,176";"1,988";"1,696";"1,854";"5,539";"3,829";"1,955";"1,874";
"03/01/2024 14:40";"0,683";"0,000";"0,413";"0,000";"0,538";"0,000";"1,634";"0,000";"0,000";"0,000";"0,000";"0,165";"2,119";"1,849";"1,974";"5,943";"4,309";"2,206";"2,103";
"03/01/2024 14:50";"0,732";"0,000";"0,345";"0,000";"0,529";"0,000";"1,606";"0,000";"0,007";"0,000";"0,000";"0,184";"1,985";"1,598";"1,781";"5,364";"3,758";"1,921";"1,837";
"03/01/2024 15:00";"0,732";"0,000";"0,376";"0,000";"0,595";"0,000";"1,703";"0,000";"0,000";"0,000";"0,000";"0,095";"2,118";"1,761";"1,980";"5,859";"4,156";"2,125";"2,031";
"03/01/2024 15:10";"0,781";"0,000";"0,430";"0,000";"0,642";"0,000";"1,852";"0,000";"0,002";"0,000";"0,000";"0,187";"1,721";"1,370";"1,582";"4,672";"2,820";"1,438";"1,382";
"03/01/2024 15:20";"1,177";"0,000";"0,554";"0,000";"0,630";"0,000";"2,361";"0,000";"0,000";"0,000";"0,000";"0,270";"1,772";"1,150";"1,226";"4,148";"1,787";"0,916";"0,871";
"03/01/2024 15:30";"1,249";"0,000";"0,706";"0,000";"0,581";"0,000";"2,536";"0,000";"0,000";"0,000";"0,000";"0,152";"1,846";"1,304";"1,178";"4,329";"1,793";"0,918";"0,875";
"03/01/2024 15:40";"1,197";"0,000";"0,650";"0,000";"0,559";"0,000";"2,406";"0,000";"0,000";"0,000";"0,000";"0,139";"2,209";"1,662";"1,572";"5,443";"3,037";"1,545";"1,492";
"03/01/2024 15:50";"1,178";"0,000";"0,845";"0,000";"0,601";"0,000";"2,623";"0,000";"0,000";"0,000";"0,000";"0,115";"1,880";"1,547";"1,303";"4,730";"2,107";"1,076";"1,031";
"03/01/2024 16:00";"0,867";"0,000";"0,489";"0,000";"0,429";"0,000";"1,785";"0,000";"0,000";"0,000";"0,000";"0,173";"1,632";"1,254";"1,194";"4,079";"2,294";"1,172";"1,122";
"03/01/2024 16:10";"0,815";"0,000";"0,488";"0,000";"0,507";"0,000";"1,810";"0,000";"0,000";"0,000";"0,000";"0,178";"1,435";"1,108";"1,127";"3,670";"1,860";"0,948";"0,912";
"03/01/2024 16:20";"0,828";"0,000";"0,488";"0,000";"0,721";"0,000";"2,036";"0,000";"0,000";"0,000";"0,000";"0,119";"1,405";"1,064";"1,298";"3,766";"1,730";"0,885";"0,845";
"03/01/2024 16:30";"0,953";"0,000";"0,438";"0,000";"0,732";"0,000";"2,124";"0,000";"0,000";"0,000";"0,000";"0,202";"1,281";"0,766";"1,060";"3,107";"0,983";"0,501";"0,482";
"03/01/2024 16:40";"0,879";"0,000";"0,457";"0,000";"0,686";"0,000";"2,021";"0,000";"0,001";"0,000";"0,000";"0,124";"1,015";"0,593";"0,822";"2,430";"0,409";"0,210";"0,199";
"03/01/2024 16:50";"0,875";"0,000";"0,446";"0,000";"0,694";"0,000";"2,015";"0,000";"0,002";"0,000";"0,000";"0,107";"0,963";"0,534";"0,782";"2,278";"0,263";"0,135";"0,128";
"03/01/2024 17:00";"1,000";"0,000";"0,469";"0,000";"0,758";"0,000";"2,227";"0,000";"0,000";"0,000";"0,000";"0,247";"1,226";"0,695";"0,984";"2,905";"0,678";"0,351";"0,327";
"03/01/2024 17:10";"0,942";"0,000";"0,419";"0,000";"0,692";"0,000";"2,054";"0,000";"0,000";"0,000";"0,000";"0,085";"1,141";"0,618";"0,891";"2,650";"0,596";"0,325";"0,271";
"03/01/2024 17:20";"0,885";"0,000";"0,481";"0,000";"0,750";"0,000";"2,115";"0,000";"0,000";"0,000";"0,000";"0,094";"1,023";"0,619";"0,888";"2,529";"0,414";"0,222";"0,192";
"03/01/2024 17:30";"0,995";"0,000";"0,573";"0,000";"0,786";"0,000";"2,353";"0,000";"0,645";"0,000";"0,000";"0,011";"1,099";"0,676";"0,889";"2,663";"0,310";"0,167";"0,143";
"03/01/2024 17:40";"1,097";"0,000";"0,499";"0,000";"0,613";"0,000";"2,209";"0,000";"0,325";"0,000";"0,000";"0,040";"1,154";"0,556";"0,670";"2,381";"0,172";"0,091";"0,081";
"03/01/2024 17:50";"0,957";"0,000";"0,499";"0,000";"0,762";"0,000";"2,217";"0,000";"0,000";"0,000";"0,000";"0,154";"0,980";"0,522";"0,785";"2,287";"0,070";"0,037";"0,033";
"03/01/2024 18:00";"1,104";"0,000";"0,739";"0,000";"0,809";"0,000";"2,652";"0,000";"0,000";"0,000";"0,000";"0,244";"1,113";"0,748";"0,818";"2,679";"0,027";"0,014";"0,013";
"03/01/2024 18:10";"1,279";"0,000";"0,783";"0,000";"0,657";"0,000";"2,719";"0,000";"0,000";"0,000";"0,000";"0,417";"1,280";"0,784";"0,658";"2,721";"0,002";"0,001";"0,001";
"03/01/2024 18:20";"1,065";"0,000";"0,745";"0,000";"0,688";"0,000";"2,498";"0,000";"0,000";"0,000";"0,000";"0,272";"1,065";"0,745";"0,688";"2,498";"0,000";"0,000";"0,000";
"03/01/2024 18:30";"1,073";"0,000";"0,740";"0,000";"0,688";"0,000";"2,501";"0,000";"0,000";"0,000";"0,000";"0,312";"1,073";"0,740";"0,688";"2,501";"0,000";"0,000";"0,000";
"03/01/2024 18:40";"1,195";"0,000";"0,879";"0,000";"0,791";"0,000";"2,865";"0,000";"0,000";"0,000";"0,000";"0,350";"1,195";"0,879";"0,791";"2,865";"0,000";"0,000";"0,000";
"03/01/2024 18:50";"1,255";"0,000";"0,944";"0,000";"0,951";"0,000";"3,151";"0,000";"0,000";"0,000";"0,000";"0,382";"1,255";"0,944";"0,951";"3,151";"0,000";"0,000";"0,000";
"03/01/2024 19:00";"1,379";"0,000";"0,962";"0,000";"0,952";"0,000";"3,293";"0,000";"0,000";"0,000";"0,000";"0,466";"1,379";"0,962";"0,952";"3,293";"0,000";"0,000";"0,000";
"03/01/2024 19:10";"1,057";"0,000";"0,784";"0,000";"0,902";"0,000";"2,742";"0,000";"0,000";"0,000";"0,000";"0,295";"1,057";"0,784";"0,902";"2,742";"0,000";"0,000";"0,000";
"03/01/2024 19:20";"1,015";"0,000";"0,853";"0,000";"0,843";"0,000";"2,710";"0,000";"0,000";"0,000";"0,000";"0,349";"1,015";"0,853";"0,843";"2,710";"0,000";"0,000";"0,000";
"03/01/2024 19:30";"0,886";"0,000";"0,644";"0,000";"0,713";"0,000";"2,243";"0,000";"0,000";"0,000";"0,000";"0,353";"0,886";"0,644";"0,713";"2,243";"0,000";"0,000";"0,000";
"03/01/2024 19:40";"0,960";"0,000";"0,459";"0,000";"0,601";"0,000";"2,019";"0,000";"0,000";"0,000";"0,000";"0,183";"0,960";"0,459";"0,601";"2,019";"0,000";"0,000";"0,000";
"03/01/2024 19:50";"0,796";"0,000";"0,508";"0,000";"0,696";"0,000";"1,999";"0,000";"0,000";"0,000";"0,000";"0,220";"0,796";"0,508";"0,696";"1,999";"0,000";"0,000";"0,000";
"03/01/2024 20:00";"0,845";"0,000";"0,577";"0,000";"0,740";"0,000";"2,162";"0,000";"0,000";"0,000";"0,000";"0,319";"0,845";"0,577";"0,740";"2,162";"0,000";"0,000";"0,000";
"03/01/2024 20:10";"1,025";"0,000";"0,439";"0,000";"0,587";"0,000";"2,051";"0,000";"0,000";"0,000";"0,000";"0,236";"1,025";"0,439";"0,587";"2,051";"0,000";"0,000";"0,000";
"03/01/2024 20:20";"0,768";"0,000";"0,508";"0,000";"0,757";"0,000";"2,033";"0,000";"0,000";"0,000";"0,000";"0,130";"0,768";"0,508";"0,757";"2,033";"0,000";"0,000";"0,000";
"03/01/2024 20:30";"0,706";"0,000";"0,515";"0,000";"0,824";"0,000";"2,046";"0,000";"0,000";"0,000";"0,000";"0,211";"0,706";"0,515";"0,824";"2,046";"0,000";"0,000";"0,000";
"03/01/2024 20:40";"0,670";"0,000";"0,525";"0,000";"0,704";"0,000";"1,899";"0,000";"0,000";"0,000";"0,000";"0,283";"0,670";"0,525";"0,704";"1,899";"0,000";"0,000";"0,000";
"03/01/2024 20:50";"0,641";"0,000";"0,457";"0,000";"0,694";"0,000";"1,791";"0,000";"0,000";"0,000";"0,000";"0,169";"0,641";"0,457";"0,694";"1,791";"0,000";"0,000";"0,000";
"03/01/2024 21:00";"0,584";"0,000";"0,538";"0,000";"0,793";"0,000";"1,915";"0,000";"0,000";"0,000";"0,000";"0,168";"0,584";"0,538";"0,793";"1,915";"0,000";"0,000";"0,000";
"03/01/2024 21:10";"0,847";"0,000";"0,554";"0,000";"0,722";"0,000";"2,123";"0,000";"0,000";"0,000";"0,000";"0,376";"0,847";"0,554";"0,722";"2,123";"0,000";"0,000";"0,000";
"03/01/2024 21:20";"0,644";"0,000";"0,484";"0,000";"0,609";"0,000";"1,738";"0,000";"0,000";"0,000";"0,000";"0,170";"0,644";"0,484";"0,609";"1,738";"0,000";"0,000";"0,000";
"03/01/2024 21:30";"0,543";"0,000";"0,538";"0,000";"0,667";"0,000";"1,748";"0,000";"0,000";"0,000";"0,000";"0,235";"0,543";"0,538";"0,667";"1,748";"0,000";"0,000";"0,000";
"03/01/2024 21:40";"0,563";"0,000";"0,548";"0,000";"0,848";"0,000";"1,959";"0,000";"0,000";"0,000";"0,000";"0,330";"0,563";"0,548";"0,848";"1,959";"0,000";"0,000";"0,000";
"03/01/2024 21:50";"0,947";"0,000";"0,562";"0,000";"0,764";"0,000";"2,273";"0,000";"0,000";"0,000";"0,000";"0,295";"0,947";"0,562";"0,764";"2,273";"0,000";"0,000";"0,000";
"03/01/2024 22:00";"0,656";"0,000";"0,485";"0,000";"0,768";"0,000";"1,909";"0,000";"0,000";"0,000";"0,000";"0,138";"0,656";"0,485";"0,768";"1,909";"0,000";"0,000";"0,000";
"03/01/2024 22:10";"0,747";"0,000";"0,455";"0,000";"0,741";"0,000";"1,944";"0,000";"0,000";"0,000";"0,000";"0,194";"0,747";"0,455";"0,741";"1,944";"0,000";"0,000";"0,000";
"03/01/2024 22:20";"0,513";"0,000";"0,515";"0,000";"0,605";"0,000";"1,633";"0,000";"0,000";"0,000";"0,000";"0,108";"0,513";"0,515";"0,605";"1,633";"0,000";"0,000";"0,000";
"03/01/2024 22:30";"0,552";"0,000";"0,538";"0,000";"0,699";"0,000";"1,789";"0,000";"0,000";"0,000";"0,000";"0,191";"0,552";"0,538";"0,699";"1,789";"0,000";"0,000";"0,000";
"03/01/2024 22:40";"0,837";"0,000";"0,566";"0,000";"0,656";"0,000";"2,059";"0,000";"0,000";"0,000";"0,000";"0,255";"0,837";"0,566";"0,656";"2,059";"0,000";"0,000";"0,000";
"03/01/2024 22:50";"0,653";"0,000";"0,522";"0,000";"0,610";"0,000";"1,785";"0,000";"0,000";"0,000";"0,000";"0,230";"0,653";"0,522";"0,610";"1,785";"0,000";"0,000";"0,000";
"03/01/2024 23:00";"0,491";"0,000";"0,483";"0,000";"0,782";"0,000";"1,756";"0,000";"0,000";"0,000";"0,000";"0,211";"0,491";"0,483";"0,782";"1,756";"0,000";"0,000";"0,000";
"03/01/2024 23:10";"0,553";"0,000";"0,469";"0,000";"0,767";"0,000";"1,789";"0,000";"0,000";"0,000";"0,000";"0,161";"0,553";"0,469";"0,767";"1,789";"0,000";"0,000";"0,000";
"03/01/2024 23:20";"0,773";"0,000";"0,510";"0,000";"0,805";"0,000";"2,088";"0,000";"0,000";"0,000";"0,000";"0,119";"0,773";"0,510";"0,805";"2,088";"0,000";"0,000";"0,000";
"03/01/2024 23:30";"0,866";"0,000";"0,538";"0,000";"0,851";"0,000";"2,255";"0,000";"0,000";"0,000";"0,000";"0,337";"0,866";"0,538";"0,851";"2,255";"0,000";"0,000";"0,000";
"03/01/2024 23:40";"0,664";"0,000";"0,572";"0,000";"0,756";"0,000";"1,992";"0,000";"0,000";"0,000";"0,000";"0,190";"0,664";"0,572";"0,756";"1,992";"0,000";"0,000";"0,000";
"03/01/2024 23:50";"0,535";"0,000";"0,525";"0,000";"0,654";"0,000";"1,714";"0,000";"0,000";"0,000";"0,000";"0,098";"0,535";"0,525";"0,654";"1,714";"0,000";"0,000";"0,000";
"04/01/2024 00:00";"0,532";"0,000";"0,533";"0,000";"0,670";"0,000";"1,735";"0,000";"0,000";"0,000";"0,000";"0,234";"0,532";"0,533";"0,670";"1,735";"0,000";"0,000";"0,000";
"04/01/2024 00:10";"0,878";"0,000";"0,580";"0,000";"0,645";"0,000";"2,103";"0,000";"0,000";"0,000";"0,000";"0,266";"0,878";"0,580";"0,645";"2,103";"0,000";"0,000";"0,000";
"04/01/2024 00:20";"0,534";"0,000";"0,505";"0,000";"0,665";"0,000";"1,703";"0,000";"0,000";"0,000";"0,000";"0,160";"0,534";"0,505";"0,665";"1,703";"0,000";"0,000";"0,000";
"04/01/2024 00:30";"0,529";"0,000";"0,485";"0,000";"0,623";"0,000";"1,638";"0,000";"0,000";"0,000";"0,000";"0,249";"0,529";"0,485";"0,623";"1,638";"0,000";"0,000";"0,000";
"04/01/2024 00:40";"0,628";"0,000";"0,532";"0,000";"0,689";"0,000";"1,848";"0,000";"0,000";"0,000";"0,000";"0,115";"0,628";"0,532";"0,689";"1,848";"0,000";"0,000";"0,000";
"04/01/2024 00:50";"0,762";"0,000";"0,530";"0,000";"0,836";"0,000";"2,128";"0,000";"0,000";"0,000";"0,000";"0,355";"0,762";"0,530";"0,836";"2,128";"0,000";"0,000";"0,000";
"04/01/2024 01:00";"0,846";"0,000";"0,587";"0,000";"0,802";"0,000";"2,235";"0,000";"0,000";"0,000";"0,000";"0,289";"0,846";"0,587";"0,802";"2,235";"0,000";"0,000";"0,000";
"04/01/2024 01:10";"0,526";"0,000";"0,525";"0,000";"0,784";"0,000";"1,835";"0,000";"0,000";"0,000";"0,000";"0,112";"0,526";"0,525";"0,784";"1,835";"0,000";"0,000";"0,000";
"04/01/2024 01:20";"0,541";"0,000";"0,491";"0,000";"0,751";"0,000";"1,783";"0,000";"0,000";"0,000";"0,000";"0,271";"0,541";"0,491";"0,751";"1,783";"0,000";"0,000";"0,000";
"04/01/2024 01:30";"0,585";"0,000";"0,561";"0,000";"0,852";"0,000";"1,997";"0,000";"0,000";"0,000";"0,000";"0,248";"0,585";"0,561";"0,852";"1,997";"0,000";"0,000";"0,000";
"04/01/2024 01:40";"0,646";"0,000";"0,462";"0,000";"0,685";"0,000";"1,793";"0,000";"0,000";"0,000";"0,000";"0,168";"0,646";"0,462";"0,685";"1,793";"0,000";"0,000";"0,000";
"04/01/2024 01:50";"0,540";"0,000";"0,508";"0,000";"0,627";"0,000";"1,676";"0,000";"0,000";"0,000";"0,000";"0,329";"0,540";"0,508";"0,627";"1,676";"0,000";"0,000";"0,000";
"04/01/2024 02:00";"0,524";"0,000";"0,477";"0,000";"0,635";"0,000";"1,635";"0,000";"0,000";"0,000";"0,000";"0,167";"0,524";"0,477";"0,635";"1,635";"0,000";"0,000";"0,000";
"04/01/2024 02:10";"0,534";"0,000";"0,537";"0,000";"0,685";"0,000";"1,756";"0,000";"0,000";"0,000";"0,000";"0,083";"0,534";"0,537";"0,685";"1,756";"0,000";"0,000";"0,000";
"04/01/2024 02:20";"0,640";"0,000";"0,569";"0,000";"0,730";"0,000";"1,939";"0,000";"0,000";"0,000";"0,000";"0,299";"0,640";"0,569";"0,730";"1,939";"0,000";"0,000";"0,000";
"04/01/2024 02:30";"0,885";"0,000";"0,502";"0,000";"0,653";"0,000";"2,039";"0,000";"0,000";"0,000";"0,000";"0,208";"0,885";"0,502";"0,653";"2,039";"0,000";"0,000";"0,000";
"04/01/2024 02:40";"0,578";"0,000";"0,527";"0,000";"0,768";"0,000";"1,873";"0,000";"0,000";"0,000";"0,000";"0,301";"0,578";"0,527";"0,768";"1,873";"0,000";"0,000";"0,000";
"04/01/2024 02:50";"0,533";"0,000";"0,469";"0,000";"0,755";"0,000";"1,757";"0,000";"0,000";"0,000";"0,000";"0,194";"0,533";"0,469";"0,755";"1,757";"0,000";"0,000";"0,000";
"04/01/2024 03:00";"0,557";"0,000";"0,549";"0,000";"0,835";"0,000";"1,941";"0,000";"0,000";"0,000";"0,000";"0,275";"0,557";"0,549";"0,835";"1,941";"0,000";"0,000";"0,000";
"04/01/2024 03:10";"0,569";"0,000";"0,545";"0,000";"0,859";"0,000";"1,973";"0,000";"0,000";"0,000";"0,000";"0,343";"0,569";"0,545";"0,859";"1,973";"0,000";"0,000";"0,000";
"04/01/2024 03:20";"0,648";"0,000";"0,506";"0,000";"0,803";"0,000";"1,957";"0,000";"0,000";"0,000";"0,000";"0,234";"0,648";"0,506";"0,803";"1,957";"0,000";"0,000";"0,000";
"04/01/2024 03:30";"0,551";"0,000";"0,531";"0,000";"0,773";"0,000";"1,854";"0,000";"0,000";"0,000";"0,000";"0,220";"0,551";"0,531";"0,773";"1,854";"0,000";"0,000";"0,000";
"04/01/2024 03:40";"0,542";"0,000";"0,495";"0,000";"0,575";"0,000";"1,612";"0,000";"0,000";"0,000";"0,000";"0,204";"0,542";"0,495";"0,575";"1,612";"0,000";"0,000";"0,000";
"04/01/2024 03:50";"0,547";"0,000";"0,534";"0,000";"0,691";"0,000";"1,773";"0,000";"0,000";"0,000";"0,000";"0,276";"0,547";"0,534";"0,691";"1,773";"0,000";"0,000";"0,000";
"04/01/2024 04:00";"0,555";"0,000";"0,522";"0,000";"0,699";"0,000";"1,776";"0,000";"0,000";"0,000";"0,000";"0,349";"0,555";"0,522";"0,699";"1,776";"0,000";"0,000";"0,000";
"04/01/2024 04:10";"0,855";"0,000";"0,624";"0,000";"0,649";"0,000";"2,129";"0,000";"0,000";"0,000";"0,000";"0,259";"0,855";"0,624";"0,649";"2,129";"0,000";"0,000";"0,000";
"04/01/2024 04:20";"0,551";"0,000";"0,552";"0,000";"0,808";"0,000";"1,911";"0,000";"0,000";"0,000";"0,000";"0,141";"0,551";"0,552";"0,808";"1,911";"0,000";"0,000";"0,000";
"04/01/2024 04:30";"0,779";"0,000";"0,512";"0,000";"0,794";"0,000";"2,085";"0,000";"0,000";"0,000";"0,000";"0,222";"0,779";"0,512";"0,794";"2,085";"0,000";"0,000";"0,000";
"04/01/2024 04:40";"0,727";"0,000";"0,530";"0,000";"0,850";"0,000";"2,107";"0,000";"0,000";"0,000";"0,000";"0,268";"0,727";"0,530";"0,850";"2,107";"0,000";"0,000";"0,000";
"04/01/2024 04:50";"0,576";"0,000";"0,557";"0,000";"0,819";"0,000";"1,952";"0,000";"0,000";"0,000";"0,000";"0,351";"0,576";"0,557";"0,819";"1,952";"0,000";"0,000";"0,000";
"04/01/2024 05:00";"0,833";"0,000";"0,496";"0,000";"0,553";"0,000";"1,882";"0,000";"0,000";"0,000";"0,000";"0,267";"0,833";"0,496";"0,553";"1,882";"0,000";"0,000";"0,000";
"04/01/2024 05:10";"0,624";"0,000";"0,535";"0,000";"0,671";"0,000";"1,831";"0,000";"0,000";"0,000";"0,000";"0,146";"0,624";"0,535";"0,671";"1,831";"0,000";"0,000";"0,000";
"04/01/2024 05:20";"0,953";"0,000";"0,792";"0,000";"0,958";"0,000";"2,702";"0,000";"0,019";"0,000";"0,000";"0,254";"0,953";"0,792";"0,958";"2,702";"0,000";"0,000";"0,000";
"04/01/2024 05:30";"2,359";"0,000";"1,720";"0,000";"1,865";"0,000";"5,943";"0,000";"0,271";"0,000";"0,000";"0,438";"2,359";"1,720";"1,865";"5,943";"0,000";"0,000";"0,000";
"04/01/2024 05:40";"2,241";"0,000";"1,366";"0,000";"1,467";"0,000";"5,075";"0,000";"0,031";"0,000";"0,000";"0,036";"2,241";"1,366";"1,467";"5,075";"0,000";"0,000";"0,000";
"04/01/2024 05:50";"2,129";"0,000";"1,614";"0,000";"1,816";"0,000";"5,559";"0,000";"0,057";"0,000";"0,000";"0,207";"2,129";"1,614";"1,816";"5,558";"0,000";"0,000";"0,000";
"04/01/2024 06:00";"2,450";"0,000";"2,112";"0,000";"2,453";"0,000";"7,015";"0,000";"0,746";"0,000";"0,000";"0,032";"2,450";"2,112";"2,453";"7,015";"0,000";"0,000";"0,000";
"04/01/2024 06:10";"3,190";"0,000";"2,473";"0,000";"3,117";"0,000";"8,780";"0,000";"1,438";"0,000";"0,000";"0,194";"3,190";"2,473";"3,117";"8,780";"0,000";"0,000";"0,000";
"04/01/2024 06:20";"4,205";"0,000";"3,753";"0,000";"4,420";"0,000";"12,378";"0,000";"1,721";"0,000";"0,000";"0,284";"4,205";"3,753";"4,420";"12,378";"0,000";"0,000";"0,000";
"04/01/2024 06:30";"7,027";"0,000";"6,399";"0,000";"7,146";"0,000";"20,573";"0,000";"2,064";"0,000";"0,000";"0,149";"7,027";"6,399";"7,146";"20,573";"0,000";"0,000";"0,000";
"04/01/2024 06:40";"7,859";"0,000";"7,243";"0,000";"7,810";"0,000";"22,911";"0,000";"2,370";"0,000";"0,000";"0,133";"7,859";"7,243";"7,810";"22,911";"0,000";"0,000";"0,000";
"04/01/2024 06:50";"8,156";"0,000";"7,478";"0,000";"8,021";"0,000";"23,655";"0,000";"3,666";"0,000";"0,000";"0,041";"8,156";"7,478";"8,021";"23,655";"0,000";"0,000";"0,000";
"04/01/2024 07:00";"6,272";"0,000";"5,772";"0,000";"6,600";"0,000";"18,644";"0,000";"1,864";"0,000";"0,000";"0,132";"6,272";"5,772";"6,600";"18,644";"0,000";"0,000";"0,000";
"04/01/2024 07:10";"6,782";"0,000";"6,267";"0,000";"7,354";"0,000";"20,403";"0,000";"1,698";"0,000";"0,000";"0,089";"6,782";"6,267";"7,354";"20,403";"0,000";"0,000";"0,000";
"04/01/2024 07:20";"7,607";"0,000";"7,010";"0,000";"7,999";"0,000";"22,615";"0,000";"3,215";"0,000";"0,000";"0,142";"7,607";"7,010";"7,999";"22,615";"0,000";"0,000";"0,000";
"04/01/2024 07:30";"6,169";"0,000";"5,847";"0,000";"6,807";"0,000";"18,823";"0,000";"1,930";"0,000";"0,000";"0,216";"6,169";"5,847";"6,807";"18,823";"0,000";"0,000";"0,000";
"04/01/2024 07:40";"5,937";"0,000";"5,668";"0,000";"6,572";"0,000";"18,177";"0,000";"1,449";"0,000";"0,000";"0,242";"5,937";"5,668";"6,572";"18,177";"0,000";"0,000";"0,000";
"04/01/2024 07:50";"5,927";"0,000";"5,527";"0,000";"6,506";"0,000";"17,960";"0,000";"1,559";"0,000";"0,000";"0,262";"5,927";"5,527";"6,506";"17,960";"0,000";"0,000";"0,000";
"04/01/2024 08:00";"6,432";"0,000";"5,542";"0,000";"6,521";"0,000";"18,495";"0,000";"1,321";"0,000";"0,000";"0,233";"6,432";"5,542";"6,521";"18,495";"0,000";"0,000";"0,000";
"04/01/2024 08:10";"7,066";"0,000";"6,386";"0,000";"7,501";"0,000";"20,953";"0,000";"1,357";"0,000";"0,000";"0,116";"7,066";"6,386";"7,501";"20,953";"0,000";"0,000";"0,000";
"04/01/2024 08:20";"6,720";"0,000";"6,295";"0,000";"7,564";"0,000";"20,579";"0,000";"1,304";"0,000";"0,000";"0,192";"6,720";"6,295";"7,564";"20,579";"0,000";"0,000";"0,000";
"04/01/2024 08:30";"6,813";"0,000";"6,534";"0,000";"7,463";"0,000";"20,809";"0,000";"1,238";"0,000";"0,000";"0,083";"6,813";"6,534";"7,463";"20,809";"0,000";"0,000";"0,000";
"04/01/2024 08:40";"6,615";"0,000";"6,269";"0,000";"7,384";"0,000";"20,268";"0,000";"2,711";"0,000";"0,000";"0,120";"6,615";"6,269";"7,384";"20,268";"0,000";"0,000";"0,000";
"04/01/2024 08:50";"7,961";"0,000";"7,567";"0,000";"8,592";"0,000";"24,120";"0,000";"1,978";"0,000";"0,000";"0,121";"7,961";"7,567";"8,592";"24,120";"0,000";"0,000";"0,000";
"04/01/2024 09:00";"9,620";"0,000";"9,124";"0,000";"9,988";"0,000";"28,732";"0,000";"2,703";"0,000";"0,000";"0,023";"9,620";"9,124";"9,988";"28,732";"0,000";"0,000";"0,000";
"04/01/2024 09:10";"9,075";"0,000";"8,675";"0,000";"9,522";"0,000";"27,273";"0,000";"4,329";"0,000";"0,000";"0,000";"9,075";"8,675";"9,522";"27,273";"0,000";"0,000";"0,000";
"04/01/2024 09:20";"8,005";"0,000";"7,568";"0,000";"8,649";"0,000";"24,222";"0,000";"2,585";"0,000";"0,000";"0,000";"8,005";"7,568";"8,649";"24,222";"0,000";"0,000";"0,000";
"04/01/2024 09:30";"8,676";"0,000";"8,468";"0,000";"9,393";"0,000";"26,537";"0,000";"3,664";"0,000";"0,000";"0,000";"8,677";"8,470";"9,395";"26,541";"0,004";"0,002";"0,002";
"04/01/2024 09:40";"8,881";"0,000";"8,641";"0,000";"9,728";"0,000";"27,251";"0,000";"3,674";"0,000";"0,000";"0,014";"8,884";"8,644";"9,731";"27,260";"0,009";"0,005";"0,004";
"04/01/2024 09:50";"8,377";"0,000";"7,803";"0,000";"8,735";"0,000";"24,915";"0,000";"1,437";"0,000";"0,000";"0,004";"8,384";"7,809";"8,742";"24,935";"0,020";"0,010";"0,010";
"04/01/2024 10:00";"6,254";"0,000";"5,810";"0,000";"6,593";"0,000";"18,656";"0,000";"0,469";"0,000";"0,000";"0,324";"6,267";"5,823";"6,606";"18,696";"0,040";"0,021";"0,019";
"04/01/2024 10:10";"6,201";"0,000";"5,757";"0,000";"6,481";"0,000";"18,439";"0,000";"0,485";"0,000";"0,000";"0,122";"6,257";"5,812";"6,537";"18,606";"0,167";"0,086";"0,081";
"04/01/2024 10:20";"7,615";"0,000";"7,193";"0,000";"8,083";"0,000";"22,891";"0,000";"1,867";"0,000";"0,000";"0,091";"7,692";"7,270";"8,160";"23,122";"0,231";"0,119";"0,112";
"04/01/2024 10:30";"8,495";"0,000";"7,975";"0,000";"8,797";"0,000";"25,266";"0,000";"1,642";"0,000";"0,000";"0,024";"8,537";"8,017";"8,839";"25,392";"0,126";"0,065";"0,061";
"04/01/2024 10:40";"8,064";"0,000";"7,689";"0,000";"8,761";"0,000";"24,514";"0,000";"1,753";"0,000";"0,000";"0,029";"8,078";"7,703";"8,775";"24,556";"0,042";"0,022";"0,020";
"04/01/2024 10:50";"7,961";"0,000";"7,515";"0,000";"8,581";"0,000";"24,057";"0,000";"5,022";"0,000";"0,000";"0,030";"8,002";"7,556";"8,623";"24,181";"0,124";"0,064";"0,060";
"04/01/2024 11:00";"7,516";"0,000";"7,072";"0,000";"8,110";"0,000";"22,697";"0,000";"2,052";"0,000";"0,000";"0,078";"7,565";"7,121";"8,159";"22,844";"0,147";"0,076";"0,071";
"04/01/2024 11:10";"8,633";"0,000";"8,150";"0,000";"9,034";"0,000";"25,818";"0,000";"3,228";"0,000";"0,000";"0,028";"8,657";"8,175";"9,059";"25,891";"0,073";"0,038";"0,035";
"04/01/2024 11:20";"8,366";"0,000";"7,656";"0,000";"8,382";"0,000";"24,404";"0,000";"2,191";"0,000";"0,000";"0,003";"8,401";"7,691";"8,417";"24,510";"0,106";"0,055";"0,051";
"04/01/2024 11:30";"9,256";"0,000";"8,912";"0,000";"9,208";"0,000";"27,376";"0,000";"2,214";"0,000";"0,000";"0,004";"9,301";"8,956";"9,252";"27,509";"0,133";"0,069";"0,064";
"04/01/2024 11:40";"9,069";"0,000";"8,661";"0,000";"9,385";"0,000";"27,115";"0,000";"2,673";"0,000";"0,000";"0,000";"9,209";"8,800";"9,525";"27,533";"0,418";"0,214";"0,204";
"04/01/2024 11:50";"9,273";"0,000";"8,832";"0,000";"9,561";"0,000";"27,666";"0,000";"3,381";"0,000";"0,000";"0,000";"9,549";"9,108";"9,837";"28,494";"0,828";"0,421";"0,407";
"04/01/2024 12:00";"10,341";"0,000";"9,867";"0,000";"10,686";"0,000";"30,894";"0,000";"4,873";"0,000";"0,000";"0,000";"10,673";"10,199";"11,018";"31,890";"0,996";"0,506";"0,490";
"04/01/2024 12:10";"7,448";"0,000";"7,022";"0,000";"8,134";"0,000";"22,605";"0,000";"2,684";"0,000";"0,000";"0,004";"8,010";"7,584";"8,696";"24,291";"1,686";"0,854";"0,832";
"04/01/2024 12:20";"6,993";"0,000";"6,610";"0,000";"7,749";"0,000";"21,352";"0,000";"1,506";"0,000";"0,000";"0,015";"7,426";"7,043";"8,182";"22,651";"1,299";"0,660";"0,639";
"04/01/2024 12:30";"6,485";"0,000";"5,784";"0,000";"7,061";"0,000";"19,329";"0,000";"2,128";"0,000";"0,000";"0,073";"7,235";"6,534";"7,811";"21,580";"2,251";"1,140";"1,111";
"04/01/2024 12:40";"7,442";"0,000";"7,073";"0,000";"7,864";"0,000";"22,379";"0,000";"3,792";"0,000";"0,000";"0,010";"8,028";"7,659";"8,449";"24,135";"1,757";"0,892";"0,865";
"04/01/2024 12:50";"7,771";"0,000";"7,310";"0,000";"8,067";"0,000";"23,149";"0,000";"4,846";"0,000";"0,000";"0,000";"8,353";"7,892";"8,649";"24,895";"1,746";"0,888";"0,858";
"04/01/2024 13:00";"7,588";"0,000";"6,975";"0,000";"7,825";"0,000";"22,387";"0,000";"3,780";"0,000";"0,000";"0,000";"8,336";"7,723";"8,573";"24,631";"2,244";"1,135";"1,109";
"04/01/2024 13:10";"6,903";"0,000";"6,519";"0,000";"7,410";"0,000";"20,832";"0,000";"4,109";"0,000";"0,000";"0,000";"7,820";"7,435";"8,327";"23,581";"2,749";"1,393";"1,356";
"04/01/2024 13:20";"6,122";"0,000";"5,543";"0,000";"6,389";"0,000";"18,054";"0,000";"2,378";"0,000";"0,000";"0,154";"7,731";"7,152";"7,998";"22,882";"4,828";"2,462";"2,366";
"04/01/2024 13:30";"4,851";"0,000";"4,100";"0,000";"4,833";"0,000";"13,784";"0,000";"0,660";"0,000";"0,000";"0,478";"6,012";"5,262";"5,995";"17,268";"3,484";"1,783";"1,701";
"04/01/2024 13:40";"3,929";"0,000";"3,440";"0,000";"3,801";"0,000";"11,170";"0,000";"0,817";"0,000";"0,000";"0,097";"4,456";"3,967";"4,327";"12,750";"1,580";"0,810";"0,770";
"04/01/2024 13:50";"2,415";"0,000";"1,405";"0,000";"1,638";"0,000";"5,458";"0,000";"0,228";"0,000";"0,000";"0,019";"2,750";"1,741";"1,974";"6,465";"1,007";"0,513";"0,494";
"04/01/2024 14:00";"1,518";"0,000";"0,901";"0,000";"0,848";"0,000";"3,267";"0,000";"0,077";"0,000";"0,000";"0,165";"1,815";"1,198";"1,144";"4,157";"0,890";"0,455";"0,435";
"04/01/2024 14:10";"0,877";"0,000";"0,524";"0,000";"0,551";"0,000";"1,951";"0,000";"0,006";"0,000";"0,000";"0,140";"1,194";"0,841";"0,868";"2,902";"0,951";"0,484";"0,467";
"04/01/2024 14:20";"0,797";"0,000";"0,489";"0,000";"0,619";"0,000";"1,905";"0,000";"0,000";"0,000";"0,000";"0,110";"1,213";"0,904";"1,034";"3,151";"1,246";"0,635";"0,611";
"04/01/2024 14:30";"0,739";"0,000";"0,419";"0,000";"0,536";"0,000";"1,694";"0,000";"0,000";"0,000";"0,000";"0,177";"2,341";"2,022";"2,139";"6,502";"4,808";"2,459";"2,349";
"04/01/2024 14:40";"0,760";"0,000";"0,372";"0,000";"0,423";"0,000";"1,555";"0,000";"0,000";"0,000";"0,000";"0,135";"2,464";"2,075";"2,126";"6,665";"5,110";"2,611";"2,499";
"04/01/2024 14:50";"0,723";"0,000";"0,315";"0,000";"0,415";"0,000";"1,453";"0,000";"0,000";"0,000";"0,000";"0,164";"2,297";"1,889";"1,989";"6,175";"4,722";"2,411";"2,311";
"04/01/2024 15:00";"0,690";"0,000";"0,315";"0,000";"0,412";"0,000";"1,416";"0,000";"0,000";"0,000";"0,000";"0,145";"2,206";"1,831";"1,928";"5,965";"4,549";"2,323";"2,226";
"04/01/2024 15:10";"0,746";"0,000";"0,339";"0,000";"0,457";"0,000";"1,541";"0,000";"0,000";"0,000";"0,000";"0,155";"2,217";"1,811";"1,928";"5,956";"4,415";"2,255";"2,160";
"04/01/2024 15:20";"0,782";"0,000";"0,363";"0,000";"0,493";"0,000";"1,638";"0,000";"0,000";"0,000";"0,000";"0,081";"2,122";"1,703";"1,832";"5,657";"4,019";"2,056";"1,963";
"04/01/2024 15:30";"1,009";"0,000";"0,392";"0,000";"0,525";"0,000";"1,925";"0,000";"0,000";"0,000";"0,000";"0,156";"1,876";"1,260";"1,392";"4,528";"2,603";"1,335";"1,268";
"04/01/2024 15:40";"1,331";"0,000";"0,753";"0,000";"0,648";"0,000";"2,732";"0,000";"0,000";"0,000";"0,000";"0,297";"1,666";"1,088";"0,983";"3,736";"1,004";"0,516";"0,488";
"04/01/2024 15:50";"1,315";"0,000";"0,837";"0,000";"0,739";"0,000";"2,892";"0,000";"0,000";"0,000";"0,000";"0,287";"1,581";"1,103";"1,004";"3,688";"0,796";"0,412";"0,384";
"04/01/2024 16:00";"1,347";"0,000";"0,834";"0,000";"0,739";"0,000";"2,920";"0,000";"0,000";"0,000";"0,000";"0,345";"1,515";"1,002";"0,908";"3,425";"0,505";"0,260";"0,245";
"04/01/2024 16:10";"1,352";"0,000";"0,993";"0,000";"0,693";"0,000";"3,038";"0,000";"0,000";"0,000";"0,000";"0,310";"2,177";"1,817";"1,517";"5,511";"2,473";"1,257";"1,216";
"04/01/2024 16:20";"1,168";"0,000";"0,733";"0,000";"0,586";"0,000";"2,487";"0,000";"0,000";"0,000";"0,000";"0,235";"2,055";"1,619";"1,473";"5,147";"2,660";"1,372";"1,288";
"04/01/2024 16:30";"0,810";"0,000";"0,397";"0,000";"0,460";"0,000";"1,668";"0,000";"0,000";"0,000";"0,000";"0,154";"1,798";"1,385";"1,448";"4,632";"2,964";"1,539";"1,425";
"04/01/2024 16:40";"0,865";"0,000";"0,384";"0,000";"0,490";"0,000";"1,740";"0,000";"0,000";"0,000";"0,000";"0,145";"1,671";"1,190";"1,296";"4,158";"2,418";"1,261";"1,157";
"04/01/2024 16:50";"0,855";"0,000";"0,459";"0,000";"0,495";"0,000";"1,809";"0,000";"0,001";"0,000";"0,000";"0,143";"1,167";"0,772";"0,807";"2,746";"0,937";"0,498";"0,439";
"04/01/2024 17:00";"0,902";"0,000";"0,471";"0,000";"0,524";"0,000";"1,897";"0,000";"0,000";"0,000";"0,000";"0,249";"0,998";"0,567";"0,620";"2,185";"0,288";"0,149";"0,139";
"04/01/2024 17:10";"1,377";"0,000";"0,573";"0,000";"0,703";"0,000";"2,653";"0,000";"0,000";"0,000";"0,000";"0,274";"1,437";"0,632";"0,763";"2,831";"0,178";"0,092";"0,086";
"04/01/2024 17:20";"1,081";"0,000";"0,427";"0,000";"0,664";"0,000";"2,173";"0,000";"0,020";"0,000";"0,000";"0,025";"1,135";"0,481";"0,718";"2,335";"0,162";"0,084";"0,078";
"04/01/2024 17:30";"1,079";"0,000";"0,463";"0,000";"0,697";"0,000";"2,238";"0,000";"0,000";"0,000";"0,000";"0,175";"1,141";"0,525";"0,759";"2,425";"0,187";"0,097";"0,090";
"04/01/2024 17:40";"1,072";"0,000";"0,520";"0,000";"0,720";"0,000";"2,311";"0,000";"0,000";"0,000";"0,000";"0,207";"1,135";"0,582";"0,782";"2,499";"0,188";"0,097";"0,091";
"04/01/2024 17:50";"0,997";"0,000";"0,371";"0,000";"0,625";"0,000";"1,993";"0,000";"0,000";"0,000";"0,000";"0,133";"1,013";"0,387";"0,641";"2,041";"0,048";"0,025";"0,023";
"04/01/2024 18:00";"1,186";"0,000";"0,457";"0,000";"0,700";"0,000";"2,342";"0,000";"0,012";"0,000";"0,000";"0,046";"1,189";"0,460";"0,703";"2,351";"0,009";"0,005";"0,004";
"04/01/2024 18:10";"1,257";"0,000";"0,510";"0,000";"0,723";"0,000";"2,490";"0,000";"0,033";"0,000";"0,000";"0,079";"1,257";"0,510";"0,723";"2,490";"0,000";"0,000";"0,000";
"04/01/2024 18:20";"1,663";"0,000";"0,676";"0,000";"0,582";"0,000";"2,922";"0,000";"0,000";"0,000";"0,000";"0,146";"1,663";"0,676";"0,582";"2,922";"0,000";"0,000";"0,000";
"04/01/2024 18:30";"1,188";"0,000";"0,451";"0,000";"0,611";"0,000";"2,250";"0,000";"0,006";"0,000";"0,000";"0,068";"1,188";"0,451";"0,611";"2,250";"0,000";"0,000";"0,000";
"04/01/2024 18:40";"1,248";"0,000";"0,602";"0,000";"0,763";"0,000";"2,613";"0,000";"0,009";"0,000";"0,000";"0,019";"1,248";"0,602";"0,763";"2,613";"0,000";"0,000";"0,000";
"04/01/2024 18:50";"1,468";"0,000";"0,630";"0,000";"0,830";"0,000";"2,928";"0,000";"0,004";"0,000";"0,000";"0,187";"1,468";"0,630";"0,830";"2,928";"0,000";"0,000";"0,000";
"04/01/2024 19:00";"1,447";"0,000";"0,591";"0,000";"0,627";"0,000";"2,666";"0,000";"0,009";"0,000";"0,000";"0,138";"1,447";"0,591";"0,627";"2,666";"0,000";"0,000";"0,000";
"04/01/2024 19:10";"1,185";"0,000";"0,506";"0,000";"0,647";"0,000";"2,338";"0,000";"0,020";"0,000";"0,000";"0,042";"1,185";"0,506";"0,647";"2,338";"0,000";"0,000";"0,000";
"04/01/2024 19:20";"1,043";"0,000";"0,530";"0,000";"0,682";"0,000";"2,254";"0,000";"0,016";"0,000";"0,000";"0,164";"1,043";"0,530";"0,682";"2,254";"0,000";"0,000";"0,000";
"04/01/2024 19:30";"1,302";"0,000";"0,583";"0,000";"0,633";"0,000";"2,518";"0,000";"0,000";"0,000";"0,000";"0,190";"1,302";"0,583";"0,633";"2,518";"0,000";"0,000";"0,000";
"04/01/2024 19:40";"0,909";"0,000";"0,515";"0,000";"0,715";"0,000";"2,138";"0,000";"0,006";"0,000";"0,000";"0,026";"0,909";"0,515";"0,715";"2,138";"0,000";"0,000";"0,000";
"04/01/2024 19:50";"0,936";"0,000";"0,523";"0,000";"0,843";"0,000";"2,302";"0,000";"0,015";"0,000";"0,000";"0,015";"0,936";"0,523";"0,843";"2,302";"0,000";"0,000";"0,000";
"04/01/2024 20:00";"0,969";"0,000";"0,533";"0,000";"0,862";"0,000";"2,364";"0,000";"0,000";"0,000";"0,000";"0,238";"0,969";"0,533";"0,862";"2,364";"0,000";"0,000";"0,000";
"04/01/2024 20:10";"0,847";"0,000";"0,428";"0,000";"0,748";"0,000";"2,022";"0,000";"0,002";"0,000";"0,000";"0,191";"0,847";"0,428";"0,748";"2,022";"0,000";"0,000";"0,000";
"04/01/2024 20:20";"0,765";"0,000";"0,525";"0,000";"0,816";"0,000";"2,107";"0,000";"0,012";"0,000";"0,000";"0,062";"0,765";"0,525";"0,816";"2,107";"0,000";"0,000";"0,000";
"04/01/2024 20:30";"0,721";"0,000";"0,542";"0,000";"0,660";"0,000";"1,923";"0,000";"0,006";"0,000";"0,000";"0,107";"0,721";"0,542";"0,660";"1,923";"0,000";"0,000";"0,000";
"04/01/2024 20:40";"1,184";"0,000";"0,591";"0,000";"0,668";"0,000";"2,443";"0,000";"0,000";"0,000";"0,000";"0,215";"1,184";"0,591";"0,668";"2,443";"0,000";"0,000";"0,000";
"04/01/2024 20:50";"1,273";"0,000";"0,906";"0,000";"0,714";"0,000";"2,893";"0,000";"0,000";"0,000";"0,000";"0,136";"1,273";"0,906";"0,714";"2,893";"0,000";"0,000";"0,000";
"04/01/2024 21:00";"0,913";"0,000";"0,620";"0,000";"0,684";"0,000";"2,217";"0,000";"0,001";"0,000";"0,000";"0,138";"0,913";"0,620";"0,684";"2,217";"0,000";"0,000";"0,000";
"04/01/2024 21:10";"0,697";"0,000";"0,545";"0,000";"0,802";"0,000";"2,044";"0,000";"0,000";"0,000";"0,000";"0,174";"0,697";"0,545";"0,802";"2,044";"0,000";"0,000";"0,000";
"04/01/2024 21:20";"0,714";"0,000";"0,547";"0,000";"0,842";"0,000";"2,103";"0,000";"0,010";"0,000";"0,000";"0,154";"0,714";"0,547";"0,842";"2,103";"0,000";"0,000";"0,000";
"04/01/2024 21:30";"1,037";"0,000";"0,585";"0,000";"0,788";"0,000";"2,409";"0,000";"0,000";"0,000";"0,000";"0,183";"1,037";"0,585";"0,788";"2,409";"0,000";"0,000";"0,000";
"04/01/2024 21:40";"0,749";"0,000";"0,520";"0,000";"0,831";"0,000";"2,100";"0,000";"0,004";"0,000";"0,000";"0,220";"0,749";"0,520";"0,831";"2,100";"0,000";"0,000";"0,000";
"04/01/2024 21:50";"0,717";"0,000";"0,559";"0,000";"0,832";"0,000";"2,109";"0,000";"0,001";"0,000";"0,000";"0,148";"0,717";"0,559";"0,832";"2,109";"0,000";"0,000";"0,000";
"04/01/2024 22:00";"0,937";"0,000";"0,581";"0,000";"0,854";"0,000";"2,371";"0,000";"0,000";"0,000";"0,000";"0,217";"0,937";"0,581";"0,854";"2,371";"0,000";"0,000";"0,000";
"04/01/2024 22:10";"0,845";"0,000";"0,549";"0,000";"0,784";"0,000";"2,178";"0,000";"0,000";"0,000";"0,000";"0,197";"0,845";"0,549";"0,784";"2,178";"0,000";"0,000";"0,000";
"04/01/2024 22:20";"0,726";"0,000";"0,560";"0,000";"0,851";"0,000";"2,136";"0,000";"0,000";"0,000";"0,000";"0,232";"0,726";"0,560";"0,851";"2,136";"0,000";"0,000";"0,000";
"04/01/2024 22:30";"0,708";"0,000";"0,555";"0,000";"0,838";"0,000";"2,100";"0,000";"0,000";"0,000";"0,000";"0,189";"0,708";"0,555";"0,838";"2,100";"0,000";"0,000";"0,000";
"04/01/2024 22:40";"1,059";"0,000";"0,597";"0,000";"0,658";"0,000";"2,314";"0,000";"0,001";"0,000";"0,000";"0,198";"1,059";"0,597";"0,658";"2,314";"0,000";"0,000";"0,000";
"04/01/2024 22:50";"0,733";"0,000";"0,509";"0,000";"0,677";"0,000";"1,919";"0,000";"0,006";"0,000";"0,000";"0,154";"0,733";"0,509";"0,677";"1,919";"0,000";"0,000";"0,000";
"04/01/2024 23:00";"0,725";"0,000";"0,564";"0,000";"0,759";"0,000";"2,049";"0,000";"0,002";"0,000";"0,000";"0,160";"0,725";"0,564";"0,759";"2,049";"0,000";"0,000";"0,000";
"04/01/2024 23:10";"1,003";"0,000";"0,650";"0,000";"0,781";"0,000";"2,434";"0,000";"0,000";"0,000";"0,000";"0,222";"1,003";"0,650";"0,781";"2,434";"0,000";"0,000";"0,000";
"04/01/2024 23:20";"0,820";"0,000";"0,499";"0,000";"0,779";"0,000";"2,099";"0,000";"0,015";"0,000";"0,000";"0,080";"0,820";"0,499";"0,779";"2,099";"0,000";"0,000";"0,000";
"04/01/2024 23:30";"0,732";"0,000";"0,563";"0,000";"0,858";"0,000";"2,153";"0,000";"0,004";"0,000";"0,000";"0,197";"0,732";"0,563";"0,858";"2,153";"0,000";"0,000";"0,000";
"04/01/2024 23:40";"0,912";"0,000";"0,587";"0,000";"0,877";"0,000";"2,376";"0,000";"0,000";"0,000";"0,000";"0,270";"0,912";"0,587";"0,877";"2,376";"0,000";"0,000";"0,000";
"04/01/2024 23:50";"0,969";"0,000";"0,632";"0,000";"0,787";"0,000";"2,388";"0,000";"0,002";"0,000";"0,000";"0,137";"0,969";"0,632";"0,787";"2,388";"0,000";"0,000";"0,000";
"05/01/2024 00:00";"0,733";"0,000";"0,526";"0,000";"0,845";"0,000";"2,104";"0,000";"0,018";"0,000";"0,000";"0,042";"0,733";"0,526";"0,845";"2,104";"0,000";"0,000";"0,000";
"05/01/2024 00:10";"0,765";"0,000";"0,610";"0,000";"0,900";"0,000";"2,275";"0,000";"0,000";"0,000";"0,000";"0,224";"0,765";"0,610";"0,900";"2,275";"0,000";"0,000";"0,000";
"05/01/2024 00:20";"1,114";"0,000";"0,613";"0,000";"0,722";"0,000";"2,449";"0,000";"0,000";"0,000";"0,000";"0,235";"1,114";"0,613";"0,722";"2,449";"0,000";"0,000";"0,000";
"05/01/2024 00:30";"0,724";"0,000";"0,556";"0,000";"0,647";"0,000";"1,926";"0,000";"0,000";"0,000";"0,000";"0,203";"0,724";"0,556";"0,647";"1,926";"0,000";"0,000";"0,000";
"05/01/2024 00:40";"0,733";"0,000";"0,536";"0,000";"0,713";"0,000";"1,982";"0,000";"0,000";"0,000";"0,000";"0,222";"0,733";"0,536";"0,713";"1,982";"0,000";"0,000";"0,000";
"05/01/2024 00:50";"0,981";"0,000";"0,526";"0,000";"0,736";"0,000";"2,243";"0,000";"0,000";"0,000";"0,000";"0,314";"0,981";"0,526";"0,736";"2,243";"0,000";"0,000";"0,000";
"05/01/2024 01:00";"0,851";"0,000";"0,584";"0,000";"0,631";"0,000";"2,067";"0,000";"0,005";"0,000";"0,000";"0,082";"0,851";"0,584";"0,631";"2,067";"0,000";"0,000";"0,000";
"05/01/2024 01:10";"0,704";"0,000";"0,551";"0,000";"0,704";"0,000";"1,959";"0,000";"0,005";"0,000";"0,000";"0,181";"0,704";"0,551";"0,704";"1,959";"0,000";"0,000";"0,000";
"05/01/2024 01:20";"0,806";"0,000";"0,604";"0,000";"0,895";"0,000";"2,305";"0,000";"0,000";"0,000";"0,000";"0,234";"0,806";"0,604";"0,895";"2,305";"0,000";"0,000";"0,000";
"05/01/2024 01:30";"1,115";"0,000";"0,564";"0,000";"0,835";"0,000";"2,515";"0,000";"0,000";"0,000";"0,000";"0,253";"1,115";"0,564";"0,835";"2,515";"0,000";"0,000";"0,000";
"05/01/2024 01:40";"0,745";"0,000";"0,541";"0,000";"0,831";"0,000";"2,118";"0,000";"0,000";"0,000";"0,000";"0,226";"0,745";"0,541";"0,831";"2,118";"0,000";"0,000";"0,000";
"05/01/2024 01:50";"0,735";"0,000";"0,558";"0,000";"0,828";"0,000";"2,120";"0,000";"0,008";"0,000";"0,000";"0,153";"0,735";"0,558";"0,828";"2,120";"0,000";"0,000";"0,000";
"05/01/2024 02:00";"1,045";"0,000";"0,625";"0,000";"0,852";"0,000";"2,522";"0,000";"0,000";"0,000";"0,000";"0,265";"1,045";"0,625";"0,852";"2,522";"0,000";"0,000";"0,000";
"05/01/2024 02:10";"0,822";"0,000";"0,520";"0,000";"0,801";"0,000";"2,143";"0,000";"0,000";"0,000";"0,000";"0,233";"0,822";"0,520";"0,801";"2,143";"0,000";"0,000";"0,000";
"05/01/2024 02:20";"0,721";"0,000";"0,514";"0,000";"0,831";"0,000";"2,067";"0,000";"0,002";"0,000";"0,000";"0,164";"0,721";"0,514";"0,831";"2,067";"0,000";"0,000";"0,000";
"05/01/2024 02:30";"0,863";"0,000";"0,551";"0,000";"0,851";"0,000";"2,265";"0,000";"0,000";"0,000";"0,000";"0,242";"0,863";"0,551";"0,851";"2,265";"0,000";"0,000";"0,000";
"05/01/2024 02:40";"1,207";"0,000";"0,624";"0,000";"0,806";"0,000";"2,637";"0,000";"0,000";"0,000";"0,000";"0,280";"1,207";"0,624";"0,806";"2,637";"0,000";"0,000";"0,000";
"05/01/2024 02:50";"1,218";"0,000";"1,055";"0,000";"0,817";"0,000";"3,090";"0,000";"0,008";"0,000";"0,000";"0,042";"1,218";"1,055";"0,817";"3,090";"0,000";"0,000";"0,000";
"05/01/2024 03:00";"0,858";"0,000";"0,587";"0,000";"0,787";"0,000";"2,232";"0,000";"0,000";"0,000";"0,000";"0,178";"0,858";"0,587";"0,787";"2,232";"0,000";"0,000";"0,000";
"05/01/2024 03:10";"0,717";"0,000";"0,524";"0,000";"0,830";"0,000";"2,072";"0,000";"0,000";"0,000";"0,000";"0,193";"0,717";"0,524";"0,830";"2,072";"0,000";"0,000";"0,000";
"05/01/2024 03:20";"0,767";"0,000";"0,531";"0,000";"0,812";"0,000";"2,110";"0,000";"0,000";"0,000";"0,000";"0,226";"0,767";"0,531";"0,812";"2,110";"0,000";"0,000";"0,000";
"05/01/2024 03:30";"0,761";"0,000";"0,504";"0,000";"0,715";"0,000";"1,980";"0,000";"0,000";"0,000";"0,000";"0,220";"0,761";"0,504";"0,715";"1,980";"0,000";"0,000";"0,000";
"05/01/2024 03:40";"0,707";"0,000";"0,541";"0,000";"0,651";"0,000";"1,899";"0,000";"0,001";"0,000";"0,000";"0,093";"0,707";"0,541";"0,651";"1,899";"0,000";"0,000";"0,000";
"05/01/2024 03:50";"0,726";"0,000";"0,547";"0,000";"0,678";"0,000";"1,951";"0,000";"0,000";"0,000";"0,000";"0,194";"0,726";"0,547";"0,678";"1,951";"0,000";"0,000";"0,000";
"05/01/2024 04:00";"1,149";"0,000";"0,744";"0,000";"0,673";"0,000";"2,566";"0,000";"0,000";"0,000";"0,000";"0,289";"1,149";"0,744";"0,673";"2,566";"0,000";"0,000";"0,000";
"05/01/2024 04:10";"0,757";"0,000";"0,521";"0,000";"0,653";"0,000";"1,932";"0,000";"0,000";"0,000";"0,000";"0,126";"0,757";"0,521";"0,653";"1,932";"0,000";"0,000";"0,000";
"05/01/2024 04:20";"0,563";"0,000";"0,542";"0,000";"0,690";"0,000";"1,795";"0,000";"0,000";"0,000";"0,000";"0,272";"0,563";"0,542";"0,690";"1,795";"0,000";"0,000";"0,000";
"05/01/2024 04:30";"0,745";"0,000";"0,552";"0,000";"0,859";"0,000";"2,155";"0,000";"0,000";"0,000";"0,000";"0,300";"0,745";"0,552";"0,859";"2,155";"0,000";"0,000";"0,000";
"05/01/2024 04:40";"0,967";"0,000";"0,893";"0,000";"0,762";"0,000";"2,621";"0,000";"0,000";"0,000";"0,000";"0,340";"0,967";"0,893";"0,762";"2,621";"0,000";"0,000";"0,000";
"05/01/2024 04:50";"1,032";"0,000";"1,039";"0,000";"0,818";"0,000";"2,889";"0,000";"0,000";"0,000";"0,000";"0,311";"1,032";"1,039";"0,818";"2,889";"0,000";"0,000";"0,000";
"05/01/2024 05:00";"0,682";"0,000";"0,502";"0,000";"0,772";"0,000";"1,955";"0,000";"0,000";"0,000";"0,000";"0,238";"0,682";"0,502";"0,772";"1,955";"0,000";"0,000";"0,000";
"05/01/2024 05:10";"0,561";"0,000";"0,523";"0,000";"0,833";"0,000";"1,917";"0,000";"0,000";"0,000";"0,000";"0,253";"0,561";"0,523";"0,833";"1,917";"0,000";"0,000";"0,000";
"05/01/2024 05:20";"0,610";"0,000";"0,512";"0,000";"0,839";"0,000";"1,962";"0,000";"0,000";"0,000";"0,000";"0,358";"0,610";"0,512";"0,839";"1,962";"0,000";"0,000";"0,000";
"05/01/2024 05:30";"2,172";"0,000";"1,774";"0,000";"1,761";"0,000";"5,707";"0,000";"0,257";"0,000";"0,000";"0,130";"2,172";"1,774";"1,761";"5,707";"0,000";"0,000";"0,000";
"05/01/2024 05:40";"2,090";"0,000";"1,506";"0,000";"1,611";"0,000";"5,206";"0,000";"0,108";"0,000";"0,000";"0,017";"2,090";"1,506";"1,611";"5,206";"0,000";"0,000";"0,000";
"05/01/2024 05:50";"2,232";"0,000";"1,754";"0,000";"1,916";"0,000";"5,903";"0,000";"0,251";"0,000";"0,000";"0,173";"2,232";"1,754";"1,916";"5,903";"0,000";"0,000";"0,000";
"05/01/2024 06:00";"2,663";"0,000";"2,160";"0,000";"2,357";"0,000";"7,180";"0,000";"1,438";"0,000";"0,000";"0,159";"2,663";"2,160";"2,357";"7,180";"0,000";"0,000";"0,000";
"05/01/2024 06:10";"3,618";"0,000";"3,214";"0,000";"3,695";"0,000";"10,527";"0,000";"1,354";"0,000";"0,000";"0,124";"3,618";"3,214";"3,695";"10,527";"0,000";"0,000";"0,000";
"05/01/2024 06:20";"5,058";"0,000";"4,368";"0,000";"5,099";"0,000";"14,524";"0,000";"1,234";"0,000";"0,000";"0,237";"5,058";"4,368";"5,099";"14,524";"0,000";"0,000";"0,000";
"05/01/2024 06:30";"5,945";"0,000";"4,976";"0,000";"5,900";"0,000";"16,820";"0,000";"0,899";"0,000";"0,000";"0,397";"5,945";"4,976";"5,900";"16,820";"0,000";"0,000";"0,000";
"05/01/2024 06:40";"6,729";"0,000";"5,848";"0,000";"6,706";"0,000";"19,284";"0,000";"1,445";"0,000";"0,000";"0,215";"6,729";"5,848";"6,706";"19,284";"0,000";"0,000";"0,000";
"05/01/2024 06:50";"7,266";"0,000";"6,396";"0,000";"7,317";"0,000";"20,979";"0,000";"1,388";"0,000";"0,000";"0,147";"7,266";"6,396";"7,317";"20,979";"0,000";"0,000";"0,000";
"05/01/2024 07:00";"8,005";"0,000";"7,179";"0,000";"8,146";"0,000";"23,330";"0,000";"1,006";"0,000";"0,000";"0,205";"8,005";"7,179";"8,146";"23,330";"0,000";"0,000";"0,000";
"05/01/2024 07:10";"8,841";"0,000";"7,763";"0,000";"8,486";"0,000";"25,089";"0,000";"1,284";"0,000";"0,000";"0,119";"8,841";"7,763";"8,486";"25,089";"0,000";"0,000";"0,000";
"05/01/2024 07:20";"7,917";"0,000";"7,129";"0,000";"7,870";"0,000";"22,916";"0,000";"1,863";"0,000";"0,000";"0,068";"7,917";"7,129";"7,870";"22,916";"0,000";"0,000";"0,000";
"05/01/2024 07:30";"8,521";"0,000";"7,685";"0,000";"8,623";"0,000";"24,829";"0,000";"2,322";"0,000";"0,000";"0,073";"8,521";"7,685";"8,623";"24,829";"0,000";"0,000";"0,000";
"05/01/2024 07:40";"8,417";"0,000";"7,743";"0,000";"8,539";"0,000";"24,699";"0,000";"2,518";"0,000";"0,000";"0,119";"8,417";"7,743";"8,539";"24,699";"0,000";"0,000";"0,000";
"05/01/2024 07:50";"8,267";"0,000";"7,533";"0,000";"8,415";"0,000";"24,215";"0,000";"3,772";"0,000";"0,000";"0,037";"8,267";"7,533";"8,415";"24,215";"0,000";"0,000";"0,000";
"05/01/2024 08:00";"7,678";"0,000";"6,974";"0,000";"7,807";"0,000";"22,459";"0,000";"1,696";"0,000";"0,000";"0,022";"7,678";"6,974";"7,807";"22,459";"0,000";"0,000";"0,000";
"05/01/2024 08:10";"8,217";"0,000";"7,379";"0,000";"8,197";"0,000";"23,793";"0,000";"2,837";"0,000";"0,000";"0,049";"8,217";"7,379";"8,197";"23,793";"0,000";"0,000";"0,000";
"05/01/2024 08:20";"8,061";"0,000";"7,236";"0,000";"7,727";"0,000";"23,025";"0,000";"2,279";"0,000";"0,000";"0,079";"8,061";"7,236";"7,727";"23,025";"0,000";"0,000";"0,000";
"05/01/2024 08:30";"7,599";"0,000";"6,697";"0,000";"7,265";"0,000";"21,561";"0,000";"1,116";"0,000";"0,000";"0,167";"7,599";"6,697";"7,265";"21,561";"0,000";"0,000";"0,000";
"05/01/2024 08:40";"7,680";"0,000";"6,957";"0,000";"7,437";"0,000";"22,075";"0,000";"1,089";"0,000";"0,000";"0,211";"7,680";"6,957";"7,437";"22,075";"0,000";"0,000";"0,000";
"05/01/2024 08:50";"8,132";"0,000";"7,482";"0,000";"7,912";"0,000";"23,526";"0,000";"0,949";"0,000";"0,000";"0,171";"8,132";"7,482";"7,912";"23,526";"0,000";"0,000";"0,000";
"05/01/2024 09:00";"7,583";"0,000";"6,857";"0,000";"7,397";"0,000";"21,838";"0,000";"0,950";"0,000";"0,000";"0,075";"7,583";"6,857";"7,397";"21,838";"0,000";"0,000";"0,000";
"05/01/2024 09:10";"7,613";"0,000";"6,992";"0,000";"7,692";"0,000";"22,297";"0,000";"1,295";"0,000";"0,000";"0,055";"7,618";"6,997";"7,697";"22,312";"0,015";"0,008";"0,007";
"05/01/2024 09:20";"7,709";"0,000";"6,990";"0,000";"7,616";"0,000";"22,315";"0,000";"1,295";"0,000";"0,000";"0,048";"7,730";"7,010";"7,637";"22,377";"0,062";"0,032";"0,030";
"05/01/2024 09:30";"7,814";"0,000";"6,969";"0,000";"7,911";"0,000";"22,694";"0,000";"3,239";"0,000";"0,000";"0,006";"7,852";"7,007";"7,948";"22,807";"0,113";"0,059";"0,054";
"05/01/2024 09:40";"7,359";"0,000";"6,653";"0,000";"7,612";"0,000";"21,625";"0,000";"4,010";"0,000";"0,000";"0,020";"7,402";"6,696";"7,655";"21,753";"0,128";"0,067";"0,061";
"05/01/2024 09:50";"6,980";"0,000";"6,330";"0,000";"7,145";"0,000";"20,455";"0,000";"1,212";"0,000";"0,000";"0,156";"7,039";"6,389";"7,203";"20,631";"0,176";"0,091";"0,085";
"05/01/2024 10:00";"6,228";"0,000";"5,500";"0,000";"6,309";"0,000";"18,037";"0,000";"0,893";"0,000";"0,000";"0,341";"6,482";"5,754";"6,563";"18,799";"0,762";"0,388";"0,374";
"05/01/2024 10:10";"6,353";"0,000";"5,590";"0,000";"6,333";"0,000";"18,276";"0,000";"1,656";"0,000";"0,000";"0,197";"6,399";"5,636";"6,379";"18,414";"0,138";"0,072";"0,066";
"05/01/2024 10:20";"7,356";"0,000";"6,774";"0,000";"7,726";"0,000";"21,856";"0,000";"1,231";"0,000";"0,000";"0,083";"7,569";"6,988";"7,940";"22,496";"0,640";"0,327";"0,313";
"05/01/2024 10:30";"7,973";"0,000";"7,209";"0,000";"8,270";"0,000";"23,452";"0,000";"1,891";"0,000";"0,000";"0,037";"8,130";"7,366";"8,427";"23,923";"0,471";"0,241";"0,230";
"05/01/2024 10:40";"7,014";"0,000";"6,283";"0,000";"7,457";"0,000";"20,754";"0,000";"0,935";"0,000";"0,000";"0,182";"7,018";"6,288";"7,462";"20,767";"0,013";"0,007";"0,006";
"05/01/2024 10:50";"7,202";"0,000";"6,604";"0,000";"7,615";"0,000";"21,422";"0,000";"1,511";"0,000";"0,000";"0,087";"7,234";"6,637";"7,648";"21,519";"0,097";"0,050";"0,047";
"05/01/2024 11:00";"6,700";"0,000";"6,185";"0,000";"7,302";"0,000";"20,187";"0,000";"0,993";"0,000";"0,000";"0,161";"6,789";"6,274";"7,391";"20,454";"0,267";"0,137";"0,130";
"05/01/2024 11:10";"7,502";"0,000";"6,794";"0,000";"7,813";"0,000";"22,109";"0,000";"1,565";"0,000";"0,000";"0,036";"7,775";"7,067";"8,086";"22,928";"0,819";"0,416";"0,403";
"05/01/2024 11:20";"8,268";"0,000";"7,557";"0,000";"8,535";"0,000";"24,360";"0,000";"1,913";"0,000";"0,000";"0,004";"8,469";"7,758";"8,736";"24,962";"0,602";"0,307";"0,295";
"05/01/2024 11:30";"8,345";"0,000";"7,795";"0,000";"8,825";"0,000";"24,965";"0,000";"2,224";"0,000";"0,000";"0,000";"8,480";"7,930";"8,960";"25,370";"0,405";"0,207";"0,198";
"05/01/2024 11:40";"8,495";"0,000";"7,864";"0,000";"8,821";"0,000";"25,180";"0,000";"2,616";"0,000";"0,000";"0,001";"9,065";"8,433";"9,390";"26,888";"1,708";"0,866";"0,842";
"05/01/2024 11:50";"8,731";"0,000";"8,057";"0,000";"8,916";"0,000";"25,704";"0,000";"2,686";"0,000";"0,000";"0,000";"9,136";"8,462";"9,321";"26,919";"1,215";"0,619";"0,596";
"05/01/2024 12:00";"8,353";"0,000";"7,844";"0,000";"8,722";"0,000";"24,919";"0,000";"4,122";"0,000";"0,000";"0,031";"8,991";"8,483";"9,360";"26,834";"1,915";"0,974";"0,941";
"05/01/2024 12:10";"7,178";"0,000";"6,480";"0,000";"7,365";"0,000";"21,024";"0,000";"1,149";"0,000";"0,000";"0,119";"7,329";"6,631";"7,516";"21,477";"0,453";"0,233";"0,220";
"05/01/2024 12:20";"7,418";"0,000";"6,816";"0,000";"7,722";"0,000";"21,956";"0,000";"0,937";"0,000";"0,000";"0,143";"7,686";"7,084";"7,990";"22,759";"0,803";"0,409";"0,394";
"05/01/2024 12:30";"6,927";"0,000";"6,245";"0,000";"6,942";"0,000";"20,114";"0,000";"1,748";"0,000";"0,000";"0,193";"8,085";"7,403";"8,100";"23,588";"3,474";"1,755";"1,719";
"05/01/2024 12:40";"7,295";"0,000";"6,734";"0,000";"7,243";"0,000";"21,272";"0,000";"1,773";"0,000";"0,000";"0,050";"8,889";"8,328";"8,837";"26,054";"4,782";"2,413";"2,369";
"05/01/2024 12:50";"6,492";"0,000";"5,976";"0,000";"6,414";"0,000";"18,882";"0,000";"1,471";"0,000";"0,000";"0,101";"8,137";"7,621";"8,059";"23,817";"4,935";"2,493";"2,442";
"05/01/2024 13:00";"5,586";"0,000";"4,998";"0,000";"5,402";"0,000";"15,986";"0,000";"0,582";"0,000";"0,000";"0,219";"6,943";"6,354";"6,758";"20,055";"4,069";"2,056";"2,013";
"05/01/2024 13:10";"6,648";"0,000";"5,730";"0,000";"6,300";"0,000";"18,678";"0,000";"0,745";"0,000";"0,000";"0,165";"7,162";"6,244";"6,814";"20,220";"1,542";"0,783";"0,759";
"05/01/2024 13:20";"8,370";"0,000";"7,317";"0,000";"7,776";"0,000";"23,464";"0,000";"1,896";"0,000";"0,000";"0,078";"8,888";"7,835";"8,294";"25,018";"1,554";"0,788";"0,766";
"05/01/2024 13:30";"7,682";"0,000";"6,663";"0,000";"7,132";"0,000";"21,477";"0,000";"1,408";"0,000";"0,000";"0,068";"8,279";"7,261";"7,730";"23,270";"1,793";"0,909";"0,884";
"05/01/2024 13:40";"5,976";"0,000";"5,549";"0,000";"5,534";"0,000";"17,059";"0,000";"1,531";"0,000";"0,000";"0,045";"6,547";"6,120";"6,104";"18,770";"1,711";"0,870";"0,841";
"05/01/2024 13:50";"4,521";"0,000";"4,137";"0,000";"4,006";"0,000";"12,664";"0,000";"0,925";"0,000";"0,000";"0,282";"6,271";"5,887";"5,756";"17,914";"5,250";"2,668";"2,582";
"05/01/2024 14:00";"4,340";"0,000";"3,611";"0,000";"3,675";"0,000";"11,625";"0,000";"0,791";"0,000";"0,000";"0,297";"5,552";"4,823";"4,887";"15,263";"3,638";"1,852";"1,786";
"05/01/2024 14:10";"2,419";"0,000";"1,924";"0,000";"2,617";"0,000";"6,960";"0,000";"0,359";"0,000";"0,000";"0,532";"3,592";"3,098";"3,791";"10,481";"3,521";"1,795";"1,726";
"05/01/2024 14:20";"1,011";"0,000";"0,516";"0,000";"1,080";"0,000";"2,607";"0,000";"0,005";"0,000";"0,000";"0,157";"2,235";"1,740";"2,304";"6,278";"3,671";"1,873";"1,798";
"05/01/2024 14:30";"1,284";"0,000";"0,583";"0,000";"1,086";"0,000";"2,953";"0,000";"0,000";"0,000";"0,000";"0,233";"1,604";"0,902";"1,406";"3,912";"0,959";"0,492";"0,467";
"05/01/2024 14:40";"1,445";"0,000";"0,717";"0,000";"0,992";"0,000";"3,154";"0,000";"0,002";"0,000";"0,000";"0,188";"2,941";"2,213";"2,489";"7,643";"4,489";"2,297";"2,192";
"05/01/2024 14:50";"1,443";"0,000";"0,931";"0,000";"1,012";"0,000";"3,387";"0,000";"0,022";"0,000";"0,000";"0,001";"2,559";"2,047";"2,128";"6,734";"3,347";"1,709";"1,638";
"05/01/2024 15:00";"1,395";"0,000";"0,879";"0,000";"0,989";"0,000";"3,263";"0,000";"0,030";"0,000";"0,000";"0,027";"2,631";"2,116";"2,226";"6,972";"3,709";"1,898";"1,811";
"05/01/2024 15:10";"1,292";"0,000";"0,759";"0,000";"0,889";"0,000";"2,940";"0,000";"0,000";"0,000";"0,000";"0,096";"1,659";"1,126";"1,256";"4,041";"1,101";"0,562";"0,539";
"05/01/2024 15:20";"1,415";"0,000";"0,883";"0,000";"1,008";"0,000";"3,307";"0,000";"0,002";"0,000";"0,000";"0,097";"1,615";"1,083";"1,207";"3,905";"0,598";"0,306";"0,292";
"05/01/2024 15:30";"1,408";"0,000";"0,899";"0,000";"1,014";"0,000";"3,321";"0,000";"0,033";"0,000";"0,000";"0,010";"1,725";"1,217";"1,331";"4,273";"0,952";"0,486";"0,466";
"05/01/2024 15:40";"1,306";"0,000";"0,490";"0,000";"0,987";"0,000";"2,783";"0,000";"0,029";"0,000";"0,000";"0,066";"2,628";"1,812";"2,309";"6,749";"3,966";"2,018";"1,948";
"05/01/2024 15:50";"1,328";"0,000";"0,713";"0,000";"0,995";"0,000";"3,037";"0,000";"0,012";"0,000";"0,000";"0,067";"1,933";"1,318";"1,600";"4,852";"1,815";"0,923";"0,892";
"05/01/2024 16:00";"1,265";"0,000";"0,690";"0,000";"0,969";"0,000";"2,923";"0,000";"0,024";"0,000";"0,000";"0,034";"1,581";"1,006";"1,285";"3,872";"0,949";"0,483";"0,466";
"05/01/2024 16:10";"0,906";"0,000";"0,377";"0,000";"1,031";"0,000";"2,314";"0,000";"0,000";"0,000";"0,000";"0,199";"1,330";"0,802";"1,455";"3,588";"1,274";"0,647";"0,627";
"05/01/2024 16:20";"0,783";"0,000";"0,262";"0,000";"0,941";"0,000";"1,986";"0,000";"0,007";"0,000";"0,000";"0,070";"1,090";"0,569";"1,247";"2,906";"0,920";"0,471";"0,449";
"05/01/2024 16:30";"1,125";"0,000";"0,435";"0,000";"1,009";"0,000";"2,568";"0,000";"0,040";"0,000";"0,000";"0,029";"1,494";"0,804";"1,378";"3,675";"1,107";"0,564";"0,543";
"05/01/2024 16:40";"1,123";"0,000";"0,598";"0,000";"0,989";"0,000";"2,710";"0,000";"0,009";"0,000";"0,000";"0,151";"1,527";"1,002";"1,393";"3,922";"1,212";"0,616";"0,596";
"05/01/2024 16:50";"1,201";"0,000";"0,884";"0,000";"1,010";"0,000";"3,096";"0,000";"0,047";"0,000";"0,000";"0,008";"1,536";"1,219";"1,345";"4,101";"1,005";"0,511";"0,494";
"05/01/2024 17:00";"1,145";"0,000";"0,607";"0,000";"0,944";"0,000";"2,696";"0,000";"0,019";"0,000";"0,000";"0,065";"1,418";"0,879";"1,216";"3,513";"0,817";"0,426";"0,391";
"05/01/2024 17:10";"0,960";"0,000";"0,611";"0,000";"0,849";"0,000";"2,420";"0,000";"0,003";"0,000";"0,000";"0,118";"1,152";"0,803";"1,041";"2,997";"0,577";"0,295";"0,282";
"05/01/2024 17:20";"0,642";"0,000";"0,383";"0,000";"0,888";"0,000";"1,912";"0,000";"0,055";"0,000";"0,000";"0,028";"0,971";"0,711";"1,216";"2,897";"0,985";"0,503";"0,482";
"05/01/2024 17:30";"0,720";"0,000";"0,369";"0,000";"0,936";"0,000";"2,026";"0,000";"0,000";"0,000";"0,000";"0,160";"0,809";"0,458";"1,025";"2,293";"0,267";"0,137";"0,130";
"05/01/2024 17:40";"1,179";"0,000";"0,574";"0,000";"0,929";"0,000";"2,682";"0,000";"0,000";"0,000";"0,000";"0,198";"1,211";"0,606";"0,962";"2,779";"0,097";"0,050";"0,047";
"05/01/2024 17:50";"0,886";"0,000";"0,379";"0,000";"0,872";"0,000";"2,137";"0,000";"0,020";"0,000";"0,000";"0,146";"0,907";"0,400";"0,893";"2,199";"0,062";"0,032";"0,030";
"05/01/2024 18:00";"0,889";"0,000";"0,393";"0,000";"0,910";"0,000";"2,193";"0,000";"0,015";"0,000";"0,000";"0,159";"0,895";"0,399";"0,916";"2,210";"0,017";"0,009";"0,008";
"05/01/2024 18:10";"1,112";"0,000";"0,459";"0,000";"1,055";"0,000";"2,625";"0,000";"0,000";"0,000";"0,000";"0,226";"1,112";"0,459";"1,055";"2,625";"0,000";"0,000";"0,000";
"05/01/2024 18:20";"1,446";"0,000";"0,893";"0,000";"1,056";"0,000";"3,396";"0,000";"0,000";"0,000";"0,000";"0,279";"1,446";"0,893";"1,056";"3,396";"0,000";"0,000";"0,000";
"05/01/2024 18:30";"1,420";"0,000";"0,971";"0,000";"1,078";"0,000";"3,469";"0,000";"0,000";"0,000";"0,000";"0,151";"1,420";"0,971";"1,078";"3,469";"0,000";"0,000";"0,000";
"05/01/2024 18:40";"1,413";"0,000";"1,056";"0,000";"1,162";"0,000";"3,631";"0,000";"0,003";"0,000";"0,000";"0,047";"1,413";"1,056";"1,162";"3,631";"0,000";"0,000";"0,000";
"05/01/2024 18:50";"1,277";"0,000";"0,980";"0,000";"1,103";"0,000";"3,360";"0,000";"0,000";"0,000";"0,000";"0,258";"1,277";"0,980";"1,103";"3,360";"0,000";"0,000";"0,000";
"05/01/2024 19:00";"1,193";"0,000";"0,952";"0,000";"1,065";"0,000";"3,210";"0,000";"0,000";"0,000";"0,000";"0,282";"1,193";"0,952";"1,065";"3,210";"0,000";"0,000";"0,000";
"05/01/2024 19:10";"1,308";"0,000";"1,055";"0,000";"1,192";"0,000";"3,555";"0,000";"0,000";"0,000";"0,000";"0,222";"1,308";"1,055";"1,192";"3,555";"0,000";"0,000";"0,000";
"05/01/2024 19:20";"1,291";"0,000";"1,075";"0,000";"1,187";"0,000";"3,553";"0,000";"0,000";"0,000";"0,000";"0,309";"1,291";"1,075";"1,187";"3,553";"0,000";"0,000";"0,000";
"05/01/2024 19:30";"0,954";"0,000";"0,683";"0,000";"1,152";"0,000";"2,789";"0,000";"0,000";"0,000";"0,000";"0,340";"0,954";"0,683";"1,152";"2,789";"0,000";"0,000";"0,000";
"05/01/2024 19:40";"0,862";"0,000";"0,556";"0,000";"1,175";"0,000";"2,592";"0,000";"0,000";"0,000";"0,000";"0,236";"0,862";"0,556";"1,175";"2,592";"0,000";"0,000";"0,000";
"05/01/2024 19:50";"0,942";"0,000";"0,563";"0,000";"1,197";"0,000";"2,701";"0,000";"0,000";"0,000";"0,000";"0,286";"0,942";"0,563";"1,197";"2,701";"0,000";"0,000";"0,000";
"05/01/2024 20:00";"1,426";"0,000";"0,955";"0,000";"1,201";"0,000";"3,581";"0,000";"0,000";"0,000";"0,000";"0,313";"1,426";"0,955";"1,201";"3,581";"0,000";"0,000";"0,000";
"05/01/2024 20:10";"1,304";"0,000";"0,919";"0,000";"1,137";"0,000";"3,360";"0,000";"0,000";"0,000";"0,000";"0,361";"1,304";"0,919";"1,137";"3,360";"0,000";"0,000";"0,000";
"05/01/2024 20:20";"1,204";"0,000";"0,789";"0,000";"1,092";"0,000";"3,084";"0,000";"0,001";"0,000";"0,000";"0,224";"1,204";"0,789";"1,092";"3,084";"0,000";"0,000";"0,000";
"05/01/2024 20:30";"1,249";"0,000";"1,049";"0,000";"1,140";"0,000";"3,439";"0,000";"0,000";"0,000";"0,000";"0,245";"1,249";"1,049";"1,140";"3,439";"0,000";"0,000";"0,000";
"05/01/2024 20:40";"1,238";"0,000";"1,043";"0,000";"1,113";"0,000";"3,394";"0,000";"0,000";"0,000";"0,000";"0,274";"1,238";"1,043";"1,113";"3,394";"0,000";"0,000";"0,000";
"05/01/2024 20:50";"1,145";"0,000";"0,938";"0,000";"1,076";"0,000";"3,159";"0,000";"0,000";"0,000";"0,000";"0,317";"1,145";"0,938";"1,076";"3,159";"0,000";"0,000";"0,000";
"05/01/2024 21:00";"1,152";"0,000";"1,054";"0,000";"1,095";"0,000";"3,301";"0,000";"0,000";"0,000";"0,000";"0,324";"1,152";"1,054";"1,095";"3,301";"0,000";"0,000";"0,000";
"05/01/2024 21:10";"1,058";"0,000";"0,718";"0,000";"0,921";"0,000";"2,696";"0,000";"0,000";"0,000";"0,000";"0,250";"1,058";"0,718";"0,921";"2,696";"0,000";"0,000";"0,000";
"05/01/2024 21:20";"1,143";"0,000";"0,960";"0,000";"0,997";"0,000";"3,099";"0,000";"0,000";"0,000";"0,000";"0,339";"1,143";"0,960";"0,997";"3,099";"0,000";"0,000";"0,000";
"05/01/2024 21:30";"0,640";"0,000";"0,520";"0,000";"1,014";"0,000";"2,174";"0,000";"0,000";"0,000";"0,000";"0,253";"0,640";"0,520";"1,014";"2,174";"0,000";"0,000";"0,000";
"05/01/2024 21:40";"0,654";"0,000";"0,524";"0,000";"1,043";"0,000";"2,221";"0,000";"0,000";"0,000";"0,000";"0,227";"0,654";"0,524";"1,043";"2,221";"0,000";"0,000";"0,000";
"05/01/2024 21:50";"0,892";"0,000";"0,564";"0,000";"1,050";"0,000";"2,506";"0,000";"0,000";"0,000";"0,000";"0,335";"0,892";"0,564";"1,050";"2,506";"0,000";"0,000";"0,000";
"05/01/2024 22:00";"1,006";"0,000";"0,809";"0,000";"1,001";"0,000";"2,816";"0,000";"0,000";"0,000";"0,000";"0,291";"1,006";"0,809";"1,001";"2,816";"0,000";"0,000";"0,000";
"05/01/2024 22:10";"0,650";"0,000";"0,517";"0,000";"1,140";"0,000";"2,307";"0,000";"0,000";"0,000";"0,000";"0,342";"0,650";"0,517";"1,140";"2,307";"0,000";"0,000";"0,000";
"05/01/2024 22:20";"0,557";"0,000";"0,443";"0,000";"0,952";"0,000";"1,953";"0,000";"0,000";"0,000";"0,000";"0,227";"0,557";"0,443";"0,952";"1,953";"0,000";"0,000";"0,000";
"05/01/2024 22:30";"0,996";"0,000";"0,692";"0,000";"0,943";"0,000";"2,631";"0,000";"0,000";"0,000";"0,000";"0,128";"0,996";"0,692";"0,943";"2,631";"0,000";"0,000";"0,000";
"05/01/2024 22:40";"1,164";"0,000";"1,003";"0,000";"0,877";"0,000";"3,044";"0,000";"0,000";"0,000";"0,000";"0,185";"1,164";"1,003";"0,877";"3,044";"0,000";"0,000";"0,000";
"05/01/2024 22:50";"1,028";"0,000";"0,811";"0,000";"0,811";"0,000";"2,650";"0,000";"0,000";"0,000";"0,000";"0,149";"1,028";"0,811";"0,811";"2,650";"0,000";"0,000";"0,000";
"05/01/2024 23:00";"0,637";"0,000";"0,572";"0,000";"0,838";"0,000";"2,047";"0,000";"0,000";"0,000";"0,000";"0,141";"0,637";"0,572";"0,838";"2,047";"0,000";"0,000";"0,000";
"05/01/2024 23:10";"0,636";"0,000";"0,503";"0,000";"0,835";"0,000";"1,974";"0,000";"0,000";"0,000";"0,000";"0,279";"0,636";"0,503";"0,835";"1,974";"0,000";"0,000";"0,000";
"05/01/2024 23:20";"1,004";"0,000";"0,676";"0,000";"0,804";"0,000";"2,484";"0,000";"0,000";"0,000";"0,000";"0,375";"1,004";"0,676";"0,804";"2,484";"0,000";"0,000";"0,000";
"05/01/2024 23:30";"0,770";"0,000";"0,566";"0,000";"0,743";"0,000";"2,079";"0,000";"0,000";"0,000";"0,000";"0,242";"0,770";"0,566";"0,743";"2,079";"0,000";"0,000";"0,000";
"05/01/2024 23:40";"0,652";"0,000";"0,540";"0,000";"0,781";"0,000";"1,974";"0,000";"0,000";"0,000";"0,000";"0,264";"0,652";"0,540";"0,781";"1,974";"0,000";"0,000";"0,000";
"05/01/2024 23:50";"0,582";"0,000";"0,478";"0,000";"0,698";"0,000";"1,758";"0,000";"0,000";"0,000";"0,000";"0,183";"0,582";"0,478";"0,698";"1,758";"0,000";"0,000";"0,000";
"06/01/2024 00:00";"0,617";"0,000";"0,458";"0,000";"0,769";"0,000";"1,844";"0,000";"0,000";"0,000";"0,000";"0,199";"0,617";"0,458";"0,769";"1,844";"0,000";"0,000";"0,000";
"06/01/2024 00:10";"0,992";"0,000";"0,714";"0,000";"0,813";"0,000";"2,518";"0,000";"0,000";"0,000";"0,000";"0,314";"0,992";"0,714";"0,813";"2,518";"0,000";"0,000";"0,000";
"06/01/2024 00:20";"1,157";"0,000";"1,034";"0,000";"0,788";"0,000";"2,978";"0,000";"0,000";"0,000";"0,000";"0,317";"1,157";"1,034";"0,788";"2,978";"0,000";"0,000";"0,000";
"06/01/2024 00:30";"1,162";"0,000";"1,032";"0,000";"0,793";"0,000";"2,987";"0,000";"0,000";"0,000";"0,000";"0,333";"1,162";"1,032";"0,793";"2,987";"0,000";"0,000";"0,000";
"06/01/2024 00:40";"1,125";"0,000";"0,600";"0,000";"0,751";"0,000";"2,477";"0,000";"0,000";"0,000";"0,000";"0,307";"1,125";"0,600";"0,751";"2,477";"0,000";"0,000";"0,000";
"06/01/2024 00:50";"1,035";"0,000";"0,527";"0,000";"0,732";"0,000";"2,294";"0,000";"0,000";"0,000";"0,000";"0,243";"1,035";"0,527";"0,732";"2,294";"0,000";"0,000";"0,000";
"06/01/2024 01:00";"0,672";"0,000";"0,567";"0,000";"0,769";"0,000";"2,008";"0,000";"0,000";"0,000";"0,000";"0,228";"0,672";"0,567";"0,769";"2,008";"0,000";"0,000";"0,000";
"06/01/2024 01:10";"0,657";"0,000";"0,533";"0,000";"0,820";"0,000";"2,011";"0,000";"0,000";"0,000";"0,000";"0,340";"0,657";"0,533";"0,820";"2,011";"0,000";"0,000";"0,000";
"06/01/2024 01:20";"1,030";"0,000";"0,688";"0,000";"0,849";"0,000";"2,567";"0,000";"0,000";"0,000";"0,000";"0,356";"1,030";"0,688";"0,849";"2,567";"0,000";"0,000";"0,000";
"06/01/2024 01:30";"1,116";"0,000";"0,641";"0,000";"0,617";"0,000";"2,374";"0,000";"0,000";"0,000";"0,000";"0,216";"1,116";"0,641";"0,617";"2,374";"0,000";"0,000";"0,000";
"06/01/2024 01:40";"1,161";"0,000";"1,029";"0,000";"0,726";"0,000";"2,916";"0,000";"0,000";"0,000";"0,000";"0,308";"1,161";"1,029";"0,726";"2,916";"0,000";"0,000";"0,000";
"06/01/2024 01:50";"1,157";"0,000";"1,014";"0,000";"0,724";"0,000";"2,896";"0,000";"0,000";"0,000";"0,000";"0,331";"1,157";"1,014";"0,724";"2,896";"0,000";"0,000";"0,000";
"06/01/2024 02:00";"1,030";"0,000";"0,620";"0,000";"0,610";"0,000";"2,261";"0,000";"0,000";"0,000";"0,000";"0,254";"1,030";"0,620";"0,610";"2,261";"0,000";"0,000";"0,000";
"06/01/2024 02:10";"0,656";"0,000";"0,568";"0,000";"0,818";"0,000";"2,041";"0,000";"0,000";"0,000";"0,000";"0,215";"0,656";"0,568";"0,818";"2,041";"0,000";"0,000";"0,000";
"06/01/2024 02:20";"0,654";"0,000";"0,524";"0,000";"0,904";"0,000";"2,082";"0,000";"0,000";"0,000";"0,000";"0,295";"0,654";"0,524";"0,904";"2,082";"0,000";"0,000";"0,000";
"06/01/2024 02:30";"1,118";"0,000";"0,769";"0,000";"0,846";"0,000";"2,733";"0,000";"0,000";"0,000";"0,000";"0,352";"1,118";"0,769";"0,846";"2,733";"0,000";"0,000";"0,000";
"06/01/2024 02:40";"1,144";"0,000";"0,564";"0,000";"0,806";"0,000";"2,514";"0,000";"0,000";"0,000";"0,000";"0,293";"1,144";"0,564";"0,806";"2,514";"0,000";"0,000";"0,000";
"06/01/2024 02:50";"1,132";"0,000";"0,884";"0,000";"0,807";"0,000";"2,822";"0,000";"0,000";"0,000";"0,000";"0,274";"1,132";"0,884";"0,807";"2,822";"0,000";"0,000";"0,000";
"06/01/2024 03:00";"1,161";"0,000";"0,944";"0,000";"0,835";"0,000";"2,940";"0,000";"0,000";"0,000";"0,000";"0,280";"1,161";"0,944";"0,835";"2,940";"0,000";"0,000";"0,000";
"06/01/2024 03:10";"0,930";"0,000";"0,639";"0,000";"0,771";"0,000";"2,339";"0,000";"0,000";"0,000";"0,000";"0,256";"0,930";"0,639";"0,771";"2,339";"0,000";"0,000";"0,000";
"06/01/2024 03:20";"0,657";"0,000";"0,549";"0,000";"0,839";"0,000";"2,046";"0,000";"0,000";"0,000";"0,000";"0,307";"0,657";"0,549";"0,839";"2,046";"0,000";"0,000";"0,000";
"06/01/2024 03:30";"0,721";"0,000";"0,535";"0,000";"0,855";"0,000";"2,112";"0,000";"0,000";"0,000";"0,000";"0,299";"0,721";"0,535";"0,855";"2,112";"0,000";"0,000";"0,000";
"06/01/2024 03:40";"1,176";"0,000";"0,846";"0,000";"0,832";"0,000";"2,855";"0,000";"0,000";"0,000";"0,000";"0,292";"1,176";"0,846";"0,832";"2,855";"0,000";"0,000";"0,000";
"06/01/2024 03:50";"1,136";"0,000";"0,627";"0,000";"0,824";"0,000";"2,587";"0,000";"0,000";"0,000";"0,000";"0,243";"1,136";"0,627";"0,824";"2,587";"0,000";"0,000";"0,000";
"06/01/2024 04:00";"1,170";"0,000";"1,003";"0,000";"0,843";"0,000";"3,016";"0,000";"0,000";"0,000";"0,000";"0,379";"1,170";"1,003";"0,843";"3,016";"0,000";"0,000";"0,000";
"06/01/2024 04:10";"1,157";"0,000";"1,046";"0,000";"0,823";"0,000";"3,025";"0,000";"0,000";"0,000";"0,000";"0,301";"1,157";"1,046";"0,823";"3,025";"0,000";"0,000";"0,000";
"06/01/2024 04:20";"0,919";"0,000";"0,500";"0,000";"0,744";"0,000";"2,162";"0,000";"0,000";"0,000";"0,000";"0,223";"0,919";"0,500";"0,744";"2,162";"0,000";"0,000";"0,000";
"06/01/2024 04:30";"0,639";"0,000";"0,523";"0,000";"0,832";"0,000";"1,995";"0,000";"0,000";"0,000";"0,000";"0,209";"0,639";"0,523";"0,832";"1,995";"0,000";"0,000";"0,000";
"06/01/2024 04:40";"0,853";"0,000";"0,549";"0,000";"0,873";"0,000";"2,274";"0,000";"0,000";"0,000";"0,000";"0,338";"0,853";"0,549";"0,873";"2,274";"0,000";"0,000";"0,000";
"06/01/2024 04:50";"1,146";"0,000";"0,895";"0,000";"0,823";"0,000";"2,864";"0,000";"0,000";"0,000";"0,000";"0,293";"1,146";"0,895";"0,823";"2,864";"0,000";"0,000";"0,000";
"06/01/2024 05:00";"1,162";"0,000";"0,682";"0,000";"0,842";"0,000";"2,687";"0,000";"0,000";"0,000";"0,000";"0,262";"1,162";"0,682";"0,842";"2,687";"0,000";"0,000";"0,000";
"06/01/2024 05:10";"1,172";"0,000";"1,086";"0,000";"0,852";"0,000";"3,109";"0,000";"0,000";"0,000";"0,000";"0,311";"1,172";"1,086";"0,852";"3,109";"0,000";"0,000";"0,000";
"06/01/2024 05:20";"1,135";"0,000";"0,979";"0,000";"0,820";"0,000";"2,934";"0,000";"0,000";"0,000";"0,000";"0,345";"1,135";"0,979";"0,820";"2,934";"0,000";"0,000";"0,000";
"06/01/2024 05:30";"0,807";"0,000";"0,486";"0,000";"0,781";"0,000";"2,074";"0,000";"0,001";"0,000";"0,000";"0,266";"0,807";"0,486";"0,781";"2,074";"0,000";"0,000";"0,000";
"06/01/2024 05:40";"0,670";"0,000";"0,592";"0,000";"0,861";"0,000";"2,123";"0,000";"0,000";"0,000";"0,000";"0,278";"0,670";"0,592";"0,861";"2,123";"0,000";"0,000";"0,000";
"06/01/2024 05:50";"0,971";"0,000";"0,648";"0,000";"0,888";"0,000";"2,506";"0,000";"0,000";"0,000";"0,000";"0,312";"0,971";"0,648";"0,888";"2,506";"0,000";"0,000";"0,000";
"06/01/2024 06:00";"1,102";"0,000";"0,963";"0,000";"0,767";"0,000";"2,832";"0,000";"0,000";"0,000";"0,000";"0,315";"1,102";"0,963";"0,767";"2,832";"0,000";"0,000";"0,000";
"06/01/2024 06:10";"1,155";"0,000";"1,097";"0,000";"0,836";"0,000";"3,088";"0,000";"0,000";"0,000";"0,000";"0,255";"1,155";"1,097";"0,836";"3,088";"0,000";"0,000";"0,000";
"06/01/2024 06:20";"1,155";"0,000";"1,068";"0,000";"0,846";"0,000";"3,069";"0,000";"0,000";"0,000";"0,000";"0,209";"1,155";"1,068";"0,846";"3,069";"0,000";"0,000";"0,000";
"06/01/2024 06:30";"1,108";"0,000";"0,911";"0,000";"0,797";"0,000";"2,816";"0,000";"0,000";"0,000";"0,000";"0,274";"1,108";"0,911";"0,797";"2,816";"0,000";"0,000";"0,000";
"06/01/2024 06:40";"0,726";"0,000";"0,518";"0,000";"0,813";"0,000";"2,058";"0,000";"0,000";"0,000";"0,000";"0,325";"0,726";"0,518";"0,813";"2,058";"0,000";"0,000";"0,000";
"06/01/2024 06:50";"0,669";"0,000";"0,577";"0,000";"0,848";"0,000";"2,094";"0,000";"0,000";"0,000";"0,000";"0,280";"0,669";"0,577";"0,848";"2,094";"0,000";"0,000";"0,000";
"06/01/2024 07:00";"1,059";"0,000";"0,753";"0,000";"0,884";"0,000";"2,696";"0,000";"0,000";"0,000";"0,000";"0,307";"1,059";"0,753";"0,884";"2,696";"0,000";"0,000";"0,000";
"06/01/2024 07:10";"1,145";"0,000";"0,810";"0,000";"0,819";"0,000";"2,774";"0,000";"0,000";"0,000";"0,000";"0,271";"1,145";"0,810";"0,819";"2,774";"0,000";"0,000";"0,000";
"06/01/2024 07:20";"1,119";"0,000";"1,030";"0,000";"0,811";"0,000";"2,960";"0,000";"0,000";"0,000";"0,000";"0,352";"1,119";"1,030";"0,811";"2,960";"0,000";"0,000";"0,000";
"06/01/2024 07:30";"1,093";"0,000";"1,014";"0,000";"0,775";"0,000";"2,882";"0,000";"0,000";"0,000";"0,000";"0,197";"1,093";"1,014";"0,775";"2,882";"0,000";"0,000";"0,000";
"06/01/2024 07:40";"1,236";"0,000";"1,050";"0,000";"0,828";"0,000";"3,114";"0,000";"0,006";"0,000";"0,000";"0,052";"1,236";"1,050";"0,828";"3,114";"0,000";"0,000";"0,000";
"06/01/2024 07:50";"1,225";"0,000";"1,010";"0,000";"0,801";"0,000";"3,037";"0,000";"0,007";"0,000";"0,000";"0,094";"1,225";"1,010";"0,801";"3,037";"0,000";"0,000";"0,000";
"06/01/2024 08:00";"1,183";"0,000";"0,992";"0,000";"0,766";"0,000";"2,941";"0,000";"0,001";"0,000";"0,000";"0,188";"1,183";"0,992";"0,766";"2,941";"0,000";"0,000";"0,000";
"06/01/2024 08:10";"1,245";"0,000";"1,037";"0,000";"0,827";"0,000";"3,108";"0,000";"0,000";"0,000";"0,000";"0,264";"1,245";"1,037";"0,827";"3,108";"0,000";"0,000";"0,000";
"06/01/2024 08:20";"1,170";"0,000";"0,940";"0,000";"0,755";"0,000";"2,865";"0,000";"0,000";"0,000";"0,000";"0,211";"1,170";"0,940";"0,755";"2,865";"0,000";"0,000";"0,000";
"06/01/2024 08:30";"1,240";"0,000";"1,080";"0,000";"0,825";"0,000";"3,145";"0,000";"0,002";"0,000";"0,000";"0,090";"1,240";"1,080";"0,825";"3,145";"0,000";"0,000";"0,000";
"06/01/2024 08:40";"1,160";"0,000";"1,052";"0,000";"0,830";"0,000";"3,042";"0,000";"0,000";"0,000";"0,000";"0,074";"1,160";"1,052";"0,830";"3,042";"0,000";"0,000";"0,000";
"06/01/2024 08:50";"0,969";"0,000";"0,818";"0,000";"0,665";"0,000";"2,452";"0,000";"0,000";"0,000";"0,000";"0,156";"0,969";"0,818";"0,665";"2,452";"0,000";"0,000";"0,000";
"06/01/2024 09:00";"1,033";"0,000";"0,920";"0,000";"0,738";"0,000";"2,691";"0,000";"0,000";"0,000";"0,000";"0,113";"1,039";"0,925";"0,744";"2,708";"0,017";"0,009";"0,008";
"06/01/2024 09:10";"0,967";"0,000";"0,657";"0,000";"0,707";"0,000";"2,331";"0,000";"0,001";"0,000";"0,000";"0,118";"1,000";"0,689";"0,739";"2,428";"0,097";"0,051";"0,046";
"06/01/2024 09:20";"0,959";"0,000";"0,869";"0,000";"0,735";"0,000";"2,563";"0,000";"0,013";"0,000";"0,000";"0,012";"1,057";"0,967";"0,833";"2,857";"0,294";"0,154";"0,140";
"06/01/2024 09:30";"0,968";"0,000";"0,917";"0,000";"0,750";"0,000";"2,635";"0,000";"0,012";"0,000";"0,000";"0,104";"1,246";"1,195";"1,028";"3,469";"0,834";"0,450";"0,384";
"06/01/2024 09:40";"0,916";"0,000";"0,657";"0,000";"0,687";"0,000";"2,260";"0,000";"0,000";"0,000";"0,000";"0,197";"1,016";"0,757";"0,787";"2,560";"0,300";"0,167";"0,133";
"06/01/2024 09:50";"0,455";"0,000";"0,371";"0,000";"0,732";"0,000";"1,558";"0,000";"0,008";"0,000";"0,000";"0,107";"0,556";"0,472";"0,832";"1,860";"0,302";"0,156";"0,146";
"06/01/2024 10:00";"0,460";"0,000";"0,390";"0,000";"0,538";"0,000";"1,388";"0,000";"0,018";"0,000";"0,000";"0,158";"0,604";"0,534";"0,682";"1,821";"0,433";"0,222";"0,211";
"06/01/2024 10:10";"0,990";"0,000";"0,723";"0,000";"0,593";"0,000";"2,305";"0,000";"0,000";"0,000";"0,000";"0,217";"1,154";"0,887";"0,757";"2,798";"0,493";"0,254";"0,239";
"06/01/2024 10:20";"0,980";"0,000";"0,897";"0,000";"0,594";"0,000";"2,472";"0,000";"0,000";"0,000";"0,000";"0,223";"1,536";"1,453";"1,149";"4,138";"1,666";"0,962";"0,704";
"06/01/2024 10:30";"0,967";"0,000";"0,878";"0,000";"0,710";"0,000";"2,554";"0,000";"0,000";"0,000";"0,000";"0,270";"1,392";"1,303";"1,136";"3,831";"1,277";"0,759";"0,518";
"06/01/2024 10:40";"0,898";"0,000";"0,788";"0,000";"0,690";"0,000";"2,376";"0,000";"0,000";"0,000";"0,000";"0,162";"1,160";"1,050";"0,952";"3,163";"0,787";"0,426";"0,361";
"06/01/2024 10:50";"0,866";"0,000";"0,790";"0,000";"0,643";"0,000";"2,299";"0,000";"0,001";"0,000";"0,000";"0,123";"1,708";"1,633";"1,486";"4,826";"2,527";"1,554";"0,973";
"06/01/2024 11:00";"0,950";"0,000";"0,860";"0,000";"0,697";"0,000";"2,507";"0,000";"0,000";"0,000";"0,000";"0,080";"1,851";"1,760";"1,597";"5,208";"2,701";"1,754";"0,947";
"06/01/2024 11:10";"0,959";"0,000";"0,881";"0,000";"0,711";"0,000";"2,551";"0,000";"0,000";"0,000";"0,000";"0,092";"1,832";"1,754";"1,585";"5,171";"2,620";"1,661";"0,959";
"06/01/2024 11:20";"0,828";"0,000";"0,714";"0,000";"0,579";"0,000";"2,121";"0,000";"0,000";"0,000";"0,000";"0,127";"1,929";"1,815";"1,680";"5,424";"3,303";"1,836";"1,467";
"06/01/2024 11:30";"0,905";"0,000";"0,801";"0,000";"0,649";"0,000";"2,354";"0,000";"0,006";"0,000";"0,000";"0,126";"2,090";"1,986";"1,834";"5,910";"3,556";"1,973";"1,583";
"06/01/2024 11:40";"0,940";"0,000";"0,862";"0,000";"0,690";"0,000";"2,492";"0,000";"0,000";"0,000";"0,000";"0,038";"2,188";"2,110";"1,939";"6,238";"3,746";"2,077";"1,669";
"06/01/2024 11:50";"0,945";"0,000";"0,843";"0,000";"0,685";"0,000";"2,473";"0,000";"0,015";"0,000";"0,000";"0,070";"2,329";"2,227";"2,070";"6,627";"4,154";"2,293";"1,861";
"06/01/2024 12:00";"0,823";"0,000";"0,700";"0,000";"0,566";"0,000";"2,090";"0,000";"0,000";"0,000";"0,000";"0,129";"2,060";"1,937";"1,803";"5,801";"3,711";"1,986";"1,725";
"06/01/2024 12:10";"0,925";"0,000";"0,880";"0,000";"0,671";"0,000";"2,476";"0,000";"0,000";"0,000";"0,000";"0,135";"2,593";"2,547";"2,339";"7,479";"5,003";"2,550";"2,453";
"06/01/2024 12:20";"0,920";"0,000";"0,618";"0,000";"0,662";"0,000";"2,199";"0,000";"0,002";"0,000";"0,000";"0,153";"2,623";"2,321";"2,365";"7,310";"5,111";"2,575";"2,536";
"06/01/2024 12:30";"0,922";"0,000";"0,779";"0,000";"0,488";"0,000";"2,188";"0,000";"0,000";"0,000";"0,000";"0,257";"2,123";"1,980";"1,689";"5,791";"3,603";"1,825";"1,778";
"06/01/2024 12:40";"0,930";"0,000";"0,800";"0,000";"0,506";"0,000";"2,236";"0,000";"0,002";"0,000";"0,000";"0,137";"1,875";"1,745";"1,450";"5,070";"2,834";"1,441";"1,393";
"06/01/2024 12:50";"0,876";"0,000";"0,803";"0,000";"0,477";"0,000";"2,156";"0,000";"0,000";"0,000";"0,000";"0,150";"2,403";"2,330";"2,004";"6,737";"4,581";"2,318";"2,263";
"06/01/2024 13:00";"0,962";"0,000";"0,864";"0,000";"0,671";"0,000";"2,498";"0,000";"0,004";"0,000";"0,000";"0,185";"2,838";"2,740";"2,547";"8,125";"5,627";"2,836";"2,791";
"06/01/2024 13:10";"0,529";"0,000";"0,323";"0,000";"0,622";"0,000";"1,474";"0,000";"0,006";"0,000";"0,000";"0,105";"2,476";"2,271";"2,569";"7,316";"5,842";"2,953";"2,889";
"06/01/2024 13:20";"0,449";"0,000";"0,378";"0,000";"0,682";"0,000";"1,509";"0,000";"0,002";"0,000";"0,000";"0,178";"1,751";"1,679";"1,984";"5,413";"3,904";"1,986";"1,918";
"06/01/2024 13:30";"0,736";"0,000";"0,421";"0,000";"0,693";"0,000";"1,851";"0,000";"0,000";"0,000";"0,000";"0,217";"2,515";"2,200";"2,472";"7,188";"5,337";"2,716";"2,621";
"06/01/2024 13:40";"0,819";"0,000";"0,583";"0,000";"0,595";"0,000";"1,998";"0,000";"0,001";"0,000";"0,000";"0,153";"2,614";"2,378";"2,389";"7,382";"5,384";"2,737";"2,647";
"06/01/2024 13:50";"0,455";"0,000";"0,372";"0,000";"0,595";"0,000";"1,422";"0,000";"0,000";"0,000";"0,000";"0,213";"2,235";"2,151";"2,374";"6,760";"5,338";"2,716";"2,622";
"06/01/2024 14:00";"0,489";"0,000";"0,379";"0,000";"0,525";"0,000";"1,392";"0,000";"0,000";"0,000";"0,000";"0,202";"2,291";"2,181";"2,327";"6,799";"5,407";"2,753";"2,654";
"06/01/2024 14:10";"0,964";"0,000";"0,644";"0,000";"0,550";"0,000";"2,157";"0,000";"0,000";"0,000";"0,000";"0,202";"2,932";"2,612";"2,518";"8,062";"5,905";"3,006";"2,899";
"06/01/2024 14:20";"0,477";"0,000";"0,350";"0,000";"0,521";"0,000";"1,348";"0,000";"0,003";"0,000";"0,000";"0,116";"2,506";"2,378";"2,550";"7,434";"6,086";"3,091";"2,995";
"06/01/2024 14:30";"0,440";"0,000";"0,358";"0,000";"0,528";"0,000";"1,326";"0,000";"0,006";"0,000";"0,000";"0,176";"0,778";"0,697";"0,867";"2,342";"1,016";"0,519";"0,497";
"06/01/2024 14:40";"0,790";"0,000";"0,479";"0,000";"0,545";"0,000";"1,814";"0,000";"0,014";"0,000";"0,000";"0,093";"1,119";"0,809";"0,874";"2,803";"0,989";"0,504";"0,485";
"06/01/2024 14:50";"0,973";"0,000";"0,866";"0,000";"0,640";"0,000";"2,480";"0,000";"0,000";"0,000";"0,000";"0,210";"1,523";"1,416";"1,190";"4,129";"1,649";"0,836";"0,813";
"06/01/2024 15:00";"0,883";"0,000";"0,798";"0,000";"0,572";"0,000";"2,254";"0,000";"0,000";"0,000";"0,000";"0,209";"1,492";"1,407";"1,181";"4,079";"1,825";"0,925";"0,900";
"06/01/2024 15:10";"0,891";"0,000";"0,846";"0,000";"0,632";"0,000";"2,370";"0,000";"0,009";"0,000";"0,000";"0,047";"1,514";"1,469";"1,255";"4,238";"1,868";"0,948";"0,920";
"06/01/2024 15:20";"0,626";"0,000";"0,525";"0,000";"0,560";"0,000";"1,711";"0,000";"0,019";"0,000";"0,000";"0,037";"1,298";"1,197";"1,232";"3,728";"2,017";"1,024";"0,993";
"06/01/2024 15:30";"0,453";"0,000";"0,316";"0,000";"0,623";"0,000";"1,392";"0,000";"0,011";"0,000";"0,000";"0,068";"1,272";"1,135";"1,442";"3,849";"2,457";"1,247";"1,210";
"06/01/2024 15:40";"0,497";"0,000";"0,290";"0,000";"0,567";"0,000";"1,354";"0,000";"0,000";"0,000";"0,000";"0,177";"1,869";"1,662";"1,939";"5,470";"4,116";"2,102";"2,014";
"06/01/2024 15:50";"0,935";"0,000";"0,765";"0,000";"0,582";"0,000";"2,281";"0,000";"0,013";"0,000";"0,000";"0,041";"2,048";"1,878";"1,695";"5,621";"3,340";"1,710";"1,630";
"06/01/2024 16:00";"0,548";"0,000";"0,438";"0,000";"0,570";"0,000";"1,557";"0,000";"0,017";"0,000";"0,000";"0,033";"1,611";"1,501";"1,633";"4,746";"3,189";"1,636";"1,553";
"06/01/2024 16:10";"0,429";"0,000";"0,309";"0,000";"0,609";"0,000";"1,347";"0,000";"0,012";"0,000";"0,000";"0,032";"1,259";"1,139";"1,439";"3,837";"2,490";"1,267";"1,223";
"06/01/2024 16:20";"0,635";"0,000";"0,361";"0,000";"0,639";"0,000";"1,634";"0,000";"0,002";"0,000";"0,000";"0,143";"1,405";"1,131";"1,410";"3,946";"2,312";"1,173";"1,139";
"06/01/2024 16:30";"0,768";"0,000";"0,636";"0,000";"0,588";"0,000";"1,992";"0,000";"0,004";"0,000";"0,000";"0,150";"1,600";"1,469";"1,420";"4,489";"2,497";"1,292";"1,205";
"06/01/2024 16:40";"0,447";"0,000";"0,332";"0,000";"0,580";"0,000";"1,359";"0,000";"0,001";"0,000";"0,000";"0,104";"1,187";"1,072";"1,319";"3,577";"2,218";"1,192";"1,026";
"06/01/2024 16:50";"0,363";"0,000";"0,251";"0,000";"0,393";"0,000";"1,006";"0,000";"0,002";"0,000";"0,000";"0,118";"0,885";"0,774";"0,915";"2,574";"1,568";"0,896";"0,672";
"06/01/2024 17:00";"0,426";"0,000";"0,361";"0,000";"0,494";"0,000";"1,280";"0,000";"0,023";"0,000";"0,000";"0,012";"0,743";"0,678";"0,811";"2,232";"0,952";"0,570";"0,382";
"06/01/2024 17:10";"0,554";"0,000";"0,378";"0,000";"0,532";"0,000";"1,464";"0,000";"0,001";"0,000";"0,000";"0,163";"0,804";"0,628";"0,783";"2,215";"0,751";"0,431";"0,320";
"06/01/2024 17:20";"0,917";"0,000";"0,700";"0,000";"0,485";"0,000";"2,102";"0,000";"0,000";"0,000";"0,000";"0,197";"1,113";"0,896";"0,681";"2,690";"0,588";"0,334";"0,254";
"06/01/2024 17:30";"0,927";"0,000";"0,817";"0,000";"0,476";"0,000";"2,220";"0,000";"0,005";"0,000";"0,000";"0,108";"1,037";"0,927";"0,586";"2,550";"0,330";"0,178";"0,152";
"06/01/2024 17:40";"1,093";"0,000";"0,616";"0,000";"0,593";"0,000";"2,302";"0,000";"0,011";"0,000";"0,000";"0,142";"1,160";"0,683";"0,659";"2,502";"0,200";"0,104";"0,096";
"06/01/2024 17:50";"1,237";"0,000";"0,842";"0,000";"0,662";"0,000";"2,742";"0,000";"0,000";"0,000";"0,000";"0,217";"1,277";"0,882";"0,702";"2,862";"0,120";"0,063";"0,057";
"06/01/2024 18:00";"0,831";"0,000";"0,374";"0,000";"0,639";"0,000";"1,844";"0,000";"0,007";"0,000";"0,000";"0,119";"0,845";"0,388";"0,653";"1,886";"0,042";"0,022";"0,020";
"06/01/2024 18:10";"0,610";"0,000";"0,408";"0,000";"0,687";"0,000";"1,706";"0,000";"0,012";"0,000";"0,000";"0,109";"0,610";"0,408";"0,687";"1,706";"0,000";"0,000";"0,000";
"06/01/2024 18:20";"0,712";"0,000";"0,387";"0,000";"0,689";"0,000";"1,789";"0,000";"0,000";"0,000";"0,000";"0,234";"0,712";"0,387";"0,689";"1,789";"0,000";"0,000";"0,000";
"06/01/2024 18:30";"0,858";"0,000";"0,568";"0,000";"0,649";"0,000";"2,075";"0,000";"0,000";"0,000";"0,000";"0,185";"0,858";"0,568";"0,649";"2,075";"0,000";"0,000";"0,000";
"06/01/2024 18:40";"0,646";"0,000";"0,545";"0,000";"0,792";"0,000";"1,983";"0,000";"0,000";"0,000";"0,000";"0,286";"0,646";"0,545";"0,792";"1,983";"0,000";"0,000";"0,000";
"06/01/2024 18:50";"0,563";"0,000";"0,429";"0,000";"0,719";"0,000";"1,711";"0,000";"0,000";"0,000";"0,000";"0,279";"0,563";"0,429";"0,719";"1,711";"0,000";"0,000";"0,000";
"06/01/2024 19:00";"0,620";"0,000";"0,515";"0,000";"0,782";"0,000";"1,917";"0,000";"0,000";"0,000";"0,000";"0,118";"0,620";"0,515";"0,782";"1,917";"0,000";"0,000";"0,000";
"06/01/2024 19:10";"0,799";"0,000";"0,541";"0,000";"0,815";"0,000";"2,156";"0,000";"0,000";"0,000";"0,000";"0,265";"0,799";"0,541";"0,815";"2,156";"0,000";"0,000";"0,000";
"06/01/2024 19:20";"1,141";"0,000";"0,820";"0,000";"0,778";"0,000";"2,739";"0,000";"0,000";"0,000";"0,000";"0,339";"1,141";"0,820";"0,778";"2,739";"0,000";"0,000";"0,000";
"06/01/2024 19:30";"1,167";"0,000";"0,935";"0,000";"0,798";"0,000";"2,900";"0,000";"0,000";"0,000";"0,000";"0,287";"1,167";"0,935";"0,798";"2,900";"0,000";"0,000";"0,000";
"06/01/2024 19:40";"1,197";"0,000";"1,039";"0,000";"0,765";"0,000";"3,002";"0,000";"0,000";"0,000";"0,000";"0,260";"1,197";"1,039";"0,765";"3,002";"0,000";"0,000";"0,000";
"06/01/2024 19:50";"1,223";"0,000";"0,971";"0,000";"0,732";"0,000";"2,927";"0,000";"0,000";"0,000";"0,000";"0,243";"1,223";"0,971";"0,732";"2,927";"0,000";"0,000";"0,000";
"06/01/2024 20:00";"0,935";"0,000";"0,439";"0,000";"0,602";"0,000";"1,976";"0,000";"0,000";"0,000";"0,000";"0,228";"0,935";"0,439";"0,602";"1,976";"0,000";"0,000";"0,000";
"06/01/2024 20:10";"0,743";"0,000";"0,560";"0,000";"0,707";"0,000";"2,009";"0,000";"0,000";"0,000";"0,000";"0,153";"0,743";"0,560";"0,707";"2,009";"0,000";"0,000";"0,000";
"06/01/2024 20:20";"0,937";"0,000";"0,560";"0,000";"0,739";"0,000";"2,237";"0,000";"0,000";"0,000";"0,000";"0,264";"0,937";"0,560";"0,739";"2,237";"0,000";"0,000";"0,000";
"06/01/2024 20:30";"1,244";"0,000";"0,782";"0,000";"0,724";"0,000";"2,751";"0,000";"0,000";"0,000";"0,000";"0,241";"1,244";"0,782";"0,724";"2,751";"0,000";"0,000";"0,000";
"06/01/2024 20:40";"1,180";"0,000";"0,735";"0,000";"0,871";"0,000";"2,786";"0,000";"0,000";"0,000";"0,000";"0,332";"1,180";"0,735";"0,871";"2,786";"0,000";"0,000";"0,000";
"06/01/2024 20:50";"1,110";"0,000";"0,792";"0,000";"0,839";"0,000";"2,740";"0,000";"0,000";"0,000";"0,000";"0,263";"1,110";"0,792";"0,839";"2,740";"0,000";"0,000";"0,000";
"06/01/2024 21:00";"1,137";"0,000";"1,065";"0,000";"0,827";"0,000";"3,028";"0,000";"0,000";"0,000";"0,000";"0,093";"1,137";"1,065";"0,827";"3,028";"0,000";"0,000";"0,000";
"06/01/2024 21:10";"1,153";"0,000";"0,816";"0,000";"0,815";"0,000";"2,784";"0,000";"0,000";"0,000";"0,000";"0,206";"1,153";"0,816";"0,815";"2,784";"0,000";"0,000";"0,000";
"06/01/2024 21:20";"0,990";"0,000";"0,804";"0,000";"0,799";"0,000";"2,593";"0,000";"0,000";"0,000";"0,000";"0,178";"0,990";"0,804";"0,799";"2,593";"0,000";"0,000";"0,000";
"06/01/2024 21:30";"0,663";"0,000";"0,538";"0,000";"0,851";"0,000";"2,052";"0,000";"0,000";"0,000";"0,000";"0,260";"0,663";"0,538";"0,851";"2,052";"0,000";"0,000";"0,000";
"06/01/2024 21:40";"0,665";"0,000";"0,559";"0,000";"0,870";"0,000";"2,094";"0,000";"0,000";"0,000";"0,000";"0,303";"0,665";"0,559";"0,870";"2,094";"0,000";"0,000";"0,000";
"06/01/2024 21:50";"1,183";"0,000";"0,874";"0,000";"0,899";"0,000";"2,955";"0,000";"0,000";"0,000";"0,000";"0,316";"1,183";"0,874";"0,899";"2,955";"0,000";"0,000";"0,000";
"06/01/2024 22:00";"1,144";"0,000";"0,798";"0,000";"0,816";"0,000";"2,757";"0,000";"0,000";"0,000";"0,000";"0,286";"1,144";"0,798";"0,816";"2,757";"0,000";"0,000";"0,000";
"06/01/2024 22:10";"1,130";"0,000";"1,000";"0,000";"0,822";"0,000";"2,953";"0,000";"0,000";"0,000";"0,000";"0,260";"1,130";"1,000";"0,822";"2,953";"0,000";"0,000";"0,000";
"06/01/2024 22:20";"1,104";"0,000";"0,984";"0,000";"0,789";"0,000";"2,878";"0,000";"0,000";"0,000";"0,000";"0,197";"1,104";"0,984";"0,789";"2,878";"0,000";"0,000";"0,000";
"06/01/2024 22:30";"1,145";"0,000";"1,032";"0,000";"0,841";"0,000";"3,018";"0,000";"0,000";"0,000";"0,000";"0,239";"1,145";"1,032";"0,841";"3,018";"0,000";"0,000";"0,000";
"06/01/2024 22:40";"1,150";"0,000";"1,013";"0,000";"0,824";"0,000";"2,987";"0,000";"0,000";"0,000";"0,000";"0,355";"1,150";"1,013";"0,824";"2,987";"0,000";"0,000";"0,000";
"06/01/2024 22:50";"0,960";"0,000";"0,526";"0,000";"0,730";"0,000";"2,216";"0,000";"0,000";"0,000";"0,000";"0,207";"0,960";"0,526";"0,730";"2,216";"0,000";"0,000";"0,000";
"06/01/2024 23:00";"0,665";"0,000";"0,577";"0,000";"0,846";"0,000";"2,088";"0,000";"0,000";"0,000";"0,000";"0,207";"0,665";"0,577";"0,846";"2,088";"0,000";"0,000";"0,000";
"06/01/2024 23:10";"0,839";"0,000";"0,565";"0,000";"0,862";"0,000";"2,266";"0,000";"0,000";"0,000";"0,000";"0,330";"0,839";"0,565";"0,862";"2,266";"0,000";"0,000";"0,000";
"06/01/2024 23:20";"1,117";"0,000";"0,966";"0,000";"0,803";"0,000";"2,885";"0,000";"0,000";"0,000";"0,000";"0,314";"1,117";"0,966";"0,803";"2,885";"0,000";"0,000";"0,000";
"06/01/2024 23:30";"1,137";"0,000";"1,020";"0,000";"0,820";"0,000";"2,978";"0,000";"0,000";"0,000";"0,000";"0,269";"1,137";"1,020";"0,820";"2,978";"0,000";"0,000";"0,000";
"06/01/2024 23:40";"1,286";"0,000";"1,095";"0,000";"0,884";"0,000";"3,265";"0,000";"0,000";"0,000";"0,000";"0,080";"1,286";"1,095";"0,884";"3,265";"0,000";"0,000";"0,000";
"06/01/2024 23:50";"1,422";"0,000";"1,079";"0,000";"0,878";"0,000";"3,379";"0,000";"0,000";"0,000";"0,000";"0,144";"1,422";"1,079";"0,878";"3,379";"0,000";"0,000";"0,000";
"07/01/2024 00:00";"1,283";"0,000";"0,877";"0,000";"0,599";"0,000";"2,759";"0,000";"0,000";"0,000";"0,000";"0,268";"1,283";"0,877";"0,599";"2,759";"0,000";"0,000";"0,000";
"07/01/2024 00:10";"1,234";"0,000";"1,042";"0,000";"0,662";"0,000";"2,939";"0,000";"0,000";"0,000";"0,000";"0,155";"1,234";"1,042";"0,662";"2,939";"0,000";"0,000";"0,000";
"07/01/2024 00:20";"1,152";"0,000";"1,068";"0,000";"0,740";"0,000";"2,960";"0,000";"0,000";"0,000";"0,000";"0,082";"1,152";"1,068";"0,740";"2,960";"0,000";"0,000";"0,000";
"07/01/2024 00:30";"1,151";"0,000";"1,046";"0,000";"0,824";"0,000";"3,021";"0,000";"0,000";"0,000";"0,000";"0,237";"1,151";"1,046";"0,824";"3,021";"0,000";"0,000";"0,000";
"07/01/2024 00:40";"1,051";"0,000";"0,920";"0,000";"0,743";"0,000";"2,714";"0,000";"0,000";"0,000";"0,000";"0,237";"1,051";"0,920";"0,743";"2,714";"0,000";"0,000";"0,000";
"07/01/2024 00:50";"1,161";"0,000";"1,075";"0,000";"0,896";"0,000";"3,132";"0,000";"0,000";"0,000";"0,000";"0,130";"1,161";"1,075";"0,896";"3,132";"0,000";"0,000";"0,000";
"07/01/2024 01:00";"1,157";"0,000";"1,058";"0,000";"0,883";"0,000";"3,097";"0,000";"0,000";"0,000";"0,000";"0,086";"1,157";"1,058";"0,883";"3,097";"0,000";"0,000";"0,000";
"07/01/2024 01:10";"1,095";"0,000";"0,984";"0,000";"0,586";"0,000";"2,665";"0,000";"0,000";"0,000";"0,000";"0,325";"1,095";"0,984";"0,586";"2,665";"0,000";"0,000";"0,000";
"07/01/2024 01:20";"1,100";"0,000";"1,024";"0,000";"0,783";"0,000";"2,907";"0,000";"0,000";"0,000";"0,000";"0,184";"1,100";"1,024";"0,783";"2,907";"0,000";"0,000";"0,000";
"07/01/2024 01:30";"1,164";"0,000";"1,081";"0,000";"0,875";"0,000";"3,120";"0,000";"0,000";"0,000";"0,000";"0,084";"1,164";"1,081";"0,875";"3,120";"0,000";"0,000";"0,000";
"07/01/2024 01:40";"1,157";"0,000";"1,045";"0,000";"0,878";"0,000";"3,079";"0,000";"0,000";"0,000";"0,000";"0,095";"1,157";"1,045";"0,878";"3,079";"0,000";"0,000";"0,000";
"07/01/2024 01:50";"1,056";"0,000";"0,906";"0,000";"0,739";"0,000";"2,701";"0,000";"0,000";"0,000";"0,000";"0,272";"1,056";"0,906";"0,739";"2,701";"0,000";"0,000";"0,000";
"07/01/2024 02:00";"1,143";"0,000";"1,086";"0,000";"0,841";"0,000";"3,069";"0,000";"0,000";"0,000";"0,000";"0,134";"1,143";"1,086";"0,841";"3,069";"0,000";"0,000";"0,000";
"07/01/2024 02:10";"1,133";"0,000";"1,032";"0,000";"0,828";"0,000";"2,993";"0,000";"0,000";"0,000";"0,000";"0,140";"1,133";"1,032";"0,828";"2,993";"0,000";"0,000";"0,000";
"07/01/2024 02:20";"1,126";"0,000";"0,987";"0,000";"0,820";"0,000";"2,933";"0,000";"0,000";"0,000";"0,000";"0,300";"1,126";"0,987";"0,820";"2,933";"0,000";"0,000";"0,000";
"07/01/2024 02:30";"1,166";"0,000";"1,082";"0,000";"0,856";"0,000";"3,104";"0,000";"0,000";"0,000";"0,000";"0,202";"1,166";"1,082";"0,856";"3,104";"0,000";"0,000";"0,000";
"07/01/2024 02:40";"1,159";"0,000";"1,091";"0,000";"0,853";"0,000";"3,103";"0,000";"0,000";"0,000";"0,000";"0,088";"1,159";"1,091";"0,853";"3,103";"0,000";"0,000";"0,000";
"07/01/2024 02:50";"1,142";"0,000";"1,024";"0,000";"0,832";"0,000";"2,998";"0,000";"0,000";"0,000";"0,000";"0,267";"1,142";"1,024";"0,832";"2,998";"0,000";"0,000";"0,000";
"07/01/2024 03:00";"1,028";"0,000";"0,866";"0,000";"0,731";"0,000";"2,625";"0,000";"0,000";"0,000";"0,000";"0,289";"1,028";"0,866";"0,731";"2,625";"0,000";"0,000";"0,000";
"07/01/2024 03:10";"1,150";"0,000";"1,095";"0,000";"0,866";"0,000";"3,112";"0,000";"0,000";"0,000";"0,000";"0,295";"1,150";"1,095";"0,866";"3,112";"0,000";"0,000";"0,000";
"07/01/2024 03:20";"1,170";"0,000";"0,862";"0,000";"0,878";"0,000";"2,910";"0,000";"0,000";"0,000";"0,000";"0,286";"1,170";"0,862";"0,878";"2,910";"0,000";"0,000";"0,000";
"07/01/2024 03:30";"1,177";"0,000";"1,004";"0,000";"0,873";"0,000";"3,053";"0,000";"0,000";"0,000";"0,000";"0,326";"1,177";"1,004";"0,873";"3,053";"0,000";"0,000";"0,000";
"07/01/2024 03:40";"1,177";"0,000";"1,059";"0,000";"0,866";"0,000";"3,102";"0,000";"0,000";"0,000";"0,000";"0,342";"1,177";"1,059";"0,866";"3,102";"0,000";"0,000";"0,000";
"07/01/2024 03:50";"1,011";"0,000";"0,933";"0,000";"0,725";"0,000";"2,670";"0,000";"0,000";"0,000";"0,000";"0,221";"1,011";"0,933";"0,725";"2,670";"0,000";"0,000";"0,000";
"07/01/2024 04:00";"1,139";"0,000";"1,023";"0,000";"0,830";"0,000";"2,992";"0,000";"0,000";"0,000";"0,000";"0,160";"1,139";"1,023";"0,830";"2,992";"0,000";"0,000";"0,000";
"07/01/2024 04:10";"1,161";"0,000";"1,022";"0,000";"0,853";"0,000";"3,035";"0,000";"0,000";"0,000";"0,000";"0,166";"1,161";"1,022";"0,853";"3,035";"0,000";"0,000";"0,000";
"07/01/2024 04:20";"1,148";"0,000";"1,092";"0,000";"0,839";"0,000";"3,079";"0,000";"0,000";"0,000";"0,000";"0,114";"1,148";"1,092";"0,839";"3,079";"0,000";"0,000";"0,000";
"07/01/2024 04:30";"1,061";"0,000";"0,902";"0,000";"0,745";"0,000";"2,708";"0,000";"0,000";"0,000";"0,000";"0,202";"1,061";"0,902";"0,745";"2,708";"0,000";"0,000";"0,000";
"07/01/2024 04:40";"1,146";"0,000";"1,099";"0,000";"0,851";"0,000";"3,097";"0,000";"0,000";"0,000";"0,000";"0,117";"1,146";"1,099";"0,851";"3,097";"0,000";"0,000";"0,000";
"07/01/2024 04:50";"1,153";"0,000";"1,028";"0,000";"0,854";"0,000";"3,036";"0,000";"0,000";"0,000";"0,000";"0,162";"1,153";"1,028";"0,854";"3,036";"0,000";"0,000";"0,000";
"07/01/2024 05:00";"1,114";"0,000";"0,950";"0,000";"0,769";"0,000";"2,833";"0,000";"0,000";"0,000";"0,000";"0,187";"1,114";"0,950";"0,769";"2,833";"0,000";"0,000";"0,000";
"07/01/2024 05:10";"1,370";"0,000";"1,025";"0,000";"0,822";"0,000";"3,216";"0,000";"0,000";"0,000";"0,000";"0,190";"1,370";"1,025";"0,822";"3,216";"0,000";"0,000";"0,000";
"07/01/2024 05:20";"1,420";"0,000";"1,077";"0,000";"0,900";"0,000";"3,397";"0,000";"0,000";"0,000";"0,000";"0,116";"1,420";"1,077";"0,900";"3,397";"0,000";"0,000";"0,000";
"07/01/2024 05:30";"1,300";"0,000";"1,023";"0,000";"0,887";"0,000";"3,210";"0,000";"0,000";"0,000";"0,000";"0,256";"1,300";"1,023";"0,887";"3,210";"0,000";"0,000";"0,000";
"07/01/2024 05:40";"1,054";"0,000";"0,942";"0,000";"0,784";"0,000";"2,780";"0,000";"0,000";"0,000";"0,000";"0,210";"1,054";"0,942";"0,784";"2,780";"0,000";"0,000";"0,000";
"07/01/2024 05:50";"1,170";"0,000";"1,082";"0,000";"0,892";"0,000";"3,144";"0,000";"0,000";"0,000";"0,000";"0,138";"1,170";"1,082";"0,892";"3,144";"0,000";"0,000";"0,000";
"07/01/2024 06:00";"1,181";"0,000";"1,030";"0,000";"0,906";"0,000";"3,117";"0,000";"0,000";"0,000";"0,000";"0,146";"1,181";"1,030";"0,906";"3,117";"0,000";"0,000";"0,000";
"07/01/2024 06:10";"1,085";"0,000";"1,009";"0,000";"0,845";"0,000";"2,938";"0,000";"0,000";"0,000";"0,000";"0,263";"1,085";"1,009";"0,845";"2,938";"0,000";"0,000";"0,000";
"07/01/2024 06:20";"1,120";"0,000";"1,030";"0,000";"0,850";"0,000";"3,000";"0,000";"0,000";"0,000";"0,000";"0,250";"1,120";"1,030";"0,850";"3,000";"0,000";"0,000";"0,000";
"07/01/2024 06:30";"1,168";"0,000";"1,054";"0,000";"0,884";"0,000";"3,106";"0,000";"0,000";"0,000";"0,000";"0,293";"1,168";"1,054";"0,884";"3,106";"0,000";"0,000";"0,000";
"07/01/2024 06:40";"1,159";"0,000";"1,012";"0,000";"0,865";"0,000";"3,036";"0,000";"0,000";"0,000";"0,000";"0,358";"1,159";"1,012";"0,865";"3,036";"0,000";"0,000";"0,000";
"07/01/2024 06:50";"1,043";"0,000";"0,957";"0,000";"0,764";"0,000";"2,764";"0,000";"0,000";"0,000";"0,000";"0,205";"1,043";"0,957";"0,764";"2,764";"0,000";"0,000";"0,000";
"07/01/2024 07:00";"1,144";"0,000";"1,052";"0,000";"0,868";"0,000";"3,064";"0,000";"0,000";"0,000";"0,000";"0,136";"1,144";"1,052";"0,868";"3,064";"0,000";"0,000";"0,000";
"07/01/2024 07:10";"1,237";"0,000";"1,047";"0,000";"0,884";"0,000";"3,168";"0,000";"0,000";"0,000";"0,000";"0,089";"1,237";"1,047";"0,884";"3,168";"0,000";"0,000";"0,000";
"07/01/2024 07:20";"1,180";"0,000";"0,929";"0,000";"0,793";"0,000";"2,902";"0,000";"0,000";"0,000";"0,000";"0,258";"1,180";"0,929";"0,793";"2,902";"0,000";"0,000";"0,000";
"07/01/2024 07:30";"1,216";"0,000";"1,019";"0,000";"0,821";"0,000";"3,056";"0,000";"0,000";"0,000";"0,000";"0,150";"1,216";"1,019";"0,821";"3,056";"0,000";"0,000";"0,000";
"07/01/2024 07:40";"1,239";"0,000";"1,084";"0,000";"0,871";"0,000";"3,194";"0,000";"0,003";"0,000";"0,000";"0,045";"1,239";"1,084";"0,871";"3,194";"0,000";"0,000";"0,000";
"07/01/2024 07:50";"1,233";"0,000";"0,996";"0,000";"0,854";"0,000";"3,084";"0,000";"0,000";"0,000";"0,000";"0,212";"1,233";"0,996";"0,854";"3,084";"0,000";"0,000";"0,000";
"07/01/2024 08:00";"1,157";"0,000";"0,931";"0,000";"0,751";"0,000";"2,840";"0,000";"0,000";"0,000";"0,000";"0,164";"1,157";"0,931";"0,751";"2,840";"0,000";"0,000";"0,000";
"07/01/2024 08:10";"1,169";"0,000";"1,069";"0,000";"0,860";"0,000";"3,098";"0,000";"0,000";"0,000";"0,000";"0,132";"1,169";"1,069";"0,860";"3,098";"0,000";"0,000";"0,000";
"07/01/2024 08:20";"1,181";"0,000";"1,082";"0,000";"0,877";"0,000";"3,140";"0,000";"0,000";"0,000";"0,000";"0,080";"1,181";"1,082";"0,877";"3,140";"0,000";"0,000";"0,000";
"07/01/2024 08:30";"1,100";"0,000";"0,952";"0,000";"0,815";"0,000";"2,868";"0,000";"0,000";"0,000";"0,000";"0,312";"1,100";"0,952";"0,815";"2,868";"0,000";"0,000";"0,000";
"07/01/2024 08:40";"1,096";"0,000";"1,005";"0,000";"0,814";"0,000";"2,916";"0,000";"0,000";"0,000";"0,000";"0,180";"1,096";"1,005";"0,814";"2,916";"0,000";"0,000";"0,000";
"07/01/2024 08:50";"1,059";"0,000";"0,967";"0,000";"0,754";"0,000";"2,779";"0,000";"0,010";"0,000";"0,000";"0,026";"1,059";"0,967";"0,754";"2,779";"0,000";"0,000";"0,000";
"07/01/2024 09:00";"1,092";"0,000";"0,912";"0,000";"0,759";"0,000";"2,763";"0,000";"0,000";"0,000";"0,000";"0,159";"1,099";"0,919";"0,766";"2,785";"0,022";"0,012";"0,010";
"07/01/2024 09:10";"0,878";"0,000";"0,721";"0,000";"0,601";"0,000";"2,200";"0,000";"0,000";"0,000";"0,000";"0,145";"0,901";"0,744";"0,624";"2,269";"0,069";"0,038";"0,031";
"07/01/2024 09:20";"0,975";"0,000";"0,893";"0,000";"0,712";"0,000";"2,580";"0,000";"0,000";"0,000";"0,000";"0,182";"1,030";"0,948";"0,766";"2,744";"0,164";"0,098";"0,066";
"07/01/2024 09:30";"0,984";"0,000";"0,898";"0,000";"0,730";"0,000";"2,613";"0,000";"0,000";"0,000";"0,000";"0,224";"1,086";"1,000";"0,832";"2,918";"0,305";"0,193";"0,112";
"07/01/2024 09:40";"0,960";"0,000";"0,816";"0,000";"0,702";"0,000";"2,478";"0,000";"0,000";"0,000";"0,000";"0,250";"1,140";"0,995";"0,881";"3,017";"0,539";"0,357";"0,182";
"07/01/2024 09:50";"0,899";"0,000";"0,798";"0,000";"0,655";"0,000";"2,352";"0,000";"0,000";"0,000";"0,000";"0,117";"1,203";"1,101";"0,959";"3,263";"0,911";"0,575";"0,336";
"07/01/2024 10:00";"0,943";"0,000";"0,915";"0,000";"0,723";"0,000";"2,582";"0,000";"0,010";"0,000";"0,000";"0,013";"1,392";"1,364";"1,172";"3,929";"1,347";"0,835";"0,512";
"07/01/2024 10:10";"1,166";"0,000";"0,874";"0,000";"0,739";"0,000";"2,778";"0,000";"0,012";"0,000";"0,000";"0,052";"1,701";"1,409";"1,274";"4,383";"1,605";"1,027";"0,578";
"07/01/2024 10:20";"1,126";"0,000";"0,795";"0,000";"0,670";"0,000";"2,591";"0,000";"0,000";"0,000";"0,000";"0,098";"1,608";"1,276";"1,152";"4,036";"1,445";"0,952";"0,493";
"07/01/2024 10:30";"1,113";"0,000";"0,884";"0,000";"0,712";"0,000";"2,709";"0,000";"0,007";"0,000";"0,000";"0,074";"1,738";"1,509";"1,337";"4,583";"1,874";"1,107";"0,767";
"07/01/2024 10:40";"0,963";"0,000";"0,821";"0,000";"0,718";"0,000";"2,502";"0,000";"0,000";"0,000";"0,000";"0,049";"1,744";"1,602";"1,499";"4,845";"2,343";"1,314";"1,029";
"07/01/2024 10:50";"0,968";"0,000";"0,845";"0,000";"0,721";"0,000";"2,534";"0,000";"0,016";"0,000";"0,000";"0,037";"1,871";"1,748";"1,624";"5,244";"2,710";"1,510";"1,200";
"07/01/2024 11:00";"0,891";"0,000";"0,824";"0,000";"0,653";"0,000";"2,369";"0,000";"0,002";"0,000";"0,000";"0,121";"1,884";"1,817";"1,645";"5,346";"2,977";"1,653";"1,324";
"07/01/2024 11:10";"0,957";"0,000";"0,847";"0,000";"0,701";"0,000";"2,506";"0,000";"0,005";"0,000";"0,000";"0,024";"2,031";"1,921";"1,775";"5,727";"3,221";"1,785";"1,436";
"07/01/2024 11:20";"0,967";"0,000";"0,829";"0,000";"0,501";"0,000";"2,297";"0,000";"0,013";"0,000";"0,000";"0,069";"2,114";"1,976";"1,649";"5,739";"3,442";"1,906";"1,536";
"07/01/2024 11:30";"0,851";"0,000";"0,780";"0,000";"0,453";"0,000";"2,084";"0,000";"0,003";"0,000";"0,000";"0,096";"2,067";"1,996";"1,669";"5,731";"3,647";"2,019";"1,628";
"07/01/2024 11:40";"0,936";"0,000";"0,862";"0,000";"0,580";"0,000";"2,378";"0,000";"0,005";"0,000";"0,000";"0,064";"2,216";"2,141";"1,859";"6,216";"3,838";"2,125";"1,713";
"07/01/2024 11:50";"0,963";"0,000";"0,817";"0,000";"0,680";"0,000";"2,460";"0,000";"0,005";"0,000";"0,000";"0,068";"2,303";"2,158";"2,021";"6,482";"4,022";"2,217";"1,805";
"07/01/2024 12:00";"0,905";"0,000";"0,826";"0,000";"0,699";"0,000";"2,430";"0,000";"0,001";"0,000";"0,000";"0,057";"2,374";"2,295";"2,167";"6,835";"4,405";"2,316";"2,089";
"07/01/2024 12:10";"0,902";"0,000";"0,800";"0,000";"0,636";"0,000";"2,338";"0,000";"0,002";"0,000";"0,000";"0,119";"2,516";"2,414";"2,250";"7,181";"4,843";"2,455";"2,388";
"07/01/2024 12:20";"0,953";"0,000";"0,836";"0,000";"0,691";"0,000";"2,480";"0,000";"0,008";"0,000";"0,000";"0,028";"2,669";"2,551";"2,406";"7,626";"5,146";"2,587";"2,559";
"07/01/2024 12:30";"0,926";"0,000";"0,831";"0,000";"0,664";"0,000";"2,421";"0,000";"0,002";"0,000";"0,000";"0,032";"2,054";"1,959";"1,791";"5,804";"3,383";"1,711";"1,672";
"07/01/2024 12:40";"0,822";"0,000";"0,739";"0,000";"0,534";"0,000";"2,095";"0,000";"0,000";"0,000";"0,000";"0,120";"2,107";"2,024";"1,819";"5,950";"3,855";"1,959";"1,896";
"07/01/2024 12:50";"0,958";"0,000";"0,845";"0,000";"0,654";"0,000";"2,457";"0,000";"0,000";"0,000";"0,000";"0,248";"2,761";"2,648";"2,456";"7,865";"5,408";"2,728";"2,680";
"07/01/2024 13:00";"0,968";"0,000";"0,847";"0,000";"0,652";"0,000";"2,467";"0,000";"0,005";"0,000";"0,000";"0,169";"2,775";"2,654";"2,459";"7,888";"5,421";"2,724";"2,697";
"07/01/2024 13:10";"0,969";"0,000";"0,868";"0,000";"0,653";"0,000";"2,490";"0,000";"0,010";"0,000";"0,000";"0,179";"2,790";"2,689";"2,473";"7,952";"5,462";"2,755";"2,707";
"07/01/2024 13:20";"0,882";"0,000";"0,813";"0,000";"0,568";"0,000";"2,263";"0,000";"0,009";"0,000";"0,000";"0,126";"2,789";"2,720";"2,475";"7,983";"5,720";"2,898";"2,822";
"07/01/2024 13:30";"0,938";"0,000";"0,814";"0,000";"0,646";"0,000";"2,398";"0,000";"0,002";"0,000";"0,000";"0,077";"2,911";"2,788";"2,619";"8,318";"5,920";"3,004";"2,916";
"07/01/2024 13:40";"0,971";"0,000";"0,875";"0,000";"0,657";"0,000";"2,503";"0,000";"0,001";"0,000";"0,000";"0,096";"2,897";"2,801";"2,584";"8,282";"5,779";"2,936";"2,843";
"07/01/2024 13:50";"0,923";"0,000";"0,635";"0,000";"0,514";"0,000";"2,071";"0,000";"0,000";"0,000";"0,000";"0,167";"2,635";"2,347";"2,226";"7,207";"5,136";"2,619";"2,517";
"07/01/2024 14:00";"0,920";"0,000";"0,689";"0,000";"0,517";"0,000";"2,125";"0,000";"0,010";"0,000";"0,000";"0,056";"2,546";"2,315";"2,144";"7,005";"4,880";"2,486";"2,394";
"07/01/2024 14:10";"0,939";"0,000";"0,809";"0,000";"0,618";"0,000";"2,365";"0,000";"0,000";"0,000";"0,000";"0,077";"1,608";"1,478";"1,287";"4,373";"2,008";"1,028";"0,980";
"07/01/2024 14:20";"0,950";"0,000";"0,889";"0,000";"0,623";"0,000";"2,461";"0,000";"0,000";"0,000";"0,000";"0,198";"1,580";"1,519";"1,253";"4,351";"1,890";"0,967";"0,923";
"07/01/2024 14:30";"0,890";"0,000";"0,463";"0,000";"0,544";"0,000";"1,897";"0,000";"0,000";"0,000";"0,000";"0,114";"1,741";"1,314";"1,395";"4,450";"2,553";"1,303";"1,250";
"07/01/2024 14:40";"0,941";"0,000";"0,830";"0,000";"0,603";"0,000";"2,373";"0,000";"0,011";"0,000";"0,000";"0,026";"2,041";"1,930";"1,703";"5,673";"3,300";"1,677";"1,623";
"07/01/2024 14:50";"0,952";"0,000";"0,833";"0,000";"0,562";"0,000";"2,347";"0,000";"0,000";"0,000";"0,000";"0,096";"2,420";"2,301";"2,030";"6,750";"4,403";"2,243";"2,160";
"07/01/2024 15:00";"0,933";"0,000";"0,859";"0,000";"0,469";"0,000";"2,261";"0,000";"0,009";"0,000";"0,000";"0,024";"1,697";"1,623";"1,233";"4,552";"2,291";"1,168";"1,123";
"07/01/2024 15:10";"0,867";"0,000";"0,764";"0,000";"0,431";"0,000";"2,063";"0,000";"0,000";"0,000";"0,000";"0,073";"2,364";"2,261";"1,928";"6,553";"4,490";"2,297";"2,193";
"07/01/2024 15:20";"0,932";"0,000";"0,862";"0,000";"0,494";"0,000";"2,288";"0,000";"0,009";"0,000";"0,000";"0,035";"2,453";"2,382";"2,014";"6,849";"4,561";"2,324";"2,237";
"07/01/2024 15:30";"0,954";"0,000";"0,844";"0,000";"0,497";"0,000";"2,294";"0,000";"0,007";"0,000";"0,000";"0,063";"2,407";"2,297";"1,951";"6,654";"4,360";"2,215";"2,145";
"07/01/2024 15:40";"0,916";"0,000";"0,786";"0,000";"0,463";"0,000";"2,165";"0,000";"0,003";"0,000";"0,000";"0,046";"2,277";"2,147";"1,824";"6,248";"4,083";"2,071";"2,012";
"07/01/2024 15:50";"0,827";"0,000";"0,732";"0,000";"0,493";"0,000";"2,052";"0,000";"0,000";"0,000";"0,000";"0,123";"2,091";"1,996";"1,757";"5,844";"3,792";"1,920";"1,872";
"07/01/2024 16:00";"0,901";"0,000";"0,831";"0,000";"0,613";"0,000";"2,345";"0,000";"0,001";"0,000";"0,000";"0,132";"1,935";"1,865";"1,648";"5,449";"3,104";"1,568";"1,536";
"07/01/2024 16:10";"0,945";"0,000";"0,830";"0,000";"0,641";"0,000";"2,416";"0,000";"0,012";"0,000";"0,000";"0,036";"1,996";"1,881";"1,692";"5,569";"3,153";"1,588";"1,565";
"07/01/2024 16:20";"0,932";"0,000";"0,845";"0,000";"0,618";"0,000";"2,396";"0,000";"0,008";"0,000";"0,000";"0,041";"1,875";"1,788";"1,561";"5,225";"2,829";"1,418";"1,411";
"07/01/2024 16:30";"0,700";"0,000";"0,297";"0,000";"0,552";"0,000";"1,549";"0,000";"0,004";"0,000";"0,000";"0,078";"1,464";"1,060";"1,316";"3,840";"2,291";"1,174";"1,117";
"07/01/2024 16:40";"0,452";"0,000";"0,313";"0,000";"0,497";"0,000";"1,263";"0,000";"0,006";"0,000";"0,000";"0,147";"1,068";"0,929";"1,113";"3,111";"1,848";"1,002";"0,846";
"07/01/2024 16:50";"0,690";"0,000";"0,413";"0,000";"0,521";"0,000";"1,624";"0,000";"0,032";"0,000";"0,000";"0,085";"1,160";"0,882";"0,991";"3,033";"1,409";"0,824";"0,585";
"07/01/2024 17:00";"1,145";"0,000";"0,939";"0,000";"0,553";"0,000";"2,637";"0,000";"0,000";"0,000";"0,000";"0,206";"1,520";"1,315";"0,929";"3,764";"1,127";"0,664";"0,463";
"07/01/2024 17:10";"1,132";"0,000";"0,744";"0,000";"0,576";"0,000";"2,452";"0,000";"0,000";"0,000";"0,000";"0,141";"1,440";"1,052";"0,884";"3,377";"0,925";"0,532";"0,393";
"07/01/2024 17:20";"1,181";"0,000";"0,876";"0,000";"0,663";"0,000";"2,719";"0,000";"0,011";"0,000";"0,000";"0,028";"1,401";"1,096";"0,883";"3,379";"0,660";"0,380";"0,280";
"07/01/2024 17:30";"0,949";"0,000";"0,676";"0,000";"0,613";"0,000";"2,237";"0,000";"0,015";"0,000";"0,000";"0,042";"1,047";"0,774";"0,711";"2,531";"0,294";"0,177";"0,117";
"07/01/2024 17:40";"0,582";"0,000";"0,295";"0,000";"0,604";"0,000";"1,481";"0,000";"0,003";"0,000";"0,000";"0,144";"0,646";"0,359";"0,668";"1,673";"0,192";"0,112";"0,080";
"07/01/2024 17:50";"0,509";"0,000";"0,390";"0,000";"0,635";"0,000";"1,533";"0,000";"0,001";"0,000";"0,000";"0,152";"0,548";"0,429";"0,674";"1,652";"0,119";"0,067";"0,052";
"07/01/2024 18:00";"0,890";"0,000";"0,514";"0,000";"0,524";"0,000";"1,928";"0,000";"0,000";"0,000";"0,000";"0,209";"0,905";"0,528";"0,538";"1,971";"0,043";"0,023";"0,020";
"07/01/2024 18:10";"0,988";"0,000";"0,656";"0,000";"0,644";"0,000";"2,288";"0,000";"0,001";"0,000";"0,000";"0,171";"0,990";"0,657";"0,646";"2,293";"0,005";"0,003";"0,002";
"07/01/2024 18:20";"1,042";"0,000";"0,861";"0,000";"0,692";"0,000";"2,594";"0,000";"0,000";"0,000";"0,000";"0,246";"1,042";"0,861";"0,692";"2,594";"0,000";"0,000";"0,000";
"07/01/2024 18:30";"0,994";"0,000";"0,661";"0,000";"0,566";"0,000";"2,221";"0,000";"0,000";"0,000";"0,000";"0,191";"0,994";"0,661";"0,566";"2,221";"0,000";"0,000";"0,000";
"07/01/2024 18:40";"1,118";"0,000";"0,996";"0,000";"0,754";"0,000";"2,868";"0,000";"0,000";"0,000";"0,000";"0,255";"1,118";"0,996";"0,754";"2,868";"0,000";"0,000";"0,000";
"07/01/2024 18:50";"1,150";"0,000";"0,976";"0,000";"0,787";"0,000";"2,914";"0,000";"0,000";"0,000";"0,000";"0,318";"1,150";"0,976";"0,787";"2,914";"0,000";"0,000";"0,000";
"07/01/2024 19:00";"0,975";"0,000";"0,601";"0,000";"0,512";"0,000";"2,088";"0,000";"0,000";"0,000";"0,000";"0,243";"0,975";"0,601";"0,512";"2,088";"0,000";"0,000";"0,000";
"07/01/2024 19:10";"0,757";"0,000";"0,565";"0,000";"0,709";"0,000";"2,031";"0,000";"0,000";"0,000";"0,000";"0,229";"0,757";"0,565";"0,709";"2,031";"0,000";"0,000";"0,000";
"07/01/2024 19:20";"0,860";"0,000";"0,614";"0,000";"0,812";"0,000";"2,287";"0,000";"0,000";"0,000";"0,000";"0,240";"0,860";"0,614";"0,812";"2,287";"0,000";"0,000";"0,000";
"07/01/2024 19:30";"1,264";"0,000";"0,851";"0,000";"0,846";"0,000";"2,961";"0,000";"0,002";"0,000";"0,000";"0,292";"1,264";"0,851";"0,846";"2,961";"0,000";"0,000";"0,000";
"07/01/2024 19:40";"1,214";"0,000";"0,993";"0,000";"0,779";"0,000";"2,986";"0,000";"0,000";"0,000";"0,000";"0,233";"1,214";"0,993";"0,779";"2,986";"0,000";"0,000";"0,000";
"07/01/2024 19:50";"1,250";"0,000";"1,037";"0,000";"0,790";"0,000";"3,077";"0,000";"0,000";"0,000";"0,000";"0,213";"1,250";"1,037";"0,790";"3,077";"0,000";"0,000";"0,000";
"07/01/2024 20:00";"1,172";"0,000";"1,013";"0,000";"0,781";"0,000";"2,966";"0,000";"0,000";"0,000";"0,000";"0,263";"1,172";"1,013";"0,781";"2,966";"0,000";"0,000";"0,000";
"07/01/2024 20:10";"0,906";"0,000";"0,528";"0,000";"0,760";"0,000";"2,194";"0,000";"0,000";"0,000";"0,000";"0,315";"0,906";"0,528";"0,760";"2,194";"0,000";"0,000";"0,000";
"07/01/2024 20:20";"0,655";"0,000";"0,553";"0,000";"0,868";"0,000";"2,076";"0,000";"0,000";"0,000";"0,000";"0,232";"0,655";"0,553";"0,868";"2,076";"0,000";"0,000";"0,000";
"07/01/2024 20:30";"0,831";"0,000";"0,547";"0,000";"0,871";"0,000";"2,248";"0,000";"0,000";"0,000";"0,000";"0,271";"0,831";"0,547";"0,871";"2,248";"0,000";"0,000";"0,000";
"07/01/2024 20:40";"1,166";"0,000";"0,999";"0,000";"0,873";"0,000";"3,039";"0,000";"0,000";"0,000";"0,000";"0,318";"1,166";"0,999";"0,873";"3,039";"0,000";"0,000";"0,000";
"07/01/2024 20:50";"1,168";"0,000";"1,019";"0,000";"0,858";"0,000";"3,045";"0,000";"0,000";"0,000";"0,000";"0,388";"1,168";"1,019";"0,858";"3,045";"0,000";"0,000";"0,000";
"07/01/2024 21:00";"1,165";"0,000";"1,064";"0,000";"0,850";"0,000";"3,080";"0,000";"0,000";"0,000";"0,000";"0,300";"1,165";"1,064";"0,850";"3,080";"0,000";"0,000";"0,000";
"07/01/2024 21:10";"1,223";"0,000";"0,926";"0,000";"0,762";"0,000";"2,911";"0,000";"0,000";"0,000";"0,000";"0,248";"1,223";"0,926";"0,762";"2,911";"0,000";"0,000";"0,000";
"07/01/2024 21:20";"1,368";"0,000";"1,005";"0,000";"0,822";"0,000";"3,194";"0,000";"0,000";"0,000";"0,000";"0,204";"1,368";"1,005";"0,822";"3,194";"0,000";"0,000";"0,000";
"07/01/2024 21:30";"1,283";"0,000";"0,973";"0,000";"0,816";"0,000";"3,073";"0,000";"0,000";"0,000";"0,000";"0,128";"1,283";"0,973";"0,816";"3,073";"0,000";"0,000";"0,000";
"07/01/2024 21:40";"1,170";"0,000";"0,908";"0,000";"0,842";"0,000";"2,921";"0,000";"0,000";"0,000";"0,000";"0,268";"1,170";"0,908";"0,842";"2,921";"0,000";"0,000";"0,000";
"07/01/2024 21:50";"0,924";"0,000";"0,719";"0,000";"0,810";"0,000";"2,453";"0,000";"0,000";"0,000";"0,000";"0,322";"0,924";"0,719";"0,810";"2,453";"0,000";"0,000";"0,000";
"07/01/2024 22:00";"0,660";"0,000";"0,558";"0,005";"0,857";"0,000";"2,074";"0,004";"0,000";"0,000";"0,006";"0,277";"0,660";"0,553";"0,857";"2,071";"0,000";"0,000";"0,000";
"07/01/2024 22:10";"0,736";"0,000";"0,600";"0,000";"0,902";"0,000";"2,238";"0,000";"0,000";"0,000";"0,000";"0,281";"0,736";"0,600";"0,902";"2,238";"0,000";"0,000";"0,000";
"07/01/2024 22:20";"1,214";"0,000";"0,951";"0,000";"0,900";"0,000";"3,064";"0,000";"0,000";"0,000";"0,000";"0,378";"1,214";"0,951";"0,900";"3,064";"0,000";"0,000";"0,000";
"07/01/2024 22:30";"1,177";"0,000";"1,078";"0,000";"0,868";"0,000";"3,122";"0,000";"0,000";"0,000";"0,000";"0,312";"1,177";"1,078";"0,868";"3,122";"0,000";"0,000";"0,000";
"07/01/2024 22:40";"1,064";"0,000";"0,930";"0,000";"0,759";"0,000";"2,752";"0,000";"0,000";"0,000";"0,000";"0,236";"1,064";"0,930";"0,759";"2,752";"0,000";"0,000";"0,000";
"07/01/2024 22:50";"1,140";"0,000";"1,079";"0,000";"0,851";"0,000";"3,070";"0,000";"0,000";"0,000";"0,000";"0,304";"1,140";"1,079";"0,851";"3,070";"0,000";"0,000";"0,000";
"07/01/2024 23:00";"1,161";"0,000";"1,054";"0,000";"0,863";"0,000";"3,078";"0,000";"0,000";"0,000";"0,000";"0,315";"1,161";"1,054";"0,863";"3,078";"0,000";"0,000";"0,000";
"07/01/2024 23:10";"1,155";"0,000";"1,042";"0,000";"0,839";"0,000";"3,036";"0,000";"0,000";"0,000";"0,000";"0,278";"1,155";"1,042";"0,839";"3,036";"0,000";"0,000";"0,000";
"07/01/2024 23:20";"1,118";"0,000";"0,983";"0,000";"0,796";"0,000";"2,897";"0,000";"0,000";"0,000";"0,000";"0,248";"1,118";"0,983";"0,796";"2,897";"0,000";"0,000";"0,000";
"07/01/2024 23:30";"1,173";"0,000";"1,074";"0,000";"0,855";"0,000";"3,101";"0,000";"0,000";"0,000";"0,000";"0,096";"1,173";"1,074";"0,855";"3,101";"0,000";"0,000";"0,000";
"07/01/2024 23:40";"1,116";"0,000";"1,041";"0,000";"0,836";"0,000";"2,993";"0,000";"0,001";"0,000";"0,000";"0,180";"1,116";"1,041";"0,836";"2,993";"0,000";"0,000";"0,000";
"07/01/2024 23:50";"1,038";"0,000";"0,883";"0,000";"0,741";"0,000";"2,662";"0,000";"0,000";"0,000";"0,000";"0,236";"1,038";"0,883";"0,741";"2,662";"0,000";"0,000";"0,000";
"08/01/2024 00:00";"1,163";"0,000";"1,050";"0,000";"0,863";"0,000";"3,076";"0,000";"0,000";"0,000";"0,000";"0,322";"1,163";"1,050";"0,863";"3,076";"0,000";"0,000";"0,000";
"08/01/2024 00:10";"1,167";"0,000";"1,081";"0,000";"0,870";"0,000";"3,119";"0,000";"0,000";"0,000";"0,000";"0,294";"1,167";"1,081";"0,870";"3,119";"0,000";"0,000";"0,000";
"08/01/2024 00:20";"1,169";"0,000";"1,084";"0,000";"0,876";"0,000";"3,129";"0,000";"0,000";"0,000";"0,000";"0,292";"1,169";"1,084";"0,876";"3,129";"0,000";"0,000";"0,000";
"08/01/2024 00:30";"1,160";"0,000";"1,032";"0,000";"0,898";"0,000";"3,090";"0,000";"0,000";"0,000";"0,000";"0,372";"1,160";"1,032";"0,898";"3,090";"0,000";"0,000";"0,000";
"08/01/2024 00:40";"1,156";"0,000";"1,082";"0,000";"0,898";"0,000";"3,137";"0,000";"0,000";"0,000";"0,000";"0,294";"1,156";"1,082";"0,898";"3,137";"0,000";"0,000";"0,000";
"08/01/2024 00:50";"1,379";"0,000";"1,112";"0,000";"0,919";"0,000";"3,410";"0,000";"0,000";"0,000";"0,000";"0,304";"1,379";"1,112";"0,919";"3,410";"0,000";"0,000";"0,000";
"08/01/2024 01:00";"1,407";"0,000";"1,049";"0,000";"0,873";"0,000";"3,329";"0,000";"0,000";"0,000";"0,000";"0,308";"1,407";"1,049";"0,873";"3,329";"0,000";"0,000";"0,000";
"08/01/2024 01:10";"1,272";"0,000";"0,965";"0,000";"0,831";"0,000";"3,068";"0,000";"0,000";"0,000";"0,000";"0,302";"1,272";"0,965";"0,831";"3,068";"0,000";"0,000";"0,000";
"08/01/2024 01:20";"1,151";"0,000";"1,062";"0,000";"0,886";"0,000";"3,099";"0,000";"0,000";"0,000";"0,000";"0,285";"1,151";"1,062";"0,886";"3,099";"0,000";"0,000";"0,000";
"08/01/2024 01:30";"1,181";"0,000";"1,082";"0,000";"0,896";"0,000";"3,159";"0,000";"0,000";"0,000";"0,000";"0,304";"1,181";"1,082";"0,896";"3,159";"0,000";"0,000";"0,000";
"08/01/2024 01:40";"1,195";"0,000";"1,079";"0,000";"0,903";"0,000";"3,177";"0,000";"0,000";"0,000";"0,000";"0,352";"1,195";"1,079";"0,903";"3,177";"0,000";"0,000";"0,000";
"08/01/2024 01:50";"1,170";"0,000";"1,078";"0,000";"0,892";"0,000";"3,140";"0,000";"0,000";"0,000";"0,000";"0,326";"1,170";"1,078";"0,892";"3,140";"0,000";"0,000";"0,000";
"08/01/2024 02:00";"1,161";"0,000";"1,070";"0,000";"0,891";"0,000";"3,123";"0,000";"0,000";"0,000";"0,000";"0,291";"1,161";"1,070";"0,891";"3,123";"0,000";"0,000";"0,000";
"08/01/2024 02:10";"1,179";"0,000";"1,089";"0,000";"0,892";"0,000";"3,161";"0,000";"0,000";"0,000";"0,000";"0,289";"1,179";"1,089";"0,892";"3,161";"0,000";"0,000";"0,000";
"08/01/2024 02:20";"1,192";"0,000";"1,072";"0,000";"0,889";"0,000";"3,153";"0,000";"0,000";"0,000";"0,000";"0,378";"1,192";"1,072";"0,889";"3,153";"0,000";"0,000";"0,000";
"08/01/2024 02:30";"1,171";"0,000";"1,081";"0,000";"0,900";"0,000";"3,152";"0,000";"0,000";"0,000";"0,000";"0,290";"1,171";"1,081";"0,900";"3,152";"0,000";"0,000";"0,000";
"08/01/2024 02:40";"1,184";"0,000";"1,102";"0,000";"0,907";"0,000";"3,193";"0,000";"0,000";"0,000";"0,000";"0,299";"1,184";"1,102";"0,907";"3,193";"0,000";"0,000";"0,000";
"08/01/2024 02:50";"1,094";"0,000";"0,964";"0,000";"0,812";"0,000";"2,870";"0,000";"0,000";"0,000";"0,000";"0,217";"1,094";"0,964";"0,812";"2,870";"0,000";"0,000";"0,000";
"08/01/2024 03:00";"1,173";"0,000";"1,033";"0,000";"0,886";"0,000";"3,092";"0,000";"0,000";"0,000";"0,000";"0,356";"1,173";"1,033";"0,886";"3,092";"0,000";"0,000";"0,000";
"08/01/2024 03:10";"1,155";"0,000";"1,096";"0,000";"0,887";"0,000";"3,138";"0,000";"0,000";"0,000";"0,000";"0,287";"1,155";"1,096";"0,887";"3,138";"0,000";"0,000";"0,000";
"08/01/2024 03:20";"1,031";"0,000";"0,902";"0,000";"0,758";"0,000";"2,691";"0,000";"0,000";"0,000";"0,000";"0,253";"1,031";"0,902";"0,758";"2,691";"0,000";"0,000";"0,000";
"08/01/2024 03:30";"1,158";"0,000";"1,023";"0,000";"0,868";"0,000";"3,048";"0,000";"0,000";"0,000";"0,000";"0,307";"1,158";"1,023";"0,868";"3,048";"0,000";"0,000";"0,000";
"08/01/2024 03:40";"1,178";"0,000";"1,081";"0,000";"0,894";"0,000";"3,153";"0,000";"0,000";"0,000";"0,000";"0,289";"1,178";"1,081";"0,894";"3,153";"0,000";"0,000";"0,000";
"08/01/2024 03:50";"1,170";"0,000";"1,102";"0,000";"0,908";"0,000";"3,179";"0,000";"0,000";"0,000";"0,000";"0,293";"1,170";"1,102";"0,908";"3,179";"0,000";"0,000";"0,000";
"08/01/2024 04:00";"1,158";"0,000";"1,058";"0,000";"0,921";"0,000";"3,137";"0,000";"0,000";"0,000";"0,000";"0,363";"1,158";"1,058";"0,921";"3,137";"0,000";"0,000";"0,000";
"08/01/2024 04:10";"1,061";"0,000";"0,912";"0,000";"0,799";"0,000";"2,772";"0,000";"0,000";"0,000";"0,000";"0,247";"1,061";"0,912";"0,799";"2,772";"0,000";"0,000";"0,000";
"08/01/2024 04:20";"1,132";"0,000";"1,020";"0,000";"0,857";"0,000";"3,010";"0,000";"0,000";"0,000";"0,000";"0,187";"1,132";"1,020";"0,857";"3,010";"0,000";"0,000";"0,000";
"08/01/2024 04:30";"1,179";"0,000";"1,083";"0,000";"0,903";"0,000";"3,165";"0,000";"0,000";"0,000";"0,000";"0,116";"1,179";"1,083";"0,903";"3,165";"0,000";"0,000";"0,000";
"08/01/2024 04:40";"1,281";"0,000";"1,061";"0,000";"0,919";"0,000";"3,260";"0,000";"0,000";"0,000";"0,000";"0,124";"1,281";"1,061";"0,919";"3,260";"0,000";"0,000";"0,000";
"08/01/2024 04:50";"1,310";"0,000";"0,938";"0,000";"0,810";"0,000";"3,058";"0,000";"0,000";"0,000";"0,000";"0,229";"1,310";"0,938";"0,810";"3,058";"0,000";"0,000";"0,000";
"08/01/2024 05:00";"1,338";"0,000";"1,097";"0,000";"0,895";"0,000";"3,330";"0,000";"0,000";"0,000";"0,000";"0,147";"1,338";"1,097";"0,895";"3,330";"0,000";"0,000";"0,000";
"08/01/2024 05:10";"1,177";"0,000";"1,049";"0,000";"0,910";"0,000";"3,135";"0,000";"0,000";"0,000";"0,000";"0,160";"1,177";"1,049";"0,910";"3,135";"0,000";"0,000";"0,000";
"08/01/2024 05:20";"1,310";"0,000";"1,175";"0,000";"1,002";"0,000";"3,486";"0,000";"0,026";"0,000";"0,000";"0,079";"1,310";"1,175";"1,002";"3,486";"0,000";"0,000";"0,000";
"08/01/2024 05:30";"2,175";"0,000";"1,889";"0,000";"1,676";"0,000";"5,740";"0,000";"0,172";"0,000";"0,000";"0,922";"2,175";"1,889";"1,676";"5,740";"0,000";"0,000";"0,000";
"08/01/2024 05:40";"2,506";"0,000";"2,051";"0,000";"1,740";"0,000";"6,298";"0,000";"0,154";"0,000";"0,000";"0,105";"2,506";"2,051";"1,740";"6,298";"0,000";"0,000";"0,000";
"08/01/2024 05:50";"2,772";"0,000";"2,112";"0,000";"1,897";"0,000";"6,780";"0,000";"0,173";"0,000";"0,000";"0,388";"2,772";"2,112";"1,897";"6,780";"0,000";"0,000";"0,000";
"08/01/2024 06:00";"2,632";"0,000";"2,254";"0,000";"2,089";"0,000";"6,975";"0,000";"0,687";"0,000";"0,000";"0,023";"2,632";"2,254";"2,089";"6,975";"0,000";"0,000";"0,000";
"08/01/2024 06:10";"3,307";"0,000";"3,066";"0,000";"3,058";"0,000";"9,432";"0,000";"0,935";"0,000";"0,000";"0,189";"3,307";"3,066";"3,058";"9,432";"0,000";"0,000";"0,000";
"08/01/2024 06:20";"6,088";"0,000";"5,328";"0,000";"5,859";"0,000";"17,274";"0,000";"1,426";"0,000";"0,000";"0,440";"6,088";"5,328";"5,859";"17,274";"0,000";"0,000";"0,000";
"08/01/2024 06:30";"7,487";"0,000";"6,672";"0,000";"7,259";"0,000";"21,417";"0,000";"1,411";"0,000";"0,000";"0,358";"7,487";"6,672";"7,259";"21,417";"0,000";"0,000";"0,000";
"08/01/2024 06:40";"7,709";"0,000";"6,919";"0,000";"7,617";"0,000";"22,246";"0,000";"0,858";"0,000";"0,000";"0,489";"7,709";"6,919";"7,617";"22,246";"0,000";"0,000";"0,000";
"08/01/2024 06:50";"10,016";"0,000";"9,206";"0,000";"9,808";"0,000";"29,031";"0,000";"2,387";"0,000";"0,000";"0,208";"10,016";"9,206";"9,808";"29,031";"0,000";"0,000";"0,000";
"08/01/2024 07:00";"10,157";"0,000";"9,351";"0,000";"9,704";"0,000";"29,213";"0,000";"3,754";"0,000";"0,000";"0,147";"10,157";"9,351";"9,704";"29,213";"0,000";"0,000";"0,000";
"08/01/2024 07:10";"7,621";"0,000";"6,763";"0,000";"7,360";"0,000";"21,743";"0,000";"1,203";"0,000";"0,000";"0,419";"7,621";"6,763";"7,360";"21,743";"0,000";"0,000";"0,000";
"08/01/2024 07:20";"7,200";"0,000";"6,498";"0,000";"7,083";"0,000";"20,780";"0,000";"1,238";"0,000";"0,000";"0,320";"7,200";"6,498";"7,083";"20,780";"0,000";"0,000";"0,000";
"08/01/2024 07:30";"8,049";"0,000";"7,212";"0,000";"7,606";"0,000";"22,867";"0,000";"1,569";"0,000";"0,000";"0,164";"8,049";"7,212";"7,606";"22,867";"0,000";"0,000";"0,000";
"08/01/2024 07:40";"8,969";"0,000";"8,193";"0,000";"8,558";"0,000";"25,719";"0,000";"2,227";"0,000";"0,000";"0,162";"8,969";"8,193";"8,558";"25,719";"0,000";"0,000";"0,000";
"08/01/2024 07:50";"9,945";"0,000";"9,340";"0,000";"9,725";"0,000";"29,009";"0,000";"2,221";"0,000";"0,000";"0,199";"9,945";"9,340";"9,725";"29,009";"0,000";"0,000";"0,000";
"08/01/2024 08:00";"9,542";"0,000";"8,980";"0,000";"9,639";"0,000";"28,160";"0,000";"1,979";"0,000";"0,000";"0,072";"9,542";"8,980";"9,639";"28,160";"0,000";"0,000";"0,000";
"08/01/2024 08:10";"9,295";"0,000";"8,706";"0,000";"9,361";"0,000";"27,362";"0,000";"0,864";"0,000";"0,000";"0,306";"9,295";"8,706";"9,361";"27,362";"0,000";"0,000";"0,000";
"08/01/2024 08:20";"8,517";"0,000";"7,912";"0,000";"8,718";"0,000";"25,148";"0,000";"1,424";"0,000";"0,000";"0,274";"8,517";"7,912";"8,718";"25,148";"0,000";"0,000";"0,000";
"08/01/2024 08:30";"8,816";"0,000";"8,153";"0,000";"9,009";"0,000";"25,978";"0,000";"3,429";"0,000";"0,000";"0,098";"8,816";"8,153";"9,009";"25,978";"0,000";"0,000";"0,000";
"08/01/2024 08:40";"8,400";"0,000";"7,554";"0,000";"8,441";"0,000";"24,394";"0,000";"1,407";"0,000";"0,000";"0,145";"8,400";"7,554";"8,441";"24,394";"0,000";"0,000";"0,000";
"08/01/2024 08:50";"9,866";"0,000";"9,060";"0,000";"9,918";"0,000";"28,844";"0,000";"1,614";"0,000";"0,000";"0,067";"9,869";"9,063";"9,921";"28,852";"0,008";"0,004";"0,004";
"08/01/2024 09:00";"8,845";"0,000";"8,190";"0,000";"8,978";"0,000";"26,013";"0,000";"1,111";"0,000";"0,000";"0,266";"8,857";"8,202";"8,990";"26,048";"0,035";"0,018";"0,017";
"08/01/2024 09:10";"8,046";"0,000";"7,459";"0,000";"8,311";"0,000";"23,816";"0,000";"1,579";"0,000";"0,000";"0,420";"8,075";"7,487";"8,340";"23,901";"0,085";"0,043";"0,042";
"08/01/2024 09:20";"9,189";"0,000";"8,641";"0,000";"9,608";"0,000";"27,439";"0,000";"2,597";"0,000";"0,000";"0,232";"9,250";"8,702";"9,669";"27,620";"0,181";"0,093";"0,088";
"08/01/2024 09:30";"7,963";"0,000";"7,243";"0,000";"8,159";"0,000";"23,365";"0,000";"0,729";"0,000";"0,000";"0,305";"8,058";"7,339";"8,254";"23,651";"0,286";"0,144";"0,142";
"08/01/2024 09:40";"7,625";"0,000";"6,836";"0,000";"7,729";"0,000";"22,189";"0,000";"1,142";"0,000";"0,000";"0,397";"7,763";"6,974";"7,867";"22,604";"0,415";"0,208";"0,207";
"08/01/2024 09:50";"6,956";"0,000";"6,267";"0,000";"7,061";"0,000";"20,283";"0,000";"1,704";"0,000";"0,000";"0,180";"7,171";"6,482";"7,276";"20,928";"0,645";"0,325";"0,320";
"08/01/2024 10:00";"6,852";"0,000";"6,092";"0,000";"7,270";"0,000";"20,214";"0,000";"1,692";"0,000";"0,000";"0,121";"7,118";"6,358";"7,536";"21,012";"0,798";"0,426";"0,372";
"08/01/2024 10:10";"6,346";"0,000";"5,507";"0,000";"6,750";"0,000";"18,602";"0,000";"1,160";"0,000";"0,000";"0,232";"6,634";"5,795";"7,039";"19,468";"0,866";"0,447";"0,419";
"08/01/2024 10:20";"6,719";"0,000";"5,894";"0,000";"7,223";"0,000";"19,837";"0,000";"1,305";"0,000";"0,000";"0,237";"6,981";"6,156";"7,485";"20,622";"0,786";"0,403";"0,383";
"08/01/2024 10:30";"7,407";"0,000";"6,564";"0,000";"8,022";"0,000";"21,993";"0,000";"1,035";"0,000";"0,000";"0,326";"7,805";"6,963";"8,420";"23,188";"1,195";"0,614";"0,581";
"08/01/2024 10:40";"6,935";"0,000";"6,119";"0,000";"7,542";"0,000";"20,596";"0,000";"1,593";"0,000";"0,000";"0,352";"7,451";"6,635";"8,058";"22,144";"1,548";"0,815";"0,733";
"08/01/2024 10:50";"6,530";"0,000";"5,742";"0,000";"7,360";"0,000";"19,632";"0,000";"1,258";"0,000";"0,000";"0,668";"6,953";"6,165";"7,783";"20,900";"1,268";"0,648";"0,620";
"08/01/2024 11:00";"6,586";"0,000";"5,883";"0,000";"7,204";"0,000";"19,673";"0,000";"1,038";"0,000";"0,000";"0,311";"6,880";"6,177";"7,498";"20,556";"0,883";"0,451";"0,432";
"08/01/2024 11:10";"7,270";"0,000";"6,305";"0,000";"7,637";"0,000";"21,212";"0,000";"1,423";"0,000";"0,000";"0,366";"7,590";"6,625";"7,957";"22,171";"0,959";"0,489";"0,470";
"08/01/2024 11:20";"7,596";"0,000";"6,613";"0,000";"8,251";"0,000";"22,461";"0,000";"1,373";"0,000";"0,000";"0,329";"7,992";"7,009";"8,646";"23,647";"1,186";"0,603";"0,583";
"08/01/2024 11:30";"7,151";"0,000";"6,332";"0,000";"7,814";"0,000";"21,297";"0,000";"1,471";"0,000";"0,000";"0,368";"7,606";"6,786";"8,269";"22,660";"1,363";"0,693";"0,670";
"08/01/2024 11:40";"7,576";"0,000";"6,523";"0,000";"8,046";"0,000";"22,145";"0,000";"1,299";"0,000";"0,000";"0,247";"8,185";"7,132";"8,655";"23,972";"1,827";"0,929";"0,898";
"08/01/2024 11:50";"7,422";"0,000";"6,391";"0,000";"7,982";"0,000";"21,795";"0,000";"1,093";"0,000";"0,000";"0,505";"8,310";"7,280";"8,870";"24,460";"2,665";"1,354";"1,311";
"08/01/2024 12:00";"8,148";"0,000";"7,335";"0,000";"8,839";"0,000";"24,322";"0,000";"1,331";"0,000";"0,000";"0,315";"9,047";"8,234";"9,738";"27,019";"2,697";"1,371";"1,326";
"08/01/2024 12:10";"7,895";"0,000";"6,965";"0,000";"8,333";"0,000";"23,194";"0,000";"0,955";"0,000";"0,000";"0,339";"8,743";"7,814";"9,182";"25,739";"2,545";"1,290";"1,255";
"08/01/2024 12:20";"7,006";"0,000";"6,143";"0,000";"7,631";"0,000";"20,780";"0,000";"1,322";"0,000";"0,000";"0,186";"7,889";"7,027";"8,515";"23,431";"2,651";"1,343";"1,308";
"08/01/2024 12:30";"9,336";"0,000";"8,584";"0,000";"10,022";"0,000";"27,942";"0,000";"1,232";"0,000";"0,000";"0,141";"10,199";"9,447";"10,885";"30,532";"2,590";"1,313";"1,277";
"08/01/2024 12:40";"9,878";"0,000";"9,015";"0,000";"10,208";"0,000";"29,101";"0,000";"2,254";"0,000";"0,000";"0,195";"10,689";"9,826";"11,019";"31,535";"2,434";"1,234";"1,200";
"08/01/2024 12:50";"8,986";"0,000";"8,107";"0,000";"9,042";"0,000";"26,135";"0,000";"1,805";"0,000";"0,000";"0,223";"9,838";"8,959";"9,894";"28,691";"2,556";"1,295";"1,261";
"08/01/2024 13:00";"8,394";"0,000";"7,524";"0,000";"8,181";"0,000";"24,099";"0,000";"1,456";"0,000";"0,000";"0,210";"9,293";"8,422";"9,080";"26,795";"2,696";"1,366";"1,330";
"08/01/2024 13:10";"7,654";"0,000";"6,608";"0,000";"7,353";"0,000";"21,615";"0,000";"1,452";"0,000";"0,000";"0,300";"8,697";"7,650";"8,395";"24,742";"3,127";"1,583";"1,544";
"08/01/2024 13:20";"6,946";"0,000";"6,073";"0,000";"7,010";"0,000";"20,029";"0,000";"1,343";"0,000";"0,000";"0,516";"8,024";"7,151";"8,088";"23,263";"3,234";"1,637";"1,597";
"08/01/2024 13:30";"6,051";"0,000";"5,365";"0,000";"6,128";"0,000";"17,543";"0,000";"1,832";"0,000";"0,000";"0,170";"7,107";"6,421";"7,184";"20,711";"3,168";"1,603";"1,565";
"08/01/2024 13:40";"5,392";"0,000";"4,828";"0,000";"5,608";"0,000";"15,828";"0,000";"1,473";"0,000";"0,000";"0,251";"6,275";"5,711";"6,490";"18,475";"2,647";"1,340";"1,307";
"08/01/2024 13:50";"4,764";"0,000";"4,212";"0,000";"5,003";"0,000";"13,979";"0,000";"0,692";"0,000";"0,000";"0,389";"5,532";"4,980";"5,770";"16,281";"2,302";"1,165";"1,137";
"08/01/2024 14:00";"3,926";"0,000";"3,554";"0,000";"5,129";"0,000";"12,609";"0,000";"0,564";"0,000";"0,000";"0,219";"4,605";"4,233";"5,808";"14,647";"2,038";"1,032";"1,006";
"08/01/2024 14:10";"5,604";"0,000";"5,212";"0,000";"6,395";"0,000";"17,212";"0,000";"0,913";"0,000";"0,000";"0,375";"6,151";"5,759";"6,942";"18,852";"1,640";"0,832";"0,808";
"08/01/2024 14:20";"5,578";"0,000";"5,163";"0,000";"6,306";"0,000";"17,046";"0,000";"1,036";"0,000";"0,000";"0,323";"6,051";"5,637";"6,779";"18,467";"1,421";"0,722";"0,699";
"08/01/2024 14:30";"5,482";"0,000";"5,037";"0,000";"6,190";"0,000";"16,709";"0,000";"0,923";"0,000";"0,000";"0,435";"5,907";"5,462";"6,615";"17,984";"1,275";"0,648";"0,627";
"08/01/2024 14:40";"5,416";"0,000";"4,972";"0,000";"6,107";"0,000";"16,495";"0,000";"0,879";"0,000";"0,000";"0,429";"5,786";"5,343";"6,477";"17,606";"1,111";"0,565";"0,546";
"08/01/2024 14:50";"5,592";"0,000";"5,125";"0,000";"6,333";"0,000";"17,050";"0,000";"0,947";"0,000";"0,000";"0,316";"5,921";"5,454";"6,663";"18,038";"0,988";"0,503";"0,485";
"08/01/2024 15:00";"5,851";"0,000";"5,364";"0,000";"6,554";"0,000";"17,769";"0,000";"1,000";"0,000";"0,000";"0,347";"6,140";"5,652";"6,843";"18,634";"0,865";"0,440";"0,425";
"08/01/2024 15:10";"4,496";"0,000";"4,065";"0,000";"5,289";"0,000";"13,850";"0,000";"0,808";"0,000";"0,000";"0,334";"4,738";"4,306";"5,530";"14,574";"0,724";"0,369";"0,355";
"08/01/2024 15:20";"4,440";"0,000";"3,828";"0,000";"4,939";"0,000";"13,206";"0,000";"0,699";"0,000";"0,000";"0,201";"4,629";"4,017";"5,128";"13,773";"0,567";"0,289";"0,278";
"08/01/2024 15:30";"5,050";"0,000";"4,643";"0,000";"5,431";"0,000";"15,124";"0,000";"0,635";"0,000";"0,000";"0,196";"5,215";"4,808";"5,596";"15,619";"0,495";"0,253";"0,242";
"08/01/2024 15:40";"6,362";"0,000";"5,900";"0,000";"6,605";"0,000";"18,868";"0,000";"1,033";"0,000";"0,000";"0,375";"6,510";"6,048";"6,753";"19,310";"0,442";"0,226";"0,216";
"08/01/2024 15:50";"6,871";"0,000";"6,414";"0,000";"7,104";"0,000";"20,389";"0,000";"1,770";"0,000";"0,000";"0,259";"7,022";"6,565";"7,256";"20,843";"0,454";"0,232";"0,222";
"08/01/2024 16:00";"6,797";"0,000";"6,306";"0,000";"7,038";"0,000";"20,142";"0,000";"1,705";"0,000";"0,000";"0,317";"6,953";"6,462";"7,193";"20,608";"0,466";"0,238";"0,228";
"08/01/2024 16:10";"6,741";"0,000";"6,220";"0,000";"6,924";"0,000";"19,885";"0,000";"1,734";"0,000";"0,000";"0,283";"6,872";"6,352";"7,055";"20,280";"0,395";"0,202";"0,193";
"08/01/2024 16:20";"5,597";"0,000";"5,111";"0,000";"5,854";"0,000";"16,561";"0,000";"1,456";"0,000";"0,000";"0,367";"5,700";"5,214";"5,957";"16,871";"0,310";"0,159";"0,151";
"08/01/2024 16:30";"5,562";"0,000";"5,035";"0,000";"5,820";"0,000";"16,416";"0,000";"1,325";"0,000";"0,000";"0,353";"5,656";"5,129";"5,914";"16,698";"0,282";"0,145";"0,137";
"08/01/2024 16:40";"7,274";"0,000";"6,617";"0,000";"7,353";"0,000";"21,244";"0,000";"1,649";"0,000";"0,000";"0,253";"7,377";"6,719";"7,456";"21,552";"0,308";"0,158";"0,150";
"08/01/2024 16:50";"7,107";"0,000";"6,523";"0,000";"7,246";"0,000";"20,876";"0,000";"1,659";"0,000";"0,000";"0,259";"7,230";"6,646";"7,368";"21,244";"0,368";"0,188";"0,180";
"08/01/2024 17:00";"5,776";"0,000";"5,159";"0,000";"5,962";"0,000";"16,896";"0,000";"0,895";"0,000";"0,000";"0,246";"5,864";"5,247";"6,050";"17,160";"0,264";"0,135";"0,129";
"08/01/2024 17:10";"4,858";"0,000";"4,164";"0,000";"5,019";"0,000";"14,041";"0,000";"0,669";"0,000";"0,000";"0,305";"4,902";"4,208";"5,063";"14,173";"0,132";"0,068";"0,064";
"08/01/2024 17:20";"4,771";"0,000";"4,198";"0,000";"5,057";"0,000";"14,026";"0,000";"0,599";"0,000";"0,000";"0,277";"4,803";"4,230";"5,089";"14,122";"0,096";"0,049";"0,047";
"08/01/2024 17:30";"4,677";"0,000";"4,147";"0,000";"5,023";"0,000";"13,847";"0,000";"0,528";"0,000";"0,000";"0,180";"4,704";"4,173";"5,049";"13,926";"0,079";"0,041";"0,038";
"08/01/2024 17:40";"4,723";"0,000";"4,177";"0,000";"5,057";"0,000";"13,957";"0,000";"0,414";"0,000";"0,000";"0,243";"4,732";"4,186";"5,066";"13,984";"0,027";"0,014";"0,013";
"08/01/2024 17:50";"4,714";"0,000";"4,172";"0,000";"5,051";"0,000";"13,937";"0,000";"0,452";"0,000";"0,000";"0,173";"4,714";"4,172";"5,051";"13,937";"0,000";"0,000";"0,000";
"08/01/2024 18:00";"4,709";"0,000";"4,159";"0,000";"5,011";"0,000";"13,878";"0,000";"0,460";"0,000";"0,000";"0,246";"4,709";"4,159";"5,011";"13,878";"0,000";"0,000";"0,000";
"08/01/2024 18:10";"6,097";"0,000";"5,479";"0,000";"6,203";"0,000";"17,779";"0,000";"0,901";"0,000";"0,000";"0,310";"6,097";"5,479";"6,203";"17,779";"0,000";"0,000";"0,000";
"08/01/2024 18:20";"6,971";"0,000";"6,349";"0,000";"7,033";"0,000";"20,354";"0,000";"1,024";"0,000";"0,000";"0,385";"6,971";"6,349";"7,033";"20,354";"0,000";"0,000";"0,000";
"08/01/2024 18:30";"4,963";"0,000";"4,441";"0,000";"5,256";"0,000";"14,661";"0,000";"0,520";"0,000";"0,000";"0,209";"4,963";"4,441";"5,256";"14,661";"0,000";"0,000";"0,000";
"08/01/2024 18:40";"4,878";"0,000";"4,312";"0,000";"5,174";"0,000";"14,364";"0,000";"0,456";"0,000";"0,000";"0,264";"4,878";"4,312";"5,174";"14,364";"0,000";"0,000";"0,000";
"08/01/2024 18:50";"5,654";"0,000";"5,063";"0,000";"5,924";"0,000";"16,640";"0,000";"0,570";"0,000";"0,000";"0,338";"5,654";"5,063";"5,924";"16,640";"0,000";"0,000";"0,000";
"08/01/2024 19:00";"6,380";"0,000";"5,762";"0,000";"6,569";"0,000";"18,711";"0,000";"0,787";"0,000";"0,000";"0,468";"6,380";"5,762";"6,569";"18,711";"0,000";"0,000";"0,000";
"08/01/2024 19:10";"6,654";"0,000";"6,045";"0,000";"6,838";"0,000";"19,537";"0,000";"0,909";"0,000";"0,000";"0,409";"6,654";"6,045";"6,838";"19,537";"0,000";"0,000";"0,000";
"08/01/2024 19:20";"6,344";"0,000";"5,704";"0,000";"6,603";"0,000";"18,651";"0,000";"0,834";"0,000";"0,000";"0,381";"6,344";"5,704";"6,603";"18,651";"0,000";"0,000";"0,000";
"08/01/2024 19:30";"4,859";"0,000";"4,258";"0,000";"5,222";"0,000";"14,339";"0,000";"0,490";"0,000";"0,000";"0,245";"4,859";"4,258";"5,222";"14,339";"0,000";"0,000";"0,000";
"08/01/2024 19:40";"4,764";"0,000";"4,246";"0,000";"5,193";"0,000";"14,203";"0,000";"0,405";"0,000";"0,000";"0,186";"4,764";"4,246";"5,193";"14,203";"0,000";"0,000";"0,000";
"08/01/2024 19:50";"4,608";"0,000";"4,116";"0,000";"5,059";"0,000";"13,783";"0,000";"0,376";"0,000";"0,000";"0,206";"4,608";"4,116";"5,059";"13,783";"0,000";"0,000";"0,000";
"08/01/2024 20:00";"1,899";"0,000";"1,300";"0,000";"1,872";"0,000";"5,072";"0,000";"0,131";"0,000";"0,000";"0,862";"1,899";"1,300";"1,872";"5,072";"0,000";"0,000";"0,000";
"08/01/2024 20:10";"1,563";"0,000";"1,061";"0,000";"1,316";"0,000";"3,940";"0,000";"0,000";"0,000";"0,000";"0,424";"1,563";"1,061";"1,316";"3,940";"0,000";"0,000";"0,000";
"08/01/2024 20:20";"1,559";"0,000";"1,090";"0,000";"1,322";"0,000";"3,970";"0,000";"0,000";"0,000";"0,000";"0,428";"1,559";"1,090";"1,322";"3,970";"0,000";"0,000";"0,000";
"08/01/2024 20:30";"1,588";"0,000";"1,090";"0,000";"1,339";"0,000";"4,017";"0,000";"0,000";"0,000";"0,000";"0,429";"1,588";"1,090";"1,339";"4,017";"0,000";"0,000";"0,000";
"08/01/2024 20:40";"1,593";"0,000";"1,059";"0,000";"1,332";"0,000";"3,984";"0,000";"0,000";"0,000";"0,000";"0,501";"1,593";"1,059";"1,332";"3,984";"0,000";"0,000";"0,000";
"08/01/2024 20:50";"1,521";"0,000";"1,060";"0,000";"1,319";"0,000";"3,899";"0,000";"0,000";"0,000";"0,000";"0,430";"1,521";"1,060";"1,319";"3,899";"0,000";"0,000";"0,000";
"08/01/2024 21:00";"1,302";"0,000";"1,049";"0,000";"1,350";"0,000";"3,701";"0,000";"0,000";"0,000";"0,000";"0,412";"1,302";"1,049";"1,350";"3,701";"0,000";"0,000";"0,000";
"08/01/2024 21:10";"1,125";"0,000";"1,038";"0,000";"1,254";"0,000";"3,417";"0,000";"0,000";"0,000";"0,000";"0,458";"1,125";"1,038";"1,254";"3,417";"0,000";"0,000";"0,000";
"08/01/2024 21:20";"1,095";"0,000";"1,036";"0,000";"1,103";"0,000";"3,234";"0,000";"0,000";"0,000";"0,000";"0,399";"1,095";"1,036";"1,103";"3,234";"0,000";"0,000";"0,000";
"08/01/2024 21:30";"1,299";"0,000";"1,052";"0,000";"1,055";"0,000";"3,406";"0,000";"0,000";"0,000";"0,000";"0,374";"1,299";"1,052";"1,055";"3,406";"0,000";"0,000";"0,000";
"08/01/2024 21:40";"1,169";"0,000";"1,063";"0,000";"1,001";"0,000";"3,232";"0,000";"0,000";"0,000";"0,000";"0,371";"1,169";"1,063";"1,001";"3,232";"0,000";"0,000";"0,000";
"08/01/2024 21:50";"1,087";"0,000";"1,044";"0,000";"0,868";"0,000";"3,000";"0,000";"0,000";"0,000";"0,000";"0,415";"1,087";"1,044";"0,868";"3,000";"0,000";"0,000";"0,000";
"08/01/2024 22:00";"1,064";"0,000";"1,054";"0,000";"0,448";"0,000";"2,566";"0,000";"0,000";"0,000";"0,000";"0,308";"1,064";"1,054";"0,448";"2,566";"0,000";"0,000";"0,000";
"08/01/2024 22:10";"1,050";"0,000";"1,061";"0,000";"0,382";"0,000";"2,493";"0,000";"0,000";"0,000";"0,000";"0,269";"1,050";"1,061";"0,382";"2,493";"0,000";"0,000";"0,000";
"08/01/2024 22:20";"1,182";"0,000";"1,037";"0,000";"0,395";"0,000";"2,614";"0,000";"0,000";"0,000";"0,000";"0,379";"1,182";"1,037";"0,395";"2,614";"0,000";"0,000";"0,000";
"08/01/2024 22:30";"1,301";"0,000";"1,028";"0,000";"0,378";"0,000";"2,707";"0,000";"0,000";"0,000";"0,000";"0,330";"1,301";"1,028";"0,378";"2,707";"0,000";"0,000";"0,000";
"08/01/2024 22:40";"1,064";"0,000";"1,093";"0,000";"0,382";"0,000";"2,539";"0,000";"0,000";"0,000";"0,000";"0,316";"1,064";"1,093";"0,382";"2,539";"0,000";"0,000";"0,000";
"08/01/2024 22:50";"1,078";"0,000";"1,032";"0,000";"0,391";"0,000";"2,501";"0,000";"0,000";"0,000";"0,000";"0,348";"1,078";"1,032";"0,391";"2,501";"0,000";"0,000";"0,000";
"08/01/2024 23:00";"1,059";"0,000";"1,064";"0,000";"0,385";"0,000";"2,508";"0,000";"0,000";"0,000";"0,000";"0,310";"1,059";"1,064";"0,385";"2,508";"0,000";"0,000";"0,000";
"08/01/2024 23:10";"1,043";"0,000";"1,078";"0,000";"0,381";"0,000";"2,502";"0,000";"0,000";"0,000";"0,000";"0,312";"1,043";"1,078";"0,381";"2,502";"0,000";"0,000";"0,000";
"08/01/2024 23:20";"1,057";"0,000";"1,006";"0,000";"0,383";"0,000";"2,447";"0,000";"0,000";"0,000";"0,000";"0,350";"1,057";"1,006";"0,383";"2,447";"0,000";"0,000";"0,000";
"08/01/2024 23:30";"1,210";"0,000";"1,106";"0,000";"0,404";"0,000";"2,719";"0,000";"0,000";"0,000";"0,000";"0,297";"1,210";"1,106";"0,404";"2,719";"0,000";"0,000";"0,000";
"08/01/2024 23:40";"1,282";"0,000";"1,062";"0,000";"0,384";"0,000";"2,728";"0,000";"0,000";"0,000";"0,000";"0,323";"1,282";"1,062";"0,384";"2,728";"0,000";"0,000";"0,000";
"08/01/2024 23:50";"1,075";"0,000";"1,029";"0,000";"0,383";"0,000";"2,487";"0,000";"0,000";"0,000";"0,000";"0,371";"1,075";"1,029";"0,383";"2,487";"0,000";"0,000";"0,000";
"09/01/2024 00:00";"1,070";"0,000";"1,093";"0,000";"0,398";"0,000";"2,561";"0,000";"0,000";"0,000";"0,000";"0,318";"1,070";"1,093";"0,398";"2,561";"0,000";"0,000";"0,000";
"09/01/2024 00:10";"1,058";"0,000";"1,051";"0,000";"0,400";"0,000";"2,509";"0,000";"0,000";"0,000";"0,000";"0,324";"1,058";"1,051";"0,400";"2,509";"0,000";"0,000";"0,000";
"09/01/2024 00:20";"1,045";"0,000";"1,060";"0,000";"0,382";"0,000";"2,487";"0,000";"0,000";"0,000";"0,000";"0,314";"1,045";"1,060";"0,382";"2,487";"0,000";"0,000";"0,000";
"09/01/2024 00:30";"1,061";"0,000";"1,032";"0,000";"0,381";"0,000";"2,474";"0,000";"0,000";"0,000";"0,000";"0,363";"1,061";"1,032";"0,381";"2,474";"0,000";"0,000";"0,000";
"09/01/2024 00:40";"1,079";"0,000";"1,044";"0,000";"0,393";"0,000";"2,516";"0,000";"0,000";"0,000";"0,000";"0,306";"1,079";"1,044";"0,393";"2,516";"0,000";"0,000";"0,000";
"09/01/2024 00:50";"1,147";"0,000";"1,065";"0,000";"0,382";"0,000";"2,594";"0,000";"0,000";"0,000";"0,000";"0,312";"1,147";"1,065";"0,382";"2,594";"0,000";"0,000";"0,000";
"09/01/2024 01:00";"1,271";"0,000";"1,056";"0,000";"0,380";"0,000";"2,708";"0,000";"0,000";"0,000";"0,000";"0,341";"1,271";"1,056";"0,380";"2,708";"0,000";"0,000";"0,000";
"09/01/2024 01:10";"1,061";"0,000";"1,025";"0,000";"0,392";"0,000";"2,478";"0,000";"0,000";"0,000";"0,000";"0,287";"1,061";"1,025";"0,392";"2,478";"0,000";"0,000";"0,000";
"09/01/2024 01:20";"1,075";"0,000";"1,059";"0,000";"0,392";"0,000";"2,525";"0,000";"0,000";"0,000";"0,000";"0,307";"1,075";"1,059";"0,392";"2,525";"0,000";"0,000";"0,000";
"09/01/2024 01:30";"1,066";"0,000";"1,067";"0,000";"0,381";"0,000";"2,514";"0,000";"0,000";"0,000";"0,000";"0,300";"1,066";"1,067";"0,381";"2,514";"0,000";"0,000";"0,000";
"09/01/2024 01:40";"1,065";"0,000";"1,050";"0,000";"0,380";"0,000";"2,495";"0,000";"0,000";"0,000";"0,000";"0,369";"1,065";"1,050";"0,380";"2,495";"0,000";"0,000";"0,000";
"09/01/2024 01:50";"1,089";"0,000";"1,065";"0,000";"0,407";"0,000";"2,560";"0,000";"0,000";"0,000";"0,000";"0,310";"1,089";"1,065";"0,407";"2,560";"0,000";"0,000";"0,000";
"09/01/2024 02:00";"1,049";"0,000";"1,108";"0,000";"0,387";"0,000";"2,544";"0,000";"0,000";"0,000";"0,000";"0,312";"1,049";"1,108";"0,387";"2,544";"0,000";"0,000";"0,000";
"09/01/2024 02:10";"1,060";"0,000";"1,014";"0,000";"0,389";"0,000";"2,463";"0,000";"0,000";"0,000";"0,000";"0,383";"1,060";"1,014";"0,389";"2,463";"0,000";"0,000";"0,000";
"09/01/2024 02:20";"1,128";"0,000";"1,079";"0,000";"0,406";"0,000";"2,614";"0,000";"0,000";"0,000";"0,000";"0,325";"1,128";"1,079";"0,406";"2,614";"0,000";"0,000";"0,000";
"09/01/2024 02:30";"1,333";"0,000";"1,107";"0,000";"0,407";"0,000";"2,847";"0,000";"0,000";"0,000";"0,000";"0,333";"1,333";"1,107";"0,407";"2,847";"0,000";"0,000";"0,000";
"09/01/2024 02:40";"1,114";"0,000";"1,028";"0,000";"0,392";"0,000";"2,533";"0,000";"0,000";"0,000";"0,000";"0,350";"1,114";"1,028";"0,392";"2,533";"0,000";"0,000";"0,000";
"09/01/2024 02:50";"1,064";"0,000";"1,068";"0,000";"0,393";"0,000";"2,525";"0,000";"0,000";"0,000";"0,000";"0,349";"1,064";"1,068";"0,393";"2,525";"0,000";"0,000";"0,000";
"09/01/2024 03:00";"1,093";"0,000";"1,126";"0,000";"0,425";"0,000";"2,643";"0,000";"0,000";"0,000";"0,000";"0,325";"1,093";"1,126";"0,425";"2,643";"0,000";"0,000";"0,000";
"09/01/2024 03:10";"1,074";"0,000";"1,044";"0,000";"0,395";"0,000";"2,513";"0,000";"0,000";"0,000";"0,000";"0,330";"1,074";"1,044";"0,395";"2,513";"0,000";"0,000";"0,000";
"09/01/2024 03:20";"1,067";"0,000";"1,055";"0,000";"0,393";"0,000";"2,515";"0,000";"0,000";"0,000";"0,000";"0,388";"1,067";"1,055";"0,393";"2,515";"0,000";"0,000";"0,000";
"09/01/2024 03:30";"0,986";"0,000";"0,986";"0,000";"0,304";"0,000";"2,276";"0,000";"0,000";"0,000";"0,000";"0,231";"0,986";"0,986";"0,304";"2,276";"0,000";"0,000";"0,000";
"09/01/2024 03:40";"1,033";"0,000";"1,057";"0,000";"0,375";"0,000";"2,465";"0,000";"0,000";"0,000";"0,000";"0,102";"1,033";"1,057";"0,375";"2,465";"0,000";"0,000";"0,000";
"09/01/2024 03:50";"1,046";"0,000";"1,085";"0,000";"0,386";"0,000";"2,516";"0,000";"0,000";"0,000";"0,000";"0,175";"1,046";"1,085";"0,386";"2,516";"0,000";"0,000";"0,000";
"09/01/2024 04:00";"1,107";"0,000";"1,072";"0,000";"0,392";"0,000";"2,570";"0,000";"0,000";"0,000";"0,000";"0,080";"1,107";"1,072";"0,392";"2,570";"0,000";"0,000";"0,000";
"09/01/2024 04:10";"1,336";"0,000";"1,103";"0,000";"0,397";"0,000";"2,837";"0,000";"0,000";"0,000";"0,000";"0,213";"1,336";"1,103";"0,397";"2,837";"0,000";"0,000";"0,000";
"09/01/2024 04:20";"1,108";"0,000";"1,102";"0,000";"0,400";"0,000";"2,610";"0,000";"0,000";"0,000";"0,000";"0,356";"1,108";"1,102";"0,400";"2,610";"0,000";"0,000";"0,000";
"09/01/2024 04:30";"1,045";"0,000";"1,066";"0,000";"0,390";"0,000";"2,502";"0,000";"0,000";"0,000";"0,000";"0,337";"1,045";"1,066";"0,390";"2,502";"0,000";"0,000";"0,000";
"09/01/2024 04:40";"1,083";"0,000";"1,106";"0,000";"0,397";"0,000";"2,586";"0,000";"0,000";"0,000";"0,000";"0,302";"1,083";"1,106";"0,397";"2,586";"0,000";"0,000";"0,000";
"09/01/2024 04:50";"1,098";"0,000";"1,132";"0,000";"0,419";"0,000";"2,649";"0,000";"0,000";"0,000";"0,000";"0,321";"1,098";"1,132";"0,419";"2,649";"0,000";"0,000";"0,000";
"09/01/2024 05:00";"1,069";"0,000";"1,039";"0,000";"0,390";"0,000";"2,498";"0,000";"0,000";"0,000";"0,000";"0,399";"1,069";"1,039";"0,390";"2,498";"0,000";"0,000";"0,000";
"09/01/2024 05:10";"1,055";"0,000";"1,123";"0,000";"0,393";"0,000";"2,571";"0,000";"0,000";"0,000";"0,000";"0,333";"1,055";"1,123";"0,393";"2,571";"0,000";"0,000";"0,000";
"09/01/2024 05:20";"1,091";"0,000";"1,096";"0,000";"0,422";"0,000";"2,610";"0,000";"0,000";"0,000";"0,000";"0,325";"1,091";"1,096";"0,422";"2,610";"0,000";"0,000";"0,000";
"09/01/2024 05:30";"1,574";"0,000";"1,487";"0,000";"0,736";"0,000";"3,798";"0,000";"0,060";"0,000";"0,000";"0,338";"1,574";"1,487";"0,736";"3,798";"0,000";"0,000";"0,000";
"09/01/2024 05:40";"2,822";"0,000";"2,411";"0,000";"1,691";"0,000";"6,924";"0,000";"0,355";"0,000";"0,000";"0,090";"2,822";"2,411";"1,691";"6,924";"0,000";"0,000";"0,000";
"09/01/2024 05:50";"2,969";"0,000";"2,197";"0,000";"2,276";"0,000";"7,442";"0,000";"0,069";"0,000";"0,000";"0,235";"2,969";"2,197";"2,276";"7,442";"0,000";"0,000";"0,000";
"09/01/2024 06:00";"2,947";"0,000";"2,407";"0,000";"2,359";"0,000";"7,713";"0,000";"0,794";"0,000";"0,000";"0,053";"2,947";"2,407";"2,359";"7,713";"0,000";"0,000";"0,000";
"09/01/2024 06:10";"5,024";"0,000";"4,516";"0,000";"5,020";"0,000";"14,560";"0,000";"2,078";"0,000";"0,000";"0,357";"5,024";"4,516";"5,020";"14,560";"0,000";"0,000";"0,000";
"09/01/2024 06:20";"5,286";"0,000";"4,471";"0,000";"5,492";"0,000";"15,250";"0,000";"1,704";"0,000";"0,000";"0,669";"5,286";"4,471";"5,492";"15,250";"0,000";"0,000";"0,000";
"09/01/2024 06:30";"4,927";"0,000";"4,509";"0,000";"5,353";"0,000";"14,789";"0,000";"1,329";"0,000";"0,000";"0,759";"4,927";"4,509";"5,353";"14,789";"0,000";"0,000";"0,000";
"09/01/2024 06:40";"5,406";"0,000";"4,812";"0,000";"5,849";"0,000";"16,067";"0,000";"1,247";"0,000";"0,000";"0,359";"5,406";"4,812";"5,849";"16,067";"0,000";"0,000";"0,000";
"09/01/2024 06:50";"5,438";"0,000";"4,772";"0,000";"5,621";"0,000";"15,831";"0,000";"2,138";"0,000";"0,000";"0,241";"5,438";"4,772";"5,621";"15,831";"0,000";"0,000";"0,000";
"09/01/2024 07:00";"6,824";"0,000";"6,195";"0,000";"7,082";"0,000";"20,100";"0,000";"1,065";"0,000";"0,000";"0,129";"6,824";"6,195";"7,082";"20,100";"0,000";"0,000";"0,000";
"09/01/2024 07:10";"6,781";"0,000";"6,288";"0,000";"7,093";"0,000";"20,162";"0,000";"0,961";"0,000";"0,000";"0,234";"6,781";"6,288";"7,093";"20,162";"0,000";"0,000";"0,000";
"09/01/2024 07:20";"8,545";"0,000";"8,129";"0,000";"8,746";"0,000";"25,421";"0,000";"4,892";"0,000";"0,000";"0,005";"8,545";"8,129";"8,746";"25,421";"0,000";"0,000";"0,000";
"09/01/2024 07:30";"7,471";"0,000";"6,967";"0,000";"7,861";"0,000";"22,299";"0,000";"2,069";"0,000";"0,000";"0,045";"7,471";"6,967";"7,861";"22,299";"0,000";"0,000";"0,000";
"09/01/2024 07:40";"7,808";"0,000";"7,444";"0,000";"8,377";"0,000";"23,629";"0,000";"1,710";"0,000";"0,000";"0,019";"7,808";"7,444";"8,377";"23,629";"0,000";"0,000";"0,000";
"09/01/2024 07:50";"7,738";"0,000";"7,332";"0,000";"8,217";"0,000";"23,287";"0,000";"1,637";"0,000";"0,000";"0,010";"7,738";"7,332";"8,217";"23,287";"0,000";"0,000";"0,000";
"09/01/2024 08:00";"7,402";"0,000";"7,050";"0,000";"7,829";"0,000";"22,282";"0,000";"0,933";"0,000";"0,000";"0,100";"7,402";"7,050";"7,829";"22,282";"0,000";"0,000";"0,000";
"09/01/2024 08:10";"7,681";"0,000";"6,903";"0,000";"7,584";"0,000";"22,168";"0,000";"1,188";"0,000";"0,000";"0,062";"7,681";"6,903";"7,584";"22,168";"0,000";"0,000";"0,000";
"09/01/2024 08:20";"7,481";"0,000";"6,882";"0,000";"7,781";"0,000";"22,144";"0,000";"1,036";"0,000";"0,000";"0,063";"7,481";"6,882";"7,781";"22,144";"0,000";"0,000";"0,000";
"09/01/2024 08:30";"9,245";"0,000";"8,942";"0,000";"9,538";"0,000";"27,726";"0,000";"3,354";"0,000";"0,000";"0,000";"9,245";"8,942";"9,538";"27,726";"0,000";"0,000";"0,000";
"09/01/2024 08:40";"9,747";"0,000";"9,231";"0,000";"9,666";"0,000";"28,644";"0,000";"4,228";"0,000";"0,000";"0,006";"9,747";"9,231";"9,666";"28,644";"0,000";"0,000";"0,000";
"09/01/2024 08:50";"8,080";"0,000";"7,630";"0,000";"8,136";"0,000";"23,846";"0,000";"3,070";"0,000";"0,000";"0,012";"8,081";"7,631";"8,137";"23,850";"0,004";"0,002";"0,002";
"09/01/2024 09:00";"7,299";"0,000";"6,778";"0,000";"7,794";"0,000";"21,871";"0,000";"2,119";"0,000";"0,000";"0,003";"7,306";"6,786";"7,802";"21,894";"0,023";"0,012";"0,011";
"09/01/2024 09:10";"7,498";"0,000";"7,031";"0,000";"8,238";"0,000";"22,767";"0,000";"3,660";"0,000";"0,000";"0,001";"7,512";"7,046";"8,252";"22,810";"0,043";"0,023";"0,020";
"09/01/2024 09:20";"8,034";"0,000";"7,636";"0,000";"8,802";"0,000";"24,471";"0,000";"4,521";"0,000";"0,000";"0,005";"8,068";"7,670";"8,836";"24,573";"0,102";"0,054";"0,048";
"09/01/2024 09:30";"9,027";"0,000";"8,502";"0,000";"9,763";"0,000";"27,293";"0,000";"3,867";"0,000";"0,000";"0,000";"9,102";"8,577";"9,838";"27,517";"0,224";"0,117";"0,107";
"09/01/2024 09:40";"8,535";"0,000";"7,840";"0,000";"9,082";"0,000";"25,456";"0,000";"6,254";"0,000";"0,000";"0,000";"8,657";"7,962";"9,204";"25,824";"0,368";"0,193";"0,175";
"09/01/2024 09:50";"7,227";"0,000";"6,821";"0,000";"8,116";"0,000";"22,163";"0,000";"3,165";"0,000";"0,000";"0,013";"7,407";"7,001";"8,296";"22,703";"0,540";"0,288";"0,252";
"09/01/2024 10:00";"6,227";"0,000";"5,668";"0,000";"6,864";"0,000";"18,760";"0,000";"0,398";"0,000";"0,000";"0,133";"6,497";"5,938";"7,134";"19,570";"0,810";"0,434";"0,376";
"09/01/2024 10:10";"6,119";"0,000";"5,640";"0,000";"6,938";"0,000";"18,697";"0,000";"0,441";"0,000";"0,000";"0,147";"6,460";"5,980";"7,279";"19,719";"1,022";"0,544";"0,478";
"09/01/2024 10:20";"7,135";"0,000";"6,432";"0,000";"7,744";"0,000";"21,311";"0,000";"5,093";"0,000";"0,000";"0,011";"7,536";"6,834";"8,146";"22,516";"1,205";"0,635";"0,570";
"09/01/2024 10:30";"7,047";"0,000";"6,692";"0,000";"7,823";"0,000";"21,563";"0,000";"2,134";"0,000";"0,000";"0,025";"7,565";"7,209";"8,341";"23,115";"1,552";"0,865";"0,687";
"09/01/2024 10:40";"8,340";"0,000";"8,127";"0,000";"9,366";"0,000";"25,832";"0,000";"3,035";"0,000";"0,000";"0,005";"8,925";"8,712";"9,951";"27,587";"1,755";"0,974";"0,781";
"09/01/2024 10:50";"9,610";"0,000";"9,352";"0,000";"10,442";"0,000";"29,404";"0,000";"3,426";"0,000";"0,000";"0,006";"10,237";"9,979";"11,070";"31,286";"1,882";"1,017";"0,865";
"09/01/2024 11:00";"8,529";"0,000";"7,979";"0,000";"9,377";"0,000";"25,885";"0,000";"4,301";"0,000";"0,000";"0,000";"9,049";"8,500";"9,898";"27,447";"1,562";"0,818";"0,744";
"09/01/2024 11:10";"8,354";"0,000";"7,814";"0,000";"9,323";"0,000";"25,491";"0,000";"5,339";"0,000";"0,000";"0,000";"8,926";"8,387";"9,896";"27,209";"1,718";"0,896";"0,822";
"09/01/2024 11:20";"7,765";"0,000";"7,440";"0,000";"8,793";"0,000";"23,999";"0,000";"4,096";"0,000";"0,000";"0,000";"8,512";"8,187";"9,540";"26,239";"2,240";"1,142";"1,098";
"09/01/2024 11:30";"8,503";"0,000";"7,770";"0,000";"9,007";"0,000";"25,281";"0,000";"4,754";"0,000";"0,000";"0,000";"9,399";"8,666";"9,903";"27,967";"2,686";"1,368";"1,318";
"09/01/2024 11:40";"8,647";"0,000";"8,124";"0,000";"8,930";"0,000";"25,701";"0,000";"5,476";"0,000";"0,000";"0,000";"9,589";"9,066";"9,872";"28,528";"2,827";"1,436";"1,391";
"09/01/2024 11:50";"9,533";"0,000";"9,263";"0,000";"9,970";"0,000";"28,766";"0,000";"3,425";"0,000";"0,000";"0,000";"10,339";"10,070";"10,777";"31,185";"2,419";"1,229";"1,190";
"09/01/2024 12:00";"9,839";"0,000";"9,383";"0,000";"10,253";"0,000";"29,475";"0,000";"5,276";"0,000";"0,000";"0,000";"10,480";"10,024";"10,894";"31,398";"1,923";"0,979";"0,944";
"09/01/2024 12:10";"9,108";"0,000";"8,657";"0,000";"9,362";"0,000";"27,127";"0,000";"6,924";"0,000";"0,000";"0,000";"9,717";"9,266";"9,970";"28,952";"1,825";"0,932";"0,893";
"09/01/2024 12:20";"9,939";"0,000";"9,542";"0,000";"10,225";"0,000";"29,706";"0,000";"4,991";"0,000";"0,000";"0,000";"10,626";"10,229";"10,912";"31,767";"2,061";"1,050";"1,011";
"09/01/2024 12:30";"7,705";"0,000";"7,244";"0,000";"8,148";"0,000";"23,097";"0,000";"2,894";"0,000";"0,000";"0,005";"8,429";"7,968";"8,872";"25,269";"2,172";"1,107";"1,065";
"09/01/2024 12:40";"7,906";"0,000";"7,430";"0,000";"8,404";"0,000";"23,740";"0,000";"3,854";"0,000";"0,000";"0,000";"8,720";"8,244";"9,218";"26,182";"2,442";"1,242";"1,200";
"09/01/2024 12:50";"7,644";"0,000";"7,045";"0,000";"8,138";"0,000";"22,826";"0,000";"3,986";"0,000";"0,000";"0,001";"8,689";"8,090";"9,183";"25,962";"3,136";"1,593";"1,543";
"09/01/2024 13:00";"7,265";"0,000";"6,581";"0,000";"7,580";"0,000";"21,427";"0,000";"2,811";"0,000";"0,000";"0,010";"8,339";"7,656";"8,655";"24,650";"3,223";"1,640";"1,583";
"09/01/2024 13:10";"6,818";"0,000";"6,031";"0,000";"7,115";"0,000";"19,964";"0,000";"2,857";"0,000";"0,000";"0,108";"7,761";"6,974";"8,058";"22,794";"2,830";"1,443";"1,387";
"09/01/2024 13:20";"6,748";"0,000";"6,016";"0,000";"7,010";"0,000";"19,774";"0,000";"2,945";"0,000";"0,000";"0,027";"7,504";"6,772";"7,765";"22,041";"2,267";"1,159";"1,108";
"09/01/2024 13:30";"6,208";"0,000";"5,458";"0,000";"6,420";"0,000";"18,086";"0,000";"2,161";"0,000";"0,000";"0,251";"7,381";"6,631";"7,593";"21,605";"3,519";"1,790";"1,729";
"09/01/2024 13:40";"5,000";"0,000";"4,131";"0,000";"5,103";"0,000";"14,234";"0,000";"0,676";"0,000";"0,000";"0,619";"6,648";"5,779";"6,752";"19,179";"4,945";"2,518";"2,427";
"09/01/2024 13:50";"4,222";"0,000";"3,556";"0,000";"4,413";"0,000";"12,191";"0,000";"0,917";"0,000";"0,000";"0,635";"5,957";"5,291";"6,148";"17,396";"5,205";"2,651";"2,554";
"09/01/2024 14:00";"4,395";"0,000";"3,495";"0,000";"4,769";"0,000";"12,658";"0,000";"0,742";"0,000";"0,000";"0,297";"5,367";"4,467";"5,741";"15,574";"2,916";"1,479";"1,437";
"09/01/2024 14:10";"5,939";"0,000";"5,401";"0,000";"6,235";"0,000";"17,575";"0,000";"0,977";"0,000";"0,000";"0,274";"6,934";"6,396";"7,230";"20,559";"2,984";"1,514";"1,470";
"09/01/2024 14:20";"6,121";"0,000";"5,407";"0,000";"6,169";"0,000";"17,696";"0,000";"1,119";"0,000";"0,000";"0,315";"7,339";"6,625";"7,387";"21,352";"3,656";"1,858";"1,798";
"09/01/2024 14:30";"6,229";"0,000";"5,713";"0,000";"6,181";"0,000";"18,123";"0,000";"0,982";"0,000";"0,000";"0,387";"7,328";"6,811";"7,280";"21,418";"3,295";"1,674";"1,621";
"09/01/2024 14:40";"5,279";"0,000";"4,784";"0,000";"5,591";"0,000";"15,653";"0,000";"0,965";"0,000";"0,000";"0,304";"6,395";"5,900";"6,707";"19,002";"3,349";"1,702";"1,647";
"09/01/2024 14:50";"4,738";"0,000";"4,062";"0,000";"4,942";"0,000";"13,742";"0,000";"0,962";"0,000";"0,000";"0,232";"5,771";"5,095";"5,974";"16,839";"3,097";"1,573";"1,524";
"09/01/2024 15:00";"5,987";"0,000";"5,291";"0,000";"5,806";"0,000";"17,084";"0,000";"1,226";"0,000";"0,000";"0,294";"7,293";"6,597";"7,112";"21,002";"3,918";"1,992";"1,926";
"09/01/2024 15:10";"5,801";"0,000";"5,161";"0,000";"6,097";"0,000";"17,059";"0,000";"1,182";"0,000";"0,000";"0,235";"6,816";"6,177";"7,113";"20,105";"3,046";"1,545";"1,501";
"09/01/2024 15:20";"5,454";"0,000";"4,865";"0,000";"5,804";"0,000";"16,122";"0,000";"0,898";"0,000";"0,000";"0,310";"6,280";"5,691";"6,630";"18,600";"2,478";"1,256";"1,222";
"09/01/2024 15:30";"4,567";"0,000";"3,902";"0,000";"4,702";"0,000";"13,171";"0,000";"0,727";"0,000";"0,000";"0,240";"5,163";"4,499";"5,299";"14,961";"1,790";"0,909";"0,881";
"09/01/2024 15:40";"4,911";"0,000";"4,417";"0,000";"4,887";"0,000";"14,215";"0,000";"0,897";"0,000";"0,000";"0,249";"5,267";"4,773";"5,242";"15,281";"1,066";"0,544";"0,522";
"09/01/2024 15:50";"6,157";"0,000";"5,575";"0,000";"5,925";"0,000";"17,658";"0,000";"1,192";"0,000";"0,000";"0,207";"6,456";"5,874";"6,224";"18,554";"0,896";"0,458";"0,438";
"09/01/2024 16:00";"7,773";"0,000";"7,075";"0,000";"7,369";"0,000";"22,217";"0,000";"2,053";"0,000";"0,000";"0,403";"8,052";"7,353";"7,647";"23,052";"0,835";"0,427";"0,408";
"09/01/2024 16:10";"7,911";"0,000";"7,041";"0,000";"7,715";"0,000";"22,667";"0,000";"1,221";"0,000";"0,000";"0,126";"8,254";"7,384";"8,058";"23,697";"1,030";"0,525";"0,505";
"09/01/2024 16:20";"6,072";"0,000";"5,367";"0,000";"6,251";"0,000";"17,691";"0,000";"0,592";"0,000";"0,000";"0,300";"6,436";"5,731";"6,614";"18,781";"1,090";"0,556";"0,534";
"09/01/2024 16:30";"6,310";"0,000";"5,616";"0,000";"6,444";"0,000";"18,370";"0,000";"0,601";"0,000";"0,000";"0,280";"6,619";"5,925";"6,753";"19,297";"0,927";"0,473";"0,454";
"09/01/2024 16:40";"6,679";"0,000";"5,640";"0,000";"6,290";"0,000";"18,609";"0,000";"0,633";"0,000";"0,000";"0,311";"6,882";"5,844";"6,494";"19,220";"0,611";"0,312";"0,299";
"09/01/2024 16:50";"6,633";"0,000";"5,667";"0,000";"6,212";"0,000";"18,513";"0,000";"0,929";"0,000";"0,000";"0,178";"6,777";"5,810";"6,356";"18,943";"0,430";"0,220";"0,210";
"09/01/2024 17:00";"5,719";"0,000";"5,069";"0,000";"5,436";"0,000";"16,223";"0,000";"1,660";"0,000";"0,000";"0,203";"5,884";"5,234";"5,601";"16,718";"0,495";"0,253";"0,242";
"09/01/2024 17:10";"5,892";"0,000";"5,164";"0,000";"5,457";"0,000";"16,514";"0,000";"2,028";"0,000";"0,000";"0,447";"6,011";"5,284";"5,577";"16,872";"0,358";"0,184";"0,174";
"09/01/2024 17:20";"5,323";"0,000";"4,603";"0,000";"5,246";"0,000";"15,173";"0,000";"1,224";"0,000";"0,000";"0,296";"5,417";"4,698";"5,341";"15,456";"0,283";"0,145";"0,138";
"09/01/2024 17:30";"5,267";"0,000";"4,543";"0,000";"5,522";"0,000";"15,332";"0,000";"1,567";"0,000";"0,000";"0,216";"5,387";"4,662";"5,642";"15,691";"0,359";"0,184";"0,175";
"09/01/2024 17:40";"5,687";"0,000";"4,630";"0,000";"5,685";"0,000";"16,002";"0,000";"1,378";"0,000";"0,000";"0,205";"5,757";"4,700";"5,755";"16,212";"0,210";"0,108";"0,102";
"09/01/2024 17:50";"7,192";"0,000";"6,150";"0,000";"6,633";"0,000";"19,975";"0,000";"1,001";"0,000";"0,000";"0,377";"7,215";"6,173";"6,656";"20,044";"0,069";"0,036";"0,033";
"09/01/2024 18:00";"6,990";"0,000";"6,148";"0,000";"6,955";"0,000";"20,093";"0,000";"1,651";"0,000";"0,000";"0,286";"6,999";"6,157";"6,964";"20,120";"0,027";"0,014";"0,013";
"09/01/2024 18:10";"6,634";"0,000";"5,841";"0,000";"6,516";"0,000";"18,990";"0,000";"1,333";"0,000";"0,000";"0,301";"6,635";"5,842";"6,517";"18,995";"0,004";"0,002";"0,002";
"09/01/2024 18:20";"6,715";"0,000";"5,876";"0,000";"6,579";"0,000";"19,170";"0,000";"1,518";"0,000";"0,000";"0,307";"6,715";"5,876";"6,579";"19,170";"0,000";"0,000";"0,000";
"09/01/2024 18:30";"7,112";"0,000";"6,187";"0,000";"6,898";"0,000";"20,197";"0,000";"1,433";"0,000";"0,000";"0,382";"7,112";"6,187";"6,898";"20,197";"0,000";"0,000";"0,000";
"09/01/2024 18:40";"7,459";"0,000";"6,421";"0,000";"6,840";"0,000";"20,720";"0,000";"1,409";"0,000";"0,000";"0,282";"7,459";"6,421";"6,840";"20,720";"0,000";"0,000";"0,000";
"09/01/2024 18:50";"6,780";"0,000";"5,974";"0,000";"6,603";"0,000";"19,357";"0,000";"1,292";"0,000";"0,000";"0,246";"6,780";"5,974";"6,603";"19,357";"0,000";"0,000";"0,000";
"09/01/2024 19:00";"6,417";"0,000";"5,712";"0,000";"6,352";"0,000";"18,481";"0,000";"0,996";"0,000";"0,000";"0,358";"6,417";"5,712";"6,352";"18,481";"0,000";"0,000";"0,000";
"09/01/2024 19:10";"6,759";"0,000";"6,026";"0,000";"6,787";"0,000";"19,573";"0,000";"0,748";"0,000";"0,000";"0,351";"6,759";"6,026";"6,787";"19,573";"0,000";"0,000";"0,000";
"09/01/2024 19:20";"5,821";"0,000";"5,138";"0,000";"6,038";"0,000";"16,998";"0,000";"1,209";"0,000";"0,000";"0,379";"5,821";"5,138";"6,038";"16,998";"0,000";"0,000";"0,000";
"09/01/2024 19:30";"5,100";"0,000";"4,504";"0,000";"5,411";"0,000";"15,015";"0,000";"1,625";"0,000";"0,000";"0,236";"5,100";"4,504";"5,411";"15,015";"0,000";"0,000";"0,000";
"09/01/2024 19:40";"4,195";"0,000";"3,619";"0,000";"4,609";"0,000";"12,424";"0,000";"0,741";"0,000";"0,000";"0,347";"4,195";"3,619";"4,609";"12,424";"0,000";"0,000";"0,000";
"09/01/2024 19:50";"4,045";"0,000";"3,540";"0,000";"4,498";"0,000";"12,084";"0,000";"0,707";"0,000";"0,000";"0,407";"4,045";"3,540";"4,498";"12,084";"0,000";"0,000";"0,000";
"09/01/2024 20:00";"1,307";"0,000";"0,751";"0,000";"1,333";"0,000";"3,392";"0,000";"0,256";"0,000";"0,000";"0,591";"1,307";"0,751";"1,333";"3,392";"0,000";"0,000";"0,000";
"09/01/2024 20:10";"1,067";"0,000";"0,525";"0,000";"0,828";"0,000";"2,420";"0,000";"0,000";"0,000";"0,000";"0,325";"1,067";"0,525";"0,828";"2,420";"0,000";"0,000";"0,000";
"09/01/2024 20:20";"1,567";"0,000";"0,875";"0,000";"0,874";"0,000";"3,317";"0,000";"0,000";"0,000";"0,000";"0,337";"1,567";"0,875";"0,874";"3,317";"0,000";"0,000";"0,000";
"09/01/2024 20:30";"1,304";"0,000";"0,810";"0,000";"0,839";"0,000";"2,953";"0,000";"0,000";"0,000";"0,000";"0,291";"1,304";"0,810";"0,839";"2,953";"0,000";"0,000";"0,000";
"09/01/2024 20:40";"1,061";"0,000";"0,504";"0,000";"0,870";"0,000";"2,435";"0,000";"0,000";"0,000";"0,000";"0,242";"1,061";"0,504";"0,870";"2,435";"0,000";"0,000";"0,000";
"09/01/2024 20:50";"1,177";"0,000";"0,550";"0,000";"0,842";"0,000";"2,569";"0,000";"0,000";"0,000";"0,000";"0,339";"1,177";"0,550";"0,842";"2,569";"0,000";"0,000";"0,000";
"09/01/2024 21:00";"1,470";"0,000";"0,660";"0,000";"0,856";"0,000";"2,986";"0,000";"0,000";"0,000";"0,000";"0,300";"1,470";"0,660";"0,856";"2,986";"0,000";"0,000";"0,000";
"09/01/2024 21:10";"0,881";"0,000";"0,551";"0,000";"0,908";"0,000";"2,340";"0,000";"0,000";"0,000";"0,000";"0,177";"0,881";"0,551";"0,908";"2,340";"0,000";"0,000";"0,000";
"09/01/2024 21:20";"0,786";"0,000";"0,522";"0,000";"0,837";"0,000";"2,145";"0,000";"0,000";"0,000";"0,000";"0,212";"0,786";"0,522";"0,837";"2,145";"0,000";"0,000";"0,000";
"09/01/2024 21:30";"1,185";"0,000";"0,574";"0,000";"0,863";"0,000";"2,621";"0,000";"0,000";"0,000";"0,000";"0,365";"1,185";"0,574";"0,863";"2,621";"0,000";"0,000";"0,000";
"09/01/2024 21:40";"0,934";"0,000";"0,594";"0,000";"0,778";"0,000";"2,307";"0,000";"0,000";"0,000";"0,000";"0,187";"0,934";"0,594";"0,778";"2,307";"0,000";"0,000";"0,000";
"09/01/2024 21:50";"0,808";"0,000";"0,543";"0,000";"0,837";"0,000";"2,188";"0,000";"0,000";"0,000";"0,000";"0,225";"0,808";"0,543";"0,837";"2,188";"0,000";"0,000";"0,000";
"09/01/2024 22:00";"0,843";"0,000";"0,593";"0,000";"0,859";"0,000";"2,296";"0,000";"0,000";"0,000";"0,000";"0,205";"0,843";"0,593";"0,859";"2,296";"0,000";"0,000";"0,000";
"09/01/2024 22:10";"0,976";"0,000";"0,476";"0,000";"0,799";"0,000";"2,251";"0,000";"0,000";"0,000";"0,000";"0,311";"0,976";"0,476";"0,799";"2,251";"0,000";"0,000";"0,000";
"09/01/2024 22:20";"0,791";"0,000";"0,527";"0,000";"0,833";"0,000";"2,151";"0,000";"0,005";"0,000";"0,000";"0,171";"0,791";"0,527";"0,833";"2,151";"0,000";"0,000";"0,000";
"09/01/2024 22:30";"0,801";"0,000";"0,573";"0,000";"0,835";"0,000";"2,209";"0,000";"0,000";"0,000";"0,000";"0,198";"0,801";"0,573";"0,835";"2,209";"0,000";"0,000";"0,000";
"09/01/2024 22:40";"1,267";"0,000";"0,664";"0,000";"0,835";"0,000";"2,765";"0,000";"0,000";"0,000";"0,000";"0,265";"1,267";"0,664";"0,835";"2,765";"0,000";"0,000";"0,000";
"09/01/2024 22:50";"0,874";"0,000";"0,482";"0,000";"0,803";"0,000";"2,159";"0,000";"0,000";"0,000";"0,000";"0,215";"0,874";"0,482";"0,803";"2,159";"0,000";"0,000";"0,000";
"09/01/2024 23:00";"0,803";"0,000";"0,567";"0,000";"0,843";"0,000";"2,213";"0,000";"0,000";"0,000";"0,000";"0,235";"0,803";"0,567";"0,843";"2,213";"0,000";"0,000";"0,000";
"09/01/2024 23:10";"1,072";"0,000";"0,595";"0,000";"0,879";"0,000";"2,547";"0,000";"0,002";"0,000";"0,000";"0,216";"1,072";"0,595";"0,879";"2,547";"0,000";"0,000";"0,000";
"09/01/2024 23:20";"1,040";"0,000";"0,629";"0,000";"0,794";"0,000";"2,463";"0,000";"0,000";"0,000";"0,000";"0,232";"1,040";"0,629";"0,794";"2,463";"0,000";"0,000";"0,000";
"09/01/2024 23:30";"0,812";"0,000";"0,566";"0,000";"0,848";"0,000";"2,226";"0,000";"0,000";"0,000";"0,000";"0,189";"0,812";"0,566";"0,848";"2,226";"0,000";"0,000";"0,000";
"09/01/2024 23:40";"0,822";"0,000";"0,539";"0,000";"0,845";"0,000";"2,206";"0,000";"0,000";"0,000";"0,000";"0,304";"0,822";"0,539";"0,845";"2,206";"0,000";"0,000";"0,000";
"09/01/2024 23:50";"0,826";"0,000";"0,551";"0,000";"0,857";"0,000";"2,234";"0,000";"0,000";"0,000";"0,000";"0,272";"0,826";"0,551";"0,857";"2,234";"0,000";"0,000";"0,000";
"10/01/2024 00:00";"0,851";"0,000";"0,634";"0,000";"0,885";"0,000";"2,370";"0,000";"0,000";"0,000";"0,000";"0,272";"0,851";"0,634";"0,885";"2,370";"0,000";"0,000";"0,000";
"10/01/2024 00:10";"0,951";"0,000";"0,522";"0,000";"0,815";"0,000";"2,288";"0,000";"0,000";"0,000";"0,000";"0,225";"0,951";"0,522";"0,815";"2,288";"0,000";"0,000";"0,000";
"10/01/2024 00:20";"0,786";"0,000";"0,517";"0,000";"0,839";"0,000";"2,142";"0,000";"0,000";"0,000";"0,000";"0,214";"0,786";"0,517";"0,839";"2,142";"0,000";"0,000";"0,000";
"10/01/2024 00:30";"0,846";"0,000";"0,620";"0,000";"0,880";"0,000";"2,346";"0,000";"0,000";"0,000";"0,000";"0,293";"0,846";"0,620";"0,880";"2,346";"0,000";"0,000";"0,000";
"10/01/2024 00:40";"1,121";"0,000";"0,548";"0,000";"0,748";"0,000";"2,417";"0,000";"0,000";"0,000";"0,000";"0,220";"1,121";"0,548";"0,748";"2,417";"0,000";"0,000";"0,000";
"10/01/2024 00:50";"0,777";"0,000";"0,498";"0,000";"0,807";"0,000";"2,082";"0,000";"0,000";"0,000";"0,000";"0,310";"0,777";"0,498";"0,807";"2,082";"0,000";"0,000";"0,000";
"10/01/2024 01:00";"0,803";"0,000";"0,563";"0,000";"0,837";"0,000";"2,203";"0,000";"0,000";"0,000";"0,000";"0,199";"0,803";"0,563";"0,837";"2,203";"0,000";"0,000";"0,000";
"10/01/2024 01:10";"1,008";"0,000";"0,563";"0,000";"0,770";"0,000";"2,341";"0,000";"0,000";"0,000";"0,000";"0,261";"1,008";"0,563";"0,770";"2,341";"0,000";"0,000";"0,000";
"10/01/2024 01:20";"0,981";"0,000";"0,656";"0,000";"0,742";"0,000";"2,379";"0,000";"0,000";"0,000";"0,000";"0,152";"0,981";"0,656";"0,742";"2,379";"0,000";"0,000";"0,000";
"10/01/2024 01:30";"0,795";"0,000";"0,531";"0,000";"0,833";"0,000";"2,158";"0,000";"0,000";"0,000";"0,000";"0,191";"0,795";"0,531";"0,833";"2,158";"0,000";"0,000";"0,000";
"10/01/2024 01:40";"0,919";"0,000";"0,642";"0,000";"0,900";"0,000";"2,461";"0,000";"0,000";"0,000";"0,000";"0,282";"0,919";"0,642";"0,900";"2,461";"0,000";"0,000";"0,000";
"10/01/2024 01:50";"0,976";"0,000";"0,502";"0,000";"0,699";"0,000";"2,178";"0,000";"0,000";"0,000";"0,000";"0,191";"0,976";"0,502";"0,699";"2,178";"0,000";"0,000";"0,000";
"10/01/2024 02:00";"0,679";"0,000";"0,541";"0,000";"0,827";"0,000";"2,047";"0,000";"0,000";"0,000";"0,000";"0,325";"0,679";"0,541";"0,827";"2,047";"0,000";"0,000";"0,000";
"10/01/2024 02:10";"0,552";"0,000";"0,545";"0,000";"0,838";"0,000";"1,935";"0,000";"0,003";"0,000";"0,000";"0,165";"0,552";"0,545";"0,838";"1,935";"0,000";"0,000";"0,000";
"10/01/2024 02:20";"0,732";"0,000";"0,497";"0,000";"0,815";"0,000";"2,044";"0,000";"0,000";"0,000";"0,000";"0,241";"0,732";"0,497";"0,815";"2,044";"0,000";"0,000";"0,000";
"10/01/2024 02:30";"0,806";"0,000";"0,473";"0,000";"0,765";"0,000";"2,044";"0,000";"0,000";"0,000";"0,000";"0,125";"0,806";"0,473";"0,765";"2,044";"0,000";"0,000";"0,000";
"10/01/2024 02:40";"0,785";"0,000";"0,558";"0,000";"0,832";"0,000";"2,176";"0,000";"0,002";"0,000";"0,000";"0,058";"0,785";"0,558";"0,832";"2,176";"0,000";"0,000";"0,000";
"10/01/2024 02:50";"0,621";"0,000";"0,580";"0,000";"0,881";"0,000";"2,082";"0,000";"0,000";"0,000";"0,000";"0,300";"0,621";"0,580";"0,881";"2,082";"0,000";"0,000";"0,000";
"10/01/2024 03:00";"0,785";"0,000";"0,400";"0,000";"0,720";"0,000";"1,905";"0,000";"0,000";"0,000";"0,000";"0,185";"0,785";"0,400";"0,720";"1,905";"0,000";"0,000";"0,000";
"10/01/2024 03:10";"0,552";"0,000";"0,575";"0,000";"0,844";"0,000";"1,971";"0,000";"0,004";"0,000";"0,000";"0,109";"0,552";"0,575";"0,844";"1,971";"0,000";"0,000";"0,000";
"10/01/2024 03:20";"0,546";"0,000";"0,476";"0,000";"0,791";"0,000";"1,813";"0,000";"0,000";"0,000";"0,000";"0,222";"0,546";"0,476";"0,791";"1,813";"0,000";"0,000";"0,000";
"10/01/2024 03:30";"0,703";"0,000";"0,506";"0,000";"0,820";"0,000";"2,030";"0,000";"0,002";"0,000";"0,000";"0,089";"0,703";"0,506";"0,820";"2,030";"0,000";"0,000";"0,000";
"10/01/2024 03:40";"0,958";"0,000";"0,562";"0,000";"0,827";"0,000";"2,347";"0,000";"0,002";"0,000";"0,000";"0,236";"0,958";"0,562";"0,827";"2,347";"0,000";"0,000";"0,000";
"10/01/2024 03:50";"0,784";"0,000";"0,580";"0,000";"0,755";"0,000";"2,118";"0,000";"0,000";"0,000";"0,000";"0,220";"0,784";"0,580";"0,755";"2,118";"0,000";"0,000";"0,000";
"10/01/2024 04:00";"0,543";"0,000";"0,538";"0,000";"0,825";"0,000";"1,905";"0,000";"0,004";"0,000";"0,000";"0,166";"0,543";"0,538";"0,825";"1,905";"0,000";"0,000";"0,000";
"10/01/2024 04:10";"0,635";"0,000";"0,484";"0,000";"0,775";"0,000";"1,895";"0,000";"0,000";"0,000";"0,000";"0,177";"0,635";"0,484";"0,775";"1,895";"0,000";"0,000";"0,000";
"10/01/2024 04:20";"0,530";"0,000";"0,503";"0,000";"0,820";"0,000";"1,853";"0,000";"0,002";"0,000";"0,000";"0,100";"0,530";"0,503";"0,820";"1,853";"0,000";"0,000";"0,000";
"10/01/2024 04:30";"0,509";"0,000";"0,488";"0,000";"0,765";"0,000";"1,763";"0,000";"0,001";"0,000";"0,000";"0,107";"0,509";"0,488";"0,765";"1,763";"0,000";"0,000";"0,000";
"10/01/2024 04:40";"0,748";"0,000";"0,551";"0,000";"0,819";"0,000";"2,118";"0,000";"0,004";"0,000";"0,000";"0,068";"0,748";"0,551";"0,819";"2,118";"0,000";"0,000";"0,000";
"10/01/2024 04:50";"0,939";"0,000";"0,592";"0,000";"0,852";"0,000";"2,383";"0,000";"0,000";"0,000";"0,000";"0,296";"0,939";"0,592";"0,852";"2,383";"0,000";"0,000";"0,000";
"10/01/2024 05:00";"0,743";"0,000";"0,490";"0,000";"0,730";"0,000";"1,963";"0,000";"0,000";"0,000";"0,000";"0,264";"0,743";"0,490";"0,730";"1,963";"0,000";"0,000";"0,000";
"10/01/2024 05:10";"0,510";"0,000";"0,518";"0,000";"0,754";"0,000";"1,783";"0,000";"0,004";"0,000";"0,000";"0,081";"0,510";"0,518";"0,754";"1,783";"0,000";"0,000";"0,000";
"10/01/2024 05:20";"0,451";"0,000";"0,465";"0,000";"0,616";"0,000";"1,531";"0,000";"0,003";"0,000";"0,000";"0,127";"0,451";"0,465";"0,616";"1,531";"0,000";"0,000";"0,000";
"10/01/2024 05:30";"1,553";"0,000";"1,444";"0,000";"1,453";"0,000";"4,449";"0,000";"0,358";"0,000";"0,000";"0,037";"1,553";"1,444";"1,453";"4,449";"0,000";"0,000";"0,000";
"10/01/2024 05:40";"2,065";"0,000";"1,465";"0,000";"1,478";"0,000";"5,007";"0,000";"0,107";"0,000";"0,000";"0,144";"2,065";"1,465";"1,478";"5,007";"0,000";"0,000";"0,000";
"10/01/2024 05:50";"2,217";"0,000";"1,601";"0,000";"2,054";"0,000";"5,873";"0,000";"0,105";"0,000";"0,000";"0,294";"2,217";"1,601";"2,054";"5,873";"0,000";"0,000";"0,000";
"10/01/2024 06:00";"2,337";"0,000";"2,032";"0,000";"2,647";"0,000";"7,016";"0,000";"0,764";"0,000";"0,000";"0,064";"2,337";"2,032";"2,647";"7,016";"0,000";"0,000";"0,000";
"10/01/2024 06:10";"5,903";"0,000";"5,084";"0,000";"6,237";"0,000";"17,224";"0,000";"2,012";"0,000";"0,000";"0,285";"5,903";"5,084";"6,237";"17,224";"0,000";"0,000";"0,000";
"10/01/2024 06:20";"5,392";"0,000";"4,428";"0,000";"6,010";"0,000";"15,829";"0,000";"1,681";"0,000";"0,000";"0,544";"5,392";"4,428";"6,010";"15,829";"0,000";"0,000";"0,000";
"10/01/2024 06:30";"6,213";"0,000";"4,992";"0,000";"6,713";"0,000";"17,919";"0,000";"1,204";"0,000";"0,000";"0,586";"6,213";"4,992";"6,713";"17,919";"0,000";"0,000";"0,000";
"10/01/2024 06:40";"5,611";"0,000";"4,245";"0,000";"5,823";"0,000";"15,679";"0,000";"1,174";"0,000";"0,000";"0,939";"5,611";"4,245";"5,823";"15,679";"0,000";"0,000";"0,000";
"10/01/2024 06:50";"5,789";"0,000";"4,772";"0,000";"6,213";"0,000";"16,774";"0,000";"1,907";"0,000";"0,000";"0,578";"5,789";"4,772";"6,213";"16,774";"0,000";"0,000";"0,000";
"10/01/2024 07:00";"6,358";"0,000";"5,311";"0,000";"6,747";"0,000";"18,415";"0,000";"1,605";"0,000";"0,000";"0,245";"6,358";"5,311";"6,747";"18,415";"0,000";"0,000";"0,000";
"10/01/2024 07:10";"5,994";"0,000";"5,063";"0,000";"6,528";"0,000";"17,586";"0,000";"1,335";"0,000";"0,000";"0,700";"5,994";"5,063";"6,528";"17,585";"0,000";"0,000";"0,000";
"10/01/2024 07:20";"5,852";"0,000";"5,002";"0,000";"6,481";"0,000";"17,335";"0,000";"1,435";"0,000";"0,000";"0,546";"5,852";"5,002";"6,481";"17,335";"0,000";"0,000";"0,000";
"10/01/2024 07:30";"6,229";"0,000";"5,312";"0,000";"6,574";"0,000";"18,114";"0,000";"1,323";"0,000";"0,000";"0,359";"6,229";"5,312";"6,574";"18,114";"0,000";"0,000";"0,000";
"10/01/2024 07:40";"5,331";"0,000";"4,655";"0,000";"5,952";"0,000";"15,938";"0,000";"1,570";"0,000";"0,000";"0,572";"5,331";"4,655";"5,952";"15,938";"0,000";"0,000";"0,000";
"10/01/2024 07:50";"5,444";"0,000";"4,918";"0,000";"6,192";"0,000";"16,553";"0,000";"1,415";"0,000";"0,000";"0,099";"5,444";"4,918";"6,192";"16,553";"0,000";"0,000";"0,000";
"10/01/2024 08:00";"5,495";"0,000";"4,880";"0,000";"6,205";"0,000";"16,580";"0,000";"2,202";"0,000";"0,000";"0,073";"5,495";"4,880";"6,205";"16,580";"0,000";"0,000";"0,000";
"10/01/2024 08:10";"6,492";"0,000";"5,858";"0,000";"6,931";"0,000";"19,281";"0,000";"2,334";"0,000";"0,000";"0,110";"6,492";"5,858";"6,931";"19,281";"0,000";"0,000";"0,000";
"10/01/2024 08:20";"6,802";"0,000";"6,249";"0,000";"7,516";"0,000";"20,567";"0,000";"2,927";"0,000";"0,000";"0,062";"6,802";"6,249";"7,516";"20,567";"0,000";"0,000";"0,000";
"10/01/2024 08:30";"7,071";"0,000";"6,534";"0,000";"7,329";"0,000";"20,934";"0,000";"2,407";"0,000";"0,000";"0,414";"7,071";"6,534";"7,329";"20,934";"0,000";"0,000";"0,000";
"10/01/2024 08:40";"7,850";"0,000";"7,071";"0,000";"7,813";"0,000";"22,733";"0,000";"3,345";"0,000";"0,000";"0,203";"7,850";"7,071";"7,813";"22,733";"0,000";"0,000";"0,000";
"10/01/2024 08:50";"6,868";"0,000";"6,021";"0,000";"6,841";"0,000";"19,730";"0,000";"1,522";"0,000";"0,000";"0,310";"6,868";"6,021";"6,841";"19,730";"0,000";"0,000";"0,000";
"10/01/2024 09:00";"6,671";"0,000";"5,788";"0,000";"6,212";"0,000";"18,672";"0,000";"0,932";"0,000";"0,000";"0,444";"6,671";"5,788";"6,212";"18,672";"0,000";"0,000";"0,000";
"10/01/2024 09:10";"7,078";"0,000";"5,812";"0,000";"6,395";"0,000";"19,285";"0,000";"0,930";"0,000";"0,000";"0,425";"7,078";"5,812";"6,395";"19,285";"0,000";"0,000";"0,000";
"10/01/2024 09:20";"6,896";"0,000";"5,848";"0,000";"6,486";"0,000";"19,229";"0,000";"1,451";"0,000";"0,000";"0,266";"6,903";"5,855";"6,493";"19,250";"0,021";"0,011";"0,010";
"10/01/2024 09:30";"6,736";"0,000";"5,704";"0,000";"6,471";"0,000";"18,911";"0,000";"1,098";"0,000";"0,000";"0,258";"6,763";"5,731";"6,498";"18,992";"0,081";"0,042";"0,039";
"10/01/2024 09:40";"6,096";"0,000";"5,287";"0,000";"5,900";"0,000";"17,283";"0,000";"1,437";"0,000";"0,000";"0,433";"6,138";"5,329";"5,942";"17,409";"0,126";"0,065";"0,061";
"10/01/2024 09:50";"5,814";"0,000";"4,874";"0,000";"5,387";"0,000";"16,075";"0,000";"1,221";"0,000";"0,000";"0,630";"5,840";"4,900";"5,412";"16,152";"0,077";"0,040";"0,037";
"10/01/2024 10:00";"5,331";"0,000";"4,592";"0,000";"4,929";"0,000";"14,852";"0,000";"0,341";"0,000";"0,000";"0,421";"5,360";"4,620";"4,957";"14,937";"0,085";"0,044";"0,041";
"10/01/2024 10:10";"5,374";"0,000";"4,677";"0,000";"5,036";"0,000";"15,087";"0,000";"2,384";"0,000";"0,000";"0,168";"5,415";"4,718";"5,077";"15,210";"0,123";"0,064";"0,059";
"10/01/2024 10:20";"5,410";"0,000";"4,831";"0,000";"5,268";"0,000";"15,509";"0,000";"1,567";"0,000";"0,000";"0,201";"5,493";"4,914";"5,351";"15,758";"0,249";"0,128";"0,121";
"10/01/2024 10:30";"6,074";"0,000";"5,521";"0,000";"6,013";"0,000";"17,608";"0,000";"2,441";"0,000";"0,000";"0,065";"6,197";"5,643";"6,136";"17,976";"0,368";"0,188";"0,180";
"10/01/2024 10:40";"6,841";"0,000";"6,362";"0,000";"6,644";"0,000";"19,847";"0,000";"2,613";"0,000";"0,000";"0,094";"6,921";"6,442";"6,724";"20,088";"0,241";"0,124";"0,117";
"10/01/2024 10:50";"8,324";"0,000";"7,792";"0,000";"8,303";"0,000";"24,419";"0,000";"2,426";"0,000";"0,000";"0,034";"8,425";"7,893";"8,404";"24,722";"0,303";"0,156";"0,147";
"10/01/2024 11:00";"7,253";"0,000";"6,743";"0,000";"7,148";"0,000";"21,143";"0,000";"3,650";"0,000";"0,000";"0,024";"7,426";"6,917";"7,321";"21,664";"0,521";"0,266";"0,255";
"10/01/2024 11:10";"6,601";"0,000";"6,123";"0,000";"6,649";"0,000";"19,373";"0,000";"2,933";"0,000";"0,000";"0,030";"6,810";"6,332";"6,859";"20,001";"0,628";"0,320";"0,308";
"10/01/2024 11:20";"6,338";"0,000";"5,655";"0,000";"6,566";"0,000";"18,559";"0,000";"2,393";"0,000";"0,000";"0,078";"6,569";"5,885";"6,797";"19,250";"0,691";"0,352";"0,339";
"10/01/2024 11:30";"6,764";"0,000";"6,167";"0,000";"7,201";"0,000";"20,132";"0,000";"2,410";"0,000";"0,000";"0,073";"7,089";"6,492";"7,526";"21,107";"0,975";"0,496";"0,479";
"10/01/2024 11:40";"7,076";"0,000";"6,284";"0,000";"7,310";"0,000";"20,670";"0,000";"3,991";"0,000";"0,000";"0,058";"7,472";"6,680";"7,706";"21,858";"1,188";"0,604";"0,584";
"10/01/2024 11:50";"7,336";"0,000";"6,449";"0,000";"7,435";"0,000";"21,219";"0,000";"4,473";"0,000";"0,000";"0,023";"7,762";"6,875";"7,861";"22,497";"1,278";"0,649";"0,629";
"10/01/2024 12:00";"7,023";"0,000";"6,403";"0,000";"7,489";"0,000";"20,915";"0,000";"2,459";"0,000";"0,000";"0,030";"7,351";"6,731";"7,817";"21,899";"0,984";"0,501";"0,483";
"10/01/2024 12:10";"7,253";"0,000";"6,614";"0,000";"7,704";"0,000";"21,570";"0,000";"2,695";"0,000";"0,000";"0,019";"7,519";"6,880";"7,970";"22,369";"0,799";"0,408";"0,391";
"10/01/2024 12:20";"7,020";"0,000";"6,480";"0,000";"7,301";"0,000";"20,802";"0,000";"2,787";"0,000";"0,000";"0,049";"7,384";"6,843";"7,665";"21,892";"1,090";"0,554";"0,536";
"10/01/2024 12:30";"7,214";"0,000";"6,669";"0,000";"7,589";"0,000";"21,472";"0,000";"1,714";"0,000";"0,000";"0,029";"7,707";"7,162";"8,082";"22,951";"1,479";"0,751";"0,728";
"10/01/2024 12:40";"6,524";"0,000";"5,833";"0,000";"6,766";"0,000";"19,123";"0,000";"1,142";"0,000";"0,000";"0,263";"6,982";"6,291";"7,224";"20,496";"1,373";"0,698";"0,675";
"10/01/2024 12:50";"6,478";"0,000";"5,671";"0,000";"6,646";"0,000";"18,794";"0,000";"1,293";"0,000";"0,000";"0,108";"6,966";"6,159";"7,134";"20,258";"1,464";"0,743";"0,721";
"10/01/2024 13:00";"6,399";"0,000";"5,726";"0,000";"6,638";"0,000";"18,763";"0,000";"1,284";"0,000";"0,000";"0,106";"6,898";"6,226";"7,137";"20,262";"1,499";"0,761";"0,738";
"10/01/2024 13:10";"6,257";"0,000";"5,552";"0,000";"6,452";"0,000";"18,260";"0,000";"1,083";"0,000";"0,000";"0,167";"6,805";"6,100";"7,000";"19,904";"1,644";"0,835";"0,809";
"10/01/2024 13:20";"7,077";"0,000";"6,407";"0,000";"7,302";"0,000";"20,785";"0,000";"4,605";"0,000";"0,000";"0,008";"7,782";"7,112";"8,007";"22,900";"2,115";"1,072";"1,043";
"10/01/2024 13:30";"6,606";"0,000";"6,019";"0,000";"6,893";"0,000";"19,518";"0,000";"2,306";"0,000";"0,000";"0,138";"7,368";"6,781";"7,655";"21,804";"2,286";"1,158";"1,128";
"10/01/2024 13:40";"5,748";"0,000";"5,094";"0,000";"6,076";"0,000";"16,918";"0,000";"1,008";"0,000";"0,000";"0,444";"6,416";"5,762";"6,744";"18,922";"2,004";"1,016";"0,988";
"10/01/2024 13:50";"5,108";"0,000";"4,495";"0,000";"5,297";"0,000";"14,900";"0,000";"0,893";"0,000";"0,000";"0,301";"5,926";"5,314";"6,115";"17,355";"2,455";"1,245";"1,210";
"10/01/2024 14:00";"4,998";"0,000";"4,548";"0,000";"4,921";"0,000";"14,467";"0,000";"0,934";"0,000";"0,000";"0,473";"6,582";"6,132";"6,505";"19,220";"4,753";"2,413";"2,340";
"10/01/2024 14:10";"6,318";"0,000";"5,789";"0,000";"6,071";"0,000";"18,178";"0,000";"0,946";"0,000";"0,000";"0,356";"7,588";"7,059";"7,342";"21,989";"3,811";"1,934";"1,877";
"10/01/2024 14:20";"6,265";"0,000";"5,686";"0,000";"6,014";"0,000";"17,965";"0,000";"0,947";"0,000";"0,000";"0,337";"8,153";"7,573";"7,901";"23,627";"5,662";"2,896";"2,766";
"10/01/2024 14:30";"6,300";"0,000";"5,718";"0,000";"6,061";"0,000";"18,078";"0,000";"0,980";"0,000";"0,000";"0,389";"8,230";"7,648";"7,992";"23,870";"5,792";"2,958";"2,834";
"10/01/2024 14:40";"6,083";"0,000";"5,513";"0,000";"5,840";"0,000";"17,436";"0,000";"0,941";"0,000";"0,000";"0,409";"7,345";"6,775";"7,103";"21,223";"3,787";"1,933";"1,854";
"10/01/2024 14:50";"6,249";"0,000";"5,606";"0,000";"5,934";"0,000";"17,789";"0,000";"0,941";"0,000";"0,000";"0,383";"6,869";"6,226";"6,554";"19,649";"1,860";"0,953";"0,907";
"10/01/2024 15:00";"6,083";"0,000";"5,462";"0,000";"5,751";"0,000";"17,296";"0,000";"1,001";"0,000";"0,000";"0,372";"7,233";"6,612";"6,901";"20,746";"3,450";"1,771";"1,679";
"10/01/2024 15:10";"5,749";"0,000";"5,104";"0,000";"5,803";"0,000";"16,655";"0,000";"0,837";"0,000";"0,000";"0,451";"7,031";"6,386";"7,085";"20,501";"3,846";"1,973";"1,873";
"10/01/2024 15:20";"5,428";"0,000";"4,780";"0,000";"5,658";"0,000";"15,866";"0,000";"0,997";"0,000";"0,000";"0,316";"6,821";"6,172";"7,051";"20,043";"4,177";"2,141";"2,036";
"10/01/2024 15:30";"4,953";"0,000";"4,265";"0,000";"5,160";"0,000";"14,378";"0,000";"1,820";"0,000";"0,000";"0,254";"6,548";"5,860";"6,755";"19,163";"4,785";"2,447";"2,338";
"10/01/2024 15:40";"6,586";"0,000";"5,825";"0,000";"6,613";"0,000";"19,024";"0,000";"1,094";"0,000";"0,000";"0,237";"7,214";"6,454";"7,242";"20,909";"1,885";"0,971";"0,914";
"10/01/2024 15:50";"7,548";"0,000";"6,715";"0,000";"7,400";"0,000";"21,663";"0,000";"0,771";"0,000";"0,000";"0,269";"8,744";"7,911";"8,596";"25,251";"3,588";"1,834";"1,754";
"10/01/2024 16:00";"7,010";"0,000";"6,297";"0,000";"6,919";"0,000";"20,226";"0,000";"1,115";"0,000";"0,000";"0,353";"8,574";"7,861";"8,483";"24,919";"4,693";"2,403";"2,290";
"10/01/2024 16:10";"6,472";"0,000";"5,648";"0,000";"6,487";"0,000";"18,607";"0,000";"1,955";"0,000";"0,000";"0,306";"6,767";"5,943";"6,782";"19,492";"0,885";"0,461";"0,424";
"10/01/2024 16:20";"7,292";"0,000";"6,299";"0,000";"7,106";"0,000";"20,697";"0,000";"2,158";"0,000";"0,000";"0,180";"7,922";"6,929";"7,736";"22,587";"1,890";"0,962";"0,928";
"10/01/2024 16:30";"7,944";"0,000";"7,102";"0,000";"7,543";"0,000";"22,590";"0,000";"1,650";"0,000";"0,000";"0,264";"8,333";"7,491";"7,932";"23,757";"1,167";"0,601";"0,566";
"10/01/2024 16:40";"7,407";"0,000";"6,558";"0,000";"6,911";"0,000";"20,876";"0,000";"2,022";"0,000";"0,000";"0,309";"7,756";"6,907";"7,260";"21,923";"1,047";"0,536";"0,511";
"10/01/2024 16:50";"6,573";"0,000";"5,718";"0,000";"6,066";"0,000";"18,357";"0,000";"1,469";"0,000";"0,000";"0,407";"7,148";"6,292";"6,641";"20,081";"1,724";"0,921";"0,803";
"10/01/2024 17:00";"6,118";"0,000";"5,083";"0,000";"5,580";"0,000";"16,781";"0,000";"1,680";"0,000";"0,000";"0,279";"6,629";"5,594";"6,091";"18,314";"1,533";"0,885";"0,648";
"10/01/2024 17:10";"6,458";"0,000";"5,292";"0,000";"5,637";"0,000";"17,387";"0,000";"1,099";"0,000";"0,000";"0,330";"6,692";"5,526";"5,871";"18,089";"0,702";"0,416";"0,286";
"10/01/2024 17:20";"6,286";"0,000";"4,912";"0,000";"5,418";"0,000";"16,615";"0,000";"1,043";"0,000";"0,000";"0,355";"6,548";"5,174";"5,680";"17,401";"0,786";"0,454";"0,332";
"10/01/2024 17:30";"6,667";"0,000";"5,546";"0,000";"5,787";"0,000";"18,000";"0,000";"1,115";"0,000";"0,000";"0,307";"6,827";"5,706";"5,947";"18,479";"0,479";"0,282";"0,197";
"10/01/2024 17:40";"8,221";"0,000";"7,094";"0,000";"7,408";"0,000";"22,723";"0,000";"1,007";"0,000";"0,000";"0,202";"8,313";"7,186";"7,500";"23,000";"0,277";"0,169";"0,108";
"10/01/2024 17:50";"8,355";"0,000";"7,208";"0,000";"7,521";"0,000";"23,084";"0,000";"0,949";"0,000";"0,000";"0,198";"8,405";"7,258";"7,570";"23,232";"0,148";"0,081";"0,067";
"10/01/2024 18:00";"8,613";"0,000";"7,533";"0,000";"7,826";"0,000";"23,972";"0,000";"1,185";"0,000";"0,000";"0,133";"8,649";"7,569";"7,862";"24,080";"0,108";"0,057";"0,051";
"10/01/2024 18:10";"7,924";"0,000";"6,685";"0,000";"7,329";"0,000";"21,938";"0,000";"0,909";"0,000";"0,000";"0,393";"7,930";"6,691";"7,335";"21,956";"0,018";"0,010";"0,008";
"10/01/2024 18:20";"7,790";"0,000";"6,592";"0,000";"7,467";"0,000";"21,850";"0,000";"0,717";"0,000";"0,000";"0,408";"7,790";"6,592";"7,467";"21,850";"0,000";"0,000";"0,000";
"10/01/2024 18:30";"7,046";"0,000";"5,747";"0,000";"6,637";"0,000";"19,431";"0,000";"1,228";"0,000";"0,000";"0,294";"7,046";"5,747";"6,637";"19,431";"0,000";"0,000";"0,000";
"10/01/2024 18:40";"6,640";"0,000";"5,418";"0,000";"5,783";"0,000";"17,840";"0,000";"0,852";"0,000";"0,000";"0,503";"6,640";"5,418";"5,783";"17,840";"0,000";"0,000";"0,000";
"10/01/2024 18:50";"6,337";"0,000";"5,268";"0,000";"5,453";"0,000";"17,058";"0,000";"1,003";"0,000";"0,000";"0,214";"6,337";"5,268";"5,453";"17,058";"0,000";"0,000";"0,000";
"10/01/2024 19:00";"6,045";"0,000";"4,987";"0,000";"5,388";"0,000";"16,421";"0,000";"1,360";"0,000";"0,000";"0,266";"6,045";"4,987";"5,388";"16,421";"0,000";"0,000";"0,000";
"10/01/2024 19:10";"5,656";"0,000";"4,674";"0,000";"5,502";"0,000";"15,831";"0,000";"1,504";"0,000";"0,000";"0,330";"5,656";"4,674";"5,502";"15,831";"0,000";"0,000";"0,000";
"10/01/2024 19:20";"4,955";"0,000";"3,973";"0,000";"4,966";"0,000";"13,893";"0,000";"1,298";"0,000";"0,000";"0,286";"4,955";"3,973";"4,966";"13,893";"0,000";"0,000";"0,000";
"10/01/2024 19:30";"4,820";"0,000";"3,779";"0,000";"4,794";"0,000";"13,392";"0,000";"1,280";"0,000";"0,000";"0,312";"4,820";"3,779";"4,794";"13,392";"0,000";"0,000";"0,000";
"10/01/2024 19:40";"4,883";"0,000";"3,916";"0,000";"4,897";"0,000";"13,696";"0,000";"1,206";"0,000";"0,000";"0,293";"4,883";"3,916";"4,897";"13,696";"0,000";"0,000";"0,000";
"10/01/2024 19:50";"4,824";"0,000";"3,845";"0,000";"4,856";"0,000";"13,524";"0,000";"1,218";"0,000";"0,000";"0,265";"4,824";"3,845";"4,856";"13,524";"0,000";"0,000";"0,000";
"10/01/2024 20:00";"4,521";"0,000";"3,538";"0,000";"4,524";"0,000";"12,583";"0,000";"0,929";"0,000";"0,000";"0,341";"4,521";"3,538";"4,524";"12,583";"0,000";"0,000";"0,000";
"10/01/2024 20:10";"2,485";"0,000";"1,505";"0,000";"2,328";"0,000";"6,318";"0,000";"0,238";"0,000";"0,000";"0,299";"2,485";"1,505";"2,328";"6,318";"0,000";"0,000";"0,000";
"10/01/2024 20:20";"1,512";"0,000";"0,544";"0,000";"0,854";"0,000";"2,910";"0,000";"0,000";"0,000";"0,000";"0,222";"1,512";"0,544";"0,854";"2,910";"0,000";"0,000";"0,000";
"10/01/2024 20:30";"2,016";"0,000";"0,901";"0,000";"0,905";"0,000";"3,822";"0,000";"0,000";"0,000";"0,000";"0,352";"2,016";"0,901";"0,905";"3,822";"0,000";"0,000";"0,000";
"10/01/2024 20:40";"2,071";"0,000";"1,165";"0,000";"0,966";"0,000";"4,202";"0,000";"0,000";"0,000";"0,000";"0,399";"2,071";"1,165";"0,966";"4,202";"0,000";"0,000";"0,000";
"10/01/2024 20:50";"2,012";"0,000";"1,148";"0,000";"0,933";"0,000";"4,093";"0,000";"0,000";"0,000";"0,000";"0,373";"2,012";"1,148";"0,933";"4,093";"0,000";"0,000";"0,000";
"10/01/2024 21:00";"1,968";"0,000";"1,131";"0,000";"0,930";"0,000";"4,030";"0,000";"0,000";"0,000";"0,000";"0,377";"1,968";"1,131";"0,930";"4,030";"0,000";"0,000";"0,000";
"10/01/2024 21:10";"1,799";"0,000";"1,069";"0,000";"0,874";"0,000";"3,742";"0,000";"0,000";"0,000";"0,000";"0,381";"1,799";"1,069";"0,874";"3,742";"0,000";"0,000";"0,000";
"10/01/2024 21:20";"1,718";"0,000";"1,066";"0,000";"0,875";"0,000";"3,659";"0,000";"0,000";"0,000";"0,000";"0,384";"1,718";"1,066";"0,875";"3,659";"0,000";"0,000";"0,000";
"10/01/2024 21:30";"1,698";"0,000";"1,042";"0,000";"0,851";"0,000";"3,591";"0,000";"0,000";"0,000";"0,000";"0,290";"1,698";"1,042";"0,851";"3,591";"0,000";"0,000";"0,000";
"10/01/2024 21:40";"1,689";"0,000";"1,059";"0,000";"0,853";"0,000";"3,601";"0,000";"0,000";"0,000";"0,000";"0,333";"1,689";"1,059";"0,853";"3,601";"0,000";"0,000";"0,000";
"10/01/2024 21:50";"1,705";"0,000";"1,056";"0,000";"0,858";"0,000";"3,620";"0,000";"0,000";"0,000";"0,000";"0,382";"1,705";"1,056";"0,858";"3,620";"0,000";"0,000";"0,000";
"10/01/2024 22:00";"1,692";"0,000";"1,070";"0,000";"0,852";"0,000";"3,614";"0,000";"0,000";"0,000";"0,000";"0,306";"1,692";"1,070";"0,852";"3,614";"0,000";"0,000";"0,000";
"10/01/2024 22:10";"1,677";"0,000";"1,025";"0,000";"0,833";"0,000";"3,535";"0,000";"0,000";"0,000";"0,000";"0,308";"1,677";"1,025";"0,833";"3,535";"0,000";"0,000";"0,000";
"10/01/2024 22:20";"1,653";"0,000";"0,999";"0,000";"0,795";"0,000";"3,447";"0,000";"0,000";"0,000";"0,000";"0,222";"1,653";"0,999";"0,795";"3,447";"0,000";"0,000";"0,000";
"10/01/2024 22:30";"1,691";"0,000";"1,035";"0,000";"0,847";"0,000";"3,573";"0,000";"0,000";"0,000";"0,000";"0,156";"1,691";"1,035";"0,847";"3,573";"0,000";"0,000";"0,000";
"10/01/2024 22:40";"1,694";"0,000";"1,070";"0,000";"0,851";"0,000";"3,615";"0,000";"0,000";"0,000";"0,000";"0,134";"1,694";"1,070";"0,851";"3,615";"0,000";"0,000";"0,000";
"10/01/2024 22:50";"1,704";"0,000";"1,052";"0,000";"0,856";"0,000";"3,612";"0,000";"0,000";"0,000";"0,000";"0,177";"1,704";"1,052";"0,856";"3,612";"0,000";"0,000";"0,000";
"10/01/2024 23:00";"1,707";"0,000";"1,055";"0,000";"0,860";"0,000";"3,623";"0,000";"0,000";"0,000";"0,000";"0,280";"1,707";"1,055";"0,860";"3,623";"0,000";"0,000";"0,000";
"10/01/2024 23:10";"1,675";"0,000";"1,065";"0,000";"0,821";"0,000";"3,560";"0,000";"0,000";"0,000";"0,000";"0,321";"1,675";"1,065";"0,821";"3,560";"0,000";"0,000";"0,000";
"10/01/2024 23:20";"1,677";"0,000";"1,082";"0,000";"0,842";"0,000";"3,601";"0,000";"0,000";"0,000";"0,000";"0,329";"1,677";"1,082";"0,842";"3,601";"0,000";"0,000";"0,000";
"10/01/2024 23:30";"1,705";"0,000";"1,022";"0,000";"0,944";"0,000";"3,670";"0,000";"0,000";"0,000";"0,000";"0,345";"1,705";"1,022";"0,944";"3,670";"0,000";"0,000";"0,000";
"10/01/2024 23:40";"1,712";"0,000";"1,064";"0,000";"0,858";"0,000";"3,634";"0,000";"0,000";"0,000";"0,000";"0,336";"1,712";"1,064";"0,858";"3,634";"0,000";"0,000";"0,000";
"10/01/2024 23:50";"1,696";"0,000";"1,051";"0,000";"0,848";"0,000";"3,596";"0,000";"0,000";"0,000";"0,000";"0,386";"1,696";"1,051";"0,848";"3,596";"0,000";"0,000";"0,000";
"11/01/2024 00:00";"1,656";"0,000";"1,032";"0,000";"0,823";"0,000";"3,512";"0,000";"0,000";"0,000";"0,000";"0,281";"1,656";"1,032";"0,823";"3,512";"0,000";"0,000";"0,000";
"11/01/2024 00:10";"1,716";"0,000";"1,069";"0,000";"0,865";"0,000";"3,650";"0,000";"0,000";"0,000";"0,000";"0,279";"1,716";"1,069";"0,865";"3,650";"0,000";"0,000";"0,000";
"11/01/2024 00:20";"1,704";"0,000";"1,062";"0,000";"0,858";"0,000";"3,624";"0,000";"0,000";"0,000";"0,000";"0,334";"1,704";"1,062";"0,858";"3,624";"0,000";"0,000";"0,000";
"11/01/2024 00:30";"1,701";"0,000";"1,028";"0,000";"0,851";"0,000";"3,581";"0,000";"0,000";"0,000";"0,000";"0,407";"1,701";"1,028";"0,851";"3,581";"0,000";"0,000";"0,000";
"11/01/2024 00:40";"1,718";"0,000";"1,086";"0,000";"0,851";"0,000";"3,655";"0,000";"0,000";"0,000";"0,000";"0,263";"1,718";"1,086";"0,851";"3,655";"0,000";"0,000";"0,000";
"11/01/2024 00:50";"1,721";"0,000";"1,075";"0,000";"0,877";"0,000";"3,673";"0,000";"0,000";"0,000";"0,000";"0,337";"1,721";"1,075";"0,877";"3,673";"0,000";"0,000";"0,000";
"11/01/2024 01:00";"1,685";"0,000";"1,056";"0,000";"0,850";"0,000";"3,592";"0,000";"0,000";"0,000";"0,000";"0,322";"1,685";"1,056";"0,850";"3,592";"0,000";"0,000";"0,000";
"11/01/2024 01:10";"1,695";"0,000";"1,014";"0,000";"0,853";"0,000";"3,562";"0,000";"0,000";"0,000";"0,000";"0,397";"1,695";"1,014";"0,853";"3,562";"0,000";"0,000";"0,000";
"11/01/2024 01:20";"1,699";"0,000";"1,063";"0,000";"0,869";"0,000";"3,630";"0,000";"0,000";"0,000";"0,000";"0,308";"1,699";"1,063";"0,869";"3,630";"0,000";"0,000";"0,000";
"11/01/2024 01:30";"1,676";"0,000";"1,055";"0,000";"0,856";"0,000";"3,588";"0,000";"0,000";"0,000";"0,000";"0,330";"1,676";"1,055";"0,856";"3,588";"0,000";"0,000";"0,000";
"11/01/2024 01:40";"1,679";"0,000";"1,054";"0,000";"0,853";"0,000";"3,586";"0,000";"0,000";"0,000";"0,000";"0,339";"1,679";"1,054";"0,853";"3,586";"0,000";"0,000";"0,000";
"11/01/2024 01:50";"1,478";"0,000";"0,684";"0,000";"0,819";"0,000";"2,981";"0,000";"0,000";"0,000";"0,000";"0,362";"1,478";"0,684";"0,819";"2,981";"0,000";"0,000";"0,000";
"11/01/2024 02:00";"1,067";"0,000";"0,552";"0,000";"0,849";"0,000";"2,467";"0,000";"0,000";"0,000";"0,000";"0,193";"1,067";"0,552";"0,849";"2,467";"0,000";"0,000";"0,000";
"11/01/2024 02:10";"1,036";"0,000";"0,588";"0,000";"0,904";"0,000";"2,528";"0,000";"0,000";"0,000";"0,000";"0,317";"1,036";"0,588";"0,904";"2,528";"0,000";"0,000";"0,000";
"11/01/2024 02:20";"1,509";"0,000";"0,954";"0,000";"0,908";"0,000";"3,371";"0,000";"0,000";"0,000";"0,000";"0,330";"1,509";"0,954";"0,908";"3,371";"0,000";"0,000";"0,000";
"11/01/2024 02:30";"1,649";"0,000";"1,060";"0,000";"0,875";"0,000";"3,584";"0,000";"0,000";"0,000";"0,000";"0,395";"1,649";"1,060";"0,875";"3,584";"0,000";"0,000";"0,000";
"11/01/2024 02:40";"1,682";"0,000";"1,093";"0,000";"0,947";"0,000";"3,722";"0,000";"0,000";"0,000";"0,000";"0,338";"1,682";"1,093";"0,947";"3,722";"0,000";"0,000";"0,000";
"11/01/2024 02:50";"1,433";"0,000";"1,061";"0,000";"0,932";"0,000";"3,426";"0,000";"0,000";"0,000";"0,000";"0,324";"1,433";"1,061";"0,932";"3,426";"0,000";"0,000";"0,000";
"11/01/2024 03:00";"1,457";"0,000";"1,057";"0,000";"0,933";"0,000";"3,447";"0,000";"0,000";"0,000";"0,000";"0,321";"1,457";"1,057";"0,933";"3,446";"0,000";"0,000";"0,000";
"11/01/2024 03:10";"1,465";"0,000";"1,066";"0,000";"0,940";"0,000";"3,472";"0,000";"0,000";"0,000";"0,000";"0,336";"1,465";"1,066";"0,940";"3,472";"0,000";"0,000";"0,000";
"11/01/2024 03:20";"1,471";"0,000";"1,035";"0,000";"0,916";"0,000";"3,422";"0,000";"0,000";"0,000";"0,000";"0,307";"1,471";"1,035";"0,916";"3,422";"0,000";"0,000";"0,000";
"11/01/2024 03:30";"1,675";"0,000";"1,033";"0,000";"0,923";"0,000";"3,631";"0,000";"0,000";"0,000";"0,000";"0,322";"1,675";"1,033";"0,923";"3,631";"0,000";"0,000";"0,000";
"11/01/2024 03:40";"1,531";"0,000";"1,042";"0,000";"0,943";"0,000";"3,516";"0,000";"0,000";"0,000";"0,000";"0,341";"1,531";"1,042";"0,943";"3,516";"0,000";"0,000";"0,000";
"11/01/2024 03:50";"1,431";"0,000";"1,070";"0,000";"0,926";"0,000";"3,427";"0,000";"0,000";"0,000";"0,000";"0,383";"1,431";"1,070";"0,926";"3,427";"0,000";"0,000";"0,000";
"11/01/2024 04:00";"1,420";"0,000";"1,035";"0,000";"0,919";"0,000";"3,374";"0,000";"0,000";"0,000";"0,000";"0,335";"1,420";"1,035";"0,919";"3,374";"0,000";"0,000";"0,000";
"11/01/2024 04:10";"1,436";"0,000";"1,044";"0,000";"0,920";"0,000";"3,400";"0,000";"0,000";"0,000";"0,000";"0,338";"1,436";"1,044";"0,920";"3,400";"0,000";"0,000";"0,000";
"11/01/2024 04:20";"1,465";"0,000";"1,046";"0,000";"0,938";"0,000";"3,448";"0,000";"0,000";"0,000";"0,000";"0,367";"1,465";"1,046";"0,938";"3,449";"0,000";"0,000";"0,000";
"11/01/2024 04:30";"1,562";"0,000";"1,028";"0,000";"0,924";"0,000";"3,515";"0,000";"0,000";"0,000";"0,000";"0,382";"1,562";"1,028";"0,924";"3,515";"0,000";"0,000";"0,000";
"11/01/2024 04:40";"1,679";"0,000";"1,064";"0,000";"0,925";"0,000";"3,668";"0,000";"0,000";"0,000";"0,000";"0,341";"1,679";"1,064";"0,925";"3,668";"0,000";"0,000";"0,000";
"11/01/2024 04:50";"1,430";"0,000";"1,066";"0,000";"0,932";"0,000";"3,428";"0,000";"0,000";"0,000";"0,000";"0,282";"1,430";"1,066";"0,932";"3,428";"0,000";"0,000";"0,000";
"11/01/2024 05:00";"1,423";"0,000";"1,021";"0,000";"0,919";"0,000";"3,363";"0,000";"0,000";"0,000";"0,000";"0,372";"1,423";"1,021";"0,919";"3,363";"0,000";"0,000";"0,000";
"11/01/2024 05:10";"1,416";"0,000";"1,016";"0,000";"0,890";"0,000";"3,322";"0,000";"0,000";"0,000";"0,000";"0,331";"1,416";"1,016";"0,890";"3,322";"0,000";"0,000";"0,000";
"11/01/2024 05:20";"1,411";"0,000";"1,057";"0,000";"0,906";"0,000";"3,374";"0,000";"0,031";"0,000";"0,000";"0,206";"1,411";"1,057";"0,906";"3,374";"0,000";"0,000";"0,000";
"11/01/2024 05:30";"2,895";"0,000";"2,282";"0,000";"2,039";"0,000";"7,216";"0,000";"0,220";"0,000";"0,000";"0,062";"2,895";"2,282";"2,039";"7,216";"0,000";"0,000";"0,000";
"11/01/2024 05:40";"2,678";"0,000";"1,914";"0,000";"1,611";"0,000";"6,203";"0,000";"0,007";"0,000";"0,000";"0,167";"2,678";"1,914";"1,611";"6,203";"0,000";"0,000";"0,000";
"11/01/2024 05:50";"2,558";"0,000";"1,981";"0,000";"2,192";"0,000";"6,731";"0,000";"0,171";"0,000";"0,000";"0,239";"2,558";"1,981";"2,192";"6,731";"0,000";"0,000";"0,000";
"11/01/2024 06:00";"4,049";"0,000";"3,440";"0,000";"3,701";"0,000";"11,189";"0,000";"1,549";"0,000";"0,000";"0,176";"4,049";"3,440";"3,701";"11,189";"0,000";"0,000";"0,000";
"11/01/2024 06:10";"5,231";"0,000";"4,713";"0,000";"5,484";"0,000";"15,428";"0,000";"2,912";"0,000";"0,000";"0,446";"5,231";"4,713";"5,484";"15,428";"0,000";"0,000";"0,000";
"11/01/2024 06:20";"5,866";"0,000";"5,449";"0,000";"6,167";"0,000";"17,481";"0,000";"2,875";"0,000";"0,000";"0,114";"5,866";"5,449";"6,167";"17,481";"0,000";"0,000";"0,000";
"11/01/2024 06:30";"5,184";"0,000";"4,822";"0,000";"5,525";"0,000";"15,531";"0,000";"2,953";"0,000";"0,000";"0,306";"5,184";"4,822";"5,525";"15,531";"0,000";"0,000";"0,000";
"11/01/2024 06:40";"4,922";"0,000";"4,236";"0,000";"5,011";"0,000";"14,170";"0,000";"1,112";"0,000";"0,000";"0,782";"4,922";"4,236";"5,011";"14,170";"0,000";"0,000";"0,000";
"11/01/2024 06:50";"5,893";"0,000";"5,054";"0,000";"6,065";"0,000";"17,012";"0,000";"1,184";"0,000";"0,000";"0,347";"5,893";"5,054";"6,065";"17,012";"0,000";"0,000";"0,000";
"11/01/2024 07:00";"6,455";"0,000";"5,819";"0,000";"7,043";"0,000";"19,317";"0,000";"1,249";"0,000";"0,000";"0,279";"6,455";"5,819";"7,043";"19,317";"0,000";"0,000";"0,000";
"11/01/2024 07:10";"7,374";"0,000";"6,878";"0,000";"8,032";"0,000";"22,285";"0,000";"2,592";"0,000";"0,000";"0,236";"7,374";"6,878";"8,032";"22,285";"0,000";"0,000";"0,000";
"11/01/2024 07:20";"8,103";"0,000";"7,466";"0,000";"8,151";"0,000";"23,719";"0,000";"2,873";"0,000";"0,000";"0,218";"8,103";"7,466";"8,151";"23,719";"0,000";"0,000";"0,000";
"11/01/2024 07:30";"6,967";"0,000";"6,277";"0,000";"7,595";"0,000";"20,839";"0,000";"1,879";"0,000";"0,000";"0,082";"6,967";"6,277";"7,595";"20,838";"0,000";"0,000";"0,000";
"11/01/2024 07:40";"7,826";"0,000";"7,340";"0,000";"8,569";"0,000";"23,736";"0,000";"3,371";"0,000";"0,000";"0,015";"7,826";"7,340";"8,569";"23,736";"0,000";"0,000";"0,000";
"11/01/2024 07:50";"7,235";"0,000";"6,549";"0,000";"7,669";"0,000";"21,453";"0,000";"1,895";"0,000";"0,000";"0,190";"7,235";"6,549";"7,669";"21,453";"0,000";"0,000";"0,000";
"11/01/2024 08:00";"6,594";"0,000";"5,974";"0,000";"7,008";"0,000";"19,576";"0,000";"1,009";"0,000";"0,000";"0,207";"6,594";"5,974";"7,008";"19,576";"0,000";"0,000";"0,000";
"11/01/2024 08:10";"6,408";"0,000";"5,763";"0,000";"7,148";"0,000";"19,319";"0,000";"2,098";"0,000";"0,000";"0,147";"6,408";"5,763";"7,148";"19,319";"0,000";"0,000";"0,000";
"11/01/2024 08:20";"6,513";"0,000";"5,853";"0,000";"7,126";"0,000";"19,491";"0,000";"1,972";"0,000";"0,000";"0,252";"6,513";"5,853";"7,126";"19,491";"0,000";"0,000";"0,000";
"11/01/2024 08:30";"6,911";"0,000";"6,253";"0,000";"7,211";"0,000";"20,375";"0,000";"2,162";"0,000";"0,000";"0,280";"6,911";"6,253";"7,211";"20,375";"0,000";"0,000";"0,000";
"11/01/2024 08:40";"6,905";"0,000";"6,020";"0,000";"6,946";"0,000";"19,870";"0,000";"1,759";"0,000";"0,000";"0,333";"6,905";"6,020";"6,946";"19,870";"0,000";"0,000";"0,000";
"11/01/2024 08:50";"6,841";"0,000";"6,182";"0,000";"6,974";"0,000";"19,997";"0,000";"1,673";"0,000";"0,000";"0,264";"6,841";"6,182";"6,974";"19,997";"0,000";"0,000";"0,000";
"11/01/2024 09:00";"7,654";"0,000";"7,088";"0,000";"7,905";"0,000";"22,647";"0,000";"1,915";"0,000";"0,000";"0,243";"7,654";"7,088";"7,905";"22,647";"0,000";"0,000";"0,000";
"11/01/2024 09:10";"7,991";"0,000";"7,659";"0,000";"8,405";"0,000";"24,055";"0,000";"3,608";"0,000";"0,000";"0,105";"8,010";"7,679";"8,424";"24,113";"0,058";"0,030";"0,028";
"11/01/2024 09:20";"6,607";"0,000";"6,378";"0,000";"7,127";"0,000";"20,112";"0,000";"2,179";"0,000";"0,000";"0,176";"6,673";"6,443";"7,192";"20,308";"0,196";"0,101";"0,095";
"11/01/2024 09:30";"6,259";"0,000";"6,028";"0,000";"6,783";"0,000";"19,070";"0,000";"1,853";"0,000";"0,000";"0,248";"6,366";"6,135";"6,889";"19,390";"0,320";"0,164";"0,156";
"11/01/2024 09:40";"6,574";"0,000";"6,047";"0,000";"6,758";"0,000";"19,379";"0,000";"1,962";"0,000";"0,000";"0,248";"6,762";"6,234";"6,946";"19,942";"0,563";"0,306";"0,257";
"11/01/2024 09:50";"5,498";"0,000";"5,011";"0,000";"6,183";"0,000";"16,693";"0,000";"1,863";"0,000";"0,000";"0,429";"5,791";"5,304";"6,476";"17,570";"0,877";"0,492";"0,385";
"11/01/2024 10:00";"5,414";"0,000";"4,903";"0,000";"6,027";"0,000";"16,344";"0,000";"1,379";"0,000";"0,000";"0,236";"5,798";"5,287";"6,411";"17,496";"1,152";"0,707";"0,445";
"11/01/2024 10:10";"5,557";"0,000";"4,910";"0,000";"5,952";"0,000";"16,419";"0,000";"1,310";"0,000";"0,000";"0,342";"5,694";"5,047";"6,089";"16,829";"0,410";"0,229";"0,181";
"11/01/2024 10:20";"6,377";"0,000";"5,770";"0,000";"6,579";"0,000";"18,726";"0,000";"1,690";"0,000";"0,000";"0,127";"6,677";"6,070";"6,879";"19,625";"0,899";"0,560";"0,339";
"11/01/2024 10:30";"6,633";"0,000";"6,206";"0,000";"7,113";"0,000";"19,951";"0,000";"2,264";"0,000";"0,000";"0,117";"6,999";"6,572";"7,479";"21,050";"1,099";"0,647";"0,452";
"11/01/2024 10:40";"7,201";"0,000";"6,632";"0,000";"7,668";"0,000";"21,500";"0,000";"3,625";"0,000";"0,000";"0,150";"7,707";"7,139";"8,174";"23,020";"1,520";"0,894";"0,626";
"11/01/2024 10:50";"7,451";"0,000";"7,039";"0,000";"7,904";"0,000";"22,394";"0,000";"4,123";"0,000";"0,000";"0,075";"8,499";"8,087";"8,952";"25,538";"3,144";"1,754";"1,390";
"11/01/2024 11:00";"6,709";"0,000";"6,078";"0,000";"7,004";"0,000";"19,792";"0,000";"2,451";"0,000";"0,000";"0,193";"7,833";"7,202";"8,128";"23,163";"3,371";"1,873";"1,498";
"11/01/2024 11:10";"7,407";"0,000";"6,788";"0,000";"7,702";"0,000";"21,897";"0,000";"1,933";"0,000";"0,000";"0,180";"8,670";"8,051";"8,965";"25,686";"3,789";"2,103";"1,686";
"11/01/2024 11:20";"7,305";"0,000";"6,612";"0,000";"7,448";"0,000";"21,365";"0,000";"1,706";"0,000";"0,000";"0,168";"8,544";"7,852";"8,688";"25,084";"3,719";"2,063";"1,656";
"11/01/2024 11:30";"6,309";"0,000";"5,769";"0,000";"6,695";"0,000";"18,774";"0,000";"1,790";"0,000";"0,000";"0,377";"7,589";"7,049";"7,975";"22,614";"3,840";"2,128";"1,712";
"11/01/2024 11:40";"6,451";"0,000";"5,931";"0,000";"6,894";"0,000";"19,276";"0,000";"2,213";"0,000";"0,000";"0,202";"7,101";"6,580";"7,543";"21,224";"1,948";"1,051";"0,897";
"11/01/2024 11:50";"6,653";"0,000";"6,121";"0,000";"6,936";"0,000";"19,710";"0,000";"1,874";"0,000";"0,000";"0,113";"7,517";"6,984";"7,799";"22,300";"2,590";"1,357";"1,233";
"11/01/2024 12:00";"7,879";"0,000";"7,291";"0,000";"8,120";"0,000";"23,290";"0,000";"2,525";"0,000";"0,000";"0,108";"9,210";"8,622";"9,451";"27,284";"3,994";"2,038";"1,956";
"11/01/2024 12:10";"7,302";"0,000";"6,771";"0,000";"7,601";"0,000";"21,674";"0,000";"2,298";"0,000";"0,000";"0,094";"8,932";"8,402";"9,231";"26,565";"4,891";"2,467";"2,424";
"11/01/2024 12:20";"6,274";"0,000";"5,854";"0,000";"6,612";"0,000";"18,741";"0,000";"4,338";"0,000";"0,000";"0,107";"7,070";"6,651";"7,409";"21,130";"2,389";"1,215";"1,174";
"11/01/2024 12:30";"6,012";"0,000";"5,477";"0,000";"5,999";"0,000";"17,488";"0,000";"3,135";"0,000";"0,000";"0,114";"6,760";"6,225";"6,747";"19,732";"2,244";"1,142";"1,102";
"11/01/2024 12:40";"5,947";"0,000";"5,443";"0,000";"5,870";"0,000";"17,260";"0,000";"2,663";"0,000";"0,000";"0,160";"6,690";"6,185";"6,612";"19,487";"2,227";"1,133";"1,094";
"11/01/2024 12:50";"6,528";"0,000";"5,780";"0,000";"6,378";"0,000";"18,686";"0,000";"1,357";"0,000";"0,000";"0,257";"6,975";"6,227";"6,825";"20,028";"1,342";"0,686";"0,656";
"11/01/2024 13:00";"5,695";"0,000";"4,643";"0,000";"5,526";"0,000";"15,865";"0,000";"1,080";"0,000";"0,000";"0,700";"6,081";"5,029";"5,912";"17,023";"1,158";"0,592";"0,566";
"11/01/2024 13:10";"5,253";"0,000";"4,313";"0,000";"5,144";"0,000";"14,710";"0,000";"0,832";"0,000";"0,000";"0,701";"5,715";"4,775";"5,606";"16,097";"1,387";"0,707";"0,680";
"11/01/2024 13:20";"5,437";"0,000";"4,384";"0,000";"5,167";"0,000";"14,988";"0,000";"1,992";"0,000";"0,000";"0,593";"6,071";"5,017";"5,801";"16,889";"1,901";"0,966";"0,935";
"11/01/2024 13:30";"5,198";"0,000";"4,195";"0,000";"4,857";"0,000";"14,250";"0,000";"1,211";"0,000";"0,000";"0,411";"5,668";"4,665";"5,327";"15,661";"1,411";"0,719";"0,692";
"11/01/2024 13:40";"4,364";"0,000";"3,647";"0,000";"4,130";"0,000";"12,141";"0,000";"1,041";"0,000";"0,000";"0,466";"4,808";"4,091";"4,574";"13,473";"1,332";"0,679";"0,653";
"11/01/2024 13:50";"5,966";"0,000";"5,285";"0,000";"5,669";"0,000";"16,919";"0,000";"0,792";"0,000";"0,000";"0,171";"6,554";"5,873";"6,257";"18,683";"1,764";"0,896";"0,868";
"11/01/2024 14:00";"6,606";"0,000";"6,005";"0,000";"6,868";"0,000";"19,479";"0,000";"1,300";"0,000";"0,000";"0,270";"7,041";"6,440";"7,303";"20,783";"1,304";"0,663";"0,641";
"11/01/2024 14:10";"5,878";"0,000";"5,221";"0,000";"6,473";"0,000";"17,573";"0,000";"1,255";"0,000";"0,000";"0,302";"6,245";"5,588";"6,840";"18,673";"1,100";"0,560";"0,540";
"11/01/2024 14:20";"6,239";"0,000";"5,573";"0,000";"6,807";"0,000";"18,619";"0,000";"1,287";"0,000";"0,000";"0,242";"6,549";"5,884";"7,117";"19,551";"0,932";"0,475";"0,457";
"11/01/2024 14:30";"5,912";"0,000";"5,235";"0,000";"6,506";"0,000";"17,652";"0,000";"1,156";"0,000";"0,000";"0,292";"6,258";"5,582";"6,852";"18,692";"1,040";"0,530";"0,510";
"11/01/2024 14:40";"6,093";"0,000";"5,454";"0,000";"6,714";"0,000";"18,261";"0,000";"1,128";"0,000";"0,000";"0,304";"6,648";"6,010";"7,269";"19,928";"1,667";"0,847";"0,820";
"11/01/2024 14:50";"6,197";"0,000";"5,457";"0,000";"6,733";"0,000";"18,388";"0,000";"1,307";"0,000";"0,000";"0,287";"6,779";"6,039";"7,315";"20,133";"1,745";"0,887";"0,858";
"11/01/2024 15:00";"5,770";"0,000";"4,977";"0,000";"6,273";"0,000";"17,021";"0,000";"1,600";"0,000";"0,000";"0,181";"6,489";"5,696";"6,991";"19,176";"2,155";"1,096";"1,059";
"11/01/2024 15:10";"6,771";"0,000";"5,821";"0,000";"6,935";"0,000";"19,527";"0,000";"1,409";"0,000";"0,000";"0,209";"7,921";"6,971";"8,086";"22,979";"3,452";"1,751";"1,701";
"11/01/2024 15:20";"5,104";"0,000";"4,364";"0,000";"5,266";"0,000";"14,733";"0,000";"1,249";"0,000";"0,000";"0,241";"6,679";"5,939";"6,842";"19,460";"4,727";"2,412";"2,315";
"11/01/2024 15:30";"5,589";"0,000";"4,813";"0,000";"5,755";"0,000";"16,158";"0,000";"1,360";"0,000";"0,000";"0,241";"7,163";"6,387";"7,329";"20,879";"4,721";"2,416";"2,305";
"11/01/2024 15:40";"4,927";"0,000";"4,252";"0,000";"5,199";"0,000";"14,377";"0,000";"1,190";"0,000";"0,000";"0,339";"6,064";"5,389";"6,336";"17,789";"3,412";"1,744";"1,668";
"11/01/2024 15:50";"3,879";"0,000";"3,204";"0,000";"4,074";"0,000";"11,157";"0,000";"1,266";"0,000";"0,000";"0,158";"4,492";"3,817";"4,687";"12,996";"1,839";"0,941";"0,898";
"11/01/2024 16:00";"4,586";"0,000";"3,928";"0,000";"4,772";"0,000";"13,286";"0,000";"1,742";"0,000";"0,000";"0,460";"5,925";"5,267";"6,110";"17,302";"4,016";"2,047";"1,969";
"11/01/2024 16:10";"4,839";"0,000";"4,120";"0,000";"4,930";"0,000";"13,889";"0,000";"2,147";"0,000";"0,000";"0,523";"5,492";"4,773";"5,583";"15,847";"1,958";"1,002";"0,956";
"11/01/2024 16:20";"2,935";"0,000";"2,190";"0,000";"3,132";"0,000";"8,257";"0,000";"1,364";"0,000";"0,000";"0,671";"4,145";"3,400";"4,342";"11,887";"3,630";"1,837";"1,793";
"11/01/2024 16:30";"2,576";"0,000";"1,942";"0,000";"2,729";"0,000";"7,247";"0,000";"1,010";"0,000";"0,000";"0,354";"2,826";"2,192";"2,979";"7,998";"0,751";"0,387";"0,364";
"11/01/2024 16:40";"2,454";"0,000";"1,859";"0,000";"2,687";"0,000";"7,000";"0,000";"0,935";"0,000";"0,000";"0,033";"2,634";"2,039";"2,867";"7,540";"0,540";"0,278";"0,262";
"11/01/2024 16:50";"2,504";"0,000";"1,786";"0,000";"2,733";"0,000";"7,023";"0,000";"0,689";"0,000";"0,000";"0,110";"2,880";"2,162";"3,109";"8,151";"1,128";"0,575";"0,553";
"11/01/2024 17:00";"2,769";"0,000";"2,130";"0,000";"3,062";"0,000";"7,961";"0,000";"0,898";"0,000";"0,000";"0,185";"3,311";"2,673";"3,604";"9,588";"1,627";"0,858";"0,769";
"11/01/2024 17:10";"2,752";"0,000";"2,136";"0,000";"3,113";"0,000";"8,001";"0,000";"1,246";"0,000";"0,000";"0,383";"3,085";"2,470";"3,446";"9,001";"1,000";"0,570";"0,430";
"11/01/2024 17:20";"2,535";"0,000";"1,900";"0,000";"2,847";"0,000";"7,282";"0,000";"1,224";"0,000";"0,000";"0,610";"2,796";"2,161";"3,108";"8,065";"0,783";"0,459";"0,324";
"11/01/2024 17:30";"5,089";"0,000";"4,341";"0,000";"5,210";"0,000";"14,640";"0,000";"2,105";"0,000";"0,000";"0,408";"5,262";"4,514";"5,383";"15,159";"0,519";"0,299";"0,220";
"11/01/2024 17:40";"5,097";"0,000";"4,295";"0,000";"5,230";"0,000";"14,621";"0,000";"1,756";"0,000";"0,000";"0,395";"5,197";"4,395";"5,330";"14,922";"0,301";"0,177";"0,124";
"11/01/2024 17:50";"4,839";"0,000";"4,010";"0,000";"4,894";"0,000";"13,743";"0,000";"1,325";"0,000";"0,000";"0,313";"4,889";"4,060";"4,945";"13,895";"0,152";"0,080";"0,072";
"11/01/2024 18:00";"5,038";"0,000";"4,193";"0,000";"5,031";"0,000";"14,262";"0,000";"1,384";"0,000";"0,000";"0,263";"5,061";"4,216";"5,054";"14,331";"0,069";"0,036";"0,033";
"11/01/2024 18:10";"4,834";"0,000";"3,993";"0,000";"4,866";"0,000";"13,692";"0,000";"1,204";"0,000";"0,000";"0,173";"4,842";"4,001";"4,874";"13,716";"0,024";"0,013";"0,011";
"11/01/2024 18:20";"6,978";"0,000";"6,138";"0,000";"6,926";"0,000";"20,042";"0,000";"1,396";"0,000";"0,000";"0,220";"6,978";"6,138";"6,926";"20,042";"0,000";"0,000";"0,000";
"11/01/2024 18:30";"5,961";"0,000";"5,182";"0,000";"5,978";"0,000";"17,120";"0,000";"1,448";"0,000";"0,000";"0,165";"5,961";"5,182";"5,978";"17,120";"0,000";"0,000";"0,000";
"11/01/2024 18:40";"6,108";"0,000";"5,324";"0,000";"6,100";"0,000";"17,532";"0,000";"1,269";"0,000";"0,000";"0,211";"6,108";"5,324";"6,100";"17,532";"0,000";"0,000";"0,000";
"11/01/2024 18:50";"6,448";"0,000";"5,723";"0,000";"6,502";"0,000";"18,673";"0,000";"0,904";"0,000";"0,000";"0,232";"6,448";"5,723";"6,502";"18,673";"0,000";"0,000";"0,000";
"11/01/2024 19:00";"6,596";"0,000";"5,937";"0,000";"6,869";"0,000";"19,402";"0,000";"1,037";"0,000";"0,000";"0,321";"6,596";"5,937";"6,869";"19,402";"0,000";"0,000";"0,000";
"11/01/2024 19:10";"6,137";"0,000";"5,459";"0,000";"6,805";"0,000";"18,401";"0,000";"1,037";"0,000";"0,000";"0,288";"6,137";"5,459";"6,805";"18,401";"0,000";"0,000";"0,000";
"11/01/2024 19:20";"6,134";"0,000";"5,460";"0,000";"6,799";"0,000";"18,392";"0,000";"1,030";"0,000";"0,000";"0,299";"6,134";"5,460";"6,799";"18,392";"0,000";"0,000";"0,000";
"11/01/2024 19:30";"6,123";"0,000";"5,405";"0,000";"6,722";"0,000";"18,251";"0,000";"1,098";"0,000";"0,000";"0,309";"6,123";"5,405";"6,722";"18,251";"0,000";"0,000";"0,000";
"11/01/2024 19:40";"6,489";"0,000";"5,731";"0,000";"7,047";"0,000";"19,267";"0,000";"1,167";"0,000";"0,000";"0,307";"6,489";"5,731";"7,047";"19,267";"0,000";"0,000";"0,000";
"11/01/2024 19:50";"6,023";"0,000";"5,319";"0,000";"6,634";"0,000";"17,976";"0,000";"1,049";"0,000";"0,000";"0,248";"6,023";"5,319";"6,634";"17,976";"0,000";"0,000";"0,000";
"11/01/2024 20:00";"4,629";"0,000";"4,015";"0,000";"5,360";"0,000";"14,004";"0,000";"0,703";"0,000";"0,000";"0,101";"4,629";"4,015";"5,360";"14,004";"0,000";"0,000";"0,000";
"11/01/2024 20:10";"3,759";"0,000";"3,228";"0,000";"4,593";"0,000";"11,580";"0,000";"0,432";"0,000";"0,000";"0,165";"3,759";"3,228";"4,593";"11,580";"0,000";"0,000";"0,000";
"11/01/2024 20:20";"3,105";"0,000";"2,609";"0,000";"3,764";"0,000";"9,478";"0,000";"0,396";"0,000";"0,000";"0,455";"3,105";"2,609";"3,764";"9,478";"0,000";"0,000";"0,000";
"11/01/2024 20:30";"1,196";"0,000";"0,748";"0,000";"1,292";"0,000";"3,236";"0,000";"0,000";"0,000";"0,000";"0,186";"1,196";"0,748";"1,292";"3,236";"0,000";"0,000";"0,000";
"11/01/2024 20:40";"1,225";"0,000";"0,719";"0,000";"1,186";"0,000";"3,130";"0,000";"0,000";"0,000";"0,000";"0,288";"1,225";"0,719";"1,186";"3,130";"0,000";"0,000";"0,000";
"11/01/2024 20:50";"1,280";"0,000";"0,803";"0,000";"1,199";"0,000";"3,282";"0,000";"0,000";"0,000";"0,000";"0,312";"1,280";"0,803";"1,199";"3,282";"0,000";"0,000";"0,000";
"11/01/2024 21:00";"1,314";"0,000";"0,850";"0,000";"1,242";"0,000";"3,406";"0,000";"0,000";"0,000";"0,000";"0,193";"1,314";"0,850";"1,242";"3,406";"0,000";"0,000";"0,000";
"11/01/2024 21:10";"1,285";"0,000";"0,844";"0,000";"1,191";"0,000";"3,319";"0,000";"0,000";"0,000";"0,000";"0,171";"1,285";"0,844";"1,191";"3,319";"0,000";"0,000";"0,000";
"11/01/2024 21:20";"0,949";"0,000";"0,695";"0,000";"0,969";"0,000";"2,612";"0,000";"0,000";"0,000";"0,000";"0,170";"0,949";"0,695";"0,969";"2,612";"0,000";"0,000";"0,000";
"11/01/2024 21:30";"1,346";"0,000";"0,873";"0,000";"1,019";"0,000";"3,238";"0,000";"0,000";"0,000";"0,000";"0,218";"1,346";"0,873";"1,019";"3,238";"0,000";"0,000";"0,000";
"11/01/2024 21:40";"1,584";"0,000";"1,334";"0,000";"1,058";"0,000";"3,976";"0,000";"0,000";"0,000";"0,000";"0,161";"1,584";"1,334";"1,058";"3,976";"0,000";"0,000";"0,000";
"11/01/2024 21:50";"1,528";"0,000";"1,277";"0,000";"0,999";"0,000";"3,804";"0,000";"0,000";"0,000";"0,000";"0,207";"1,528";"1,277";"0,999";"3,804";"0,000";"0,000";"0,000";
"11/01/2024 22:00";"1,425";"0,000";"1,239";"0,000";"0,983";"0,000";"3,646";"0,000";"0,000";"0,000";"0,000";"0,322";"1,425";"1,239";"0,983";"3,646";"0,000";"0,000";"0,000";
"11/01/2024 22:10";"1,362";"0,000";"1,186";"0,000";"0,935";"0,000";"3,482";"0,000";"0,000";"0,000";"0,000";"0,277";"1,362";"1,186";"0,935";"3,482";"0,000";"0,000";"0,000";
"11/01/2024 22:20";"1,329";"0,000";"1,157";"0,000";"0,904";"0,000";"3,390";"0,000";"0,000";"0,000";"0,000";"0,272";"1,329";"1,157";"0,904";"3,390";"0,000";"0,000";"0,000";
"11/01/2024 22:30";"1,333";"0,000";"1,167";"0,000";"0,906";"0,000";"3,406";"0,000";"0,000";"0,000";"0,000";"0,305";"1,333";"1,167";"0,906";"3,406";"0,000";"0,000";"0,000";
"11/01/2024 22:40";"1,323";"0,000";"1,154";"0,000";"0,895";"0,000";"3,372";"0,000";"0,000";"0,000";"0,000";"0,311";"1,323";"1,154";"0,895";"3,372";"0,000";"0,000";"0,000";
"11/01/2024 22:50";"1,338";"0,000";"1,158";"0,000";"0,918";"0,000";"3,414";"0,000";"0,000";"0,000";"0,000";"0,280";"1,338";"1,158";"0,918";"3,414";"0,000";"0,000";"0,000";
"11/01/2024 23:00";"1,325";"0,000";"1,152";"0,000";"0,904";"0,000";"3,380";"0,000";"0,000";"0,000";"0,000";"0,282";"1,325";"1,152";"0,904";"3,380";"0,000";"0,000";"0,000";
"11/01/2024 23:10";"1,314";"0,000";"1,158";"0,000";"0,896";"0,000";"3,368";"0,000";"0,000";"0,000";"0,000";"0,324";"1,314";"1,158";"0,896";"3,368";"0,000";"0,000";"0,000";
"11/01/2024 23:20";"1,342";"0,000";"1,162";"0,000";"0,923";"0,000";"3,427";"0,000";"0,000";"0,000";"0,000";"0,264";"1,342";"1,162";"0,923";"3,427";"0,000";"0,000";"0,000";
"11/01/2024 23:30";"1,314";"0,000";"1,154";"0,000";"0,903";"0,000";"3,371";"0,000";"0,000";"0,000";"0,000";"0,262";"1,314";"1,154";"0,903";"3,371";"0,000";"0,000";"0,000";
"11/01/2024 23:40";"1,345";"0,000";"1,172";"0,000";"0,913";"0,000";"3,430";"0,000";"0,000";"0,000";"0,000";"0,330";"1,345";"1,172";"0,913";"3,430";"0,000";"0,000";"0,000";
"11/01/2024 23:50";"1,346";"0,000";"1,151";"0,000";"0,894";"0,000";"3,391";"0,000";"0,000";"0,000";"0,000";"0,286";"1,346";"1,151";"0,894";"3,391";"0,000";"0,000";"0,000";
"12/01/2024 00:00";"1,340";"0,000";"1,139";"0,000";"0,904";"0,000";"3,382";"0,000";"0,000";"0,000";"0,000";"0,271";"1,340";"1,139";"0,904";"3,382";"0,000";"0,000";"0,000";
"12/01/2024 00:10";"1,332";"0,000";"1,114";"0,000";"0,899";"0,000";"3,346";"0,000";"0,000";"0,000";"0,000";"0,324";"1,332";"1,114";"0,899";"3,346";"0,000";"0,000";"0,000";
"12/01/2024 00:20";"1,329";"0,000";"1,175";"0,000";"0,912";"0,000";"3,416";"0,000";"0,000";"0,000";"0,000";"0,278";"1,329";"1,175";"0,912";"3,416";"0,000";"0,000";"0,000";
"12/01/2024 00:30";"1,340";"0,000";"1,174";"0,000";"0,914";"0,000";"3,428";"0,000";"0,000";"0,000";"0,000";"0,267";"1,340";"1,174";"0,914";"3,428";"0,000";"0,000";"0,000";
"12/01/2024 00:40";"1,328";"0,000";"1,110";"0,000";"0,898";"0,000";"3,335";"0,000";"0,000";"0,000";"0,000";"0,333";"1,328";"1,110";"0,898";"3,335";"0,000";"0,000";"0,000";
"12/01/2024 00:50";"1,353";"0,000";"1,172";"0,000";"0,913";"0,000";"3,438";"0,000";"0,000";"0,000";"0,000";"0,283";"1,353";"1,172";"0,913";"3,438";"0,000";"0,000";"0,000";
"12/01/2024 01:00";"1,334";"0,000";"1,160";"0,000";"0,890";"0,000";"3,383";"0,000";"0,000";"0,000";"0,000";"0,255";"1,334";"1,160";"0,890";"3,383";"0,000";"0,000";"0,000";
"12/01/2024 01:10";"1,345";"0,000";"1,102";"0,000";"0,912";"0,000";"3,358";"0,000";"0,000";"0,000";"0,000";"0,335";"1,345";"1,102";"0,912";"3,358";"0,000";"0,000";"0,000";
"12/01/2024 01:20";"1,332";"0,000";"1,175";"0,000";"0,896";"0,000";"3,403";"0,000";"0,000";"0,000";"0,000";"0,296";"1,332";"1,175";"0,896";"3,403";"0,000";"0,000";"0,000";
"12/01/2024 01:30";"1,319";"0,000";"1,131";"0,000";"0,893";"0,000";"3,343";"0,000";"0,000";"0,000";"0,000";"0,264";"1,319";"1,131";"0,893";"3,343";"0,000";"0,000";"0,000";
"12/01/2024 01:40";"1,344";"0,000";"1,137";"0,000";"0,908";"0,000";"3,389";"0,000";"0,000";"0,000";"0,000";"0,316";"1,344";"1,137";"0,908";"3,389";"0,000";"0,000";"0,000";
"12/01/2024 01:50";"1,337";"0,000";"1,143";"0,000";"0,901";"0,000";"3,381";"0,000";"0,000";"0,000";"0,000";"0,300";"1,337";"1,143";"0,901";"3,381";"0,000";"0,000";"0,000";
"12/01/2024 02:00";"1,368";"0,000";"1,155";"0,000";"0,920";"0,000";"3,444";"0,000";"0,000";"0,000";"0,000";"0,265";"1,368";"1,155";"0,920";"3,444";"0,000";"0,000";"0,000";
"12/01/2024 02:10";"1,352";"0,000";"1,114";"0,000";"0,886";"0,000";"3,351";"0,000";"0,000";"0,000";"0,000";"0,294";"1,352";"1,114";"0,886";"3,351";"0,000";"0,000";"0,000";
"12/01/2024 02:20";"1,296";"0,000";"1,101";"0,000";"0,857";"0,000";"3,254";"0,000";"0,000";"0,000";"0,000";"0,287";"1,296";"1,101";"0,857";"3,254";"0,000";"0,000";"0,000";
"12/01/2024 02:30";"1,210";"0,000";"1,160";"0,000";"0,922";"0,000";"3,291";"0,000";"0,000";"0,000";"0,000";"0,273";"1,210";"1,160";"0,922";"3,291";"0,000";"0,000";"0,000";
"12/01/2024 02:40";"1,110";"0,000";"1,186";"0,000";"0,926";"0,000";"3,222";"0,000";"0,000";"0,000";"0,000";"0,290";"1,110";"1,186";"0,926";"3,222";"0,000";"0,000";"0,000";
"12/01/2024 02:50";"1,097";"0,000";"1,112";"0,000";"0,893";"0,000";"3,102";"0,000";"0,000";"0,000";"0,000";"0,349";"1,097";"1,112";"0,893";"3,102";"0,000";"0,000";"0,000";
"12/01/2024 03:00";"1,302";"0,000";"1,130";"0,000";"0,885";"0,000";"3,317";"0,000";"0,000";"0,000";"0,000";"0,263";"1,302";"1,130";"0,885";"3,317";"0,000";"0,000";"0,000";
"12/01/2024 03:10";"1,279";"0,000";"1,182";"0,000";"0,897";"0,000";"3,359";"0,000";"0,000";"0,000";"0,000";"0,270";"1,279";"1,182";"0,897";"3,359";"0,000";"0,000";"0,000";
"12/01/2024 03:20";"1,095";"0,000";"1,099";"0,000";"0,890";"0,000";"3,085";"0,000";"0,000";"0,000";"0,000";"0,316";"1,095";"1,099";"0,890";"3,085";"0,000";"0,000";"0,000";
"12/01/2024 03:30";"1,102";"0,000";"1,115";"0,000";"0,911";"0,000";"3,128";"0,000";"0,000";"0,000";"0,000";"0,311";"1,102";"1,115";"0,911";"3,128";"0,000";"0,000";"0,000";
"12/01/2024 03:40";"1,074";"0,000";"1,160";"0,000";"0,880";"0,000";"3,114";"0,000";"0,000";"0,000";"0,000";"0,262";"1,074";"1,160";"0,880";"3,114";"0,000";"0,000";"0,000";
"12/01/2024 03:50";"1,262";"0,000";"1,171";"0,000";"0,921";"0,000";"3,354";"0,000";"0,000";"0,000";"0,000";"0,291";"1,262";"1,171";"0,921";"3,354";"0,000";"0,000";"0,000";
"12/01/2024 04:00";"1,278";"0,000";"1,079";"0,000";"0,889";"0,000";"3,246";"0,000";"0,000";"0,000";"0,000";"0,335";"1,278";"1,079";"0,889";"3,246";"0,000";"0,000";"0,000";
"12/01/2024 04:10";"1,081";"0,000";"1,129";"0,000";"0,905";"0,000";"3,115";"0,000";"0,000";"0,000";"0,000";"0,266";"1,081";"1,129";"0,905";"3,115";"0,000";"0,000";"0,000";
"12/01/2024 04:20";"1,095";"0,000";"1,140";"0,000";"0,928";"0,000";"3,162";"0,000";"0,000";"0,000";"0,000";"0,286";"1,095";"1,140";"0,928";"3,162";"0,000";"0,000";"0,000";
"12/01/2024 04:30";"1,097";"0,000";"1,087";"0,000";"0,933";"0,000";"3,118";"0,000";"0,000";"0,000";"0,000";"0,341";"1,097";"1,087";"0,933";"3,118";"0,000";"0,000";"0,000";
"12/01/2024 04:40";"1,102";"0,000";"1,145";"0,000";"0,928";"0,000";"3,176";"0,000";"0,000";"0,000";"0,000";"0,274";"1,102";"1,145";"0,928";"3,176";"0,000";"0,000";"0,000";
"12/01/2024 04:50";"1,142";"0,000";"1,126";"0,000";"0,893";"0,000";"3,162";"0,000";"0,000";"0,000";"0,000";"0,268";"1,142";"1,126";"0,893";"3,162";"0,000";"0,000";"0,000";
"12/01/2024 05:00";"1,322";"0,000";"1,086";"0,000";"0,905";"0,000";"3,313";"0,000";"0,000";"0,000";"0,000";"0,335";"1,322";"1,086";"0,905";"3,313";"0,000";"0,000";"0,000";
"12/01/2024 05:10";"1,097";"0,000";"1,152";"0,000";"0,903";"0,000";"3,152";"0,000";"0,000";"0,000";"0,000";"0,291";"1,097";"1,152";"0,903";"3,152";"0,000";"0,000";"0,000";
"12/01/2024 05:20";"1,106";"0,000";"1,123";"0,000";"0,918";"0,000";"3,147";"0,000";"0,000";"0,000";"0,000";"0,271";"1,106";"1,123";"0,918";"3,147";"0,000";"0,000";"0,000";
"12/01/2024 05:30";"2,005";"0,000";"1,792";"0,000";"1,574";"0,000";"5,371";"0,000";"0,138";"0,000";"0,000";"0,317";"2,005";"1,792";"1,574";"5,371";"0,000";"0,000";"0,000";
"12/01/2024 05:40";"2,597";"0,000";"2,112";"0,000";"2,020";"0,000";"6,729";"0,000";"0,369";"0,000";"0,000";"0,245";"2,597";"2,112";"2,020";"6,729";"0,000";"0,000";"0,000";
"12/01/2024 05:50";"2,568";"0,000";"2,190";"0,000";"2,265";"0,000";"7,024";"0,000";"0,161";"0,000";"0,000";"0,269";"2,568";"2,190";"2,265";"7,024";"0,000";"0,000";"0,000";
"12/01/2024 06:00";"2,556";"0,000";"2,290";"0,000";"2,389";"0,000";"7,235";"0,000";"0,183";"0,000";"0,000";"0,278";"2,556";"2,290";"2,389";"7,235";"0,000";"0,000";"0,000";
"12/01/2024 06:10";"5,235";"0,000";"4,587";"0,000";"5,245";"0,000";"15,066";"0,000";"2,084";"0,000";"0,000";"0,358";"5,235";"4,587";"5,245";"15,066";"0,000";"0,000";"0,000";
"12/01/2024 06:20";"5,163";"0,000";"4,644";"0,000";"5,395";"0,000";"15,202";"0,000";"1,558";"0,000";"0,000";"0,288";"5,163";"4,644";"5,395";"15,202";"0,000";"0,000";"0,000";
"12/01/2024 06:30";"7,664";"0,000";"7,035";"0,000";"7,740";"0,000";"22,438";"0,000";"1,843";"0,000";"0,000";"0,407";"7,664";"7,035";"7,740";"22,438";"0,000";"0,000";"0,000";
"12/01/2024 06:40";"7,708";"0,000";"7,024";"0,000";"7,835";"0,000";"22,567";"0,000";"1,679";"0,000";"0,000";"0,309";"7,708";"7,024";"7,835";"22,567";"0,000";"0,000";"0,000";
"12/01/2024 06:50";"7,443";"0,000";"6,824";"0,000";"7,532";"0,000";"21,800";"0,000";"1,413";"0,000";"0,000";"0,230";"7,443";"6,824";"7,532";"21,800";"0,000";"0,000";"0,000";
"12/01/2024 07:00";"8,047";"0,000";"7,584";"0,000";"8,409";"0,000";"24,040";"0,000";"1,403";"0,000";"0,000";"0,283";"8,047";"7,584";"8,409";"24,040";"0,000";"0,000";"0,000";
"12/01/2024 07:10";"7,485";"0,000";"6,783";"0,000";"7,809";"0,000";"22,077";"0,000";"1,188";"0,000";"0,000";"0,181";"7,485";"6,783";"7,809";"22,077";"0,000";"0,000";"0,000";
"12/01/2024 07:20";"7,575";"0,000";"6,945";"0,000";"7,788";"0,000";"22,308";"0,000";"1,587";"0,000";"0,000";"0,030";"7,575";"6,945";"7,788";"22,308";"0,000";"0,000";"0,000";
"12/01/2024 07:30";"7,537";"0,000";"7,234";"0,000";"7,915";"0,000";"22,686";"0,000";"1,705";"0,000";"0,000";"0,070";"7,537";"7,234";"7,915";"22,686";"0,000";"0,000";"0,000";
"12/01/2024 07:40";"7,468";"0,000";"6,914";"0,000";"7,525";"0,000";"21,907";"0,000";"2,225";"0,000";"0,000";"0,067";"7,468";"6,914";"7,525";"21,907";"0,000";"0,000";"0,000";
"12/01/2024 07:50";"8,450";"0,000";"7,819";"0,000";"8,426";"0,000";"24,695";"0,000";"3,629";"0,000";"0,000";"0,048";"8,450";"7,819";"8,426";"24,695";"0,000";"0,000";"0,000";
"12/01/2024 08:00";"7,670";"0,000";"6,955";"0,000";"7,830";"0,000";"22,455";"0,000";"2,985";"0,000";"0,000";"0,057";"7,670";"6,955";"7,830";"22,455";"0,000";"0,000";"0,000";
"12/01/2024 08:10";"7,712";"0,000";"7,159";"0,000";"7,891";"0,000";"22,761";"0,000";"2,281";"0,000";"0,000";"0,057";"7,712";"7,159";"7,891";"22,761";"0,000";"0,000";"0,000";
"12/01/2024 08:20";"7,666";"0,000";"6,837";"0,000";"7,786";"0,000";"22,289";"0,000";"3,208";"0,000";"0,000";"0,064";"7,666";"6,837";"7,786";"22,289";"0,000";"0,000";"0,000";
"12/01/2024 08:30";"8,267";"0,000";"7,769";"0,000";"8,277";"0,000";"24,313";"0,000";"2,923";"0,000";"0,000";"0,090";"8,267";"7,769";"8,277";"24,313";"0,000";"0,000";"0,000";
"12/01/2024 08:40";"10,271";"0,000";"9,634";"0,000";"10,230";"0,000";"30,135";"0,000";"3,610";"0,000";"0,000";"0,044";"10,271";"9,634";"10,230";"30,135";"0,000";"0,000";"0,000";
"12/01/2024 08:50";"8,874";"0,000";"8,413";"0,000";"9,089";"0,000";"26,376";"0,000";"2,934";"0,000";"0,000";"0,073";"8,874";"8,413";"9,089";"26,376";"0,000";"0,000";"0,000";
"12/01/2024 09:00";"8,145";"0,000";"7,499";"0,000";"8,308";"0,000";"23,952";"0,000";"2,423";"0,000";"0,000";"0,049";"8,151";"7,506";"8,314";"23,971";"0,019";"0,010";"0,009";
"12/01/2024 09:10";"7,301";"0,000";"6,772";"0,000";"7,534";"0,000";"21,607";"0,000";"3,417";"0,000";"0,000";"0,032";"7,320";"6,791";"7,553";"21,664";"0,057";"0,030";"0,027";
"12/01/2024 09:20";"6,774";"0,000";"6,159";"0,000";"6,986";"0,000";"19,919";"0,000";"2,909";"0,000";"0,000";"0,131";"6,824";"6,209";"7,036";"20,069";"0,150";"0,078";"0,072";
"12/01/2024 09:30";"6,842";"0,000";"6,448";"0,000";"7,274";"0,000";"20,564";"0,000";"3,678";"0,000";"0,000";"0,047";"6,938";"6,544";"7,370";"20,852";"0,288";"0,150";"0,138";
"12/01/2024 09:40";"7,147";"0,000";"6,733";"0,000";"7,506";"0,000";"21,385";"0,000";"1,457";"0,000";"0,000";"0,108";"7,278";"6,864";"7,637";"21,778";"0,393";"0,224";"0,169";
"12/01/2024 09:50";"6,334";"0,000";"5,737";"0,000";"6,557";"0,000";"18,627";"0,000";"0,577";"0,000";"0,000";"0,103";"6,617";"6,020";"6,840";"19,476";"0,849";"0,560";"0,289";
"12/01/2024 10:00";"6,216";"0,000";"5,658";"0,000";"6,450";"0,000";"18,323";"0,000";"0,353";"0,000";"0,000";"0,172";"6,565";"6,007";"6,799";"19,371";"1,048";"0,706";"0,342";
"12/01/2024 10:10";"6,280";"0,000";"5,595";"0,000";"6,365";"0,000";"18,240";"0,000";"0,491";"0,000";"0,000";"0,171";"6,730";"6,046";"6,815";"19,591";"1,351";"0,881";"0,470";
"12/01/2024 10:20";"7,226";"0,000";"6,632";"0,000";"7,419";"0,000";"21,276";"0,000";"1,451";"0,000";"0,000";"0,127";"7,556";"6,963";"7,750";"22,268";"0,992";"0,581";"0,411";
"12/01/2024 10:30";"8,835";"0,000";"8,327";"0,000";"9,273";"0,000";"26,435";"0,000";"3,530";"0,000";"0,000";"0,015";"9,284";"8,776";"9,721";"27,781";"1,346";"0,832";"0,514";
"12/01/2024 10:40";"9,099";"0,000";"8,589";"0,000";"9,478";"0,000";"27,166";"0,000";"5,001";"0,000";"0,000";"0,016";"9,817";"9,307";"10,196";"29,320";"2,154";"1,203";"0,951";
"12/01/2024 10:50";"8,065";"0,000";"7,405";"0,000";"8,318";"0,000";"23,788";"0,000";"4,002";"0,000";"0,000";"0,054";"8,999";"8,339";"9,252";"26,590";"2,802";"1,560";"1,242";
"12/01/2024 11:00";"7,825";"0,000";"7,266";"0,000";"8,157";"0,000";"23,248";"0,000";"2,276";"0,000";"0,000";"0,030";"8,853";"8,294";"9,185";"26,333";"3,085";"1,710";"1,375";
"12/01/2024 11:10";"8,169";"0,000";"7,166";"0,000";"8,384";"0,000";"23,719";"0,000";"1,358";"0,000";"0,000";"0,101";"9,274";"8,270";"9,488";"27,032";"3,313";"1,835";"1,478";
"12/01/2024 11:20";"9,238";"0,000";"8,296";"0,000";"9,423";"0,000";"26,957";"0,000";"2,058";"0,000";"0,000";"0,045";"10,417";"9,475";"10,602";"30,494";"3,537";"1,958";"1,579";
"12/01/2024 11:30";"8,697";"0,000";"8,157";"0,000";"8,635";"0,000";"25,489";"0,000";"2,404";"0,000";"0,000";"0,035";"9,950";"9,410";"9,888";"29,247";"3,758";"2,082";"1,676";
"12/01/2024 11:40";"8,984";"0,000";"8,393";"0,000";"9,014";"0,000";"26,391";"0,000";"3,712";"0,000";"0,000";"0,007";"10,302";"9,712";"10,333";"30,347";"3,956";"2,188";"1,768";
"12/01/2024 11:50";"8,127";"0,000";"7,435";"0,000";"8,389";"0,000";"23,951";"0,000";"2,821";"0,000";"0,000";"0,002";"9,563";"8,870";"9,824";"28,257";"4,306";"2,290";"2,016";
"12/01/2024 12:00";"8,105";"0,000";"7,544";"0,000";"8,584";"0,000";"24,233";"0,000";"1,757";"0,000";"0,000";"0,029";"9,721";"9,159";"10,199";"29,079";"4,846";"2,464";"2,382";
"12/01/2024 12:10";"10,088";"0,000";"9,468";"0,000";"10,264";"0,000";"29,820";"0,000";"5,260";"0,000";"0,000";"0,009";"11,774";"11,154";"11,951";"34,879";"5,059";"2,545";"2,514";
"12/01/2024 12:20";"10,529";"0,000";"9,976";"0,000";"10,751";"0,000";"31,255";"0,000";"1,935";"0,000";"0,000";"0,070";"12,232";"11,680";"12,454";"36,366";"5,111";"2,567";"2,544";
"12/01/2024 12:30";"9,142";"0,000";"8,549";"0,000";"9,554";"0,000";"27,244";"0,000";"1,821";"0,000";"0,000";"0,057";"10,913";"10,320";"11,325";"32,557";"5,313";"2,666";"2,647";
"12/01/2024 12:40";"7,113";"0,000";"6,483";"0,000";"7,394";"0,000";"20,990";"0,000";"1,320";"0,000";"0,000";"0,252";"8,915";"8,284";"9,195";"26,395";"5,405";"2,710";"2,695";
"12/01/2024 12:50";"8,884";"0,000";"8,295";"0,000";"9,332";"0,000";"26,512";"0,000";"1,222";"0,000";"0,000";"0,068";"10,728";"10,139";"11,176";"32,043";"5,531";"2,772";"2,759";
"12/01/2024 13:00";"8,357";"0,000";"7,228";"0,000";"8,460";"0,000";"24,044";"0,000";"1,696";"0,000";"0,000";"0,313";"10,242";"9,113";"10,345";"29,700";"5,656";"2,834";"2,822";
"12/01/2024 13:10";"7,204";"0,000";"6,456";"0,000";"7,823";"0,000";"21,483";"0,000";"3,822";"0,000";"0,000";"0,067";"9,152";"8,404";"9,770";"27,326";"5,843";"2,953";"2,890";
"12/01/2024 13:20";"5,469";"0,000";"4,670";"0,000";"6,234";"0,000";"16,373";"0,000";"1,447";"0,000";"0,000";"0,213";"7,433";"6,633";"8,197";"22,263";"5,890";"2,994";"2,896";
"12/01/2024 13:30";"5,688";"0,000";"4,554";"0,000";"5,666";"0,000";"15,908";"0,000";"1,215";"0,000";"0,000";"0,502";"7,652";"6,517";"7,629";"21,799";"5,891";"3,005";"2,886";
"12/01/2024 13:40";"4,734";"0,000";"4,063";"0,000";"5,107";"0,000";"13,905";"0,000";"1,135";"0,000";"0,000";"0,401";"6,698";"6,027";"7,071";"19,796";"5,891";"3,010";"2,881";
"12/01/2024 13:50";"4,097";"0,000";"3,477";"0,000";"4,775";"0,000";"12,350";"0,000";"1,303";"0,000";"0,000";"0,189";"6,045";"5,425";"6,723";"18,194";"5,844";"2,991";"2,853";
"12/01/2024 14:00";"3,493";"0,000";"2,914";"0,000";"4,233";"0,000";"10,639";"0,000";"1,225";"0,000";"0,000";"0,168";"5,425";"4,846";"6,165";"16,435";"5,796";"2,967";"2,829";
"12/01/2024 14:10";"5,160";"0,000";"4,759";"0,000";"5,568";"0,000";"15,487";"0,000";"1,099";"0,000";"0,000";"0,300";"7,073";"6,672";"7,481";"21,227";"5,740";"2,940";"2,800";
"12/01/2024 14:20";"5,541";"0,000";"5,167";"0,000";"6,311";"0,000";"17,019";"0,000";"1,026";"0,000";"0,000";"0,323";"7,449";"7,075";"8,219";"22,744";"5,725";"2,938";"2,787";
"12/01/2024 14:30";"5,515";"0,000";"5,085";"0,000";"6,292";"0,000";"16,892";"0,000";"0,969";"0,000";"0,000";"0,360";"6,984";"6,554";"7,761";"21,299";"4,407";"2,259";"2,148";
"12/01/2024 14:40";"5,308";"0,000";"4,882";"0,000";"6,068";"0,000";"16,258";"0,000";"0,994";"0,000";"0,000";"0,325";"6,916";"6,489";"7,675";"21,081";"4,823";"2,471";"2,352";
"12/01/2024 14:50";"4,860";"0,000";"4,394";"0,000";"5,613";"0,000";"14,868";"0,000";"0,847";"0,000";"0,000";"0,374";"6,628";"6,162";"7,381";"20,172";"5,304";"2,718";"2,586";
"12/01/2024 15:00";"5,390";"0,000";"4,893";"0,000";"6,149";"0,000";"16,432";"0,000";"0,983";"0,000";"0,000";"0,314";"7,096";"6,599";"7,855";"21,549";"5,117";"2,617";"2,500";
"12/01/2024 15:10";"5,670";"0,000";"5,178";"0,000";"6,439";"0,000";"17,287";"0,000";"1,060";"0,000";"0,000";"0,311";"7,322";"6,830";"8,091";"22,244";"4,957";"2,536";"2,421";
"12/01/2024 15:20";"4,108";"0,000";"3,647";"0,000";"4,924";"0,000";"12,679";"0,000";"0,898";"0,000";"0,000";"0,219";"5,383";"4,922";"6,199";"16,504";"3,825";"1,960";"1,865";
"12/01/2024 15:30";"4,430";"0,000";"3,786";"0,000";"4,926";"0,000";"13,142";"0,000";"0,760";"0,000";"0,000";"0,239";"5,932";"5,288";"6,428";"17,648";"4,506";"2,311";"2,195";
"12/01/2024 15:40";"4,650";"0,000";"4,176";"0,000";"5,024";"0,000";"13,849";"0,000";"0,776";"0,000";"0,000";"0,347";"6,029";"5,555";"6,403";"17,988";"4,139";"2,129";"2,010";
"12/01/2024 15:50";"4,673";"0,000";"4,250";"0,000";"5,088";"0,000";"14,011";"0,000";"0,777";"0,000";"0,000";"0,334";"5,917";"5,494";"6,332";"17,743";"3,732";"1,907";"1,825";
"12/01/2024 16:00";"4,638";"0,000";"4,191";"0,000";"5,037";"0,000";"13,867";"0,000";"0,730";"0,000";"0,000";"0,361";"5,816";"5,370";"6,216";"17,403";"3,536";"1,798";"1,738";
"12/01/2024 16:10";"4,550";"0,000";"3,895";"0,000";"4,903";"0,000";"13,349";"0,000";"0,700";"0,000";"0,000";"0,379";"5,623";"4,968";"5,976";"16,567";"3,218";"1,633";"1,585";
"12/01/2024 16:20";"4,140";"0,000";"3,561";"0,000";"4,912";"0,000";"12,613";"0,000";"0,821";"0,000";"0,000";"0,290";"5,095";"4,515";"5,867";"15,477";"2,864";"1,444";"1,420";
"12/01/2024 16:30";"4,097";"0,000";"3,549";"0,000";"4,937";"0,000";"12,582";"0,000";"0,718";"0,000";"0,000";"0,389";"4,952";"4,403";"5,792";"15,146";"2,564";"1,290";"1,274";
"12/01/2024 16:40";"5,073";"0,000";"4,439";"0,000";"5,495";"0,000";"15,007";"0,000";"0,895";"0,000";"0,000";"0,339";"5,813";"5,178";"6,235";"17,226";"2,219";"1,128";"1,091";
"12/01/2024 16:50";"5,882";"0,000";"5,466";"0,000";"6,230";"0,000";"17,578";"0,000";"0,903";"0,000";"0,000";"0,358";"6,479";"6,063";"6,827";"19,369";"1,791";"0,954";"0,837";
"12/01/2024 17:00";"6,360";"0,000";"5,823";"0,000";"6,631";"0,000";"18,814";"0,000";"0,751";"0,000";"0,000";"0,436";"6,804";"6,267";"7,075";"20,146";"1,332";"0,764";"0,568";
"12/01/2024 17:10";"7,023";"0,000";"6,440";"0,000";"7,231";"0,000";"20,694";"0,000";"0,826";"0,000";"0,000";"0,438";"7,362";"6,778";"7,570";"21,710";"1,016";"0,602";"0,414";
"12/01/2024 17:20";"6,002";"0,000";"5,423";"0,000";"6,149";"0,000";"17,575";"0,000";"1,437";"0,000";"0,000";"0,341";"6,269";"5,690";"6,416";"18,376";"0,801";"0,462";"0,339";
"12/01/2024 17:30";"5,645";"0,000";"5,065";"0,000";"5,815";"0,000";"16,525";"0,000";"1,580";"0,000";"0,000";"0,367";"5,828";"5,248";"5,998";"17,075";"0,550";"0,317";"0,233";
"12/01/2024 17:40";"5,536";"0,000";"4,946";"0,000";"5,726";"0,000";"16,208";"0,000";"1,412";"0,000";"0,000";"0,358";"5,639";"5,049";"5,829";"16,517";"0,309";"0,191";"0,118";
"12/01/2024 17:50";"7,297";"0,000";"6,622";"0,000";"7,274";"0,000";"21,192";"0,000";"1,442";"0,000";"0,000";"0,255";"7,359";"6,684";"7,337";"21,380";"0,188";"0,110";"0,078";
"12/01/2024 18:00";"6,435";"0,000";"5,794";"0,000";"6,499";"0,000";"18,728";"0,000";"1,933";"0,000";"0,000";"0,208";"6,462";"5,821";"6,526";"18,809";"0,081";"0,044";"0,037";
"12/01/2024 18:10";"5,440";"0,000";"4,775";"0,000";"5,566";"0,000";"15,782";"0,000";"1,173";"0,000";"0,000";"0,345";"5,448";"4,783";"5,573";"15,804";"0,022";"0,012";"0,010";
"12/01/2024 18:20";"4,797";"0,000";"4,215";"0,000";"4,942";"0,000";"13,954";"0,000";"0,700";"0,000";"0,000";"0,376";"4,797";"4,215";"4,942";"13,954";"0,000";"0,000";"0,000";
"12/01/2024 18:30";"4,703";"0,000";"4,103";"0,000";"4,860";"0,000";"13,666";"0,000";"0,748";"0,000";"0,000";"0,311";"4,703";"4,103";"4,860";"13,666";"0,000";"0,000";"0,000";
"12/01/2024 18:40";"4,414";"0,000";"3,791";"0,000";"4,481";"0,000";"12,686";"0,000";"0,670";"0,000";"0,000";"0,301";"4,414";"3,791";"4,481";"12,686";"0,000";"0,000";"0,000";
"12/01/2024 18:50";"4,387";"0,000";"3,848";"0,000";"4,439";"0,000";"12,674";"0,000";"0,532";"0,000";"0,000";"0,200";"4,387";"3,848";"4,439";"12,674";"0,000";"0,000";"0,000";
"12/01/2024 19:00";"4,346";"0,000";"3,735";"0,000";"4,343";"0,000";"12,424";"0,000";"0,792";"0,000";"0,000";"0,252";"4,346";"3,735";"4,343";"12,424";"0,000";"0,000";"0,000";
"12/01/2024 19:10";"1,819";"0,000";"1,254";"0,000";"1,678";"0,000";"4,751";"0,000";"0,000";"0,000";"0,000";"0,521";"1,819";"1,254";"1,678";"4,751";"0,000";"0,000";"0,000";
"12/01/2024 19:20";"1,756";"0,000";"1,199";"0,000";"1,641";"0,000";"4,595";"0,000";"0,000";"0,000";"0,000";"0,476";"1,756";"1,199";"1,641";"4,596";"0,000";"0,000";"0,000";
"12/01/2024 19:30";"1,676";"0,000";"1,096";"0,000";"1,622";"0,000";"4,394";"0,000";"0,000";"0,000";"0,000";"0,437";"1,676";"1,096";"1,622";"4,394";"0,000";"0,000";"0,000";
"12/01/2024 19:40";"1,560";"0,000";"1,082";"0,000";"0,944";"0,000";"3,586";"0,000";"0,000";"0,000";"0,000";"0,274";"1,560";"1,082";"0,944";"3,586";"0,000";"0,000";"0,000";
"12/01/2024 19:50";"1,623";"0,000";"1,068";"0,000";"0,912";"0,000";"3,603";"0,000";"0,000";"0,000";"0,000";"0,250";"1,623";"1,068";"0,912";"3,603";"0,000";"0,000";"0,000";
"12/01/2024 20:00";"1,645";"0,000";"1,039";"0,000";"0,915";"0,000";"3,598";"0,000";"0,000";"0,000";"0,000";"0,245";"1,645";"1,039";"0,915";"3,598";"0,000";"0,000";"0,000";
"12/01/2024 20:10";"1,660";"0,000";"1,067";"0,000";"0,919";"0,000";"3,646";"0,000";"0,000";"0,000";"0,000";"0,207";"1,660";"1,067";"0,919";"3,646";"0,000";"0,000";"0,000";
"12/01/2024 20:20";"1,619";"0,000";"1,051";"0,000";"0,905";"0,000";"3,575";"0,000";"0,000";"0,000";"0,000";"0,287";"1,619";"1,051";"0,905";"3,575";"0,000";"0,000";"0,000";
"12/01/2024 20:30";"1,642";"0,000";"1,056";"0,000";"0,910";"0,000";"3,609";"0,000";"0,000";"0,000";"0,000";"0,214";"1,642";"1,056";"0,910";"3,609";"0,000";"0,000";"0,000";
"12/01/2024 20:40";"1,656";"0,000";"1,053";"0,000";"0,938";"0,000";"3,647";"0,000";"0,002";"0,000";"0,000";"0,219";"1,656";"1,053";"0,938";"3,647";"0,000";"0,000";"0,000";
"12/01/2024 20:50";"1,640";"0,000";"1,068";"0,000";"0,956";"0,000";"3,664";"0,000";"0,000";"0,000";"0,000";"0,293";"1,640";"1,068";"0,956";"3,664";"0,000";"0,000";"0,000";
"12/01/2024 21:00";"1,608";"0,000";"1,077";"0,000";"0,935";"0,000";"3,620";"0,000";"0,000";"0,000";"0,000";"0,202";"1,608";"1,077";"0,935";"3,620";"0,000";"0,000";"0,000";
"12/01/2024 21:10";"1,563";"0,000";"1,046";"0,000";"0,900";"0,000";"3,509";"0,000";"0,000";"0,000";"0,000";"0,224";"1,563";"1,046";"0,900";"3,509";"0,000";"0,000";"0,000";
"12/01/2024 21:20";"1,429";"0,000";"0,966";"0,000";"0,778";"0,000";"3,173";"0,000";"0,000";"0,000";"0,000";"0,170";"1,429";"0,966";"0,778";"3,173";"0,000";"0,000";"0,000";
"12/01/2024 21:30";"1,418";"0,000";"1,078";"0,000";"0,844";"0,000";"3,340";"0,000";"0,012";"0,000";"0,000";"0,015";"1,418";"1,078";"0,844";"3,340";"0,000";"0,000";"0,000";
"12/01/2024 21:40";"1,427";"0,000";"1,047";"0,000";"0,852";"0,000";"3,325";"0,000";"0,008";"0,000";"0,000";"0,029";"1,427";"1,047";"0,852";"3,325";"0,000";"0,000";"0,000";
"12/01/2024 21:50";"1,429";"0,000";"1,034";"0,000";"0,850";"0,000";"3,314";"0,000";"0,018";"0,000";"0,000";"0,041";"1,429";"1,034";"0,850";"3,314";"0,000";"0,000";"0,000";
"12/01/2024 22:00";"1,407";"0,000";"1,082";"0,000";"0,863";"0,000";"3,353";"0,000";"0,001";"0,000";"0,000";"0,155";"1,407";"1,082";"0,863";"3,353";"0,000";"0,000";"0,000";
"12/01/2024 22:10";"1,334";"0,000";"1,054";"0,000";"0,856";"0,000";"3,244";"0,000";"0,000";"0,000";"0,000";"0,220";"1,334";"1,054";"0,856";"3,244";"0,000";"0,000";"0,000";
"12/01/2024 22:20";"1,201";"0,000";"1,009";"0,000";"0,855";"0,000";"3,066";"0,000";"0,000";"0,000";"0,000";"0,298";"1,201";"1,009";"0,855";"3,066";"0,000";"0,000";"0,000";
"12/01/2024 22:30";"1,097";"0,000";"1,105";"0,000";"0,863";"0,000";"3,065";"0,000";"0,003";"0,000";"0,000";"0,117";"1,097";"1,105";"0,863";"3,065";"0,000";"0,000";"0,000";
"12/01/2024 22:40";"1,076";"0,000";"1,070";"0,000";"0,852";"0,000";"2,999";"0,000";"0,000";"0,000";"0,000";"0,229";"1,076";"1,070";"0,852";"2,999";"0,000";"0,000";"0,000";
"12/01/2024 22:50";"1,224";"0,000";"1,018";"0,000";"0,852";"0,000";"3,094";"0,000";"0,000";"0,000";"0,000";"0,312";"1,224";"1,018";"0,852";"3,094";"0,000";"0,000";"0,000";
"12/01/2024 23:00";"1,244";"0,000";"1,036";"0,000";"0,800";"0,000";"3,080";"0,000";"0,000";"0,000";"0,000";"0,201";"1,244";"1,036";"0,800";"3,080";"0,000";"0,000";"0,000";
"12/01/2024 23:10";"1,070";"0,000";"1,077";"0,000";"0,820";"0,000";"2,968";"0,000";"0,008";"0,000";"0,000";"0,067";"1,070";"1,077";"0,820";"2,968";"0,000";"0,000";"0,000";
"12/01/2024 23:20";"1,061";"0,000";"1,032";"0,000";"0,850";"0,000";"2,943";"0,000";"0,004";"0,000";"0,000";"0,147";"1,061";"1,032";"0,850";"2,943";"0,000";"0,000";"0,000";
"12/01/2024 23:30";"1,058";"0,000";"1,053";"0,000";"0,849";"0,000";"2,960";"0,000";"0,000";"0,000";"0,000";"0,256";"1,058";"1,053";"0,849";"2,960";"0,000";"0,000";"0,000";
"12/01/2024 23:40";"1,238";"0,000";"1,088";"0,000";"0,864";"0,000";"3,189";"0,000";"0,000";"0,000";"0,000";"0,177";"1,238";"1,088";"0,864";"3,189";"0,000";"0,000";"0,000";
"12/01/2024 23:50";"1,285";"0,000";"1,085";"0,000";"0,869";"0,000";"3,238";"0,000";"0,000";"0,000";"0,000";"0,295";"1,285";"1,085";"0,869";"3,238";"0,000";"0,000";"0,000";
"13/01/2024 00:00";"1,060";"0,000";"1,044";"0,000";"0,852";"0,000";"2,956";"0,000";"0,000";"0,000";"0,000";"0,246";"1,060";"1,044";"0,852";"2,956";"0,000";"0,000";"0,000";
"13/01/2024 00:10";"1,077";"0,000";"1,066";"0,000";"0,857";"0,000";"3,000";"0,000";"0,000";"0,000";"0,000";"0,227";"1,077";"1,066";"0,857";"3,000";"0,000";"0,000";"0,000";
"13/01/2024 00:20";"1,097";"0,000";"1,096";"0,000";"0,888";"0,000";"3,081";"0,000";"0,000";"0,000";"0,000";"0,299";"1,097";"1,096";"0,888";"3,081";"0,000";"0,000";"0,000";
"13/01/2024 00:30";"1,063";"0,000";"1,045";"0,000";"0,859";"0,000";"2,966";"0,000";"0,000";"0,000";"0,000";"0,246";"1,063";"1,045";"0,859";"2,966";"0,000";"0,000";"0,000";
"13/01/2024 00:40";"1,197";"0,000";"1,064";"0,000";"0,856";"0,000";"3,117";"0,000";"0,000";"0,000";"0,000";"0,237";"1,197";"1,064";"0,856";"3,117";"0,000";"0,000";"0,000";
"13/01/2024 00:50";"1,184";"0,000";"1,002";"0,000";"0,776";"0,000";"2,963";"0,000";"0,000";"0,000";"0,000";"0,154";"1,184";"1,002";"0,776";"2,963";"0,000";"0,000";"0,000";
"13/01/2024 01:00";"1,059";"0,000";"1,030";"0,000";"0,844";"0,000";"2,932";"0,000";"0,000";"0,000";"0,000";"0,073";"1,059";"1,030";"0,844";"2,932";"0,000";"0,000";"0,000";
"13/01/2024 01:10";"1,058";"0,000";"1,040";"0,000";"0,853";"0,000";"2,951";"0,000";"0,004";"0,000";"0,000";"0,038";"1,058";"1,040";"0,853";"2,951";"0,000";"0,000";"0,000";
"13/01/2024 01:20";"1,063";"0,000";"1,032";"0,000";"0,861";"0,000";"2,955";"0,000";"0,004";"0,000";"0,000";"0,104";"1,063";"1,032";"0,861";"2,955";"0,000";"0,000";"0,000";
"13/01/2024 01:30";"1,089";"0,000";"1,103";"0,000";"0,862";"0,000";"3,055";"0,000";"0,004";"0,000";"0,000";"0,153";"1,089";"1,103";"0,862";"3,055";"0,000";"0,000";"0,000";
"13/01/2024 01:40";"1,062";"0,000";"1,046";"0,000";"0,854";"0,000";"2,962";"0,000";"0,000";"0,000";"0,000";"0,225";"1,062";"1,046";"0,854";"2,962";"0,000";"0,000";"0,000";
"13/01/2024 01:50";"1,182";"0,000";"1,026";"0,000";"0,857";"0,000";"3,065";"0,000";"0,000";"0,000";"0,000";"0,293";"1,182";"1,026";"0,857";"3,065";"0,000";"0,000";"0,000";
"13/01/2024 02:00";"1,290";"0,000";"1,110";"0,000";"0,863";"0,000";"3,264";"0,000";"0,000";"0,000";"0,000";"0,167";"1,290";"1,110";"0,863";"3,264";"0,000";"0,000";"0,000";
"13/01/2024 02:10";"1,060";"0,000";"1,069";"0,000";"0,866";"0,000";"2,996";"0,000";"0,000";"0,000";"0,000";"0,240";"1,060";"1,069";"0,866";"2,996";"0,000";"0,000";"0,000";
"13/01/2024 02:20";"1,065";"0,000";"1,017";"0,000";"0,854";"0,000";"2,936";"0,000";"0,000";"0,000";"0,000";"0,312";"1,065";"1,017";"0,854";"2,936";"0,000";"0,000";"0,000";
"13/01/2024 02:30";"1,075";"0,000";"1,051";"0,000";"0,861";"0,000";"2,987";"0,000";"0,000";"0,000";"0,000";"0,236";"1,075";"1,051";"0,861";"2,987";"0,000";"0,000";"0,000";
"13/01/2024 02:40";"1,110";"0,000";"1,104";"0,000";"0,888";"0,000";"3,101";"0,000";"0,001";"0,000";"0,000";"0,238";"1,110";"1,104";"0,888";"3,101";"0,000";"0,000";"0,000";
"13/01/2024 02:50";"1,082";"0,000";"1,053";"0,000";"0,824";"0,000";"2,958";"0,000";"0,000";"0,000";"0,000";"0,301";"1,082";"1,053";"0,824";"2,958";"0,000";"0,000";"0,000";
"13/01/2024 03:00";"1,016";"0,000";"1,023";"0,000";"0,775";"0,000";"2,814";"0,000";"0,000";"0,000";"0,000";"0,218";"1,016";"1,023";"0,775";"2,814";"0,000";"0,000";"0,000";
"13/01/2024 03:10";"1,060";"0,000";"1,001";"0,000";"0,772";"0,000";"2,832";"0,000";"0,000";"0,000";"0,000";"0,133";"1,060";"1,001";"0,772";"2,832";"0,000";"0,000";"0,000";
"13/01/2024 03:20";"1,310";"0,000";"1,010";"0,000";"0,813";"0,000";"3,132";"0,000";"0,003";"0,000";"0,000";"0,110";"1,310";"1,010";"0,813";"3,132";"0,000";"0,000";"0,000";
"13/01/2024 03:30";"1,082";"0,000";"1,056";"0,000";"0,815";"0,000";"2,953";"0,000";"0,004";"0,000";"0,000";"0,223";"1,082";"1,056";"0,815";"2,953";"0,000";"0,000";"0,000";
"13/01/2024 03:40";"1,073";"0,000";"1,057";"0,000";"0,811";"0,000";"2,942";"0,000";"0,000";"0,000";"0,000";"0,239";"1,073";"1,057";"0,811";"2,942";"0,000";"0,000";"0,000";
"13/01/2024 03:50";"1,086";"0,000";"1,057";"0,000";"0,831";"0,000";"2,974";"0,000";"0,000";"0,000";"0,000";"0,248";"1,086";"1,057";"0,831";"2,974";"0,000";"0,000";"0,000";
"13/01/2024 04:00";"1,075";"0,000";"1,060";"0,000";"0,822";"0,000";"2,958";"0,000";"0,000";"0,000";"0,000";"0,242";"1,075";"1,060";"0,822";"2,958";"0,000";"0,000";"0,000";
"13/01/2024 04:10";"1,073";"0,000";"1,063";"0,000";"0,818";"0,000";"2,954";"0,000";"0,000";"0,000";"0,000";"0,235";"1,073";"1,063";"0,818";"2,954";"0,000";"0,000";"0,000";
"13/01/2024 04:20";"0,992";"0,000";"0,951";"0,000";"0,738";"0,000";"2,682";"0,000";"0,002";"0,000";"0,000";"0,246";"0,992";"0,951";"0,738";"2,682";"0,000";"0,000";"0,000";
"13/01/2024 04:30";"1,062";"0,000";"1,077";"0,000";"0,816";"0,000";"2,956";"0,000";"0,005";"0,000";"0,000";"0,087";"1,062";"1,077";"0,816";"2,956";"0,000";"0,000";"0,000";
"13/01/2024 04:40";"1,061";"0,000";"1,051";"0,000";"0,822";"0,000";"2,934";"0,000";"0,005";"0,000";"0,000";"0,038";"1,061";"1,051";"0,822";"2,934";"0,000";"0,000";"0,000";
"13/01/2024 04:50";"1,292";"0,000";"1,011";"0,000";"0,828";"0,000";"3,131";"0,000";"0,000";"0,000";"0,000";"0,105";"1,292";"1,011";"0,828";"3,131";"0,000";"0,000";"0,000";
"13/01/2024 05:00";"1,150";"0,000";"1,066";"0,000";"0,831";"0,000";"3,047";"0,000";"0,000";"0,000";"0,000";"0,128";"1,150";"1,066";"0,831";"3,047";"0,000";"0,000";"0,000";
"13/01/2024 05:10";"1,076";"0,000";"1,063";"0,000";"0,829";"0,000";"2,967";"0,000";"0,000";"0,000";"0,000";"0,228";"1,076";"1,063";"0,829";"2,967";"0,000";"0,000";"0,000";
"13/01/2024 05:20";"1,070";"0,000";"1,082";"0,000";"0,823";"0,000";"2,975";"0,000";"0,000";"0,000";"0,000";"0,245";"1,070";"1,082";"0,823";"2,975";"0,000";"0,000";"0,000";
"13/01/2024 05:30";"0,987";"0,000";"0,944";"0,000";"0,675";"0,000";"2,606";"0,000";"0,000";"0,000";"0,000";"0,217";"0,987";"0,944";"0,675";"2,606";"0,000";"0,000";"0,000";
"13/01/2024 05:40";"1,068";"0,000";"1,058";"0,000";"0,771";"0,000";"2,896";"0,000";"0,005";"0,000";"0,000";"0,049";"1,068";"1,058";"0,771";"2,896";"0,000";"0,000";"0,000";
"13/01/2024 05:50";"1,080";"0,000";"1,036";"0,000";"0,780";"0,000";"2,897";"0,000";"0,005";"0,000";"0,000";"0,114";"1,080";"1,036";"0,780";"2,897";"0,000";"0,000";"0,000";
"13/01/2024 06:00";"1,067";"0,000";"1,056";"0,000";"0,788";"0,000";"2,911";"0,000";"0,007";"0,000";"0,000";"0,034";"1,067";"1,056";"0,788";"2,911";"0,000";"0,000";"0,000";
"13/01/2024 06:10";"1,086";"0,000";"1,079";"0,000";"0,784";"0,000";"2,950";"0,000";"0,000";"0,000";"0,000";"0,110";"1,086";"1,079";"0,784";"2,950";"0,000";"0,000";"0,000";
"13/01/2024 06:20";"1,062";"0,000";"1,018";"0,000";"0,773";"0,000";"2,853";"0,000";"0,000";"0,000";"0,000";"0,287";"1,062";"1,018";"0,773";"2,853";"0,000";"0,000";"0,000";
"13/01/2024 06:30";"1,099";"0,000";"1,052";"0,000";"0,770";"0,000";"2,921";"0,000";"0,000";"0,000";"0,000";"0,233";"1,099";"1,052";"0,770";"2,921";"0,000";"0,000";"0,000";
"13/01/2024 06:40";"1,273";"0,000";"1,007";"0,000";"0,688";"0,000";"2,969";"0,000";"0,000";"0,000";"0,000";"0,174";"1,273";"1,007";"0,688";"2,969";"0,000";"0,000";"0,000";
"13/01/2024 06:50";"1,110";"0,000";"1,061";"0,000";"0,766";"0,000";"2,937";"0,000";"0,000";"0,000";"0,000";"0,120";"1,110";"1,061";"0,766";"2,937";"0,000";"0,000";"0,000";
"13/01/2024 07:00";"1,048";"0,000";"1,035";"0,000";"0,767";"0,000";"2,850";"0,000";"0,006";"0,000";"0,000";"0,065";"1,048";"1,035";"0,767";"2,850";"0,000";"0,000";"0,000";
"13/01/2024 07:10";"1,058";"0,000";"1,051";"0,000";"0,780";"0,000";"2,888";"0,000";"0,009";"0,000";"0,000";"0,025";"1,058";"1,051";"0,780";"2,888";"0,000";"0,000";"0,000";
"13/01/2024 07:20";"1,100";"0,000";"1,059";"0,000";"0,789";"0,000";"2,948";"0,000";"0,003";"0,000";"0,000";"0,170";"1,100";"1,059";"0,789";"2,948";"0,000";"0,000";"0,000";
"13/01/2024 07:30";"1,084";"0,000";"1,070";"0,000";"0,776";"0,000";"2,930";"0,000";"0,000";"0,000";"0,000";"0,259";"1,084";"1,070";"0,776";"2,930";"0,000";"0,000";"0,000";
"13/01/2024 07:40";"1,076";"0,000";"1,072";"0,000";"0,782";"0,000";"2,929";"0,000";"0,000";"0,000";"0,000";"0,235";"1,076";"1,072";"0,782";"2,929";"0,000";"0,000";"0,000";
"13/01/2024 07:50";"0,996";"0,000";"0,947";"0,000";"0,694";"0,000";"2,638";"0,000";"0,000";"0,000";"0,000";"0,179";"0,996";"0,947";"0,694";"2,638";"0,000";"0,000";"0,000";
"13/01/2024 08:00";"1,055";"0,000";"1,052";"0,000";"0,764";"0,000";"2,872";"0,000";"0,009";"0,000";"0,000";"0,056";"1,055";"1,052";"0,764";"2,872";"0,000";"0,000";"0,000";
"13/01/2024 08:10";"1,064";"0,000";"1,055";"0,000";"0,776";"0,000";"2,895";"0,000";"0,009";"0,000";"0,000";"0,032";"1,064";"1,055";"0,776";"2,895";"0,000";"0,000";"0,000";
"13/01/2024 08:20";"1,041";"0,000";"1,008";"0,000";"0,752";"0,000";"2,801";"0,000";"0,007";"0,000";"0,000";"0,103";"1,041";"1,008";"0,752";"2,801";"0,000";"0,000";"0,000";
"13/01/2024 08:30";"1,008";"0,000";"1,001";"0,000";"0,704";"0,000";"2,714";"0,000";"0,000";"0,000";"0,000";"0,099";"1,008";"1,001";"0,704";"2,714";"0,000";"0,000";"0,000";
"13/01/2024 08:40";"1,155";"0,000";"1,043";"0,000";"0,745";"0,000";"2,943";"0,000";"0,001";"0,000";"0,000";"0,057";"1,155";"1,043";"0,745";"2,943";"0,000";"0,000";"0,000";
"13/01/2024 08:50";"1,383";"0,000";"1,003";"0,000";"0,756";"0,000";"3,142";"0,000";"0,000";"0,000";"0,000";"0,060";"1,383";"1,003";"0,756";"3,142";"0,000";"0,000";"0,000";
"13/01/2024 09:00";"1,152";"0,000";"1,028";"0,000";"0,768";"0,000";"2,948";"0,000";"0,018";"0,000";"0,000";"0,007";"1,152";"1,028";"0,768";"2,948";"0,000";"0,000";"0,000";
"13/01/2024 09:10";"1,139";"0,000";"1,020";"0,000";"0,753";"0,000";"2,912";"0,000";"0,018";"0,000";"0,000";"0,195";"1,139";"1,020";"0,753";"2,912";"0,000";"0,000";"0,000";
"13/01/2024 09:20";"1,045";"0,000";"0,954";"0,000";"0,655";"0,000";"2,653";"0,000";"0,000";"0,000";"0,000";"0,111";"1,045";"0,954";"0,655";"2,653";"0,000";"0,000";"0,000";
"13/01/2024 09:30";"0,982";"0,000";"0,867";"0,000";"0,598";"0,000";"2,447";"0,000";"0,004";"0,000";"0,000";"0,086";"0,983";"0,867";"0,599";"2,449";"0,002";"0,001";"0,001";
"13/01/2024 09:40";"1,057";"0,000";"0,887";"0,000";"0,663";"0,000";"2,607";"0,000";"0,044";"0,000";"0,000";"0,033";"1,067";"0,896";"0,672";"2,635";"0,028";"0,014";"0,014";
"13/01/2024 09:50";"1,015";"0,000";"0,932";"0,000";"0,692";"0,000";"2,639";"0,000";"0,063";"0,000";"0,000";"0,000";"1,025";"0,942";"0,703";"2,670";"0,031";"0,016";"0,015";
"13/01/2024 10:00";"0,953";"0,000";"0,912";"0,000";"0,692";"0,000";"2,557";"0,000";"0,019";"0,000";"0,000";"0,012";"0,969";"0,928";"0,708";"2,605";"0,048";"0,025";"0,023";
"13/01/2024 10:10";"0,934";"0,000";"0,891";"0,000";"0,675";"0,000";"2,500";"0,000";"0,051";"0,000";"0,000";"0,016";"0,989";"0,946";"0,731";"2,666";"0,166";"0,086";"0,080";
"13/01/2024 10:20";"0,949";"0,000";"0,901";"0,000";"0,695";"0,000";"2,545";"0,000";"0,000";"0,000";"0,000";"0,167";"1,055";"1,007";"0,801";"2,863";"0,318";"0,163";"0,155";
"13/01/2024 10:30";"0,921";"0,000";"0,866";"0,000";"0,668";"0,000";"2,455";"0,000";"0,000";"0,000";"0,000";"0,177";"1,102";"1,046";"0,849";"2,996";"0,541";"0,276";"0,265";
"13/01/2024 10:40";"0,891";"0,000";"0,878";"0,000";"0,632";"0,000";"2,401";"0,000";"0,000";"0,000";"0,000";"0,120";"1,049";"1,036";"0,790";"2,875";"0,474";"0,242";"0,232";
"13/01/2024 10:50";"1,048";"0,000";"0,831";"0,000";"0,624";"0,000";"2,503";"0,000";"0,005";"0,000";"0,000";"0,096";"1,242";"1,026";"0,819";"3,087";"0,584";"0,298";"0,286";
"13/01/2024 11:00";"1,106";"0,000";"0,873";"0,000";"0,662";"0,000";"2,641";"0,000";"0,050";"0,000";"0,000";"0,000";"1,263";"1,030";"0,819";"3,113";"0,472";"0,241";"0,231";
"13/01/2024 11:10";"0,931";"0,000";"0,873";"0,000";"0,672";"0,000";"2,476";"0,000";"0,070";"0,000";"0,000";"0,000";"1,127";"1,069";"0,868";"3,064";"0,588";"0,300";"0,288";
"13/01/2024 11:20";"0,842";"0,000";"0,775";"0,000";"0,590";"0,000";"2,207";"0,000";"0,027";"0,000";"0,000";"0,085";"1,080";"1,013";"0,828";"2,921";"0,714";"0,364";"0,350";
"13/01/2024 11:30";"0,897";"0,000";"0,864";"0,000";"0,657";"0,000";"2,418";"0,000";"0,041";"0,000";"0,000";"0,000";"1,089";"1,056";"0,849";"2,994";"0,576";"0,294";"0,282";
"13/01/2024 11:40";"0,910";"0,000";"0,861";"0,000";"0,669";"0,000";"2,439";"0,000";"0,022";"0,000";"0,000";"0,016";"1,275";"1,226";"1,034";"3,535";"1,096";"0,557";"0,539";
"13/01/2024 11:50";"0,973";"0,000";"0,926";"0,000";"0,678";"0,000";"2,577";"0,000";"0,061";"0,000";"0,000";"0,008";"1,417";"1,370";"1,122";"3,909";"1,332";"0,677";"0,655";
"13/01/2024 12:00";"0,874";"0,000";"0,813";"0,000";"0,595";"0,000";"2,282";"0,000";"0,025";"0,000";"0,000";"0,038";"1,622";"1,562";"1,343";"4,527";"2,245";"1,140";"1,105";
"13/01/2024 12:10";"0,894";"0,000";"0,844";"0,000";"0,671";"0,000";"2,410";"0,000";"0,031";"0,000";"0,000";"0,014";"1,708";"1,658";"1,485";"4,852";"2,442";"1,236";"1,206";
"13/01/2024 12:20";"0,918";"0,000";"0,865";"0,000";"0,684";"0,000";"2,467";"0,000";"0,064";"0,000";"0,000";"0,000";"1,743";"1,690";"1,508";"4,941";"2,474";"1,253";"1,221";
"13/01/2024 12:30";"0,892";"0,000";"0,818";"0,000";"0,637";"0,000";"2,347";"0,000";"0,052";"0,000";"0,000";"0,057";"2,511";"2,437";"2,256";"7,204";"4,857";"2,448";"2,409";
"13/01/2024 12:40";"1,115";"0,000";"0,837";"0,000";"0,646";"0,000";"2,598";"0,000";"0,020";"0,000";"0,000";"0,040";"2,058";"1,779";"1,589";"5,425";"2,827";"1,425";"1,402";
"13/01/2024 12:50";"1,056";"0,000";"0,893";"0,000";"0,687";"0,000";"2,636";"0,000";"0,063";"0,000";"0,000";"0,000";"1,892";"1,728";"1,522";"5,142";"2,506";"1,269";"1,237";
"13/01/2024 13:00";"0,847";"0,000";"0,840";"0,000";"0,632";"0,000";"2,319";"0,000";"0,045";"0,000";"0,000";"0,025";"1,918";"1,911";"1,703";"5,533";"3,214";"1,624";"1,590";
"13/01/2024 13:10";"0,918";"0,000";"0,866";"0,000";"0,625";"0,000";"2,409";"0,000";"0,004";"0,000";"0,000";"0,079";"1,924";"1,871";"1,631";"5,425";"3,016";"1,523";"1,493";
"13/01/2024 13:20";"0,930";"0,000";"0,878";"0,000";"0,640";"0,000";"2,448";"0,000";"0,035";"0,000";"0,000";"0,019";"1,362";"1,310";"1,072";"3,744";"1,296";"0,659";"0,637";
"13/01/2024 13:30";"0,923";"0,000";"0,864";"0,000";"0,615";"0,000";"2,402";"0,000";"0,040";"0,000";"0,000";"0,000";"1,360";"1,301";"1,052";"3,713";"1,311";"0,666";"0,645";
"13/01/2024 13:40";"0,914";"0,000";"0,850";"0,000";"0,609";"0,000";"2,373";"0,000";"0,034";"0,000";"0,000";"0,030";"1,264";"1,200";"0,959";"3,424";"1,051";"0,535";"0,516";
"13/01/2024 13:50";"0,919";"0,000";"0,878";"0,000";"0,650";"0,000";"2,448";"0,000";"0,007";"0,000";"0,000";"0,124";"1,239";"1,199";"0,971";"3,409";"0,961";"0,489";"0,472";
"13/01/2024 14:00";"0,915";"0,000";"0,874";"0,000";"0,640";"0,000";"2,430";"0,000";"0,020";"0,000";"0,000";"0,043";"1,212";"1,171";"0,937";"3,321";"0,891";"0,453";"0,438";
"13/01/2024 14:10";"0,849";"0,000";"0,796";"0,000";"0,560";"0,000";"2,205";"0,000";"0,020";"0,000";"0,000";"0,061";"1,158";"1,104";"0,868";"3,130";"0,925";"0,470";"0,455";
"13/01/2024 14:20";"0,914";"0,000";"0,870";"0,000";"0,629";"0,000";"2,413";"0,000";"0,028";"0,000";"0,000";"0,086";"1,289";"1,245";"1,004";"3,538";"1,125";"0,572";"0,553";
"13/01/2024 14:30";"0,912";"0,000";"0,882";"0,000";"0,638";"0,000";"2,433";"0,000";"0,061";"0,000";"0,000";"0,000";"1,250";"1,221";"0,977";"3,448";"1,015";"0,516";"0,499";
"13/01/2024 14:40";"0,923";"0,000";"0,856";"0,000";"0,627";"0,000";"2,406";"0,000";"0,041";"0,000";"0,000";"0,000";"1,291";"1,225";"0,995";"3,512";"1,106";"0,562";"0,544";
"13/01/2024 14:50";"0,929";"0,000";"0,851";"0,000";"0,630";"0,000";"2,409";"0,000";"0,038";"0,000";"0,000";"0,020";"1,198";"1,120";"0,899";"3,217";"0,808";"0,412";"0,396";
"13/01/2024 15:00";"0,950";"0,000";"0,893";"0,000";"0,645";"0,000";"2,488";"0,000";"0,010";"0,000";"0,000";"0,121";"1,277";"1,220";"0,972";"3,469";"0,981";"0,499";"0,482";
"13/01/2024 15:10";"1,165";"0,000";"0,909";"0,000";"0,627";"0,000";"2,701";"0,000";"0,041";"0,000";"0,000";"0,011";"1,581";"1,326";"1,043";"3,950";"1,249";"0,635";"0,614";
"13/01/2024 15:20";"0,938";"0,000";"0,745";"0,000";"0,568";"0,000";"2,251";"0,000";"0,041";"0,000";"0,000";"0,045";"1,434";"1,241";"1,064";"3,739";"1,488";"0,756";"0,732";
"13/01/2024 15:30";"0,912";"0,000";"0,855";"0,000";"0,630";"0,000";"2,397";"0,000";"0,032";"0,000";"0,000";"0,011";"1,880";"1,823";"1,598";"5,301";"2,904";"1,470";"1,434";
"13/01/2024 15:40";"0,930";"0,000";"0,862";"0,000";"0,631";"0,000";"2,422";"0,000";"0,036";"0,000";"0,000";"0,015";"1,666";"1,598";"1,367";"4,630";"2,208";"1,119";"1,089";
"13/01/2024 15:50";"0,690";"0,000";"0,615";"0,000";"0,589";"0,000";"1,894";"0,000";"0,046";"0,000";"0,000";"0,015";"1,459";"1,384";"1,358";"4,200";"2,306";"1,172";"1,134";
"13/01/2024 16:00";"0,421";"0,000";"0,381";"0,000";"0,634";"0,000";"1,436";"0,000";"0,069";"0,000";"0,000";"0,010";"0,905";"0,866";"1,119";"2,890";"1,454";"0,739";"0,715";
"13/01/2024 16:10";"0,491";"0,000";"0,448";"0,000";"0,706";"0,000";"1,645";"0,000";"0,000";"0,000";"0,000";"0,207";"0,817";"0,774";"1,032";"2,623";"0,978";"0,499";"0,479";
"13/01/2024 16:20";"0,911";"0,000";"0,669";"0,000";"0,697";"0,000";"2,278";"0,000";"0,000";"0,000";"0,000";"0,157";"1,223";"0,981";"1,009";"3,213";"0,935";"0,477";"0,458";
"13/01/2024 16:30";"0,932";"0,000";"0,887";"0,000";"0,635";"0,000";"2,454";"0,000";"0,040";"0,000";"0,000";"0,046";"1,255";"1,210";"0,958";"3,423";"0,969";"0,494";"0,475";
"13/01/2024 16:40";"0,933";"0,000";"0,916";"0,000";"0,630";"0,000";"2,478";"0,000";"0,051";"0,000";"0,000";"0,000";"1,256";"1,240";"0,953";"3,449";"0,971";"0,495";"0,476";
"13/01/2024 16:50";"0,933";"0,000";"0,852";"0,000";"0,632";"0,000";"2,417";"0,000";"0,025";"0,000";"0,000";"0,043";"1,148";"1,067";"0,847";"3,061";"0,644";"0,329";"0,315";
"13/01/2024 17:00";"0,575";"0,000";"0,504";"0,000";"0,594";"0,000";"1,674";"0,000";"0,057";"0,000";"0,000";"0,017";"0,799";"0,728";"0,818";"2,346";"0,672";"0,343";"0,329";
"13/01/2024 17:10";"0,410";"0,000";"0,389";"0,000";"0,643";"0,000";"1,441";"0,000";"0,049";"0,000";"0,000";"0,042";"0,546";"0,525";"0,779";"1,850";"0,409";"0,210";"0,199";
"13/01/2024 17:20";"0,466";"0,000";"0,395";"0,000";"0,660";"0,000";"1,521";"0,000";"0,008";"0,000";"0,000";"0,120";"0,576";"0,506";"0,771";"1,852";"0,331";"0,170";"0,161";
"13/01/2024 17:30";"0,967";"0,000";"0,706";"0,000";"0,687";"0,000";"2,360";"0,000";"0,000";"0,000";"0,000";"0,200";"1,047";"0,786";"0,767";"2,599";"0,239";"0,123";"0,116";
"13/01/2024 17:40";"1,094";"0,000";"0,877";"0,000";"0,586";"0,000";"2,557";"0,000";"0,026";"0,000";"0,000";"0,033";"1,142";"0,924";"0,633";"2,699";"0,142";"0,074";"0,068";
"13/01/2024 17:50";"0,824";"0,000";"0,518";"0,000";"0,580";"0,000";"1,921";"0,000";"0,041";"0,000";"0,000";"0,023";"0,849";"0,543";"0,605";"1,996";"0,075";"0,039";"0,036";
"13/01/2024 18:00";"0,390";"0,000";"0,342";"0,000";"0,642";"0,000";"1,374";"0,000";"0,017";"0,000";"0,000";"0,037";"0,405";"0,357";"0,657";"1,418";"0,044";"0,023";"0,021";
"13/01/2024 18:10";"0,472";"0,000";"0,433";"0,000";"0,687";"0,000";"1,592";"0,000";"0,000";"0,000";"0,000";"0,145";"0,476";"0,437";"0,691";"1,604";"0,012";"0,006";"0,006";
"13/01/2024 18:20";"0,887";"0,000";"0,612";"0,000";"0,683";"0,000";"2,182";"0,000";"0,000";"0,000";"0,000";"0,155";"0,887";"0,612";"0,683";"2,182";"0,000";"0,000";"0,000";
"13/01/2024 18:30";"0,911";"0,000";"0,649";"0,000";"0,613";"0,000";"2,173";"0,000";"0,004";"0,000";"0,000";"0,057";"0,911";"0,649";"0,613";"2,173";"0,000";"0,000";"0,000";
"13/01/2024 18:40";"0,989";"0,000";"0,964";"0,000";"0,703";"0,000";"2,656";"0,000";"0,003";"0,000";"0,000";"0,053";"0,989";"0,964";"0,703";"2,656";"0,000";"0,000";"0,000";
"13/01/2024 18:50";"1,057";"0,000";"1,067";"0,000";"0,779";"0,000";"2,903";"0,000";"0,000";"0,000";"0,000";"0,160";"1,057";"1,067";"0,779";"2,903";"0,000";"0,000";"0,000";
"13/01/2024 19:00";"1,064";"0,000";"1,069";"0,000";"0,771";"0,000";"2,905";"0,000";"0,003";"0,000";"0,000";"0,059";"1,064";"1,069";"0,771";"2,905";"0,000";"0,000";"0,000";
"13/01/2024 19:10";"1,089";"0,000";"1,059";"0,000";"0,788";"0,000";"2,936";"0,000";"0,001";"0,000";"0,000";"0,226";"1,089";"1,059";"0,788";"2,936";"0,000";"0,000";"0,000";
"13/01/2024 19:20";"1,037";"0,000";"0,810";"0,000";"0,735";"0,000";"2,582";"0,000";"0,003";"0,000";"0,000";"0,058";"1,037";"0,810";"0,735";"2,582";"0,000";"0,000";"0,000";
"13/01/2024 19:30";"0,948";"0,000";"0,806";"0,000";"0,730";"0,000";"2,484";"0,000";"0,000";"0,000";"0,000";"0,064";"0,948";"0,806";"0,730";"2,484";"0,000";"0,000";"0,000";
"13/01/2024 19:40";"0,553";"0,000";"0,537";"0,000";"0,767";"0,000";"1,857";"0,000";"0,009";"0,000";"0,000";"0,025";"0,553";"0,537";"0,767";"1,857";"0,000";"0,000";"0,000";
"13/01/2024 19:50";"0,558";"0,000";"0,554";"0,000";"0,797";"0,000";"1,909";"0,000";"0,000";"0,000";"0,000";"0,233";"0,558";"0,554";"0,797";"1,909";"0,000";"0,000";"0,000";
"13/01/2024 20:00";"0,892";"0,000";"0,707";"0,000";"0,832";"0,000";"2,431";"0,000";"0,000";"0,000";"0,000";"0,228";"0,892";"0,707";"0,832";"2,431";"0,000";"0,000";"0,000";
"13/01/2024 20:10";"1,021";"0,000";"0,776";"0,000";"0,732";"0,000";"2,529";"0,000";"0,002";"0,000";"0,000";"0,128";"1,021";"0,776";"0,732";"2,529";"0,000";"0,000";"0,000";
"13/01/2024 20:20";"1,287";"0,000";"1,036";"0,000";"0,776";"0,000";"3,099";"0,000";"0,000";"0,000";"0,000";"0,081";"1,287";"1,036";"0,776";"3,099";"0,000";"0,000";"0,000";
"13/01/2024 20:30";"1,178";"0,000";"1,051";"0,000";"0,765";"0,000";"2,994";"0,000";"0,001";"0,000";"0,000";"0,076";"1,178";"1,051";"0,765";"2,994";"0,000";"0,000";"0,000";
"13/01/2024 20:40";"0,845";"0,000";"0,702";"0,000";"0,730";"0,000";"2,277";"0,000";"0,003";"0,000";"0,000";"0,117";"0,845";"0,702";"0,730";"2,277";"0,000";"0,000";"0,000";
"13/01/2024 20:50";"0,546";"0,000";"0,550";"0,000";"0,788";"0,000";"1,884";"0,000";"0,003";"0,000";"0,000";"0,103";"0,546";"0,550";"0,788";"1,884";"0,000";"0,000";"0,000";
"13/01/2024 21:00";"0,618";"0,000";"0,572";"0,000";"0,818";"0,000";"2,008";"0,000";"0,000";"0,000";"0,000";"0,268";"0,618";"0,572";"0,818";"2,008";"0,000";"0,000";"0,000";
"13/01/2024 21:10";"1,072";"0,000";"0,777";"0,000";"0,827";"0,000";"2,675";"0,000";"0,000";"0,000";"0,000";"0,186";"1,072";"0,777";"0,827";"2,675";"0,000";"0,000";"0,000";
"13/01/2024 21:20";"1,119";"0,000";"0,796";"0,000";"0,745";"0,000";"2,659";"0,000";"0,004";"0,000";"0,000";"0,081";"1,119";"0,796";"0,745";"2,659";"0,000";"0,000";"0,000";
"13/01/2024 21:30";"1,107";"0,000";"0,849";"0,000";"0,779";"0,000";"2,735";"0,000";"0,002";"0,000";"0,000";"0,143";"1,107";"0,849";"0,779";"2,735";"0,000";"0,000";"0,000";
"13/01/2024 21:40";"1,151";"0,000";"0,948";"0,000";"0,718";"0,000";"2,817";"0,000";"0,002";"0,000";"0,000";"0,097";"1,151";"0,948";"0,718";"2,817";"0,000";"0,000";"0,000";
"13/01/2024 21:50";"0,847";"0,000";"0,728";"0,000";"0,725";"0,000";"2,299";"0,000";"0,021";"0,000";"0,000";"0,083";"0,847";"0,728";"0,725";"2,299";"0,000";"0,000";"0,000";
"13/01/2024 22:00";"0,631";"0,000";"0,574";"0,000";"0,800";"0,000";"2,005";"0,000";"0,005";"0,000";"0,000";"0,097";"0,631";"0,574";"0,800";"2,005";"0,000";"0,000";"0,000";
"13/01/2024 22:10";"0,583";"0,000";"0,550";"0,000";"0,831";"0,000";"1,963";"0,000";"0,000";"0,000";"0,000";"0,279";"0,583";"0,550";"0,831";"1,963";"0,000";"0,000";"0,000";
"13/01/2024 22:20";"1,038";"0,000";"0,757";"0,000";"0,813";"0,000";"2,608";"0,000";"0,000";"0,000";"0,000";"0,206";"1,038";"0,757";"0,813";"2,608";"0,000";"0,000";"0,000";
"13/01/2024 22:30";"1,057";"0,000";"0,921";"0,000";"0,774";"0,000";"2,751";"0,000";"0,001";"0,000";"0,000";"0,093";"1,057";"0,921";"0,774";"2,751";"0,000";"0,000";"0,000";
"13/01/2024 22:40";"1,036";"0,000";"0,781";"0,000";"0,759";"0,000";"2,576";"0,000";"0,007";"0,000";"0,000";"0,197";"1,036";"0,781";"0,759";"2,576";"0,000";"0,000";"0,000";
"13/01/2024 22:50";"1,040";"0,000";"1,036";"0,000";"0,759";"0,000";"2,836";"0,000";"0,000";"0,000";"0,000";"0,067";"1,040";"1,036";"0,759";"2,836";"0,000";"0,000";"0,000";
"13/01/2024 23:00";"1,219";"0,000";"0,946";"0,000";"0,697";"0,000";"2,862";"0,000";"0,000";"0,000";"0,000";"0,121";"1,219";"0,946";"0,697";"2,862";"0,000";"0,000";"0,000";
"13/01/2024 23:10";"1,151";"0,000";"1,011";"0,000";"0,760";"0,000";"2,922";"0,000";"0,000";"0,000";"0,000";"0,083";"1,151";"1,011";"0,760";"2,922";"0,000";"0,000";"0,000";
"13/01/2024 23:20";"1,044";"0,000";"1,045";"0,000";"0,772";"0,000";"2,861";"0,000";"0,000";"0,000";"0,000";"0,177";"1,044";"1,045";"0,772";"2,861";"0,000";"0,000";"0,000";
"13/01/2024 23:30";"0,851";"0,000";"0,759";"0,000";"0,725";"0,000";"2,336";"0,000";"0,002";"0,000";"0,000";"0,116";"0,851";"0,759";"0,725";"2,336";"0,000";"0,000";"0,000";
"13/01/2024 23:40";"0,560";"0,000";"0,543";"0,000";"0,771";"0,000";"1,873";"0,000";"0,008";"0,000";"0,000";"0,116";"0,560";"0,543";"0,771";"1,873";"0,000";"0,000";"0,000";
"13/01/2024 23:50";"0,623";"0,000";"0,578";"0,000";"0,839";"0,000";"2,040";"0,000";"0,000";"0,000";"0,000";"0,288";"0,623";"0,578";"0,839";"2,040";"0,000";"0,000";"0,000";
"14/01/2024 00:00";"0,868";"0,000";"0,672";"0,000";"0,824";"0,000";"2,364";"0,000";"0,000";"0,000";"0,000";"0,214";"0,868";"0,672";"0,824";"2,364";"0,000";"0,000";"0,000";
"14/01/2024 00:10";"1,030";"0,000";"0,842";"0,000";"0,760";"0,000";"2,632";"0,000";"0,002";"0,000";"0,000";"0,151";"1,030";"0,842";"0,760";"2,632";"0,000";"0,000";"0,000";
"14/01/2024 00:20";"1,074";"0,000";"1,041";"0,000";"0,777";"0,000";"2,892";"0,000";"0,000";"0,000";"0,000";"0,245";"1,074";"1,041";"0,777";"2,892";"0,000";"0,000";"0,000";
"14/01/2024 00:30";"1,066";"0,000";"1,041";"0,000";"0,771";"0,000";"2,878";"0,000";"0,000";"0,000";"0,000";"0,232";"1,066";"1,041";"0,771";"2,878";"0,000";"0,000";"0,000";
"14/01/2024 00:40";"0,762";"0,000";"0,633";"0,000";"0,706";"0,000";"2,102";"0,000";"0,000";"0,000";"0,000";"0,108";"0,762";"0,633";"0,706";"2,102";"0,000";"0,000";"0,000";
"14/01/2024 00:50";"0,559";"0,000";"0,576";"0,000";"0,777";"0,000";"1,912";"0,000";"0,006";"0,000";"0,000";"0,164";"0,559";"0,576";"0,777";"1,912";"0,000";"0,000";"0,000";
"14/01/2024 01:00";"0,595";"0,000";"0,569";"0,000";"0,824";"0,000";"1,989";"0,000";"0,000";"0,000";"0,000";"0,278";"0,595";"0,569";"0,824";"1,989";"0,000";"0,000";"0,000";
"14/01/2024 01:10";"0,908";"0,000";"0,652";"0,000";"0,761";"0,000";"2,321";"0,000";"0,000";"0,000";"0,000";"0,208";"0,908";"0,652";"0,761";"2,321";"0,000";"0,000";"0,000";
"14/01/2024 01:20";"0,556";"0,000";"0,569";"0,000";"0,771";"0,000";"1,896";"0,000";"0,005";"0,000";"0,000";"0,036";"0,556";"0,569";"0,771";"1,896";"0,000";"0,000";"0,000";
"14/01/2024 01:30";"0,658";"0,000";"0,519";"0,000";"0,789";"0,000";"1,967";"0,000";"0,000";"0,000";"0,000";"0,224";"0,658";"0,519";"0,789";"1,967";"0,000";"0,000";"0,000";
"14/01/2024 01:40";"1,070";"0,000";"0,597";"0,000";"0,795";"0,000";"2,462";"0,000";"0,000";"0,000";"0,000";"0,235";"1,070";"0,597";"0,795";"2,462";"0,000";"0,000";"0,000";
"14/01/2024 01:50";"1,078";"0,000";"0,800";"0,000";"0,720";"0,000";"2,599";"0,000";"0,004";"0,000";"0,000";"0,108";"1,078";"0,800";"0,720";"2,599";"0,000";"0,000";"0,000";
"14/01/2024 02:00";"1,012";"0,000";"0,979";"0,000";"0,751";"0,000";"2,741";"0,000";"0,006";"0,000";"0,000";"0,101";"1,012";"0,979";"0,751";"2,741";"0,000";"0,000";"0,000";
"14/01/2024 02:10";"1,011";"0,000";"0,815";"0,000";"0,742";"0,000";"2,568";"0,000";"0,000";"0,000";"0,000";"0,114";"1,011";"0,815";"0,742";"2,568";"0,000";"0,000";"0,000";
"14/01/2024 02:20";"0,895";"0,000";"0,880";"0,000";"0,734";"0,000";"2,509";"0,000";"0,009";"0,000";"0,000";"0,127";"0,895";"0,880";"0,734";"2,509";"0,000";"0,000";"0,000";
"14/01/2024 02:30";"0,557";"0,000";"0,569";"0,000";"0,776";"0,000";"1,903";"0,000";"0,017";"0,000";"0,000";"0,026";"0,557";"0,569";"0,776";"1,903";"0,000";"0,000";"0,000";
"14/01/2024 02:40";"0,500";"0,000";"0,431";"0,000";"0,709";"0,000";"1,639";"0,000";"0,000";"0,000";"0,000";"0,217";"0,500";"0,431";"0,709";"1,639";"0,000";"0,000";"0,000";
"14/01/2024 02:50";"0,525";"0,000";"0,539";"0,000";"0,749";"0,000";"1,813";"0,000";"0,003";"0,000";"0,000";"0,042";"0,525";"0,539";"0,749";"1,813";"0,000";"0,000";"0,000";
"14/01/2024 03:00";"0,563";"0,000";"0,590";"0,000";"0,803";"0,000";"1,957";"0,000";"0,000";"0,000";"0,000";"0,172";"0,563";"0,590";"0,803";"1,957";"0,000";"0,000";"0,000";
"14/01/2024 03:10";"1,115";"0,000";"0,879";"0,000";"0,829";"0,000";"2,823";"0,000";"0,000";"0,000";"0,000";"0,275";"1,115";"0,879";"0,829";"2,823";"0,000";"0,000";"0,000";
"14/01/2024 03:20";"1,123";"0,000";"1,088";"0,000";"0,816";"0,000";"3,027";"0,000";"0,000";"0,000";"0,000";"0,298";"1,123";"1,088";"0,816";"3,027";"0,000";"0,000";"0,000";
"14/01/2024 03:30";"1,052";"0,000";"0,862";"0,000";"0,758";"0,000";"2,672";"0,000";"0,000";"0,000";"0,000";"0,215";"1,052";"0,862";"0,758";"2,672";"0,000";"0,000";"0,000";
"14/01/2024 03:40";"1,072";"0,000";"1,042";"0,000";"0,782";"0,000";"2,897";"0,000";"0,000";"0,000";"0,000";"0,241";"1,072";"1,042";"0,782";"2,897";"0,000";"0,000";"0,000";
"14/01/2024 03:50";"0,659";"0,000";"0,517";"0,000";"0,704";"0,000";"1,881";"0,000";"0,000";"0,000";"0,000";"0,099";"0,659";"0,517";"0,704";"1,881";"0,000";"0,000";"0,000";
"14/01/2024 04:00";"0,560";"0,000";"0,580";"0,000";"0,776";"0,000";"1,916";"0,000";"0,000";"0,000";"0,000";"0,118";"0,560";"0,580";"0,776";"1,916";"0,000";"0,000";"0,000";
"14/01/2024 04:10";"0,611";"0,000";"0,577";"0,000";"0,799";"0,000";"1,987";"0,000";"0,001";"0,000";"0,000";"0,179";"0,611";"0,577";"0,799";"1,987";"0,000";"0,000";"0,000";
"14/01/2024 04:20";"1,312";"0,000";"0,703";"0,000";"0,767";"0,000";"2,781";"0,000";"0,000";"0,000";"0,000";"0,243";"1,312";"0,703";"0,767";"2,781";"0,000";"0,000";"0,000";
"14/01/2024 04:30";"1,230";"0,000";"1,026";"0,000";"0,782";"0,000";"3,038";"0,000";"0,001";"0,000";"0,000";"0,206";"1,230";"1,026";"0,782";"3,038";"0,000";"0,000";"0,000";
"14/01/2024 04:40";"0,743";"0,000";"0,710";"0,000";"0,750";"0,000";"2,203";"0,000";"0,001";"0,000";"0,000";"0,201";"0,743";"0,710";"0,750";"2,203";"0,000";"0,000";"0,000";
"14/01/2024 04:50";"0,554";"0,000";"0,509";"0,000";"0,770";"0,000";"1,832";"0,000";"0,005";"0,000";"0,000";"0,109";"0,554";"0,509";"0,770";"1,832";"0,000";"0,000";"0,000";
"14/01/2024 05:00";"0,594";"0,000";"0,598";"0,000";"0,800";"0,000";"1,992";"0,000";"0,000";"0,000";"0,000";"0,228";"0,594";"0,598";"0,800";"1,992";"0,000";"0,000";"0,000";
"14/01/2024 05:10";"1,066";"0,000";"0,796";"0,000";"0,809";"0,000";"2,672";"0,000";"0,000";"0,000";"0,000";"0,215";"1,066";"0,796";"0,809";"2,672";"0,000";"0,000";"0,000";
"14/01/2024 05:20";"1,066";"0,000";"0,903";"0,000";"0,755";"0,000";"2,725";"0,000";"0,002";"0,000";"0,000";"0,119";"1,066";"0,903";"0,755";"2,725";"0,000";"0,000";"0,000";
"14/01/2024 05:30";"1,074";"0,000";"1,058";"0,000";"0,773";"0,000";"2,906";"0,000";"0,000";"0,000";"0,000";"0,295";"1,074";"1,058";"0,773";"2,906";"0,000";"0,000";"0,000";
"14/01/2024 05:40";"1,094";"0,000";"1,107";"0,000";"0,806";"0,000";"3,007";"0,000";"0,000";"0,000";"0,000";"0,247";"1,094";"1,107";"0,806";"3,007";"0,000";"0,000";"0,000";
"14/01/2024 05:50";"0,649";"0,000";"0,603";"0,000";"0,719";"0,000";"1,971";"0,000";"0,002";"0,000";"0,000";"0,132";"0,649";"0,603";"0,719";"1,971";"0,000";"0,000";"0,000";
"14/01/2024 06:00";"0,577";"0,000";"0,568";"0,000";"0,793";"0,000";"1,938";"0,000";"0,000";"0,000";"0,000";"0,239";"0,577";"0,568";"0,793";"1,938";"0,000";"0,000";"0,000";
"14/01/2024 06:10";"0,587";"0,000";"0,546";"0,000";"0,812";"0,000";"1,946";"0,000";"0,000";"0,000";"0,000";"0,264";"0,587";"0,546";"0,812";"1,946";"0,000";"0,000";"0,000";
"14/01/2024 06:20";"0,606";"0,000";"0,591";"0,000";"0,800";"0,000";"1,998";"0,000";"0,002";"0,000";"0,000";"0,171";"0,606";"0,591";"0,800";"1,998";"0,000";"0,000";"0,000";
"14/01/2024 06:30";"0,597";"0,000";"0,594";"0,000";"0,788";"0,000";"1,979";"0,000";"0,000";"0,000";"0,000";"0,174";"0,597";"0,594";"0,788";"1,979";"0,000";"0,000";"0,000";
"14/01/2024 06:40";"0,594";"0,000";"0,537";"0,000";"0,825";"0,000";"1,957";"0,000";"0,000";"0,000";"0,000";"0,313";"0,594";"0,537";"0,825";"1,957";"0,000";"0,000";"0,000";
"14/01/2024 06:50";"1,013";"0,000";"0,813";"0,000";"0,848";"0,000";"2,674";"0,000";"0,000";"0,000";"0,000";"0,243";"1,013";"0,813";"0,848";"2,674";"0,000";"0,000";"0,000";
"14/01/2024 07:00";"1,160";"0,000";"0,828";"0,000";"0,738";"0,000";"2,726";"0,000";"0,007";"0,000";"0,000";"0,072";"1,160";"0,828";"0,738";"2,726";"0,000";"0,000";"0,000";
"14/01/2024 07:10";"1,283";"0,000";"0,902";"0,000";"0,754";"0,000";"2,939";"0,000";"0,004";"0,000";"0,000";"0,169";"1,283";"0,902";"0,754";"2,939";"0,000";"0,000";"0,000";
"14/01/2024 07:20";"1,071";"0,000";"0,912";"0,000";"0,767";"0,000";"2,750";"0,000";"0,000";"0,000";"0,000";"0,084";"1,071";"0,912";"0,767";"2,750";"0,000";"0,000";"0,000";
"14/01/2024 07:30";"1,036";"0,000";"0,829";"0,000";"0,755";"0,000";"2,621";"0,000";"0,000";"0,000";"0,000";"0,163";"1,036";"0,829";"0,755";"2,621";"0,000";"0,000";"0,000";
"14/01/2024 07:40";"1,064";"0,000";"1,070";"0,000";"0,775";"0,000";"2,910";"0,000";"0,004";"0,000";"0,000";"0,124";"1,064";"1,070";"0,775";"2,910";"0,000";"0,000";"0,000";
"14/01/2024 07:50";"1,023";"0,000";"0,751";"0,000";"0,734";"0,000";"2,508";"0,000";"0,003";"0,000";"0,000";"0,151";"1,023";"0,751";"0,734";"2,508";"0,000";"0,000";"0,000";
"14/01/2024 08:00";"1,054";"0,000";"0,985";"0,000";"0,769";"0,000";"2,809";"0,000";"0,001";"0,000";"0,000";"0,158";"1,054";"0,985";"0,769";"2,809";"0,000";"0,000";"0,000";
"14/01/2024 08:10";"1,020";"0,000";"0,900";"0,000";"0,751";"0,000";"2,671";"0,000";"0,000";"0,000";"0,000";"0,061";"1,020";"0,900";"0,751";"2,671";"0,000";"0,000";"0,000";
"14/01/2024 08:20";"0,816";"0,000";"0,721";"0,000";"0,738";"0,000";"2,275";"0,000";"0,004";"0,000";"0,000";"0,065";"0,816";"0,721";"0,738";"2,275";"0,000";"0,000";"0,000";
"14/01/2024 08:30";"0,571";"0,000";"0,537";"0,000";"0,788";"0,000";"1,896";"0,000";"0,000";"0,000";"0,000";"0,217";"0,571";"0,537";"0,788";"1,896";"0,000";"0,000";"0,000";
"14/01/2024 08:40";"0,618";"0,000";"0,633";"0,000";"0,844";"0,000";"2,095";"0,000";"0,000";"0,000";"0,000";"0,223";"0,618";"0,633";"0,844";"2,095";"0,000";"0,000";"0,000";
"14/01/2024 08:50";"0,961";"0,000";"0,727";"0,000";"0,821";"0,000";"2,509";"0,000";"0,000";"0,000";"0,000";"0,223";"0,961";"0,727";"0,821";"2,509";"0,000";"0,000";"0,000";
"14/01/2024 09:00";"1,049";"0,000";"0,827";"0,000";"0,779";"0,000";"2,655";"0,000";"0,002";"0,000";"0,000";"0,157";"1,049";"0,827";"0,779";"2,655";"0,000";"0,000";"0,000";
"14/01/2024 09:10";"1,064";"0,000";"1,078";"0,000";"0,799";"0,000";"2,940";"0,000";"0,000";"0,000";"0,000";"0,212";"1,064";"1,078";"0,799";"2,940";"0,000";"0,000";"0,000";
"14/01/2024 09:20";"1,156";"0,000";"1,096";"0,000";"0,801";"0,000";"3,053";"0,000";"0,000";"0,000";"0,000";"0,205";"1,156";"1,096";"0,801";"3,053";"0,000";"0,000";"0,000";
"14/01/2024 09:30";"0,765";"0,000";"0,374";"0,000";"0,612";"0,000";"1,751";"0,000";"0,011";"0,000";"0,000";"0,088";"0,765";"0,374";"0,612";"1,751";"0,000";"0,000";"0,000";
"14/01/2024 09:40";"0,525";"0,000";"0,388";"0,000";"0,614";"0,000";"1,527";"0,000";"0,101";"0,000";"0,000";"0,000";"0,525";"0,388";"0,614";"1,527";"0,000";"0,000";"0,000";
"14/01/2024 09:50";"0,540";"0,000";"0,460";"0,000";"0,653";"0,000";"1,652";"0,000";"0,073";"0,000";"0,000";"0,052";"0,541";"0,461";"0,654";"1,656";"0,004";"0,002";"0,002";
"14/01/2024 10:00";"1,086";"0,000";"0,492";"0,000";"0,612";"0,000";"2,190";"0,000";"0,006";"0,000";"0,000";"0,080";"1,096";"0,502";"0,622";"2,220";"0,030";"0,016";"0,014";
"14/01/2024 10:10";"1,203";"0,000";"0,713";"0,000";"0,626";"0,000";"2,542";"0,000";"0,060";"0,000";"0,000";"0,003";"1,231";"0,740";"0,654";"2,625";"0,083";"0,043";"0,040";
"14/01/2024 10:20";"0,917";"0,000";"0,880";"0,000";"0,637";"0,000";"2,434";"0,000";"0,048";"0,000";"0,000";"0,001";"0,969";"0,932";"0,689";"2,590";"0,156";"0,081";"0,075";
"14/01/2024 10:30";"0,897";"0,000";"0,907";"0,000";"0,643";"0,000";"2,447";"0,000";"0,058";"0,000";"0,000";"0,000";"0,998";"1,009";"0,745";"2,751";"0,304";"0,156";"0,148";
"14/01/2024 10:40";"0,596";"0,000";"0,299";"0,000";"0,588";"0,000";"1,483";"0,000";"0,061";"0,000";"0,000";"0,011";"0,789";"0,492";"0,781";"2,062";"0,579";"0,295";"0,284";
"14/01/2024 10:50";"0,550";"0,000";"0,366";"0,000";"0,640";"0,000";"1,556";"0,000";"0,109";"0,000";"0,000";"0,011";"0,868";"0,685";"0,958";"2,512";"0,956";"0,486";"0,470";
"14/01/2024 11:00";"0,608";"0,000";"0,386";"0,000";"0,662";"0,000";"1,656";"0,000";"0,095";"0,000";"0,000";"0,021";"1,011";"0,789";"1,065";"2,865";"1,209";"0,614";"0,595";
"14/01/2024 11:10";"0,853";"0,000";"0,515";"0,000";"0,621";"0,000";"1,989";"0,000";"0,035";"0,000";"0,000";"0,025";"1,365";"1,026";"1,132";"3,524";"1,535";"0,780";"0,755";
"14/01/2024 11:20";"0,516";"0,000";"0,367";"0,000";"0,638";"0,000";"1,521";"0,000";"0,087";"0,000";"0,000";"0,006";"1,523";"1,374";"1,646";"4,544";"3,023";"1,631";"1,392";
"14/01/2024 11:30";"0,584";"0,000";"0,421";"0,000";"0,679";"0,000";"1,684";"0,000";"0,017";"0,000";"0,000";"0,030";"2,158";"1,996";"2,253";"6,407";"4,723";"2,566";"2,157";
"14/01/2024 11:40";"0,919";"0,000";"0,536";"0,000";"0,685";"0,000";"2,140";"0,000";"0,006";"0,000";"0,000";"0,037";"2,427";"2,043";"2,193";"6,662";"4,522";"2,381";"2,141";
"14/01/2024 11:50";"0,578";"0,000";"0,331";"0,000";"0,615";"0,000";"1,523";"0,000";"0,094";"0,000";"0,000";"0,000";"2,319";"2,073";"2,356";"6,748";"5,225";"2,663";"2,562";
"14/01/2024 12:00";"0,512";"0,000";"0,366";"0,000";"0,610";"0,000";"1,488";"0,000";"0,047";"0,000";"0,000";"0,021";"2,289";"2,143";"2,387";"6,819";"5,331";"2,694";"2,637";
"14/01/2024 12:10";"0,472";"0,000";"0,332";"0,000";"0,553";"0,000";"1,356";"0,000";"0,124";"0,000";"0,000";"0,000";"1,422";"1,282";"1,503";"4,206";"2,850";"1,447";"1,403";
"14/01/2024 12:20";"0,537";"0,000";"0,338";"0,000";"0,617";"0,000";"1,492";"0,000";"0,146";"0,000";"0,000";"0,017";"1,372";"1,172";"1,451";"3,995";"2,503";"1,270";"1,233";
"14/01/2024 12:30";"0,516";"0,000";"0,327";"0,000";"0,581";"0,000";"1,424";"0,000";"0,079";"0,000";"0,000";"0,020";"1,251";"1,062";"1,316";"3,628";"2,204";"1,123";"1,081";
"14/01/2024 12:40";"0,557";"0,000";"0,363";"0,000";"0,585";"0,000";"1,505";"0,000";"0,166";"0,000";"0,000";"0,000";"1,682";"1,488";"1,711";"4,881";"3,376";"1,717";"1,659";
"14/01/2024 12:50";"0,517";"0,000";"0,328";"0,000";"0,567";"0,000";"1,412";"0,000";"0,089";"0,000";"0,000";"0,006";"2,022";"1,834";"2,072";"5,929";"4,517";"2,289";"2,228";
"14/01/2024 13:00";"0,453";"0,000";"0,275";"0,000";"0,528";"0,000";"1,256";"0,000";"0,103";"0,000";"0,000";"0,002";"2,885";"2,707";"2,960";"8,551";"7,295";"3,673";"3,622";
"14/01/2024 13:10";"0,488";"0,000";"0,323";"0,000";"0,549";"0,000";"1,359";"0,000";"0,131";"0,000";"0,000";"0,000";"2,057";"1,892";"2,118";"6,066";"4,707";"2,376";"2,331";
"14/01/2024 13:20";"0,438";"0,000";"0,231";"0,000";"0,501";"0,000";"1,170";"0,000";"0,075";"0,000";"0,000";"0,000";"1,410";"1,203";"1,472";"4,085";"2,915";"1,479";"1,436";
"14/01/2024 13:30";"0,569";"0,000";"0,311";"0,000";"0,574";"0,000";"1,454";"0,000";"0,113";"0,000";"0,000";"0,001";"1,941";"1,683";"1,947";"5,571";"4,117";"2,090";"2,027";
"14/01/2024 13:40";"0,581";"0,000";"0,343";"0,000";"0,604";"0,000";"1,528";"0,000";"0,135";"0,000";"0,000";"0,000";"2,197";"1,959";"2,220";"6,375";"4,847";"2,465";"2,382";
"14/01/2024 13:50";"0,796";"0,000";"0,442";"0,000";"0,346";"0,000";"1,584";"0,000";"0,098";"0,000";"0,000";"0,007";"3,143";"2,789";"2,694";"8,626";"7,042";"3,579";"3,463";
"14/01/2024 14:00";"1,176";"0,000";"0,790";"0,000";"0,313";"0,000";"2,279";"0,000";"0,011";"0,000";"0,000";"0,026";"3,345";"2,960";"2,483";"8,788";"6,509";"3,315";"3,194";
"14/01/2024 14:10";"1,148";"0,000";"0,950";"0,000";"0,274";"0,000";"2,372";"0,000";"0,013";"0,000";"0,000";"0,032";"3,109";"2,910";"2,234";"8,253";"5,881";"2,999";"2,882";
"14/01/2024 14:20";"0,869";"0,000";"0,467";"0,000";"0,154";"0,000";"1,490";"0,000";"0,080";"0,000";"0,000";"0,015";"2,016";"1,613";"1,301";"4,930";"3,440";"1,763";"1,677";
"14/01/2024 14:30";"0,557";"0,000";"0,351";"0,000";"0,212";"0,000";"1,120";"0,000";"0,199";"0,000";"0,000";"0,000";"1,983";"1,777";"1,638";"5,398";"4,278";"2,188";"2,090";
"14/01/2024 14:40";"0,568";"0,000";"0,392";"0,000";"0,235";"0,000";"1,195";"0,000";"0,214";"0,000";"0,000";"0,000";"1,758";"1,582";"1,425";"4,765";"3,570";"1,823";"1,747";
"14/01/2024 14:50";"0,962";"0,000";"0,479";"0,000";"0,213";"0,000";"1,654";"0,000";"0,080";"0,000";"0,000";"0,007";"1,843";"1,360";"1,094";"4,296";"2,642";"1,340";"1,302";
"14/01/2024 15:00";"1,100";"0,000";"0,704";"0,000";"0,216";"0,000";"2,020";"0,000";"0,146";"0,000";"0,000";"0,000";"1,802";"1,406";"0,918";"4,125";"2,105";"1,069";"1,036";
"14/01/2024 15:10";"0,839";"0,000";"0,577";"0,000";"0,181";"0,000";"1,596";"0,000";"0,155";"0,000";"0,000";"0,000";"1,585";"1,323";"0,928";"3,836";"2,240";"1,138";"1,102";
"14/01/2024 15:20";"0,559";"0,000";"0,361";"0,000";"0,226";"0,000";"1,147";"0,000";"0,114";"0,000";"0,000";"0,019";"1,139";"0,941";"0,806";"2,886";"1,739";"0,884";"0,855";
"14/01/2024 15:30";"0,500";"0,000";"0,268";"0,000";"0,146";"0,000";"0,914";"0,000";"0,080";"0,000";"0,000";"0,029";"0,836";"0,604";"0,482";"1,922";"1,008";"0,514";"0,494";
"14/01/2024 15:40";"0,559";"0,000";"0,347";"0,000";"0,199";"0,000";"1,104";"0,000";"0,180";"0,000";"0,000";"0,000";"0,763";"0,552";"0,403";"1,718";"0,614";"0,315";"0,299";
"14/01/2024 15:50";"0,631";"0,000";"0,396";"0,000";"0,251";"0,000";"1,277";"0,000";"0,081";"0,000";"0,000";"0,032";"0,971";"0,736";"0,591";"2,297";"1,020";"0,520";"0,500";
"14/01/2024 16:00";"0,884";"0,000";"0,440";"0,000";"0,231";"0,000";"1,556";"0,000";"0,006";"0,000";"0,000";"0,069";"1,238";"0,794";"0,585";"2,617";"1,061";"0,542";"0,519";
"14/01/2024 16:10";"0,907";"0,000";"0,828";"0,000";"0,215";"0,000";"1,949";"0,000";"0,080";"0,000";"0,000";"0,000";"1,413";"1,334";"0,721";"3,467";"1,518";"0,772";"0,746";
"14/01/2024 16:20";"0,580";"0,000";"0,495";"0,000";"0,181";"0,000";"1,255";"0,000";"0,047";"0,000";"0,000";"0,093";"0,954";"0,869";"0,555";"2,378";"1,123";"0,572";"0,551";
"14/01/2024 16:30";"0,404";"0,000";"0,341";"0,000";"0,287";"0,000";"1,032";"0,000";"0,068";"0,000";"0,000";"0,039";"0,664";"0,600";"0,547";"1,811";"0,779";"0,398";"0,381";
"14/01/2024 16:40";"0,415";"0,000";"0,391";"0,000";"0,550";"0,000";"1,356";"0,000";"0,063";"0,000";"0,000";"0,018";"0,627";"0,603";"0,762";"1,991";"0,635";"0,324";"0,311";
"14/01/2024 16:50";"0,762";"0,000";"0,468";"0,000";"0,494";"0,000";"1,724";"0,000";"0,001";"0,000";"0,000";"0,110";"0,910";"0,616";"0,642";"2,168";"0,444";"0,227";"0,217";
"14/01/2024 17:00";"0,913";"0,000";"0,719";"0,000";"0,543";"0,000";"2,175";"0,000";"0,025";"0,000";"0,000";"0,011";"0,962";"0,768";"0,592";"2,322";"0,147";"0,076";"0,071";
"14/01/2024 17:10";"0,636";"0,000";"0,430";"0,000";"0,499";"0,000";"1,565";"0,000";"0,059";"0,000";"0,000";"0,027";"0,689";"0,483";"0,552";"1,723";"0,158";"0,082";"0,076";
"14/01/2024 17:20";"0,419";"0,000";"0,372";"0,000";"0,561";"0,000";"1,352";"0,000";"0,061";"0,000";"0,000";"0,037";"0,613";"0,567";"0,755";"1,935";"0,583";"0,297";"0,286";
"14/01/2024 17:30";"0,455";"0,000";"0,426";"0,000";"0,617";"0,000";"1,498";"0,000";"0,000";"0,000";"0,000";"0,165";"0,509";"0,479";"0,670";"1,659";"0,161";"0,083";"0,078";
"14/01/2024 17:40";"0,648";"0,000";"0,476";"0,000";"0,523";"0,000";"1,647";"0,000";"0,005";"0,000";"0,000";"0,081";"0,678";"0,506";"0,553";"1,736";"0,089";"0,046";"0,043";
"14/01/2024 17:50";"0,405";"0,000";"0,346";"0,000";"0,544";"0,000";"1,296";"0,000";"0,036";"0,000";"0,000";"0,018";"0,427";"0,369";"0,567";"1,363";"0,067";"0,035";"0,032";
"14/01/2024 18:00";"0,473";"0,000";"0,442";"0,000";"0,609";"0,000";"1,524";"0,000";"0,000";"0,000";"0,000";"0,140";"0,477";"0,446";"0,613";"1,536";"0,012";"0,006";"0,006";
"14/01/2024 18:10";"0,537";"0,000";"0,427";"0,000";"0,614";"0,000";"1,578";"0,000";"0,000";"0,000";"0,000";"0,151";"0,537";"0,427";"0,614";"1,578";"0,000";"0,000";"0,000";
"14/01/2024 18:20";"0,539";"0,000";"0,355";"0,000";"0,515";"0,000";"1,410";"0,000";"0,026";"0,000";"0,000";"0,025";"0,539";"0,355";"0,515";"1,410";"0,000";"0,000";"0,000";
"14/01/2024 18:30";"0,432";"0,000";"0,416";"0,000";"0,579";"0,000";"1,427";"0,000";"0,036";"0,000";"0,000";"0,025";"0,432";"0,416";"0,579";"1,427";"0,000";"0,000";"0,000";
"14/01/2024 18:40";"0,583";"0,000";"0,569";"0,000";"0,723";"0,000";"1,875";"0,000";"0,000";"0,000";"0,000";"0,163";"0,583";"0,569";"0,723";"1,875";"0,000";"0,000";"0,000";
"14/01/2024 18:50";"0,797";"0,000";"0,598";"0,000";"0,653";"0,000";"2,048";"0,000";"0,005";"0,000";"0,000";"0,156";"0,797";"0,598";"0,653";"2,048";"0,000";"0,000";"0,000";
"14/01/2024 19:00";"0,535";"0,000";"0,511";"0,000";"0,689";"0,000";"1,735";"0,000";"0,017";"0,000";"0,000";"0,059";"0,535";"0,511";"0,689";"1,735";"0,000";"0,000";"0,000";
"14/01/2024 19:10";"0,557";"0,000";"0,568";"0,000";"0,724";"0,000";"1,849";"0,000";"0,009";"0,000";"0,000";"0,130";"0,557";"0,568";"0,724";"1,849";"0,000";"0,000";"0,000";
"14/01/2024 19:20";"0,744";"0,000";"0,679";"0,000";"0,716";"0,000";"2,139";"0,000";"0,000";"0,000";"0,000";"0,217";"0,744";"0,679";"0,716";"2,139";"0,000";"0,000";"0,000";
"14/01/2024 19:30";"0,614";"0,000";"0,512";"0,000";"0,663";"0,000";"1,789";"0,000";"0,005";"0,000";"0,000";"0,072";"0,614";"0,512";"0,663";"1,789";"0,000";"0,000";"0,000";
"14/01/2024 19:40";"0,537";"0,000";"0,532";"0,000";"0,699";"0,000";"1,768";"0,000";"0,011";"0,000";"0,000";"0,025";"0,537";"0,532";"0,699";"1,768";"0,000";"0,000";"0,000";
"14/01/2024 19:50";"0,590";"0,000";"0,565";"0,000";"0,746";"0,000";"1,901";"0,000";"0,012";"0,000";"0,000";"0,180";"0,590";"0,565";"0,746";"1,901";"0,000";"0,000";"0,000";
"14/01/2024 20:00";"0,747";"0,000";"0,598";"0,000";"0,642";"0,000";"1,987";"0,000";"0,000";"0,000";"0,000";"0,124";"0,747";"0,598";"0,642";"1,987";"0,000";"0,000";"0,000";
"14/01/2024 20:10";"0,530";"0,000";"0,526";"0,000";"0,692";"0,000";"1,748";"0,000";"0,009";"0,000";"0,000";"0,034";"0,530";"0,526";"0,692";"1,748";"0,000";"0,000";"0,000";
"14/01/2024 20:20";"0,586";"0,000";"0,559";"0,000";"0,757";"0,000";"1,902";"0,000";"0,006";"0,000";"0,000";"0,160";"0,586";"0,559";"0,757";"1,902";"0,000";"0,000";"0,000";
"14/01/2024 20:30";"0,696";"0,000";"0,532";"0,000";"0,699";"0,000";"1,927";"0,000";"0,000";"0,000";"0,000";"0,189";"0,696";"0,532";"0,699";"1,927";"0,000";"0,000";"0,000";
"14/01/2024 20:40";"0,513";"0,000";"0,512";"0,000";"0,647";"0,000";"1,672";"0,000";"0,013";"0,000";"0,000";"0,042";"0,513";"0,512";"0,647";"1,672";"0,000";"0,000";"0,000";
"14/01/2024 20:50";"0,470";"0,000";"0,466";"0,000";"0,561";"0,000";"1,497";"0,000";"0,002";"0,000";"0,000";"0,065";"0,470";"0,466";"0,561";"1,497";"0,000";"0,000";"0,000";
"14/01/2024 21:00";"0,490";"0,000";"0,481";"0,000";"0,585";"0,000";"1,556";"0,000";"0,000";"0,000";"0,000";"0,119";"0,490";"0,481";"0,585";"1,556";"0,000";"0,000";"0,000";
"14/01/2024 21:10";"0,536";"0,000";"0,542";"0,000";"0,628";"0,000";"1,706";"0,000";"0,008";"0,000";"0,000";"0,064";"0,536";"0,542";"0,628";"1,706";"0,000";"0,000";"0,000";
"14/01/2024 21:20";"0,853";"0,000";"0,628";"0,000";"0,639";"0,000";"2,120";"0,000";"0,000";"0,000";"0,000";"0,216";"0,853";"0,628";"0,639";"2,120";"0,000";"0,000";"0,000";
"14/01/2024 21:30";"0,558";"0,000";"0,524";"0,000";"0,591";"0,000";"1,673";"0,000";"0,007";"0,000";"0,000";"0,064";"0,558";"0,524";"0,591";"1,673";"0,000";"0,000";"0,000";
"14/01/2024 21:40";"0,529";"0,000";"0,509";"0,000";"0,631";"0,000";"1,668";"0,000";"0,009";"0,000";"0,000";"0,128";"0,529";"0,509";"0,631";"1,668";"0,000";"0,000";"0,000";
"14/01/2024 21:50";"0,685";"0,000";"0,538";"0,000";"0,642";"0,000";"1,865";"0,000";"0,026";"0,000";"0,000";"0,073";"0,685";"0,538";"0,642";"1,865";"0,000";"0,000";"0,000";
"14/01/2024 22:00";"0,881";"0,000";"0,603";"0,000";"0,595";"0,000";"2,079";"0,000";"0,006";"0,000";"0,000";"0,096";"0,881";"0,603";"0,595";"2,079";"0,000";"0,000";"0,000";
"14/01/2024 22:10";"0,615";"0,000";"0,547";"0,000";"0,639";"0,000";"1,801";"0,000";"0,013";"0,000";"0,000";"0,061";"0,615";"0,547";"0,639";"1,801";"0,000";"0,000";"0,000";
"14/01/2024 22:20";"0,584";"0,000";"0,435";"0,000";"0,702";"0,000";"1,721";"0,000";"0,002";"0,000";"0,000";"0,104";"0,584";"0,435";"0,702";"1,721";"0,000";"0,000";"0,000";
"14/01/2024 22:30";"0,595";"0,000";"0,508";"0,000";"0,734";"0,000";"1,838";"0,000";"0,012";"0,000";"0,000";"0,034";"0,595";"0,508";"0,734";"1,838";"0,000";"0,000";"0,000";
"14/01/2024 22:40";"0,549";"0,000";"0,547";"0,000";"0,733";"0,000";"1,828";"0,000";"0,003";"0,000";"0,000";"0,123";"0,549";"0,547";"0,733";"1,828";"0,000";"0,000";"0,000";
"14/01/2024 22:50";"0,973";"0,000";"0,608";"0,000";"0,709";"0,000";"2,290";"0,000";"0,000";"0,000";"0,000";"0,173";"0,973";"0,608";"0,709";"2,290";"0,000";"0,000";"0,000";
"14/01/2024 23:00";"1,054";"0,000";"0,950";"0,000";"0,721";"0,000";"2,726";"0,000";"0,000";"0,000";"0,000";"0,088";"1,054";"0,950";"0,721";"2,726";"0,000";"0,000";"0,000";
"14/01/2024 23:10";"0,699";"0,000";"0,623";"0,000";"0,681";"0,000";"2,002";"0,000";"0,003";"0,000";"0,000";"0,068";"0,699";"0,623";"0,681";"2,002";"0,000";"0,000";"0,000";
"14/01/2024 23:20";"0,536";"0,000";"0,541";"0,000";"0,741";"0,000";"1,819";"0,000";"0,006";"0,000";"0,000";"0,111";"0,536";"0,541";"0,741";"1,819";"0,000";"0,000";"0,000";
"14/01/2024 23:30";"0,567";"0,000";"0,550";"0,000";"0,758";"0,000";"1,875";"0,000";"0,006";"0,000";"0,000";"0,190";"0,567";"0,550";"0,758";"1,875";"0,000";"0,000";"0,000";
"14/01/2024 23:40";"0,719";"0,000";"0,543";"0,000";"0,717";"0,000";"1,979";"0,000";"0,003";"0,000";"0,000";"0,156";"0,719";"0,543";"0,717";"1,979";"0,000";"0,000";"0,000";
"14/01/2024 23:50";"0,545";"0,000";"0,541";"0,000";"0,729";"0,000";"1,814";"0,000";"0,009";"0,000";"0,000";"0,034";"0,545";"0,541";"0,729";"1,814";"0,000";"0,000";"0,000";
"15/01/2024 00:00";"0,527";"0,000";"0,498";"0,000";"0,731";"0,000";"1,756";"0,000";"0,006";"0,000";"0,000";"0,089";"0,527";"0,498";"0,731";"1,756";"0,000";"0,000";"0,000";
"15/01/2024 00:10";"0,754";"0,000";"0,616";"0,000";"0,773";"0,000";"2,142";"0,000";"0,000";"0,000";"0,000";"0,223";"0,754";"0,616";"0,773";"2,142";"0,000";"0,000";"0,000";
"15/01/2024 00:20";"0,614";"0,000";"0,559";"0,000";"0,691";"0,000";"1,863";"0,000";"0,006";"0,000";"0,000";"0,096";"0,614";"0,559";"0,691";"1,863";"0,000";"0,000";"0,000";
"15/01/2024 00:30";"0,548";"0,000";"0,532";"0,000";"0,683";"0,000";"1,763";"0,000";"0,015";"0,000";"0,000";"0,044";"0,548";"0,532";"0,683";"1,763";"0,000";"0,000";"0,000";
"15/01/2024 00:40";"0,597";"0,000";"0,598";"0,000";"0,650";"0,000";"1,844";"0,000";"0,009";"0,000";"0,000";"0,147";"0,597";"0,598";"0,650";"1,844";"0,000";"0,000";"0,000";
"15/01/2024 00:50";"0,730";"0,000";"0,651";"0,000";"0,578";"0,000";"1,959";"0,000";"0,000";"0,000";"0,000";"0,168";"0,730";"0,651";"0,578";"1,959";"0,000";"0,000";"0,000";
"15/01/2024 01:00";"0,534";"0,000";"0,516";"0,000";"0,597";"0,000";"1,647";"0,000";"0,006";"0,000";"0,000";"0,074";"0,534";"0,516";"0,597";"1,647";"0,000";"0,000";"0,000";
"15/01/2024 01:10";"0,546";"0,000";"0,535";"0,000";"0,604";"0,000";"1,684";"0,000";"0,004";"0,000";"0,000";"0,111";"0,546";"0,535";"0,604";"1,684";"0,000";"0,000";"0,000";
"15/01/2024 01:20";"0,777";"0,000";"0,616";"0,000";"0,624";"0,000";"2,016";"0,000";"0,000";"0,000";"0,000";"0,246";"0,777";"0,616";"0,624";"2,016";"0,000";"0,000";"0,000";
"15/01/2024 01:30";"1,001";"0,000";"0,779";"0,000";"0,572";"0,000";"2,352";"0,000";"0,006";"0,000";"0,000";"0,073";"1,001";"0,779";"0,572";"2,352";"0,000";"0,000";"0,000";
"15/01/2024 01:40";"0,864";"0,000";"0,708";"0,000";"0,539";"0,000";"2,111";"0,000";"0,011";"0,000";"0,000";"0,093";"0,864";"0,708";"0,539";"2,111";"0,000";"0,000";"0,000";
"15/01/2024 01:50";"0,547";"0,000";"0,536";"0,000";"0,599";"0,000";"1,682";"0,000";"0,005";"0,000";"0,000";"0,085";"0,547";"0,536";"0,599";"1,682";"0,000";"0,000";"0,000";
"15/01/2024 02:00";"0,572";"0,000";"0,565";"0,000";"0,627";"0,000";"1,765";"0,000";"0,000";"0,000";"0,000";"0,229";"0,572";"0,565";"0,627";"1,765";"0,000";"0,000";"0,000";
"15/01/2024 02:10";"0,647";"0,000";"0,503";"0,000";"0,595";"0,000";"1,744";"0,000";"0,000";"0,000";"0,000";"0,238";"0,647";"0,503";"0,595";"1,744";"0,000";"0,000";"0,000";
"15/01/2024 02:20";"0,589";"0,000";"0,500";"0,000";"0,563";"0,000";"1,652";"0,000";"0,004";"0,000";"0,000";"0,058";"0,589";"0,500";"0,563";"1,652";"0,000";"0,000";"0,000";
"15/01/2024 02:30";"0,594";"0,000";"0,597";"0,000";"0,649";"0,000";"1,839";"0,000";"0,000";"0,000";"0,000";"0,182";"0,594";"0,597";"0,649";"1,839";"0,000";"0,000";"0,000";
"15/01/2024 02:40";"0,620";"0,000";"0,606";"0,000";"0,657";"0,000";"1,883";"0,000";"0,000";"0,000";"0,000";"0,233";"0,620";"0,606";"0,657";"1,883";"0,000";"0,000";"0,000";
"15/01/2024 02:50";"0,741";"0,000";"0,413";"0,000";"0,520";"0,000";"1,674";"0,000";"0,005";"0,000";"0,000";"0,152";"0,741";"0,413";"0,520";"1,674";"0,000";"0,000";"0,000";
"15/01/2024 03:00";"0,516";"0,000";"0,513";"0,000";"0,590";"0,000";"1,619";"0,000";"0,012";"0,000";"0,000";"0,038";"0,516";"0,513";"0,590";"1,619";"0,000";"0,000";"0,000";
"15/01/2024 03:10";"0,591";"0,000";"0,579";"0,000";"0,642";"0,000";"1,812";"0,000";"0,017";"0,000";"0,000";"0,109";"0,591";"0,579";"0,642";"1,812";"0,000";"0,000";"0,000";
"15/01/2024 03:20";"0,782";"0,000";"0,472";"0,000";"0,560";"0,000";"1,813";"0,000";"0,000";"0,000";"0,000";"0,204";"0,782";"0,472";"0,560";"1,813";"0,000";"0,000";"0,000";
"15/01/2024 03:30";"0,515";"0,000";"0,519";"0,000";"0,584";"0,000";"1,618";"0,000";"0,003";"0,000";"0,000";"0,067";"0,515";"0,519";"0,584";"1,618";"0,000";"0,000";"0,000";
"15/01/2024 03:40";"0,537";"0,000";"0,559";"0,000";"0,611";"0,000";"1,707";"0,000";"0,005";"0,000";"0,000";"0,127";"0,537";"0,559";"0,611";"1,707";"0,000";"0,000";"0,000";
"15/01/2024 03:50";"0,562";"0,000";"0,556";"0,000";"0,617";"0,000";"1,735";"0,000";"0,000";"0,000";"0,000";"0,209";"0,562";"0,556";"0,617";"1,735";"0,000";"0,000";"0,000";
"15/01/2024 04:00";"0,479";"0,000";"0,447";"0,000";"0,537";"0,000";"1,463";"0,000";"0,002";"0,000";"0,000";"0,103";"0,479";"0,447";"0,537";"1,463";"0,000";"0,000";"0,000";
"15/01/2024 04:10";"0,526";"0,000";"0,521";"0,000";"0,591";"0,000";"1,638";"0,000";"0,008";"0,000";"0,000";"0,048";"0,526";"0,521";"0,591";"1,638";"0,000";"0,000";"0,000";
"15/01/2024 04:20";"0,670";"0,000";"0,585";"0,000";"0,645";"0,000";"1,900";"0,000";"0,001";"0,000";"0,000";"0,124";"0,670";"0,585";"0,645";"1,900";"0,000";"0,000";"0,000";
"15/01/2024 04:30";"0,861";"0,000";"0,585";"0,000";"0,615";"0,000";"2,061";"0,000";"0,000";"0,000";"0,000";"0,150";"0,861";"0,585";"0,615";"2,061";"0,000";"0,000";"0,000";
"15/01/2024 04:40";"0,542";"0,000";"0,513";"0,000";"0,616";"0,000";"1,671";"0,000";"0,008";"0,000";"0,000";"0,072";"0,542";"0,513";"0,616";"1,671";"0,000";"0,000";"0,000";
"15/01/2024 04:50";"0,554";"0,000";"0,538";"0,000";"0,647";"0,000";"1,739";"0,000";"0,001";"0,000";"0,000";"0,109";"0,554";"0,538";"0,647";"1,739";"0,000";"0,000";"0,000";
"15/01/2024 05:00";"0,714";"0,000";"0,532";"0,000";"0,628";"0,000";"1,874";"0,000";"0,000";"0,000";"0,000";"0,194";"0,714";"0,532";"0,628";"1,874";"0,000";"0,000";"0,000";
"15/01/2024 05:10";"0,625";"0,000";"0,517";"0,000";"0,573";"0,000";"1,715";"0,000";"0,004";"0,000";"0,000";"0,056";"0,625";"0,517";"0,573";"1,715";"0,000";"0,000";"0,000";
"15/01/2024 05:20";"0,723";"0,000";"0,682";"0,000";"0,724";"0,000";"2,129";"0,000";"0,033";"0,000";"0,000";"0,044";"0,723";"0,682";"0,724";"2,129";"0,000";"0,000";"0,000";
"15/01/2024 05:30";"2,394";"0,000";"1,904";"0,000";"1,874";"0,000";"6,172";"0,000";"0,728";"0,000";"0,000";"0,117";"2,394";"1,904";"1,874";"6,172";"0,000";"0,000";"0,000";
"15/01/2024 05:40";"2,335";"0,000";"1,410";"0,000";"1,404";"0,000";"5,149";"0,000";"0,055";"0,000";"0,000";"0,159";"2,335";"1,410";"1,404";"5,149";"0,000";"0,000";"0,000";
"15/01/2024 05:50";"1,918";"0,000";"1,526";"0,000";"1,484";"0,000";"4,929";"0,000";"0,022";"0,000";"0,000";"0,134";"1,918";"1,526";"1,484";"4,929";"0,000";"0,000";"0,000";
"15/01/2024 06:00";"3,184";"0,000";"2,686";"0,000";"2,714";"0,000";"8,583";"0,000";"0,752";"0,000";"0,000";"0,121";"3,184";"2,686";"2,714";"8,583";"0,000";"0,000";"0,000";
"15/01/2024 06:10";"4,227";"0,000";"3,991";"0,000";"4,305";"0,000";"12,523";"0,000";"0,746";"0,000";"0,000";"0,158";"4,227";"3,991";"4,305";"12,523";"0,000";"0,000";"0,000";
"15/01/2024 06:20";"3,354";"0,000";"3,037";"0,000";"3,276";"0,000";"9,668";"0,000";"1,615";"0,000";"0,000";"0,424";"3,354";"3,037";"3,276";"9,668";"0,000";"0,000";"0,000";
"15/01/2024 06:30";"3,654";"0,000";"3,129";"0,000";"3,253";"0,000";"10,036";"0,000";"0,922";"0,000";"0,000";"0,231";"3,654";"3,129";"3,253";"10,036";"0,000";"0,000";"0,000";
"15/01/2024 06:40";"4,077";"0,000";"3,737";"0,000";"4,039";"0,000";"11,853";"0,000";"1,273";"0,000";"0,000";"0,195";"4,077";"3,737";"4,039";"11,853";"0,000";"0,000";"0,000";
"15/01/2024 06:50";"4,602";"0,000";"4,202";"0,000";"4,476";"0,000";"13,281";"0,000";"1,191";"0,000";"0,000";"0,572";"4,602";"4,202";"4,476";"13,281";"0,000";"0,000";"0,000";
"15/01/2024 07:00";"4,460";"0,000";"3,971";"0,000";"4,317";"0,000";"12,748";"0,000";"0,863";"0,000";"0,000";"0,486";"4,460";"3,971";"4,317";"12,748";"0,000";"0,000";"0,000";
"15/01/2024 07:10";"5,518";"0,000";"5,058";"0,000";"5,274";"0,000";"15,850";"0,000";"1,750";"0,000";"0,000";"0,441";"5,518";"5,058";"5,274";"15,850";"0,000";"0,000";"0,000";
"15/01/2024 07:20";"5,552";"0,000";"5,073";"0,000";"5,411";"0,000";"16,036";"0,000";"0,856";"0,000";"0,000";"0,473";"5,552";"5,073";"5,411";"16,036";"0,000";"0,000";"0,000";
"15/01/2024 07:30";"4,226";"0,000";"3,915";"0,000";"4,341";"0,000";"12,482";"0,000";"1,222";"0,000";"0,000";"0,293";"4,226";"3,915";"4,341";"12,482";"0,000";"0,000";"0,000";
"15/01/2024 07:40";"3,737";"0,000";"3,086";"0,000";"3,406";"0,000";"10,229";"0,000";"1,344";"0,000";"0,000";"0,304";"3,737";"3,086";"3,406";"10,229";"0,000";"0,000";"0,000";
"15/01/2024 07:50";"3,217";"0,000";"3,003";"0,000";"3,270";"0,000";"9,490";"0,000";"1,240";"0,000";"0,000";"0,082";"3,217";"3,003";"3,270";"9,490";"0,000";"0,000";"0,000";
"15/01/2024 08:00";"3,291";"0,000";"3,003";"0,000";"3,137";"0,000";"9,431";"0,000";"1,025";"0,000";"0,000";"0,275";"3,291";"3,003";"3,137";"9,431";"0,000";"0,000";"0,000";
"15/01/2024 08:10";"4,167";"0,000";"3,670";"0,000";"3,735";"0,000";"11,573";"0,000";"1,023";"0,000";"0,000";"0,161";"4,167";"3,670";"3,735";"11,573";"0,000";"0,000";"0,000";
"15/01/2024 08:20";"4,026";"0,000";"3,427";"0,000";"3,236";"0,000";"10,690";"0,000";"1,017";"0,000";"0,000";"0,300";"4,026";"3,427";"3,236";"10,690";"0,000";"0,000";"0,000";
"15/01/2024 08:30";"3,896";"0,000";"3,518";"0,000";"3,404";"0,000";"10,818";"0,000";"1,346";"0,000";"0,000";"0,247";"3,896";"3,518";"3,404";"10,818";"0,000";"0,000";"0,000";
"15/01/2024 08:40";"3,745";"0,000";"3,481";"0,000";"3,390";"0,000";"10,617";"0,000";"1,361";"0,000";"0,000";"0,388";"3,745";"3,481";"3,390";"10,617";"0,000";"0,000";"0,000";
"15/01/2024 08:50";"3,676";"0,000";"3,380";"0,000";"3,241";"0,000";"10,297";"0,000";"1,436";"0,000";"0,000";"0,206";"3,676";"3,380";"3,241";"10,297";"0,000";"0,000";"0,000";
"15/01/2024 09:00";"3,481";"0,000";"3,237";"0,000";"3,041";"0,000";"9,759";"0,000";"1,312";"0,000";"0,000";"0,158";"3,481";"3,237";"3,041";"9,759";"0,000";"0,000";"0,000";
"15/01/2024 09:10";"3,691";"0,000";"3,285";"0,000";"3,166";"0,000";"10,141";"0,000";"1,262";"0,000";"0,000";"0,168";"3,691";"3,285";"3,166";"10,141";"0,000";"0,000";"0,000";
"15/01/2024 09:20";"4,381";"0,000";"3,777";"0,000";"3,648";"0,000";"11,806";"0,000";"0,927";"0,000";"0,000";"0,543";"4,381";"3,777";"3,648";"11,806";"0,000";"0,000";"0,000";
"15/01/2024 09:30";"6,299";"0,000";"5,852";"0,000";"5,831";"0,000";"17,983";"0,000";"1,312";"0,000";"0,000";"0,698";"6,299";"5,852";"5,831";"17,983";"0,000";"0,000";"0,000";
"15/01/2024 09:40";"3,858";"0,000";"3,588";"0,000";"3,567";"0,000";"11,013";"0,000";"0,726";"0,000";"0,000";"0,534";"3,858";"3,588";"3,567";"11,013";"0,000";"0,000";"0,000";
"15/01/2024 09:50";"3,963";"0,000";"3,419";"0,000";"3,448";"0,000";"10,830";"0,000";"0,755";"0,000";"0,000";"0,293";"3,963";"3,419";"3,448";"10,830";"0,000";"0,000";"0,000";
"15/01/2024 10:00";"6,481";"0,000";"6,267";"0,000";"6,531";"0,000";"19,279";"0,000";"2,964";"0,000";"0,000";"0,049";"6,560";"6,346";"6,610";"19,516";"0,237";"0,121";"0,116";
"15/01/2024 10:10";"7,432";"0,000";"7,225";"0,000";"7,467";"0,000";"22,124";"0,000";"0,690";"0,000";"0,000";"0,319";"7,597";"7,390";"7,632";"22,620";"0,496";"0,255";"0,241";
"15/01/2024 10:20";"7,688";"0,000";"7,379";"0,000";"7,658";"0,000";"22,726";"0,000";"1,690";"0,000";"0,000";"0,171";"7,824";"7,515";"7,794";"23,133";"0,407";"0,210";"0,197";
"15/01/2024 10:30";"8,524";"0,000";"8,166";"0,000";"8,575";"0,000";"25,265";"0,000";"4,249";"0,000";"0,000";"0,006";"8,675";"8,316";"8,725";"25,716";"0,451";"0,231";"0,220";
"15/01/2024 10:40";"8,225";"0,000";"7,930";"0,000";"8,524";"0,000";"24,679";"0,000";"3,071";"0,000";"0,000";"0,019";"8,461";"8,166";"8,761";"25,389";"0,710";"0,364";"0,346";
"15/01/2024 10:50";"8,300";"0,000";"8,007";"0,000";"8,938";"0,000";"25,245";"0,000";"2,822";"0,000";"0,000";"0,026";"8,552";"8,258";"9,190";"26,000";"0,755";"0,386";"0,369";
"15/01/2024 11:00";"7,944";"0,000";"7,762";"0,000";"8,781";"0,000";"24,487";"0,000";"1,971";"0,000";"0,000";"0,031";"8,201";"8,019";"9,039";"25,259";"0,772";"0,394";"0,378";
"15/01/2024 11:10";"8,409";"0,000";"7,918";"0,000";"8,775";"0,000";"25,102";"0,000";"2,454";"0,000";"0,000";"0,024";"8,802";"8,311";"9,168";"26,281";"1,179";"0,600";"0,579";
"15/01/2024 11:20";"8,704";"0,000";"8,261";"0,000";"8,787";"0,000";"25,752";"0,000";"3,677";"0,000";"0,000";"0,027";"9,094";"8,651";"9,177";"26,923";"1,171";"0,600";"0,571";
"15/01/2024 11:30";"8,610";"0,000";"8,195";"0,000";"8,852";"0,000";"25,657";"0,000";"4,820";"0,000";"0,000";"0,011";"9,019";"8,604";"9,261";"26,884";"1,227";"0,627";"0,600";
"15/01/2024 11:40";"7,543";"0,000";"7,098";"0,000";"8,068";"0,000";"22,709";"0,000";"3,122";"0,000";"0,000";"0,060";"8,003";"7,557";"8,528";"24,088";"1,379";"0,703";"0,676";
"15/01/2024 11:50";"7,421";"0,000";"7,018";"0,000";"8,155";"0,000";"22,594";"0,000";"1,249";"0,000";"0,000";"0,147";"7,875";"7,472";"8,608";"23,955";"1,361";"0,693";"0,668";
"15/01/2024 12:00";"6,872";"0,000";"6,424";"0,000";"7,564";"0,000";"20,860";"0,000";"1,266";"0,000";"0,000";"0,125";"7,530";"7,083";"8,222";"22,835";"1,975";"1,001";"0,974";
"15/01/2024 12:10";"7,229";"0,000";"6,861";"0,000";"7,854";"0,000";"21,944";"0,000";"1,400";"0,000";"0,000";"0,074";"7,739";"7,371";"8,364";"23,474";"1,530";"0,778";"0,752";
"15/01/2024 12:20";"6,142";"0,000";"5,827";"0,000";"6,758";"0,000";"18,727";"0,000";"1,041";"0,000";"0,000";"0,181";"6,978";"6,663";"7,594";"21,234";"2,507";"1,269";"1,238";
"15/01/2024 12:30";"6,467";"0,000";"5,887";"0,000";"6,731";"0,000";"19,085";"0,000";"0,824";"0,000";"0,000";"0,156";"6,824";"6,244";"7,088";"20,156";"1,071";"0,546";"0,525";
"15/01/2024 12:40";"8,200";"0,000";"7,827";"0,000";"8,799";"0,000";"24,825";"0,000";"2,107";"0,000";"0,000";"0,034";"8,451";"8,078";"9,051";"25,580";"0,755";"0,385";"0,370";
"15/01/2024 12:50";"9,188";"0,000";"8,839";"0,000";"9,657";"0,000";"27,683";"0,000";"2,759";"0,000";"0,000";"0,014";"9,424";"9,075";"9,893";"28,392";"0,709";"0,361";"0,348";
"15/01/2024 13:00";"6,683";"0,000";"6,380";"0,000";"7,365";"0,000";"20,427";"0,000";"0,678";"0,000";"0,000";"0,222";"7,098";"6,796";"7,780";"21,674";"1,247";"0,634";"0,613";
"15/01/2024 13:10";"6,731";"0,000";"6,044";"0,000";"6,738";"0,000";"19,513";"0,000";"1,689";"0,000";"0,000";"0,190";"7,345";"6,658";"7,352";"21,356";"1,843";"0,935";"0,908";
"15/01/2024 13:20";"6,204";"0,000";"5,798";"0,000";"6,307";"0,000";"18,309";"0,000";"2,982";"0,000";"0,000";"0,130";"6,872";"6,467";"6,976";"20,314";"2,005";"1,016";"0,989";
"15/01/2024 13:30";"5,285";"0,000";"4,745";"0,000";"5,210";"0,000";"15,241";"0,000";"0,634";"0,000";"0,000";"0,303";"5,817";"5,277";"5,742";"16,837";"1,596";"0,810";"0,786";
"15/01/2024 13:40";"5,082";"0,000";"4,720";"0,000";"5,114";"0,000";"14,916";"0,000";"1,310";"0,000";"0,000";"0,233";"5,613";"5,251";"5,646";"16,510";"1,594";"0,810";"0,784";
"15/01/2024 13:50";"4,880";"0,000";"4,378";"0,000";"4,831";"0,000";"14,089";"0,000";"0,859";"0,000";"0,000";"0,149";"5,562";"5,061";"5,514";"16,137";"2,048";"1,039";"1,009";
"15/01/2024 14:00";"5,009";"0,000";"4,368";"0,000";"4,752";"0,000";"14,129";"0,000";"0,811";"0,000";"0,000";"0,216";"5,573";"4,933";"5,316";"15,822";"1,693";"0,859";"0,834";
"15/01/2024 14:10";"5,992";"0,000";"5,386";"0,000";"5,645";"0,000";"17,023";"0,000";"0,859";"0,000";"0,000";"0,404";"6,523";"5,917";"6,175";"18,615";"1,592";"0,807";"0,785";
"15/01/2024 14:20";"5,544";"0,000";"5,219";"0,000";"5,868";"0,000";"16,631";"0,000";"1,011";"0,000";"0,000";"0,312";"6,266";"5,940";"6,590";"18,796";"2,165";"1,096";"1,069";
"15/01/2024 14:30";"5,511";"0,000";"5,126";"0,000";"5,803";"0,000";"16,440";"0,000";"0,983";"0,000";"0,000";"0,293";"6,188";"5,803";"6,480";"18,471";"2,031";"1,029";"1,002";
"15/01/2024 14:40";"5,816";"0,000";"5,455";"0,000";"6,112";"0,000";"17,383";"0,000";"0,988";"0,000";"0,000";"0,369";"6,348";"5,987";"6,644";"18,979";"1,596";"0,810";"0,786";
"15/01/2024 14:50";"5,770";"0,000";"5,445";"0,000";"6,093";"0,000";"17,308";"0,000";"0,963";"0,000";"0,000";"0,352";"6,502";"6,177";"6,825";"19,504";"2,196";"1,114";"1,082";
"15/01/2024 15:00";"6,390";"0,000";"5,901";"0,000";"6,711";"0,000";"19,002";"0,000";"0,283";"0,000";"0,000";"0,598";"7,407";"6,918";"7,727";"22,052";"3,050";"1,549";"1,501";
"15/01/2024 15:10";"5,647";"0,000";"5,185";"0,000";"5,960";"0,000";"16,792";"0,000";"0,846";"0,000";"0,000";"0,453";"6,610";"6,149";"6,923";"19,683";"2,891";"1,465";"1,426";
"15/01/2024 15:20";"5,224";"0,000";"4,635";"0,000";"5,322";"0,000";"15,182";"0,000";"1,617";"0,000";"0,000";"0,260";"6,035";"5,446";"6,133";"17,614";"2,432";"1,234";"1,198";
"15/01/2024 15:30";"5,336";"0,000";"4,787";"0,000";"5,625";"0,000";"15,748";"0,000";"1,113";"0,000";"0,000";"0,521";"6,009";"5,460";"6,298";"17,767";"2,019";"1,027";"0,992";
"15/01/2024 15:40";"6,516";"0,000";"5,957";"0,000";"6,762";"0,000";"19,235";"0,000";"0,731";"0,000";"0,000";"0,423";"7,351";"6,792";"7,597";"21,740";"2,505";"1,274";"1,231";
"15/01/2024 15:50";"6,627";"0,000";"5,877";"0,000";"6,611";"0,000";"19,114";"0,000";"0,582";"0,000";"0,000";"0,520";"7,718";"6,968";"7,702";"22,387";"3,273";"1,669";"1,604";
"15/01/2024 16:00";"6,482";"0,000";"5,810";"0,000";"6,660";"0,000";"18,952";"0,000";"0,272";"0,000";"0,000";"0,616";"7,184";"6,511";"7,362";"21,057";"2,105";"1,069";"1,036";
"15/01/2024 16:10";"6,453";"0,000";"5,848";"0,000";"6,977";"0,000";"19,278";"0,000";"0,366";"0,000";"0,000";"0,535";"7,059";"6,454";"7,583";"21,096";"1,818";"0,925";"0,893";
"15/01/2024 16:20";"6,165";"0,000";"5,557";"0,000";"6,701";"0,000";"18,424";"0,000";"0,618";"0,000";"0,000";"0,539";"6,798";"6,191";"7,335";"20,324";"1,900";"0,967";"0,933";
"15/01/2024 16:30";"4,794";"0,000";"4,226";"0,000";"5,489";"0,000";"14,509";"0,000";"0,906";"0,000";"0,000";"0,200";"5,411";"4,843";"6,105";"16,359";"1,850";"0,943";"0,907";
"15/01/2024 16:40";"4,650";"0,000";"3,907";"0,000";"5,080";"0,000";"13,638";"0,000";"0,675";"0,000";"0,000";"0,369";"5,002";"4,260";"5,433";"14,695";"1,057";"0,540";"0,517";
"15/01/2024 16:50";"4,267";"0,000";"3,655";"0,000";"4,884";"0,000";"12,806";"0,000";"0,538";"0,000";"0,000";"0,314";"4,605";"3,993";"5,221";"13,819";"1,013";"0,521";"0,492";
"15/01/2024 17:00";"4,228";"0,000";"3,719";"0,000";"4,982";"0,000";"12,929";"0,000";"0,599";"0,000";"0,000";"0,367";"4,730";"4,221";"5,484";"14,435";"1,506";"0,782";"0,724";
"15/01/2024 17:10";"5,033";"0,000";"4,497";"0,000";"5,728";"0,000";"15,258";"0,000";"0,766";"0,000";"0,000";"0,272";"5,382";"4,845";"6,077";"16,304";"1,046";"0,544";"0,502";
"15/01/2024 17:20";"5,274";"0,000";"4,567";"0,000";"5,761";"0,000";"15,602";"0,000";"0,923";"0,000";"0,000";"0,293";"5,478";"4,770";"5,965";"16,213";"0,611";"0,314";"0,297";
"15/01/2024 17:30";"4,129";"0,000";"3,758";"0,000";"4,881";"0,000";"12,768";"0,000";"0,774";"0,000";"0,000";"0,194";"4,284";"3,913";"5,036";"13,233";"0,465";"0,239";"0,226";
"15/01/2024 17:40";"5,653";"0,000";"5,160";"0,000";"6,284";"0,000";"17,097";"0,000";"0,978";"0,000";"0,000";"0,328";"5,765";"5,272";"6,396";"17,433";"0,336";"0,174";"0,162";
"15/01/2024 17:50";"5,978";"0,000";"5,425";"0,000";"6,551";"0,000";"17,954";"0,000";"1,218";"0,000";"0,000";"0,301";"6,041";"5,488";"6,614";"18,142";"0,188";"0,098";"0,090";
"15/01/2024 18:00";"6,197";"0,000";"5,668";"0,000";"6,752";"0,000";"18,617";"0,000";"1,150";"0,000";"0,000";"0,277";"6,225";"5,696";"6,780";"18,700";"0,083";"0,043";"0,040";
"15/01/2024 18:10";"6,500";"0,000";"5,772";"0,000";"6,759";"0,000";"19,031";"0,000";"1,161";"0,000";"0,000";"0,263";"6,506";"5,778";"6,764";"19,047";"0,016";"0,009";"0,007";
"15/01/2024 18:20";"5,089";"0,000";"4,530";"0,000";"5,662";"0,000";"15,281";"0,000";"0,965";"0,000";"0,000";"0,226";"5,089";"4,530";"5,662";"15,281";"0,000";"0,000";"0,000";
"15/01/2024 18:30";"4,288";"0,000";"3,734";"0,000";"4,890";"0,000";"12,912";"0,000";"0,780";"0,000";"0,000";"0,357";"4,288";"3,734";"4,890";"12,912";"0,000";"0,000";"0,000";
"15/01/2024 18:40";"4,597";"0,000";"4,006";"0,000";"5,156";"0,000";"13,758";"0,000";"0,848";"0,000";"0,000";"0,212";"4,597";"4,006";"5,156";"13,758";"0,000";"0,000";"0,000";
"15/01/2024 18:50";"4,054";"0,000";"3,364";"0,000";"4,540";"0,000";"11,959";"0,000";"0,710";"0,000";"0,000";"0,222";"4,054";"3,364";"4,540";"11,959";"0,000";"0,000";"0,000";
"15/01/2024 19:00";"3,914";"0,000";"3,333";"0,000";"4,470";"0,000";"11,718";"0,000";"0,717";"0,000";"0,000";"0,253";"3,914";"3,333";"4,470";"11,718";"0,000";"0,000";"0,000";
"15/01/2024 19:10";"3,945";"0,000";"3,235";"0,000";"4,286";"0,000";"11,467";"0,000";"0,681";"0,000";"0,000";"0,153";"3,945";"3,235";"4,286";"11,467";"0,000";"0,000";"0,000";
"15/01/2024 19:20";"4,016";"0,000";"3,223";"0,000";"4,329";"0,000";"11,567";"0,000";"0,773";"0,000";"0,000";"0,185";"4,016";"3,223";"4,329";"11,567";"0,000";"0,000";"0,000";
"15/01/2024 19:30";"3,836";"0,000";"3,230";"0,000";"4,336";"0,000";"11,401";"0,000";"0,740";"0,000";"0,000";"0,173";"3,836";"3,230";"4,336";"11,401";"0,000";"0,000";"0,000";
"15/01/2024 19:40";"3,712";"0,000";"3,162";"0,000";"4,300";"0,000";"11,175";"0,000";"0,709";"0,000";"0,000";"0,182";"3,712";"3,162";"4,300";"11,175";"0,000";"0,000";"0,000";
"15/01/2024 19:50";"1,846";"0,000";"1,281";"0,000";"1,889";"0,000";"5,016";"0,000";"0,289";"0,000";"0,000";"0,594";"1,846";"1,281";"1,889";"5,016";"0,000";"0,000";"0,000";
"15/01/2024 20:00";"1,337";"0,000";"0,837";"0,000";"0,745";"0,000";"2,918";"0,000";"0,000";"0,000";"0,000";"0,106";"1,337";"0,837";"0,745";"2,918";"0,000";"0,000";"0,000";
"15/01/2024 20:10";"1,149";"0,000";"0,763";"0,000";"0,448";"0,000";"2,360";"0,000";"0,000";"0,000";"0,000";"0,182";"1,149";"0,763";"0,448";"2,360";"0,000";"0,000";"0,000";
"15/01/2024 20:20";"1,000";"0,000";"0,763";"0,000";"0,642";"0,000";"2,406";"0,000";"0,155";"0,000";"0,000";"0,149";"1,000";"0,763";"0,642";"2,406";"0,000";"0,000";"0,000";
"15/01/2024 20:30";"0,866";"0,000";"0,552";"0,000";"0,479";"0,000";"1,898";"0,000";"0,003";"0,000";"0,000";"0,100";"0,866";"0,552";"0,479";"1,898";"0,000";"0,000";"0,000";
"15/01/2024 20:40";"1,057";"0,000";"0,528";"0,000";"0,363";"0,000";"1,948";"0,000";"0,000";"0,000";"0,000";"0,159";"1,057";"0,528";"0,363";"1,948";"0,000";"0,000";"0,000";
"15/01/2024 20:50";"0,920";"0,000";"0,709";"0,000";"0,554";"0,000";"2,183";"0,000";"0,055";"0,000";"0,000";"0,182";"0,920";"0,709";"0,554";"2,183";"0,000";"0,000";"0,000";
"15/01/2024 21:00";"0,970";"0,000";"0,577";"0,000";"0,419";"0,000";"1,966";"0,000";"0,007";"0,000";"0,000";"0,041";"0,970";"0,577";"0,419";"1,966";"0,000";"0,000";"0,000";
"15/01/2024 21:10";"0,941";"0,000";"0,593";"0,000";"0,379";"0,000";"1,913";"0,000";"0,000";"0,000";"0,000";"0,196";"0,941";"0,593";"0,379";"1,913";"0,000";"0,000";"0,000";
"15/01/2024 21:20";"0,797";"0,000";"0,666";"0,000";"0,492";"0,000";"1,956";"0,000";"0,033";"0,000";"0,000";"0,128";"0,797";"0,666";"0,492";"1,956";"0,000";"0,000";"0,000";
"15/01/2024 21:30";"0,620";"0,000";"0,605";"0,000";"0,366";"0,000";"1,590";"0,000";"0,024";"0,000";"0,000";"0,020";"0,620";"0,605";"0,366";"1,590";"0,000";"0,000";"0,000";
"15/01/2024 21:40";"0,699";"0,000";"0,592";"0,000";"0,395";"0,000";"1,685";"0,000";"0,003";"0,000";"0,000";"0,164";"0,699";"0,592";"0,395";"1,685";"0,000";"0,000";"0,000";
"15/01/2024 21:50";"0,704";"0,000";"0,644";"0,000";"0,499";"0,000";"1,848";"0,000";"0,033";"0,000";"0,000";"0,132";"0,704";"0,644";"0,499";"1,848";"0,000";"0,000";"0,000";
"15/01/2024 22:00";"0,672";"0,000";"0,590";"0,000";"0,343";"0,000";"1,605";"0,000";"0,026";"0,000";"0,000";"0,006";"0,672";"0,590";"0,343";"1,605";"0,000";"0,000";"0,000";
"15/01/2024 22:10";"0,695";"0,000";"0,590";"0,000";"0,361";"0,000";"1,646";"0,000";"0,032";"0,000";"0,000";"0,000";"0,695";"0,590";"0,361";"1,646";"0,000";"0,000";"0,000";
"15/01/2024 22:20";"0,807";"0,000";"0,714";"0,000";"0,567";"0,000";"2,088";"0,000";"0,039";"0,000";"0,000";"0,159";"0,807";"0,714";"0,567";"2,088";"0,000";"0,000";"0,000";
"15/01/2024 22:30";"0,604";"0,000";"0,530";"0,000";"0,320";"0,000";"1,454";"0,000";"0,019";"0,000";"0,000";"0,046";"0,604";"0,530";"0,320";"1,454";"0,000";"0,000";"0,000";
"15/01/2024 22:40";"0,594";"0,000";"0,568";"0,000";"0,623";"0,000";"1,785";"0,000";"0,002";"0,000";"0,000";"0,061";"0,594";"0,568";"0,623";"1,785";"0,000";"0,000";"0,000";
"15/01/2024 22:50";"0,925";"0,000";"0,739";"0,000";"0,887";"0,000";"2,551";"0,000";"0,186";"0,000";"0,000";"0,037";"0,925";"0,739";"0,887";"2,551";"0,000";"0,000";"0,000";
"15/01/2024 23:00";"1,086";"0,000";"0,698";"0,000";"0,801";"0,000";"2,585";"0,000";"0,000";"0,000";"0,000";"0,078";"1,086";"0,698";"0,801";"2,585";"0,000";"0,000";"0,000";
"15/01/2024 23:10";"1,164";"0,000";"0,977";"0,000";"0,762";"0,000";"2,903";"0,000";"0,011";"0,000";"0,000";"0,068";"1,164";"0,977";"0,762";"2,903";"0,000";"0,000";"0,000";
"15/01/2024 23:20";"0,897";"0,000";"0,701";"0,000";"0,896";"0,000";"2,494";"0,000";"0,145";"0,000";"0,000";"0,125";"0,897";"0,701";"0,896";"2,494";"0,000";"0,000";"0,000";
"15/01/2024 23:30";"0,721";"0,000";"0,590";"0,000";"0,778";"0,000";"2,089";"0,000";"0,037";"0,000";"0,000";"0,048";"0,721";"0,590";"0,778";"2,089";"0,000";"0,000";"0,000";
"15/01/2024 23:40";"0,985";"0,000";"0,548";"0,000";"0,718";"0,000";"2,250";"0,000";"0,012";"0,000";"0,000";"0,069";"0,985";"0,548";"0,718";"2,250";"0,000";"0,000";"0,000";
"15/01/2024 23:50";"0,954";"0,000";"0,723";"0,000";"0,938";"0,000";"2,614";"0,000";"0,057";"0,000";"0,000";"0,075";"0,954";"0,723";"0,938";"2,614";"0,000";"0,000";"0,000";
"16/01/2024 00:00";"0,655";"0,000";"0,552";"0,000";"0,717";"0,000";"1,924";"0,000";"0,004";"0,000";"0,000";"0,031";"0,655";"0,552";"0,717";"1,924";"0,000";"0,000";"0,000";
"16/01/2024 00:10";"0,725";"0,000";"0,556";"0,000";"0,765";"0,000";"2,046";"0,000";"0,025";"0,000";"0,000";"0,018";"0,725";"0,556";"0,765";"2,046";"0,000";"0,000";"0,000";
"16/01/2024 00:20";"0,949";"0,000";"0,801";"0,000";"0,985";"0,000";"2,734";"0,000";"0,052";"0,000";"0,000";"0,187";"0,949";"0,801";"0,985";"2,734";"0,000";"0,000";"0,000";
"16/01/2024 00:30";"0,737";"0,000";"0,597";"0,000";"0,712";"0,000";"2,045";"0,000";"0,002";"0,000";"0,000";"0,117";"0,737";"0,597";"0,712";"2,045";"0,000";"0,000";"0,000";
"16/01/2024 00:40";"0,569";"0,000";"0,581";"0,000";"0,751";"0,000";"1,901";"0,000";"0,006";"0,000";"0,000";"0,047";"0,569";"0,581";"0,751";"1,901";"0,000";"0,000";"0,000";
"16/01/2024 00:50";"0,706";"0,000";"0,676";"0,000";"0,861";"0,000";"2,243";"0,000";"0,139";"0,000";"0,000";"0,161";"0,706";"0,676";"0,861";"2,243";"0,000";"0,000";"0,000";
"16/01/2024 01:00";"0,603";"0,000";"0,546";"0,000";"0,753";"0,000";"1,902";"0,000";"0,007";"0,000";"0,000";"0,083";"0,603";"0,546";"0,753";"1,902";"0,000";"0,000";"0,000";
"16/01/2024 01:10";"0,753";"0,000";"0,609";"0,000";"0,804";"0,000";"2,165";"0,000";"0,000";"0,000";"0,000";"0,181";"0,753";"0,609";"0,804";"2,165";"0,000";"0,000";"0,000";
"16/01/2024 01:20";"0,900";"0,000";"0,819";"0,000";"0,902";"0,000";"2,621";"0,000";"0,038";"0,000";"0,000";"0,152";"0,900";"0,819";"0,902";"2,621";"0,000";"0,000";"0,000";
"16/01/2024 01:30";"0,602";"0,000";"0,572";"0,000";"0,636";"0,000";"1,810";"0,000";"0,010";"0,000";"0,000";"0,065";"0,602";"0,572";"0,636";"1,810";"0,000";"0,000";"0,000";
"16/01/2024 01:40";"0,649";"0,000";"0,617";"0,000";"0,654";"0,000";"1,920";"0,000";"0,009";"0,000";"0,000";"0,027";"0,649";"0,617";"0,654";"1,920";"0,000";"0,000";"0,000";
"16/01/2024 01:50";"0,714";"0,000";"0,733";"0,000";"0,814";"0,000";"2,260";"0,000";"0,039";"0,000";"0,000";"0,224";"0,714";"0,733";"0,814";"2,260";"0,000";"0,000";"0,000";
"16/01/2024 02:00";"0,654";"0,000";"0,628";"0,000";"0,685";"0,000";"1,967";"0,000";"0,000";"0,000";"0,000";"0,261";"0,654";"0,628";"0,685";"1,967";"0,000";"0,000";"0,000";
"16/01/2024 02:10";"0,792";"0,000";"0,521";"0,000";"0,579";"0,000";"1,891";"0,000";"0,004";"0,000";"0,000";"0,130";"0,792";"0,521";"0,579";"1,891";"0,000";"0,000";"0,000";
"16/01/2024 02:20";"0,768";"0,000";"0,727";"0,000";"0,782";"0,000";"2,277";"0,000";"0,146";"0,000";"0,000";"0,040";"0,768";"0,727";"0,782";"2,277";"0,000";"0,000";"0,000";
"16/01/2024 02:30";"0,627";"0,000";"0,589";"0,000";"0,646";"0,000";"1,862";"0,000";"0,009";"0,000";"0,000";"0,117";"0,627";"0,589";"0,646";"1,862";"0,000";"0,000";"0,000";
"16/01/2024 02:40";"0,585";"0,000";"0,594";"0,000";"0,640";"0,000";"1,819";"0,000";"0,000";"0,000";"0,000";"0,215";"0,585";"0,594";"0,640";"1,819";"0,000";"0,000";"0,000";
"16/01/2024 02:50";"0,711";"0,000";"0,707";"0,000";"0,775";"0,000";"2,193";"0,000";"0,121";"0,000";"0,000";"0,107";"0,711";"0,707";"0,775";"2,193";"0,000";"0,000";"0,000";
"16/01/2024 03:00";"0,822";"0,000";"0,544";"0,000";"0,627";"0,000";"1,993";"0,000";"0,005";"0,000";"0,000";"0,061";"0,822";"0,544";"0,627";"1,993";"0,000";"0,000";"0,000";
"16/01/2024 03:10";"1,054";"0,000";"0,633";"0,000";"0,677";"0,000";"2,364";"0,000";"0,000";"0,000";"0,000";"0,207";"1,054";"0,633";"0,677";"2,364";"0,000";"0,000";"0,000";
"16/01/2024 03:20";"0,965";"0,000";"0,822";"0,000";"0,831";"0,000";"2,618";"0,000";"0,122";"0,000";"0,000";"0,214";"0,965";"0,822";"0,831";"2,618";"0,000";"0,000";"0,000";
"16/01/2024 03:30";"0,626";"0,000";"0,561";"0,000";"0,805";"0,000";"1,992";"0,000";"0,000";"0,000";"0,000";"0,154";"0,626";"0,561";"0,805";"1,992";"0,000";"0,000";"0,000";
"16/01/2024 03:40";"0,611";"0,000";"0,544";"0,000";"0,751";"0,000";"1,906";"0,000";"0,001";"0,000";"0,000";"0,070";"0,611";"0,544";"0,751";"1,906";"0,000";"0,000";"0,000";
"16/01/2024 03:50";"0,743";"0,000";"0,772";"0,000";"1,000";"0,000";"2,514";"0,000";"0,048";"0,000";"0,000";"0,261";"0,743";"0,772";"1,000";"2,514";"0,000";"0,000";"0,000";
"16/01/2024 04:00";"0,707";"0,000";"0,654";"0,000";"0,851";"0,000";"2,213";"0,000";"0,000";"0,000";"0,000";"0,236";"0,707";"0,654";"0,851";"2,213";"0,000";"0,000";"0,000";
"16/01/2024 04:10";"0,872";"0,000";"0,679";"0,000";"0,756";"0,000";"2,307";"0,000";"0,000";"0,000";"0,000";"0,210";"0,872";"0,679";"0,756";"2,307";"0,000";"0,000";"0,000";
"16/01/2024 04:20";"0,751";"0,000";"0,752";"0,000";"0,995";"0,000";"2,498";"0,000";"0,044";"0,000";"0,000";"0,120";"0,751";"0,752";"0,995";"2,498";"0,000";"0,000";"0,000";
"16/01/2024 04:30";"0,654";"0,000";"0,633";"0,000";"0,813";"0,000";"2,101";"0,000";"0,006";"0,000";"0,000";"0,095";"0,654";"0,633";"0,813";"2,101";"0,000";"0,000";"0,000";
"16/01/2024 04:40";"0,771";"0,000";"0,587";"0,000";"0,783";"0,000";"2,142";"0,000";"0,000";"0,000";"0,000";"0,240";"0,771";"0,587";"0,783";"2,142";"0,000";"0,000";"0,000";
"16/01/2024 04:50";"0,734";"0,000";"0,733";"0,000";"0,986";"0,000";"2,452";"0,000";"0,043";"0,000";"0,000";"0,093";"0,734";"0,733";"0,986";"2,452";"0,000";"0,000";"0,000";
"16/01/2024 05:00";"0,634";"0,000";"0,593";"0,000";"0,785";"0,000";"2,012";"0,000";"0,000";"0,000";"0,000";"0,183";"0,634";"0,593";"0,785";"2,012";"0,000";"0,000";"0,000";
"16/01/2024 05:10";"0,607";"0,000";"0,563";"0,000";"0,771";"0,000";"1,942";"0,000";"0,008";"0,000";"0,000";"0,087";"0,607";"0,563";"0,771";"1,942";"0,000";"0,000";"0,000";
"16/01/2024 05:20";"0,797";"0,000";"0,755";"0,000";"0,919";"0,000";"2,471";"0,000";"0,111";"0,000";"0,000";"0,064";"0,797";"0,755";"0,919";"2,471";"0,000";"0,000";"0,000";
"16/01/2024 05:30";"1,798";"0,000";"1,258";"0,000";"1,145";"0,000";"4,202";"0,000";"0,037";"0,000";"0,000";"0,106";"1,798";"1,258";"1,145";"4,202";"0,000";"0,000";"0,000";
"16/01/2024 05:40";"2,424";"0,000";"1,639";"0,000";"1,296";"0,000";"5,360";"0,000";"0,009";"0,000";"0,000";"0,031";"2,424";"1,639";"1,296";"5,360";"0,000";"0,000";"0,000";
"16/01/2024 05:50";"2,566";"0,000";"1,814";"0,000";"1,595";"0,000";"5,975";"0,000";"0,067";"0,000";"0,000";"0,146";"2,566";"1,814";"1,595";"5,975";"0,000";"0,000";"0,000";
"16/01/2024 06:00";"2,369";"0,000";"1,700";"0,000";"1,634";"0,000";"5,703";"0,000";"0,600";"0,000";"0,000";"0,045";"2,369";"1,700";"1,634";"5,703";"0,000";"0,000";"0,000";
"16/01/2024 06:10";"2,766";"0,000";"2,367";"0,000";"2,555";"0,000";"7,689";"0,000";"1,277";"0,000";"0,000";"0,585";"2,766";"2,367";"2,555";"7,689";"0,000";"0,000";"0,000";
"16/01/2024 06:20";"4,294";"0,000";"3,482";"0,000";"4,024";"0,000";"11,801";"0,000";"1,695";"0,000";"0,000";"0,392";"4,294";"3,482";"4,024";"11,801";"0,000";"0,000";"0,000";
"16/01/2024 06:30";"7,198";"0,000";"6,788";"0,000";"7,611";"0,000";"21,596";"0,000";"3,607";"0,000";"0,000";"0,096";"7,198";"6,788";"7,611";"21,596";"0,000";"0,000";"0,000";
"16/01/2024 06:40";"9,178";"0,000";"8,724";"0,000";"9,377";"0,000";"27,280";"0,000";"4,100";"0,000";"0,000";"0,080";"9,178";"8,724";"9,377";"27,280";"0,000";"0,000";"0,000";
"16/01/2024 06:50";"7,099";"0,000";"6,521";"0,000";"7,365";"0,000";"20,984";"0,000";"1,277";"0,000";"0,000";"0,122";"7,099";"6,521";"7,365";"20,984";"0,000";"0,000";"0,000";
"16/01/2024 07:00";"6,779";"0,000";"6,243";"0,000";"7,033";"0,000";"20,054";"0,000";"1,273";"0,000";"0,000";"0,173";"6,779";"6,243";"7,033";"20,054";"0,000";"0,000";"0,000";
"16/01/2024 07:10";"6,838";"0,000";"6,373";"0,000";"7,376";"0,000";"20,586";"0,000";"1,342";"0,000";"0,000";"0,063";"6,838";"6,373";"7,376";"20,586";"0,000";"0,000";"0,000";
"16/01/2024 07:20";"6,807";"0,000";"6,359";"0,000";"7,226";"0,000";"20,393";"0,000";"1,223";"0,000";"0,000";"0,178";"6,807";"6,359";"7,226";"20,393";"0,000";"0,000";"0,000";
"16/01/2024 07:30";"6,809";"0,000";"6,530";"0,000";"7,224";"0,000";"20,563";"0,000";"3,310";"0,000";"0,000";"0,083";"6,809";"6,530";"7,224";"20,563";"0,000";"0,000";"0,000";
"16/01/2024 07:40";"7,190";"0,000";"6,735";"0,000";"7,577";"0,000";"21,502";"0,000";"1,939";"0,000";"0,000";"0,041";"7,190";"6,735";"7,577";"21,502";"0,000";"0,000";"0,000";
"16/01/2024 07:50";"6,717";"0,000";"6,354";"0,000";"7,115";"0,000";"20,186";"0,000";"1,140";"0,000";"0,000";"0,045";"6,717";"6,354";"7,115";"20,186";"0,000";"0,000";"0,000";
"16/01/2024 08:00";"6,770";"0,000";"6,515";"0,000";"7,202";"0,000";"20,487";"0,000";"1,044";"0,000";"0,000";"0,110";"6,770";"6,515";"7,202";"20,487";"0,000";"0,000";"0,000";
"16/01/2024 08:10";"6,767";"0,000";"6,357";"0,000";"7,156";"0,000";"20,280";"0,000";"0,787";"0,000";"0,000";"0,234";"6,767";"6,357";"7,156";"20,280";"0,000";"0,000";"0,000";
"16/01/2024 08:20";"6,815";"0,000";"6,113";"0,000";"7,019";"0,000";"19,946";"0,000";"0,748";"0,000";"0,000";"0,222";"6,815";"6,113";"7,019";"19,946";"0,000";"0,000";"0,000";
"16/01/2024 08:30";"6,487";"0,000";"6,080";"0,000";"6,809";"0,000";"19,376";"0,000";"0,769";"0,000";"0,000";"0,207";"6,487";"6,080";"6,809";"19,376";"0,000";"0,000";"0,000";
"16/01/2024 08:40";"8,015";"0,000";"7,218";"0,000";"8,071";"0,000";"23,304";"0,000";"1,508";"0,000";"0,000";"0,033";"8,015";"7,218";"8,071";"23,304";"0,000";"0,000";"0,000";
"16/01/2024 08:50";"9,004";"0,000";"8,636";"0,000";"9,243";"0,000";"26,883";"0,000";"3,177";"0,000";"0,000";"0,000";"9,004";"8,636";"9,243";"26,883";"0,000";"0,000";"0,000";
"16/01/2024 09:00";"8,406";"0,000";"8,241";"0,000";"8,975";"0,000";"25,622";"0,000";"3,965";"0,000";"0,000";"0,001";"8,406";"8,241";"8,975";"25,622";"0,000";"0,000";"0,000";
"16/01/2024 09:10";"8,020";"0,000";"7,954";"0,000";"8,647";"0,000";"24,621";"0,000";"2,863";"0,000";"0,000";"0,000";"8,020";"7,954";"8,647";"24,621";"0,000";"0,000";"0,000";
"16/01/2024 09:20";"7,396";"0,000";"7,145";"0,000";"7,820";"0,000";"22,361";"0,000";"2,190";"0,000";"0,000";"0,000";"7,398";"7,148";"7,822";"22,368";"0,007";"0,004";"0,003";
"16/01/2024 09:30";"7,100";"0,000";"6,695";"0,000";"7,439";"0,000";"21,235";"0,000";"1,467";"0,000";"0,000";"0,045";"7,107";"6,701";"7,446";"21,254";"0,019";"0,010";"0,009";
"16/01/2024 09:40";"6,373";"0,000";"5,902";"0,000";"6,644";"0,000";"18,919";"0,000";"1,091";"0,000";"0,000";"0,106";"6,394";"5,923";"6,665";"18,982";"0,063";"0,033";"0,030";
"16/01/2024 09:50";"6,433";"0,000";"5,935";"0,000";"6,603";"0,000";"18,971";"0,000";"1,392";"0,000";"0,000";"0,156";"6,463";"5,965";"6,633";"19,061";"0,090";"0,047";"0,043";
"16/01/2024 10:00";"6,085";"0,000";"5,464";"0,000";"6,071";"0,000";"17,620";"0,000";"0,342";"0,000";"0,000";"0,400";"6,131";"5,511";"6,118";"17,759";"0,139";"0,072";"0,067";
"16/01/2024 10:10";"6,565";"0,000";"6,128";"0,000";"6,578";"0,000";"19,271";"0,000";"2,244";"0,000";"0,000";"0,113";"6,641";"6,204";"6,654";"19,499";"0,228";"0,118";"0,110";
"16/01/2024 10:20";"6,245";"0,000";"5,818";"0,000";"6,465";"0,000";"18,528";"0,000";"0,500";"0,000";"0,000";"0,299";"6,330";"5,903";"6,551";"18,785";"0,257";"0,132";"0,125";
"16/01/2024 10:30";"7,787";"0,000";"7,466";"0,000";"8,257";"0,000";"23,510";"0,000";"1,527";"0,000";"0,000";"0,055";"7,911";"7,590";"8,380";"23,881";"0,371";"0,190";"0,181";
"16/01/2024 10:40";"7,294";"0,000";"6,680";"0,000";"7,491";"0,000";"21,465";"0,000";"1,700";"0,000";"0,000";"0,032";"7,475";"6,861";"7,672";"22,008";"0,543";"0,277";"0,266";
"16/01/2024 10:50";"6,141";"0,000";"5,741";"0,000";"6,537";"0,000";"18,418";"0,000";"1,051";"0,000";"0,000";"0,106";"6,275";"5,874";"6,670";"18,819";"0,401";"0,205";"0,196";
"16/01/2024 11:00";"7,486";"0,000";"7,042";"0,000";"7,936";"0,000";"22,464";"0,000";"2,228";"0,000";"0,000";"0,033";"7,617";"7,172";"8,066";"22,855";"0,391";"0,200";"0,191";
"16/01/2024 11:10";"7,363";"0,000";"6,940";"0,000";"7,731";"0,000";"22,033";"0,000";"1,385";"0,000";"0,000";"0,126";"7,503";"7,080";"7,871";"22,453";"0,420";"0,215";"0,205";
"16/01/2024 11:20";"7,221";"0,000";"6,747";"0,000";"7,422";"0,000";"21,390";"0,000";"1,426";"0,000";"0,000";"0,143";"7,381";"6,907";"7,582";"21,870";"0,480";"0,245";"0,235";
"16/01/2024 11:30";"6,627";"0,000";"5,963";"0,000";"6,818";"0,000";"19,408";"0,000";"3,112";"0,000";"0,000";"0,048";"6,845";"6,181";"7,036";"20,063";"0,655";"0,334";"0,321";
"16/01/2024 11:40";"6,667";"0,000";"6,418";"0,000";"7,507";"0,000";"20,592";"0,000";"1,645";"0,000";"0,000";"0,061";"7,092";"6,842";"7,932";"21,866";"1,274";"0,648";"0,626";
"16/01/2024 11:50";"6,428";"0,000";"5,876";"0,000";"6,911";"0,000";"19,215";"0,000";"0,756";"0,000";"0,000";"0,184";"6,905";"6,354";"7,388";"20,647";"1,432";"0,727";"0,705";
"16/01/2024 12:00";"7,082";"0,000";"6,598";"0,000";"7,323";"0,000";"21,003";"0,000";"1,513";"0,000";"0,000";"0,147";"7,358";"6,874";"7,599";"21,831";"0,828";"0,422";"0,406";
"16/01/2024 12:10";"5,913";"0,000";"5,330";"0,000";"5,968";"0,000";"17,211";"0,000";"2,114";"0,000";"0,000";"0,136";"6,241";"5,658";"6,296";"18,195";"0,984";"0,502";"0,482";
"16/01/2024 12:20";"5,878";"0,000";"5,458";"0,000";"5,868";"0,000";"17,203";"0,000";"1,113";"0,000";"0,000";"0,186";"6,369";"5,949";"6,359";"18,677";"1,474";"0,750";"0,724";
"16/01/2024 12:30";"5,733";"0,000";"5,407";"0,000";"5,784";"0,000";"16,924";"0,000";"1,837";"0,000";"0,000";"0,128";"6,312";"5,986";"6,363";"18,660";"1,736";"0,884";"0,852";
"16/01/2024 12:40";"6,154";"0,000";"5,538";"0,000";"6,061";"0,000";"17,753";"0,000";"3,809";"0,000";"0,000";"0,076";"7,083";"6,466";"6,990";"20,539";"2,786";"1,418";"1,368";
"16/01/2024 12:50";"6,075";"0,000";"5,570";"0,000";"6,167";"0,000";"17,812";"0,000";"3,515";"0,000";"0,000";"0,051";"7,229";"6,725";"7,322";"21,276";"3,464";"1,755";"1,709";
"16/01/2024 13:00";"5,546";"0,000";"5,002";"0,000";"5,641";"0,000";"16,190";"0,000";"3,773";"0,000";"0,000";"0,131";"5,994";"5,450";"6,089";"17,533";"1,343";"0,682";"0,661";
"16/01/2024 13:10";"5,614";"0,000";"4,866";"0,000";"5,313";"0,000";"15,793";"0,000";"2,705";"0,000";"0,000";"0,070";"6,087";"5,339";"5,786";"17,212";"1,419";"0,720";"0,699";
"16/01/2024 13:20";"5,329";"0,000";"4,754";"0,000";"5,234";"0,000";"15,317";"0,000";"2,470";"0,000";"0,000";"0,164";"5,746";"5,171";"5,651";"16,568";"1,251";"0,637";"0,614";
"16/01/2024 13:30";"4,913";"0,000";"4,235";"0,000";"4,724";"0,000";"13,873";"0,000";"0,822";"0,000";"0,000";"0,392";"5,338";"4,660";"5,149";"15,147";"1,274";"0,649";"0,625";
"16/01/2024 13:40";"4,154";"0,000";"3,506";"0,000";"3,967";"0,000";"11,627";"0,000";"0,839";"0,000";"0,000";"0,567";"4,414";"3,766";"4,227";"12,406";"0,779";"0,398";"0,381";
"16/01/2024 13:50";"3,735";"0,000";"3,031";"0,000";"3,479";"0,000";"10,245";"0,000";"0,895";"0,000";"0,000";"0,329";"4,009";"3,305";"3,753";"11,067";"0,822";"0,418";"0,404";
"16/01/2024 14:00";"3,700";"0,000";"3,179";"0,000";"3,544";"0,000";"10,423";"0,000";"0,919";"0,000";"0,000";"0,523";"3,889";"3,368";"3,733";"10,990";"0,567";"0,290";"0,277";
"16/01/2024 14:10";"5,401";"0,000";"4,976";"0,000";"5,364";"0,000";"15,740";"0,000";"1,096";"0,000";"0,000";"0,310";"5,634";"5,209";"5,597";"16,440";"0,700";"0,357";"0,343";
"16/01/2024 14:20";"5,540";"0,000";"5,218";"0,000";"5,579";"0,000";"16,338";"0,000";"0,877";"0,000";"0,000";"0,349";"5,738";"5,417";"5,778";"16,933";"0,595";"0,304";"0,291";
"16/01/2024 14:30";"5,511";"0,000";"5,219";"0,000";"5,554";"0,000";"16,284";"0,000";"1,042";"0,000";"0,000";"0,379";"5,763";"5,470";"5,806";"17,039";"0,755";"0,386";"0,369";
"16/01/2024 14:40";"5,563";"0,000";"5,174";"0,000";"5,565";"0,000";"16,302";"0,000";"0,815";"0,000";"0,000";"0,417";"5,779";"5,391";"5,781";"16,951";"0,649";"0,333";"0,316";
"16/01/2024 14:50";"5,016";"0,000";"4,688";"0,000";"5,066";"0,000";"14,770";"0,000";"0,833";"0,000";"0,000";"0,294";"5,226";"4,898";"5,275";"15,399";"0,629";"0,325";"0,304";
"16/01/2024 15:00";"5,901";"0,000";"5,397";"0,000";"5,763";"0,000";"17,061";"0,000";"0,864";"0,000";"0,000";"0,455";"6,304";"5,800";"6,166";"18,270";"1,209";"0,621";"0,588";
"16/01/2024 15:10";"4,289";"0,000";"3,931";"0,000";"4,328";"0,000";"12,549";"0,000";"0,819";"0,000";"0,000";"0,206";"5,184";"4,826";"5,222";"15,232";"2,683";"1,368";"1,315";
"16/01/2024 15:20";"3,999";"0,000";"3,756";"0,000";"4,168";"0,000";"11,922";"0,000";"0,593";"0,000";"0,000";"0,343";"4,356";"4,114";"4,525";"12,995";"1,073";"0,548";"0,525";
"16/01/2024 15:30";"4,663";"0,000";"4,350";"0,000";"4,704";"0,000";"13,717";"0,000";"0,989";"0,000";"0,000";"0,381";"5,017";"4,704";"5,059";"14,780";"1,063";"0,542";"0,521";
"16/01/2024 15:40";"5,205";"0,000";"4,984";"0,000";"5,513";"0,000";"15,701";"0,000";"0,937";"0,000";"0,000";"0,305";"5,630";"5,409";"5,938";"16,976";"1,275";"0,651";"0,624";
"16/01/2024 15:50";"5,278";"0,000";"5,026";"0,000";"5,878";"0,000";"16,181";"0,000";"0,863";"0,000";"0,000";"0,342";"5,736";"5,484";"6,336";"17,555";"1,374";"0,700";"0,674";
"16/01/2024 16:00";"5,469";"0,000";"5,146";"0,000";"5,947";"0,000";"16,562";"0,000";"0,929";"0,000";"0,000";"0,402";"5,775";"5,453";"6,254";"17,481";"0,919";"0,471";"0,448";
"16/01/2024 16:10";"4,830";"0,000";"4,534";"0,000";"5,325";"0,000";"14,689";"0,000";"0,882";"0,000";"0,000";"0,347";"5,181";"4,885";"5,676";"15,742";"1,053";"0,539";"0,514";
"16/01/2024 16:20";"5,199";"0,000";"4,880";"0,000";"5,670";"0,000";"15,749";"0,000";"0,905";"0,000";"0,000";"0,363";"5,595";"5,275";"6,065";"16,935";"1,186";"0,607";"0,579";
"16/01/2024 16:30";"4,180";"0,000";"3,856";"0,000";"4,614";"0,000";"12,650";"0,000";"0,988";"0,000";"0,000";"0,282";"4,627";"4,303";"5,061";"13,990";"1,340";"0,684";"0,656";
"16/01/2024 16:40";"4,048";"0,000";"3,724";"0,000";"4,227";"0,000";"11,999";"0,000";"0,636";"0,000";"0,000";"0,348";"4,420";"4,097";"4,599";"13,116";"1,117";"0,570";"0,547";
"16/01/2024 16:50";"4,137";"0,000";"3,692";"0,000";"4,207";"0,000";"12,035";"0,000";"0,646";"0,000";"0,000";"0,341";"4,461";"4,017";"4,531";"13,009";"0,974";"0,497";"0,477";
"16/01/2024 17:00";"4,223";"0,000";"3,875";"0,000";"4,394";"0,000";"12,493";"0,000";"0,918";"0,000";"0,000";"0,302";"4,457";"4,109";"4,627";"13,193";"0,700";"0,358";"0,342";
"16/01/2024 17:10";"4,256";"0,000";"3,749";"0,000";"4,295";"0,000";"12,300";"0,000";"0,732";"0,000";"0,000";"0,320";"4,432";"3,924";"4,470";"12,826";"0,526";"0,270";"0,256";
"16/01/2024 17:20";"4,761";"0,000";"4,384";"0,000";"4,862";"0,000";"14,007";"0,000";"1,483";"0,000";"0,000";"0,234";"4,936";"4,559";"5,037";"14,531";"0,524";"0,269";"0,255";
"16/01/2024 17:30";"5,024";"0,000";"4,668";"0,000";"5,199";"0,000";"14,891";"0,000";"1,368";"0,000";"0,000";"0,289";"5,221";"4,864";"5,396";"15,481";"0,590";"0,303";"0,287";
"16/01/2024 17:40";"4,983";"0,000";"4,413";"0,000";"4,925";"0,000";"14,321";"0,000";"1,610";"0,000";"0,000";"0,305";"5,120";"4,551";"5,062";"14,733";"0,412";"0,212";"0,200";
"16/01/2024 17:50";"4,997";"0,000";"4,513";"0,000";"5,007";"0,000";"14,518";"0,000";"1,776";"0,000";"0,000";"0,275";"5,059";"4,575";"5,069";"14,704";"0,186";"0,096";"0,090";
"16/01/2024 18:00";"6,266";"0,000";"5,741";"0,000";"6,256";"0,000";"18,263";"0,000";"0,695";"0,000";"0,000";"0,415";"6,295";"5,769";"6,285";"18,349";"0,086";"0,045";"0,041";
"16/01/2024 18:10";"6,170";"0,000";"5,638";"0,000";"6,197";"0,000";"18,005";"0,000";"0,873";"0,000";"0,000";"0,393";"6,175";"5,643";"6,202";"18,020";"0,015";"0,008";"0,007";
"16/01/2024 18:20";"4,969";"0,000";"4,524";"0,000";"5,032";"0,000";"14,525";"0,000";"1,024";"0,000";"0,000";"0,377";"4,969";"4,524";"5,032";"14,525";"0,000";"0,000";"0,000";
"16/01/2024 18:30";"4,350";"0,000";"3,990";"0,000";"4,482";"0,000";"12,821";"0,000";"0,791";"0,000";"0,000";"0,266";"4,350";"3,990";"4,482";"12,821";"0,000";"0,000";"0,000";
"16/01/2024 18:40";"4,168";"0,000";"3,844";"0,000";"4,345";"0,000";"12,358";"0,000";"0,636";"0,000";"0,000";"0,296";"4,168";"3,844";"4,345";"12,358";"0,000";"0,000";"0,000";
"16/01/2024 18:50";"6,206";"0,000";"5,807";"0,000";"6,185";"0,000";"18,199";"0,000";"1,160";"0,000";"0,000";"0,272";"6,206";"5,807";"6,185";"18,199";"0,000";"0,000";"0,000";
"16/01/2024 19:00";"6,387";"0,000";"5,859";"0,000";"6,204";"0,000";"18,449";"0,000";"1,002";"0,000";"0,000";"0,299";"6,387";"5,859";"6,204";"18,449";"0,000";"0,000";"0,000";
"16/01/2024 19:10";"4,669";"0,000";"3,941";"0,000";"4,483";"0,000";"13,094";"0,000";"0,742";"0,000";"0,000";"0,370";"4,669";"3,941";"4,483";"13,094";"0,000";"0,000";"0,000";
"16/01/2024 19:20";"4,369";"0,000";"3,876";"0,000";"4,759";"0,000";"13,004";"0,000";"0,722";"0,000";"0,000";"0,265";"4,369";"3,876";"4,759";"13,004";"0,000";"0,000";"0,000";
"16/01/2024 19:30";"4,533";"0,000";"4,042";"0,000";"4,914";"0,000";"13,490";"0,000";"0,878";"0,000";"0,000";"0,283";"4,533";"4,042";"4,914";"13,490";"0,000";"0,000";"0,000";
"16/01/2024 19:40";"4,561";"0,000";"3,995";"0,000";"4,834";"0,000";"13,390";"0,000";"0,972";"0,000";"0,000";"0,512";"4,561";"3,995";"4,834";"13,390";"0,000";"0,000";"0,000";
"16/01/2024 19:50";"4,064";"0,000";"3,433";"0,000";"4,267";"0,000";"11,764";"0,000";"0,854";"0,000";"0,000";"0,336";"4,064";"3,433";"4,267";"11,764";"0,000";"0,000";"0,000";
"16/01/2024 20:00";"4,096";"0,000";"3,639";"0,000";"4,482";"0,000";"12,217";"0,000";"1,072";"0,000";"0,000";"0,388";"4,096";"3,639";"4,482";"12,217";"0,000";"0,000";"0,000";
"16/01/2024 20:10";"2,027";"0,000";"1,485";"0,000";"1,817";"0,000";"5,330";"0,000";"0,223";"0,000";"0,000";"0,247";"2,027";"1,485";"1,817";"5,330";"0,000";"0,000";"0,000";
"16/01/2024 20:20";"1,034";"0,000";"0,654";"0,000";"0,793";"0,000";"2,481";"0,000";"0,000";"0,000";"0,000";"0,132";"1,034";"0,654";"0,793";"2,481";"0,000";"0,000";"0,000";
"16/01/2024 20:30";"1,099";"0,000";"0,878";"0,000";"0,974";"0,000";"2,952";"0,000";"0,136";"0,000";"0,000";"0,164";"1,099";"0,878";"0,974";"2,952";"0,000";"0,000";"0,000";
"16/01/2024 20:40";"1,129";"0,000";"0,672";"0,000";"0,776";"0,000";"2,576";"0,000";"0,000";"0,000";"0,000";"0,145";"1,129";"0,672";"0,776";"2,576";"0,000";"0,000";"0,000";
"16/01/2024 20:50";"1,311";"0,000";"0,636";"0,000";"0,789";"0,000";"2,736";"0,000";"0,014";"0,000";"0,000";"0,112";"1,311";"0,636";"0,789";"2,736";"0,000";"0,000";"0,000";
"16/01/2024 21:00";"1,089";"0,000";"0,682";"0,000";"0,814";"0,000";"2,585";"0,000";"0,040";"0,000";"0,000";"0,125";"1,089";"0,682";"0,814";"2,585";"0,000";"0,000";"0,000";
"16/01/2024 21:10";"0,591";"0,000";"0,601";"0,000";"0,665";"0,000";"1,857";"0,000";"0,028";"0,000";"0,000";"0,066";"0,591";"0,601";"0,665";"1,857";"0,000";"0,000";"0,000";
"16/01/2024 21:20";"0,720";"0,000";"0,590";"0,000";"0,657";"0,000";"1,967";"0,000";"0,000";"0,000";"0,000";"0,142";"0,720";"0,590";"0,657";"1,967";"0,000";"0,000";"0,000";
"16/01/2024 21:30";"0,894";"0,000";"0,654";"0,000";"0,720";"0,000";"2,269";"0,000";"0,138";"0,000";"0,000";"0,176";"0,894";"0,654";"0,720";"2,269";"0,000";"0,000";"0,000";
"16/01/2024 21:40";"0,713";"0,000";"0,557";"0,000";"0,654";"0,000";"1,924";"0,000";"0,000";"0,000";"0,000";"0,140";"0,713";"0,557";"0,654";"1,924";"0,000";"0,000";"0,000";
"16/01/2024 21:50";"0,842";"0,000";"0,551";"0,000";"0,753";"0,000";"2,146";"0,000";"0,000";"0,000";"0,000";"0,183";"0,842";"0,551";"0,753";"2,146";"0,000";"0,000";"0,000";
"16/01/2024 22:00";"0,629";"0,000";"0,619";"0,000";"0,808";"0,000";"2,056";"0,000";"0,035";"0,000";"0,000";"0,239";"0,629";"0,619";"0,808";"2,056";"0,000";"0,000";"0,000";
"16/01/2024 22:10";"0,582";"0,000";"0,559";"0,000";"0,618";"0,000";"1,759";"0,000";"0,012";"0,000";"0,000";"0,057";"0,582";"0,559";"0,618";"1,759";"0,000";"0,000";"0,000";
"16/01/2024 22:20";"0,572";"0,000";"0,579";"0,000";"0,649";"0,000";"1,801";"0,000";"0,007";"0,000";"0,000";"0,035";"0,572";"0,579";"0,649";"1,801";"0,000";"0,000";"0,000";
"16/01/2024 22:30";"1,068";"0,000";"0,702";"0,000";"0,806";"0,000";"2,576";"0,000";"0,031";"0,000";"0,000";"0,244";"1,068";"0,702";"0,806";"2,576";"0,000";"0,000";"0,000";
"16/01/2024 22:40";"0,735";"0,000";"0,521";"0,000";"0,472";"0,000";"1,729";"0,000";"0,011";"0,000";"0,000";"0,090";"0,735";"0,521";"0,472";"1,729";"0,000";"0,000";"0,000";
"16/01/2024 22:50";"0,712";"0,000";"0,601";"0,000";"0,408";"0,000";"1,721";"0,000";"0,001";"0,000";"0,000";"0,155";"0,712";"0,601";"0,408";"1,721";"0,000";"0,000";"0,000";
"16/01/2024 23:00";"0,879";"0,000";"0,662";"0,000";"0,507";"0,000";"2,048";"0,000";"0,040";"0,000";"0,000";"0,219";"0,879";"0,662";"0,507";"2,048";"0,000";"0,000";"0,000";
"16/01/2024 23:10";"0,593";"0,000";"0,560";"0,000";"0,364";"0,000";"1,517";"0,000";"0,004";"0,000";"0,000";"0,039";"0,593";"0,560";"0,364";"1,517";"0,000";"0,000";"0,000";
"16/01/2024 23:20";"0,597";"0,000";"0,608";"0,000";"0,389";"0,000";"1,593";"0,000";"0,017";"0,000";"0,000";"0,059";"0,597";"0,608";"0,389";"1,593";"0,000";"0,000";"0,000";
"16/01/2024 23:30";"0,639";"0,000";"0,669";"0,000";"0,511";"0,000";"1,819";"0,000";"0,030";"0,000";"0,000";"0,220";"0,639";"0,669";"0,511";"1,819";"0,000";"0,000";"0,000";
"16/01/2024 23:40";"0,599";"0,000";"0,573";"0,000";"0,372";"0,000";"1,543";"0,000";"0,020";"0,000";"0,000";"0,022";"0,599";"0,573";"0,372";"1,543";"0,000";"0,000";"0,000";
"16/01/2024 23:50";"0,618";"0,000";"0,572";"0,000";"0,390";"0,000";"1,580";"0,000";"0,016";"0,000";"0,000";"0,071";"0,618";"0,572";"0,390";"1,580";"0,000";"0,000";"0,000";
"17/01/2024 00:00";"0,604";"0,000";"0,637";"0,000";"0,506";"0,000";"1,748";"0,000";"0,036";"0,000";"0,000";"0,141";"0,604";"0,637";"0,506";"1,748";"0,000";"0,000";"0,000";
"17/01/2024 00:10";"0,583";"0,000";"0,522";"0,000";"0,360";"0,000";"1,465";"0,000";"0,000";"0,000";"0,000";"0,112";"0,583";"0,522";"0,360";"1,465";"0,000";"0,000";"0,000";
"17/01/2024 00:20";"0,754";"0,000";"0,577";"0,000";"0,379";"0,000";"1,709";"0,000";"0,023";"0,000";"0,000";"0,032";"0,754";"0,577";"0,379";"1,709";"0,000";"0,000";"0,000";
"17/01/2024 00:30";"0,918";"0,000";"0,766";"0,000";"0,605";"0,000";"2,290";"0,000";"0,076";"0,000";"0,000";"0,107";"0,918";"0,766";"0,605";"2,290";"0,000";"0,000";"0,000";
"17/01/2024 00:40";"0,778";"0,000";"0,582";"0,000";"0,348";"0,000";"1,708";"0,000";"0,016";"0,000";"0,000";"0,062";"0,778";"0,582";"0,348";"1,708";"0,000";"0,000";"0,000";
"17/01/2024 00:50";"0,609";"0,000";"0,586";"0,000";"0,386";"0,000";"1,581";"0,000";"0,010";"0,000";"0,000";"0,085";"0,609";"0,586";"0,386";"1,581";"0,000";"0,000";"0,000";
"17/01/2024 01:00";"0,764";"0,000";"0,723";"0,000";"0,587";"0,000";"2,075";"0,000";"0,043";"0,000";"0,000";"0,135";"0,764";"0,723";"0,587";"2,075";"0,000";"0,000";"0,000";
"17/01/2024 01:10";"0,600";"0,000";"0,569";"0,000";"0,357";"0,000";"1,526";"0,000";"0,012";"0,000";"0,000";"0,032";"0,600";"0,569";"0,357";"1,526";"0,000";"0,000";"0,000";
"17/01/2024 01:20";"0,742";"0,000";"0,579";"0,000";"0,383";"0,000";"1,704";"0,000";"0,013";"0,000";"0,000";"0,089";"0,742";"0,579";"0,383";"1,704";"0,000";"0,000";"0,000";
"17/01/2024 01:30";"0,833";"0,000";"0,657";"0,000";"0,502";"0,000";"1,992";"0,000";"0,067";"0,000";"0,000";"0,054";"0,833";"0,657";"0,502";"1,992";"0,000";"0,000";"0,000";
"17/01/2024 01:40";"0,709";"0,000";"0,613";"0,000";"0,697";"0,000";"2,019";"0,000";"0,033";"0,000";"0,000";"0,041";"0,709";"0,613";"0,697";"2,019";"0,000";"0,000";"0,000";
"17/01/2024 01:50";"0,787";"0,000";"0,588";"0,000";"0,756";"0,000";"2,131";"0,000";"0,000";"0,000";"0,000";"0,151";"0,787";"0,588";"0,756";"2,131";"0,000";"0,000";"0,000";
"17/01/2024 02:00";"0,818";"0,000";"0,563";"0,000";"0,845";"0,000";"2,226";"0,000";"0,032";"0,000";"0,000";"0,177";"0,818";"0,563";"0,845";"2,226";"0,000";"0,000";"0,000";
"17/01/2024 02:10";"0,904";"0,000";"0,631";"0,000";"0,837";"0,000";"2,373";"0,000";"0,027";"0,000";"0,000";"0,034";"0,904";"0,631";"0,837";"2,373";"0,000";"0,000";"0,000";
"17/01/2024 02:20";"1,002";"0,000";"0,523";"0,000";"0,698";"0,000";"2,223";"0,000";"0,002";"0,000";"0,000";"0,076";"1,002";"0,523";"0,698";"2,223";"0,000";"0,000";"0,000";
"17/01/2024 02:30";"0,746";"0,000";"0,595";"0,000";"0,812";"0,000";"2,153";"0,000";"0,068";"0,000";"0,000";"0,104";"0,746";"0,595";"0,812";"2,153";"0,000";"0,000";"0,000";
"17/01/2024 02:40";"0,710";"0,000";"0,580";"0,000";"0,771";"0,000";"2,061";"0,000";"0,051";"0,000";"0,000";"0,052";"0,710";"0,580";"0,771";"2,061";"0,000";"0,000";"0,000";
"17/01/2024 02:50";"0,596";"0,000";"0,567";"0,000";"0,745";"0,000";"1,907";"0,000";"0,009";"0,000";"0,000";"0,036";"0,596";"0,567";"0,745";"1,907";"0,000";"0,000";"0,000";
"17/01/2024 03:00";"0,639";"0,000";"0,615";"0,000";"0,768";"0,000";"2,023";"0,000";"0,038";"0,000";"0,000";"0,158";"0,639";"0,615";"0,768";"2,023";"0,000";"0,000";"0,000";
"17/01/2024 03:10";"0,671";"0,000";"0,698";"0,000";"0,897";"0,000";"2,266";"0,000";"0,008";"0,000";"0,000";"0,090";"0,671";"0,698";"0,897";"2,266";"0,000";"0,000";"0,000";
"17/01/2024 03:20";"0,601";"0,000";"0,573";"0,000";"0,745";"0,000";"1,919";"0,000";"0,002";"0,000";"0,000";"0,176";"0,601";"0,573";"0,745";"1,919";"0,000";"0,000";"0,000";
"17/01/2024 03:30";"0,558";"0,000";"0,523";"0,000";"0,717";"0,000";"1,797";"0,000";"0,034";"0,000";"0,000";"0,092";"0,558";"0,523";"0,717";"1,797";"0,000";"0,000";"0,000";
"17/01/2024 03:40";"0,711";"0,000";"0,733";"0,000";"0,897";"0,000";"2,341";"0,000";"0,152";"0,000";"0,000";"0,038";"0,711";"0,733";"0,897";"2,341";"0,000";"0,000";"0,000";
"17/01/2024 03:50";"0,584";"0,000";"0,581";"0,000";"0,656";"0,000";"1,821";"0,000";"0,006";"0,000";"0,000";"0,073";"0,584";"0,581";"0,656";"1,821";"0,000";"0,000";"0,000";
"17/01/2024 04:00";"0,569";"0,000";"0,510";"0,000";"0,602";"0,000";"1,681";"0,000";"0,008";"0,000";"0,000";"0,061";"0,569";"0,510";"0,602";"1,681";"0,000";"0,000";"0,000";
"17/01/2024 04:10";"0,674";"0,000";"0,726";"0,000";"0,837";"0,000";"2,237";"0,000";"0,040";"0,000";"0,000";"0,077";"0,674";"0,726";"0,837";"2,237";"0,000";"0,000";"0,000";
"17/01/2024 04:20";"0,750";"0,000";"0,517";"0,000";"0,596";"0,000";"1,864";"0,000";"0,007";"0,000";"0,000";"0,096";"0,750";"0,517";"0,596";"1,864";"0,000";"0,000";"0,000";
"17/01/2024 04:30";"0,692";"0,000";"0,569";"0,000";"0,647";"0,000";"1,907";"0,000";"0,006";"0,000";"0,000";"0,049";"0,692";"0,569";"0,647";"1,907";"0,000";"0,000";"0,000";
"17/01/2024 04:40";"0,713";"0,000";"0,703";"0,000";"0,932";"0,000";"2,348";"0,000";"0,038";"0,000";"0,000";"0,150";"0,713";"0,703";"0,932";"2,348";"0,000";"0,000";"0,000";
"17/01/2024 04:50";"0,935";"0,000";"0,595";"0,000";"0,670";"0,000";"2,200";"0,000";"0,011";"0,000";"0,000";"0,061";"0,935";"0,595";"0,670";"2,200";"0,000";"0,000";"0,000";
"17/01/2024 05:00";"0,720";"0,000";"0,545";"0,000";"0,617";"0,000";"1,882";"0,000";"0,028";"0,000";"0,000";"0,018";"0,720";"0,545";"0,617";"1,882";"0,000";"0,000";"0,000";
"17/01/2024 05:10";"0,853";"0,000";"0,753";"0,000";"0,850";"0,000";"2,457";"0,000";"0,134";"0,000";"0,000";"0,124";"0,853";"0,753";"0,850";"2,457";"0,000";"0,000";"0,000";
"17/01/2024 05:20";"0,916";"0,000";"0,718";"0,000";"0,780";"0,000";"2,413";"0,000";"0,056";"0,000";"0,000";"0,068";"0,916";"0,718";"0,780";"2,413";"0,000";"0,000";"0,000";
"17/01/2024 05:30";"1,878";"0,000";"1,198";"0,000";"0,992";"0,000";"4,069";"0,000";"0,144";"0,000";"0,000";"0,000";"1,878";"1,198";"0,992";"4,069";"0,000";"0,000";"0,000";
"17/01/2024 05:40";"2,284";"0,000";"1,522";"0,000";"1,278";"0,000";"5,084";"0,000";"0,210";"0,000";"0,000";"0,032";"2,284";"1,522";"1,278";"5,084";"0,000";"0,000";"0,000";
"17/01/2024 05:50";"2,246";"0,000";"1,449";"0,000";"1,212";"0,000";"4,907";"0,000";"0,038";"0,000";"0,000";"0,008";"2,246";"1,449";"1,212";"4,907";"0,000";"0,000";"0,000";
"17/01/2024 06:00";"2,873";"0,000";"2,328";"0,000";"2,337";"0,000";"7,539";"0,000";"0,839";"0,000";"0,000";"0,480";"2,873";"2,328";"2,337";"7,539";"0,000";"0,000";"0,000";
"17/01/2024 06:10";"4,152";"0,000";"3,585";"0,000";"3,763";"0,000";"11,500";"0,000";"1,728";"0,000";"0,000";"0,402";"4,152";"3,585";"3,763";"11,500";"0,000";"0,000";"0,000";
"17/01/2024 06:20";"6,419";"0,000";"5,899";"0,000";"6,721";"0,000";"19,039";"0,000";"3,174";"0,000";"0,000";"0,077";"6,419";"5,899";"6,721";"19,039";"0,000";"0,000";"0,000";
"17/01/2024 06:30";"6,886";"0,000";"6,290";"0,000";"7,072";"0,000";"20,248";"0,000";"7,201";"0,000";"0,000";"0,050";"6,886";"6,290";"7,072";"20,248";"0,000";"0,000";"0,000";
"17/01/2024 06:40";"7,135";"0,000";"6,570";"0,000";"7,175";"0,000";"20,879";"0,000";"5,055";"0,000";"0,000";"0,000";"7,135";"6,570";"7,175";"20,879";"0,000";"0,000";"0,000";
"17/01/2024 06:50";"7,395";"0,000";"6,923";"0,000";"7,509";"0,000";"21,827";"0,000";"3,099";"0,000";"0,000";"0,000";"7,395";"6,923";"7,509";"21,827";"0,000";"0,000";"0,000";
"17/01/2024 07:00";"8,089";"0,000";"7,575";"0,000";"8,097";"0,000";"23,760";"0,000";"3,628";"0,000";"0,000";"0,000";"8,089";"7,575";"8,097";"23,760";"0,000";"0,000";"0,000";
"17/01/2024 07:10";"8,022";"0,000";"7,370";"0,000";"7,866";"0,000";"23,257";"0,000";"3,121";"0,000";"0,000";"0,000";"8,022";"7,370";"7,866";"23,257";"0,000";"0,000";"0,000";
"17/01/2024 07:20";"8,787";"0,000";"8,014";"0,000";"8,414";"0,000";"25,216";"0,000";"5,312";"0,000";"0,000";"0,000";"8,787";"8,014";"8,414";"25,216";"0,000";"0,000";"0,000";
"17/01/2024 07:30";"8,172";"0,000";"7,487";"0,000";"7,693";"0,000";"23,353";"0,000";"5,680";"0,000";"0,000";"0,000";"8,172";"7,487";"7,693";"23,353";"0,000";"0,000";"0,000";
"17/01/2024 07:40";"8,815";"0,000";"8,329";"0,000";"8,257";"0,000";"25,401";"0,000";"4,688";"0,000";"0,000";"0,000";"8,815";"8,329";"8,257";"25,401";"0,000";"0,000";"0,000";
"17/01/2024 07:50";"8,436";"0,000";"8,010";"0,000";"8,256";"0,000";"24,702";"0,000";"7,153";"0,000";"0,000";"0,000";"8,436";"8,010";"8,256";"24,702";"0,000";"0,000";"0,000";
"17/01/2024 08:00";"7,031";"0,000";"6,722";"0,000";"7,188";"0,000";"20,942";"0,000";"2,966";"0,000";"0,000";"0,000";"7,031";"6,722";"7,188";"20,942";"0,000";"0,000";"0,000";
"17/01/2024 08:10";"6,988";"0,000";"6,472";"0,000";"7,172";"0,000";"20,632";"0,000";"1,421";"0,000";"0,000";"0,000";"6,988";"6,472";"7,172";"20,632";"0,000";"0,000";"0,000";
"17/01/2024 08:20";"7,167";"0,000";"6,639";"0,000";"7,333";"0,000";"21,138";"0,000";"1,952";"0,000";"0,000";"0,000";"7,167";"6,639";"7,333";"21,138";"0,000";"0,000";"0,000";
"17/01/2024 08:30";"8,425";"0,000";"8,071";"0,000";"8,797";"0,000";"25,293";"0,000";"3,481";"0,000";"0,000";"0,000";"8,425";"8,071";"8,797";"25,293";"0,000";"0,000";"0,000";
"17/01/2024 08:40";"8,306";"0,000";"8,027";"0,000";"8,666";"0,000";"24,999";"0,000";"4,203";"0,000";"0,000";"0,000";"8,306";"8,027";"8,666";"24,998";"0,000";"0,000";"0,000";
"17/01/2024 08:50";"8,254";"0,000";"7,623";"0,000";"8,322";"0,000";"24,199";"0,000";"3,084";"0,000";"0,000";"0,008";"8,254";"7,623";"8,322";"24,199";"0,000";"0,000";"0,000";
"17/01/2024 09:00";"8,279";"0,000";"7,925";"0,000";"8,466";"0,000";"24,670";"0,000";"6,833";"0,000";"0,000";"0,000";"8,285";"7,930";"8,472";"24,687";"0,017";"0,009";"0,008";
"17/01/2024 09:10";"8,065";"0,000";"7,770";"0,000";"8,364";"0,000";"24,198";"0,000";"3,479";"0,000";"0,000";"0,000";"8,100";"7,805";"8,399";"24,303";"0,105";"0,055";"0,050";
"17/01/2024 09:20";"7,786";"0,000";"7,357";"0,000";"8,073";"0,000";"23,215";"0,000";"2,959";"0,000";"0,000";"0,008";"7,810";"7,380";"8,096";"23,286";"0,071";"0,037";"0,034";
"17/01/2024 09:30";"7,031";"0,000";"6,422";"0,000";"7,225";"0,000";"20,677";"0,000";"4,406";"0,000";"0,000";"0,002";"7,051";"6,442";"7,245";"20,737";"0,060";"0,031";"0,029";
"17/01/2024 09:40";"6,147";"0,000";"5,868";"0,000";"6,637";"0,000";"18,651";"0,000";"2,992";"0,000";"0,000";"0,037";"6,201";"5,922";"6,692";"18,815";"0,164";"0,086";"0,078";
"17/01/2024 09:50";"6,196";"0,000";"5,830";"0,000";"6,669";"0,000";"18,694";"0,000";"1,725";"0,000";"0,000";"0,089";"6,425";"6,059";"6,898";"19,383";"0,689";"0,391";"0,298";
"17/01/2024 10:00";"5,450";"0,000";"4,733";"0,000";"5,633";"0,000";"15,816";"0,000";"0,229";"0,000";"0,000";"0,329";"5,735";"5,018";"5,918";"16,671";"0,855";"0,533";"0,322";
"17/01/2024 10:10";"5,767";"0,000";"4,970";"0,000";"5,790";"0,000";"16,527";"0,000";"0,392";"0,000";"0,000";"0,222";"6,131";"5,334";"6,154";"17,619";"1,092";"0,654";"0,438";
"17/01/2024 10:20";"6,341";"0,000";"5,627";"0,000";"6,635";"0,000";"18,603";"0,000";"1,190";"0,000";"0,000";"0,074";"6,871";"6,158";"7,166";"20,195";"1,592";"0,902";"0,690";
"17/01/2024 10:30";"6,563";"0,000";"6,125";"0,000";"7,122";"0,000";"19,810";"0,000";"2,959";"0,000";"0,000";"0,001";"7,288";"6,849";"7,847";"21,984";"2,174";"1,221";"0,953";
"17/01/2024 10:40";"7,890";"0,000";"7,445";"0,000";"8,241";"0,000";"23,576";"0,000";"4,961";"0,000";"0,000";"0,006";"8,297";"7,852";"8,647";"24,796";"1,220";"0,673";"0,547";
"17/01/2024 10:50";"8,040";"0,000";"7,401";"0,000";"8,116";"0,000";"23,557";"0,000";"2,730";"0,000";"0,000";"0,019";"8,302";"7,663";"8,378";"24,343";"0,786";"0,407";"0,379";
"17/01/2024 11:00";"7,617";"0,000";"7,206";"0,000";"8,078";"0,000";"22,901";"0,000";"2,895";"0,000";"0,000";"0,000";"7,874";"7,463";"8,335";"23,671";"0,770";"0,393";"0,377";
"17/01/2024 11:10";"8,589";"0,000";"8,162";"0,000";"8,943";"0,000";"25,694";"0,000";"4,603";"0,000";"0,000";"0,000";"8,851";"8,424";"9,205";"26,480";"0,786";"0,403";"0,383";
"17/01/2024 11:20";"8,530";"0,000";"8,171";"0,000";"9,037";"0,000";"25,738";"0,000";"3,276";"0,000";"0,000";"0,000";"9,025";"8,667";"9,532";"27,224";"1,486";"0,779";"0,707";
"17/01/2024 11:30";"7,940";"0,000";"7,558";"0,000";"8,263";"0,000";"23,760";"0,000";"5,795";"0,000";"0,000";"0,000";"8,251";"7,869";"8,574";"24,695";"0,935";"0,479";"0,456";
"17/01/2024 11:40";"7,518";"0,000";"6,946";"0,000";"7,820";"0,000";"22,283";"0,000";"1,911";"0,000";"0,000";"0,000";"7,856";"7,284";"8,158";"23,297";"1,014";"0,518";"0,496";
"17/01/2024 11:50";"9,031";"0,000";"8,528";"0,000";"9,032";"0,000";"26,590";"0,000";"2,837";"0,000";"0,000";"0,000";"9,336";"8,833";"9,337";"27,505";"0,915";"0,466";"0,449";
"17/01/2024 12:00";"8,904";"0,000";"8,467";"0,000";"9,121";"0,000";"26,491";"0,000";"2,598";"0,000";"0,000";"0,000";"9,277";"8,840";"9,494";"27,611";"1,120";"0,569";"0,551";
"17/01/2024 12:10";"6,787";"0,000";"6,438";"0,000";"7,228";"0,000";"20,454";"0,000";"1,357";"0,000";"0,000";"0,020";"6,905";"6,556";"7,346";"20,808";"0,354";"0,182";"0,172";
"17/01/2024 12:20";"6,101";"0,000";"5,587";"0,000";"6,484";"0,000";"18,172";"0,000";"0,591";"0,000";"0,000";"0,124";"6,464";"5,950";"6,847";"19,261";"1,089";"0,556";"0,533";
"17/01/2024 12:30";"6,372";"0,000";"5,818";"0,000";"6,797";"0,000";"18,987";"0,000";"1,581";"0,000";"0,000";"0,077";"7,013";"6,459";"7,438";"20,910";"1,923";"0,977";"0,946";
"17/01/2024 12:40";"6,552";"0,000";"5,870";"0,000";"6,693";"0,000";"19,115";"0,000";"5,291";"0,000";"0,000";"0,031";"7,720";"7,038";"7,861";"22,620";"3,505";"1,774";"1,731";
"17/01/2024 12:50";"6,361";"0,000";"5,229";"0,000";"5,959";"0,000";"17,549";"0,000";"2,175";"0,000";"0,000";"0,587";"7,228";"6,096";"6,826";"20,149";"2,600";"1,318";"1,282";
"17/01/2024 13:00";"6,233";"0,000";"5,257";"0,000";"5,508";"0,000";"16,998";"0,000";"1,112";"0,000";"0,000";"0,720";"7,732";"6,756";"7,007";"21,495";"4,497";"2,277";"2,220";
"17/01/2024 13:10";"6,145";"0,000";"5,491";"0,000";"5,630";"0,000";"17,265";"0,000";"2,170";"0,000";"0,000";"0,487";"6,607";"5,953";"6,092";"18,652";"1,387";"0,706";"0,681";
"17/01/2024 13:20";"6,097";"0,000";"5,220";"0,000";"5,502";"0,000";"16,819";"0,000";"1,511";"0,000";"0,000";"0,567";"6,889";"6,011";"6,293";"19,193";"2,374";"1,205";"1,169";
"17/01/2024 13:30";"5,707";"0,000";"4,914";"0,000";"5,544";"0,000";"16,165";"0,000";"1,713";"0,000";"0,000";"0,443";"6,171";"5,379";"6,009";"17,558";"1,393";"0,707";"0,686";
"17/01/2024 13:40";"4,461";"0,000";"3,910";"0,000";"4,502";"0,000";"12,872";"0,000";"0,796";"0,000";"0,000";"0,656";"4,719";"4,168";"4,759";"13,645";"0,773";"0,394";"0,379";
"17/01/2024 13:50";"3,194";"0,000";"2,668";"0,000";"3,228";"0,000";"9,091";"0,000";"0,748";"0,000";"0,000";"0,550";"3,387";"2,861";"3,421";"9,668";"0,577";"0,295";"0,282";
"17/01/2024 14:00";"3,177";"0,000";"2,563";"0,000";"3,327";"0,000";"9,066";"0,000";"0,578";"0,000";"0,000";"0,425";"3,457";"2,843";"3,607";"9,906";"0,840";"0,428";"0,412";
"17/01/2024 14:10";"5,162";"0,000";"4,612";"0,000";"5,268";"0,000";"15,043";"0,000";"1,142";"0,000";"0,000";"0,517";"5,404";"4,854";"5,510";"15,769";"0,726";"0,370";"0,356";
"17/01/2024 14:20";"5,809";"0,000";"5,310";"0,000";"5,973";"0,000";"17,093";"0,000";"0,940";"0,000";"0,000";"0,329";"6,161";"5,662";"6,325";"18,149";"1,056";"0,537";"0,519";
"17/01/2024 14:30";"4,384";"0,000";"3,862";"0,000";"4,584";"0,000";"12,830";"0,000";"0,602";"0,000";"0,000";"0,327";"4,808";"4,285";"5,007";"14,100";"1,270";"0,645";"0,625";
"17/01/2024 14:40";"4,547";"0,000";"3,944";"0,000";"4,686";"0,000";"13,177";"0,000";"0,870";"0,000";"0,000";"0,331";"4,744";"4,141";"4,884";"13,769";"0,592";"0,303";"0,289";
"17/01/2024 14:50";"4,337";"0,000";"3,818";"0,000";"4,551";"0,000";"12,705";"0,000";"0,556";"0,000";"0,000";"0,351";"4,589";"4,070";"4,803";"13,461";"0,756";"0,385";"0,371";
"17/01/2024 15:00";"5,360";"0,000";"4,829";"0,000";"5,482";"0,000";"15,671";"0,000";"0,970";"0,000";"0,000";"0,249";"5,575";"5,044";"5,697";"16,315";"0,644";"0,328";"0,316";
"17/01/2024 15:10";"5,283";"0,000";"4,795";"0,000";"5,464";"0,000";"15,542";"0,000";"0,995";"0,000";"0,000";"0,363";"5,748";"5,261";"5,929";"16,938";"1,396";"0,708";"0,688";
"17/01/2024 15:20";"5,493";"0,000";"4,877";"0,000";"5,520";"0,000";"15,891";"0,000";"0,754";"0,000";"0,000";"0,390";"5,851";"5,235";"5,878";"16,964";"1,073";"0,546";"0,527";
"17/01/2024 15:30";"6,201";"0,000";"5,704";"0,000";"5,893";"0,000";"17,798";"0,000";"0,870";"0,000";"0,000";"0,362";"6,501";"6,004";"6,192";"18,697";"0,899";"0,459";"0,440";
"17/01/2024 15:40";"6,466";"0,000";"5,923";"0,000";"6,346";"0,000";"18,735";"0,000";"0,898";"0,000";"0,000";"0,401";"6,696";"6,153";"6,576";"19,425";"0,690";"0,353";"0,337";
"17/01/2024 15:50";"6,313";"0,000";"5,836";"0,000";"6,364";"0,000";"18,513";"0,000";"1,046";"0,000";"0,000";"0,397";"6,528";"6,051";"6,579";"19,159";"0,646";"0,330";"0,316";
"17/01/2024 16:00";"5,551";"0,000";"4,945";"0,000";"5,862";"0,000";"16,358";"0,000";"0,899";"0,000";"0,000";"0,333";"5,827";"5,221";"6,138";"17,186";"0,828";"0,423";"0,405";
"17/01/2024 16:10";"6,030";"0,000";"5,544";"0,000";"6,610";"0,000";"18,184";"0,000";"1,030";"0,000";"0,000";"0,341";"6,257";"5,770";"6,837";"18,863";"0,679";"0,347";"0,332";
"17/01/2024 16:20";"4,441";"0,000";"3,865";"0,000";"4,987";"0,000";"13,293";"0,000";"0,602";"0,000";"0,000";"0,410";"4,559";"3,983";"5,105";"13,647";"0,354";"0,182";"0,172";
"17/01/2024 16:30";"4,452";"0,000";"3,894";"0,000";"5,135";"0,000";"13,481";"0,000";"0,646";"0,000";"0,000";"0,290";"4,549";"3,991";"5,232";"13,772";"0,291";"0,150";"0,141";
"17/01/2024 16:40";"4,632";"0,000";"4,034";"0,000";"5,252";"0,000";"13,918";"0,000";"0,621";"0,000";"0,000";"0,363";"4,742";"4,145";"5,362";"14,249";"0,331";"0,170";"0,161";
"17/01/2024 16:50";"5,306";"0,000";"4,472";"0,000";"5,495";"0,000";"15,273";"0,000";"0,957";"0,000";"0,000";"0,387";"5,431";"4,597";"5,620";"15,648";"0,375";"0,193";"0,182";
"17/01/2024 17:00";"5,819";"0,000";"5,164";"0,000";"6,294";"0,000";"17,278";"0,000";"1,012";"0,000";"0,000";"0,369";"5,914";"5,259";"6,389";"17,563";"0,285";"0,147";"0,138";
"17/01/2024 17:10";"6,648";"0,000";"5,834";"0,000";"6,967";"0,000";"19,449";"0,000";"1,069";"0,000";"0,000";"0,333";"6,677";"5,862";"6,995";"19,534";"0,085";"0,045";"0,040";
"17/01/2024 17:20";"6,797";"0,000";"6,057";"0,000";"7,118";"0,000";"19,973";"0,000";"0,679";"0,000";"0,000";"0,428";"6,842";"6,102";"7,163";"20,107";"0,134";"0,070";"0,064";
"17/01/2024 17:30";"6,988";"0,000";"6,438";"0,000";"7,359";"0,000";"20,784";"0,000";"0,323";"0,000";"0,000";"0,448";"7,045";"6,495";"7,416";"20,955";"0,171";"0,089";"0,082";
"17/01/2024 17:40";"6,044";"0,000";"5,633";"0,000";"6,539";"0,000";"18,216";"0,000";"0,867";"0,000";"0,000";"0,406";"6,099";"5,688";"6,595";"18,382";"0,166";"0,086";"0,080";
"17/01/2024 17:50";"5,223";"0,000";"4,781";"0,000";"5,664";"0,000";"15,668";"0,000";"1,403";"0,000";"0,000";"0,377";"5,273";"4,831";"5,714";"15,818";"0,150";"0,078";"0,072";
"17/01/2024 18:00";"5,363";"0,000";"4,732";"0,000";"5,512";"0,000";"15,607";"0,000";"1,702";"0,000";"0,000";"0,208";"5,373";"4,742";"5,522";"15,637";"0,030";"0,016";"0,014";
"17/01/2024 18:10";"5,161";"0,000";"4,663";"0,000";"5,569";"0,000";"15,393";"0,000";"1,703";"0,000";"0,000";"0,291";"5,164";"4,666";"5,571";"15,401";"0,008";"0,004";"0,004";
"17/01/2024 18:20";"5,264";"0,000";"4,747";"0,000";"5,572";"0,000";"15,583";"0,000";"1,220";"0,000";"0,000";"0,294";"5,264";"4,747";"5,572";"15,583";"0,000";"0,000";"0,000";
"17/01/2024 18:30";"4,838";"0,000";"4,339";"0,000";"5,196";"0,000";"14,373";"0,000";"0,979";"0,000";"0,000";"0,327";"4,838";"4,339";"5,196";"14,373";"0,000";"0,000";"0,000";
"17/01/2024 18:40";"4,499";"0,000";"4,045";"0,000";"4,888";"0,000";"13,432";"0,000";"0,707";"0,000";"0,000";"0,360";"4,499";"4,045";"4,888";"13,432";"0,000";"0,000";"0,000";
"17/01/2024 18:50";"5,010";"0,000";"4,262";"0,000";"5,060";"0,000";"14,332";"0,000";"0,793";"0,000";"0,000";"0,418";"5,010";"4,262";"5,060";"14,332";"0,000";"0,000";"0,000";
"17/01/2024 19:00";"6,016";"0,000";"5,422";"0,000";"5,967";"0,000";"17,405";"0,000";"0,853";"0,000";"0,000";"0,351";"6,016";"5,422";"5,967";"17,405";"0,000";"0,000";"0,000";
"17/01/2024 19:10";"5,887";"0,000";"5,265";"0,000";"5,985";"0,000";"17,137";"0,000";"0,987";"0,000";"0,000";"0,352";"5,887";"5,265";"5,985";"17,137";"0,000";"0,000";"0,000";
"17/01/2024 19:20";"6,004";"0,000";"5,548";"0,000";"6,367";"0,000";"17,919";"0,000";"0,998";"0,000";"0,000";"0,331";"6,004";"5,548";"6,367";"17,919";"0,000";"0,000";"0,000";
"17/01/2024 19:30";"5,469";"0,000";"5,095";"0,000";"5,662";"0,000";"16,226";"0,000";"0,935";"0,000";"0,000";"0,297";"5,469";"5,095";"5,662";"16,226";"0,000";"0,000";"0,000";
"17/01/2024 19:40";"5,827";"0,000";"5,363";"0,000";"5,818";"0,000";"17,008";"0,000";"0,941";"0,000";"0,000";"0,355";"5,827";"5,363";"5,818";"17,008";"0,000";"0,000";"0,000";
"17/01/2024 19:50";"5,721";"0,000";"5,343";"0,000";"5,917";"0,000";"16,981";"0,000";"0,868";"0,000";"0,000";"0,398";"5,721";"5,343";"5,917";"16,981";"0,000";"0,000";"0,000";
"17/01/2024 20:00";"5,966";"0,000";"5,580";"0,000";"6,136";"0,000";"17,682";"0,000";"1,030";"0,000";"0,000";"0,289";"5,966";"5,580";"6,136";"17,682";"0,000";"0,000";"0,000";
"17/01/2024 20:10";"4,431";"0,000";"4,025";"0,000";"4,666";"0,000";"13,121";"0,000";"0,586";"0,000";"0,000";"0,407";"4,431";"4,025";"4,666";"13,121";"0,000";"0,000";"0,000";
"17/01/2024 20:20";"3,062";"0,000";"2,617";"0,000";"3,165";"0,000";"8,844";"0,000";"0,471";"0,000";"0,000";"0,448";"3,062";"2,617";"3,165";"8,844";"0,000";"0,000";"0,000";
"17/01/2024 20:30";"1,191";"0,000";"0,767";"0,000";"0,827";"0,000";"2,784";"0,000";"0,000";"0,000";"0,000";"0,194";"1,191";"0,767";"0,827";"2,784";"0,000";"0,000";"0,000";
"17/01/2024 20:40";"1,276";"0,000";"0,720";"0,000";"0,473";"0,000";"2,469";"0,000";"0,003";"0,000";"0,000";"0,122";"1,276";"0,720";"0,473";"2,469";"0,000";"0,000";"0,000";
"17/01/2024 20:50";"1,161";"0,000";"0,670";"0,000";"0,506";"0,000";"2,337";"0,000";"0,121";"0,000";"0,000";"0,153";"1,161";"0,670";"0,506";"2,337";"0,000";"0,000";"0,000";
"17/01/2024 21:00";"0,744";"0,000";"0,549";"0,000";"0,387";"0,000";"1,679";"0,000";"0,025";"0,000";"0,000";"0,022";"0,744";"0,549";"0,387";"1,679";"0,000";"0,000";"0,000";
"17/01/2024 21:10";"0,773";"0,000";"0,639";"0,000";"0,441";"0,000";"1,853";"0,000";"0,079";"0,000";"0,000";"0,087";"0,773";"0,639";"0,441";"1,853";"0,000";"0,000";"0,000";
"17/01/2024 21:20";"1,025";"0,000";"0,687";"0,000";"0,492";"0,000";"2,204";"0,000";"0,146";"0,000";"0,000";"0,123";"1,025";"0,687";"0,492";"2,204";"0,000";"0,000";"0,000";
"17/01/2024 21:30";"0,555";"0,000";"0,581";"0,000";"0,367";"0,000";"1,503";"0,000";"0,009";"0,000";"0,000";"0,048";"0,555";"0,581";"0,367";"1,503";"0,000";"0,000";"0,000";
"17/01/2024 21:40";"0,540";"0,000";"0,498";"0,000";"0,323";"0,000";"1,361";"0,000";"0,001";"0,000";"0,000";"0,097";"0,540";"0,498";"0,323";"1,361";"0,000";"0,000";"0,000";
"17/01/2024 21:50";"0,757";"0,000";"0,735";"0,000";"0,549";"0,000";"2,041";"0,000";"0,195";"0,000";"0,000";"0,022";"0,757";"0,735";"0,549";"2,041";"0,000";"0,000";"0,000";
"17/01/2024 22:00";"0,615";"0,000";"0,604";"0,000";"0,452";"0,000";"1,671";"0,000";"0,011";"0,000";"0,000";"0,058";"0,615";"0,604";"0,452";"1,671";"0,000";"0,000";"0,000";
"17/01/2024 22:10";"0,800";"0,000";"0,651";"0,000";"0,703";"0,000";"2,154";"0,000";"0,000";"0,000";"0,000";"0,232";"0,800";"0,651";"0,703";"2,154";"0,000";"0,000";"0,000";
"17/01/2024 22:20";"0,772";"0,000";"0,781";"0,000";"0,954";"0,000";"2,507";"0,000";"0,083";"0,000";"0,000";"0,042";"0,772";"0,781";"0,954";"2,507";"0,000";"0,000";"0,000";
"17/01/2024 22:30";"0,737";"0,000";"0,520";"0,000";"0,842";"0,000";"2,099";"0,000";"0,047";"0,000";"0,000";"0,015";"0,737";"0,520";"0,842";"2,099";"0,000";"0,000";"0,000";
"17/01/2024 22:40";"0,744";"0,000";"0,548";"0,000";"0,782";"0,000";"2,074";"0,000";"0,025";"0,000";"0,000";"0,009";"0,744";"0,548";"0,782";"2,074";"0,000";"0,000";"0,000";
"17/01/2024 22:50";"0,876";"0,000";"0,749";"0,000";"1,002";"0,000";"2,627";"0,000";"0,085";"0,000";"0,000";"0,118";"0,876";"0,749";"1,002";"2,627";"0,000";"0,000";"0,000";
"17/01/2024 23:00";"0,993";"0,000";"0,683";"0,000";"0,788";"0,000";"2,464";"0,000";"0,000";"0,000";"0,000";"0,156";"0,993";"0,683";"0,788";"2,464";"0,000";"0,000";"0,000";
"17/01/2024 23:10";"0,640";"0,000";"0,534";"0,000";"0,761";"0,000";"1,934";"0,000";"0,007";"0,000";"0,000";"0,097";"0,640";"0,534";"0,761";"1,934";"0,000";"0,000";"0,000";
"17/01/2024 23:20";"0,759";"0,000";"0,760";"0,000";"1,011";"0,000";"2,530";"0,000";"0,064";"0,000";"0,000";"0,142";"0,759";"0,760";"1,011";"2,530";"0,000";"0,000";"0,000";
"17/01/2024 23:30";"0,602";"0,000";"0,612";"0,000";"0,829";"0,000";"2,043";"0,000";"0,016";"0,000";"0,000";"0,097";"0,602";"0,612";"0,829";"2,043";"0,000";"0,000";"0,000";
"17/01/2024 23:40";"0,543";"0,000";"0,522";"0,000";"0,744";"0,000";"1,808";"0,000";"0,001";"0,000";"0,000";"0,149";"0,543";"0,522";"0,744";"1,808";"0,000";"0,000";"0,000";
"17/01/2024 23:50";"0,762";"0,000";"0,717";"0,000";"0,960";"0,000";"2,439";"0,000";"0,155";"0,000";"0,000";"0,135";"0,762";"0,717";"0,960";"2,439";"0,000";"0,000";"0,000";
"18/01/2024 00:00";"0,593";"0,000";"0,606";"0,000";"0,816";"0,000";"2,015";"0,000";"0,003";"0,000";"0,000";"0,083";"0,593";"0,606";"0,816";"2,015";"0,000";"0,000";"0,000";
"18/01/2024 00:10";"0,624";"0,000";"0,597";"0,000";"0,822";"0,000";"2,043";"0,000";"0,000";"0,000";"0,000";"0,269";"0,624";"0,597";"0,822";"2,043";"0,000";"0,000";"0,000";
"18/01/2024 00:20";"0,665";"0,000";"0,671";"0,000";"0,952";"0,000";"2,288";"0,000";"0,039";"0,000";"0,000";"0,119";"0,665";"0,671";"0,952";"2,288";"0,000";"0,000";"0,000";
"18/01/2024 00:30";"0,584";"0,000";"0,569";"0,000";"0,800";"0,000";"1,953";"0,000";"0,004";"0,000";"0,000";"0,053";"0,584";"0,569";"0,800";"1,953";"0,000";"0,000";"0,000";
"18/01/2024 00:40";"0,633";"0,000";"0,642";"0,000";"0,842";"0,000";"2,117";"0,000";"0,003";"0,000";"0,000";"0,182";"0,633";"0,642";"0,842";"2,117";"0,000";"0,000";"0,000";
"18/01/2024 00:50";"1,172";"0,000";"0,675";"0,000";"0,940";"0,000";"2,787";"0,000";"0,034";"0,000";"0,000";"0,299";"1,172";"0,675";"0,940";"2,787";"0,000";"0,000";"0,000";
"18/01/2024 01:00";"1,091";"0,000";"0,958";"0,000";"0,777";"0,000";"2,825";"0,000";"0,002";"0,000";"0,000";"0,080";"1,091";"0,958";"0,777";"2,825";"0,000";"0,000";"0,000";
"18/01/2024 01:10";"0,685";"0,000";"0,550";"0,000";"0,717";"0,000";"1,952";"0,000";"0,003";"0,000";"0,000";"0,078";"0,685";"0,550";"0,717";"1,952";"0,000";"0,000";"0,000";
"18/01/2024 01:20";"0,729";"0,000";"0,735";"0,000";"0,847";"0,000";"2,310";"0,000";"0,031";"0,000";"0,000";"0,256";"0,729";"0,735";"0,847";"2,310";"0,000";"0,000";"0,000";
"18/01/2024 01:30";"0,586";"0,000";"0,576";"0,000";"0,641";"0,000";"1,803";"0,000";"0,007";"0,000";"0,000";"0,045";"0,586";"0,576";"0,641";"1,803";"0,000";"0,000";"0,000";
"18/01/2024 01:40";"0,611";"0,000";"0,565";"0,000";"0,675";"0,000";"1,852";"0,000";"0,009";"0,000";"0,000";"0,033";"0,611";"0,565";"0,675";"1,852";"0,000";"0,000";"0,000";
"18/01/2024 01:50";"0,860";"0,000";"0,812";"0,000";"0,877";"0,000";"2,548";"0,000";"0,090";"0,000";"0,000";"0,190";"0,860";"0,812";"0,877";"2,548";"0,000";"0,000";"0,000";
"18/01/2024 02:00";"0,742";"0,000";"0,640";"0,000";"0,627";"0,000";"2,008";"0,000";"0,003";"0,000";"0,000";"0,125";"0,742";"0,640";"0,627";"2,008";"0,000";"0,000";"0,000";
"18/01/2024 02:10";"0,610";"0,000";"0,566";"0,000";"0,684";"0,000";"1,859";"0,000";"0,001";"0,000";"0,000";"0,090";"0,610";"0,566";"0,684";"1,859";"0,000";"0,000";"0,000";
"18/01/2024 02:20";"0,704";"0,000";"0,692";"0,000";"0,764";"0,000";"2,160";"0,000";"0,168";"0,000";"0,000";"0,092";"0,704";"0,692";"0,764";"2,160";"0,000";"0,000";"0,000";
"18/01/2024 02:30";"0,571";"0,000";"0,589";"0,000";"0,661";"0,000";"1,821";"0,000";"0,005";"0,000";"0,000";"0,040";"0,571";"0,589";"0,661";"1,821";"0,000";"0,000";"0,000";
"18/01/2024 02:40";"0,739";"0,000";"0,642";"0,000";"0,738";"0,000";"2,119";"0,000";"0,000";"0,000";"0,000";"0,202";"0,739";"0,642";"0,738";"2,119";"0,000";"0,000";"0,000";
"18/01/2024 02:50";"0,888";"0,000";"0,738";"0,000";"0,850";"0,000";"2,476";"0,000";"0,033";"0,000";"0,000";"0,184";"0,888";"0,738";"0,850";"2,476";"0,000";"0,000";"0,000";
"18/01/2024 03:00";"0,481";"0,000";"0,466";"0,000";"0,647";"0,000";"1,594";"0,000";"0,000";"0,000";"0,000";"0,134";"0,481";"0,466";"0,647";"1,594";"0,000";"0,000";"0,000";
"18/01/2024 03:10";"0,496";"0,000";"0,462";"0,000";"0,679";"0,000";"1,637";"0,000";"0,000";"0,000";"0,000";"0,157";"0,496";"0,462";"0,679";"1,637";"0,000";"0,000";"0,000";
"18/01/2024 03:20";"0,912";"0,000";"0,715";"0,000";"0,902";"0,000";"2,529";"0,000";"0,034";"0,000";"0,000";"0,269";"0,912";"0,715";"0,902";"2,529";"0,000";"0,000";"0,000";
"18/01/2024 03:30";"0,996";"0,000";"0,976";"0,000";"0,702";"0,000";"2,675";"0,000";"0,000";"0,000";"0,000";"0,165";"0,996";"0,976";"0,702";"2,675";"0,000";"0,000";"0,000";
"18/01/2024 03:40";"1,018";"0,000";"0,958";"0,000";"0,574";"0,000";"2,551";"0,000";"0,000";"0,000";"0,000";"0,181";"1,018";"0,958";"0,574";"2,551";"0,000";"0,000";"0,000";
"18/01/2024 03:50";"1,135";"0,000";"1,118";"0,000";"0,770";"0,000";"3,023";"0,000";"0,034";"0,000";"0,000";"0,255";"1,135";"1,118";"0,770";"3,023";"0,000";"0,000";"0,000";
"18/01/2024 04:00";"0,995";"0,000";"0,976";"0,000";"0,581";"0,000";"2,552";"0,000";"0,000";"0,000";"0,000";"0,159";"0,995";"0,976";"0,581";"2,552";"0,000";"0,000";"0,000";
"18/01/2024 04:10";"1,013";"0,000";"0,971";"0,000";"0,588";"0,000";"2,572";"0,000";"0,000";"0,000";"0,000";"0,189";"1,013";"0,971";"0,588";"2,572";"0,000";"0,000";"0,000";
"18/01/2024 04:20";"1,144";"0,000";"1,140";"0,000";"0,789";"0,000";"3,072";"0,000";"0,030";"0,000";"0,000";"0,276";"1,144";"1,140";"0,789";"3,072";"0,000";"0,000";"0,000";
"18/01/2024 04:30";"0,990";"0,000";"0,968";"0,000";"0,487";"0,000";"2,445";"0,000";"0,000";"0,000";"0,000";"0,148";"0,990";"0,968";"0,487";"2,445";"0,000";"0,000";"0,000";
"18/01/2024 04:40";"1,008";"0,000";"0,970";"0,000";"0,279";"0,000";"2,257";"0,000";"0,000";"0,000";"0,000";"0,125";"1,008";"0,970";"0,279";"2,257";"0,000";"0,000";"0,000";
"18/01/2024 04:50";"1,182";"0,000";"1,125";"0,000";"0,439";"0,000";"2,745";"0,000";"0,111";"0,000";"0,000";"0,165";"1,182";"1,125";"0,439";"2,745";"0,000";"0,000";"0,000";
"18/01/2024 05:00";"1,009";"0,000";"1,013";"0,000";"0,279";"0,000";"2,301";"0,000";"0,000";"0,000";"0,000";"0,131";"1,009";"1,013";"0,279";"2,301";"0,000";"0,000";"0,000";
"18/01/2024 05:10";"1,070";"0,000";"0,951";"0,000";"0,279";"0,000";"2,299";"0,000";"0,000";"0,000";"0,000";"0,114";"1,070";"0,951";"0,279";"2,299";"0,000";"0,000";"0,000";
"18/01/2024 05:20";"1,553";"0,000";"1,417";"0,000";"0,685";"0,000";"3,655";"0,000";"0,205";"0,000";"0,000";"0,070";"1,553";"1,417";"0,685";"3,655";"0,000";"0,000";"0,000";
"18/01/2024 05:30";"2,256";"0,000";"1,751";"0,000";"0,884";"0,000";"4,891";"0,000";"0,033";"0,000";"0,000";"0,040";"2,256";"1,751";"0,884";"4,891";"0,000";"0,000";"0,000";
"18/01/2024 05:40";"2,415";"0,000";"1,799";"0,000";"0,972";"0,000";"5,187";"0,000";"0,005";"0,000";"0,000";"0,043";"2,415";"1,799";"0,972";"5,187";"0,000";"0,000";"0,000";
"18/01/2024 05:50";"2,420";"0,000";"1,978";"0,000";"1,291";"0,000";"5,688";"0,000";"0,066";"0,000";"0,000";"0,223";"2,420";"1,978";"1,291";"5,688";"0,000";"0,000";"0,000";
"18/01/2024 06:00";"2,686";"0,000";"2,285";"0,000";"1,968";"0,000";"6,938";"0,000";"1,116";"0,000";"0,000";"0,278";"2,686";"2,285";"1,968";"6,938";"0,000";"0,000";"0,000";
"18/01/2024 06:10";"3,188";"0,000";"2,577";"0,000";"2,639";"0,000";"8,405";"0,000";"1,076";"0,000";"0,000";"0,498";"3,188";"2,577";"2,639";"8,405";"0,000";"0,000";"0,000";
"18/01/2024 06:20";"3,264";"0,000";"2,863";"0,000";"2,811";"0,000";"8,938";"0,000";"1,482";"0,000";"0,000";"0,793";"3,264";"2,863";"2,811";"8,938";"0,000";"0,000";"0,000";
"18/01/2024 06:30";"4,360";"0,000";"3,862";"0,000";"3,907";"0,000";"12,129";"0,000";"1,608";"0,000";"0,000";"0,464";"4,360";"3,862";"3,907";"12,129";"0,000";"0,000";"0,000";
"18/01/2024 06:40";"4,378";"0,000";"3,925";"0,000";"3,957";"0,000";"12,261";"0,000";"1,297";"0,000";"0,000";"0,553";"4,378";"3,925";"3,957";"12,261";"0,000";"0,000";"0,000";
"18/01/2024 06:50";"4,731";"0,000";"4,194";"0,000";"4,351";"0,000";"13,276";"0,000";"0,912";"0,000";"0,000";"0,596";"4,731";"4,194";"4,351";"13,276";"0,000";"0,000";"0,000";
"18/01/2024 07:00";"5,009";"0,000";"4,613";"0,000";"4,632";"0,000";"14,253";"0,000";"0,934";"0,000";"0,000";"0,405";"5,009";"4,613";"4,632";"14,253";"0,000";"0,000";"0,000";
"18/01/2024 07:10";"6,265";"0,000";"5,853";"0,000";"6,094";"0,000";"18,212";"0,000";"1,734";"0,000";"0,000";"0,261";"6,265";"5,853";"6,094";"18,212";"0,000";"0,000";"0,000";
"18/01/2024 07:20";"8,329";"0,000";"8,084";"0,000";"8,378";"0,000";"24,792";"0,000";"1,310";"0,000";"0,000";"0,045";"8,329";"8,084";"8,378";"24,792";"0,000";"0,000";"0,000";
"18/01/2024 07:30";"8,589";"0,000";"8,396";"0,000";"8,471";"0,000";"25,456";"0,000";"2,780";"0,000";"0,000";"0,034";"8,589";"8,396";"8,471";"25,456";"0,000";"0,000";"0,000";
"18/01/2024 07:40";"7,960";"0,000";"7,598";"0,000";"7,969";"0,000";"23,527";"0,000";"2,297";"0,000";"0,000";"0,122";"7,960";"7,598";"7,969";"23,527";"0,000";"0,000";"0,000";
"18/01/2024 07:50";"8,153";"0,000";"7,891";"0,000";"8,153";"0,000";"24,197";"0,000";"1,248";"0,000";"0,000";"0,062";"8,153";"7,891";"8,153";"24,197";"0,000";"0,000";"0,000";
"18/01/2024 08:00";"7,997";"0,000";"7,507";"0,000";"7,970";"0,000";"23,474";"0,000";"2,842";"0,000";"0,000";"0,007";"7,997";"7,507";"7,970";"23,473";"0,000";"0,000";"0,000";
"18/01/2024 08:10";"7,482";"0,000";"6,921";"0,000";"7,644";"0,000";"22,047";"0,000";"3,898";"0,000";"0,000";"0,003";"7,482";"6,921";"7,644";"22,047";"0,000";"0,000";"0,000";
"18/01/2024 08:20";"7,212";"0,000";"6,783";"0,000";"7,298";"0,000";"21,293";"0,000";"3,177";"0,000";"0,000";"0,000";"7,212";"6,783";"7,298";"21,293";"0,000";"0,000";"0,000";
"18/01/2024 08:30";"7,141";"0,000";"6,800";"0,000";"7,289";"0,000";"21,229";"0,000";"2,872";"0,000";"0,000";"0,079";"7,141";"6,800";"7,289";"21,229";"0,000";"0,000";"0,000";
"18/01/2024 08:40";"7,142";"0,000";"6,689";"0,000";"7,229";"0,000";"21,060";"0,000";"1,871";"0,000";"0,000";"0,091";"7,142";"6,689";"7,229";"21,060";"0,000";"0,000";"0,000";
"18/01/2024 08:50";"7,489";"0,000";"7,054";"0,000";"7,404";"0,000";"21,947";"0,000";"3,686";"0,000";"0,000";"0,114";"7,489";"7,054";"7,404";"21,947";"0,000";"0,000";"0,000";
"18/01/2024 09:00";"6,854";"0,000";"6,313";"0,000";"6,655";"0,000";"19,822";"0,000";"2,018";"0,000";"0,000";"0,155";"6,854";"6,313";"6,655";"19,822";"0,000";"0,000";"0,000";
"18/01/2024 09:10";"6,652";"0,000";"6,056";"0,000";"6,475";"0,000";"19,183";"0,000";"2,840";"0,000";"0,000";"0,102";"6,655";"6,059";"6,478";"19,192";"0,009";"0,005";"0,004";
"18/01/2024 09:20";"6,406";"0,000";"5,767";"0,000";"6,326";"0,000";"18,499";"0,000";"1,195";"0,000";"0,000";"0,276";"6,411";"5,773";"6,331";"18,516";"0,017";"0,009";"0,008";
"18/01/2024 09:30";"6,175";"0,000";"5,713";"0,000";"6,219";"0,000";"18,107";"0,000";"1,019";"0,000";"0,000";"0,275";"6,184";"5,722";"6,228";"18,134";"0,027";"0,014";"0,013";
"18/01/2024 09:40";"6,655";"0,000";"6,289";"0,000";"6,730";"0,000";"19,675";"0,000";"1,938";"0,000";"0,000";"0,132";"6,695";"6,329";"6,770";"19,795";"0,120";"0,062";"0,058";
"18/01/2024 09:50";"6,945";"0,000";"6,513";"0,000";"6,944";"0,000";"20,402";"0,000";"0,666";"0,000";"0,000";"0,193";"6,988";"6,557";"6,987";"20,532";"0,130";"0,067";"0,063";
"18/01/2024 10:00";"6,350";"0,000";"5,958";"0,000";"6,256";"0,000";"18,563";"0,000";"0,667";"0,000";"0,000";"0,207";"6,440";"6,048";"6,346";"18,833";"0,270";"0,139";"0,131";
"18/01/2024 10:10";"6,698";"0,000";"6,321";"0,000";"6,682";"0,000";"19,701";"0,000";"2,086";"0,000";"0,000";"0,113";"6,799";"6,421";"6,782";"20,003";"0,302";"0,155";"0,147";
"18/01/2024 10:20";"6,596";"0,000";"6,222";"0,000";"6,738";"0,000";"19,555";"0,000";"0,872";"0,000";"0,000";"0,148";"6,722";"6,347";"6,863";"19,932";"0,377";"0,193";"0,184";
"18/01/2024 10:30";"7,185";"0,000";"6,820";"0,000";"7,489";"0,000";"21,494";"0,000";"1,942";"0,000";"0,000";"0,079";"7,262";"6,897";"7,566";"21,726";"0,232";"0,120";"0,112";
"18/01/2024 10:40";"7,655";"0,000";"7,312";"0,000";"7,945";"0,000";"22,912";"0,000";"1,886";"0,000";"0,000";"0,019";"7,776";"7,432";"8,066";"23,274";"0,362";"0,185";"0,177";
"18/01/2024 10:50";"8,644";"0,000";"8,122";"0,000";"8,654";"0,000";"25,420";"0,000";"2,405";"0,000";"0,000";"0,053";"8,935";"8,414";"8,945";"26,295";"0,875";"0,446";"0,429";
"18/01/2024 11:00";"7,365";"0,000";"6,821";"0,000";"7,336";"0,000";"21,522";"0,000";"1,607";"0,000";"0,000";"0,103";"7,604";"7,059";"7,575";"22,238";"0,716";"0,365";"0,351";
"18/01/2024 11:10";"6,996";"0,000";"6,398";"0,000";"6,910";"0,000";"20,304";"0,000";"1,266";"0,000";"0,000";"0,114";"7,206";"6,607";"7,119";"20,932";"0,628";"0,320";"0,308";
"18/01/2024 11:20";"7,592";"0,000";"7,055";"0,000";"7,625";"0,000";"22,272";"0,000";"1,467";"0,000";"0,000";"0,128";"7,930";"7,393";"7,963";"23,287";"1,015";"0,516";"0,499";
"18/01/2024 11:30";"7,812";"0,000";"7,296";"0,000";"7,891";"0,000";"22,999";"0,000";"3,929";"0,000";"0,000";"0,031";"8,180";"7,664";"8,259";"24,103";"1,104";"0,561";"0,543";
"18/01/2024 11:40";"7,086";"0,000";"6,536";"0,000";"7,209";"0,000";"20,832";"0,000";"2,524";"0,000";"0,000";"0,011";"7,404";"6,854";"7,528";"21,787";"0,955";"0,486";"0,469";
"18/01/2024 11:50";"8,310";"0,000";"7,705";"0,000";"8,227";"0,000";"24,242";"0,000";"6,388";"0,000";"0,000";"0,000";"8,686";"8,082";"8,604";"25,372";"1,130";"0,574";"0,556";
"18/01/2024 12:00";"8,844";"0,000";"8,321";"0,000";"8,864";"0,000";"26,030";"0,000";"7,092";"0,000";"0,000";"0,000";"9,351";"8,828";"9,371";"27,550";"1,520";"0,772";"0,748";
"18/01/2024 12:10";"9,736";"0,000";"9,244";"0,000";"9,641";"0,000";"28,620";"0,000";"9,527";"0,000";"0,000";"0,000";"10,151";"9,658";"10,055";"29,864";"1,244";"0,632";"0,612";
"18/01/2024 12:20";"7,633";"0,000";"7,088";"0,000";"7,593";"0,000";"22,314";"0,000";"7,095";"0,000";"0,000";"0,000";"8,123";"7,578";"8,083";"23,784";"1,470";"0,746";"0,724";
"18/01/2024 12:30";"7,295";"0,000";"6,542";"0,000";"7,099";"0,000";"20,935";"0,000";"7,142";"0,000";"0,000";"0,009";"7,897";"7,144";"7,701";"22,741";"1,806";"0,917";"0,889";
"18/01/2024 12:40";"7,071";"0,000";"6,082";"0,000";"6,747";"0,000";"19,899";"0,000";"1,785";"0,000";"0,000";"0,131";"7,655";"6,666";"7,331";"21,652";"1,753";"0,890";"0,863";
"18/01/2024 12:50";"7,408";"0,000";"6,374";"0,000";"7,219";"0,000";"21,001";"0,000";"2,124";"0,000";"0,000";"0,079";"8,058";"7,025";"7,870";"22,953";"1,952";"0,991";"0,961";
"18/01/2024 13:00";"7,759";"0,000";"6,812";"0,000";"7,477";"0,000";"22,047";"0,000";"2,245";"0,000";"0,000";"0,091";"8,497";"7,550";"8,215";"24,261";"2,214";"1,123";"1,091";
"18/01/2024 13:10";"8,047";"0,000";"7,064";"0,000";"7,641";"0,000";"22,751";"0,000";"1,892";"0,000";"0,000";"0,173";"8,810";"7,827";"8,404";"25,040";"2,289";"1,160";"1,129";
"18/01/2024 13:20";"7,224";"0,000";"6,231";"0,000";"6,849";"0,000";"20,304";"0,000";"2,225";"0,000";"0,000";"0,371";"7,820";"6,827";"7,445";"22,093";"1,789";"0,907";"0,882";
"18/01/2024 13:30";"6,730";"0,000";"5,824";"0,000";"6,446";"0,000";"19,000";"0,000";"1,255";"0,000";"0,000";"0,347";"7,128";"6,222";"6,844";"20,194";"1,194";"0,607";"0,587";
"18/01/2024 13:40";"5,735";"0,000";"5,024";"0,000";"5,555";"0,000";"16,315";"0,000";"0,820";"0,000";"0,000";"0,754";"6,160";"5,449";"5,980";"17,590";"1,275";"0,647";"0,628";
"18/01/2024 13:50";"4,685";"0,000";"4,042";"0,000";"4,370";"0,000";"13,097";"0,000";"1,550";"0,000";"0,000";"0,294";"5,084";"4,441";"4,770";"14,296";"1,199";"0,609";"0,590";
"18/01/2024 14:00";"3,711";"0,000";"3,092";"0,000";"3,351";"0,000";"10,154";"0,000";"0,907";"0,000";"0,000";"0,777";"3,930";"3,311";"3,570";"10,811";"0,657";"0,335";"0,322";
"18/01/2024 14:10";"5,004";"0,000";"4,377";"0,000";"4,602";"0,000";"13,983";"0,000";"0,846";"0,000";"0,000";"0,297";"5,135";"4,508";"4,733";"14,376";"0,393";"0,202";"0,191";
"18/01/2024 14:20";"6,323";"0,000";"5,694";"0,000";"5,801";"0,000";"17,818";"0,000";"0,985";"0,000";"0,000";"0,319";"6,493";"5,865";"5,971";"18,329";"0,511";"0,261";"0,250";
"18/01/2024 14:30";"6,514";"0,000";"5,884";"0,000";"5,984";"0,000";"18,382";"0,000";"0,987";"0,000";"0,000";"0,331";"6,753";"6,124";"6,224";"19,101";"0,719";"0,366";"0,353";
"18/01/2024 14:40";"6,516";"0,000";"5,885";"0,000";"5,990";"0,000";"18,392";"0,000";"1,304";"0,000";"0,000";"0,293";"6,721";"6,090";"6,195";"19,007";"0,615";"0,313";"0,302";
"18/01/2024 14:50";"6,473";"0,000";"5,797";"0,000";"6,117";"0,000";"18,388";"0,000";"1,205";"0,000";"0,000";"0,300";"6,648";"5,972";"6,292";"18,912";"0,524";"0,267";"0,257";
"18/01/2024 15:00";"6,500";"0,000";"5,942";"0,000";"6,459";"0,000";"18,901";"0,000";"0,701";"0,000";"0,000";"0,430";"6,714";"6,156";"6,673";"19,544";"0,643";"0,328";"0,315";
"18/01/2024 15:10";"7,282";"0,000";"6,578";"0,000";"7,101";"0,000";"20,962";"0,000";"0,607";"0,000";"0,000";"0,379";"7,510";"6,806";"7,329";"21,645";"0,683";"0,348";"0,335";
"18/01/2024 15:20";"6,241";"0,000";"5,565";"0,000";"6,190";"0,000";"17,996";"0,000";"1,232";"0,000";"0,000";"0,353";"6,412";"5,736";"6,361";"18,508";"0,512";"0,261";"0,251";
"18/01/2024 15:30";"5,757";"0,000";"5,162";"0,000";"5,759";"0,000";"16,679";"0,000";"1,514";"0,000";"0,000";"0,281";"5,916";"5,321";"5,918";"17,156";"0,477";"0,243";"0,234";
"18/01/2024 15:40";"4,760";"0,000";"4,200";"0,000";"4,914";"0,000";"13,875";"0,000";"0,676";"0,000";"0,000";"0,261";"4,947";"4,386";"5,101";"14,434";"0,559";"0,285";"0,274";
"18/01/2024 15:50";"4,745";"0,000";"4,122";"0,000";"4,885";"0,000";"13,752";"0,000";"0,657";"0,000";"0,000";"0,325";"4,956";"4,333";"5,095";"14,384";"0,632";"0,322";"0,310";
"18/01/2024 16:00";"4,889";"0,000";"4,317";"0,000";"5,034";"0,000";"14,240";"0,000";"0,817";"0,000";"0,000";"0,233";"5,123";"4,551";"5,269";"14,943";"0,703";"0,358";"0,345";
"18/01/2024 16:10";"5,796";"0,000";"5,166";"0,000";"5,833";"0,000";"16,795";"0,000";"1,001";"0,000";"0,000";"0,278";"6,089";"5,458";"6,126";"17,673";"0,878";"0,447";"0,431";
"18/01/2024 16:20";"6,251";"0,000";"5,595";"0,000";"6,311";"0,000";"18,157";"0,000";"0,901";"0,000";"0,000";"0,366";"6,488";"5,832";"6,547";"18,866";"0,709";"0,362";"0,347";
"18/01/2024 16:30";"6,173";"0,000";"5,554";"0,000";"6,210";"0,000";"17,936";"0,000";"0,744";"0,000";"0,000";"0,404";"6,378";"5,760";"6,415";"18,553";"0,617";"0,315";"0,302";
"18/01/2024 16:40";"4,816";"0,000";"4,225";"0,000";"4,957";"0,000";"13,998";"0,000";"0,677";"0,000";"0,000";"0,348";"5,038";"4,447";"5,179";"14,664";"0,666";"0,340";"0,326";
"18/01/2024 16:50";"4,990";"0,000";"4,303";"0,000";"5,028";"0,000";"14,321";"0,000";"0,844";"0,000";"0,000";"0,309";"5,216";"4,529";"5,254";"14,999";"0,678";"0,346";"0,332";
"18/01/2024 17:00";"4,822";"0,000";"4,204";"0,000";"4,915";"0,000";"13,941";"0,000";"0,645";"0,000";"0,000";"0,337";"4,966";"4,348";"5,059";"14,372";"0,431";"0,221";"0,210";
"18/01/2024 17:10";"4,853";"0,000";"4,131";"0,000";"4,913";"0,000";"13,897";"0,000";"0,518";"0,000";"0,000";"0,480";"4,979";"4,257";"5,040";"14,276";"0,379";"0,194";"0,185";
"18/01/2024 17:20";"6,170";"0,000";"5,452";"0,000";"6,131";"0,000";"17,753";"0,000";"0,835";"0,000";"0,000";"0,374";"6,263";"5,544";"6,224";"18,031";"0,278";"0,143";"0,135";
"18/01/2024 17:30";"5,856";"0,000";"5,146";"0,000";"5,875";"0,000";"16,877";"0,000";"0,849";"0,000";"0,000";"0,369";"5,942";"5,232";"5,961";"17,135";"0,258";"0,133";"0,125";
"18/01/2024 17:40";"6,444";"0,000";"5,691";"0,000";"6,369";"0,000";"18,504";"0,000";"0,998";"0,000";"0,000";"0,337";"6,493";"5,740";"6,418";"18,651";"0,147";"0,076";"0,071";
"18/01/2024 17:50";"5,796";"0,000";"5,051";"0,000";"5,753";"0,000";"16,600";"0,000";"0,928";"0,000";"0,000";"0,353";"5,824";"5,078";"5,781";"16,683";"0,083";"0,043";"0,040";
"18/01/2024 18:00";"6,426";"0,000";"5,720";"0,000";"6,396";"0,000";"18,542";"0,000";"0,962";"0,000";"0,000";"0,355";"6,448";"5,742";"6,418";"18,608";"0,066";"0,034";"0,032";
"18/01/2024 18:10";"6,963";"0,000";"6,370";"0,000";"6,966";"0,000";"20,298";"0,000";"1,160";"0,000";"0,000";"0,307";"6,971";"6,378";"6,974";"20,324";"0,026";"0,014";"0,012";
"18/01/2024 18:20";"7,567";"0,000";"6,866";"0,000";"7,387";"0,000";"21,820";"0,000";"1,541";"0,000";"0,000";"0,228";"7,567";"6,866";"7,387";"21,820";"0,000";"0,000";"0,000";
"18/01/2024 18:30";"5,671";"0,000";"5,278";"0,000";"5,853";"0,000";"16,801";"0,000";"1,441";"0,000";"0,000";"0,356";"5,671";"5,278";"5,853";"16,801";"0,000";"0,000";"0,000";
"18/01/2024 18:40";"5,692";"0,000";"5,299";"0,000";"5,921";"0,000";"16,912";"0,000";"1,361";"0,000";"0,000";"0,304";"5,692";"5,299";"5,921";"16,912";"0,000";"0,000";"0,000";
"18/01/2024 18:50";"6,166";"0,000";"5,666";"0,000";"6,288";"0,000";"18,121";"0,000";"1,522";"0,000";"0,000";"0,288";"6,166";"5,666";"6,288";"18,121";"0,000";"0,000";"0,000";
"18/01/2024 19:00";"7,146";"0,000";"6,686";"0,000";"7,260";"0,000";"21,092";"0,000";"1,588";"0,000";"0,000";"0,296";"7,146";"6,686";"7,260";"21,092";"0,000";"0,000";"0,000";
"18/01/2024 19:10";"6,962";"0,000";"6,501";"0,000";"7,027";"0,000";"20,490";"0,000";"1,812";"0,000";"0,000";"0,257";"6,962";"6,501";"7,027";"20,490";"0,000";"0,000";"0,000";
"18/01/2024 19:20";"6,835";"0,000";"6,352";"0,000";"6,988";"0,000";"20,175";"0,000";"1,664";"0,000";"0,000";"0,287";"6,835";"6,352";"6,988";"20,175";"0,000";"0,000";"0,000";
"18/01/2024 19:30";"7,091";"0,000";"6,683";"0,000";"7,352";"0,000";"21,125";"0,000";"1,494";"0,000";"0,000";"0,224";"7,091";"6,683";"7,352";"21,125";"0,000";"0,000";"0,000";
"18/01/2024 19:40";"5,154";"0,000";"4,781";"0,000";"5,585";"0,000";"15,520";"0,000";"1,311";"0,000";"0,000";"0,249";"5,154";"4,781";"5,585";"15,520";"0,000";"0,000";"0,000";
"18/01/2024 19:50";"3,979";"0,000";"3,577";"0,000";"4,484";"0,000";"12,040";"0,000";"1,001";"0,000";"0,000";"0,444";"3,979";"3,577";"4,484";"12,040";"0,000";"0,000";"0,000";
"18/01/2024 20:00";"3,555";"0,000";"3,185";"0,000";"3,540";"0,000";"10,280";"0,000";"0,711";"0,000";"0,000";"0,468";"3,555";"3,185";"3,540";"10,280";"0,000";"0,000";"0,000";
"18/01/2024 20:10";"3,087";"0,000";"2,789";"0,000";"3,222";"0,000";"9,098";"0,000";"0,309";"0,000";"0,000";"0,209";"3,087";"2,789";"3,222";"9,098";"0,000";"0,000";"0,000";
"18/01/2024 20:20";"3,138";"0,000";"2,860";"0,000";"3,208";"0,000";"9,206";"0,000";"0,985";"0,000";"0,000";"0,527";"3,138";"2,860";"3,208";"9,206";"0,000";"0,000";"0,000";
"18/01/2024 20:30";"2,337";"0,000";"2,046";"0,000";"2,371";"0,000";"6,755";"0,000";"0,315";"0,000";"0,000";"0,972";"2,337";"2,046";"2,371";"6,755";"0,000";"0,000";"0,000";
"18/01/2024 20:40";"1,309";"0,000";"1,043";"0,000";"1,256";"0,000";"3,607";"0,000";"0,075";"0,000";"0,000";"0,327";"1,309";"1,043";"1,256";"3,607";"0,000";"0,000";"0,000";
"18/01/2024 20:50";"1,241";"0,000";"0,997";"0,000";"1,084";"0,000";"3,322";"0,000";"0,017";"0,000";"0,000";"0,261";"1,241";"0,997";"1,084";"3,322";"0,000";"0,000";"0,000";
"18/01/2024 21:00";"0,980";"0,000";"0,993";"0,000";"0,902";"0,000";"2,875";"0,000";"0,000";"0,000";"0,000";"0,191";"0,980";"0,993";"0,902";"2,875";"0,000";"0,000";"0,000";
"18/01/2024 21:10";"1,156";"0,000";"1,148";"0,000";"0,987";"0,000";"3,291";"0,000";"0,099";"0,000";"0,000";"0,151";"1,156";"1,148";"0,987";"3,291";"0,000";"0,000";"0,000";
"18/01/2024 21:20";"1,020";"0,000";"0,950";"0,000";"0,781";"0,000";"2,751";"0,000";"0,000";"0,000";"0,000";"0,183";"1,020";"0,950";"0,781";"2,751";"0,000";"0,000";"0,000";
"18/01/2024 21:30";"1,010";"0,000";"0,947";"0,000";"0,765";"0,000";"2,722";"0,000";"0,000";"0,000";"0,000";"0,251";"1,010";"0,947";"0,765";"2,722";"0,000";"0,000";"0,000";
"18/01/2024 21:40";"1,146";"0,000";"1,140";"0,000";"0,915";"0,000";"3,201";"0,000";"0,121";"0,000";"0,000";"0,236";"1,146";"1,140";"0,915";"3,201";"0,000";"0,000";"0,000";
"18/01/2024 21:50";"1,002";"0,000";"0,989";"0,000";"0,708";"0,000";"2,699";"0,000";"0,000";"0,000";"0,000";"0,157";"1,002";"0,989";"0,708";"2,699";"0,000";"0,000";"0,000";
"18/01/2024 22:00";"1,121";"0,000";"1,094";"0,000";"0,879";"0,000";"3,094";"0,000";"0,031";"0,000";"0,000";"0,247";"1,121";"1,094";"0,879";"3,094";"0,000";"0,000";"0,000";
"18/01/2024 22:10";"1,015";"0,000";"1,017";"0,000";"0,731";"0,000";"2,764";"0,000";"0,000";"0,000";"0,000";"0,200";"1,015";"1,017";"0,731";"2,764";"0,000";"0,000";"0,000";
"18/01/2024 22:20";"1,002";"0,000";"0,947";"0,000";"0,708";"0,000";"2,656";"0,000";"0,000";"0,000";"0,000";"0,224";"1,002";"0,947";"0,708";"2,656";"0,000";"0,000";"0,000";
"18/01/2024 22:30";"1,139";"0,000";"1,108";"0,000";"0,866";"0,000";"3,113";"0,000";"0,146";"0,000";"0,000";"0,135";"1,139";"1,108";"0,866";"3,113";"0,000";"0,000";"0,000";
"18/01/2024 22:40";"0,986";"0,000";"1,014";"0,000";"0,708";"0,000";"2,707";"0,000";"0,000";"0,000";"0,000";"0,167";"0,986";"1,014";"0,708";"2,707";"0,000";"0,000";"0,000";
"18/01/2024 22:50";"1,122";"0,000";"1,098";"0,000";"0,898";"0,000";"3,118";"0,000";"0,030";"0,000";"0,000";"0,280";"1,122";"1,098";"0,898";"3,118";"0,000";"0,000";"0,000";
"18/01/2024 23:00";"1,000";"0,000";"0,948";"0,000";"0,710";"0,000";"2,658";"0,000";"0,000";"0,000";"0,000";"0,235";"1,000";"0,948";"0,710";"2,658";"0,000";"0,000";"0,000";
"18/01/2024 23:10";"1,000";"0,000";"0,982";"0,000";"0,640";"0,000";"2,622";"0,000";"0,000";"0,000";"0,000";"0,169";"1,000";"0,982";"0,640";"2,622";"0,000";"0,000";"0,000";
"18/01/2024 23:20";"1,096";"0,000";"1,104";"0,000";"0,888";"0,000";"3,087";"0,000";"0,030";"0,000";"0,000";"0,279";"1,096";"1,104";"0,888";"3,087";"0,000";"0,000";"0,000";
"18/01/2024 23:30";"0,972";"0,000";"0,987";"0,000";"0,744";"0,000";"2,703";"0,000";"0,000";"0,000";"0,000";"0,171";"0,972";"0,987";"0,744";"2,703";"0,000";"0,000";"0,000";
"18/01/2024 23:40";"0,999";"0,000";"0,942";"0,000";"0,716";"0,000";"2,657";"0,000";"0,000";"0,000";"0,000";"0,220";"0,999";"0,942";"0,716";"2,657";"0,000";"0,000";"0,000";
"18/01/2024 23:50";"1,125";"0,000";"1,113";"0,000";"0,910";"0,000";"3,147";"0,000";"0,037";"0,000";"0,000";"0,187";"1,125";"1,113";"0,910";"3,147";"0,000";"0,000";"0,000";
"19/01/2024 00:00";"0,991";"0,000";"0,992";"0,000";"0,710";"0,000";"2,693";"0,000";"0,000";"0,000";"0,000";"0,169";"0,991";"0,992";"0,710";"2,693";"0,000";"0,000";"0,000";
"19/01/2024 00:10";"1,133";"0,000";"1,097";"0,000";"0,869";"0,000";"3,100";"0,000";"0,103";"0,000";"0,000";"0,138";"1,133";"1,097";"0,869";"3,100";"0,000";"0,000";"0,000";
"19/01/2024 00:20";"0,985";"0,000";"0,979";"0,000";"0,709";"0,000";"2,672";"0,000";"0,000";"0,000";"0,000";"0,169";"0,985";"0,979";"0,709";"2,672";"0,000";"0,000";"0,000";
"19/01/2024 00:30";"1,196";"0,000";"0,946";"0,000";"0,709";"0,000";"2,852";"0,000";"0,000";"0,000";"0,000";"0,231";"1,196";"0,946";"0,709";"2,852";"0,000";"0,000";"0,000";
"19/01/2024 00:40";"1,090";"0,000";"0,665";"0,000";"0,911";"0,000";"2,667";"0,000";"0,034";"0,000";"0,000";"0,155";"1,090";"0,665";"0,911";"2,667";"0,000";"0,000";"0,000";
"19/01/2024 00:50";"0,853";"0,000";"0,593";"0,000";"0,834";"0,000";"2,280";"0,000";"0,000";"0,000";"0,000";"0,211";"0,853";"0,593";"0,834";"2,280";"0,000";"0,000";"0,000";
"19/01/2024 01:00";"0,750";"0,000";"0,759";"0,000";"0,978";"0,000";"2,486";"0,000";"0,096";"0,000";"0,000";"0,223";"0,750";"0,759";"0,978";"2,486";"0,000";"0,000";"0,000";
"19/01/2024 01:10";"0,796";"0,000";"0,594";"0,000";"0,856";"0,000";"2,246";"0,000";"0,017";"0,000";"0,000";"0,231";"0,796";"0,594";"0,856";"2,246";"0,000";"0,000";"0,000";
"19/01/2024 01:20";"0,740";"0,000";"0,708";"0,000";"0,957";"0,000";"2,405";"0,000";"0,167";"0,000";"0,000";"0,056";"0,740";"0,708";"0,957";"2,405";"0,000";"0,000";"0,000";
"19/01/2024 01:30";"0,590";"0,000";"0,547";"0,000";"0,802";"0,000";"1,940";"0,000";"0,047";"0,000";"0,000";"0,078";"0,590";"0,547";"0,802";"1,940";"0,000";"0,000";"0,000";
"19/01/2024 01:40";"0,610";"0,000";"0,601";"0,000";"0,822";"0,000";"2,033";"0,000";"0,003";"0,000";"0,000";"0,075";"0,610";"0,601";"0,822";"2,033";"0,000";"0,000";"0,000";
"19/01/2024 01:50";"0,709";"0,000";"0,756";"0,000";"1,037";"0,000";"2,502";"0,000";"0,041";"0,000";"0,000";"0,106";"0,709";"0,756";"1,037";"2,502";"0,000";"0,000";"0,000";
"19/01/2024 02:00";"0,876";"0,000";"0,566";"0,000";"0,746";"0,000";"2,188";"0,000";"0,005";"0,000";"0,000";"0,099";"0,876";"0,566";"0,746";"2,188";"0,000";"0,000";"0,000";
"19/01/2024 02:10";"0,623";"0,000";"0,610";"0,000";"0,832";"0,000";"2,065";"0,000";"0,007";"0,000";"0,000";"0,150";"0,623";"0,610";"0,832";"2,065";"0,000";"0,000";"0,000";
"19/01/2024 02:20";"0,755";"0,000";"0,742";"0,000";"0,969";"0,000";"2,466";"0,000";"0,113";"0,000";"0,000";"0,242";"0,755";"0,742";"0,969";"2,466";"0,000";"0,000";"0,000";
"19/01/2024 02:30";"0,576";"0,000";"0,558";"0,000";"0,807";"0,000";"1,941";"0,000";"0,004";"0,000";"0,000";"0,112";"0,576";"0,558";"0,807";"1,941";"0,000";"0,000";"0,000";
"19/01/2024 02:40";"0,902";"0,000";"0,652";"0,000";"0,932";"0,000";"2,487";"0,000";"0,119";"0,000";"0,000";"0,195";"0,902";"0,652";"0,932";"2,487";"0,000";"0,000";"0,000";
"19/01/2024 02:50";"0,632";"0,000";"0,650";"0,000";"0,849";"0,000";"2,131";"0,000";"0,007";"0,000";"0,000";"0,209";"0,632";"0,650";"0,849";"2,131";"0,000";"0,000";"0,000";
"19/01/2024 03:00";"0,552";"0,000";"0,530";"0,000";"0,768";"0,000";"1,849";"0,000";"0,001";"0,000";"0,000";"0,099";"0,552";"0,530";"0,768";"1,849";"0,000";"0,000";"0,000";
"19/01/2024 03:10";"0,733";"0,000";"0,742";"0,000";"1,029";"0,000";"2,504";"0,000";"0,049";"0,000";"0,000";"0,152";"0,733";"0,742";"1,029";"2,504";"0,000";"0,000";"0,000";
"19/01/2024 03:20";"0,529";"0,000";"0,543";"0,000";"0,733";"0,000";"1,805";"0,000";"0,001";"0,000";"0,000";"0,188";"0,529";"0,543";"0,733";"1,805";"0,000";"0,000";"0,000";
"19/01/2024 03:30";"0,568";"0,000";"0,548";"0,000";"0,775";"0,000";"1,892";"0,000";"0,000";"0,000";"0,000";"0,172";"0,568";"0,548";"0,775";"1,892";"0,000";"0,000";"0,000";
"19/01/2024 03:40";"0,701";"0,000";"0,704";"0,000";"0,995";"0,000";"2,400";"0,000";"0,045";"0,000";"0,000";"0,177";"0,701";"0,704";"0,995";"2,400";"0,000";"0,000";"0,000";
"19/01/2024 03:50";"0,612";"0,000";"0,587";"0,000";"0,835";"0,000";"2,034";"0,000";"0,001";"0,000";"0,000";"0,073";"0,612";"0,587";"0,835";"2,034";"0,000";"0,000";"0,000";
"19/01/2024 04:00";"1,114";"0,000";"0,814";"0,000";"1,009";"0,000";"2,937";"0,000";"0,043";"0,000";"0,000";"0,230";"1,114";"0,814";"1,009";"2,937";"0,000";"0,000";"0,000";
"19/01/2024 04:10";"0,727";"0,000";"0,552";"0,000";"0,789";"0,000";"2,068";"0,000";"0,001";"0,000";"0,000";"0,138";"0,727";"0,552";"0,789";"2,068";"0,000";"0,000";"0,000";
"19/01/2024 04:20";"0,685";"0,000";"0,738";"0,000";"0,994";"0,000";"2,418";"0,000";"0,039";"0,000";"0,000";"0,081";"0,685";"0,738";"0,994";"2,418";"0,000";"0,000";"0,000";
"19/01/2024 04:30";"0,734";"0,000";"0,569";"0,000";"0,848";"0,000";"2,151";"0,000";"0,000";"0,000";"0,000";"0,172";"0,734";"0,569";"0,848";"2,151";"0,000";"0,000";"0,000";
"19/01/2024 04:40";"0,979";"0,000";"0,654";"0,000";"0,782";"0,000";"2,415";"0,000";"0,001";"0,000";"0,000";"0,170";"0,979";"0,654";"0,782";"2,415";"0,000";"0,000";"0,000";
"19/01/2024 04:50";"0,741";"0,000";"0,766";"0,000";"1,018";"0,000";"2,524";"0,000";"0,047";"0,000";"0,000";"0,196";"0,741";"0,766";"1,018";"2,524";"0,000";"0,000";"0,000";
"19/01/2024 05:00";"0,514";"0,000";"0,460";"0,000";"0,752";"0,000";"1,726";"0,000";"0,004";"0,000";"0,000";"0,164";"0,514";"0,460";"0,752";"1,726";"0,000";"0,000";"0,000";
"19/01/2024 05:10";"0,651";"0,000";"0,673";"0,000";"0,907";"0,000";"2,231";"0,000";"0,046";"0,000";"0,000";"0,047";"0,651";"0,673";"0,907";"2,231";"0,000";"0,000";"0,000";
"19/01/2024 05:20";"1,123";"0,000";"0,936";"0,000";"1,045";"0,000";"3,104";"0,000";"0,080";"0,000";"0,000";"0,021";"1,123";"0,936";"1,045";"3,104";"0,000";"0,000";"0,000";
"19/01/2024 05:30";"1,810";"0,000";"1,220";"0,000";"1,231";"0,000";"4,260";"0,000";"0,071";"0,000";"0,000";"0,002";"1,810";"1,220";"1,231";"4,260";"0,000";"0,000";"0,000";
"19/01/2024 05:40";"2,107";"0,000";"1,591";"0,000";"1,762";"0,000";"5,460";"0,000";"0,095";"0,000";"0,000";"0,132";"2,107";"1,591";"1,762";"5,460";"0,000";"0,000";"0,000";
"19/01/2024 05:50";"1,973";"0,000";"1,487";"0,000";"1,709";"0,000";"5,169";"0,000";"0,140";"0,000";"0,000";"0,000";"1,973";"1,487";"1,709";"5,169";"0,000";"0,000";"0,000";
"19/01/2024 06:00";"2,165";"0,000";"1,773";"0,000";"2,045";"0,000";"5,983";"0,000";"0,888";"0,000";"0,000";"0,363";"2,165";"1,773";"2,045";"5,983";"0,000";"0,000";"0,000";
"19/01/2024 06:10";"3,449";"0,000";"2,921";"0,000";"3,347";"0,000";"9,718";"0,000";"2,084";"0,000";"0,000";"0,631";"3,449";"2,921";"3,347";"9,718";"0,000";"0,000";"0,000";
"19/01/2024 06:20";"4,779";"0,000";"4,035";"0,000";"4,974";"0,000";"13,787";"0,000";"1,741";"0,000";"0,000";"0,488";"4,779";"4,035";"4,974";"13,787";"0,000";"0,000";"0,000";
"19/01/2024 06:30";"4,584";"0,000";"3,834";"0,000";"4,756";"0,000";"13,174";"0,000";"1,411";"0,000";"0,000";"0,486";"4,584";"3,834";"4,756";"13,174";"0,000";"0,000";"0,000";
"19/01/2024 06:40";"4,778";"0,000";"3,613";"0,000";"4,599";"0,000";"12,991";"0,000";"2,161";"0,000";"0,000";"0,558";"4,778";"3,613";"4,599";"12,991";"0,000";"0,000";"0,000";
"19/01/2024 06:50";"4,944";"0,000";"4,037";"0,000";"4,770";"0,000";"13,751";"0,000";"1,636";"0,000";"0,000";"0,517";"4,944";"4,037";"4,770";"13,751";"0,000";"0,000";"0,000";
"19/01/2024 07:00";"5,309";"0,000";"4,367";"0,000";"5,103";"0,000";"14,779";"0,000";"2,164";"0,000";"0,000";"0,170";"5,309";"4,367";"5,103";"14,779";"0,000";"0,000";"0,000";
"19/01/2024 07:10";"5,392";"0,000";"4,432";"0,000";"5,316";"0,000";"15,141";"0,000";"1,555";"0,000";"0,000";"0,402";"5,392";"4,432";"5,316";"15,141";"0,000";"0,000";"0,000";
"19/01/2024 07:20";"6,582";"0,000";"5,511";"0,000";"6,343";"0,000";"18,436";"0,000";"1,302";"0,000";"0,000";"0,334";"6,582";"5,511";"6,343";"18,436";"0,000";"0,000";"0,000";
"19/01/2024 07:30";"6,103";"0,000";"5,204";"0,000";"5,973";"0,000";"17,280";"0,000";"1,388";"0,000";"0,000";"0,259";"6,103";"5,204";"5,973";"17,280";"0,000";"0,000";"0,000";
"19/01/2024 07:40";"6,150";"0,000";"5,534";"0,000";"6,254";"0,000";"17,938";"0,000";"1,509";"0,000";"0,000";"0,335";"6,150";"5,534";"6,254";"17,938";"0,000";"0,000";"0,000";
"19/01/2024 07:50";"6,370";"0,000";"5,498";"0,000";"6,215";"0,000";"18,083";"0,000";"2,521";"0,000";"0,000";"0,256";"6,370";"5,498";"6,215";"18,083";"0,000";"0,000";"0,000";
"19/01/2024 08:00";"7,349";"0,000";"6,461";"0,000";"7,011";"0,000";"20,821";"0,000";"1,600";"0,000";"0,000";"0,211";"7,349";"6,461";"7,011";"20,821";"0,000";"0,000";"0,000";
"19/01/2024 08:10";"5,931";"0,000";"5,062";"0,000";"5,837";"0,000";"16,830";"0,000";"1,472";"0,000";"0,000";"0,328";"5,931";"5,062";"5,837";"16,830";"0,000";"0,000";"0,000";
"19/01/2024 08:20";"5,864";"0,000";"5,315";"0,000";"6,123";"0,000";"17,302";"0,000";"1,742";"0,000";"0,000";"0,363";"5,864";"5,315";"6,123";"17,302";"0,000";"0,000";"0,000";
"19/01/2024 08:30";"5,757";"0,000";"5,125";"0,000";"5,872";"0,000";"16,753";"0,000";"1,586";"0,000";"0,000";"0,296";"5,757";"5,125";"5,872";"16,753";"0,000";"0,000";"0,000";
"19/01/2024 08:40";"5,768";"0,000";"4,970";"0,000";"5,760";"0,000";"16,498";"0,000";"1,443";"0,000";"0,000";"0,429";"5,768";"4,970";"5,760";"16,498";"0,000";"0,000";"0,000";
"19/01/2024 08:50";"6,327";"0,000";"5,686";"0,000";"6,597";"0,000";"18,610";"0,000";"1,081";"0,000";"0,000";"0,182";"6,327";"5,686";"6,597";"18,610";"0,000";"0,000";"0,000";
"19/01/2024 09:00";"7,206";"0,000";"6,659";"0,000";"7,713";"0,000";"21,578";"0,000";"3,384";"0,000";"0,000";"0,071";"7,213";"6,666";"7,720";"21,599";"0,021";"0,011";"0,010";
"19/01/2024 09:10";"6,285";"0,000";"5,548";"0,000";"6,399";"0,000";"18,231";"0,000";"0,674";"0,000";"0,000";"0,220";"6,307";"5,570";"6,421";"18,297";"0,066";"0,035";"0,031";
"19/01/2024 09:20";"6,141";"0,000";"5,450";"0,000";"6,278";"0,000";"17,869";"0,000";"0,985";"0,000";"0,000";"0,298";"6,204";"5,513";"6,341";"18,058";"0,189";"0,098";"0,091";
"19/01/2024 09:30";"6,635";"0,000";"5,774";"0,000";"6,673";"0,000";"19,082";"0,000";"1,708";"0,000";"0,000";"0,117";"6,765";"5,903";"6,803";"19,471";"0,389";"0,208";"0,181";
"19/01/2024 09:40";"6,527";"0,000";"5,747";"0,000";"6,535";"0,000";"18,809";"0,000";"2,128";"0,000";"0,000";"0,248";"6,683";"5,904";"6,691";"19,278";"0,469";"0,289";"0,180";
"19/01/2024 09:50";"6,151";"0,000";"5,592";"0,000";"6,281";"0,000";"18,025";"0,000";"2,536";"0,000";"0,000";"0,136";"6,412";"5,853";"6,542";"18,808";"0,783";"0,474";"0,309";
"19/01/2024 10:00";"5,588";"0,000";"4,949";"0,000";"5,782";"0,000";"16,320";"0,000";"1,565";"0,000";"0,000";"0,182";"5,994";"5,355";"6,188";"17,538";"1,218";"0,764";"0,454";
"19/01/2024 10:10";"5,456";"0,000";"4,816";"0,000";"5,608";"0,000";"15,881";"0,000";"1,668";"0,000";"0,000";"0,218";"5,714";"5,074";"5,866";"16,655";"0,774";"0,433";"0,341";
"19/01/2024 10:20";"6,084";"0,000";"5,423";"0,000";"6,041";"0,000";"17,547";"0,000";"1,311";"0,000";"0,000";"0,243";"6,596";"5,936";"6,553";"19,085";"1,538";"0,932";"0,606";
"19/01/2024 10:30";"6,136";"0,000";"5,599";"0,000";"6,630";"0,000";"18,365";"0,000";"0,851";"0,000";"0,000";"0,184";"6,768";"6,230";"7,261";"20,260";"1,895";"1,040";"0,855";
"19/01/2024 10:40";"7,852";"0,000";"7,198";"0,000";"8,049";"0,000";"23,099";"0,000";"3,194";"0,000";"0,000";"0,008";"8,667";"8,013";"8,864";"25,544";"2,445";"1,480";"0,965";
"19/01/2024 10:50";"8,638";"0,000";"7,816";"0,000";"8,553";"0,000";"25,007";"0,000";"3,244";"0,000";"0,000";"0,000";"8,991";"8,169";"8,907";"26,068";"1,061";"0,550";"0,511";
"19/01/2024 11:00";"8,666";"0,000";"7,977";"0,000";"8,661";"0,000";"25,304";"0,000";"3,281";"0,000";"0,000";"0,000";"9,151";"8,462";"9,146";"26,759";"1,455";"0,839";"0,616";
"19/01/2024 11:10";"8,724";"0,000";"8,228";"0,000";"8,962";"0,000";"25,914";"0,000";"6,514";"0,000";"0,000";"0,003";"9,752";"9,256";"9,989";"28,997";"3,083";"1,836";"1,247";
"19/01/2024 11:20";"8,355";"0,000";"7,955";"0,000";"8,803";"0,000";"25,113";"0,000";"4,624";"0,000";"0,000";"0,000";"9,534";"9,134";"9,982";"28,650";"3,537";"1,985";"1,552";
"19/01/2024 11:30";"8,949";"0,000";"8,300";"0,000";"9,031";"0,000";"26,280";"0,000";"5,643";"0,000";"0,000";"0,000";"10,127";"9,478";"10,209";"29,814";"3,534";"1,885";"1,649";
"19/01/2024 11:40";"7,888";"0,000";"7,622";"0,000";"8,400";"0,000";"23,910";"0,000";"4,435";"0,000";"0,000";"0,001";"9,407";"9,141";"9,919";"28,467";"4,557";"2,348";"2,209";
"19/01/2024 11:50";"7,773";"0,000";"7,357";"0,000";"8,260";"0,000";"23,390";"0,000";"3,580";"0,000";"0,000";"0,000";"9,396";"8,980";"9,883";"28,259";"4,869";"2,459";"2,410";
"19/01/2024 12:00";"9,205";"0,000";"8,488";"0,000";"9,125";"0,000";"26,818";"0,000";"4,479";"0,000";"0,000";"0,000";"10,657";"9,939";"10,576";"31,172";"4,354";"2,203";"2,151";
"19/01/2024 12:10";"9,002";"0,000";"8,252";"0,000";"9,077";"0,000";"26,332";"0,000";"3,809";"0,000";"0,000";"0,005";"10,630";"9,880";"10,705";"31,215";"4,883";"2,453";"2,430";
"19/01/2024 12:20";"6,432";"0,000";"5,878";"0,000";"6,925";"0,000";"19,236";"0,000";"2,895";"0,000";"0,000";"0,015";"8,374";"7,820";"8,867";"25,060";"5,824";"2,938";"2,886";
"19/01/2024 12:30";"6,000";"0,000";"5,332";"0,000";"6,298";"0,000";"17,630";"0,000";"1,363";"0,000";"0,000";"0,145";"8,119";"7,450";"8,417";"23,986";"6,356";"3,199";"3,157";
"19/01/2024 12:40";"5,985";"0,000";"5,155";"0,000";"5,792";"0,000";"16,932";"0,000";"1,282";"0,000";"0,000";"0,591";"8,171";"7,342";"7,979";"23,492";"6,560";"3,308";"3,252";
"19/01/2024 12:50";"5,839";"0,000";"5,094";"0,000";"5,472";"0,000";"16,406";"0,000";"1,631";"0,000";"0,000";"0,217";"7,862";"7,117";"7,495";"22,475";"6,069";"3,062";"3,007";
"19/01/2024 13:00";"5,108";"0,000";"4,510";"0,000";"5,390";"0,000";"15,008";"0,000";"2,228";"0,000";"0,000";"0,414";"6,690";"6,091";"6,972";"19,753";"4,745";"2,405";"2,340";
"19/01/2024 13:10";"5,127";"0,000";"4,673";"0,000";"5,656";"0,000";"15,456";"0,000";"2,220";"0,000";"0,000";"0,259";"6,263";"5,810";"6,792";"18,866";"3,410";"1,746";"1,664";
"19/01/2024 13:20";"5,063";"0,000";"4,179";"0,000";"5,188";"0,000";"14,430";"0,000";"1,502";"0,000";"0,000";"0,465";"7,343";"6,459";"7,467";"21,269";"6,839";"3,488";"3,351";
"19/01/2024 13:30";"5,434";"0,000";"4,633";"0,000";"5,307";"0,000";"15,374";"0,000";"1,568";"0,000";"0,000";"0,312";"7,760";"6,959";"7,633";"22,352";"6,978";"3,560";"3,418";
"19/01/2024 13:40";"4,383";"0,000";"3,659";"0,000";"4,535";"0,000";"12,576";"0,000";"0,993";"0,000";"0,000";"0,354";"6,562";"5,838";"6,714";"19,113";"6,537";"3,335";"3,202";
"19/01/2024 13:50";"3,937";"0,000";"3,322";"0,000";"4,017";"0,000";"11,277";"0,000";"1,076";"0,000";"0,000";"0,396";"6,158";"5,542";"6,238";"17,938";"6,661";"3,401";"3,260";
"19/01/2024 14:00";"4,040";"0,000";"3,195";"0,000";"3,883";"0,000";"11,118";"0,000";"0,640";"0,000";"0,000";"0,289";"5,548";"4,704";"5,392";"15,644";"4,526";"2,311";"2,215";
"19/01/2024 14:10";"3,981";"0,000";"3,344";"0,000";"4,067";"0,000";"11,392";"0,000";"0,993";"0,000";"0,000";"0,317";"4,567";"3,930";"4,653";"13,149";"1,757";"0,894";"0,863";
"19/01/2024 14:20";"4,355";"0,000";"3,725";"0,000";"4,376";"0,000";"12,456";"0,000";"0,977";"0,000";"0,000";"0,148";"4,945";"4,314";"4,965";"14,224";"1,768";"0,899";"0,869";
"19/01/2024 14:30";"4,260";"0,000";"3,657";"0,000";"4,512";"0,000";"12,428";"0,000";"0,834";"0,000";"0,000";"0,278";"4,975";"4,373";"5,227";"14,575";"2,147";"1,091";"1,056";
"19/01/2024 14:40";"5,145";"0,000";"4,620";"0,000";"5,457";"0,000";"15,221";"0,000";"0,858";"0,000";"0,000";"0,308";"5,846";"5,321";"6,158";"17,324";"2,103";"1,069";"1,034";
"19/01/2024 14:50";"6,401";"0,000";"5,465";"0,000";"6,552";"0,000";"18,417";"0,000";"1,164";"0,000";"0,000";"0,297";"6,956";"6,020";"7,108";"20,084";"1,667";"0,849";"0,818";
"19/01/2024 15:00";"6,039";"0,000";"5,471";"0,000";"6,513";"0,000";"18,023";"0,000";"1,084";"0,000";"0,000";"0,322";"6,572";"6,005";"7,046";"19,623";"1,600";"0,815";"0,785";
"19/01/2024 15:10";"5,647";"0,000";"5,144";"0,000";"6,279";"0,000";"17,069";"0,000";"0,959";"0,000";"0,000";"0,327";"6,444";"5,941";"7,076";"19,460";"2,391";"1,223";"1,168";
"19/01/2024 15:20";"5,565";"0,000";"4,961";"0,000";"6,110";"0,000";"16,637";"0,000";"0,970";"0,000";"0,000";"0,335";"6,057";"5,453";"6,602";"18,112";"1,475";"0,752";"0,723";
"19/01/2024 15:30";"5,913";"0,000";"5,224";"0,000";"6,261";"0,000";"17,398";"0,000";"0,896";"0,000";"0,000";"0,354";"7,200";"6,511";"7,548";"21,259";"3,861";"1,978";"1,883";
"19/01/2024 15:40";"5,978";"0,000";"5,466";"0,000";"6,719";"0,000";"18,163";"0,000";"1,085";"0,000";"0,000";"0,285";"7,578";"7,066";"8,319";"22,963";"4,800";"2,457";"2,343";
"19/01/2024 15:50";"5,811";"0,000";"5,333";"0,000";"6,593";"0,000";"17,736";"0,000";"1,074";"0,000";"0,000";"0,254";"7,061";"6,583";"7,843";"21,488";"3,752";"1,921";"1,831";
"19/01/2024 16:00";"4,549";"0,000";"3,825";"0,000";"5,058";"0,000";"13,432";"0,000";"0,769";"0,000";"0,000";"0,276";"5,535";"4,811";"6,044";"16,390";"2,958";"1,514";"1,444";
"19/01/2024 16:10";"4,298";"0,000";"3,742";"0,000";"5,075";"0,000";"13,114";"0,000";"0,755";"0,000";"0,000";"0,267";"4,800";"4,244";"5,577";"14,621";"1,507";"0,771";"0,736";
"19/01/2024 16:20";"4,149";"0,000";"3,696";"0,000";"4,983";"0,000";"12,828";"0,000";"0,576";"0,000";"0,000";"0,348";"4,668";"4,215";"5,502";"14,385";"1,557";"0,796";"0,761";
"19/01/2024 16:30";"4,172";"0,000";"3,722";"0,000";"5,003";"0,000";"12,897";"0,000";"0,668";"0,000";"0,000";"0,307";"5,057";"4,607";"5,888";"15,551";"2,654";"1,364";"1,290";
"19/01/2024 16:40";"5,387";"0,000";"4,873";"0,000";"6,156";"0,000";"16,417";"0,000";"0,998";"0,000";"0,000";"0,327";"6,398";"5,884";"7,167";"19,450";"3,033";"1,552";"1,481";
"19/01/2024 16:50";"6,736";"0,000";"5,905";"0,000";"7,045";"0,000";"19,686";"0,000";"0,603";"0,000";"0,000";"0,597";"7,451";"6,621";"7,761";"21,833";"2,147";"1,096";"1,051";
"19/01/2024 17:00";"6,564";"0,000";"5,910";"0,000";"7,186";"0,000";"19,660";"0,000";"0,275";"0,000";"0,000";"0,692";"6,988";"6,334";"7,610";"20,932";"1,272";"0,653";"0,619";
"19/01/2024 17:10";"6,383";"0,000";"5,740";"0,000";"7,041";"0,000";"19,164";"0,000";"0,388";"0,000";"0,000";"0,659";"6,632";"5,989";"7,290";"19,910";"0,746";"0,389";"0,357";
"19/01/2024 17:20";"5,012";"0,000";"4,461";"0,000";"5,674";"0,000";"15,147";"0,000";"1,398";"0,000";"0,000";"0,448";"5,238";"4,687";"5,901";"15,826";"0,679";"0,367";"0,312";
"19/01/2024 17:30";"5,102";"0,000";"4,495";"0,000";"5,787";"0,000";"15,384";"0,000";"0,948";"0,000";"0,000";"0,859";"5,267";"4,660";"5,951";"15,878";"0,494";"0,255";"0,239";
"19/01/2024 17:40";"6,075";"0,000";"5,359";"0,000";"6,514";"0,000";"17,947";"0,000";"1,490";"0,000";"0,000";"0,334";"6,255";"5,539";"6,694";"18,489";"0,542";"0,309";"0,233";
"19/01/2024 17:50";"6,509";"0,000";"5,842";"0,000";"6,950";"0,000";"19,301";"0,000";"0,618";"0,000";"0,000";"0,528";"6,631";"5,964";"7,072";"19,667";"0,366";"0,208";"0,158";
"19/01/2024 18:00";"6,028";"0,000";"5,407";"0,000";"6,680";"0,000";"18,116";"0,000";"0,657";"0,000";"0,000";"0,579";"6,093";"5,472";"6,745";"18,310";"0,194";"0,107";"0,087";
"19/01/2024 18:10";"6,644";"0,000";"5,982";"0,000";"7,232";"0,000";"19,858";"0,000";"0,471";"0,000";"0,000";"0,472";"6,674";"6,013";"7,262";"19,949";"0,091";"0,048";"0,043";
"19/01/2024 18:20";"7,164";"0,000";"6,405";"0,000";"7,463";"0,000";"21,031";"0,000";"0,257";"0,000";"0,000";"0,594";"7,173";"6,415";"7,472";"21,060";"0,029";"0,016";"0,013";
"19/01/2024 18:30";"5,264";"0,000";"4,615";"0,000";"5,876";"0,000";"15,755";"0,000";"1,401";"0,000";"0,000";"0,500";"5,264";"4,615";"5,876";"15,755";"0,000";"0,000";"0,000";
"19/01/2024 18:40";"4,879";"0,000";"4,322";"0,000";"5,545";"0,000";"14,746";"0,000";"1,377";"0,000";"0,000";"0,326";"4,879";"4,322";"5,545";"14,746";"0,000";"0,000";"0,000";
"19/01/2024 18:50";"4,647";"0,000";"3,859";"0,000";"5,037";"0,000";"13,543";"0,000";"0,631";"0,000";"0,000";"0,458";"4,647";"3,859";"5,037";"13,543";"0,000";"0,000";"0,000";
"19/01/2024 19:00";"4,432";"0,000";"3,760";"0,000";"5,048";"0,000";"13,240";"0,000";"0,616";"0,000";"0,000";"0,465";"4,432";"3,760";"5,048";"13,240";"0,000";"0,000";"0,000";
"19/01/2024 19:10";"5,532";"0,000";"4,962";"0,000";"6,126";"0,000";"16,619";"0,000";"0,857";"0,000";"0,000";"0,391";"5,532";"4,962";"6,126";"16,619";"0,000";"0,000";"0,000";
"19/01/2024 19:20";"6,006";"0,000";"5,391";"0,000";"6,589";"0,000";"17,985";"0,000";"1,037";"0,000";"0,000";"0,287";"6,006";"5,391";"6,589";"17,985";"0,000";"0,000";"0,000";
"19/01/2024 19:30";"4,310";"0,000";"3,774";"0,000";"5,041";"0,000";"13,125";"0,000";"0,690";"0,000";"0,000";"0,376";"4,310";"3,774";"5,041";"13,125";"0,000";"0,000";"0,000";
"19/01/2024 19:40";"4,173";"0,000";"3,808";"0,000";"5,062";"0,000";"13,043";"0,000";"0,620";"0,000";"0,000";"0,409";"4,173";"3,808";"5,062";"13,043";"0,000";"0,000";"0,000";
"19/01/2024 19:50";"1,831";"0,000";"1,421";"0,000";"2,140";"0,000";"5,393";"0,000";"0,097";"0,000";"0,000";"0,643";"1,831";"1,421";"2,140";"5,393";"0,000";"0,000";"0,000";
"19/01/2024 20:00";"1,127";"0,000";"0,735";"0,000";"1,021";"0,000";"2,884";"0,000";"0,004";"0,000";"0,000";"0,167";"1,127";"0,735";"1,021";"2,884";"0,000";"0,000";"0,000";
"19/01/2024 20:10";"1,022";"0,000";"0,637";"0,000";"0,957";"0,000";"2,617";"0,000";"0,034";"0,000";"0,000";"0,093";"1,022";"0,637";"0,957";"2,617";"0,000";"0,000";"0,000";
"19/01/2024 20:20";"0,941";"0,000";"0,502";"0,000";"0,885";"0,000";"2,328";"0,000";"0,001";"0,000";"0,000";"0,170";"0,941";"0,502";"0,885";"2,328";"0,000";"0,000";"0,000";
"19/01/2024 20:30";"1,008";"0,000";"0,672";"0,000";"0,949";"0,000";"2,630";"0,000";"0,065";"0,000";"0,000";"0,002";"1,008";"0,672";"0,949";"2,630";"0,000";"0,000";"0,000";
"19/01/2024 20:40";"1,091";"0,000";"0,625";"0,000";"0,861";"0,000";"2,577";"0,000";"0,022";"0,000";"0,000";"0,072";"1,091";"0,625";"0,861";"2,577";"0,000";"0,000";"0,000";
"19/01/2024 20:50";"0,876";"0,000";"0,520";"0,000";"0,833";"0,000";"2,229";"0,000";"0,000";"0,000";"0,000";"0,181";"0,876";"0,520";"0,833";"2,229";"0,000";"0,000";"0,000";
"19/01/2024 21:00";"0,740";"0,000";"0,600";"0,000";"0,823";"0,000";"2,163";"0,000";"0,023";"0,000";"0,000";"0,027";"0,740";"0,600";"0,823";"2,163";"0,000";"0,000";"0,000";
"19/01/2024 21:10";"0,626";"0,000";"0,563";"0,000";"0,809";"0,000";"1,999";"0,000";"0,043";"0,000";"0,000";"0,001";"0,626";"0,563";"0,809";"1,999";"0,000";"0,000";"0,000";
"19/01/2024 21:20";"0,589";"0,000";"0,527";"0,000";"0,789";"0,000";"1,905";"0,000";"0,038";"0,000";"0,000";"0,017";"0,589";"0,527";"0,789";"1,905";"0,000";"0,000";"0,000";
"19/01/2024 21:30";"0,551";"0,000";"0,520";"0,000";"0,785";"0,000";"1,856";"0,000";"0,000";"0,000";"0,000";"0,118";"0,551";"0,520";"0,785";"1,856";"0,000";"0,000";"0,000";
"19/01/2024 21:40";"0,538";"0,000";"0,564";"0,000";"0,867";"0,000";"1,969";"0,000";"0,010";"0,000";"0,000";"0,048";"0,538";"0,564";"0,867";"1,969";"0,000";"0,000";"0,000";
"19/01/2024 21:50";"0,755";"0,000";"0,552";"0,000";"0,904";"0,000";"2,212";"0,000";"0,001";"0,000";"0,000";"0,166";"0,755";"0,552";"0,904";"2,212";"0,000";"0,000";"0,000";
"19/01/2024 22:00";"0,851";"0,000";"0,590";"0,000";"0,794";"0,000";"2,234";"0,000";"0,000";"0,000";"0,000";"0,152";"0,851";"0,590";"0,794";"2,234";"0,000";"0,000";"0,000";
"19/01/2024 22:10";"0,517";"0,000";"0,550";"0,000";"0,857";"0,000";"1,925";"0,000";"0,005";"0,000";"0,000";"0,064";"0,517";"0,550";"0,857";"1,925";"0,000";"0,000";"0,000";
"19/01/2024 22:20";"0,534";"0,000";"0,503";"0,000";"0,866";"0,000";"1,903";"0,000";"0,001";"0,000";"0,000";"0,082";"0,534";"0,503";"0,866";"1,903";"0,000";"0,000";"0,000";
"19/01/2024 22:30";"0,932";"0,000";"0,678";"0,000";"0,856";"0,000";"2,466";"0,000";"0,000";"0,000";"0,000";"0,208";"0,932";"0,678";"0,856";"2,466";"0,000";"0,000";"0,000";
"19/01/2024 22:40";"0,680";"0,000";"0,491";"0,000";"0,805";"0,000";"1,976";"0,000";"0,002";"0,000";"0,000";"0,127";"0,680";"0,491";"0,805";"1,976";"0,000";"0,000";"0,000";
"19/01/2024 22:50";"0,635";"0,000";"0,529";"0,000";"0,824";"0,000";"1,987";"0,000";"0,013";"0,000";"0,000";"0,092";"0,635";"0,529";"0,824";"1,987";"0,000";"0,000";"0,000";
"19/01/2024 23:00";"0,549";"0,000";"0,538";"0,000";"0,844";"0,000";"1,932";"0,000";"0,001";"0,000";"0,000";"0,112";"0,549";"0,538";"0,844";"1,932";"0,000";"0,000";"0,000";
"19/01/2024 23:10";"0,468";"0,000";"0,478";"0,000";"0,788";"0,000";"1,733";"0,000";"0,014";"0,000";"0,000";"0,079";"0,468";"0,478";"0,788";"1,733";"0,000";"0,000";"0,000";
"19/01/2024 23:20";"0,511";"0,000";"0,557";"0,000";"0,827";"0,000";"1,895";"0,000";"0,007";"0,000";"0,000";"0,045";"0,511";"0,557";"0,827";"1,895";"0,000";"0,000";"0,000";
"19/01/2024 23:30";"0,537";"0,000";"0,500";"0,000";"0,846";"0,000";"1,883";"0,000";"0,008";"0,000";"0,000";"0,076";"0,537";"0,500";"0,846";"1,883";"0,000";"0,000";"0,000";
"19/01/2024 23:40";"0,981";"0,000";"0,603";"0,000";"0,800";"0,000";"2,384";"0,000";"0,005";"0,000";"0,000";"0,129";"0,981";"0,603";"0,800";"2,384";"0,000";"0,000";"0,000";
"19/01/2024 23:50";"0,558";"0,000";"0,522";"0,000";"0,802";"0,000";"1,882";"0,000";"0,006";"0,000";"0,000";"0,123";"0,558";"0,522";"0,802";"1,882";"0,000";"0,000";"0,000";
"20/01/2024 00:00";"0,516";"0,000";"0,487";"0,000";"0,833";"0,000";"1,837";"0,000";"0,001";"0,000";"0,000";"0,074";"0,516";"0,487";"0,833";"1,837";"0,000";"0,000";"0,000";
"20/01/2024 00:10";"0,769";"0,000";"0,641";"0,000";"0,861";"0,000";"2,271";"0,000";"0,000";"0,000";"0,000";"0,214";"0,769";"0,641";"0,861";"2,271";"0,000";"0,000";"0,000";
"20/01/2024 00:20";"0,707";"0,000";"0,517";"0,000";"0,764";"0,000";"1,988";"0,000";"0,001";"0,000";"0,000";"0,154";"0,707";"0,517";"0,764";"1,988";"0,000";"0,000";"0,000";
"20/01/2024 00:30";"0,561";"0,000";"0,547";"0,000";"0,866";"0,000";"1,974";"0,000";"0,000";"0,000";"0,000";"0,179";"0,561";"0,547";"0,866";"1,974";"0,000";"0,000";"0,000";
"20/01/2024 00:40";"0,570";"0,000";"0,575";"0,000";"0,855";"0,000";"2,001";"0,000";"0,000";"0,000";"0,000";"0,266";"0,570";"0,575";"0,855";"2,001";"0,000";"0,000";"0,000";
"20/01/2024 00:50";"0,848";"0,000";"0,522";"0,000";"0,750";"0,000";"2,119";"0,000";"0,000";"0,000";"0,000";"0,154";"0,848";"0,522";"0,750";"2,119";"0,000";"0,000";"0,000";
"20/01/2024 01:00";"0,532";"0,000";"0,575";"0,000";"0,835";"0,000";"1,941";"0,000";"0,010";"0,000";"0,000";"0,147";"0,532";"0,575";"0,835";"1,941";"0,000";"0,000";"0,000";
"20/01/2024 01:10";"0,562";"0,000";"0,591";"0,000";"0,877";"0,000";"2,031";"0,000";"0,000";"0,000";"0,000";"0,236";"0,562";"0,591";"0,877";"2,031";"0,000";"0,000";"0,000";
"20/01/2024 01:20";"0,457";"0,000";"0,428";"0,000";"0,765";"0,000";"1,650";"0,000";"0,000";"0,000";"0,000";"0,227";"0,457";"0,428";"0,765";"1,650";"0,000";"0,000";"0,000";
"20/01/2024 01:30";"0,474";"0,000";"0,508";"0,000";"0,772";"0,000";"1,754";"0,000";"0,002";"0,000";"0,000";"0,115";"0,474";"0,508";"0,772";"1,754";"0,000";"0,000";"0,000";
"20/01/2024 01:40";"0,673";"0,000";"0,565";"0,000";"0,826";"0,000";"2,065";"0,000";"0,009";"0,000";"0,000";"0,030";"0,673";"0,565";"0,826";"2,065";"0,000";"0,000";"0,000";
"20/01/2024 01:50";"1,063";"0,000";"0,789";"0,000";"0,849";"0,000";"2,701";"0,000";"0,001";"0,000";"0,000";"0,214";"1,063";"0,789";"0,849";"2,701";"0,000";"0,000";"0,000";
"20/01/2024 02:00";"0,880";"0,000";"0,677";"0,000";"0,756";"0,000";"2,314";"0,000";"0,001";"0,000";"0,000";"0,172";"0,880";"0,677";"0,756";"2,314";"0,000";"0,000";"0,000";
"20/01/2024 02:10";"0,560";"0,000";"0,599";"0,000";"0,861";"0,000";"2,019";"0,000";"0,009";"0,000";"0,000";"0,137";"0,560";"0,599";"0,861";"2,019";"0,000";"0,000";"0,000";
"20/01/2024 02:20";"0,587";"0,000";"0,602";"0,000";"0,888";"0,000";"2,077";"0,000";"0,000";"0,000";"0,000";"0,273";"0,587";"0,602";"0,888";"2,077";"0,000";"0,000";"0,000";
"20/01/2024 02:30";"0,894";"0,000";"0,599";"0,000";"0,787";"0,000";"2,279";"0,000";"0,000";"0,000";"0,000";"0,222";"0,894";"0,599";"0,787";"2,279";"0,000";"0,000";"0,000";
"20/01/2024 02:40";"0,512";"0,000";"0,511";"0,000";"0,802";"0,000";"1,825";"0,000";"0,003";"0,000";"0,000";"0,124";"0,512";"0,511";"0,802";"1,825";"0,000";"0,000";"0,000";
"20/01/2024 02:50";"0,566";"0,000";"0,617";"0,000";"0,851";"0,000";"2,034";"0,000";"0,012";"0,000";"0,000";"0,133";"0,566";"0,617";"0,851";"2,034";"0,000";"0,000";"0,000";
"20/01/2024 03:00";"0,493";"0,000";"0,515";"0,000";"0,807";"0,000";"1,815";"0,000";"0,000";"0,000";"0,000";"0,245";"0,493";"0,515";"0,807";"1,815";"0,000";"0,000";"0,000";
"20/01/2024 03:10";"0,427";"0,000";"0,433";"0,000";"0,756";"0,000";"1,616";"0,000";"0,000";"0,000";"0,000";"0,136";"0,427";"0,433";"0,756";"1,616";"0,000";"0,000";"0,000";
"20/01/2024 03:20";"0,634";"0,000";"0,605";"0,000";"0,841";"0,000";"2,080";"0,000";"0,011";"0,000";"0,000";"0,041";"0,634";"0,605";"0,841";"2,080";"0,000";"0,000";"0,000";
"20/01/2024 03:30";"1,046";"0,000";"0,753";"0,000";"0,833";"0,000";"2,632";"0,000";"0,004";"0,000";"0,000";"0,137";"1,046";"0,753";"0,833";"2,632";"0,000";"0,000";"0,000";
"20/01/2024 03:40";"1,031";"0,000";"0,877";"0,000";"0,830";"0,000";"2,737";"0,000";"0,000";"0,000";"0,000";"0,285";"1,031";"0,877";"0,830";"2,737";"0,000";"0,000";"0,000";
"20/01/2024 03:50";"0,565";"0,000";"0,597";"0,000";"0,857";"0,000";"2,019";"0,000";"0,009";"0,000";"0,000";"0,099";"0,565";"0,597";"0,857";"2,019";"0,000";"0,000";"0,000";
"20/01/2024 04:00";"0,547";"0,000";"0,596";"0,000";"0,880";"0,000";"2,023";"0,000";"0,007";"0,000";"0,000";"0,134";"0,547";"0,596";"0,880";"2,023";"0,000";"0,000";"0,000";
"20/01/2024 04:10";"0,911";"0,000";"0,674";"0,000";"0,897";"0,000";"2,482";"0,000";"0,000";"0,000";"0,000";"0,229";"0,911";"0,674";"0,897";"2,482";"0,000";"0,000";"0,000";
"20/01/2024 04:20";"0,735";"0,000";"0,499";"0,000";"0,810";"0,000";"2,044";"0,000";"0,000";"0,000";"0,000";"0,229";"0,735";"0,499";"0,810";"2,044";"0,000";"0,000";"0,000";
"20/01/2024 04:30";"0,553";"0,000";"0,572";"0,000";"0,916";"0,000";"2,040";"0,000";"0,014";"0,000";"0,000";"0,136";"0,553";"0,572";"0,916";"2,040";"0,000";"0,000";"0,000";
"20/01/2024 04:40";"0,789";"0,000";"0,725";"0,000";"1,018";"0,000";"2,531";"0,000";"0,000";"0,000";"0,000";"0,203";"0,789";"0,725";"1,018";"2,531";"0,000";"0,000";"0,000";
"20/01/2024 04:50";"0,741";"0,000";"0,511";"0,000";"0,795";"0,000";"2,047";"0,000";"0,000";"0,000";"0,000";"0,201";"0,741";"0,511";"0,795";"2,047";"0,000";"0,000";"0,000";
"20/01/2024 05:00";"0,552";"0,000";"0,564";"0,000";"0,918";"0,000";"2,034";"0,000";"0,013";"0,000";"0,000";"0,106";"0,552";"0,564";"0,918";"2,034";"0,000";"0,000";"0,000";
"20/01/2024 05:10";"0,561";"0,000";"0,626";"0,000";"0,938";"0,000";"2,125";"0,000";"0,000";"0,000";"0,000";"0,151";"0,561";"0,626";"0,938";"2,125";"0,000";"0,000";"0,000";
"20/01/2024 05:20";"0,998";"0,000";"0,686";"0,000";"0,919";"0,000";"2,603";"0,000";"0,000";"0,000";"0,000";"0,212";"0,998";"0,686";"0,919";"2,603";"0,000";"0,000";"0,000";
"20/01/2024 05:30";"0,599";"0,000";"0,463";"0,000";"0,860";"0,000";"1,921";"0,000";"0,003";"0,000";"0,000";"0,209";"0,599";"0,463";"0,860";"1,921";"0,000";"0,000";"0,000";
"20/01/2024 05:40";"0,562";"0,000";"0,611";"0,000";"0,909";"0,000";"2,082";"0,000";"0,010";"0,000";"0,000";"0,045";"0,562";"0,611";"0,909";"2,082";"0,000";"0,000";"0,000";
"20/01/2024 05:50";"0,896";"0,000";"0,667";"0,000";"1,000";"0,000";"2,563";"0,000";"0,000";"0,000";"0,000";"0,233";"0,896";"0,667";"1,000";"2,563";"0,000";"0,000";"0,000";
"20/01/2024 06:00";"0,767";"0,000";"0,534";"0,000";"0,809";"0,000";"2,110";"0,000";"0,000";"0,000";"0,000";"0,216";"0,767";"0,534";"0,809";"2,110";"0,000";"0,000";"0,000";
"20/01/2024 06:10";"0,529";"0,000";"0,616";"0,000";"0,904";"0,000";"2,048";"0,000";"0,008";"0,000";"0,000";"0,067";"0,529";"0,616";"0,904";"2,048";"0,000";"0,000";"0,000";
"20/01/2024 06:20";"0,611";"0,000";"0,590";"0,000";"0,926";"0,000";"2,127";"0,000";"0,006";"0,000";"0,000";"0,145";"0,611";"0,590";"0,926";"2,127";"0,000";"0,000";"0,000";
"20/01/2024 06:30";"1,055";"0,000";"0,920";"0,000";"0,912";"0,000";"2,887";"0,000";"0,000";"0,000";"0,000";"0,195";"1,055";"0,920";"0,912";"2,887";"0,000";"0,000";"0,000";
"20/01/2024 06:40";"0,841";"0,000";"0,586";"0,000";"0,882";"0,000";"2,309";"0,000";"0,000";"0,000";"0,000";"0,225";"0,841";"0,586";"0,882";"2,309";"0,000";"0,000";"0,000";
"20/01/2024 06:50";"0,815";"0,000";"0,596";"0,000";"0,926";"0,000";"2,337";"0,000";"0,006";"0,000";"0,000";"0,162";"0,815";"0,596";"0,926";"2,337";"0,000";"0,000";"0,000";
"20/01/2024 07:00";"1,222";"0,000";"0,639";"0,000";"0,972";"0,000";"2,832";"0,000";"0,000";"0,000";"0,000";"0,220";"1,222";"0,639";"0,972";"2,832";"0,000";"0,000";"0,000";
"20/01/2024 07:10";"0,851";"0,000";"0,618";"0,000";"0,844";"0,000";"2,313";"0,000";"0,000";"0,000";"0,000";"0,210";"0,851";"0,618";"0,844";"2,313";"0,000";"0,000";"0,000";
"20/01/2024 07:20";"0,531";"0,000";"0,542";"0,000";"0,921";"0,000";"1,995";"0,000";"0,004";"0,000";"0,000";"0,145";"0,531";"0,542";"0,921";"1,995";"0,000";"0,000";"0,000";
"20/01/2024 07:30";"0,766";"0,000";"0,639";"0,000";"0,930";"0,000";"2,335";"0,000";"0,001";"0,000";"0,000";"0,177";"0,766";"0,639";"0,930";"2,335";"0,000";"0,000";"0,000";
"20/01/2024 07:40";"1,091";"0,000";"0,613";"0,000";"0,881";"0,000";"2,585";"0,000";"0,000";"0,000";"0,000";"0,175";"1,091";"0,613";"0,881";"2,585";"0,000";"0,000";"0,000";
"20/01/2024 07:50";"0,641";"0,000";"0,595";"0,000";"0,902";"0,000";"2,137";"0,000";"0,013";"0,000";"0,000";"0,108";"0,641";"0,595";"0,902";"2,137";"0,000";"0,000";"0,000";
"20/01/2024 08:00";"0,651";"0,000";"0,571";"0,000";"0,908";"0,000";"2,130";"0,000";"0,007";"0,000";"0,000";"0,132";"0,651";"0,571";"0,908";"2,130";"0,000";"0,000";"0,000";
"20/01/2024 08:10";"1,170";"0,000";"0,720";"0,000";"0,954";"0,000";"2,844";"0,000";"0,000";"0,000";"0,000";"0,193";"1,170";"0,720";"0,954";"2,844";"0,000";"0,000";"0,000";
"20/01/2024 08:20";"0,765";"0,000";"0,528";"0,000";"0,841";"0,000";"2,135";"0,000";"0,000";"0,000";"0,000";"0,182";"0,765";"0,528";"0,841";"2,135";"0,000";"0,000";"0,000";
"20/01/2024 08:30";"0,651";"0,000";"0,639";"0,000";"0,938";"0,000";"2,228";"0,000";"0,008";"0,000";"0,000";"0,152";"0,651";"0,639";"0,938";"2,228";"0,000";"0,000";"0,000";
"20/01/2024 08:40";"0,905";"0,000";"0,587";"0,000";"0,869";"0,000";"2,361";"0,000";"0,018";"0,000";"0,000";"0,100";"0,905";"0,587";"0,869";"2,361";"0,000";"0,000";"0,000";
"20/01/2024 08:50";"0,820";"0,000";"0,618";"0,000";"0,760";"0,000";"2,198";"0,000";"0,000";"0,000";"0,000";"0,158";"0,824";"0,622";"0,764";"2,211";"0,013";"0,007";"0,006";
"20/01/2024 09:00";"0,422";"0,000";"0,440";"0,000";"0,792";"0,000";"1,654";"0,000";"0,029";"0,000";"0,000";"0,096";"0,443";"0,461";"0,813";"1,717";"0,063";"0,034";"0,029";
"20/01/2024 09:10";"0,380";"0,000";"0,364";"0,000";"0,753";"0,000";"1,497";"0,000";"0,001";"0,000";"0,000";"0,099";"0,425";"0,409";"0,798";"1,632";"0,135";"0,076";"0,059";
"20/01/2024 09:20";"0,388";"0,000";"0,443";"0,000";"0,776";"0,000";"1,607";"0,000";"0,056";"0,000";"0,000";"0,040";"0,493";"0,547";"0,881";"1,920";"0,313";"0,199";"0,114";
"20/01/2024 09:30";"0,418";"0,000";"0,357";"0,000";"0,778";"0,000";"1,553";"0,000";"0,022";"0,000";"0,000";"0,015";"0,586";"0,525";"0,946";"2,056";"0,503";"0,345";"0,158";
"20/01/2024 09:40";"0,333";"0,000";"0,332";"0,000";"0,707";"0,000";"1,371";"0,000";"0,014";"0,000";"0,000";"0,059";"0,568";"0,567";"0,942";"2,076";"0,705";"0,504";"0,201";
"20/01/2024 09:50";"0,375";"0,000";"0,336";"0,000";"0,743";"0,000";"1,455";"0,000";"0,002";"0,000";"0,000";"0,087";"0,697";"0,658";"1,065";"2,421";"0,966";"0,636";"0,330";
"20/01/2024 10:00";"0,330";"0,000";"0,276";"0,000";"0,716";"0,000";"1,322";"0,000";"0,003";"0,000";"0,000";"0,134";"0,745";"0,691";"1,131";"2,567";"1,245";"0,801";"0,444";
"20/01/2024 10:10";"0,335";"0,000";"0,326";"0,000";"0,711";"0,000";"1,373";"0,000";"0,009";"0,000";"0,000";"0,070";"0,833";"0,824";"1,208";"2,865";"1,492";"0,927";"0,565";
"20/01/2024 10:20";"0,362";"0,000";"0,354";"0,000";"0,730";"0,000";"1,446";"0,000";"0,029";"0,000";"0,000";"0,030";"1,042";"1,034";"1,410";"3,485";"2,039";"1,159";"0,880";
"20/01/2024 10:30";"0,714";"0,000";"0,494";"0,000";"0,782";"0,000";"1,990";"0,000";"0,042";"0,000";"0,000";"0,097";"1,546";"1,326";"1,613";"4,484";"2,494";"1,385";"1,109";
"20/01/2024 10:40";"1,009";"0,000";"0,983";"0,000";"0,848";"0,000";"2,840";"0,000";"0,000";"0,000";"0,000";"0,191";"1,954";"1,929";"1,794";"5,677";"2,837";"1,575";"1,262";
"20/01/2024 10:50";"1,094";"0,000";"1,141";"0,000";"0,926";"0,000";"3,161";"0,000";"0,000";"0,000";"0,000";"0,088";"2,131";"2,177";"1,963";"6,270";"3,109";"1,722";"1,387";
"20/01/2024 11:00";"1,079";"0,000";"1,054";"0,000";"0,894";"0,000";"3,027";"0,000";"0,000";"0,000";"0,000";"0,115";"2,157";"2,132";"1,973";"6,262";"3,235";"1,791";"1,444";
"20/01/2024 11:10";"0,699";"0,000";"0,552";"0,000";"0,739";"0,000";"1,989";"0,000";"0,000";"0,000";"0,000";"0,189";"1,863";"1,716";"1,904";"5,483";"3,494";"1,934";"1,560";
"20/01/2024 11:20";"0,437";"0,000";"0,404";"0,000";"0,760";"0,000";"1,601";"0,000";"0,019";"0,000";"0,000";"0,103";"1,677";"1,645";"2,000";"5,322";"3,721";"2,058";"1,663";
"20/01/2024 11:30";"0,773";"0,000";"0,562";"0,000";"0,796";"0,000";"2,132";"0,000";"0,000";"0,000";"0,000";"0,152";"2,130";"1,919";"2,153";"6,202";"4,070";"2,184";"1,886";
"20/01/2024 11:40";"0,857";"0,000";"0,789";"0,000";"0,730";"0,000";"2,376";"0,000";"0,000";"0,000";"0,000";"0,128";"2,414";"2,346";"2,287";"7,047";"4,671";"2,378";"2,293";
"20/01/2024 11:50";"0,427";"0,000";"0,383";"0,000";"0,740";"0,000";"1,550";"0,000";"0,017";"0,000";"0,000";"0,134";"2,089";"2,045";"2,402";"6,535";"4,985";"2,505";"2,480";
"20/01/2024 12:00";"0,528";"0,000";"0,435";"0,000";"0,744";"0,000";"1,707";"0,000";"0,000";"0,000";"0,000";"0,152";"2,278";"2,185";"2,493";"6,956";"5,249";"2,634";"2,615";
"20/01/2024 12:10";"0,955";"0,000";"0,789";"0,000";"0,740";"0,000";"2,484";"0,000";"0,000";"0,000";"0,000";"0,156";"2,718";"2,552";"2,503";"7,774";"5,290";"2,654";"2,636";
"20/01/2024 12:20";"0,541";"0,000";"0,362";"0,000";"0,662";"0,000";"1,565";"0,000";"0,004";"0,000";"0,000";"0,124";"2,322";"2,143";"2,442";"6,907";"5,342";"2,681";"2,661";
"20/01/2024 12:30";"0,443";"0,000";"0,419";"0,000";"0,715";"0,000";"1,576";"0,000";"0,000";"0,000";"0,000";"0,193";"2,368";"2,344";"2,640";"7,351";"5,775";"2,900";"2,875";
"20/01/2024 12:40";"0,822";"0,000";"0,570";"0,000";"0,730";"0,000";"2,122";"0,000";"0,000";"0,000";"0,000";"0,150";"2,792";"2,540";"2,699";"8,031";"5,909";"2,979";"2,930";
"20/01/2024 12:50";"0,709";"0,000";"0,546";"0,000";"0,631";"0,000";"1,886";"0,000";"0,007";"0,000";"0,000";"0,088";"2,710";"2,547";"2,632";"7,889";"6,003";"3,030";"2,973";
"20/01/2024 13:00";"0,414";"0,000";"0,353";"0,000";"0,673";"0,000";"1,440";"0,000";"0,000";"0,000";"0,000";"0,155";"2,386";"2,325";"2,645";"7,356";"5,916";"2,989";"2,927";
"20/01/2024 13:10";"0,594";"0,000";"0,454";"0,000";"0,731";"0,000";"1,778";"0,000";"0,000";"0,000";"0,000";"0,201";"2,574";"2,434";"2,711";"7,718";"5,940";"3,006";"2,934";
"20/01/2024 13:20";"0,856";"0,000";"0,530";"0,000";"0,607";"0,000";"1,993";"0,000";"0,002";"0,000";"0,000";"0,092";"2,900";"2,574";"2,651";"8,126";"6,133";"3,125";"3,008";
"20/01/2024 13:30";"0,395";"0,000";"0,353";"0,000";"0,631";"0,000";"1,378";"0,000";"0,027";"0,000";"0,000";"0,054";"2,450";"2,408";"2,686";"7,544";"6,166";"3,155";"3,011";
"20/01/2024 13:40";"0,424";"0,000";"0,430";"0,000";"0,682";"0,000";"1,536";"0,000";"0,001";"0,000";"0,000";"0,171";"2,491";"2,497";"2,749";"7,737";"6,201";"3,171";"3,030";
"20/01/2024 13:50";"0,833";"0,000";"0,569";"0,000";"0,681";"0,000";"2,083";"0,000";"0,000";"0,000";"0,000";"0,159";"2,854";"2,591";"2,703";"8,148";"6,065";"3,106";"2,959";
"20/01/2024 14:00";"0,509";"0,000";"0,325";"0,000";"0,583";"0,000";"1,416";"0,000";"0,007";"0,000";"0,000";"0,075";"2,508";"2,324";"2,582";"7,413";"5,997";"3,071";"2,926";
"20/01/2024 14:10";"0,410";"0,000";"0,389";"0,000";"0,655";"0,000";"1,454";"0,000";"0,053";"0,000";"0,000";"0,029";"2,362";"2,341";"2,607";"7,310";"5,856";"3,000";"2,856";
"20/01/2024 14:20";"0,651";"0,000";"0,404";"0,000";"0,695";"0,000";"1,750";"0,000";"0,003";"0,000";"0,000";"0,136";"2,659";"2,411";"2,702";"7,772";"6,022";"3,084";"2,938";
"20/01/2024 14:30";"0,695";"0,000";"0,393";"0,000";"0,563";"0,000";"1,651";"0,000";"0,000";"0,000";"0,000";"0,141";"2,752";"2,450";"2,621";"7,823";"6,172";"3,162";"3,010";
"20/01/2024 14:40";"0,372";"0,000";"0,341";"0,000";"0,638";"0,000";"1,351";"0,000";"0,056";"0,000";"0,000";"0,027";"2,440";"2,408";"2,705";"7,554";"6,203";"3,177";"3,026";
"20/01/2024 14:50";"0,396";"0,000";"0,405";"0,000";"0,666";"0,000";"1,467";"0,000";"0,027";"0,000";"0,000";"0,099";"2,137";"2,145";"2,407";"6,688";"5,221";"2,674";"2,547";
"20/01/2024 15:00";"0,778";"0,000";"0,477";"0,000";"0,635";"0,000";"1,890";"0,000";"0,001";"0,000";"0,000";"0,099";"2,221";"1,920";"2,078";"6,219";"4,329";"2,214";"2,115";
"20/01/2024 15:10";"0,401";"0,000";"0,346";"0,000";"0,650";"0,000";"1,397";"0,000";"0,044";"0,000";"0,000";"0,009";"1,884";"1,830";"2,134";"5,848";"4,451";"2,280";"2,171";
"20/01/2024 15:20";"0,514";"0,000";"0,395";"0,000";"0,644";"0,000";"1,553";"0,000";"0,001";"0,000";"0,000";"0,116";"1,869";"1,750";"1,999";"5,618";"4,065";"2,084";"1,981";
"20/01/2024 15:30";"0,383";"0,000";"0,312";"0,000";"0,623";"0,000";"1,318";"0,000";"0,036";"0,000";"0,000";"0,043";"1,858";"1,786";"2,098";"5,742";"4,424";"2,266";"2,158";
"20/01/2024 15:40";"0,397";"0,000";"0,363";"0,000";"0,657";"0,000";"1,418";"0,000";"0,068";"0,000";"0,000";"0,010";"1,446";"1,411";"1,706";"4,563";"3,145";"1,610";"1,535";
"20/01/2024 15:50";"0,821";"0,000";"0,562";"0,000";"0,667";"0,000";"2,051";"0,000";"0,003";"0,000";"0,000";"0,093";"1,916";"1,657";"1,762";"5,336";"3,285";"1,680";"1,605";
"20/01/2024 16:00";"0,460";"0,000";"0,300";"0,000";"0,581";"0,000";"1,341";"0,000";"0,027";"0,000";"0,000";"0,021";"1,490";"1,330";"1,611";"4,430";"3,089";"1,583";"1,506";
"20/01/2024 16:10";"0,542";"0,000";"0,311";"0,000";"0,564";"0,000";"1,417";"0,000";"0,014";"0,000";"0,000";"0,022";"1,619";"1,388";"1,641";"4,648";"3,231";"1,662";"1,569";
"20/01/2024 16:20";"0,664";"0,000";"0,442";"0,000";"0,486";"0,000";"1,592";"0,000";"0,036";"0,000";"0,000";"0,095";"1,893";"1,672";"1,715";"5,280";"3,688";"1,888";"1,800";
"20/01/2024 16:30";"0,837";"0,000";"0,283";"0,000";"0,440";"0,000";"1,561";"0,000";"0,014";"0,000";"0,000";"0,048";"1,712";"1,158";"1,315";"4,186";"2,625";"1,343";"1,282";
"20/01/2024 16:40";"0,578";"0,000";"0,360";"0,000";"0,530";"0,000";"1,468";"0,000";"0,048";"0,000";"0,000";"0,028";"1,133";"0,914";"1,085";"3,131";"1,663";"0,854";"0,809";
"20/01/2024 16:50";"0,326";"0,000";"0,328";"0,000";"0,526";"0,000";"1,181";"0,000";"0,034";"0,000";"0,000";"0,018";"0,966";"0,968";"1,166";"3,101";"1,920";"0,984";"0,936";
"20/01/2024 17:00";"0,372";"0,000";"0,328";"0,000";"0,599";"0,000";"1,299";"0,000";"0,034";"0,000";"0,000";"0,010";"0,837";"0,793";"1,064";"2,694";"1,395";"0,713";"0,682";
"20/01/2024 17:10";"0,541";"0,000";"0,346";"0,000";"0,609";"0,000";"1,496";"0,000";"0,046";"0,000";"0,000";"0,018";"0,815";"0,620";"0,883";"2,318";"0,822";"0,421";"0,401";
"20/01/2024 17:20";"0,788";"0,000";"0,339";"0,000";"0,527";"0,000";"1,654";"0,000";"0,020";"0,000";"0,000";"0,036";"1,014";"0,566";"0,753";"2,333";"0,679";"0,349";"0,330";
"20/01/2024 17:30";"0,373";"0,000";"0,345";"0,000";"0,588";"0,000";"1,305";"0,000";"0,058";"0,000";"0,000";"0,003";"0,568";"0,541";"0,783";"1,892";"0,587";"0,303";"0,284";
"20/01/2024 17:40";"0,406";"0,000";"0,353";"0,000";"0,627";"0,000";"1,386";"0,000";"0,076";"0,000";"0,000";"0,032";"0,566";"0,513";"0,787";"1,866";"0,480";"0,247";"0,233";
"20/01/2024 17:50";"0,377";"0,000";"0,350";"0,000";"0,606";"0,000";"1,334";"0,000";"0,000";"0,000";"0,000";"0,152";"0,504";"0,477";"0,733";"1,713";"0,379";"0,195";"0,184";
"20/01/2024 18:00";"0,319";"0,000";"0,312";"0,000";"0,538";"0,000";"1,169";"0,000";"0,023";"0,000";"0,000";"0,017";"0,391";"0,384";"0,610";"1,385";"0,216";"0,112";"0,104";
"20/01/2024 18:10";"0,370";"0,000";"0,346";"0,000";"0,610";"0,000";"1,326";"0,000";"0,079";"0,000";"0,000";"0,000";"0,397";"0,374";"0,637";"1,408";"0,082";"0,043";"0,039";
"20/01/2024 18:20";"0,909";"0,000";"0,717";"0,000";"0,650";"0,000";"2,276";"0,000";"0,025";"0,000";"0,000";"0,068";"0,912";"0,721";"0,654";"2,287";"0,011";"0,006";"0,005";
"20/01/2024 18:30";"0,610";"0,000";"0,319";"0,000";"0,515";"0,000";"1,444";"0,000";"0,000";"0,000";"0,000";"0,133";"0,610";"0,319";"0,515";"1,444";"0,000";"0,000";"0,000";
"20/01/2024 18:40";"0,425";"0,000";"0,401";"0,000";"0,630";"0,000";"1,456";"0,000";"0,036";"0,000";"0,000";"0,044";"0,425";"0,401";"0,630";"1,456";"0,000";"0,000";"0,000";
"20/01/2024 18:50";"0,536";"0,000";"0,522";"0,000";"0,714";"0,000";"1,771";"0,000";"0,021";"0,000";"0,000";"0,050";"0,536";"0,522";"0,714";"1,771";"0,000";"0,000";"0,000";
"20/01/2024 19:00";"0,550";"0,000";"0,588";"0,000";"0,770";"0,000";"1,908";"0,000";"0,005";"0,000";"0,000";"0,075";"0,550";"0,588";"0,770";"1,908";"0,000";"0,000";"0,000";
"20/01/2024 19:10";"0,450";"0,000";"0,441";"0,000";"0,667";"0,000";"1,558";"0,000";"0,000";"0,000";"0,000";"0,100";"0,450";"0,441";"0,667";"1,558";"0,000";"0,000";"0,000";
"20/01/2024 19:20";"0,509";"0,000";"0,523";"0,000";"0,745";"0,000";"1,777";"0,000";"0,003";"0,000";"0,000";"0,062";"0,509";"0,523";"0,745";"1,777";"0,000";"0,000";"0,000";
"20/01/2024 19:30";"0,895";"0,000";"0,614";"0,000";"0,777";"0,000";"2,287";"0,000";"0,009";"0,000";"0,000";"0,057";"0,895";"0,614";"0,777";"2,287";"0,000";"0,000";"0,000";
"20/01/2024 19:40";"0,943";"0,000";"0,546";"0,000";"0,698";"0,000";"2,187";"0,000";"0,004";"0,000";"0,000";"0,127";"0,943";"0,546";"0,698";"2,187";"0,000";"0,000";"0,000";
"20/01/2024 19:50";"0,638";"0,000";"0,567";"0,000";"0,759";"0,000";"1,964";"0,000";"0,010";"0,000";"0,000";"0,089";"0,638";"0,567";"0,759";"1,964";"0,000";"0,000";"0,000";
"20/01/2024 20:00";"0,649";"0,000";"0,543";"0,000";"0,762";"0,000";"1,954";"0,000";"0,000";"0,000";"0,000";"0,217";"0,649";"0,543";"0,762";"1,954";"0,000";"0,000";"0,000";
"20/01/2024 20:10";"0,801";"0,000";"0,404";"0,000";"0,637";"0,000";"1,843";"0,000";"0,000";"0,000";"0,000";"0,089";"0,801";"0,404";"0,637";"1,843";"0,000";"0,000";"0,000";
"20/01/2024 20:20";"0,611";"0,000";"0,556";"0,000";"0,742";"0,000";"1,910";"0,000";"0,008";"0,000";"0,000";"0,084";"0,611";"0,556";"0,742";"1,910";"0,000";"0,000";"0,000";
"20/01/2024 20:30";"0,612";"0,000";"0,586";"0,000";"0,769";"0,000";"1,967";"0,000";"0,006";"0,000";"0,000";"0,158";"0,612";"0,586";"0,769";"1,967";"0,000";"0,000";"0,000";
"20/01/2024 20:40";"0,528";"0,000";"0,485";"0,000";"0,742";"0,000";"1,754";"0,000";"0,000";"0,000";"0,000";"0,267";"0,528";"0,485";"0,742";"1,754";"0,000";"0,000";"0,000";
"20/01/2024 20:50";"0,469";"0,000";"0,501";"0,000";"0,687";"0,000";"1,657";"0,000";"0,001";"0,000";"0,000";"0,153";"0,469";"0,501";"0,687";"1,657";"0,000";"0,000";"0,000";
"20/01/2024 21:00";"0,542";"0,000";"0,570";"0,000";"0,767";"0,000";"1,880";"0,000";"0,011";"0,000";"0,000";"0,041";"0,542";"0,570";"0,767";"1,880";"0,000";"0,000";"0,000";
"20/01/2024 21:10";"0,543";"0,000";"0,545";"0,000";"0,773";"0,000";"1,861";"0,000";"0,004";"0,000";"0,000";"0,131";"0,543";"0,545";"0,773";"1,861";"0,000";"0,000";"0,000";
"20/01/2024 21:20";"0,438";"0,000";"0,471";"0,000";"0,676";"0,000";"1,585";"0,000";"0,000";"0,000";"0,000";"0,153";"0,438";"0,471";"0,676";"1,585";"0,000";"0,000";"0,000";
"20/01/2024 21:30";"0,503";"0,000";"0,521";"0,000";"0,746";"0,000";"1,771";"0,000";"0,000";"0,000";"0,000";"0,144";"0,503";"0,521";"0,746";"1,771";"0,000";"0,000";"0,000";
"20/01/2024 21:40";"0,707";"0,000";"0,540";"0,000";"0,768";"0,000";"2,015";"0,000";"0,014";"0,000";"0,000";"0,078";"0,707";"0,540";"0,768";"2,015";"0,000";"0,000";"0,000";
"20/01/2024 21:50";"0,962";"0,000";"0,671";"0,000";"0,681";"0,000";"2,314";"0,000";"0,000";"0,000";"0,000";"0,178";"0,962";"0,671";"0,681";"2,314";"0,000";"0,000";"0,000";
"20/01/2024 22:00";"0,503";"0,000";"0,499";"0,000";"0,711";"0,000";"1,714";"0,000";"0,004";"0,000";"0,000";"0,168";"0,503";"0,499";"0,711";"1,714";"0,000";"0,000";"0,000";
"20/01/2024 22:10";"0,561";"0,000";"0,560";"0,000";"0,781";"0,000";"1,901";"0,000";"0,014";"0,000";"0,000";"0,136";"0,561";"0,560";"0,781";"1,901";"0,000";"0,000";"0,000";
"20/01/2024 22:20";"0,761";"0,000";"0,479";"0,000";"0,696";"0,000";"1,936";"0,000";"0,000";"0,000";"0,000";"0,243";"0,761";"0,479";"0,696";"1,936";"0,000";"0,000";"0,000";
"20/01/2024 22:30";"0,420";"0,000";"0,436";"0,000";"0,655";"0,000";"1,511";"0,000";"0,000";"0,000";"0,000";"0,131";"0,420";"0,436";"0,655";"1,511";"0,000";"0,000";"0,000";
"20/01/2024 22:40";"0,523";"0,000";"0,576";"0,000";"0,762";"0,000";"1,861";"0,000";"0,005";"0,000";"0,000";"0,057";"0,523";"0,576";"0,762";"1,861";"0,000";"0,000";"0,000";
"20/01/2024 22:50";"0,571";"0,000";"0,606";"0,000";"0,796";"0,000";"1,973";"0,000";"0,011";"0,000";"0,000";"0,175";"0,571";"0,606";"0,796";"1,973";"0,000";"0,000";"0,000";
"20/01/2024 23:00";"0,832";"0,000";"0,535";"0,000";"0,684";"0,000";"2,052";"0,000";"0,000";"0,000";"0,000";"0,178";"0,832";"0,535";"0,684";"2,052";"0,000";"0,000";"0,000";
"20/01/2024 23:10";"0,527";"0,000";"0,534";"0,000";"0,733";"0,000";"1,795";"0,000";"0,000";"0,000";"0,000";"0,250";"0,527";"0,534";"0,733";"1,795";"0,000";"0,000";"0,000";
"20/01/2024 23:20";"0,554";"0,000";"0,550";"0,000";"0,784";"0,000";"1,888";"0,000";"0,007";"0,000";"0,000";"0,128";"0,554";"0,550";"0,784";"1,888";"0,000";"0,000";"0,000";
"20/01/2024 23:30";"0,715";"0,000";"0,487";"0,000";"0,698";"0,000";"1,899";"0,000";"0,000";"0,000";"0,000";"0,165";"0,715";"0,487";"0,698";"1,899";"0,000";"0,000";"0,000";
"20/01/2024 23:40";"0,446";"0,000";"0,502";"0,000";"0,684";"0,000";"1,632";"0,000";"0,001";"0,000";"0,000";"0,150";"0,446";"0,502";"0,684";"1,632";"0,000";"0,000";"0,000";
"20/01/2024 23:50";"0,541";"0,000";"0,511";"0,000";"0,756";"0,000";"1,808";"0,000";"0,011";"0,000";"0,000";"0,067";"0,541";"0,511";"0,756";"1,808";"0,000";"0,000";"0,000";
"21/01/2024 00:00";"0,581";"0,000";"0,588";"0,000";"0,798";"0,000";"1,967";"0,000";"0,000";"0,000";"0,000";"0,226";"0,581";"0,588";"0,798";"1,967";"0,000";"0,000";"0,000";
"21/01/2024 00:10";"0,809";"0,000";"0,544";"0,000";"0,667";"0,000";"2,020";"0,000";"0,000";"0,000";"0,000";"0,155";"0,809";"0,544";"0,667";"2,020";"0,000";"0,000";"0,000";
"21/01/2024 00:20";"0,549";"0,000";"0,539";"0,000";"0,763";"0,000";"1,851";"0,000";"0,001";"0,000";"0,000";"0,210";"0,549";"0,539";"0,763";"1,851";"0,000";"0,000";"0,000";
"21/01/2024 00:30";"0,706";"0,000";"0,510";"0,000";"0,685";"0,000";"1,901";"0,000";"0,000";"0,000";"0,000";"0,123";"0,706";"0,510";"0,685";"1,901";"0,000";"0,000";"0,000";
"21/01/2024 00:40";"0,776";"0,000";"0,512";"0,000";"0,753";"0,000";"2,041";"0,000";"0,011";"0,000";"0,000";"0,106";"0,776";"0,512";"0,753";"2,041";"0,000";"0,000";"0,000";
"21/01/2024 00:50";"0,720";"0,000";"0,472";"0,000";"0,672";"0,000";"1,864";"0,000";"0,009";"0,000";"0,000";"0,101";"0,720";"0,472";"0,672";"1,864";"0,000";"0,000";"0,000";
"21/01/2024 01:00";"0,603";"0,000";"0,572";"0,000";"0,768";"0,000";"1,943";"0,000";"0,010";"0,000";"0,000";"0,052";"0,603";"0,572";"0,768";"1,943";"0,000";"0,000";"0,000";
"21/01/2024 01:10";"0,728";"0,000";"0,563";"0,000";"0,783";"0,000";"2,074";"0,000";"0,000";"0,000";"0,000";"0,182";"0,728";"0,563";"0,783";"2,074";"0,000";"0,000";"0,000";
"21/01/2024 01:20";"0,868";"0,000";"0,480";"0,000";"0,671";"0,000";"2,019";"0,000";"0,001";"0,000";"0,000";"0,151";"0,868";"0,480";"0,671";"2,019";"0,000";"0,000";"0,000";
"21/01/2024 01:30";"0,522";"0,000";"0,541";"0,000";"0,769";"0,000";"1,831";"0,000";"0,000";"0,000";"0,000";"0,118";"0,522";"0,541";"0,769";"1,831";"0,000";"0,000";"0,000";
"21/01/2024 01:40";"0,460";"0,000";"0,480";"0,000";"0,683";"0,000";"1,623";"0,000";"0,003";"0,000";"0,000";"0,094";"0,460";"0,480";"0,683";"1,623";"0,000";"0,000";"0,000";
"21/01/2024 01:50";"0,530";"0,000";"0,552";"0,000";"0,751";"0,000";"1,833";"0,000";"0,010";"0,000";"0,000";"0,029";"0,530";"0,552";"0,751";"1,833";"0,000";"0,000";"0,000";
"21/01/2024 02:00";"0,542";"0,000";"0,533";"0,000";"0,762";"0,000";"1,837";"0,000";"0,014";"0,000";"0,000";"0,020";"0,542";"0,533";"0,762";"1,837";"0,000";"0,000";"0,000";
"21/01/2024 02:10";"0,480";"0,000";"0,478";"0,000";"0,696";"0,000";"1,655";"0,000";"0,010";"0,000";"0,000";"0,080";"0,480";"0,478";"0,696";"1,655";"0,000";"0,000";"0,000";
"21/01/2024 02:20";"0,510";"0,000";"0,535";"0,000";"0,739";"0,000";"1,783";"0,000";"0,009";"0,000";"0,000";"0,095";"0,510";"0,535";"0,739";"1,783";"0,000";"0,000";"0,000";
"21/01/2024 02:30";"0,518";"0,000";"0,549";"0,000";"0,760";"0,000";"1,828";"0,000";"0,012";"0,000";"0,000";"0,017";"0,518";"0,549";"0,760";"1,828";"0,000";"0,000";"0,000";
"21/01/2024 02:40";"0,557";"0,000";"0,536";"0,000";"0,762";"0,000";"1,856";"0,000";"0,016";"0,000";"0,000";"0,016";"0,557";"0,536";"0,762";"1,856";"0,000";"0,000";"0,000";
"21/01/2024 02:50";"0,666";"0,000";"0,539";"0,000";"0,709";"0,000";"1,914";"0,000";"0,000";"0,000";"0,000";"0,136";"0,666";"0,539";"0,709";"1,914";"0,000";"0,000";"0,000";
"21/01/2024 03:00";"0,528";"0,000";"0,514";"0,000";"0,755";"0,000";"1,797";"0,000";"0,006";"0,000";"0,000";"0,057";"0,528";"0,514";"0,755";"1,797";"0,000";"0,000";"0,000";
"21/01/2024 03:10";"0,674";"0,000";"0,536";"0,000";"0,775";"0,000";"1,984";"0,000";"0,016";"0,000";"0,000";"0,155";"0,674";"0,536";"0,775";"1,984";"0,000";"0,000";"0,000";
"21/01/2024 03:20";"0,850";"0,000";"0,579";"0,000";"0,688";"0,000";"2,117";"0,000";"0,000";"0,000";"0,000";"0,178";"0,850";"0,579";"0,688";"2,117";"0,000";"0,000";"0,000";
"21/01/2024 03:30";"0,521";"0,000";"0,564";"0,000";"0,759";"0,000";"1,844";"0,000";"0,005";"0,000";"0,000";"0,058";"0,521";"0,564";"0,759";"1,844";"0,000";"0,000";"0,000";
"21/01/2024 03:40";"0,550";"0,000";"0,528";"0,000";"0,766";"0,000";"1,844";"0,000";"0,014";"0,000";"0,000";"0,061";"0,550";"0,528";"0,766";"1,844";"0,000";"0,000";"0,000";
"21/01/2024 03:50";"0,707";"0,000";"0,534";"0,000";"0,746";"0,000";"1,988";"0,000";"0,000";"0,000";"0,000";"0,254";"0,707";"0,534";"0,746";"1,988";"0,000";"0,000";"0,000";
"21/01/2024 04:00";"0,613";"0,000";"0,530";"0,000";"0,728";"0,000";"1,871";"0,000";"0,006";"0,000";"0,000";"0,122";"0,613";"0,530";"0,728";"1,871";"0,000";"0,000";"0,000";
"21/01/2024 04:10";"0,549";"0,000";"0,541";"0,000";"0,772";"0,000";"1,862";"0,000";"0,000";"0,000";"0,000";"0,201";"0,549";"0,541";"0,772";"1,862";"0,000";"0,000";"0,000";
"21/01/2024 04:20";"0,563";"0,000";"0,596";"0,000";"0,791";"0,000";"1,949";"0,000";"0,002";"0,000";"0,000";"0,164";"0,563";"0,596";"0,791";"1,949";"0,000";"0,000";"0,000";
"21/01/2024 04:30";"0,455";"0,000";"0,465";"0,000";"0,686";"0,000";"1,607";"0,000";"0,000";"0,000";"0,000";"0,185";"0,455";"0,465";"0,686";"1,607";"0,000";"0,000";"0,000";
"21/01/2024 04:40";"0,517";"0,000";"0,511";"0,000";"0,741";"0,000";"1,769";"0,000";"0,007";"0,000";"0,000";"0,064";"0,517";"0,511";"0,741";"1,769";"0,000";"0,000";"0,000";
"21/01/2024 04:50";"0,765";"0,000";"0,560";"0,000";"0,760";"0,000";"2,085";"0,000";"0,008";"0,000";"0,000";"0,069";"0,765";"0,560";"0,760";"2,085";"0,000";"0,000";"0,000";
"21/01/2024 05:00";"0,974";"0,000";"0,677";"0,000";"0,537";"0,000";"2,188";"0,000";"0,000";"0,000";"0,000";"0,177";"0,974";"0,677";"0,537";"2,188";"0,000";"0,000";"0,000";
"21/01/2024 05:10";"0,555";"0,000";"0,569";"0,000";"0,637";"0,000";"1,761";"0,000";"0,003";"0,000";"0,000";"0,137";"0,555";"0,569";"0,637";"1,761";"0,000";"0,000";"0,000";
"21/01/2024 05:20";"0,473";"0,000";"0,492";"0,000";"0,584";"0,000";"1,549";"0,000";"0,000";"0,000";"0,000";"0,189";"0,473";"0,492";"0,584";"1,549";"0,000";"0,000";"0,000";
"21/01/2024 05:30";"0,534";"0,000";"0,552";"0,000";"0,613";"0,000";"1,698";"0,000";"0,000";"0,000";"0,000";"0,237";"0,534";"0,552";"0,613";"1,698";"0,000";"0,000";"0,000";
"21/01/2024 05:40";"0,702";"0,000";"0,479";"0,000";"0,575";"0,000";"1,755";"0,000";"0,000";"0,000";"0,000";"0,142";"0,702";"0,479";"0,575";"1,755";"0,000";"0,000";"0,000";
"21/01/2024 05:50";"0,549";"0,000";"0,563";"0,000";"0,635";"0,000";"1,747";"0,000";"0,001";"0,000";"0,000";"0,113";"0,549";"0,563";"0,635";"1,747";"0,000";"0,000";"0,000";
"21/01/2024 06:00";"0,503";"0,000";"0,529";"0,000";"0,628";"0,000";"1,660";"0,000";"0,000";"0,000";"0,000";"0,196";"0,503";"0,529";"0,628";"1,660";"0,000";"0,000";"0,000";
"21/01/2024 06:10";"0,499";"0,000";"0,480";"0,000";"0,723";"0,000";"1,702";"0,000";"0,000";"0,000";"0,000";"0,204";"0,499";"0,480";"0,723";"1,702";"0,000";"0,000";"0,000";
"21/01/2024 06:20";"0,526";"0,000";"0,567";"0,000";"0,745";"0,000";"1,839";"0,000";"0,015";"0,000";"0,000";"0,032";"0,526";"0,567";"0,745";"1,839";"0,000";"0,000";"0,000";
"21/01/2024 06:30";"0,552";"0,000";"0,569";"0,000";"0,759";"0,000";"1,881";"0,000";"0,002";"0,000";"0,000";"0,164";"0,552";"0,569";"0,759";"1,881";"0,000";"0,000";"0,000";
"21/01/2024 06:40";"0,895";"0,000";"0,598";"0,000";"0,720";"0,000";"2,212";"0,000";"0,000";"0,000";"0,000";"0,206";"0,895";"0,598";"0,720";"2,212";"0,000";"0,000";"0,000";
"21/01/2024 06:50";"0,920";"0,000";"0,438";"0,000";"0,617";"0,000";"1,975";"0,000";"0,000";"0,000";"0,000";"0,140";"0,920";"0,438";"0,617";"1,975";"0,000";"0,000";"0,000";
"21/01/2024 07:00";"0,527";"0,000";"0,520";"0,000";"0,738";"0,000";"1,784";"0,000";"0,001";"0,000";"0,000";"0,156";"0,527";"0,520";"0,738";"1,784";"0,000";"0,000";"0,000";
"21/01/2024 07:10";"0,567";"0,000";"0,573";"0,000";"0,771";"0,000";"1,911";"0,000";"0,001";"0,000";"0,000";"0,212";"0,567";"0,573";"0,771";"1,911";"0,000";"0,000";"0,000";
"21/01/2024 07:20";"0,741";"0,000";"0,464";"0,000";"0,654";"0,000";"1,860";"0,000";"0,000";"0,000";"0,000";"0,149";"0,741";"0,464";"0,654";"1,860";"0,000";"0,000";"0,000";
"21/01/2024 07:30";"0,623";"0,000";"0,572";"0,000";"0,755";"0,000";"1,950";"0,000";"0,026";"0,000";"0,000";"0,103";"0,623";"0,572";"0,755";"1,950";"0,000";"0,000";"0,000";
"21/01/2024 07:40";"0,832";"0,000";"0,527";"0,000";"0,745";"0,000";"2,103";"0,000";"0,003";"0,000";"0,000";"0,136";"0,832";"0,527";"0,745";"2,103";"0,000";"0,000";"0,000";
"21/01/2024 07:50";"0,867";"0,000";"0,427";"0,000";"0,621";"0,000";"1,915";"0,000";"0,001";"0,000";"0,000";"0,098";"0,867";"0,427";"0,621";"1,915";"0,000";"0,000";"0,000";
"21/01/2024 08:00";"0,872";"0,000";"0,515";"0,000";"0,725";"0,000";"2,113";"0,000";"0,004";"0,000";"0,000";"0,138";"0,872";"0,515";"0,725";"2,113";"0,000";"0,000";"0,000";
"21/01/2024 08:10";"0,869";"0,000";"0,544";"0,000";"0,756";"0,000";"2,168";"0,000";"0,022";"0,000";"0,000";"0,073";"0,869";"0,544";"0,756";"2,168";"0,000";"0,000";"0,000";
"21/01/2024 08:20";"0,741";"0,000";"0,561";"0,000";"0,740";"0,000";"2,042";"0,000";"0,000";"0,000";"0,000";"0,175";"0,741";"0,561";"0,740";"2,042";"0,000";"0,000";"0,000";
"21/01/2024 08:30";"0,664";"0,000";"0,498";"0,000";"0,681";"0,000";"1,843";"0,000";"0,001";"0,000";"0,000";"0,160";"0,664";"0,498";"0,681";"1,843";"0,000";"0,000";"0,000";
"21/01/2024 08:40";"0,500";"0,000";"0,458";"0,000";"0,703";"0,000";"1,661";"0,000";"0,001";"0,000";"0,000";"0,161";"0,500";"0,458";"0,703";"1,661";"0,000";"0,000";"0,000";
"21/01/2024 08:50";"0,553";"0,000";"0,443";"0,000";"0,649";"0,000";"1,644";"0,000";"0,000";"0,000";"0,000";"0,163";"0,554";"0,443";"0,649";"1,645";"0,001";"0,001";"0,000";
"21/01/2024 09:00";"0,478";"0,000";"0,275";"0,000";"0,491";"0,000";"1,245";"0,000";"0,003";"0,000";"0,000";"0,056";"0,487";"0,283";"0,500";"1,270";"0,025";"0,013";"0,012";
"21/01/2024 09:10";"0,397";"0,000";"0,374";"0,000";"0,623";"0,000";"1,394";"0,000";"0,047";"0,000";"0,000";"0,032";"0,444";"0,422";"0,671";"1,537";"0,143";"0,075";"0,068";
"21/01/2024 09:20";"0,410";"0,000";"0,419";"0,000";"0,642";"0,000";"1,471";"0,000";"0,057";"0,000";"0,000";"0,092";"0,498";"0,507";"0,731";"1,737";"0,266";"0,138";"0,128";
"21/01/2024 09:30";"0,630";"0,000";"0,323";"0,000";"0,582";"0,000";"1,535";"0,000";"0,005";"0,000";"0,000";"0,132";"0,754";"0,446";"0,706";"1,906";"0,371";"0,191";"0,180";
"21/01/2024 09:40";"0,483";"0,000";"0,334";"0,000";"0,576";"0,000";"1,393";"0,000";"0,001";"0,000";"0,000";"0,081";"0,659";"0,511";"0,752";"1,922";"0,529";"0,273";"0,256";
"21/01/2024 09:50";"0,336";"0,000";"0,305";"0,000";"0,549";"0,000";"1,190";"0,000";"0,005";"0,000";"0,000";"0,076";"0,556";"0,525";"0,769";"1,851";"0,661";"0,343";"0,318";
"21/01/2024 10:00";"0,375";"0,000";"0,377";"0,000";"0,596";"0,000";"1,349";"0,000";"0,063";"0,000";"0,000";"0,002";"0,663";"0,664";"0,884";"2,211";"0,862";"0,482";"0,380";
"21/01/2024 10:10";"0,509";"0,000";"0,314";"0,000";"0,566";"0,000";"1,389";"0,000";"0,060";"0,000";"0,000";"0,022";"0,882";"0,687";"0,939";"2,508";"1,119";"0,668";"0,451";
"21/01/2024 10:20";"0,367";"0,000";"0,335";"0,000";"0,603";"0,000";"1,304";"0,000";"0,027";"0,000";"0,000";"0,015";"0,819";"0,787";"1,055";"2,662";"1,358";"0,809";"0,549";
"21/01/2024 10:30";"0,440";"0,000";"0,432";"0,000";"0,645";"0,000";"1,516";"0,000";"0,014";"0,000";"0,000";"0,104";"0,921";"0,913";"1,126";"2,960";"1,444";"0,828";"0,616";
"21/01/2024 10:40";"0,663";"0,000";"0,318";"0,000";"0,549";"0,000";"1,530";"0,000";"0,002";"0,000";"0,000";"0,089";"1,201";"0,856";"1,087";"3,144";"1,614";"0,909";"0,705";
"21/01/2024 10:50";"0,442";"0,000";"0,321";"0,000";"0,562";"0,000";"1,325";"0,000";"0,051";"0,000";"0,000";"0,015";"1,024";"0,903";"1,145";"3,072";"1,747";"0,976";"0,771";
"21/01/2024 11:00";"0,327";"0,000";"0,316";"0,000";"0,537";"0,000";"1,180";"0,000";"0,042";"0,000";"0,000";"0,019";"0,760";"0,749";"0,970";"2,480";"1,300";"0,701";"0,599";
"21/01/2024 11:10";"0,344";"0,000";"0,368";"0,000";"0,573";"0,000";"1,285";"0,000";"0,047";"0,000";"0,000";"0,001";"1,106";"1,130";"1,335";"3,571";"2,286";"1,256";"1,030";
"21/01/2024 11:20";"0,368";"0,000";"0,300";"0,000";"0,591";"0,000";"1,259";"0,000";"0,017";"0,000";"0,000";"0,031";"1,612";"1,543";"1,834";"4,989";"3,730";"2,040";"1,690";
"21/01/2024 11:30";"0,819";"0,000";"0,375";"0,000";"0,555";"0,000";"1,750";"0,000";"0,038";"0,000";"0,000";"0,014";"2,006";"1,562";"1,742";"5,311";"3,561";"1,870";"1,691";
"21/01/2024 11:40";"0,430";"0,000";"0,348";"0,000";"0,554";"0,000";"1,333";"0,000";"0,034";"0,000";"0,000";"0,013";"1,916";"1,834";"2,040";"5,791";"4,458";"2,269";"2,189";
"21/01/2024 11:50";"0,374";"0,000";"0,330";"0,000";"0,591";"0,000";"1,294";"0,000";"0,059";"0,000";"0,000";"0,000";"1,920";"1,876";"2,137";"5,933";"4,639";"2,341";"2,298";
"21/01/2024 12:00";"0,533";"0,000";"0,368";"0,000";"0,499";"0,000";"1,399";"0,000";"0,044";"0,000";"0,000";"0,031";"2,167";"2,002";"2,133";"6,302";"4,903";"2,473";"2,430";
"21/01/2024 12:10";"0,602";"0,000";"0,359";"0,000";"0,380";"0,000";"1,341";"0,000";"0,008";"0,000";"0,000";"0,052";"2,482";"2,239";"2,260";"6,982";"5,641";"2,842";"2,799";
"21/01/2024 12:20";"0,363";"0,000";"0,350";"0,000";"0,486";"0,000";"1,199";"0,000";"0,056";"0,000";"0,000";"0,014";"1,751";"1,738";"1,874";"5,364";"4,165";"2,102";"2,063";
"21/01/2024 12:30";"0,394";"0,000";"0,355";"0,000";"0,505";"0,000";"1,255";"0,000";"0,045";"0,000";"0,000";"0,029";"1,167";"1,128";"1,278";"3,573";"2,318";"1,181";"1,137";
"21/01/2024 12:40";"0,699";"0,000";"0,403";"0,000";"0,435";"0,000";"1,538";"0,000";"0,022";"0,000";"0,000";"0,038";"1,403";"1,107";"1,139";"3,648";"2,110";"1,075";"1,035";
"21/01/2024 12:50";"0,350";"0,000";"0,303";"0,000";"0,475";"0,000";"1,128";"0,000";"0,030";"0,000";"0,000";"0,019";"1,115";"1,067";"1,239";"3,421";"2,293";"1,165";"1,128";
"21/01/2024 13:00";"0,357";"0,000";"0,344";"0,000";"0,569";"0,000";"1,271";"0,000";"0,032";"0,000";"0,000";"0,013";"1,209";"1,196";"1,421";"3,826";"2,555";"1,297";"1,258";
"21/01/2024 13:10";"0,525";"0,000";"0,390";"0,000";"0,623";"0,000";"1,539";"0,000";"0,056";"0,000";"0,000";"0,057";"1,315";"1,180";"1,413";"3,908";"2,369";"1,205";"1,164";
"21/01/2024 13:20";"0,584";"0,000";"0,311";"0,000";"0,530";"0,000";"1,425";"0,000";"0,027";"0,000";"0,000";"0,039";"1,229";"0,955";"1,174";"3,359";"1,934";"0,984";"0,950";
"21/01/2024 13:30";"0,389";"0,000";"0,377";"0,000";"0,613";"0,000";"1,379";"0,000";"0,058";"0,000";"0,000";"0,029";"1,280";"1,269";"1,504";"4,053";"2,674";"1,363";"1,311";
"21/01/2024 13:40";"0,366";"0,000";"0,314";"0,000";"0,574";"0,000";"1,254";"0,000";"0,019";"0,000";"0,000";"0,068";"1,379";"1,326";"1,586";"4,292";"3,038";"1,543";"1,495";
"21/01/2024 13:50";"0,378";"0,000";"0,345";"0,000";"0,602";"0,000";"1,325";"0,000";"0,060";"0,000";"0,000";"0,000";"1,378";"1,345";"1,602";"4,325";"3,000";"1,528";"1,472";
"21/01/2024 14:00";"0,430";"0,000";"0,418";"0,000";"0,650";"0,000";"1,498";"0,000";"0,036";"0,000";"0,000";"0,065";"1,504";"1,491";"1,724";"4,719";"3,221";"1,647";"1,574";
"21/01/2024 14:10";"0,598";"0,000";"0,428";"0,000";"0,500";"0,000";"1,526";"0,000";"0,020";"0,000";"0,000";"0,063";"1,861";"1,692";"1,764";"5,317";"3,791";"1,942";"1,849";
"21/01/2024 14:20";"0,546";"0,000";"0,331";"0,000";"0,442";"0,000";"1,319";"0,000";"0,060";"0,000";"0,000";"0,006";"2,225";"2,010";"2,121";"6,355";"5,036";"2,570";"2,466";
"21/01/2024 14:30";"0,850";"0,000";"0,291";"0,000";"0,392";"0,000";"1,533";"0,000";"0,004";"0,000";"0,000";"0,059";"2,086";"1,527";"1,628";"5,240";"3,707";"1,885";"1,822";
"21/01/2024 14:40";"0,621";"0,000";"0,358";"0,000";"0,457";"0,000";"1,436";"0,000";"0,057";"0,000";"0,000";"0,000";"1,785";"1,522";"1,622";"4,929";"3,493";"1,773";"1,720";
"21/01/2024 14:50";"0,474";"0,000";"0,351";"0,000";"0,476";"0,000";"1,302";"0,000";"0,033";"0,000";"0,000";"0,035";"1,584";"1,461";"1,586";"4,630";"3,328";"1,692";"1,636";
"21/01/2024 15:00";"0,600";"0,000";"0,287";"0,000";"0,394";"0,000";"1,280";"0,000";"0,018";"0,000";"0,000";"0,064";"1,993";"1,679";"1,786";"5,458";"4,178";"2,128";"2,050";
"21/01/2024 15:10";"0,401";"0,000";"0,364";"0,000";"0,479";"0,000";"1,244";"0,000";"0,064";"0,000";"0,000";"0,005";"1,247";"1,210";"1,325";"3,782";"2,538";"1,292";"1,246";
"21/01/2024 15:20";"0,333";"0,000";"0,304";"0,000";"0,416";"0,000";"1,053";"0,000";"0,050";"0,000";"0,000";"0,013";"1,195";"1,166";"1,278";"3,638";"2,585";"1,328";"1,257";
"21/01/2024 15:30";"0,357";"0,000";"0,375";"0,000";"0,438";"0,000";"1,171";"0,000";"0,044";"0,000";"0,000";"0,005";"1,107";"1,126";"1,189";"3,422";"2,251";"1,152";"1,099";
"21/01/2024 15:40";"0,382";"0,000";"0,357";"0,000";"0,492";"0,000";"1,230";"0,000";"0,049";"0,000";"0,000";"0,065";"0,988";"0,964";"1,098";"3,049";"1,819";"0,927";"0,892";
"21/01/2024 15:50";"0,664";"0,000";"0,302";"0,000";"0,500";"0,000";"1,466";"0,000";"0,007";"0,000";"0,000";"0,055";"1,255";"0,894";"1,091";"3,240";"1,774";"0,905";"0,869";
"21/01/2024 16:00";"0,394";"0,000";"0,348";"0,000";"0,642";"0,000";"1,384";"0,000";"0,042";"0,000";"0,000";"0,026";"0,884";"0,837";"1,131";"2,852";"1,468";"0,751";"0,717";
"21/01/2024 16:10";"0,404";"0,000";"0,367";"0,000";"0,642";"0,000";"1,413";"0,000";"0,037";"0,000";"0,000";"0,066";"0,985";"0,948";"1,223";"3,156";"1,743";"0,894";"0,849";
"21/01/2024 16:20";"0,640";"0,000";"0,339";"0,000";"0,570";"0,000";"1,548";"0,000";"0,002";"0,000";"0,000";"0,084";"1,016";"0,715";"0,946";"2,678";"1,130";"0,578";"0,552";
"21/01/2024 16:30";"0,330";"0,000";"0,233";"0,000";"0,508";"0,000";"1,071";"0,000";"0,008";"0,000";"0,000";"0,031";"0,655";"0,558";"0,833";"2,047";"0,976";"0,498";"0,478";
"21/01/2024 16:40";"0,350";"0,000";"0,324";"0,000";"0,579";"0,000";"1,252";"0,000";"0,012";"0,000";"0,000";"0,029";"0,548";"0,522";"0,777";"1,847";"0,595";"0,305";"0,290";
"21/01/2024 16:50";"0,389";"0,000";"0,371";"0,000";"0,547";"0,000";"1,307";"0,000";"0,055";"0,000";"0,000";"0,036";"0,504";"0,486";"0,662";"1,653";"0,346";"0,178";"0,168";
"21/01/2024 17:00";"0,499";"0,000";"0,301";"0,000";"0,539";"0,000";"1,339";"0,000";"0,059";"0,000";"0,000";"0,020";"0,601";"0,403";"0,641";"1,645";"0,306";"0,158";"0,148";
"21/01/2024 17:10";"0,357";"0,000";"0,389";"0,000";"0,504";"0,000";"1,250";"0,000";"0,068";"0,000";"0,000";"0,000";"0,512";"0,544";"0,659";"1,715";"0,465";"0,238";"0,227";
"21/01/2024 17:20";"0,428";"0,000";"0,387";"0,000";"0,493";"0,000";"1,309";"0,000";"0,036";"0,000";"0,000";"0,106";"0,588";"0,547";"0,653";"1,788";"0,479";"0,245";"0,234";
"21/01/2024 17:30";"0,736";"0,000";"0,249";"0,000";"0,389";"0,000";"1,374";"0,000";"0,005";"0,000";"0,000";"0,085";"0,814";"0,327";"0,467";"1,609";"0,235";"0,121";"0,114";
"21/01/2024 17:40";"0,267";"0,000";"0,282";"0,000";"0,363";"0,000";"0,912";"0,000";"0,012";"0,000";"0,000";"0,028";"0,308";"0,323";"0,404";"1,035";"0,123";"0,064";"0,059";
"21/01/2024 17:50";"0,345";"0,000";"0,299";"0,000";"0,422";"0,000";"1,065";"0,000";"0,038";"0,000";"0,000";"0,011";"0,391";"0,345";"0,469";"1,204";"0,139";"0,072";"0,067";
"21/01/2024 18:00";"0,374";"0,000";"0,390";"0,000";"0,476";"0,000";"1,240";"0,000";"0,070";"0,000";"0,000";"0,028";"0,424";"0,441";"0,527";"1,392";"0,152";"0,079";"0,073";
"21/01/2024 18:10";"0,303";"0,000";"0,276";"0,000";"0,396";"0,000";"0,975";"0,000";"0,022";"0,000";"0,000";"0,053";"0,324";"0,297";"0,417";"1,038";"0,063";"0,033";"0,030";
"21/01/2024 18:20";"0,399";"0,000";"0,372";"0,000";"0,478";"0,000";"1,248";"0,000";"0,050";"0,000";"0,000";"0,000";"0,401";"0,374";"0,479";"1,253";"0,005";"0,003";"0,002";
"21/01/2024 18:30";"0,427";"0,000";"0,433";"0,000";"0,547";"0,000";"1,406";"0,000";"0,058";"0,000";"0,000";"0,010";"0,427";"0,433";"0,547";"1,406";"0,000";"0,000";"0,000";
"21/01/2024 18:40";"0,870";"0,000";"0,456";"0,000";"0,619";"0,000";"1,945";"0,000";"0,021";"0,000";"0,000";"0,109";"0,870";"0,456";"0,619";"1,945";"0,000";"0,000";"0,000";
"21/01/2024 18:50";"0,997";"0,000";"0,893";"0,000";"0,739";"0,000";"2,629";"0,000";"0,001";"0,000";"0,000";"0,128";"0,997";"0,893";"0,739";"2,629";"0,000";"0,000";"0,000";
"21/01/2024 19:00";"0,576";"0,000";"0,530";"0,000";"0,737";"0,000";"1,843";"0,000";"0,003";"0,000";"0,000";"0,064";"0,576";"0,530";"0,737";"1,843";"0,000";"0,000";"0,000";
"21/01/2024 19:10";"0,539";"0,000";"0,540";"0,000";"0,792";"0,000";"1,871";"0,000";"0,014";"0,000";"0,000";"0,069";"0,539";"0,540";"0,792";"1,871";"0,000";"0,000";"0,000";
"21/01/2024 19:20";"0,618";"0,000";"0,508";"0,000";"0,737";"0,000";"1,863";"0,000";"0,005";"0,000";"0,000";"0,058";"0,618";"0,508";"0,737";"1,863";"0,000";"0,000";"0,000";
"21/01/2024 19:30";"0,491";"0,000";"0,508";"0,000";"0,732";"0,000";"1,732";"0,000";"0,004";"0,000";"0,000";"0,081";"0,491";"0,508";"0,732";"1,732";"0,000";"0,000";"0,000";
"21/01/2024 19:40";"0,474";"0,000";"0,460";"0,000";"0,548";"0,000";"1,481";"0,000";"0,005";"0,000";"0,000";"0,094";"0,474";"0,460";"0,548";"1,481";"0,000";"0,000";"0,000";
"21/01/2024 19:50";"0,487";"0,000";"0,523";"0,000";"0,593";"0,000";"1,603";"0,000";"0,008";"0,000";"0,000";"0,053";"0,487";"0,523";"0,593";"1,603";"0,000";"0,000";"0,000";
"21/01/2024 20:00";"0,566";"0,000";"0,509";"0,000";"0,600";"0,000";"1,676";"0,000";"0,017";"0,000";"0,000";"0,019";"0,566";"0,509";"0,600";"1,676";"0,000";"0,000";"0,000";
"21/01/2024 20:10";"0,624";"0,000";"0,515";"0,000";"0,636";"0,000";"1,775";"0,000";"0,021";"0,000";"0,000";"0,037";"0,624";"0,515";"0,636";"1,775";"0,000";"0,000";"0,000";
"21/01/2024 20:20";"0,859";"0,000";"0,515";"0,000";"0,619";"0,000";"1,992";"0,000";"0,000";"0,000";"0,000";"0,197";"0,859";"0,515";"0,619";"1,992";"0,000";"0,000";"0,000";
"21/01/2024 20:30";"1,099";"0,000";"0,673";"0,000";"0,587";"0,000";"2,359";"0,000";"0,010";"0,000";"0,000";"0,037";"1,099";"0,673";"0,587";"2,359";"0,000";"0,000";"0,000";
"21/01/2024 20:40";"0,905";"0,000";"0,473";"0,000";"0,544";"0,000";"1,922";"0,000";"0,007";"0,000";"0,000";"0,071";"0,905";"0,473";"0,544";"1,922";"0,000";"0,000";"0,000";
"21/01/2024 20:50";"0,514";"0,000";"0,531";"0,000";"0,618";"0,000";"1,662";"0,000";"0,003";"0,000";"0,000";"0,041";"0,514";"0,531";"0,618";"1,662";"0,000";"0,000";"0,000";
"21/01/2024 21:00";"0,559";"0,000";"0,530";"0,000";"0,695";"0,000";"1,785";"0,000";"0,010";"0,000";"0,000";"0,078";"0,559";"0,530";"0,695";"1,785";"0,000";"0,000";"0,000";
"21/01/2024 21:10";"0,751";"0,000";"0,487";"0,000";"0,707";"0,000";"1,945";"0,000";"0,001";"0,000";"0,000";"0,124";"0,751";"0,487";"0,707";"1,945";"0,000";"0,000";"0,000";
"21/01/2024 21:20";"0,717";"0,000";"0,502";"0,000";"0,703";"0,000";"1,922";"0,000";"0,004";"0,000";"0,000";"0,083";"0,717";"0,502";"0,703";"1,922";"0,000";"0,000";"0,000";
"21/01/2024 21:30";"0,718";"0,000";"0,543";"0,000";"0,748";"0,000";"2,009";"0,000";"0,005";"0,000";"0,000";"0,041";"0,718";"0,543";"0,748";"2,009";"0,000";"0,000";"0,000";
"21/01/2024 21:40";"0,467";"0,000";"0,452";"0,000";"0,681";"0,000";"1,600";"0,000";"0,008";"0,000";"0,000";"0,078";"0,467";"0,452";"0,681";"1,600";"0,000";"0,000";"0,000";
"21/01/2024 21:50";"0,524";"0,000";"0,539";"0,000";"0,743";"0,000";"1,806";"0,000";"0,001";"0,000";"0,000";"0,076";"0,524";"0,539";"0,743";"1,806";"0,000";"0,000";"0,000";
"21/01/2024 22:00";"0,663";"0,000";"0,549";"0,000";"0,774";"0,000";"1,987";"0,000";"0,002";"0,000";"0,000";"0,157";"0,663";"0,549";"0,774";"1,987";"0,000";"0,000";"0,000";
"21/01/2024 22:10";"0,748";"0,000";"0,571";"0,000";"0,693";"0,000";"2,012";"0,000";"0,005";"0,000";"0,000";"0,107";"0,748";"0,571";"0,693";"2,012";"0,000";"0,000";"0,000";
"21/01/2024 22:20";"0,498";"0,000";"0,523";"0,000";"0,656";"0,000";"1,676";"0,000";"0,006";"0,000";"0,000";"0,066";"0,498";"0,523";"0,656";"1,676";"0,000";"0,000";"0,000";
"21/01/2024 22:30";"0,473";"0,000";"0,475";"0,000";"0,528";"0,000";"1,475";"0,000";"0,005";"0,000";"0,000";"0,089";"0,473";"0,475";"0,528";"1,475";"0,000";"0,000";"0,000";
"21/01/2024 22:40";"0,512";"0,000";"0,504";"0,000";"0,612";"0,000";"1,628";"0,000";"0,009";"0,000";"0,000";"0,036";"0,512";"0,504";"0,612";"1,628";"0,000";"0,000";"0,000";
"21/01/2024 22:50";"0,752";"0,000";"0,563";"0,000";"0,657";"0,000";"1,972";"0,000";"0,007";"0,000";"0,000";"0,211";"0,752";"0,563";"0,657";"1,972";"0,000";"0,000";"0,000";
"21/01/2024 23:00";"0,756";"0,000";"0,580";"0,000";"0,560";"0,000";"1,896";"0,000";"0,000";"0,000";"0,000";"0,103";"0,756";"0,580";"0,560";"1,896";"0,000";"0,000";"0,000";
"21/01/2024 23:10";"0,529";"0,000";"0,526";"0,000";"0,633";"0,000";"1,689";"0,000";"0,012";"0,000";"0,000";"0,093";"0,529";"0,526";"0,633";"1,689";"0,000";"0,000";"0,000";
"21/01/2024 23:20";"0,651";"0,000";"0,488";"0,000";"0,590";"0,000";"1,729";"0,000";"0,009";"0,000";"0,000";"0,084";"0,651";"0,488";"0,590";"1,729";"0,000";"0,000";"0,000";
"21/01/2024 23:30";"0,487";"0,000";"0,526";"0,000";"0,607";"0,000";"1,619";"0,000";"0,009";"0,000";"0,000";"0,055";"0,487";"0,526";"0,607";"1,619";"0,000";"0,000";"0,000";
"21/01/2024 23:40";"0,466";"0,000";"0,477";"0,000";"0,561";"0,000";"1,504";"0,000";"0,000";"0,000";"0,000";"0,081";"0,466";"0,477";"0,561";"1,504";"0,000";"0,000";"0,000";
"21/01/2024 23:50";"0,520";"0,000";"0,490";"0,000";"0,616";"0,000";"1,626";"0,000";"0,009";"0,000";"0,000";"0,075";"0,520";"0,490";"0,616";"1,626";"0,000";"0,000";"0,000";
"22/01/2024 00:00";"0,704";"0,000";"0,578";"0,000";"0,660";"0,000";"1,942";"0,000";"0,000";"0,000";"0,000";"0,172";"0,704";"0,578";"0,660";"1,942";"0,000";"0,000";"0,000";
"22/01/2024 00:10";"0,796";"0,000";"0,527";"0,000";"0,536";"0,000";"1,859";"0,000";"0,000";"0,000";"0,000";"0,148";"0,796";"0,527";"0,536";"1,859";"0,000";"0,000";"0,000";
"22/01/2024 00:20";"0,506";"0,000";"0,530";"0,000";"0,725";"0,000";"1,761";"0,000";"0,016";"0,000";"0,000";"0,027";"0,506";"0,530";"0,725";"1,761";"0,000";"0,000";"0,000";
"22/01/2024 00:30";"0,549";"0,000";"0,555";"0,000";"0,755";"0,000";"1,859";"0,000";"0,004";"0,000";"0,000";"0,143";"0,549";"0,555";"0,755";"1,859";"0,000";"0,000";"0,000";
"22/01/2024 00:40";"0,686";"0,000";"0,522";"0,000";"0,735";"0,000";"1,942";"0,000";"0,000";"0,000";"0,000";"0,210";"0,686";"0,522";"0,735";"1,942";"0,000";"0,000";"0,000";
"22/01/2024 00:50";"0,513";"0,000";"0,517";"0,000";"0,720";"0,000";"1,750";"0,000";"0,006";"0,000";"0,000";"0,043";"0,513";"0,517";"0,720";"1,750";"0,000";"0,000";"0,000";
"22/01/2024 01:00";"0,412";"0,000";"0,422";"0,000";"0,639";"0,000";"1,473";"0,000";"0,000";"0,000";"0,000";"0,115";"0,412";"0,422";"0,639";"1,473";"0,000";"0,000";"0,000";
"22/01/2024 01:10";"0,504";"0,000";"0,552";"0,000";"0,692";"0,000";"1,748";"0,000";"0,005";"0,000";"0,000";"0,107";"0,504";"0,552";"0,692";"1,748";"0,000";"0,000";"0,000";
"22/01/2024 01:20";"0,524";"0,000";"0,533";"0,000";"0,672";"0,000";"1,730";"0,000";"0,010";"0,000";"0,000";"0,081";"0,524";"0,533";"0,672";"1,730";"0,000";"0,000";"0,000";
"22/01/2024 01:30";"0,459";"0,000";"0,429";"0,000";"0,524";"0,000";"1,413";"0,000";"0,006";"0,000";"0,000";"0,115";"0,459";"0,429";"0,524";"1,413";"0,000";"0,000";"0,000";
"22/01/2024 01:40";"0,533";"0,000";"0,541";"0,000";"0,612";"0,000";"1,687";"0,000";"0,006";"0,000";"0,000";"0,049";"0,533";"0,541";"0,612";"1,687";"0,000";"0,000";"0,000";
"22/01/2024 01:50";"0,500";"0,000";"0,549";"0,000";"0,617";"0,000";"1,666";"0,000";"0,008";"0,000";"0,000";"0,036";"0,500";"0,549";"0,617";"1,666";"0,000";"0,000";"0,000";
"22/01/2024 02:00";"0,713";"0,000";"0,430";"0,000";"0,538";"0,000";"1,681";"0,000";"0,009";"0,000";"0,000";"0,098";"0,713";"0,430";"0,538";"1,681";"0,000";"0,000";"0,000";
"22/01/2024 02:10";"0,469";"0,000";"0,477";"0,000";"0,563";"0,000";"1,509";"0,000";"0,010";"0,000";"0,000";"0,101";"0,469";"0,477";"0,563";"1,509";"0,000";"0,000";"0,000";
"22/01/2024 02:20";"0,545";"0,000";"0,553";"0,000";"0,634";"0,000";"1,732";"0,000";"0,003";"0,000";"0,000";"0,137";"0,545";"0,553";"0,634";"1,732";"0,000";"0,000";"0,000";
"22/01/2024 02:30";"0,675";"0,000";"0,543";"0,000";"0,630";"0,000";"1,848";"0,000";"0,000";"0,000";"0,000";"0,192";"0,675";"0,543";"0,630";"1,848";"0,000";"0,000";"0,000";
"22/01/2024 02:40";"0,755";"0,000";"0,398";"0,000";"0,513";"0,000";"1,666";"0,000";"0,000";"0,000";"0,000";"0,125";"0,755";"0,398";"0,513";"1,666";"0,000";"0,000";"0,000";
"22/01/2024 02:50";"0,404";"0,000";"0,442";"0,000";"0,606";"0,000";"1,452";"0,000";"0,000";"0,000";"0,000";"0,117";"0,404";"0,442";"0,606";"1,452";"0,000";"0,000";"0,000";
"22/01/2024 03:00";"0,534";"0,000";"0,554";"0,000";"0,716";"0,000";"1,803";"0,000";"0,008";"0,000";"0,000";"0,096";"0,534";"0,554";"0,716";"1,803";"0,000";"0,000";"0,000";
"22/01/2024 03:10";"0,488";"0,000";"0,490";"0,000";"0,675";"0,000";"1,652";"0,000";"0,000";"0,000";"0,000";"0,171";"0,488";"0,490";"0,675";"1,652";"0,000";"0,000";"0,000";
"22/01/2024 03:20";"0,483";"0,000";"0,476";"0,000";"0,667";"0,000";"1,626";"0,000";"0,009";"0,000";"0,000";"0,073";"0,483";"0,476";"0,667";"1,626";"0,000";"0,000";"0,000";
"22/01/2024 03:30";"0,516";"0,000";"0,535";"0,000";"0,703";"0,000";"1,755";"0,000";"0,010";"0,000";"0,000";"0,066";"0,516";"0,535";"0,703";"1,755";"0,000";"0,000";"0,000";
"22/01/2024 03:40";"0,838";"0,000";"0,652";"0,000";"0,710";"0,000";"2,200";"0,000";"0,001";"0,000";"0,000";"0,184";"0,838";"0,652";"0,710";"2,200";"0,000";"0,000";"0,000";
"22/01/2024 03:50";"0,945";"0,000";"0,429";"0,000";"0,630";"0,000";"2,004";"0,000";"0,000";"0,000";"0,000";"0,116";"0,945";"0,429";"0,630";"2,004";"0,000";"0,000";"0,000";
"22/01/2024 04:00";"0,742";"0,000";"0,497";"0,000";"0,683";"0,000";"1,922";"0,000";"0,000";"0,000";"0,000";"0,093";"0,742";"0,497";"0,683";"1,922";"0,000";"0,000";"0,000";
"22/01/2024 04:10";"0,644";"0,000";"0,499";"0,000";"0,659";"0,000";"1,802";"0,000";"0,003";"0,000";"0,000";"0,082";"0,644";"0,499";"0,659";"1,802";"0,000";"0,000";"0,000";
"22/01/2024 04:20";"0,476";"0,000";"0,480";"0,000";"0,671";"0,000";"1,627";"0,000";"0,006";"0,000";"0,000";"0,073";"0,476";"0,480";"0,671";"1,627";"0,000";"0,000";"0,000";
"22/01/2024 04:30";"0,492";"0,000";"0,512";"0,000";"0,699";"0,000";"1,704";"0,000";"0,005";"0,000";"0,000";"0,038";"0,492";"0,512";"0,699";"1,704";"0,000";"0,000";"0,000";
"22/01/2024 04:40";"0,460";"0,000";"0,458";"0,000";"0,642";"0,000";"1,560";"0,000";"0,001";"0,000";"0,000";"0,120";"0,460";"0,458";"0,642";"1,560";"0,000";"0,000";"0,000";
"22/01/2024 04:50";"0,456";"0,000";"0,472";"0,000";"0,582";"0,000";"1,510";"0,000";"0,001";"0,000";"0,000";"0,090";"0,456";"0,472";"0,582";"1,510";"0,000";"0,000";"0,000";
"22/01/2024 05:00";"0,449";"0,000";"0,471";"0,000";"0,574";"0,000";"1,494";"0,000";"0,000";"0,000";"0,000";"0,087";"0,449";"0,471";"0,574";"1,494";"0,000";"0,000";"0,000";
"22/01/2024 05:10";"0,448";"0,000";"0,434";"0,000";"0,576";"0,000";"1,458";"0,000";"0,000";"0,000";"0,000";"0,123";"0,448";"0,434";"0,576";"1,458";"0,000";"0,000";"0,000";
"22/01/2024 05:20";"0,691";"0,000";"0,700";"0,000";"0,572";"0,000";"1,963";"0,000";"0,044";"0,000";"0,000";"0,057";"0,691";"0,700";"0,572";"1,963";"0,000";"0,000";"0,000";
"22/01/2024 05:30";"2,339";"0,000";"1,949";"0,000";"1,599";"0,000";"5,888";"0,000";"0,526";"0,000";"0,000";"0,091";"2,339";"1,949";"1,599";"5,888";"0,000";"0,000";"0,000";
"22/01/2024 05:40";"2,725";"0,000";"1,785";"0,000";"1,679";"0,000";"6,189";"0,000";"0,104";"0,000";"0,000";"0,183";"2,725";"1,785";"1,679";"6,189";"0,000";"0,000";"0,000";
"22/01/2024 05:50";"2,030";"0,000";"1,509";"0,000";"1,636";"0,000";"5,175";"0,000";"0,001";"0,000";"0,000";"0,116";"2,030";"1,509";"1,636";"5,175";"0,000";"0,000";"0,000";
"22/01/2024 06:00";"2,193";"0,000";"1,905";"0,000";"2,075";"0,000";"6,173";"0,000";"0,635";"0,000";"0,000";"0,091";"2,193";"1,905";"2,075";"6,173";"0,000";"0,000";"0,000";
"22/01/2024 06:10";"2,725";"0,000";"2,329";"0,000";"2,647";"0,000";"7,700";"0,000";"0,820";"0,000";"0,000";"0,078";"2,725";"2,329";"2,647";"7,700";"0,000";"0,000";"0,000";
"22/01/2024 06:20";"3,129";"0,000";"2,381";"0,000";"2,755";"0,000";"8,265";"0,000";"0,795";"0,000";"0,000";"0,246";"3,129";"2,381";"2,755";"8,265";"0,000";"0,000";"0,000";
"22/01/2024 06:30";"2,715";"0,000";"2,291";"0,000";"2,466";"0,000";"7,472";"0,000";"0,838";"0,000";"0,000";"0,091";"2,715";"2,291";"2,466";"7,472";"0,000";"0,000";"0,000";
"22/01/2024 06:40";"2,802";"0,000";"2,259";"0,000";"2,693";"0,000";"7,754";"0,000";"1,062";"0,000";"0,000";"0,455";"2,802";"2,259";"2,693";"7,754";"0,000";"0,000";"0,000";
"22/01/2024 06:50";"2,506";"0,000";"2,069";"0,000";"2,407";"0,000";"6,982";"0,000";"0,956";"0,000";"0,000";"0,256";"2,506";"2,069";"2,407";"6,982";"0,000";"0,000";"0,000";
"22/01/2024 07:00";"2,658";"0,000";"2,103";"0,000";"2,479";"0,000";"7,240";"0,000";"1,047";"0,000";"0,000";"0,415";"2,658";"2,103";"2,479";"7,240";"0,000";"0,000";"0,000";
"22/01/2024 07:10";"2,949";"0,000";"2,353";"0,000";"2,583";"0,000";"7,885";"0,000";"1,712";"0,000";"0,000";"0,404";"2,949";"2,353";"2,583";"7,885";"0,000";"0,000";"0,000";
"22/01/2024 07:20";"3,507";"0,000";"2,729";"0,000";"2,787";"0,000";"9,022";"0,000";"1,755";"0,000";"0,000";"0,581";"3,507";"2,729";"2,787";"9,022";"0,000";"0,000";"0,000";
"22/01/2024 07:30";"3,168";"0,000";"2,426";"0,000";"2,670";"0,000";"8,265";"0,000";"1,186";"0,000";"0,000";"0,559";"3,168";"2,426";"2,670";"8,265";"0,000";"0,000";"0,000";
"22/01/2024 07:40";"2,569";"0,000";"2,368";"0,000";"2,676";"0,000";"7,612";"0,000";"1,444";"0,000";"0,000";"0,294";"2,569";"2,368";"2,676";"7,612";"0,000";"0,000";"0,000";
"22/01/2024 07:50";"2,283";"0,000";"2,163";"0,000";"2,353";"0,000";"6,799";"0,000";"0,752";"0,000";"0,000";"0,093";"2,283";"2,163";"2,353";"6,799";"0,000";"0,000";"0,000";
"22/01/2024 08:00";"2,988";"0,000";"2,237";"0,000";"2,517";"0,000";"7,742";"0,000";"1,461";"0,000";"0,000";"0,450";"2,988";"2,237";"2,517";"7,742";"0,000";"0,000";"0,000";
"22/01/2024 08:10";"2,987";"0,000";"2,350";"0,000";"2,850";"0,000";"8,188";"0,000";"1,288";"0,000";"0,000";"0,371";"2,987";"2,350";"2,850";"8,188";"0,000";"0,000";"0,000";
"22/01/2024 08:20";"2,811";"0,000";"2,254";"0,000";"2,996";"0,000";"8,061";"0,000";"1,746";"0,000";"0,000";"0,603";"2,811";"2,254";"2,996";"8,061";"0,000";"0,000";"0,000";
"22/01/2024 08:30";"3,303";"0,000";"2,710";"0,000";"3,637";"0,000";"9,650";"0,000";"1,789";"0,000";"0,000";"0,571";"3,303";"2,710";"3,637";"9,650";"0,000";"0,000";"0,000";
"22/01/2024 08:40";"2,946";"0,000";"2,235";"0,000";"3,048";"0,000";"8,230";"0,000";"1,285";"0,000";"0,000";"0,664";"2,946";"2,235";"3,048";"8,230";"0,000";"0,000";"0,000";
"22/01/2024 08:50";"4,395";"0,000";"4,009";"0,000";"4,834";"0,000";"13,238";"0,000";"1,061";"0,000";"0,000";"0,271";"4,395";"4,009";"4,834";"13,238";"0,000";"0,000";"0,000";
"22/01/2024 09:00";"7,421";"0,000";"6,909";"0,000";"7,603";"0,000";"21,933";"0,000";"3,148";"0,000";"0,000";"0,099";"7,421";"6,909";"7,603";"21,933";"0,000";"0,000";"0,000";
"22/01/2024 09:10";"7,208";"0,000";"6,522";"0,000";"7,334";"0,000";"21,064";"0,000";"2,052";"0,000";"0,000";"0,118";"7,208";"6,522";"7,334";"21,064";"0,000";"0,000";"0,000";
"22/01/2024 09:20";"7,481";"0,000";"6,851";"0,000";"7,708";"0,000";"22,040";"0,000";"2,585";"0,000";"0,000";"0,128";"7,481";"6,851";"7,708";"22,040";"0,000";"0,000";"0,000";
"22/01/2024 09:30";"7,163";"0,000";"6,173";"0,000";"7,114";"0,000";"20,450";"0,000";"1,125";"0,000";"0,000";"0,396";"7,163";"6,174";"7,115";"20,452";"0,002";"0,001";"0,001";
"22/01/2024 09:40";"7,080";"0,000";"6,420";"0,000";"7,299";"0,000";"20,798";"0,000";"2,834";"0,000";"0,000";"0,095";"7,089";"6,429";"7,308";"20,827";"0,029";"0,015";"0,014";
"22/01/2024 09:50";"6,430";"0,000";"5,852";"0,000";"6,648";"0,000";"18,929";"0,000";"0,654";"0,000";"0,000";"0,387";"6,447";"5,869";"6,665";"18,982";"0,053";"0,028";"0,025";
"22/01/2024 10:00";"5,021";"0,000";"4,389";"0,000";"5,008";"0,000";"14,418";"0,000";"1,316";"0,000";"0,000";"0,177";"5,043";"4,411";"5,031";"14,485";"0,067";"0,035";"0,032";
"22/01/2024 10:10";"5,096";"0,000";"4,113";"0,000";"4,897";"0,000";"14,106";"0,000";"1,466";"0,000";"0,000";"0,161";"5,142";"4,159";"4,943";"14,244";"0,138";"0,071";"0,067";
"22/01/2024 10:20";"5,370";"0,000";"4,648";"0,000";"5,560";"0,000";"15,578";"0,000";"1,235";"0,000";"0,000";"0,221";"5,466";"4,744";"5,656";"15,866";"0,288";"0,148";"0,140";
"22/01/2024 10:30";"5,517";"0,000";"4,998";"0,000";"5,892";"0,000";"16,407";"0,000";"1,828";"0,000";"0,000";"0,227";"5,640";"5,121";"6,015";"16,776";"0,369";"0,189";"0,180";
"22/01/2024 10:40";"6,696";"0,000";"6,188";"0,000";"7,082";"0,000";"19,966";"0,000";"1,390";"0,000";"0,000";"0,217";"6,882";"6,374";"7,268";"20,524";"0,558";"0,285";"0,273";
"22/01/2024 10:50";"7,431";"0,000";"6,897";"0,000";"7,813";"0,000";"22,141";"0,000";"3,019";"0,000";"0,000";"0,206";"7,576";"7,041";"7,958";"22,575";"0,434";"0,222";"0,212";
"22/01/2024 11:00";"7,353";"0,000";"6,966";"0,000";"7,879";"0,000";"22,197";"0,000";"3,558";"0,000";"0,000";"0,113";"7,625";"7,238";"8,151";"23,014";"0,817";"0,416";"0,401";
"22/01/2024 11:10";"7,710";"0,000";"6,817";"0,000";"7,638";"0,000";"22,166";"0,000";"1,704";"0,000";"0,000";"0,182";"7,977";"7,084";"7,905";"22,967";"0,801";"0,408";"0,393";
"22/01/2024 11:20";"8,612";"0,000";"7,768";"0,000";"8,309";"0,000";"24,689";"0,000";"2,319";"0,000";"0,000";"0,021";"8,877";"8,033";"8,574";"25,484";"0,795";"0,405";"0,390";
"22/01/2024 11:30";"8,545";"0,000";"7,887";"0,000";"8,357";"0,000";"24,789";"0,000";"2,535";"0,000";"0,000";"0,010";"8,830";"8,171";"8,641";"25,642";"0,853";"0,435";"0,418";
"22/01/2024 11:40";"6,698";"0,000";"6,146";"0,000";"6,634";"0,000";"19,479";"0,000";"1,340";"0,000";"0,000";"0,135";"6,956";"6,404";"6,891";"20,251";"0,772";"0,394";"0,378";
"22/01/2024 11:50";"6,569";"0,000";"5,766";"0,000";"6,373";"0,000";"18,708";"0,000";"0,713";"0,000";"0,000";"0,150";"6,767";"5,964";"6,572";"19,303";"0,595";"0,304";"0,291";
"22/01/2024 12:00";"6,130";"0,000";"5,561";"0,000";"6,140";"0,000";"17,832";"0,000";"1,613";"0,000";"0,000";"0,104";"6,320";"5,750";"6,329";"18,399";"0,568";"0,290";"0,278";
"22/01/2024 12:10";"5,624";"0,000";"4,942";"0,000";"5,312";"0,000";"15,878";"0,000";"2,798";"0,000";"0,000";"0,262";"5,839";"5,157";"5,526";"16,522";"0,644";"0,328";"0,316";
"22/01/2024 12:20";"5,126";"0,000";"4,652";"0,000";"5,141";"0,000";"14,919";"0,000";"3,967";"0,000";"0,000";"0,148";"5,370";"4,896";"5,385";"15,652";"0,733";"0,373";"0,360";
"22/01/2024 12:30";"5,237";"0,000";"4,520";"0,000";"5,021";"0,000";"14,778";"0,000";"2,054";"0,000";"0,000";"0,250";"5,496";"4,778";"5,279";"15,553";"0,775";"0,395";"0,380";
"22/01/2024 12:40";"4,905";"0,000";"4,169";"0,000";"4,715";"0,000";"13,789";"0,000";"0,900";"0,000";"0,000";"0,237";"5,209";"4,473";"5,020";"14,702";"0,913";"0,465";"0,448";
"22/01/2024 12:50";"4,955";"0,000";"4,326";"0,000";"4,887";"0,000";"14,167";"0,000";"0,819";"0,000";"0,000";"0,269";"5,263";"4,633";"5,194";"15,090";"0,923";"0,471";"0,452";
"22/01/2024 13:00";"4,862";"0,000";"4,164";"0,000";"4,710";"0,000";"13,735";"0,000";"1,026";"0,000";"0,000";"0,326";"5,208";"4,509";"5,055";"14,772";"1,037";"0,528";"0,509";
"22/01/2024 13:10";"5,232";"0,000";"4,600";"0,000";"5,265";"0,000";"15,096";"0,000";"2,096";"0,000";"0,000";"0,139";"5,603";"4,971";"5,636";"16,209";"1,113";"0,566";"0,547";
"22/01/2024 13:20";"5,203";"0,000";"4,509";"0,000";"5,157";"0,000";"14,869";"0,000";"1,638";"0,000";"0,000";"0,132";"5,635";"4,942";"5,590";"16,167";"1,298";"0,660";"0,638";
"22/01/2024 13:30";"5,246";"0,000";"4,514";"0,000";"5,078";"0,000";"14,838";"0,000";"1,336";"0,000";"0,000";"0,183";"5,693";"4,960";"5,524";"16,178";"1,340";"0,681";"0,659";
"22/01/2024 13:40";"4,876";"0,000";"3,859";"0,000";"4,447";"0,000";"13,182";"0,000";"1,052";"0,000";"0,000";"0,221";"5,344";"4,326";"4,915";"14,585";"1,403";"0,713";"0,690";
"22/01/2024 13:50";"4,339";"0,000";"3,757";"0,000";"4,171";"0,000";"12,267";"0,000";"0,972";"0,000";"0,000";"0,317";"4,774";"4,192";"4,606";"13,572";"1,305";"0,663";"0,642";
"22/01/2024 14:00";"3,488";"0,000";"3,008";"0,000";"3,652";"0,000";"10,148";"0,000";"0,582";"0,000";"0,000";"0,411";"4,016";"3,537";"4,181";"11,734";"1,586";"0,804";"0,782";
"22/01/2024 14:10";"3,426";"0,000";"3,029";"0,000";"3,588";"0,000";"10,043";"0,000";"0,630";"0,000";"0,000";"0,364";"3,903";"3,506";"4,065";"11,473";"1,430";"0,727";"0,703";
"22/01/2024 14:20";"3,477";"0,000";"3,155";"0,000";"3,429";"0,000";"10,061";"0,000";"0,952";"0,000";"0,000";"0,279";"3,881";"3,560";"3,833";"11,274";"1,213";"0,616";"0,597";
"22/01/2024 14:30";"3,559";"0,000";"2,939";"0,000";"3,514";"0,000";"10,012";"0,000";"0,644";"0,000";"0,000";"0,434";"3,950";"3,329";"3,904";"11,184";"1,172";"0,596";"0,576";
"22/01/2024 14:40";"3,597";"0,000";"3,125";"0,000";"3,722";"0,000";"10,445";"0,000";"0,837";"0,000";"0,000";"0,433";"4,201";"3,729";"4,326";"12,257";"1,812";"0,920";"0,892";
"22/01/2024 14:50";"3,430";"0,000";"2,972";"0,000";"3,645";"0,000";"10,047";"0,000";"0,762";"0,000";"0,000";"0,274";"3,895";"3,437";"4,110";"11,442";"1,395";"0,710";"0,685";
"22/01/2024 15:00";"3,314";"0,000";"2,808";"0,000";"3,510";"0,000";"9,631";"0,000";"0,691";"0,000";"0,000";"0,301";"3,776";"3,270";"3,972";"11,018";"1,387";"0,706";"0,681";
"22/01/2024 15:10";"3,341";"0,000";"2,934";"0,000";"3,634";"0,000";"9,909";"0,000";"0,881";"0,000";"0,000";"0,300";"3,821";"3,415";"4,115";"11,351";"1,442";"0,732";"0,710";
"22/01/2024 15:20";"3,327";"0,000";"2,939";"0,000";"3,564";"0,000";"9,831";"0,000";"0,904";"0,000";"0,000";"0,299";"3,711";"3,323";"3,948";"10,982";"1,151";"0,585";"0,566";
"22/01/2024 15:30";"3,315";"0,000";"2,903";"0,000";"3,569";"0,000";"9,788";"0,000";"0,853";"0,000";"0,000";"0,260";"3,547";"3,135";"3,801";"10,484";"0,696";"0,356";"0,340";
"22/01/2024 15:40";"3,573";"0,000";"3,009";"0,000";"3,695";"0,000";"10,277";"0,000";"0,964";"0,000";"0,000";"0,256";"3,848";"3,284";"3,970";"11,101";"0,824";"0,418";"0,406";
"22/01/2024 15:50";"3,370";"0,000";"2,889";"0,000";"3,540";"0,000";"9,799";"0,000";"0,845";"0,000";"0,000";"0,219";"3,735";"3,254";"3,905";"10,894";"1,095";"0,555";"0,540";
"22/01/2024 16:00";"3,452";"0,000";"3,039";"0,000";"3,727";"0,000";"10,217";"0,000";"0,733";"0,000";"0,000";"0,386";"3,856";"3,443";"4,131";"11,429";"1,212";"0,615";"0,597";
"22/01/2024 16:10";"3,389";"0,000";"2,913";"0,000";"3,601";"0,000";"9,902";"0,000";"0,870";"0,000";"0,000";"0,279";"3,602";"3,126";"3,814";"10,542";"0,640";"0,326";"0,314";
"22/01/2024 16:20";"3,321";"0,000";"2,924";"0,000";"3,455";"0,000";"9,700";"0,000";"0,804";"0,000";"0,000";"0,279";"3,528";"3,131";"3,662";"10,321";"0,621";"0,316";"0,305";
"22/01/2024 16:30";"3,694";"0,000";"3,000";"0,000";"3,573";"0,000";"10,266";"0,000";"0,846";"0,000";"0,000";"0,263";"3,915";"3,221";"3,794";"10,929";"0,663";"0,337";"0,326";
"22/01/2024 16:40";"3,334";"0,000";"2,875";"0,000";"3,371";"0,000";"9,579";"0,000";"0,833";"0,000";"0,000";"0,188";"3,517";"3,058";"3,555";"10,130";"0,551";"0,281";"0,270";
"22/01/2024 16:50";"3,414";"0,000";"2,948";"0,000";"3,480";"0,000";"9,842";"0,000";"0,831";"0,000";"0,000";"0,281";"3,561";"3,095";"3,628";"10,284";"0,442";"0,226";"0,216";
"22/01/2024 17:00";"3,539";"0,000";"3,089";"0,000";"3,668";"0,000";"10,296";"0,000";"0,803";"0,000";"0,000";"0,293";"3,685";"3,235";"3,814";"10,734";"0,438";"0,224";"0,214";
"22/01/2024 17:10";"3,317";"0,000";"2,849";"0,000";"3,376";"0,000";"9,542";"0,000";"0,767";"0,000";"0,000";"0,346";"3,360";"2,892";"3,418";"9,670";"0,128";"0,066";"0,062";
"22/01/2024 17:20";"3,496";"0,000";"3,026";"0,000";"3,690";"0,000";"10,213";"0,000";"0,815";"0,000";"0,000";"0,287";"3,558";"3,089";"3,753";"10,401";"0,188";"0,097";"0,091";
"22/01/2024 17:30";"3,351";"0,000";"2,883";"0,000";"3,519";"0,000";"9,754";"0,000";"0,578";"0,000";"0,000";"0,486";"3,463";"2,995";"3,631";"10,089";"0,335";"0,172";"0,163";
"22/01/2024 17:40";"3,325";"0,000";"2,841";"0,000";"3,458";"0,000";"9,624";"0,000";"0,562";"0,000";"0,000";"0,475";"3,376";"2,893";"3,510";"9,779";"0,155";"0,080";"0,075";
"22/01/2024 17:50";"3,536";"0,000";"3,038";"0,000";"3,643";"0,000";"10,218";"0,000";"0,799";"0,000";"0,000";"0,362";"3,567";"3,069";"3,675";"10,312";"0,094";"0,049";"0,045";
"22/01/2024 18:00";"3,508";"0,000";"2,965";"0,000";"3,307";"0,000";"9,781";"0,000";"0,663";"0,000";"0,000";"0,398";"3,517";"2,975";"3,317";"9,810";"0,029";"0,015";"0,014";
"22/01/2024 18:10";"3,844";"0,000";"3,378";"0,000";"3,285";"0,000";"10,508";"0,000";"0,693";"0,000";"0,000";"0,395";"3,851";"3,385";"3,292";"10,529";"0,021";"0,011";"0,010";
"22/01/2024 18:20";"3,780";"0,000";"2,983";"0,000";"3,345";"0,000";"10,108";"0,000";"0,685";"0,000";"0,000";"0,537";"3,780";"2,983";"3,345";"10,108";"0,000";"0,000";"0,000";
"22/01/2024 18:30";"3,376";"0,000";"2,965";"0,000";"3,286";"0,000";"9,626";"0,000";"0,612";"0,000";"0,000";"0,481";"3,376";"2,965";"3,286";"9,626";"0,000";"0,000";"0,000";
"22/01/2024 18:40";"3,539";"0,000";"3,166";"0,000";"3,482";"0,000";"10,187";"0,000";"0,646";"0,000";"0,000";"0,491";"3,539";"3,166";"3,482";"10,187";"0,000";"0,000";"0,000";
"22/01/2024 18:50";"3,402";"0,000";"3,006";"0,000";"3,353";"0,000";"9,760";"0,000";"0,594";"0,000";"0,000";"0,441";"3,402";"3,006";"3,353";"9,760";"0,000";"0,000";"0,000";
"22/01/2024 19:00";"3,390";"0,000";"3,063";"0,000";"3,295";"0,000";"9,748";"0,000";"0,761";"0,000";"0,000";"0,160";"3,390";"3,063";"3,295";"9,748";"0,000";"0,000";"0,000";
"22/01/2024 19:10";"3,505";"0,000";"3,212";"0,000";"3,552";"0,000";"10,269";"0,000";"0,708";"0,000";"0,000";"0,358";"3,505";"3,212";"3,552";"10,269";"0,000";"0,000";"0,000";
"22/01/2024 19:20";"3,551";"0,000";"2,944";"0,000";"3,315";"0,000";"9,810";"0,000";"0,595";"0,000";"0,000";"0,482";"3,551";"2,944";"3,315";"9,810";"0,000";"0,000";"0,000";
"22/01/2024 19:30";"3,231";"0,000";"2,974";"0,000";"3,308";"0,000";"9,513";"0,000";"0,567";"0,000";"0,000";"0,446";"3,231";"2,974";"3,308";"9,513";"0,000";"0,000";"0,000";
"22/01/2024 19:40";"3,513";"0,000";"3,200";"0,000";"3,556";"0,000";"10,268";"0,000";"0,834";"0,000";"0,000";"0,286";"3,513";"3,200";"3,556";"10,268";"0,000";"0,000";"0,000";
"22/01/2024 19:50";"3,497";"0,000";"2,924";"0,000";"3,216";"0,000";"9,638";"0,000";"0,730";"0,000";"0,000";"0,242";"3,497";"2,924";"3,216";"9,638";"0,000";"0,000";"0,000";
"22/01/2024 20:00";"3,195";"0,000";"3,068";"0,000";"3,238";"0,000";"9,501";"0,000";"0,758";"0,000";"0,000";"0,407";"3,195";"3,068";"3,238";"9,501";"0,000";"0,000";"0,000";
"22/01/2024 20:10";"3,408";"0,000";"3,045";"0,000";"3,191";"0,000";"9,644";"0,000";"0,753";"0,000";"0,000";"0,397";"3,408";"3,045";"3,191";"9,644";"0,000";"0,000";"0,000";
"22/01/2024 20:20";"2,973";"0,000";"2,944";"0,000";"2,985";"0,000";"8,902";"0,000";"0,522";"0,000";"0,000";"0,480";"2,973";"2,944";"2,985";"8,902";"0,000";"0,000";"0,000";
"22/01/2024 20:30";"3,249";"0,000";"3,138";"0,000";"3,205";"0,000";"9,592";"0,000";"0,895";"0,000";"0,000";"0,322";"3,249";"3,138";"3,205";"9,592";"0,000";"0,000";"0,000";
"22/01/2024 20:40";"3,234";"0,000";"2,945";"0,000";"2,985";"0,000";"9,164";"0,000";"0,690";"0,000";"0,000";"0,325";"3,234";"2,945";"2,985";"9,164";"0,000";"0,000";"0,000";
"22/01/2024 20:50";"3,384";"0,000";"3,146";"0,000";"3,374";"0,000";"9,904";"0,000";"0,668";"0,000";"0,000";"0,524";"3,384";"3,146";"3,374";"9,904";"0,000";"0,000";"0,000";
"22/01/2024 21:00";"3,159";"0,000";"2,941";"0,000";"3,270";"0,000";"9,370";"0,000";"0,706";"0,000";"0,000";"0,427";"3,159";"2,941";"3,270";"9,370";"0,000";"0,000";"0,000";
"22/01/2024 21:10";"3,057";"0,000";"2,908";"0,000";"3,218";"0,000";"9,182";"0,000";"0,599";"0,000";"0,000";"0,461";"3,057";"2,908";"3,218";"9,182";"0,000";"0,000";"0,000";
"22/01/2024 21:20";"3,294";"0,000";"3,184";"0,000";"3,462";"0,000";"9,939";"0,000";"0,922";"0,000";"0,000";"0,272";"3,294";"3,184";"3,462";"9,939";"0,000";"0,000";"0,000";
"22/01/2024 21:30";"3,314";"0,000";"2,991";"0,000";"3,329";"0,000";"9,634";"0,000";"0,583";"0,000";"0,000";"0,391";"3,314";"2,991";"3,329";"9,634";"0,000";"0,000";"0,000";
"22/01/2024 21:40";"3,479";"0,000";"3,013";"0,000";"3,258";"0,000";"9,750";"0,000";"0,640";"0,000";"0,000";"0,450";"3,479";"3,013";"3,258";"9,750";"0,000";"0,000";"0,000";
"22/01/2024 21:50";"3,584";"0,000";"3,211";"0,000";"3,485";"0,000";"10,279";"0,000";"0,909";"0,000";"0,000";"0,352";"3,584";"3,211";"3,485";"10,279";"0,000";"0,000";"0,000";
"22/01/2024 22:00";"3,196";"0,000";"3,024";"0,000";"3,379";"0,000";"9,599";"0,000";"0,555";"0,000";"0,000";"0,442";"3,196";"3,024";"3,379";"9,599";"0,000";"0,000";"0,000";
"22/01/2024 22:10";"3,406";"0,000";"2,966";"0,000";"3,254";"0,000";"9,626";"0,000";"0,647";"0,000";"0,000";"0,427";"3,406";"2,966";"3,254";"9,626";"0,000";"0,000";"0,000";
"22/01/2024 22:20";"3,101";"0,000";"3,043";"0,000";"3,359";"0,000";"9,503";"0,000";"0,777";"0,000";"0,000";"0,381";"3,101";"3,043";"3,359";"9,503";"0,000";"0,000";"0,000";
"22/01/2024 22:30";"2,979";"0,000";"2,901";"0,000";"3,253";"0,000";"9,133";"0,000";"0,641";"0,000";"0,000";"0,449";"2,979";"2,901";"3,253";"9,133";"0,000";"0,000";"0,000";
"22/01/2024 22:40";"3,252";"0,000";"3,208";"0,000";"3,486";"0,000";"9,946";"0,000";"0,841";"0,000";"0,000";"0,361";"3,252";"3,208";"3,486";"9,946";"0,000";"0,000";"0,000";
"22/01/2024 22:50";"3,207";"0,000";"3,016";"0,000";"3,307";"0,000";"9,530";"0,000";"0,730";"0,000";"0,000";"0,289";"3,207";"3,016";"3,307";"9,530";"0,000";"0,000";"0,000";
"22/01/2024 23:00";"3,062";"0,000";"3,012";"0,000";"3,328";"0,000";"9,401";"0,000";"0,604";"0,000";"0,000";"0,472";"3,062";"3,012";"3,328";"9,401";"0,000";"0,000";"0,000";
"22/01/2024 23:10";"3,376";"0,000";"3,138";"0,000";"3,434";"0,000";"9,948";"0,000";"0,818";"0,000";"0,000";"0,393";"3,376";"3,138";"3,434";"9,948";"0,000";"0,000";"0,000";
"22/01/2024 23:20";"3,123";"0,000";"2,968";"0,000";"3,259";"0,000";"9,350";"0,000";"0,774";"0,000";"0,000";"0,233";"3,123";"2,968";"3,259";"9,350";"0,000";"0,000";"0,000";
"22/01/2024 23:30";"3,046";"0,000";"2,999";"0,000";"3,328";"0,000";"9,374";"0,000";"0,644";"0,000";"0,000";"0,361";"3,046";"2,999";"3,328";"9,374";"0,000";"0,000";"0,000";
"22/01/2024 23:40";"3,191";"0,000";"3,139";"0,000";"3,445";"0,000";"9,774";"0,000";"0,928";"0,000";"0,000";"0,310";"3,191";"3,139";"3,445";"9,774";"0,000";"0,000";"0,000";
"22/01/2024 23:50";"3,048";"0,000";"3,036";"0,000";"3,313";"0,000";"9,397";"0,000";"0,666";"0,000";"0,000";"0,351";"3,048";"3,036";"3,313";"9,397";"0,000";"0,000";"0,000";
"23/01/2024 00:00";"3,078";"0,000";"3,046";"0,000";"3,345";"0,000";"9,468";"0,000";"0,651";"0,000";"0,000";"0,436";"3,078";"3,046";"3,345";"9,468";"0,000";"0,000";"0,000";
"23/01/2024 00:10";"3,056";"0,000";"3,090";"0,000";"3,373";"0,000";"9,518";"0,000";"0,796";"0,000";"0,000";"0,198";"3,056";"3,090";"3,373";"9,518";"0,000";"0,000";"0,000";
"23/01/2024 00:20";"3,038";"0,000";"3,027";"0,000";"3,042";"0,000";"9,107";"0,000";"0,659";"0,000";"0,000";"0,333";"3,038";"3,027";"3,042";"9,107";"0,000";"0,000";"0,000";
"23/01/2024 00:30";"3,246";"0,000";"3,172";"0,000";"3,154";"0,000";"9,573";"0,000";"0,822";"0,000";"0,000";"0,390";"3,246";"3,172";"3,154";"9,573";"0,000";"0,000";"0,000";
"23/01/2024 00:40";"3,051";"0,000";"3,016";"0,000";"2,975";"0,000";"9,042";"0,000";"0,637";"0,000";"0,000";"0,442";"3,051";"3,016";"2,975";"9,042";"0,000";"0,000";"0,000";
"23/01/2024 00:50";"3,211";"0,000";"3,020";"0,000";"2,991";"0,000";"9,223";"0,000";"0,825";"0,000";"0,000";"0,353";"3,211";"3,020";"2,991";"9,223";"0,000";"0,000";"0,000";
"23/01/2024 01:00";"3,366";"0,000";"3,131";"0,000";"3,079";"0,000";"9,576";"0,000";"0,762";"0,000";"0,000";"0,366";"3,366";"3,131";"3,079";"9,576";"0,000";"0,000";"0,000";
"23/01/2024 01:10";"3,074";"0,000";"3,008";"0,000";"2,982";"0,000";"9,065";"0,000";"0,679";"0,000";"0,000";"0,376";"3,074";"3,008";"2,982";"9,065";"0,000";"0,000";"0,000";
"23/01/2024 01:20";"3,454";"0,000";"3,183";"0,000";"3,163";"0,000";"9,800";"0,000";"0,845";"0,000";"0,000";"0,350";"3,454";"3,183";"3,163";"9,800";"0,000";"0,000";"0,000";
"23/01/2024 01:30";"3,163";"0,000";"3,011";"0,000";"2,979";"0,000";"9,153";"0,000";"0,721";"0,000";"0,000";"0,314";"3,163";"3,011";"2,979";"9,153";"0,000";"0,000";"0,000";
"23/01/2024 01:40";"2,985";"0,000";"2,922";"0,000";"2,962";"0,000";"8,869";"0,000";"0,590";"0,000";"0,000";"0,348";"2,985";"2,922";"2,962";"8,869";"0,000";"0,000";"0,000";
"23/01/2024 01:50";"3,209";"0,000";"3,108";"0,000";"3,105";"0,000";"9,422";"0,000";"0,713";"0,000";"0,000";"0,374";"3,209";"3,108";"3,105";"9,422";"0,000";"0,000";"0,000";
"23/01/2024 02:00";"2,996";"0,000";"2,982";"0,000";"2,955";"0,000";"8,932";"0,000";"0,732";"0,000";"0,000";"0,365";"2,996";"2,982";"2,955";"8,932";"0,000";"0,000";"0,000";
"23/01/2024 02:10";"3,013";"0,000";"2,960";"0,000";"2,956";"0,000";"8,928";"0,000";"0,608";"0,000";"0,000";"0,422";"3,013";"2,960";"2,956";"8,928";"0,000";"0,000";"0,000";
"23/01/2024 02:20";"3,346";"0,000";"3,135";"0,000";"3,270";"0,000";"9,751";"0,000";"0,805";"0,000";"0,000";"0,420";"3,346";"3,135";"3,270";"9,751";"0,000";"0,000";"0,000";
"23/01/2024 02:30";"3,066";"0,000";"3,056";"0,000";"3,378";"0,000";"9,500";"0,000";"0,685";"0,000";"0,000";"0,423";"3,066";"3,056";"3,378";"9,500";"0,000";"0,000";"0,000";
"23/01/2024 02:40";"3,429";"0,000";"3,070";"0,000";"3,451";"0,000";"9,950";"0,000";"0,894";"0,000";"0,000";"0,448";"3,429";"3,070";"3,451";"9,950";"0,000";"0,000";"0,000";
"23/01/2024 02:50";"2,942";"0,000";"2,940";"0,000";"3,306";"0,000";"9,188";"0,000";"0,739";"0,000";"0,000";"0,291";"2,942";"2,940";"3,306";"9,188";"0,000";"0,000";"0,000";
"23/01/2024 03:00";"3,138";"0,000";"2,971";"0,000";"3,340";"0,000";"9,449";"0,000";"0,684";"0,000";"0,000";"0,307";"3,138";"2,971";"3,340";"9,449";"0,000";"0,000";"0,000";
"23/01/2024 03:10";"3,422";"0,000";"3,167";"0,000";"3,542";"0,000";"10,131";"0,000";"0,747";"0,000";"0,000";"0,320";"3,422";"3,167";"3,542";"10,131";"0,000";"0,000";"0,000";
"23/01/2024 03:20";"3,279";"0,000";"2,977";"0,000";"3,347";"0,000";"9,604";"0,000";"0,708";"0,000";"0,000";"0,258";"3,279";"2,977";"3,347";"9,604";"0,000";"0,000";"0,000";
"23/01/2024 03:30";"3,191";"0,000";"2,983";"0,000";"3,356";"0,000";"9,530";"0,000";"0,610";"0,000";"0,000";"0,453";"3,191";"2,983";"3,356";"9,530";"0,000";"0,000";"0,000";
"23/01/2024 03:40";"3,256";"0,000";"3,177";"0,000";"3,570";"0,000";"10,004";"0,000";"0,817";"0,000";"0,000";"0,390";"3,256";"3,177";"3,570";"10,004";"0,000";"0,000";"0,000";
"23/01/2024 03:50";"3,004";"0,000";"2,969";"0,000";"3,313";"0,000";"9,286";"0,000";"0,615";"0,000";"0,000";"0,408";"3,004";"2,969";"3,313";"9,286";"0,000";"0,000";"0,000";
"23/01/2024 04:00";"3,194";"0,000";"3,145";"0,000";"3,377";"0,000";"9,716";"0,000";"0,810";"0,000";"0,000";"0,269";"3,194";"3,145";"3,377";"9,716";"0,000";"0,000";"0,000";
"23/01/2024 04:10";"3,020";"0,000";"2,919";"0,000";"3,220";"0,000";"9,159";"0,000";"0,533";"0,000";"0,000";"0,470";"3,020";"2,919";"3,220";"9,159";"0,000";"0,000";"0,000";
"23/01/2024 04:20";"2,976";"0,000";"2,971";"0,000";"3,178";"0,000";"9,126";"0,000";"0,649";"0,000";"0,000";"0,277";"2,976";"2,971";"3,178";"9,126";"0,000";"0,000";"0,000";
"23/01/2024 04:30";"3,210";"0,000";"3,156";"0,000";"3,412";"0,000";"9,778";"0,000";"0,807";"0,000";"0,000";"0,367";"3,210";"3,156";"3,412";"9,778";"0,000";"0,000";"0,000";
"23/01/2024 04:40";"3,300";"0,000";"3,055";"0,000";"3,304";"0,000";"9,658";"0,000";"0,621";"0,000";"0,000";"0,428";"3,300";"3,055";"3,304";"9,658";"0,000";"0,000";"0,000";
"23/01/2024 04:50";"3,553";"0,000";"3,239";"0,000";"3,311";"0,000";"10,102";"0,000";"0,485";"0,000";"0,000";"0,357";"3,553";"3,239";"3,311";"10,102";"0,000";"0,000";"0,000";
"23/01/2024 05:00";"3,105";"0,000";"3,024";"0,000";"3,293";"0,000";"9,422";"0,000";"0,711";"0,000";"0,000";"0,468";"3,105";"3,024";"3,293";"9,422";"0,000";"0,000";"0,000";
"23/01/2024 05:10";"3,071";"0,000";"2,999";"0,000";"3,300";"0,000";"9,369";"0,000";"0,636";"0,000";"0,000";"0,376";"3,071";"2,999";"3,300";"9,369";"0,000";"0,000";"0,000";
"23/01/2024 05:20";"3,228";"0,000";"3,180";"0,000";"3,464";"0,000";"9,872";"0,000";"0,753";"0,000";"0,000";"0,476";"3,228";"3,180";"3,464";"9,872";"0,000";"0,000";"0,000";
"23/01/2024 05:30";"4,304";"0,000";"3,686";"0,000";"4,161";"0,000";"12,151";"0,000";"0,683";"0,000";"0,000";"0,365";"4,304";"3,686";"4,161";"12,151";"0,000";"0,000";"0,000";
"23/01/2024 05:40";"4,821";"0,000";"3,800";"0,000";"4,510";"0,000";"13,131";"0,000";"0,709";"0,000";"0,000";"0,356";"4,821";"3,800";"4,510";"13,131";"0,000";"0,000";"0,000";
"23/01/2024 05:50";"4,511";"0,000";"4,172";"0,000";"4,810";"0,000";"13,493";"0,000";"0,982";"0,000";"0,000";"0,282";"4,511";"4,172";"4,810";"13,493";"0,000";"0,000";"0,000";
"23/01/2024 06:00";"4,594";"0,000";"4,196";"0,000";"4,889";"0,000";"13,679";"0,000";"0,980";"0,000";"0,000";"0,345";"4,594";"4,196";"4,889";"13,679";"0,000";"0,000";"0,000";
"23/01/2024 06:10";"6,103";"0,000";"5,399";"0,000";"6,260";"0,000";"17,761";"0,000";"4,032";"0,000";"0,000";"0,052";"6,103";"5,399";"6,260";"17,761";"0,000";"0,000";"0,000";
"23/01/2024 06:20";"5,523";"0,000";"4,767";"0,000";"5,647";"0,000";"15,936";"0,000";"1,491";"0,000";"0,000";"0,471";"5,523";"4,767";"5,647";"15,936";"0,000";"0,000";"0,000";
"23/01/2024 06:30";"5,090";"0,000";"4,385";"0,000";"5,157";"0,000";"14,632";"0,000";"1,296";"0,000";"0,000";"0,444";"5,090";"4,385";"5,157";"14,632";"0,000";"0,000";"0,000";
"23/01/2024 06:40";"5,566";"0,000";"5,006";"0,000";"5,759";"0,000";"16,331";"0,000";"1,736";"0,000";"0,000";"0,315";"5,566";"5,006";"5,759";"16,331";"0,000";"0,000";"0,000";
"23/01/2024 06:50";"5,140";"0,000";"4,454";"0,000";"5,282";"0,000";"14,876";"0,000";"1,560";"0,000";"0,000";"0,358";"5,140";"4,454";"5,282";"14,876";"0,000";"0,000";"0,000";
"23/01/2024 07:00";"5,845";"0,000";"4,872";"0,000";"5,543";"0,000";"16,260";"0,000";"1,951";"0,000";"0,000";"0,303";"5,845";"4,872";"5,543";"16,260";"0,000";"0,000";"0,000";
"23/01/2024 07:10";"5,967";"0,000";"5,364";"0,000";"6,207";"0,000";"17,537";"0,000";"4,783";"0,000";"0,000";"0,024";"5,967";"5,364";"6,207";"17,537";"0,000";"0,000";"0,000";
"23/01/2024 07:20";"5,834";"0,000";"4,950";"0,000";"5,839";"0,000";"16,623";"0,000";"2,382";"0,000";"0,000";"0,066";"5,834";"4,950";"5,839";"16,623";"0,000";"0,000";"0,000";
"23/01/2024 07:30";"5,867";"0,000";"5,056";"0,000";"5,801";"0,000";"16,724";"0,000";"2,745";"0,000";"0,000";"0,097";"5,867";"5,056";"5,801";"16,724";"0,000";"0,000";"0,000";
"23/01/2024 07:40";"5,823";"0,000";"5,069";"0,000";"5,787";"0,000";"16,679";"0,000";"2,411";"0,000";"0,000";"0,036";"5,823";"5,069";"5,787";"16,679";"0,000";"0,000";"0,000";
"23/01/2024 07:50";"5,951";"0,000";"5,240";"0,000";"5,865";"0,000";"17,056";"0,000";"0,429";"0,000";"0,000";"0,199";"5,951";"5,240";"5,865";"17,056";"0,000";"0,000";"0,000";
"23/01/2024 08:00";"3,295";"0,000";"2,834";"0,000";"3,113";"0,000";"9,242";"0,000";"1,306";"0,000";"0,000";"0,169";"3,295";"2,834";"3,113";"9,242";"0,000";"0,000";"0,000";
"23/01/2024 08:10";"4,681";"0,000";"3,960";"0,000";"4,484";"0,000";"13,124";"0,000";"1,252";"0,000";"0,000";"0,612";"4,681";"3,960";"4,484";"13,124";"0,000";"0,000";"0,000";
"23/01/2024 08:20";"4,990";"0,000";"4,351";"0,000";"5,138";"0,000";"14,479";"0,000";"1,529";"0,000";"0,000";"0,316";"4,990";"4,351";"5,138";"14,479";"0,000";"0,000";"0,000";
"23/01/2024 08:30";"5,257";"0,000";"4,469";"0,000";"5,468";"0,000";"15,194";"0,000";"1,018";"0,000";"0,000";"0,520";"5,257";"4,469";"5,468";"15,194";"0,000";"0,000";"0,000";
"23/01/2024 08:40";"4,211";"0,000";"3,585";"0,000";"4,471";"0,000";"12,266";"0,000";"0,933";"0,000";"0,000";"0,449";"4,211";"3,585";"4,471";"12,266";"0,000";"0,000";"0,000";
"23/01/2024 08:50";"5,344";"0,000";"4,564";"0,000";"5,502";"0,000";"15,410";"0,000";"0,919";"0,000";"0,000";"0,638";"5,344";"4,564";"5,502";"15,410";"0,000";"0,000";"0,000";
"23/01/2024 09:00";"5,462";"0,000";"4,760";"0,000";"5,711";"0,000";"15,933";"0,000";"1,281";"0,000";"0,000";"0,710";"5,462";"4,760";"5,711";"15,933";"0,000";"0,000";"0,000";
"23/01/2024 09:10";"3,587";"0,000";"3,040";"0,000";"3,961";"0,000";"10,587";"0,000";"1,686";"0,000";"0,000";"0,473";"3,587";"3,040";"3,961";"10,587";"0,000";"0,000";"0,000";
"23/01/2024 09:20";"4,025";"0,000";"2,941";"0,000";"3,732";"0,000";"10,698";"0,000";"1,848";"0,000";"0,000";"0,738";"4,025";"2,941";"3,732";"10,698";"0,000";"0,000";"0,000";
"23/01/2024 09:30";"2,937";"0,000";"2,262";"0,000";"3,049";"0,000";"8,248";"0,000";"1,118";"0,000";"0,000";"0,350";"2,937";"2,262";"3,049";"8,248";"0,000";"0,000";"0,000";
"23/01/2024 09:40";"2,531";"0,000";"2,119";"0,000";"2,950";"0,000";"7,600";"0,000";"1,038";"0,000";"0,000";"0,436";"2,531";"2,119";"2,950";"7,600";"0,000";"0,000";"0,000";
"23/01/2024 09:50";"2,789";"0,000";"2,118";"0,000";"3,066";"0,000";"7,972";"0,000";"1,085";"0,000";"0,000";"0,591";"2,789";"2,118";"3,066";"7,972";"0,000";"0,000";"0,000";
"23/01/2024 10:00";"2,168";"0,000";"1,690";"0,000";"2,426";"0,000";"6,284";"0,000";"0,163";"0,000";"0,000";"0,043";"2,251";"1,773";"2,509";"6,533";"0,249";"0,128";"0,121";
"23/01/2024 10:10";"2,681";"0,000";"1,867";"0,000";"2,161";"0,000";"6,710";"0,000";"0,541";"0,000";"0,000";"0,053";"2,849";"2,035";"2,329";"7,213";"0,503";"0,257";"0,246";
"23/01/2024 10:20";"2,438";"0,000";"1,700";"0,000";"2,306";"0,000";"6,445";"0,000";"0,643";"0,000";"0,000";"0,122";"2,704";"1,966";"2,571";"7,241";"0,796";"0,406";"0,390";
"23/01/2024 10:30";"3,378";"0,000";"2,306";"0,000";"3,074";"0,000";"8,759";"0,000";"1,481";"0,000";"0,000";"0,388";"3,686";"2,614";"3,382";"9,683";"0,924";"0,472";"0,452";
"23/01/2024 10:40";"3,094";"0,000";"2,228";"0,000";"2,767";"0,000";"8,089";"0,000";"1,835";"0,000";"0,000";"0,694";"3,420";"2,553";"3,092";"9,066";"0,977";"0,499";"0,478";
"23/01/2024 10:50";"6,271";"0,000";"5,548";"0,000";"6,060";"0,000";"17,879";"0,000";"2,647";"0,000";"0,000";"0,184";"6,579";"5,856";"6,368";"18,803";"0,924";"0,472";"0,452";
"23/01/2024 11:00";"7,218";"0,000";"6,547";"0,000";"7,075";"0,000";"20,840";"0,000";"1,918";"0,000";"0,000";"0,030";"7,630";"6,959";"7,488";"22,077";"1,237";"0,630";"0,607";
"23/01/2024 11:10";"7,717";"0,000";"7,023";"0,000";"7,438";"0,000";"22,178";"0,000";"2,791";"0,000";"0,000";"0,006";"8,357";"7,663";"8,079";"24,099";"1,921";"0,974";"0,947";
"23/01/2024 11:20";"7,144";"0,000";"6,651";"0,000";"7,245";"0,000";"21,041";"0,000";"4,759";"0,000";"0,000";"0,000";"7,755";"7,262";"7,856";"22,874";"1,833";"0,929";"0,904";
"23/01/2024 11:30";"7,137";"0,000";"6,590";"0,000";"7,107";"0,000";"20,834";"0,000";"4,305";"0,000";"0,000";"0,000";"7,655";"7,108";"7,625";"22,388";"1,554";"0,789";"0,765";
"23/01/2024 11:40";"7,430";"0,000";"6,853";"0,000";"7,637";"0,000";"21,920";"0,000";"6,317";"0,000";"0,000";"0,000";"7,943";"7,366";"8,150";"23,458";"1,538";"0,781";"0,757";
"23/01/2024 11:50";"6,975";"0,000";"6,454";"0,000";"7,469";"0,000";"20,899";"0,000";"3,205";"0,000";"0,000";"0,000";"7,375";"6,854";"7,869";"22,097";"1,198";"0,609";"0,589";
"23/01/2024 12:00";"6,925";"0,000";"6,441";"0,000";"7,471";"0,000";"20,837";"0,000";"4,598";"0,000";"0,000";"0,000";"7,223";"6,740";"7,769";"21,733";"0,896";"0,457";"0,439";
"23/01/2024 12:10";"6,767";"0,000";"5,758";"0,000";"6,901";"0,000";"19,426";"0,000";"2,473";"0,000";"0,000";"0,045";"7,096";"6,087";"7,230";"20,414";"0,988";"0,504";"0,484";
"23/01/2024 12:20";"7,644";"0,000";"6,771";"0,000";"7,798";"0,000";"22,212";"0,000";"3,002";"0,000";"0,000";"0,041";"7,998";"7,125";"8,152";"23,275";"1,063";"0,541";"0,522";
"23/01/2024 12:30";"7,338";"0,000";"6,696";"0,000";"7,888";"0,000";"21,923";"0,000";"2,147";"0,000";"0,000";"0,086";"7,744";"7,102";"8,294";"23,141";"1,218";"0,619";"0,599";
"23/01/2024 12:40";"4,896";"0,000";"3,856";"0,000";"5,114";"0,000";"13,866";"0,000";"0,946";"0,000";"0,000";"0,264";"5,253";"4,213";"5,471";"14,936";"1,070";"0,545";"0,525";
"23/01/2024 12:50";"3,441";"0,000";"2,492";"0,000";"3,626";"0,000";"9,559";"0,000";"1,418";"0,000";"0,000";"0,134";"3,706";"2,757";"3,891";"10,353";"0,794";"0,405";"0,389";
"23/01/2024 13:00";"2,775";"0,000";"2,097";"0,000";"3,108";"0,000";"7,980";"0,000";"1,304";"0,000";"0,000";"0,254";"3,033";"2,355";"3,366";"8,753";"0,773";"0,394";"0,379";
"23/01/2024 13:10";"3,175";"0,000";"2,365";"0,000";"3,249";"0,000";"8,789";"0,000";"1,159";"0,000";"0,000";"0,635";"3,575";"2,766";"3,649";"9,990";"1,201";"0,610";"0,591";
"23/01/2024 13:20";"2,587";"0,000";"1,948";"0,000";"2,927";"0,000";"7,461";"0,000";"1,100";"0,000";"0,000";"0,442";"2,957";"2,318";"3,296";"8,570";"1,109";"0,564";"0,545";
"23/01/2024 13:30";"2,469";"0,000";"1,794";"0,000";"2,751";"0,000";"7,014";"0,000";"0,599";"0,000";"0,000";"0,209";"2,987";"2,312";"3,269";"8,567";"1,553";"0,789";"0,764";
"23/01/2024 13:40";"2,029";"0,000";"1,411";"0,000";"2,185";"0,002";"5,624";"0,000";"0,214";"0,000";"0,000";"0,106";"2,500";"1,882";"2,654";"7,037";"1,413";"0,718";"0,695";
"23/01/2024 13:50";"1,750";"0,000";"1,146";"0,000";"1,799";"0,000";"4,695";"0,000";"0,217";"0,000";"0,000";"0,000";"2,343";"1,739";"2,392";"6,474";"1,779";"0,903";"0,876";
"23/01/2024 14:00";"1,672";"0,000";"1,112";"0,000";"1,687";"0,000";"4,471";"0,000";"0,241";"0,000";"0,000";"0,000";"2,511";"1,950";"2,525";"6,986";"2,515";"1,273";"1,242";
"23/01/2024 14:10";"1,783";"0,000";"1,240";"0,000";"1,865";"0,000";"4,888";"0,000";"0,296";"0,000";"0,000";"0,106";"2,569";"2,026";"2,650";"7,245";"2,357";"1,194";"1,163";
"23/01/2024 14:20";"1,466";"0,000";"0,972";"0,000";"1,673";"0,000";"4,111";"0,000";"0,237";"0,000";"0,000";"0,019";"1,903";"1,410";"2,110";"5,424";"1,313";"0,668";"0,645";
"23/01/2024 14:30";"0,860";"0,000";"0,579";"0,000";"1,040";"0,000";"2,479";"0,000";"0,005";"0,000";"0,000";"0,105";"1,272";"0,991";"1,453";"3,716";"1,237";"0,629";"0,608";
"23/01/2024 14:40";"0,935";"0,000";"0,546";"0,000";"1,053";"0,000";"2,534";"0,000";"0,029";"0,000";"0,000";"0,327";"1,395";"1,005";"1,513";"3,912";"1,378";"0,700";"0,678";
"23/01/2024 14:50";"0,832";"0,000";"0,438";"0,000";"0,896";"0,000";"2,166";"0,000";"0,001";"0,000";"0,000";"0,097";"1,358";"0,964";"1,422";"3,744";"1,578";"0,801";"0,777";
"23/01/2024 15:00";"0,846";"0,000";"0,499";"0,000";"0,969";"0,000";"2,314";"0,000";"0,007";"0,000";"0,000";"0,094";"1,378";"1,031";"1,500";"3,909";"1,595";"0,810";"0,785";
"23/01/2024 15:10";"1,028";"0,000";"0,700";"0,000";"1,204";"0,000";"2,932";"0,000";"0,051";"0,000";"0,000";"0,208";"1,527";"1,199";"1,703";"4,430";"1,498";"0,760";"0,738";
"23/01/2024 15:20";"1,241";"0,000";"0,619";"0,000";"0,931";"0,000";"2,791";"0,000";"0,000";"0,000";"0,000";"0,170";"1,706";"1,084";"1,395";"4,185";"1,394";"0,708";"0,686";
"23/01/2024 15:30";"0,822";"0,000";"0,448";"0,000";"0,804";"0,000";"2,074";"0,000";"0,010";"0,000";"0,000";"0,030";"1,200";"0,826";"1,182";"3,208";"1,134";"0,577";"0,557";
"23/01/2024 15:40";"0,843";"0,000";"0,492";"0,000";"0,668";"0,000";"2,003";"0,000";"0,000";"0,000";"0,000";"0,173";"1,114";"0,764";"0,940";"2,818";"0,815";"0,416";"0,399";
"23/01/2024 15:50";"0,964";"0,000";"0,646";"0,000";"0,845";"0,000";"2,456";"0,000";"0,121";"0,000";"0,000";"0,233";"1,247";"0,929";"1,128";"3,304";"0,848";"0,432";"0,416";
"23/01/2024 16:00";"1,332";"0,000";"0,600";"0,000";"0,626";"0,000";"2,558";"0,000";"0,001";"0,000";"0,000";"0,120";"1,609";"0,877";"0,903";"3,389";"0,831";"0,424";"0,407";
"23/01/2024 16:10";"1,033";"0,000";"0,663";"0,000";"0,579";"0,000";"2,275";"0,000";"0,014";"0,000";"0,000";"0,060";"1,442";"1,073";"0,989";"3,504";"1,229";"0,625";"0,604";
"23/01/2024 16:20";"1,023";"0,000";"0,654";"0,000";"0,805";"0,000";"2,482";"0,000";"0,067";"0,000";"0,000";"0,206";"1,331";"0,962";"1,113";"3,406";"0,924";"0,470";"0,454";
"23/01/2024 16:30";"0,903";"0,000";"0,575";"0,000";"0,635";"0,000";"2,113";"0,000";"0,009";"0,000";"0,000";"0,116";"1,205";"0,876";"0,937";"3,018";"0,905";"0,461";"0,444";
"23/01/2024 16:40";"1,074";"0,000";"0,487";"0,000";"0,609";"0,000";"2,169";"0,000";"0,000";"0,000";"0,000";"0,168";"1,323";"0,736";"0,858";"2,916";"0,747";"0,381";"0,366";
"23/01/2024 16:50";"1,024";"0,000";"0,591";"0,000";"0,750";"0,000";"2,365";"0,000";"0,040";"0,000";"0,000";"0,216";"1,281";"0,849";"1,007";"3,137";"0,772";"0,394";"0,378";
"23/01/2024 17:00";"0,811";"0,000";"0,454";"0,000";"0,580";"0,000";"1,845";"0,000";"0,007";"0,000";"0,000";"0,135";"1,074";"0,717";"0,843";"2,634";"0,789";"0,402";"0,387";
"23/01/2024 17:10";"0,829";"0,000";"0,429";"0,000";"0,585";"0,000";"1,842";"0,000";"0,003";"0,000";"0,000";"0,107";"1,009";"0,610";"0,765";"2,384";"0,542";"0,277";"0,265";
"23/01/2024 17:20";"0,951";"0,000";"0,670";"0,000";"0,805";"0,000";"2,425";"0,000";"0,060";"0,000";"0,000";"0,135";"1,133";"0,852";"0,988";"2,973";"0,548";"0,280";"0,268";
"23/01/2024 17:30";"0,977";"0,000";"0,630";"0,000";"0,636";"0,000";"2,244";"0,000";"0,000";"0,000";"0,000";"0,199";"1,143";"0,796";"0,802";"2,741";"0,497";"0,254";"0,243";
"23/01/2024 17:40";"0,887";"0,000";"0,392";"0,000";"0,510";"0,000";"1,789";"0,000";"0,000";"0,000";"0,000";"0,109";"1,031";"0,537";"0,655";"2,222";"0,433";"0,222";"0,211";
"23/01/2024 17:50";"0,810";"0,000";"0,581";"0,000";"0,690";"0,000";"2,080";"0,000";"0,030";"0,000";"0,000";"0,214";"0,901";"0,672";"0,781";"2,354";"0,274";"0,141";"0,133";
"23/01/2024 18:00";"0,691";"0,000";"0,416";"0,000";"0,514";"0,000";"1,621";"0,000";"0,000";"0,000";"0,000";"0,116";"0,753";"0,478";"0,576";"1,807";"0,186";"0,096";"0,090";
"23/01/2024 18:10";"0,839";"0,000";"0,383";"0,000";"0,510";"0,000";"1,733";"0,000";"0,000";"0,000";"0,000";"0,119";"0,878";"0,422";"0,549";"1,850";"0,117";"0,061";"0,056";
"23/01/2024 18:20";"1,363";"0,000";"1,006";"0,000";"0,655";"0,000";"3,024";"0,000";"0,110";"0,000";"0,000";"0,210";"1,373";"1,016";"0,665";"3,054";"0,030";"0,016";"0,014";
"23/01/2024 18:30";"1,272";"0,000";"0,981";"0,000";"0,530";"0,000";"2,782";"0,000";"0,012";"0,000";"0,000";"0,144";"1,272";"0,981";"0,530";"2,782";"0,000";"0,000";"0,000";
"23/01/2024 18:40";"1,261";"0,000";"0,951";"0,000";"0,526";"0,000";"2,738";"0,000";"0,000";"0,000";"0,000";"0,161";"1,261";"0,951";"0,526";"2,738";"0,000";"0,000";"0,000";
"23/01/2024 18:50";"1,429";"0,000";"1,167";"0,000";"0,750";"0,000";"3,346";"0,000";"0,031";"0,000";"0,000";"0,328";"1,429";"1,167";"0,750";"3,346";"0,000";"0,000";"0,000";
"23/01/2024 19:00";"1,337";"0,000";"1,112";"0,000";"0,686";"0,000";"3,134";"0,000";"0,015";"0,000";"0,000";"0,204";"1,337";"1,112";"0,686";"3,134";"0,000";"0,000";"0,000";
"23/01/2024 19:10";"1,256";"0,000";"0,954";"0,000";"0,817";"0,000";"3,026";"0,000";"0,000";"0,000";"0,000";"0,193";"1,256";"0,954";"0,817";"3,026";"0,000";"0,000";"0,000";
"23/01/2024 19:20";"1,339";"0,000";"1,075";"0,000";"1,053";"0,000";"3,466";"0,000";"0,105";"0,000";"0,000";"0,192";"1,339";"1,075";"1,053";"3,466";"0,000";"0,000";"0,000";
"23/01/2024 19:30";"1,320";"0,000";"1,048";"0,000";"0,998";"0,000";"3,367";"0,000";"0,033";"0,000";"0,000";"0,201";"1,320";"1,048";"0,998";"3,367";"0,000";"0,000";"0,000";
"23/01/2024 19:40";"1,250";"0,000";"0,955";"0,000";"1,017";"0,000";"3,223";"0,000";"0,000";"0,000";"0,000";"0,207";"1,250";"0,955";"1,017";"3,223";"0,000";"0,000";"0,000";
"23/01/2024 19:50";"1,261";"0,000";"1,058";"0,000";"1,066";"0,000";"3,385";"0,000";"0,028";"0,000";"0,000";"0,283";"1,261";"1,058";"1,066";"3,385";"0,000";"0,000";"0,000";
"23/01/2024 20:00";"1,329";"0,000";"1,071";"0,000";"1,174";"0,000";"3,574";"0,000";"0,003";"0,000";"0,000";"0,213";"1,329";"1,071";"1,174";"3,574";"0,000";"0,000";"0,000";
"23/01/2024 20:10";"1,255";"0,000";"0,990";"0,000";"1,033";"0,000";"3,279";"0,000";"0,000";"0,000";"0,000";"0,217";"1,255";"0,990";"1,033";"3,279";"0,000";"0,000";"0,000";
"23/01/2024 20:20";"1,055";"0,000";"0,993";"0,000";"1,044";"0,000";"3,092";"0,000";"0,000";"0,000";"0,000";"0,213";"1,055";"0,993";"1,044";"3,092";"0,000";"0,000";"0,000";
"23/01/2024 20:30";"1,108";"0,000";"1,114";"0,000";"1,190";"0,000";"3,412";"0,000";"0,030";"0,000";"0,000";"0,207";"1,108";"1,114";"1,190";"3,412";"0,000";"0,000";"0,000";
"23/01/2024 20:40";"0,976";"0,000";"0,997";"0,000";"0,993";"0,000";"2,966";"0,000";"0,000";"0,000";"0,000";"0,222";"0,976";"0,997";"0,993";"2,966";"0,000";"0,000";"0,000";
"23/01/2024 20:50";"1,153";"0,000";"0,962";"0,000";"0,930";"0,000";"3,044";"0,000";"0,000";"0,000";"0,000";"0,205";"1,153";"0,962";"0,930";"3,044";"0,000";"0,000";"0,000";
"23/01/2024 21:00";"1,365";"0,000";"1,098";"0,000";"0,845";"0,000";"3,308";"0,000";"0,031";"0,000";"0,000";"0,287";"1,365";"1,098";"0,845";"3,308";"0,000";"0,000";"0,000";
"23/01/2024 21:10";"0,997";"0,000";"1,002";"0,000";"0,629";"0,000";"2,629";"0,000";"0,000";"0,000";"0,000";"0,172";"0,997";"1,002";"0,629";"2,629";"0,000";"0,000";"0,000";
"23/01/2024 21:20";"0,983";"0,000";"0,950";"0,000";"0,565";"0,000";"2,497";"0,000";"0,000";"0,000";"0,000";"0,172";"0,983";"0,950";"0,565";"2,497";"0,000";"0,000";"0,000";
"23/01/2024 21:30";"1,163";"0,000";"1,115";"0,000";"0,590";"0,000";"2,868";"0,000";"0,109";"0,000";"0,000";"0,233";"1,163";"1,115";"0,590";"2,868";"0,000";"0,000";"0,000";
"23/01/2024 21:40";"1,071";"0,000";"0,995";"0,000";"0,357";"0,000";"2,422";"0,000";"0,000";"0,000";"0,000";"0,123";"1,071";"0,995";"0,357";"2,422";"0,000";"0,000";"0,000";
"23/01/2024 21:50";"1,148";"0,000";"0,952";"0,000";"0,308";"0,000";"2,407";"0,000";"0,000";"0,000";"0,000";"0,102";"1,148";"0,952";"0,308";"2,408";"0,000";"0,000";"0,000";
"23/01/2024 22:00";"1,432";"0,000";"1,142";"0,000";"0,484";"0,000";"3,059";"0,000";"0,032";"0,000";"0,000";"0,208";"1,432";"1,142";"0,484";"3,059";"0,000";"0,000";"0,000";
"23/01/2024 22:10";"1,108";"0,000";"0,975";"0,000";"0,287";"0,000";"2,370";"0,000";"0,000";"0,000";"0,000";"0,125";"1,108";"0,975";"0,287";"2,370";"0,000";"0,000";"0,000";
"23/01/2024 22:20";"1,095";"0,000";"0,940";"0,000";"0,244";"0,000";"2,279";"0,000";"0,000";"0,000";"0,000";"0,090";"1,095";"0,940";"0,244";"2,279";"0,000";"0,000";"0,000";
"23/01/2024 22:30";"1,189";"0,000";"1,162";"0,000";"0,437";"0,000";"2,788";"0,000";"0,035";"0,000";"0,000";"0,189";"1,189";"1,162";"0,437";"2,788";"0,000";"0,000";"0,000";
"23/01/2024 22:40";"0,984";"0,000";"0,943";"0,000";"0,243";"0,000";"2,169";"0,000";"0,000";"0,000";"0,000";"0,163";"0,984";"0,943";"0,243";"2,169";"0,000";"0,000";"0,000";
"23/01/2024 22:50";"0,983";"0,000";"0,978";"0,000";"0,243";"0,000";"2,204";"0,000";"0,000";"0,000";"0,000";"0,129";"0,983";"0,978";"0,243";"2,204";"0,000";"0,000";"0,000";
"23/01/2024 23:00";"1,154";"0,000";"1,144";"0,000";"0,401";"0,000";"2,699";"0,000";"0,115";"0,000";"0,000";"0,134";"1,154";"1,144";"0,401";"2,699";"0,000";"0,000";"0,000";
"23/01/2024 23:10";"1,205";"0,000";"0,935";"0,000";"0,261";"0,000";"2,401";"0,000";"0,000";"0,000";"0,000";"0,116";"1,205";"0,935";"0,261";"2,401";"0,000";"0,000";"0,000";
"23/01/2024 23:20";"1,313";"0,000";"0,993";"0,000";"0,260";"0,000";"2,567";"0,000";"0,000";"0,000";"0,000";"0,100";"1,313";"0,993";"0,260";"2,567";"0,000";"0,000";"0,000";
"23/01/2024 23:30";"1,211";"0,000";"1,131";"0,000";"0,454";"0,000";"2,795";"0,000";"0,035";"0,000";"0,000";"0,206";"1,211";"1,131";"0,454";"2,795";"0,000";"0,000";"0,000";
"23/01/2024 23:40";"1,097";"0,000";"0,956";"0,000";"0,247";"0,000";"2,300";"0,000";"0,000";"0,000";"0,000";"0,097";"1,097";"0,956";"0,247";"2,300";"0,000";"0,000";"0,000";
"23/01/2024 23:50";"1,098";"0,000";"0,993";"0,000";"0,313";"0,000";"2,404";"0,000";"0,000";"0,000";"0,000";"0,116";"1,098";"0,993";"0,313";"2,404";"0,000";"0,000";"0,000";
"24/01/2024 00:00";"1,247";"0,000";"1,106";"0,000";"0,755";"0,000";"3,107";"0,000";"0,147";"0,000";"0,000";"0,198";"1,247";"1,106";"0,755";"3,107";"0,000";"0,000";"0,000";
"24/01/2024 00:10";"1,084";"0,000";"0,981";"0,000";"0,534";"0,000";"2,599";"0,000";"0,000";"0,000";"0,000";"0,103";"1,084";"0,981";"0,534";"2,599";"0,000";"0,000";"0,000";
"24/01/2024 00:20";"1,093";"0,000";"0,971";"0,000";"0,638";"0,000";"2,702";"0,000";"0,000";"0,000";"0,000";"0,149";"1,093";"0,971";"0,638";"2,702";"0,000";"0,000";"0,000";
"24/01/2024 00:30";"1,220";"0,000";"1,115";"0,000";"0,835";"0,000";"3,171";"0,000";"0,030";"0,000";"0,000";"0,233";"1,220";"1,115";"0,835";"3,171";"0,000";"0,000";"0,000";
"24/01/2024 00:40";"1,123";"0,000";"0,975";"0,000";"0,649";"0,000";"2,748";"0,000";"0,000";"0,000";"0,000";"0,119";"1,123";"0,975";"0,649";"2,748";"0,000";"0,000";"0,000";
"24/01/2024 00:50";"1,281";"0,000";"1,006";"0,000";"0,663";"0,000";"2,951";"0,000";"0,000";"0,000";"0,000";"0,143";"1,281";"1,006";"0,663";"2,951";"0,000";"0,000";"0,000";
"24/01/2024 01:00";"1,196";"0,000";"1,082";"0,000";"0,856";"0,000";"3,135";"0,000";"0,032";"0,000";"0,000";"0,283";"1,196";"1,082";"0,856";"3,135";"0,000";"0,000";"0,000";
"24/01/2024 01:10";"0,992";"0,000";"0,993";"0,000";"0,666";"0,000";"2,651";"0,000";"0,000";"0,000";"0,000";"0,146";"0,992";"0,993";"0,666";"2,651";"0,000";"0,000";"0,000";
"24/01/2024 01:20";"1,008";"0,000";"0,995";"0,000";"0,654";"0,000";"2,657";"0,000";"0,000";"0,000";"0,000";"0,160";"1,008";"0,995";"0,654";"2,657";"0,000";"0,000";"0,000";
"24/01/2024 01:30";"1,118";"0,000";"1,121";"0,000";"0,847";"0,000";"3,087";"0,000";"0,032";"0,000";"0,000";"0,180";"1,118";"1,121";"0,847";"3,087";"0,000";"0,000";"0,000";
"24/01/2024 01:40";"1,019";"0,000";"0,975";"0,000";"0,652";"0,000";"2,646";"0,000";"0,000";"0,000";"0,000";"0,190";"1,019";"0,975";"0,652";"2,646";"0,000";"0,000";"0,000";
"24/01/2024 01:50";"0,992";"0,000";"1,013";"0,000";"0,653";"0,000";"2,658";"0,000";"0,000";"0,000";"0,000";"0,139";"0,992";"1,013";"0,653";"2,658";"0,000";"0,000";"0,000";
"24/01/2024 02:00";"1,112";"0,000";"1,107";"0,000";"0,850";"0,000";"3,069";"0,000";"0,036";"0,000";"0,000";"0,193";"1,112";"1,107";"0,850";"3,069";"0,000";"0,000";"0,000";
"24/01/2024 02:10";"1,021";"0,000";"0,987";"0,000";"0,591";"0,000";"2,599";"0,000";"0,000";"0,000";"0,000";"0,164";"1,021";"0,987";"0,591";"2,599";"0,000";"0,000";"0,000";
"24/01/2024 02:20";"1,027";"0,000";"1,006";"0,000";"0,499";"0,000";"2,531";"0,000";"0,000";"0,000";"0,000";"0,163";"1,027";"1,006";"0,499";"2,531";"0,000";"0,000";"0,000";
"24/01/2024 02:30";"1,118";"0,000";"1,113";"0,000";"0,736";"0,000";"2,967";"0,000";"0,031";"0,000";"0,000";"0,176";"1,118";"1,113";"0,736";"2,967";"0,000";"0,000";"0,000";
"24/01/2024 02:40";"1,105";"0,000";"0,996";"0,000";"0,539";"0,000";"2,639";"0,000";"0,000";"0,000";"0,000";"0,151";"1,105";"0,996";"0,539";"2,639";"0,000";"0,000";"0,000";
"24/01/2024 02:50";"1,267";"0,000";"1,000";"0,000";"0,538";"0,000";"2,805";"0,000";"0,000";"0,000";"0,000";"0,180";"1,267";"1,000";"0,538";"2,805";"0,000";"0,000";"0,000";
"24/01/2024 03:00";"1,158";"0,000";"1,094";"0,000";"0,695";"0,000";"2,948";"0,000";"0,141";"0,000";"0,000";"0,230";"1,158";"1,094";"0,695";"2,948";"0,000";"0,000";"0,000";
"24/01/2024 03:10";"1,008";"0,000";"0,988";"0,000";"0,517";"0,000";"2,513";"0,000";"0,000";"0,000";"0,000";"0,174";"1,008";"0,988";"0,517";"2,513";"0,000";"0,000";"0,000";
"24/01/2024 03:20";"1,000";"0,000";"0,980";"0,000";"0,244";"0,000";"2,225";"0,000";"0,000";"0,000";"0,000";"0,138";"1,000";"0,980";"0,244";"2,225";"0,000";"0,000";"0,000";
"24/01/2024 03:30";"1,139";"0,000";"1,107";"0,000";"0,399";"0,000";"2,644";"0,000";"0,109";"0,000";"0,000";"0,115";"1,139";"1,107";"0,399";"2,644";"0,000";"0,000";"0,000";
"24/01/2024 03:40";"1,004";"0,000";"0,998";"0,000";"0,244";"0,000";"2,246";"0,000";"0,000";"0,000";"0,000";"0,131";"1,004";"0,998";"0,244";"2,246";"0,000";"0,000";"0,000";
"24/01/2024 03:50";"1,083";"0,000";"0,965";"0,000";"0,244";"0,000";"2,292";"0,000";"0,004";"0,000";"0,000";"0,103";"1,083";"0,965";"0,244";"2,292";"0,000";"0,000";"0,000";
"24/01/2024 04:00";"1,250";"0,000";"1,119";"0,000";"0,442";"0,000";"2,812";"0,000";"0,052";"0,000";"0,000";"0,050";"1,250";"1,119";"0,442";"2,812";"0,000";"0,000";"0,000";
"24/01/2024 04:10";"1,122";"0,000";"0,987";"0,000";"0,243";"0,000";"2,352";"0,000";"0,003";"0,000";"0,000";"0,054";"1,122";"0,987";"0,243";"2,352";"0,000";"0,000";"0,000";
"24/01/2024 04:20";"1,097";"0,000";"0,962";"0,000";"0,243";"0,000";"2,301";"0,000";"0,005";"0,000";"0,000";"0,076";"1,097";"0,962";"0,243";"2,301";"0,000";"0,000";"0,000";
"24/01/2024 04:30";"1,453";"0,000";"1,106";"0,000";"0,432";"0,000";"2,991";"0,000";"0,036";"0,000";"0,000";"0,164";"1,453";"1,106";"0,432";"2,991";"0,000";"0,000";"0,000";
"24/01/2024 04:40";"1,266";"0,000";"0,999";"0,000";"0,241";"0,000";"2,505";"0,000";"0,002";"0,000";"0,000";"0,052";"1,266";"0,999";"0,241";"2,505";"0,000";"0,000";"0,000";
"24/01/2024 04:50";"1,009";"0,000";"0,931";"0,000";"0,242";"0,000";"2,182";"0,000";"0,000";"0,000";"0,000";"0,155";"1,009";"0,931";"0,242";"2,182";"0,000";"0,000";"0,000";
"24/01/2024 05:00";"1,163";"0,000";"1,126";"0,000";"0,396";"0,000";"2,685";"0,000";"0,105";"0,000";"0,000";"0,137";"1,163";"1,126";"0,396";"2,685";"0,000";"0,000";"0,000";
"24/01/2024 05:10";"0,975";"0,000";"0,989";"0,000";"0,242";"0,000";"2,206";"0,000";"0,000";"0,000";"0,000";"0,146";"0,975";"0,989";"0,242";"2,206";"0,000";"0,000";"0,000";
"24/01/2024 05:20";"1,397";"0,000";"1,237";"0,000";"0,481";"0,000";"3,115";"0,000";"0,094";"0,000";"0,000";"0,060";"1,397";"1,237";"0,481";"3,115";"0,000";"0,000";"0,000";
"24/01/2024 05:30";"2,421";"0,000";"1,932";"0,000";"1,571";"0,000";"5,924";"0,000";"0,084";"0,000";"0,000";"0,132";"2,421";"1,932";"1,571";"5,924";"0,000";"0,000";"0,000";
"24/01/2024 05:40";"2,420";"0,000";"1,901";"0,000";"1,613";"0,000";"5,934";"0,000";"0,011";"0,000";"0,000";"0,018";"2,420";"1,901";"1,613";"5,934";"0,000";"0,000";"0,000";
"24/01/2024 05:50";"2,271";"0,000";"1,904";"0,000";"1,617";"0,000";"5,793";"0,000";"0,026";"0,000";"0,000";"0,017";"2,271";"1,904";"1,617";"5,793";"0,000";"0,000";"0,000";
"24/01/2024 06:00";"2,891";"0,000";"2,621";"0,000";"2,547";"0,000";"8,060";"0,000";"0,977";"0,000";"0,000";"0,065";"2,891";"2,621";"2,547";"8,060";"0,000";"0,000";"0,000";
"24/01/2024 06:10";"4,339";"0,000";"3,744";"0,000";"4,133";"0,000";"12,217";"0,000";"0,823";"0,000";"0,000";"0,373";"4,339";"3,744";"4,133";"12,216";"0,000";"0,000";"0,000";
"24/01/2024 06:20";"3,868";"0,000";"3,286";"0,000";"3,490";"0,000";"10,645";"0,000";"1,368";"0,000";"0,000";"0,176";"3,868";"3,286";"3,490";"10,645";"0,000";"0,000";"0,000";
"24/01/2024 06:30";"3,975";"0,000";"3,179";"0,000";"3,387";"0,000";"10,541";"0,000";"1,480";"0,000";"0,000";"0,123";"3,975";"3,179";"3,387";"10,541";"0,000";"0,000";"0,000";
"24/01/2024 06:40";"3,605";"0,000";"3,062";"0,000";"3,514";"0,000";"10,181";"0,000";"1,465";"0,000";"0,000";"0,475";"3,605";"3,062";"3,514";"10,181";"0,000";"0,000";"0,000";
"24/01/2024 06:50";"3,040";"0,000";"2,572";"0,000";"2,897";"0,000";"8,508";"0,000";"0,975";"0,000";"0,000";"0,137";"3,040";"2,572";"2,897";"8,508";"0,000";"0,000";"0,000";
"24/01/2024 07:00";"3,965";"0,000";"3,405";"0,000";"3,785";"0,000";"11,156";"0,000";"0,736";"0,000";"0,000";"0,191";"3,965";"3,405";"3,785";"11,156";"0,000";"0,000";"0,000";
"24/01/2024 07:10";"6,206";"0,000";"5,672";"0,000";"5,986";"0,000";"17,864";"0,000";"1,816";"0,000";"0,000";"0,259";"6,206";"5,672";"5,986";"17,864";"0,000";"0,000";"0,000";
"24/01/2024 07:20";"6,584";"0,000";"6,127";"0,000";"6,472";"0,000";"19,183";"0,000";"2,886";"0,000";"0,000";"0,090";"6,584";"6,127";"6,472";"19,183";"0,000";"0,000";"0,000";
"24/01/2024 07:30";"8,374";"0,000";"8,002";"0,000";"8,369";"0,000";"24,746";"0,000";"0,921";"0,000";"0,000";"0,130";"8,374";"8,002";"8,369";"24,746";"0,000";"0,000";"0,000";
"24/01/2024 07:40";"7,023";"0,000";"6,652";"0,000";"7,019";"0,000";"20,694";"0,000";"0,730";"0,000";"0,000";"0,171";"7,023";"6,652";"7,019";"20,694";"0,000";"0,000";"0,000";
"24/01/2024 07:50";"9,057";"0,000";"8,676";"0,000";"8,988";"0,000";"26,720";"0,000";"1,398";"0,000";"0,000";"0,063";"9,057";"8,676";"8,988";"26,721";"0,000";"0,000";"0,000";
"24/01/2024 08:00";"10,026";"0,000";"9,437";"0,000";"9,644";"0,000";"29,107";"0,000";"1,986";"0,000";"0,000";"0,003";"10,026";"9,437";"9,644";"29,107";"0,000";"0,000";"0,000";
"24/01/2024 08:10";"9,219";"0,000";"8,466";"0,000";"9,383";"0,000";"27,068";"0,000";"0,848";"0,000";"0,000";"0,062";"9,219";"8,466";"9,383";"27,068";"0,000";"0,000";"0,000";
"24/01/2024 08:20";"7,166";"0,000";"6,568";"0,000";"7,600";"0,000";"21,335";"0,000";"2,159";"0,000";"0,000";"0,033";"7,166";"6,568";"7,600";"21,335";"0,000";"0,000";"0,000";
"24/01/2024 08:30";"8,435";"0,000";"7,900";"0,000";"8,598";"0,000";"24,933";"0,000";"5,409";"0,000";"0,000";"0,011";"8,435";"7,900";"8,598";"24,933";"0,000";"0,000";"0,000";
"24/01/2024 08:40";"9,247";"0,000";"8,412";"0,000";"9,038";"0,000";"26,697";"0,000";"3,959";"0,000";"0,000";"0,000";"9,247";"8,412";"9,038";"26,697";"0,000";"0,000";"0,000";
"24/01/2024 08:50";"8,525";"0,000";"7,947";"0,000";"8,656";"0,000";"25,129";"0,000";"3,630";"0,000";"0,000";"0,000";"8,525";"7,947";"8,656";"25,129";"0,000";"0,000";"0,000";
"24/01/2024 09:00";"8,752";"0,000";"8,089";"0,000";"8,869";"0,000";"25,710";"0,000";"4,064";"0,000";"0,000";"0,021";"8,769";"8,106";"8,886";"25,762";"0,052";"0,028";"0,024";
"24/01/2024 09:10";"8,601";"0,000";"8,004";"0,000";"8,733";"0,000";"25,338";"0,000";"3,387";"0,000";"0,000";"0,005";"8,649";"8,051";"8,780";"25,480";"0,142";"0,082";"0,060";
"24/01/2024 09:20";"8,839";"0,000";"7,966";"0,000";"8,629";"0,000";"25,434";"0,000";"4,709";"0,000";"0,000";"0,000";"8,933";"8,060";"8,722";"25,715";"0,281";"0,178";"0,103";
"24/01/2024 09:30";"8,492";"0,000";"7,780";"0,000";"8,449";"0,000";"24,721";"0,000";"4,904";"0,000";"0,000";"0,000";"8,642";"7,930";"8,599";"25,171";"0,450";"0,304";"0,146";
"24/01/2024 09:40";"7,927";"0,000";"7,215";"0,000";"8,137";"0,000";"23,279";"0,000";"3,785";"0,000";"0,000";"0,000";"8,136";"7,425";"8,347";"23,908";"0,629";"0,430";"0,199";
"24/01/2024 09:50";"7,646";"0,000";"6,915";"0,000";"7,720";"0,000";"22,281";"0,000";"5,487";"0,000";"0,000";"0,000";"7,950";"7,219";"8,024";"23,192";"0,911";"0,594";"0,317";
"24/01/2024 10:00";"5,833";"0,000";"5,195";"0,000";"6,152";"0,000";"17,180";"0,000";"1,191";"0,000";"0,000";"0,000";"6,218";"5,580";"6,537";"18,334";"1,154";"0,751";"0,403";
"24/01/2024 10:10";"6,005";"0,000";"5,392";"0,000";"6,302";"0,000";"17,699";"0,000";"1,544";"0,000";"0,000";"0,001";"6,517";"5,904";"6,815";"19,236";"1,537";"0,912";"0,625";
"24/01/2024 10:20";"6,038";"0,000";"5,351";"0,000";"6,354";"0,000";"17,743";"0,000";"1,248";"0,000";"0,000";"0,000";"6,710";"6,022";"7,025";"19,758";"2,015";"1,125";"0,890";
"24/01/2024 10:30";"7,859";"0,000";"7,132";"0,000";"8,102";"0,000";"23,093";"0,000";"4,218";"0,000";"0,000";"0,000";"8,644";"7,917";"8,886";"25,447";"2,354";"1,307";"1,047";
"24/01/2024 10:40";"8,197";"0,000";"7,542";"0,000";"8,417";"0,000";"24,156";"0,000";"4,459";"0,000";"0,000";"0,000";"9,076";"8,421";"9,296";"26,792";"2,636";"1,459";"1,177";
"24/01/2024 10:50";"8,062";"0,000";"7,334";"0,000";"8,335";"0,000";"23,732";"0,000";"4,728";"0,000";"0,000";"0,000";"9,027";"8,299";"9,300";"26,627";"2,895";"1,604";"1,291";
"24/01/2024 11:00";"7,650";"0,000";"6,988";"0,000";"7,889";"0,000";"22,527";"0,000";"5,834";"0,000";"0,000";"0,000";"8,697";"8,035";"8,936";"25,668";"3,141";"1,740";"1,401";
"24/01/2024 11:10";"7,957";"0,000";"7,361";"0,000";"8,149";"0,000";"23,466";"0,000";"6,230";"0,000";"0,000";"0,000";"9,085";"8,489";"9,277";"26,850";"3,384";"1,873";"1,511";
"24/01/2024 11:20";"7,476";"0,000";"6,658";"0,000";"7,485";"0,000";"21,618";"0,000";"4,515";"0,000";"0,000";"0,002";"8,731";"7,913";"8,740";"25,384";"3,766";"2,005";"1,761";
"24/01/2024 11:30";"7,156";"0,000";"6,553";"0,000";"7,420";"0,000";"21,129";"0,000";"4,648";"0,000";"0,000";"0,000";"8,589";"7,986";"8,854";"25,429";"4,300";"2,185";"2,115";
"24/01/2024 11:40";"7,464";"0,000";"6,587";"0,000";"7,397";"0,000";"21,448";"0,000";"3,359";"0,000";"0,000";"0,010";"9,000";"8,123";"8,932";"26,055";"4,607";"2,314";"2,293";
"24/01/2024 11:50";"6,930";"0,000";"5,687";"0,000";"6,433";"0,000";"19,050";"0,000";"1,794";"0,000";"0,000";"0,099";"8,533";"7,291";"8,036";"23,860";"4,810";"2,413";"2,397";
"24/01/2024 12:00";"6,762";"0,000";"5,982";"0,000";"6,604";"0,000";"19,347";"0,000";"2,108";"0,000";"0,000";"0,055";"8,424";"7,644";"8,266";"24,333";"4,986";"2,500";"2,486";
"24/01/2024 12:10";"6,303";"0,000";"5,795";"0,000";"6,633";"0,000";"18,730";"0,000";"1,678";"0,000";"0,000";"0,061";"8,024";"7,516";"8,355";"23,895";"5,165";"2,586";"2,579";
"24/01/2024 12:20";"7,599";"0,000";"7,059";"0,000";"7,540";"0,000";"22,198";"0,000";"3,256";"0,000";"0,000";"0,000";"9,386";"8,845";"9,327";"27,558";"5,360";"2,697";"2,663";
"24/01/2024 12:30";"8,480";"0,000";"7,581";"0,000";"7,946";"0,000";"24,006";"0,000";"5,500";"0,000";"0,000";"0,000";"10,322";"9,423";"9,788";"29,532";"5,526";"2,786";"2,740";
"24/01/2024 12:40";"8,162";"0,000";"7,107";"0,000";"7,525";"0,000";"22,793";"0,000";"4,631";"0,000";"0,000";"0,000";"10,046";"8,991";"9,409";"28,445";"5,652";"2,851";"2,801";
"24/01/2024 12:50";"8,089";"0,000";"7,422";"0,000";"7,933";"0,000";"23,444";"0,000";"3,850";"0,000";"0,000";"0,000";"10,005";"9,338";"9,849";"29,192";"5,748";"2,897";"2,851";
"24/01/2024 13:00";"7,508";"0,000";"6,458";"0,000";"7,056";"0,000";"21,022";"0,000";"1,825";"0,000";"0,000";"0,040";"9,449";"8,399";"8,997";"26,844";"5,822";"2,935";"2,887";
"24/01/2024 13:10";"6,484";"0,000";"5,539";"0,000";"6,090";"0,000";"18,113";"0,000";"1,364";"0,000";"0,000";"0,030";"8,440";"7,495";"8,047";"23,982";"5,869";"2,960";"2,909";
"24/01/2024 13:20";"6,543";"0,000";"5,699";"0,000";"6,308";"0,000";"18,550";"0,000";"1,962";"0,000";"0,000";"0,015";"8,503";"7,658";"8,268";"24,429";"5,879";"2,983";"2,896";
"24/01/2024 13:30";"3,699";"0,000";"2,938";"0,000";"3,426";"0,000";"10,062";"0,000";"1,249";"0,000";"0,000";"0,143";"5,654";"4,893";"5,381";"15,927";"5,865";"2,986";"2,879";
"24/01/2024 13:40";"2,663";"0,000";"2,001";"0,000";"2,395";"0,000";"7,058";"0,000";"0,524";"0,000";"0,000";"0,138";"4,608";"3,946";"4,340";"12,894";"5,836";"2,975";"2,861";
"24/01/2024 13:50";"2,149";"0,000";"1,142";"0,000";"1,324";"0,000";"4,614";"0,000";"0,123";"0,000";"0,000";"0,000";"4,092";"3,085";"3,267";"10,444";"5,830";"2,973";"2,857";
"24/01/2024 14:00";"1,473";"0,000";"0,833";"0,000";"0,918";"0,000";"3,225";"0,000";"0,124";"0,000";"0,000";"0,051";"3,411";"2,771";"2,856";"9,038";"5,813";"2,959";"2,854";
"24/01/2024 14:10";"1,218";"0,000";"0,674";"0,000";"0,354";"0,000";"2,247";"0,000";"0,165";"0,000";"0,000";"0,114";"3,147";"2,603";"2,283";"8,032";"5,785";"2,947";"2,838";
"24/01/2024 14:20";"1,211";"0,000";"0,471";"0,000";"0,207";"0,000";"1,889";"0,000";"0,032";"0,000";"0,000";"0,024";"3,117";"2,378";"2,114";"7,609";"5,720";"2,915";"2,805";
"24/01/2024 14:30";"0,980";"0,000";"0,543";"0,000";"0,261";"0,000";"1,784";"0,000";"0,047";"0,000";"0,000";"0,012";"2,854";"2,417";"2,135";"7,407";"5,623";"2,867";"2,756";
"24/01/2024 14:40";"1,134";"0,000";"0,674";"0,000";"0,398";"0,000";"2,206";"0,000";"0,177";"0,000";"0,000";"0,029";"2,973";"2,513";"2,237";"7,723";"5,517";"2,813";"2,704";
"24/01/2024 14:50";"0,977";"0,000";"0,488";"0,000";"0,200";"0,000";"1,665";"0,000";"0,072";"0,000";"0,000";"0,009";"2,777";"2,288";"2,000";"7,065";"5,400";"2,753";"2,647";
"24/01/2024 15:00";"0,902";"0,000";"0,404";"0,000";"0,163";"0,000";"1,468";"0,000";"0,028";"0,000";"0,000";"0,038";"2,646";"2,148";"1,907";"6,701";"5,233";"2,668";"2,565";
"24/01/2024 15:10";"1,034";"0,000";"0,649";"0,000";"0,428";"0,000";"2,111";"0,000";"0,133";"0,000";"0,000";"0,123";"2,717";"2,332";"2,110";"7,159";"5,048";"2,575";"2,473";
"24/01/2024 15:20";"1,077";"0,000";"0,405";"0,000";"0,183";"0,000";"1,666";"0,000";"0,058";"0,000";"0,000";"0,015";"2,697";"2,025";"1,803";"6,526";"4,860";"2,480";"2,380";
"24/01/2024 15:30";"0,879";"0,000";"0,378";"0,000";"0,164";"0,000";"1,420";"0,000";"0,060";"0,000";"0,000";"0,011";"2,432";"1,931";"1,717";"6,080";"4,660";"2,378";"2,282";
"24/01/2024 15:40";"1,060";"0,000";"0,599";"0,000";"0,389";"0,000";"2,047";"0,000";"0,172";"0,000";"0,000";"0,038";"2,532";"2,071";"1,861";"6,463";"4,416";"2,254";"2,162";
"24/01/2024 15:50";"0,839";"0,000";"0,385";"0,000";"0,288";"0,000";"1,512";"0,000";"0,036";"0,000";"0,000";"0,020";"2,228";"1,774";"1,677";"5,679";"4,167";"2,129";"2,038";
"24/01/2024 16:00";"0,820";"0,000";"0,524";"0,000";"0,615";"0,000";"1,958";"0,000";"0,021";"0,000";"0,000";"0,017";"2,118";"1,821";"1,912";"5,851";"3,893";"1,989";"1,904";
"24/01/2024 16:10";"1,169";"0,000";"0,697";"0,000";"0,751";"0,000";"2,617";"0,000";"0,212";"0,000";"0,000";"0,067";"2,372";"1,900";"1,954";"6,225";"3,608";"1,845";"1,763";
"24/01/2024 16:20";"0,808";"0,000";"0,484";"0,000";"0,623";"0,000";"1,916";"0,000";"0,018";"0,000";"0,000";"0,065";"1,916";"1,592";"1,731";"5,238";"3,322";"1,698";"1,624";
"24/01/2024 16:30";"0,862";"0,000";"0,467";"0,000";"0,646";"0,000";"1,975";"0,000";"0,020";"0,000";"0,000";"0,077";"1,862";"1,468";"1,647";"4,977";"3,002";"1,535";"1,467";
"24/01/2024 16:40";"1,117";"0,000";"0,536";"0,000";"0,676";"0,000";"2,329";"0,000";"0,139";"0,000";"0,000";"0,176";"2,008";"1,427";"1,567";"5,002";"2,673";"1,367";"1,306";
"24/01/2024 16:50";"0,844";"0,000";"0,527";"0,000";"0,264";"0,000";"1,635";"0,000";"0,030";"0,000";"0,000";"0,004";"1,626";"1,309";"1,045";"3,980";"2,345";"1,200";"1,145";
"24/01/2024 17:00";"1,202";"0,000";"0,415";"0,000";"0,177";"0,000";"1,794";"0,000";"0,004";"0,000";"0,000";"0,103";"1,857";"1,070";"0,832";"3,759";"1,965";"1,011";"0,954";
"24/01/2024 17:10";"1,200";"0,000";"0,517";"0,000";"0,311";"0,000";"2,029";"0,000";"0,155";"0,000";"0,000";"0,090";"1,741";"1,058";"0,852";"3,652";"1,623";"0,833";"0,790";
"24/01/2024 17:20";"0,770";"0,000";"0,483";"0,000";"0,231";"0,000";"1,485";"0,000";"0,015";"0,000";"0,000";"0,039";"1,187";"0,900";"0,648";"2,735";"1,250";"0,646";"0,604";
"24/01/2024 17:30";"0,767";"0,000";"0,443";"0,000";"0,230";"0,000";"1,441";"0,000";"0,001";"0,000";"0,000";"0,066";"1,062";"0,738";"0,525";"2,326";"0,885";"0,481";"0,404";
"24/01/2024 17:40";"0,944";"0,000";"0,639";"0,000";"0,476";"0,000";"2,059";"0,000";"0,055";"0,000";"0,000";"0,050";"1,136";"0,831";"0,668";"2,635";"0,576";"0,337";"0,239";
"24/01/2024 17:50";"0,750";"0,000";"0,400";"0,000";"0,202";"0,000";"1,352";"0,000";"0,001";"0,000";"0,000";"0,110";"0,877";"0,528";"0,330";"1,735";"0,383";"0,223";"0,160";
"24/01/2024 18:00";"0,867";"0,000";"0,532";"0,000";"0,288";"0,000";"1,687";"0,000";"0,020";"0,000";"0,000";"0,018";"0,945";"0,609";"0,365";"1,919";"0,232";"0,131";"0,101";
"24/01/2024 18:10";"1,083";"0,000";"0,608";"0,000";"0,422";"0,000";"2,113";"0,000";"0,042";"0,000";"0,000";"0,169";"1,125";"0,650";"0,464";"2,239";"0,126";"0,068";"0,058";
"24/01/2024 18:20";"1,032";"0,000";"0,436";"0,000";"0,221";"0,000";"1,689";"0,000";"0,010";"0,000";"0,000";"0,039";"1,050";"0,455";"0,239";"1,744";"0,055";"0,029";"0,026";
"24/01/2024 18:30";"0,829";"0,000";"0,348";"0,000";"0,142";"0,000";"1,319";"0,000";"0,000";"0,000";"0,000";"0,133";"0,833";"0,352";"0,146";"1,332";"0,013";"0,007";"0,006";
"24/01/2024 18:40";"1,096";"0,000";"0,659";"0,000";"0,417";"0,000";"2,172";"0,000";"0,041";"0,000";"0,000";"0,138";"1,096";"0,659";"0,417";"2,172";"0,000";"0,000";"0,000";
"24/01/2024 18:50";"0,873";"0,000";"0,560";"0,000";"0,308";"0,000";"1,740";"0,000";"0,025";"0,000";"0,000";"0,041";"0,873";"0,560";"0,308";"1,740";"0,000";"0,000";"0,000";
"24/01/2024 19:00";"0,860";"0,000";"0,599";"0,000";"0,683";"0,000";"2,143";"0,000";"0,009";"0,000";"0,000";"0,089";"0,860";"0,599";"0,683";"2,143";"0,000";"0,000";"0,000";
"24/01/2024 19:10";"0,968";"0,000";"0,674";"0,000";"0,834";"0,000";"2,475";"0,000";"0,095";"0,000";"0,000";"0,177";"0,968";"0,674";"0,834";"2,475";"0,000";"0,000";"0,000";
"24/01/2024 19:20";"0,832";"0,000";"0,549";"0,000";"0,717";"0,000";"2,098";"0,000";"0,011";"0,000";"0,000";"0,077";"0,832";"0,549";"0,717";"2,098";"0,000";"0,000";"0,000";
"24/01/2024 19:30";"0,852";"0,000";"0,590";"0,000";"0,835";"0,000";"2,276";"0,000";"0,003";"0,000";"0,000";"0,075";"0,852";"0,590";"0,835";"2,276";"0,000";"0,000";"0,000";
"24/01/2024 19:40";"1,245";"0,000";"0,683";"0,000";"1,240";"0,000";"3,168";"0,000";"0,032";"0,000";"0,000";"0,209";"1,245";"0,683";"1,240";"3,168";"0,000";"0,000";"0,000";
"24/01/2024 19:50";"1,105";"0,000";"0,547";"0,000";"1,062";"0,000";"2,714";"0,000";"0,000";"0,000";"0,000";"0,179";"1,105";"0,547";"1,062";"2,714";"0,000";"0,000";"0,000";
"24/01/2024 20:00";"0,832";"0,000";"0,576";"0,000";"1,198";"0,000";"2,606";"0,000";"0,000";"0,000";"0,000";"0,080";"0,832";"0,576";"1,198";"2,606";"0,000";"0,000";"0,000";
"24/01/2024 20:10";"0,627";"0,000";"0,616";"0,000";"1,205";"0,000";"2,449";"0,000";"0,035";"0,000";"0,000";"0,170";"0,627";"0,616";"1,205";"2,449";"0,000";"0,000";"0,000";
"24/01/2024 20:20";"0,642";"0,000";"0,664";"0,000";"1,241";"0,000";"2,547";"0,000";"0,004";"0,000";"0,000";"0,124";"0,642";"0,664";"1,241";"2,547";"0,000";"0,000";"0,000";
"24/01/2024 20:30";"0,749";"0,000";"0,567";"0,000";"1,157";"0,000";"2,473";"0,000";"0,000";"0,000";"0,000";"0,271";"0,749";"0,567";"1,157";"2,473";"0,000";"0,000";"0,000";
"24/01/2024 20:40";"1,182";"0,000";"0,602";"0,000";"1,114";"0,000";"2,898";"0,000";"0,039";"0,000";"0,000";"0,279";"1,182";"0,602";"1,114";"2,898";"0,000";"0,000";"0,000";
"24/01/2024 20:50";"0,845";"0,000";"0,693";"0,000";"1,259";"0,000";"2,797";"0,000";"0,004";"0,000";"0,000";"0,100";"0,845";"0,693";"1,259";"2,797";"0,000";"0,000";"0,000";
"24/01/2024 21:00";"0,503";"0,000";"0,487";"0,000";"1,061";"0,000";"2,051";"0,000";"0,001";"0,000";"0,000";"0,132";"0,503";"0,487";"1,061";"2,051";"0,000";"0,000";"0,000";
"24/01/2024 21:10";"0,569";"0,000";"0,577";"0,000";"1,131";"0,000";"2,277";"0,000";"0,029";"0,000";"0,000";"0,142";"0,569";"0,577";"1,131";"2,277";"0,000";"0,000";"0,000";
"24/01/2024 21:20";"0,676";"0,000";"0,706";"0,000";"1,293";"0,000";"2,675";"0,000";"0,006";"0,000";"0,000";"0,093";"0,676";"0,706";"1,293";"2,675";"0,000";"0,000";"0,000";
"24/01/2024 21:30";"0,559";"0,000";"0,510";"0,000";"1,090";"0,000";"2,159";"0,000";"0,003";"0,000";"0,000";"0,115";"0,559";"0,510";"1,090";"2,159";"0,000";"0,000";"0,000";
"24/01/2024 21:40";"0,828";"0,000";"0,601";"0,000";"1,155";"0,000";"2,585";"0,000";"0,002";"0,000";"0,000";"0,125";"0,828";"0,601";"1,155";"2,585";"0,000";"0,000";"0,000";
"24/01/2024 21:50";"0,776";"0,000";"0,712";"0,000";"1,291";"0,000";"2,778";"0,000";"0,041";"0,000";"0,000";"0,263";"0,776";"0,712";"1,291";"2,778";"0,000";"0,000";"0,000";
"24/01/2024 22:00";"0,615";"0,000";"0,551";"0,000";"1,155";"0,000";"2,321";"0,000";"0,004";"0,000";"0,000";"0,123";"0,615";"0,551";"1,155";"2,321";"0,000";"0,000";"0,000";
"24/01/2024 22:10";"0,560";"0,000";"0,540";"0,000";"1,088";"0,000";"2,189";"0,000";"0,000";"0,000";"0,000";"0,148";"0,560";"0,540";"1,088";"2,189";"0,000";"0,000";"0,000";
"24/01/2024 22:20";"0,721";"0,000";"0,760";"0,000";"1,345";"0,000";"2,826";"0,000";"0,038";"0,000";"0,000";"0,236";"0,721";"0,760";"1,345";"2,826";"0,000";"0,000";"0,000";
"24/01/2024 22:30";"0,796";"0,000";"0,650";"0,000";"1,191";"0,000";"2,637";"0,000";"0,000";"0,000";"0,000";"0,280";"0,796";"0,650";"1,191";"2,637";"0,000";"0,000";"0,000";
"24/01/2024 22:40";"0,796";"0,000";"0,558";"0,000";"1,041";"0,000";"2,395";"0,000";"0,000";"0,000";"0,000";"0,166";"0,796";"0,558";"1,041";"2,395";"0,000";"0,000";"0,000";
"24/01/2024 22:50";"0,896";"0,000";"0,762";"0,000";"1,341";"0,000";"2,999";"0,000";"0,032";"0,000";"0,000";"0,209";"0,896";"0,762";"1,341";"2,999";"0,000";"0,000";"0,000";
"24/01/2024 23:00";"0,962";"0,000";"0,547";"0,000";"1,080";"0,000";"2,589";"0,000";"0,000";"0,000";"0,000";"0,125";"0,962";"0,547";"1,080";"2,589";"0,000";"0,000";"0,000";
"24/01/2024 23:10";"0,556";"0,000";"0,534";"0,000";"1,108";"0,000";"2,199";"0,000";"0,001";"0,000";"0,000";"0,086";"0,556";"0,534";"1,108";"2,199";"0,000";"0,000";"0,000";
"24/01/2024 23:20";"0,666";"0,000";"0,699";"0,000";"1,295";"0,000";"2,661";"0,000";"0,031";"0,000";"0,000";"0,167";"0,666";"0,699";"1,295";"2,661";"0,000";"0,000";"0,000";
"24/01/2024 23:30";"0,620";"0,000";"0,629";"0,000";"1,144";"0,000";"2,393";"0,000";"0,004";"0,000";"0,000";"0,046";"0,620";"0,629";"1,144";"2,393";"0,000";"0,000";"0,000";
"24/01/2024 23:40";"0,875";"0,000";"0,628";"0,000";"1,171";"0,000";"2,674";"0,000";"0,000";"0,000";"0,000";"0,258";"0,875";"0,628";"1,171";"2,674";"0,000";"0,000";"0,000";
"24/01/2024 23:50";"0,947";"0,000";"0,749";"0,000";"1,257";"0,000";"2,953";"0,000";"0,028";"0,000";"0,000";"0,285";"0,947";"0,749";"1,257";"2,953";"0,000";"0,000";"0,000";
"25/01/2024 00:00";"0,586";"0,000";"0,617";"0,000";"1,141";"0,000";"2,344";"0,000";"0,000";"0,000";"0,000";"0,162";"0,586";"0,617";"1,141";"2,344";"0,000";"0,000";"0,000";
"25/01/2024 00:10";"0,540";"0,000";"0,496";"0,000";"1,092";"0,000";"2,128";"0,000";"0,000";"0,000";"0,000";"0,166";"0,540";"0,496";"1,092";"2,128";"0,000";"0,000";"0,000";
"25/01/2024 00:20";"0,980";"0,000";"0,746";"0,000";"1,181";"0,000";"2,907";"0,000";"0,130";"0,000";"0,000";"0,059";"0,980";"0,746";"1,181";"2,907";"0,000";"0,000";"0,000";
"25/01/2024 00:30";"0,790";"0,000";"0,639";"0,000";"1,045";"0,000";"2,474";"0,000";"0,000";"0,000";"0,000";"0,185";"0,790";"0,639";"1,045";"2,474";"0,000";"0,000";"0,000";
"25/01/2024 00:40";"0,535";"0,000";"0,514";"0,000";"0,878";"0,000";"1,927";"0,000";"0,000";"0,000";"0,000";"0,221";"0,535";"0,514";"0,878";"1,927";"0,000";"0,000";"0,000";
"25/01/2024 00:50";"0,702";"0,000";"0,743";"0,000";"1,033";"0,000";"2,478";"0,000";"0,045";"0,000";"0,000";"0,098";"0,702";"0,743";"1,033";"2,478";"0,000";"0,000";"0,000";
"25/01/2024 01:00";"0,628";"0,000";"0,624";"0,000";"0,799";"0,000";"2,051";"0,000";"0,005";"0,000";"0,000";"0,081";"0,628";"0,624";"0,799";"2,051";"0,000";"0,000";"0,000";
"25/01/2024 01:10";"0,600";"0,000";"0,564";"0,000";"0,717";"0,000";"1,881";"0,000";"0,000";"0,000";"0,000";"0,264";"0,600";"0,564";"0,717";"1,881";"0,000";"0,000";"0,000";
"25/01/2024 01:20";"0,707";"0,000";"0,711";"0,000";"0,849";"0,000";"2,267";"0,000";"0,032";"0,000";"0,000";"0,227";"0,707";"0,711";"0,849";"2,267";"0,000";"0,000";"0,000";
"25/01/2024 01:30";"0,613";"0,000";"0,606";"0,000";"0,696";"0,000";"1,914";"0,000";"0,001";"0,000";"0,000";"0,063";"0,613";"0,606";"0,696";"1,914";"0,000";"0,000";"0,000";
"25/01/2024 01:40";"0,906";"0,000";"0,621";"0,000";"0,692";"0,000";"2,219";"0,000";"0,011";"0,000";"0,000";"0,142";"0,906";"0,621";"0,692";"2,219";"0,000";"0,000";"0,000";
"25/01/2024 01:50";"0,982";"0,000";"0,809";"0,000";"0,772";"0,000";"2,563";"0,000";"0,111";"0,000";"0,000";"0,121";"0,982";"0,809";"0,772";"2,563";"0,000";"0,000";"0,000";
"25/01/2024 02:00";"0,743";"0,000";"0,603";"0,000";"0,671";"0,000";"2,018";"0,000";"0,001";"0,000";"0,000";"0,191";"0,743";"0,603";"0,671";"2,018";"0,000";"0,000";"0,000";
"25/01/2024 02:10";"0,756";"0,000";"0,523";"0,000";"0,582";"0,000";"1,861";"0,000";"0,002";"0,000";"0,000";"0,102";"0,756";"0,523";"0,582";"1,861";"0,000";"0,000";"0,000";
"25/01/2024 02:20";"0,762";"0,000";"0,732";"0,000";"0,837";"0,000";"2,331";"0,000";"0,144";"0,000";"0,000";"0,041";"0,762";"0,732";"0,837";"2,331";"0,000";"0,000";"0,000";
"25/01/2024 02:30";"0,752";"0,000";"0,656";"0,000";"0,794";"0,000";"2,201";"0,000";"0,000";"0,000";"0,000";"0,199";"0,752";"0,656";"0,794";"2,201";"0,000";"0,000";"0,000";
"25/01/2024 02:40";"0,887";"0,000";"0,692";"0,000";"0,762";"0,000";"2,341";"0,000";"0,000";"0,000";"0,000";"0,184";"0,887";"0,692";"0,762";"2,341";"0,000";"0,000";"0,000";
"25/01/2024 02:50";"0,778";"0,000";"0,734";"0,000";"0,989";"0,000";"2,501";"0,000";"0,042";"0,000";"0,000";"0,260";"0,778";"0,734";"0,989";"2,501";"0,000";"0,000";"0,000";
"25/01/2024 03:00";"0,632";"0,000";"0,585";"0,000";"0,778";"0,000";"1,995";"0,000";"0,000";"0,000";"0,000";"0,185";"0,632";"0,585";"0,778";"1,995";"0,000";"0,000";"0,000";
"25/01/2024 03:10";"0,594";"0,000";"0,620";"0,000";"0,811";"0,000";"2,026";"0,000";"0,011";"0,000";"0,000";"0,175";"0,594";"0,620";"0,811";"2,026";"0,000";"0,000";"0,000";
"25/01/2024 03:20";"0,854";"0,000";"0,781";"0,000";"0,996";"0,000";"2,631";"0,000";"0,155";"0,000";"0,000";"0,103";"0,854";"0,781";"0,996";"2,631";"0,000";"0,000";"0,000";
"25/01/2024 03:30";"0,882";"0,000";"0,535";"0,000";"0,752";"0,000";"2,169";"0,000";"0,000";"0,000";"0,000";"0,152";"0,882";"0,535";"0,752";"2,169";"0,000";"0,000";"0,000";
"25/01/2024 03:40";"0,727";"0,000";"0,637";"0,000";"0,799";"0,000";"2,164";"0,000";"0,014";"0,000";"0,000";"0,106";"0,727";"0,637";"0,799";"2,164";"0,000";"0,000";"0,000";
"25/01/2024 03:50";"0,783";"0,000";"0,681";"0,000";"0,875";"0,000";"2,338";"0,000";"0,119";"0,000";"0,000";"0,101";"0,783";"0,681";"0,875";"2,338";"0,000";"0,000";"0,000";
"25/01/2024 04:00";"0,745";"0,000";"0,558";"0,000";"0,790";"0,000";"2,093";"0,000";"0,004";"0,000";"0,000";"0,052";"0,745";"0,558";"0,790";"2,093";"0,000";"0,000";"0,000";
"25/01/2024 04:10";"0,984";"0,000";"0,629";"0,000";"0,837";"0,000";"2,451";"0,000";"0,015";"0,000";"0,000";"0,052";"0,984";"0,629";"0,837";"2,451";"0,000";"0,000";"0,000";
"25/01/2024 04:20";"1,284";"0,000";"0,828";"0,000";"0,849";"0,000";"2,962";"0,000";"0,030";"0,000";"0,000";"0,203";"1,284";"0,828";"0,849";"2,962";"0,000";"0,000";"0,000";
"25/01/2024 04:30";"0,699";"0,000";"0,588";"0,000";"0,666";"0,000";"1,953";"0,000";"0,018";"0,000";"0,000";"0,092";"0,699";"0,588";"0,666";"1,953";"0,000";"0,000";"0,000";
"25/01/2024 04:40";"0,633";"0,000";"0,624";"0,000";"0,663";"0,000";"1,920";"0,000";"0,000";"0,000";"0,000";"0,167";"0,633";"0,624";"0,663";"1,920";"0,000";"0,000";"0,000";
"25/01/2024 04:50";"1,003";"0,000";"0,875";"0,000";"0,863";"0,000";"2,740";"0,000";"0,045";"0,000";"0,000";"0,294";"1,003";"0,875";"0,863";"2,740";"0,000";"0,000";"0,000";
"25/01/2024 05:00";"0,741";"0,000";"0,621";"0,000";"0,615";"0,000";"1,978";"0,000";"0,001";"0,000";"0,000";"0,164";"0,741";"0,621";"0,615";"1,978";"0,000";"0,000";"0,000";
"25/01/2024 05:10";"0,643";"0,000";"0,612";"0,000";"0,668";"0,000";"1,924";"0,000";"0,008";"0,000";"0,000";"0,169";"0,643";"0,612";"0,668";"1,924";"0,000";"0,000";"0,000";
"25/01/2024 05:20";"0,810";"0,000";"0,787";"0,000";"0,847";"0,000";"2,445";"0,000";"0,111";"0,000";"0,000";"0,316";"0,810";"0,787";"0,847";"2,445";"0,000";"0,000";"0,000";
"25/01/2024 05:30";"1,771";"0,000";"1,360";"0,000";"1,274";"0,000";"4,405";"0,000";"0,104";"0,000";"0,000";"0,066";"1,771";"1,360";"1,274";"4,405";"0,000";"0,000";"0,000";
"25/01/2024 05:40";"2,049";"0,000";"1,456";"0,000";"1,957";"0,000";"5,462";"0,000";"0,053";"0,000";"0,000";"0,049";"2,049";"1,456";"1,957";"5,462";"0,000";"0,000";"0,000";
"25/01/2024 05:50";"2,134";"0,000";"1,693";"0,000";"2,277";"0,000";"6,103";"0,000";"0,064";"0,000";"0,000";"0,221";"2,134";"1,693";"2,277";"6,103";"0,000";"0,000";"0,000";
"25/01/2024 06:00";"3,181";"0,000";"2,695";"0,000";"3,314";"0,000";"9,190";"0,000";"0,488";"0,000";"0,000";"0,153";"3,181";"2,695";"3,314";"9,190";"0,000";"0,000";"0,000";
"25/01/2024 06:10";"3,432";"0,000";"2,695";"0,000";"3,319";"0,000";"9,446";"0,000";"0,991";"0,000";"0,000";"0,294";"3,432";"2,695";"3,319";"9,446";"0,000";"0,000";"0,000";
"25/01/2024 06:20";"3,858";"0,000";"2,790";"0,000";"3,338";"0,000";"9,986";"0,000";"0,889";"0,000";"0,000";"0,261";"3,858";"2,790";"3,338";"9,986";"0,000";"0,000";"0,000";
"25/01/2024 06:30";"3,616";"0,000";"2,907";"0,000";"3,427";"0,000";"9,950";"0,000";"1,562";"0,000";"0,000";"0,403";"3,616";"2,907";"3,427";"9,950";"0,000";"0,000";"0,000";
"25/01/2024 06:40";"3,422";"0,000";"2,784";"0,000";"3,728";"0,000";"9,934";"0,000";"1,398";"0,000";"0,000";"0,578";"3,422";"2,784";"3,728";"9,934";"0,000";"0,000";"0,000";
"25/01/2024 06:50";"2,532";"0,000";"2,219";"0,000";"3,110";"0,000";"7,860";"0,000";"0,944";"0,000";"0,000";"0,105";"2,532";"2,219";"3,110";"7,860";"0,000";"0,000";"0,000";
"25/01/2024 07:00";"3,420";"0,000";"2,814";"0,000";"3,690";"0,000";"9,924";"0,000";"1,228";"0,000";"0,000";"0,290";"3,420";"2,814";"3,690";"9,924";"0,000";"0,000";"0,000";
"25/01/2024 07:10";"2,773";"0,000";"2,410";"0,000";"3,204";"0,000";"8,387";"0,000";"1,212";"0,000";"0,000";"0,321";"2,773";"2,410";"3,204";"8,387";"0,000";"0,000";"0,000";
"25/01/2024 07:20";"2,786";"0,000";"2,519";"0,000";"3,129";"0,000";"8,435";"0,000";"1,076";"0,000";"0,000";"0,395";"2,786";"2,519";"3,129";"8,435";"0,000";"0,000";"0,000";
"25/01/2024 07:30";"5,392";"0,000";"4,569";"0,000";"5,217";"0,000";"15,178";"0,000";"1,101";"0,000";"0,000";"0,141";"5,392";"4,569";"5,217";"15,178";"0,000";"0,000";"0,000";
"25/01/2024 07:40";"4,878";"0,000";"4,329";"0,000";"5,021";"0,000";"14,228";"0,000";"0,446";"0,000";"0,000";"0,293";"4,878";"4,329";"5,021";"14,228";"0,000";"0,000";"0,000";
"25/01/2024 07:50";"3,191";"0,000";"2,619";"0,000";"3,255";"0,000";"9,065";"0,000";"1,075";"0,000";"0,000";"0,857";"3,191";"2,619";"3,255";"9,065";"0,000";"0,000";"0,000";
"25/01/2024 08:00";"3,283";"0,000";"2,622";"0,000";"3,431";"0,000";"9,336";"0,000";"1,058";"0,000";"0,000";"0,393";"3,283";"2,622";"3,431";"9,336";"0,000";"0,000";"0,000";
"25/01/2024 08:10";"3,709";"0,000";"2,954";"0,000";"3,812";"0,000";"10,474";"0,000";"1,583";"0,000";"0,000";"0,553";"3,709";"2,954";"3,812";"10,474";"0,000";"0,000";"0,000";
"25/01/2024 08:20";"3,131";"0,000";"2,720";"0,000";"3,320";"0,000";"9,170";"0,000";"1,157";"0,000";"0,000";"0,241";"3,131";"2,720";"3,320";"9,170";"0,000";"0,000";"0,000";
"25/01/2024 08:30";"3,563";"0,000";"3,009";"0,000";"3,662";"0,000";"10,234";"0,000";"1,889";"0,000";"0,000";"0,665";"3,563";"3,009";"3,662";"10,234";"0,000";"0,000";"0,000";
"25/01/2024 08:40";"3,756";"0,000";"2,871";"0,000";"3,597";"0,000";"10,223";"0,000";"1,425";"0,000";"0,000";"0,651";"3,756";"2,871";"3,597";"10,223";"0,000";"0,000";"0,000";
"25/01/2024 08:50";"4,004";"0,000";"3,588";"0,000";"4,016";"0,000";"11,607";"0,000";"1,918";"0,000";"0,000";"0,376";"4,004";"3,588";"4,016";"11,607";"0,000";"0,000";"0,000";
"25/01/2024 09:00";"4,805";"0,000";"4,314";"0,000";"5,053";"0,000";"14,173";"0,000";"2,324";"0,000";"0,000";"0,318";"4,826";"4,335";"5,074";"14,236";"0,063";"0,034";"0,029";
"25/01/2024 09:10";"5,109";"0,000";"4,074";"0,000";"4,973";"0,000";"14,156";"0,000";"1,456";"0,000";"0,000";"0,743";"5,164";"4,130";"5,028";"14,323";"0,167";"0,093";"0,074";
"25/01/2024 09:20";"2,838";"0,000";"2,502";"0,000";"3,215";"0,000";"8,555";"0,000";"0,950";"0,000";"0,000";"0,244";"2,936";"2,600";"3,313";"8,849";"0,294";"0,171";"0,123";
"25/01/2024 09:30";"3,405";"0,000";"2,921";"0,000";"3,724";"0,000";"10,049";"0,000";"1,046";"0,000";"0,000";"0,368";"3,553";"3,068";"3,871";"10,492";"0,443";"0,269";"0,174";
"25/01/2024 09:40";"3,569";"0,000";"2,775";"0,000";"3,545";"0,000";"9,888";"0,000";"1,326";"0,000";"0,000";"0,193";"3,775";"2,981";"3,751";"10,508";"0,620";"0,392";"0,228";
"25/01/2024 09:50";"2,672";"0,000";"2,192";"0,000";"3,059";"0,000";"7,923";"0,000";"0,996";"0,000";"0,000";"0,134";"2,947";"2,467";"3,333";"8,747";"0,824";"0,532";"0,292";
"25/01/2024 10:00";"2,151";"0,000";"1,835";"0,000";"2,691";"0,000";"6,678";"0,000";"0,518";"0,000";"0,000";"0,018";"2,511";"2,195";"3,051";"7,757";"1,079";"0,681";"0,398";
"25/01/2024 10:10";"2,206";"0,000";"1,880";"0,000";"2,724";"0,000";"6,811";"0,000";"0,235";"0,000";"0,000";"0,000";"2,700";"2,374";"3,217";"8,291";"1,480";"0,864";"0,616";
"25/01/2024 10:20";"2,774";"0,000";"2,206";"0,000";"3,133";"0,000";"8,113";"0,000";"0,813";"0,000";"0,000";"0,126";"3,412";"2,844";"3,771";"10,027";"1,914";"1,073";"0,841";
"25/01/2024 10:30";"3,515";"0,000";"2,617";"0,000";"3,266";"0,000";"9,399";"0,000";"1,222";"0,000";"0,000";"0,417";"4,261";"3,363";"4,012";"11,635";"2,236";"1,249";"0,987";
"25/01/2024 10:40";"3,632";"0,000";"2,704";"0,000";"3,533";"0,000";"9,869";"0,000";"1,644";"0,000";"0,000";"0,344";"4,473";"3,545";"4,374";"12,392";"2,523";"1,404";"1,119";
"25/01/2024 10:50";"3,020";"0,000";"2,650";"0,000";"3,371";"0,000";"9,041";"0,000";"1,493";"0,000";"0,000";"0,327";"3,944";"3,574";"4,294";"11,811";"2,770";"1,540";"1,230";
"25/01/2024 11:00";"2,964";"0,000";"2,627";"0,000";"3,186";"0,000";"8,776";"0,000";"1,148";"0,000";"0,000";"0,192";"3,962";"3,625";"4,184";"11,770";"2,994";"1,665";"1,329";
"25/01/2024 11:10";"3,279";"0,000";"2,888";"0,000";"3,317";"0,000";"9,484";"0,000";"1,280";"0,000";"0,000";"0,280";"4,358";"3,967";"4,397";"12,722";"3,238";"1,794";"1,444";
"25/01/2024 11:20";"3,059";"0,000";"2,484";"0,000";"2,849";"0,000";"8,392";"0,000";"1,793";"0,000";"0,000";"0,136";"4,284";"3,709";"4,073";"12,066";"3,674";"1,922";"1,752";
"25/01/2024 11:30";"3,392";"0,000";"2,837";"0,000";"3,412";"0,000";"9,641";"0,000";"1,692";"0,000";"0,000";"0,311";"4,779";"4,223";"4,799";"13,801";"4,160";"2,108";"2,052";
"25/01/2024 11:40";"4,604";"0,000";"3,495";"0,000";"3,863";"0,000";"11,962";"0,000";"1,080";"0,000";"0,000";"0,372";"6,086";"4,978";"5,346";"16,410";"4,448";"2,243";"2,205";
"25/01/2024 11:50";"5,003";"0,000";"4,347";"0,000";"4,750";"0,000";"14,101";"0,000";"2,101";"0,000";"0,000";"0,183";"6,564";"5,908";"6,311";"18,783";"4,682";"2,358";"2,324";
"25/01/2024 12:00";"4,735";"0,000";"4,104";"0,000";"4,907";"0,000";"13,745";"0,000";"1,397";"0,000";"0,000";"0,091";"6,357";"5,726";"6,529";"18,612";"4,867";"2,449";"2,418";
"25/01/2024 12:10";"6,231";"0,000";"5,463";"0,000";"6,121";"0,000";"17,815";"0,000";"2,679";"0,000";"0,000";"0,084";"7,920";"7,152";"7,810";"22,882";"5,067";"2,550";"2,517";
"25/01/2024 12:20";"6,167";"0,000";"5,288";"0,000";"5,891";"0,000";"17,346";"0,000";"3,209";"0,000";"0,000";"0,119";"7,931";"7,051";"7,654";"22,636";"5,290";"2,674";"2,616";
"25/01/2024 12:30";"4,157";"0,000";"3,455";"0,000";"4,104";"0,000";"11,717";"0,000";"0,656";"0,000";"0,000";"0,146";"5,978";"5,276";"5,925";"17,180";"5,463";"2,766";"2,697";
"25/01/2024 12:40";"4,232";"0,000";"3,568";"0,000";"4,172";"0,000";"11,971";"0,000";"1,155";"0,000";"0,000";"0,428";"6,092";"5,427";"6,031";"17,550";"5,579";"2,825";"2,754";
"25/01/2024 12:50";"4,352";"0,000";"3,416";"0,000";"4,118";"0,000";"11,886";"0,000";"1,318";"0,000";"0,000";"0,474";"6,245";"5,309";"6,010";"17,564";"5,678";"2,873";"2,805";
"25/01/2024 13:00";"3,899";"0,000";"3,228";"0,000";"3,716";"0,000";"10,843";"0,000";"0,544";"0,000";"0,000";"0,129";"5,828";"5,158";"5,645";"16,631";"5,788";"2,929";"2,859";
"25/01/2024 13:10";"4,294";"0,000";"3,829";"0,000";"4,415";"0,000";"12,538";"0,000";"1,020";"0,000";"0,000";"0,164";"6,247";"5,782";"6,368";"18,396";"5,858";"2,965";"2,893";
"25/01/2024 13:20";"3,595";"0,000";"2,892";"0,000";"3,295";"0,000";"9,782";"0,000";"1,078";"0,000";"0,000";"0,188";"5,562";"4,858";"5,261";"15,681";"5,899";"3,004";"2,895";
"25/01/2024 13:30";"3,200";"0,000";"2,764";"0,000";"3,133";"0,000";"9,098";"0,000";"1,661";"0,000";"0,000";"0,302";"5,191";"4,755";"5,124";"15,071";"5,973";"3,047";"2,926";
"25/01/2024 13:40";"2,824";"0,000";"1,989";"0,000";"2,243";"0,000";"7,056";"0,000";"0,758";"0,000";"0,000";"0,110";"4,783";"3,948";"4,203";"12,935";"5,879";"3,001";"2,878";
"25/01/2024 13:50";"1,796";"0,000";"1,313";"0,000";"1,037";"0,000";"4,145";"0,000";"0,473";"0,000";"0,000";"0,099";"3,742";"3,259";"2,983";"9,985";"5,840";"2,983";"2,857";
"25/01/2024 14:00";"1,100";"0,000";"0,769";"0,000";"0,774";"0,000";"2,643";"0,000";"0,275";"0,000";"0,000";"0,000";"3,026";"2,695";"2,700";"8,421";"5,778";"2,962";"2,816";
"25/01/2024 14:10";"1,130";"0,000";"0,791";"0,000";"0,807";"0,000";"2,728";"0,000";"0,308";"0,000";"0,000";"0,000";"3,032";"2,693";"2,708";"8,433";"5,705";"2,920";"2,785";
"25/01/2024 14:20";"1,142";"0,000";"0,878";"0,000";"0,873";"0,000";"2,893";"0,000";"0,360";"0,000";"0,000";"0,082";"3,008";"2,743";"2,738";"8,489";"5,596";"2,867";"2,729";
"25/01/2024 14:30";"1,046";"0,000";"0,774";"0,000";"0,744";"0,000";"2,564";"0,000";"0,303";"0,000";"0,000";"0,000";"2,771";"2,500";"2,469";"7,741";"5,177";"2,650";"2,527";
"25/01/2024 14:40";"1,111";"0,000";"0,770";"0,000";"0,766";"0,000";"2,646";"0,000";"0,254";"0,000";"0,000";"0,012";"2,727";"2,386";"2,382";"7,495";"4,849";"2,481";"2,368";
"25/01/2024 14:50";"1,329";"0,000";"0,865";"0,000";"0,906";"0,000";"3,100";"0,000";"0,371";"0,000";"0,000";"0,308";"3,054";"2,590";"2,631";"8,275";"5,175";"2,648";"2,527";
"25/01/2024 15:00";"0,913";"0,000";"0,682";"0,000";"0,843";"0,000";"2,438";"0,000";"0,458";"0,000";"0,000";"0,153";"2,569";"2,338";"2,499";"7,406";"4,968";"2,541";"2,427";
"25/01/2024 15:10";"0,874";"0,000";"0,529";"0,000";"0,674";"0,000";"2,077";"0,000";"0,282";"0,000";"0,000";"0,000";"2,523";"2,178";"2,323";"7,024";"4,947";"2,531";"2,416";
"25/01/2024 15:20";"1,084";"0,000";"0,773";"0,000";"0,921";"0,000";"2,778";"0,000";"0,372";"0,000";"0,000";"0,087";"2,583";"2,272";"2,420";"7,275";"4,497";"2,301";"2,196";
"25/01/2024 15:30";"1,332";"0,000";"0,711";"0,000";"0,898";"0,000";"2,942";"0,000";"0,519";"0,000";"0,000";"0,089";"2,727";"2,106";"2,293";"7,126";"4,184";"2,143";"2,041";
"25/01/2024 15:40";"1,086";"0,000";"0,570";"0,000";"0,705";"0,000";"2,361";"0,000";"0,364";"0,000";"0,000";"0,000";"2,515";"1,998";"2,133";"6,646";"4,285";"2,191";"2,094";
"25/01/2024 15:50";"1,103";"0,000";"0,747";"0,000";"0,978";"0,000";"2,827";"0,000";"0,349";"0,000";"0,000";"0,113";"2,451";"2,095";"2,327";"6,873";"4,046";"2,068";"1,978";
"25/01/2024 16:00";"1,113";"0,000";"0,492";"0,000";"0,819";"0,000";"2,424";"0,000";"0,228";"0,000";"0,000";"0,000";"2,304";"1,683";"2,010";"5,997";"3,573";"1,828";"1,745";
"25/01/2024 16:10";"1,212";"0,000";"0,651";"0,000";"1,017";"0,000";"2,879";"0,000";"0,241";"0,000";"0,000";"0,000";"2,304";"1,742";"2,108";"6,154";"3,275";"1,676";"1,599";
"25/01/2024 16:20";"1,109";"0,000";"0,671";"0,000";"1,115";"0,000";"2,895";"0,000";"0,287";"0,000";"0,000";"0,020";"2,050";"1,612";"2,056";"5,718";"2,823";"1,445";"1,378";
"25/01/2024 16:30";"1,168";"0,000";"0,583";"0,000";"0,962";"0,000";"2,713";"0,000";"0,205";"0,000";"0,000";"0,024";"2,137";"1,553";"1,931";"5,621";"2,908";"1,488";"1,420";
"25/01/2024 16:40";"1,055";"0,000";"0,626";"0,000";"0,764";"0,000";"2,445";"0,000";"0,273";"0,000";"0,000";"0,000";"1,947";"1,518";"1,656";"5,121";"2,676";"1,369";"1,307";
"25/01/2024 16:50";"1,175";"0,000";"0,598";"0,000";"0,812";"0,000";"2,586";"0,000";"0,321";"0,000";"0,000";"0,004";"1,946";"1,368";"1,583";"4,897";"2,311";"1,184";"1,127";
"25/01/2024 17:00";"1,093";"0,000";"0,656";"0,000";"0,861";"0,000";"2,610";"0,000";"0,255";"0,000";"0,000";"0,006";"1,738";"1,300";"1,506";"4,543";"1,933";"0,991";"0,942";
"25/01/2024 17:10";"0,972";"0,000";"0,545";"0,000";"0,682";"0,000";"2,199";"0,000";"0,283";"0,000";"0,000";"0,000";"1,523";"1,096";"1,233";"3,852";"1,653";"0,847";"0,806";
"25/01/2024 17:20";"1,121";"0,000";"0,659";"0,000";"0,830";"0,000";"2,610";"0,000";"0,351";"0,000";"0,000";"0,086";"1,473";"1,011";"1,182";"3,667";"1,057";"0,542";"0,515";
"25/01/2024 17:30";"1,290";"0,000";"0,827";"0,000";"1,020";"0,000";"3,136";"0,000";"0,429";"0,000";"0,000";"0,168";"1,642";"1,180";"1,372";"4,194";"1,058";"0,550";"0,508";
"25/01/2024 17:40";"1,191";"0,000";"0,578";"0,000";"0,714";"0,000";"2,484";"0,000";"0,271";"0,000";"0,000";"0,000";"1,453";"0,840";"0,976";"3,270";"0,786";"0,421";"0,365";
"25/01/2024 17:50";"1,070";"0,000";"0,602";"0,000";"0,755";"0,000";"2,428";"0,000";"0,336";"0,000";"0,000";"0,010";"1,233";"0,765";"0,918";"2,916";"0,488";"0,261";"0,227";
"25/01/2024 18:00";"1,316";"0,000";"0,692";"0,000";"0,861";"0,000";"2,868";"0,000";"0,196";"0,000";"0,000";"0,025";"1,415";"0,791";"0,960";"3,167";"0,299";"0,157";"0,142";
"25/01/2024 18:10";"1,259";"0,000";"0,595";"0,000";"0,715";"0,000";"2,569";"0,000";"0,274";"0,000";"0,000";"0,000";"1,307";"0,644";"0,764";"2,715";"0,146";"0,077";"0,069";
"25/01/2024 18:20";"0,971";"0,000";"0,541";"0,000";"0,681";"0,000";"2,193";"0,000";"0,226";"0,000";"0,000";"0,000";"0,987";"0,557";"0,697";"2,240";"0,047";"0,025";"0,022";
"25/01/2024 18:30";"1,245";"0,000";"0,742";"0,000";"0,902";"0,000";"2,889";"0,000";"0,287";"0,000";"0,000";"0,083";"1,245";"0,743";"0,903";"2,891";"0,002";"0,001";"0,001";
"25/01/2024 18:40";"1,004";"0,000";"0,568";"0,000";"0,636";"0,000";"2,208";"0,000";"0,176";"0,000";"0,000";"0,000";"1,004";"0,568";"0,636";"2,208";"0,000";"0,000";"0,000";
"25/01/2024 18:50";"0,859";"0,000";"0,603";"0,000";"0,666";"0,000";"2,128";"0,000";"0,206";"0,000";"0,000";"0,000";"0,859";"0,603";"0,666";"2,128";"0,000";"0,000";"0,000";
"25/01/2024 19:00";"1,134";"0,000";"0,901";"0,000";"1,072";"0,000";"3,107";"0,000";"0,299";"0,000";"0,000";"0,087";"1,134";"0,901";"1,072";"3,107";"0,000";"0,000";"0,000";
"25/01/2024 19:10";"1,208";"0,000";"0,903";"0,000";"1,119";"0,000";"3,230";"0,000";"0,515";"0,000";"0,000";"0,600";"1,208";"0,903";"1,119";"3,230";"0,000";"0,000";"0,000";
"25/01/2024 19:20";"0,982";"0,000";"0,728";"0,000";"1,175";"0,000";"2,885";"0,000";"0,261";"0,000";"0,000";"0,000";"0,982";"0,728";"1,175";"2,885";"0,000";"0,000";"0,000";
"25/01/2024 19:30";"1,216";"0,000";"0,832";"0,000";"1,333";"0,000";"3,382";"0,000";"0,247";"0,000";"0,000";"0,115";"1,216";"0,832";"1,333";"3,382";"0,000";"0,000";"0,000";
"25/01/2024 19:40";"1,176";"0,000";"0,652";"0,000";"1,117";"0,000";"2,945";"0,000";"0,194";"0,000";"0,000";"0,000";"1,176";"0,652";"1,117";"2,945";"0,000";"0,000";"0,000";
"25/01/2024 19:50";"0,950";"0,000";"0,718";"0,000";"1,149";"0,000";"2,817";"0,000";"0,215";"0,000";"0,000";"0,000";"0,950";"0,718";"1,149";"2,817";"0,000";"0,000";"0,000";
"25/01/2024 20:00";"1,326";"0,000";"0,794";"0,000";"1,231";"0,000";"3,351";"0,000";"0,345";"0,000";"0,000";"0,008";"1,326";"0,794";"1,231";"3,351";"0,000";"0,000";"0,000";
"25/01/2024 20:10";"0,983";"0,000";"0,711";"0,000";"1,173";"0,000";"2,866";"0,000";"0,269";"0,000";"0,000";"0,000";"0,983";"0,711";"1,173";"2,866";"0,000";"0,000";"0,000";
"25/01/2024 20:20";"0,655";"0,000";"0,662";"0,000";"1,095";"0,000";"2,413";"0,000";"0,192";"0,000";"0,000";"0,000";"0,655";"0,662";"1,095";"2,413";"0,000";"0,000";"0,000";
"25/01/2024 20:30";"1,010";"0,000";"0,849";"0,000";"1,277";"0,000";"3,137";"0,000";"0,239";"0,000";"0,000";"0,017";"1,010";"0,849";"1,277";"3,137";"0,000";"0,000";"0,000";
"25/01/2024 20:40";"0,743";"0,000";"0,655";"0,000";"1,007";"0,000";"2,405";"0,000";"0,210";"0,000";"0,000";"0,000";"0,743";"0,655";"1,007";"2,405";"0,000";"0,000";"0,000";
"25/01/2024 20:50";"1,379";"0,000";"0,897";"0,000";"1,092";"0,000";"3,368";"0,000";"0,398";"0,000";"0,000";"0,072";"1,379";"0,897";"1,092";"3,368";"0,000";"0,000";"0,000";
"25/01/2024 21:00";"1,187";"0,000";"0,859";"0,000";"1,039";"0,000";"3,085";"0,000";"0,135";"0,000";"0,000";"0,515";"1,187";"0,859";"1,039";"3,085";"0,000";"0,000";"0,000";
"25/01/2024 21:10";"0,749";"0,000";"0,644";"0,000";"0,754";"0,000";"2,146";"0,000";"0,195";"0,000";"0,000";"0,000";"0,749";"0,644";"0,754";"2,146";"0,000";"0,000";"0,000";
"25/01/2024 21:20";"0,738";"0,000";"0,740";"0,000";"0,809";"0,000";"2,286";"0,000";"0,170";"0,000";"0,000";"0,011";"0,738";"0,740";"0,809";"2,286";"0,000";"0,000";"0,000";
"25/01/2024 21:30";"0,807";"0,000";"0,795";"0,000";"0,801";"0,000";"2,403";"0,000";"0,275";"0,000";"0,000";"0,116";"0,807";"0,795";"0,801";"2,403";"0,000";"0,000";"0,000";
"25/01/2024 21:40";"0,853";"0,000";"0,658";"0,000";"0,431";"0,000";"1,942";"0,000";"0,357";"0,000";"0,000";"0,000";"0,853";"0,658";"0,431";"1,942";"0,000";"0,000";"0,000";
"25/01/2024 21:50";"1,081";"0,000";"0,769";"0,000";"0,484";"0,000";"2,334";"0,000";"0,422";"0,000";"0,000";"0,000";"1,081";"0,769";"0,484";"2,334";"0,000";"0,000";"0,000";
"25/01/2024 22:00";"1,258";"0,000";"0,772";"0,000";"0,597";"0,000";"2,626";"0,000";"0,357";"0,000";"0,000";"0,090";"1,258";"0,772";"0,597";"2,626";"0,000";"0,000";"0,000";
"25/01/2024 22:10";"0,842";"0,000";"0,718";"0,000";"0,466";"0,000";"2,026";"0,000";"0,424";"0,000";"0,000";"0,000";"0,842";"0,718";"0,466";"2,026";"0,000";"0,000";"0,000";
"25/01/2024 22:20";"0,779";"0,000";"0,657";"0,000";"0,415";"0,000";"1,851";"0,000";"0,329";"0,000";"0,000";"0,000";"0,779";"0,657";"0,415";"1,851";"0,000";"0,000";"0,000";
"25/01/2024 22:30";"1,114";"0,000";"0,824";"0,000";"0,643";"0,000";"2,581";"0,000";"0,400";"0,000";"0,000";"0,096";"1,114";"0,824";"0,643";"2,581";"0,000";"0,000";"0,000";
"25/01/2024 22:40";"1,132";"0,000";"0,919";"0,000";"0,692";"0,000";"2,743";"0,000";"0,420";"0,000";"0,000";"0,259";"1,132";"0,919";"0,692";"2,743";"0,000";"0,000";"0,000";
"25/01/2024 22:50";"0,965";"0,000";"0,613";"0,000";"0,372";"0,000";"1,950";"0,000";"0,315";"0,000";"0,000";"0,000";"0,965";"0,613";"0,372";"1,950";"0,000";"0,000";"0,000";
"25/01/2024 23:00";"1,134";"0,000";"0,887";"0,000";"0,683";"0,000";"2,704";"0,000";"0,425";"0,000";"0,000";"0,101";"1,134";"0,887";"0,683";"2,704";"0,000";"0,000";"0,000";
"25/01/2024 23:10";"1,027";"0,000";"0,638";"0,000";"0,410";"0,000";"2,076";"0,000";"0,355";"0,000";"0,000";"0,000";"1,027";"0,638";"0,410";"2,076";"0,000";"0,000";"0,000";
"25/01/2024 23:20";"0,831";"0,000";"0,665";"0,000";"0,445";"0,000";"1,941";"0,000";"0,376";"0,000";"0,000";"0,000";"0,831";"0,665";"0,445";"1,941";"0,000";"0,000";"0,000";
"25/01/2024 23:30";"0,951";"0,000";"0,878";"0,000";"0,637";"0,000";"2,466";"0,000";"0,320";"0,000";"0,000";"0,033";"0,951";"0,878";"0,637";"2,466";"0,000";"0,000";"0,000";
"25/01/2024 23:40";"0,796";"0,000";"0,650";"0,000";"0,432";"0,000";"1,878";"0,000";"0,243";"0,000";"0,000";"0,000";"0,796";"0,650";"0,432";"1,878";"0,000";"0,000";"0,000";
"25/01/2024 23:50";"0,845";"0,000";"0,704";"0,000";"0,473";"0,000";"2,022";"0,000";"0,402";"0,000";"0,000";"0,000";"0,845";"0,704";"0,473";"2,022";"0,000";"0,000";"0,000";
"26/01/2024 00:00";"0,997";"0,000";"0,882";"0,000";"0,650";"0,000";"2,530";"0,000";"0,407";"0,000";"0,000";"0,079";"0,997";"0,882";"0,650";"2,530";"0,000";"0,000";"0,000";
"26/01/2024 00:10";"0,956";"0,000";"0,711";"0,000";"0,761";"0,000";"2,427";"0,000";"0,191";"0,000";"0,000";"0,000";"0,956";"0,711";"0,761";"2,427";"0,000";"0,000";"0,000";
"26/01/2024 00:20";"1,206";"0,000";"0,899";"0,000";"1,041";"0,000";"3,147";"0,000";"0,412";"0,000";"0,000";"0,139";"1,206";"0,899";"1,041";"3,147";"0,000";"0,000";"0,000";
"26/01/2024 00:30";"0,910";"0,000";"0,845";"0,000";"0,954";"0,000";"2,709";"0,000";"0,283";"0,000";"0,000";"0,110";"0,910";"0,845";"0,954";"2,709";"0,000";"0,000";"0,000";
"26/01/2024 00:40";"0,874";"0,000";"0,691";"0,000";"0,792";"0,000";"2,357";"0,000";"0,267";"0,000";"0,000";"0,000";"0,874";"0,691";"0,792";"2,357";"0,000";"0,000";"0,000";
"26/01/2024 00:50";"0,815";"0,000";"0,638";"0,000";"0,757";"0,000";"2,209";"0,000";"0,226";"0,000";"0,000";"0,000";"0,815";"0,638";"0,757";"2,209";"0,000";"0,000";"0,000";
"26/01/2024 01:00";"0,989";"0,000";"0,918";"0,000";"1,018";"0,000";"2,924";"0,000";"0,408";"0,000";"0,000";"0,041";"0,989";"0,918";"1,018";"2,924";"0,000";"0,000";"0,000";
"26/01/2024 01:10";"0,889";"0,000";"0,715";"0,000";"0,840";"0,000";"2,444";"0,000";"0,323";"0,000";"0,000";"0,000";"0,889";"0,715";"0,840";"2,444";"0,000";"0,000";"0,000";
"26/01/2024 01:20";"1,277";"0,000";"0,785";"0,000";"0,765";"0,000";"2,827";"0,000";"0,237";"0,000";"0,000";"0,000";"1,277";"0,785";"0,765";"2,827";"0,000";"0,000";"0,000";
"26/01/2024 01:30";"1,493";"0,000";"1,112";"0,000";"1,012";"0,000";"3,616";"0,000";"0,326";"0,000";"0,000";"0,049";"1,493";"1,112";"1,012";"3,616";"0,000";"0,000";"0,000";
"26/01/2024 01:40";"1,088";"0,000";"0,648";"0,000";"0,714";"0,000";"2,450";"0,000";"0,244";"0,000";"0,000";"0,000";"1,088";"0,648";"0,714";"2,450";"0,000";"0,000";"0,000";
"26/01/2024 01:50";"0,974";"0,000";"0,939";"0,000";"1,060";"0,000";"2,973";"0,000";"0,483";"0,000";"0,000";"0,619";"0,974";"0,939";"1,060";"2,973";"0,000";"0,000";"0,000";
"26/01/2024 02:00";"0,773";"0,000";"0,785";"0,000";"0,940";"0,000";"2,498";"0,000";"0,286";"0,000";"0,000";"0,038";"0,773";"0,785";"0,940";"2,498";"0,000";"0,000";"0,000";
"26/01/2024 02:10";"0,741";"0,000";"0,749";"0,000";"0,824";"0,000";"2,314";"0,000";"0,319";"0,000";"0,000";"0,000";"0,741";"0,749";"0,824";"2,314";"0,000";"0,000";"0,000";
"26/01/2024 02:20";"0,671";"0,000";"0,663";"0,000";"0,778";"0,000";"2,113";"0,000";"0,203";"0,000";"0,000";"0,000";"0,671";"0,663";"0,778";"2,113";"0,000";"0,000";"0,000";
"26/01/2024 02:30";"0,986";"0,000";"0,833";"0,000";"0,998";"0,000";"2,818";"0,000";"0,297";"0,000";"0,000";"0,087";"0,986";"0,833";"0,998";"2,818";"0,000";"0,000";"0,000";
"26/01/2024 02:40";"0,764";"0,000";"0,771";"0,000";"0,851";"0,000";"2,387";"0,000";"0,204";"0,000";"0,000";"0,000";"0,764";"0,771";"0,851";"2,387";"0,000";"0,000";"0,000";
"26/01/2024 02:50";"0,643";"0,000";"0,648";"0,000";"0,768";"0,000";"2,059";"0,000";"0,179";"0,000";"0,000";"0,000";"0,643";"0,648";"0,768";"2,059";"0,000";"0,000";"0,000";
"26/01/2024 03:00";"0,865";"0,000";"0,873";"0,000";"1,036";"0,000";"2,774";"0,000";"0,307";"0,000";"0,000";"0,111";"0,865";"0,873";"1,036";"2,774";"0,000";"0,000";"0,000";
"26/01/2024 03:10";"0,802";"0,000";"0,788";"0,000";"0,873";"0,000";"2,463";"0,000";"0,189";"0,000";"0,000";"0,000";"0,802";"0,788";"0,873";"2,463";"0,000";"0,000";"0,000";
"26/01/2024 03:20";"1,419";"0,000";"0,996";"0,000";"1,034";"0,000";"3,450";"0,000";"0,329";"0,000";"0,000";"0,085";"1,419";"0,996";"1,034";"3,450";"0,000";"0,000";"0,000";
"26/01/2024 03:30";"0,862";"0,000";"0,861";"0,000";"1,080";"0,000";"2,803";"0,000";"0,257";"0,000";"0,000";"0,107";"0,862";"0,861";"1,080";"2,803";"0,000";"0,000";"0,000";
"26/01/2024 03:40";"0,913";"0,000";"0,690";"0,000";"0,757";"0,000";"2,360";"0,000";"0,184";"0,000";"0,000";"0,000";"0,913";"0,690";"0,757";"2,360";"0,000";"0,000";"0,000";
"26/01/2024 03:50";"0,768";"0,000";"0,776";"0,000";"0,828";"0,000";"2,372";"0,000";"0,127";"0,000";"0,000";"0,000";"0,768";"0,776";"0,828";"2,372";"0,000";"0,000";"0,000";
"26/01/2024 04:00";"0,796";"0,000";"0,827";"0,000";"0,939";"0,000";"2,562";"0,000";"0,258";"0,000";"0,000";"0,106";"0,796";"0,827";"0,939";"2,562";"0,000";"0,000";"0,000";
"26/01/2024 04:10";"0,735";"0,000";"0,673";"0,000";"0,816";"0,000";"2,223";"0,000";"0,282";"0,000";"0,000";"0,000";"0,735";"0,673";"0,816";"2,223";"0,000";"0,000";"0,000";
"26/01/2024 04:20";"0,874";"0,000";"0,875";"0,000";"0,970";"0,000";"2,718";"0,000";"0,473";"0,000";"0,000";"0,131";"0,874";"0,875";"0,970";"2,718";"0,000";"0,000";"0,000";
"26/01/2024 04:30";"0,875";"0,000";"0,899";"0,000";"1,019";"0,000";"2,793";"0,000";"0,390";"0,000";"0,000";"0,005";"0,875";"0,899";"1,019";"2,793";"0,000";"0,000";"0,000";
"26/01/2024 04:40";"1,030";"0,000";"0,774";"0,000";"0,850";"0,000";"2,654";"0,000";"0,206";"0,000";"0,000";"0,000";"1,030";"0,774";"0,850";"2,654";"0,000";"0,000";"0,000";
"26/01/2024 04:50";"1,002";"0,000";"0,918";"0,000";"0,783";"0,000";"2,702";"0,000";"0,160";"0,000";"0,000";"0,000";"1,002";"0,918";"0,783";"2,702";"0,000";"0,000";"0,000";
"26/01/2024 05:00";"0,876";"0,000";"0,887";"0,000";"1,026";"0,000";"2,789";"0,000";"0,378";"0,000";"0,000";"0,009";"0,876";"0,887";"1,026";"2,789";"0,000";"0,000";"0,000";
"26/01/2024 05:10";"0,734";"0,000";"0,692";"0,000";"0,789";"0,000";"2,214";"0,000";"0,232";"0,000";"0,000";"0,000";"0,734";"0,692";"0,789";"2,214";"0,000";"0,000";"0,000";
"26/01/2024 05:20";"1,497";"0,000";"1,247";"0,000";"1,255";"0,000";"3,999";"0,000";"0,439";"0,000";"0,000";"0,000";"1,497";"1,247";"1,255";"3,999";"0,000";"0,000";"0,000";
"26/01/2024 05:30";"2,240";"0,000";"1,621";"0,000";"2,042";"0,000";"5,903";"0,000";"0,228";"0,000";"0,000";"0,042";"2,240";"1,621";"2,042";"5,903";"0,000";"0,000";"0,000";
"26/01/2024 05:40";"2,534";"0,000";"1,633";"0,000";"2,039";"0,000";"6,206";"0,000";"0,072";"0,000";"0,000";"0,007";"2,534";"1,633";"2,039";"6,206";"0,000";"0,000";"0,000";
"26/01/2024 05:50";"2,134";"0,000";"1,662";"0,000";"2,228";"0,000";"6,023";"0,000";"0,139";"0,000";"0,000";"0,015";"2,134";"1,662";"2,228";"6,023";"0,000";"0,000";"0,000";
"26/01/2024 06:00";"3,207";"0,000";"2,634";"0,000";"3,316";"0,000";"9,157";"0,000";"0,510";"0,000";"0,000";"0,301";"3,207";"2,634";"3,316";"9,157";"0,000";"0,000";"0,000";
"26/01/2024 06:10";"2,952";"0,000";"2,373";"0,000";"2,997";"0,000";"8,321";"0,000";"0,869";"0,000";"0,000";"0,669";"2,952";"2,373";"2,997";"8,321";"0,000";"0,000";"0,000";
"26/01/2024 06:20";"2,755";"0,000";"2,345";"0,000";"2,976";"0,000";"8,076";"0,000";"1,358";"0,000";"0,000";"0,358";"2,755";"2,345";"2,976";"8,076";"0,000";"0,000";"0,000";
"26/01/2024 06:30";"3,003";"0,000";"2,611";"0,000";"3,427";"0,000";"9,041";"0,000";"1,061";"0,000";"0,000";"0,520";"3,003";"2,611";"3,427";"9,041";"0,000";"0,000";"0,000";
"26/01/2024 06:40";"3,642";"0,000";"2,817";"0,000";"3,343";"0,000";"9,802";"0,000";"1,334";"0,000";"0,000";"0,228";"3,642";"2,817";"3,343";"9,802";"0,000";"0,000";"0,000";
"26/01/2024 06:50";"3,698";"0,000";"2,758";"0,000";"3,677";"0,000";"10,133";"0,000";"1,103";"0,000";"0,000";"0,367";"3,698";"2,758";"3,677";"10,133";"0,000";"0,000";"0,000";
"26/01/2024 07:00";"3,575";"0,000";"2,875";"0,000";"3,790";"0,000";"10,241";"0,000";"1,785";"0,000";"0,000";"0,354";"3,575";"2,875";"3,790";"10,241";"0,000";"0,000";"0,000";
"26/01/2024 07:10";"3,100";"0,000";"2,639";"0,000";"3,528";"0,000";"9,266";"0,000";"1,360";"0,000";"0,000";"0,606";"3,100";"2,639";"3,528";"9,266";"0,000";"0,000";"0,000";
"26/01/2024 07:20";"3,540";"0,000";"2,632";"0,000";"3,373";"0,000";"9,545";"0,000";"1,118";"0,000";"0,000";"0,097";"3,540";"2,632";"3,373";"9,545";"0,000";"0,000";"0,000";
"26/01/2024 07:30";"2,862";"0,000";"2,597";"0,000";"3,442";"0,000";"8,902";"0,000";"1,645";"0,000";"0,000";"0,362";"2,862";"2,597";"3,442";"8,902";"0,000";"0,000";"0,000";
"26/01/2024 07:40";"2,685";"0,000";"2,404";"0,000";"3,073";"0,000";"8,161";"0,000";"1,321";"0,000";"0,000";"0,238";"2,685";"2,404";"3,073";"8,161";"0,000";"0,000";"0,000";
"26/01/2024 07:50";"2,650";"0,000";"2,366";"0,000";"3,027";"0,000";"8,044";"0,000";"1,493";"0,000";"0,000";"0,072";"2,650";"2,366";"3,027";"8,044";"0,000";"0,000";"0,000";
"26/01/2024 08:00";"2,691";"0,000";"2,387";"0,000";"3,188";"0,000";"8,265";"0,000";"1,373";"0,000";"0,000";"0,485";"2,691";"2,387";"3,188";"8,265";"0,000";"0,000";"0,000";
"26/01/2024 08:10";"3,338";"0,000";"2,728";"0,000";"3,562";"0,000";"9,628";"0,000";"1,029";"0,000";"0,000";"0,395";"3,338";"2,728";"3,562";"9,628";"0,000";"0,000";"0,000";
"26/01/2024 08:20";"4,272";"0,000";"3,282";"0,000";"4,422";"0,000";"11,977";"0,000";"1,138";"0,000";"0,000";"0,375";"4,272";"3,282";"4,422";"11,977";"0,000";"0,000";"0,000";
"26/01/2024 08:30";"4,439";"0,000";"3,840";"0,000";"4,747";"0,000";"13,025";"0,000";"0,832";"0,000";"0,000";"0,317";"4,439";"3,840";"4,747";"13,025";"0,000";"0,000";"0,000";
"26/01/2024 08:40";"3,291";"0,000";"2,649";"0,000";"3,604";"0,000";"9,543";"0,000";"0,705";"0,000";"0,000";"0,442";"3,291";"2,649";"3,604";"9,543";"0,000";"0,000";"0,000";
"26/01/2024 08:50";"3,114";"0,000";"2,400";"0,000";"3,463";"0,000";"8,978";"0,000";"1,722";"0,000";"0,000";"0,413";"3,114";"2,400";"3,463";"8,978";"0,000";"0,000";"0,000";
"26/01/2024 09:00";"3,434";"0,000";"2,782";"0,000";"2,961";"0,000";"9,177";"0,000";"0,851";"0,000";"0,000";"0,627";"3,460";"2,807";"2,987";"9,254";"0,077";"0,041";"0,036";
"26/01/2024 09:10";"3,870";"0,000";"2,628";"0,000";"3,295";"0,000";"9,794";"0,000";"1,212";"0,000";"0,000";"0,314";"3,943";"2,701";"3,368";"10,012";"0,218";"0,113";"0,105";
"26/01/2024 09:20";"3,356";"0,000";"2,660";"0,000";"3,225";"0,000";"9,241";"0,000";"0,904";"0,000";"0,000";"0,098";"3,481";"2,785";"3,350";"9,616";"0,375";"0,193";"0,182";
"26/01/2024 09:30";"3,002";"0,000";"2,474";"0,000";"2,941";"0,000";"8,417";"0,000";"0,940";"0,000";"0,000";"0,247";"3,181";"2,653";"3,120";"8,954";"0,537";"0,276";"0,261";
"26/01/2024 09:40";"2,925";"0,000";"2,435";"0,000";"3,224";"0,000";"8,584";"0,000";"1,029";"0,000";"0,000";"0,449";"3,175";"2,686";"3,475";"9,336";"0,752";"0,397";"0,355";
"26/01/2024 09:50";"2,052";"0,000";"1,806";"0,000";"2,807";"0,000";"6,665";"0,000";"0,645";"0,000";"0,000";"0,152";"2,349";"2,103";"3,104";"7,556";"0,891";"0,474";"0,417";
"26/01/2024 10:00";"2,160";"0,000";"1,807";"0,000";"2,622";"0,000";"6,589";"0,000";"0,526";"0,000";"0,000";"0,102";"2,498";"2,146";"2,961";"7,605";"1,016";"0,523";"0,493";
"26/01/2024 10:10";"2,485";"0,000";"1,833";"0,000";"2,761";"0,000";"7,079";"0,000";"0,519";"0,000";"0,000";"0,003";"3,043";"2,391";"3,319";"8,753";"1,674";"0,915";"0,759";
"26/01/2024 10:20";"2,655";"0,000";"2,019";"0,000";"2,955";"0,000";"7,630";"0,000";"1,316";"0,000";"0,000";"0,152";"3,322";"2,685";"3,621";"9,629";"1,999";"1,094";"0,905";
"26/01/2024 10:30";"3,159";"0,000";"2,490";"0,000";"3,512";"0,000";"9,161";"0,000";"2,037";"0,000";"0,000";"0,508";"3,907";"3,238";"4,260";"11,406";"2,245";"1,276";"0,969";
"26/01/2024 10:40";"2,967";"0,000";"2,286";"0,000";"3,329";"0,000";"8,581";"0,000";"1,328";"0,000";"0,000";"0,458";"3,825";"3,144";"4,187";"11,156";"2,575";"1,482";"1,093";
"26/01/2024 10:50";"3,149";"0,000";"2,652";"0,000";"3,486";"0,000";"9,287";"0,000";"1,771";"0,000";"0,000";"0,499";"3,949";"3,451";"4,286";"11,686";"2,399";"1,300";"1,099";
"26/01/2024 11:00";"2,630";"0,000";"2,340";"0,000";"3,274";"0,000";"8,245";"0,000";"1,329";"0,000";"0,000";"0,709";"3,525";"3,235";"4,168";"10,928";"2,683";"1,441";"1,242";
"26/01/2024 11:10";"2,780";"0,000";"2,397";"0,000";"3,310";"0,000";"8,487";"0,000";"1,437";"0,000";"0,000";"0,667";"3,861";"3,479";"4,391";"11,731";"3,244";"1,707";"1,537";
"26/01/2024 11:20";"3,002";"0,000";"2,353";"0,000";"3,084";"0,000";"8,439";"0,000";"1,437";"0,000";"0,000";"0,706";"3,720";"3,071";"3,803";"10,594";"2,155";"1,099";"1,056";
"26/01/2024 11:30";"2,888";"0,000";"2,388";"0,000";"3,267";"0,000";"8,543";"0,000";"1,465";"0,000";"0,000";"0,380";"4,102";"3,603";"4,482";"12,187";"3,644";"1,850";"1,794";
"26/01/2024 11:40";"2,828";"0,000";"2,233";"0,000";"3,162";"0,000";"8,222";"0,000";"0,511";"0,000";"0,000";"0,256";"4,355";"3,761";"4,689";"12,805";"4,583";"2,316";"2,267";
"26/01/2024 11:50";"2,685";"0,000";"2,105";"0,000";"2,854";"0,000";"7,644";"0,000";"1,403";"0,000";"0,000";"0,340";"3,932";"3,351";"4,101";"11,384";"3,740";"1,894";"1,846";
"26/01/2024 12:00";"2,747";"0,000";"2,167";"0,000";"3,087";"0,000";"8,001";"0,000";"1,628";"0,000";"0,000";"0,205";"3,878";"3,298";"4,218";"11,394";"3,393";"1,722";"1,671";
"26/01/2024 12:10";"2,756";"0,000";"2,431";"0,000";"3,230";"0,000";"8,418";"0,000";"1,442";"0,000";"0,000";"0,352";"4,405";"4,080";"4,879";"13,365";"4,947";"2,502";"2,445";
"26/01/2024 12:20";"3,166";"0,000";"2,615";"0,000";"3,499";"0,000";"9,280";"0,000";"0,971";"0,000";"0,000";"0,288";"4,712";"4,162";"5,045";"13,919";"4,639";"2,349";"2,290";
"26/01/2024 12:30";"3,055";"0,000";"2,249";"0,000";"3,037";"0,000";"8,341";"0,000";"0,983";"0,000";"0,000";"0,280";"4,315";"3,509";"4,297";"12,120";"3,779";"1,916";"1,863";
"26/01/2024 12:40";"3,006";"0,000";"2,596";"0,000";"3,453";"0,000";"9,055";"0,000";"0,847";"0,000";"0,000";"0,407";"4,607";"4,196";"5,053";"13,856";"4,801";"2,435";"2,366";
"26/01/2024 12:50";"3,652";"0,000";"2,725";"0,000";"3,737";"0,000";"10,114";"0,000";"0,735";"0,000";"0,000";"0,301";"4,746";"3,819";"4,831";"13,395";"3,281";"1,668";"1,613";
"26/01/2024 13:00";"3,437";"0,000";"2,789";"0,000";"3,590";"0,000";"9,816";"0,000";"1,102";"0,000";"0,000";"0,257";"4,289";"3,640";"4,441";"12,370";"2,554";"1,301";"1,253";
"26/01/2024 13:10";"3,505";"0,000";"2,860";"0,000";"3,671";"0,000";"10,036";"0,000";"1,816";"0,000";"0,000";"0,304";"4,251";"3,605";"4,416";"12,272";"2,236";"1,139";"1,097";
"26/01/2024 13:20";"3,297";"0,000";"2,633";"0,000";"3,464";"0,000";"9,394";"0,000";"0,663";"0,000";"0,000";"0,373";"4,470";"3,807";"4,638";"12,914";"3,520";"1,795";"1,725";
"26/01/2024 13:30";"3,015";"0,000";"2,539";"0,000";"3,415";"0,000";"8,969";"0,000";"1,104";"0,000";"0,000";"0,463";"4,725";"4,249";"5,125";"14,099";"5,130";"2,619";"2,511";
"26/01/2024 13:40";"2,681";"0,000";"2,454";"0,000";"3,154";"0,000";"8,289";"0,000";"0,739";"0,000";"0,000";"0,120";"4,423";"4,196";"4,896";"13,515";"5,226";"2,671";"2,555";
"26/01/2024 13:50";"2,684";"0,000";"2,022";"0,000";"2,321";"0,000";"7,027";"0,000";"0,952";"0,000";"0,000";"0,007";"3,867";"3,206";"3,505";"10,578";"3,551";"1,815";"1,736";
"26/01/2024 14:00";"2,438";"0,000";"1,857";"0,000";"2,082";"0,000";"6,378";"0,000";"0,419";"0,000";"0,000";"0,000";"3,830";"3,249";"3,474";"10,554";"4,176";"2,132";"2,044";
"26/01/2024 14:10";"2,432";"0,000";"2,015";"0,000";"2,291";"0,000";"6,739";"0,000";"0,403";"0,000";"0,000";"0,011";"4,159";"3,742";"4,018";"11,920";"5,181";"2,647";"2,534";
"26/01/2024 14:20";"1,567";"0,000";"1,192";"0,000";"1,312";"0,000";"4,071";"0,000";"0,187";"0,000";"0,000";"0,024";"3,229";"2,853";"2,974";"9,056";"4,985";"2,548";"2,437";
"26/01/2024 14:30";"0,766";"0,000";"0,490";"0,000";"0,214";"0,000";"1,471";"0,000";"0,020";"0,000";"0,000";"0,021";"2,369";"2,094";"1,818";"6,281";"4,810";"2,461";"2,349";
"26/01/2024 14:40";"1,013";"0,000";"0,600";"0,000";"0,242";"0,000";"1,855";"0,000";"0,034";"0,000";"0,000";"0,103";"2,486";"2,073";"1,716";"6,275";"4,420";"2,259";"2,161";
"26/01/2024 14:50";"1,304";"0,000";"0,957";"0,000";"0,210";"0,000";"2,471";"0,000";"0,037";"0,000";"0,000";"0,034";"2,808";"2,461";"1,713";"6,981";"4,510";"2,303";"2,207";
"26/01/2024 15:00";"1,264";"0,000";"0,855";"0,000";"0,192";"0,000";"2,311";"0,000";"0,034";"0,000";"0,000";"0,011";"2,775";"2,365";"1,702";"6,842";"4,531";"2,319";"2,212";
"26/01/2024 15:10";"1,193";"0,000";"0,640";"0,000";"0,134";"0,000";"1,968";"0,000";"0,002";"0,000";"0,000";"0,078";"2,236";"1,683";"1,177";"5,096";"3,128";"1,602";"1,526";
"26/01/2024 15:20";"1,171";"0,000";"0,837";"0,000";"0,134";"0,000";"2,142";"0,000";"0,001";"0,000";"0,000";"0,104";"1,778";"1,444";"0,740";"3,961";"1,819";"0,929";"0,890";
"26/01/2024 15:30";"1,222";"0,000";"0,951";"0,000";"0,191";"0,000";"2,364";"0,000";"0,036";"0,000";"0,000";"0,041";"1,804";"1,532";"0,773";"4,109";"1,745";"0,890";"0,855";
"26/01/2024 15:40";"1,134";"0,000";"0,800";"0,000";"0,131";"0,000";"2,065";"0,000";"0,008";"0,000";"0,000";"0,056";"1,763";"1,428";"0,760";"3,951";"1,886";"0,962";"0,924";
"26/01/2024 15:50";"1,094";"0,000";"0,801";"0,000";"0,196";"0,000";"2,091";"0,000";"0,034";"0,000";"0,000";"0,015";"1,719";"1,426";"0,821";"3,966";"1,875";"0,957";"0,918";
"26/01/2024 16:00";"0,643";"0,000";"0,366";"0,000";"0,201";"0,000";"1,211";"0,000";"0,049";"0,000";"0,000";"0,015";"1,264";"0,987";"0,822";"3,073";"1,862";"0,950";"0,912";
"26/01/2024 16:10";"0,842";"0,000";"0,290";"0,000";"0,136";"0,000";"1,268";"0,000";"0,040";"0,000";"0,000";"0,043";"1,432";"0,880";"0,725";"3,037";"1,769";"0,903";"0,866";
"26/01/2024 16:20";"0,690";"0,000";"0,374";"0,000";"0,189";"0,000";"1,252";"0,000";"0,076";"0,000";"0,000";"0,009";"1,260";"0,944";"0,759";"2,964";"1,712";"0,874";"0,838";
"26/01/2024 16:30";"0,613";"0,000";"0,347";"0,000";"0,123";"0,000";"1,083";"0,000";"0,051";"0,000";"0,000";"0,022";"1,200";"0,933";"0,709";"2,842";"1,759";"0,897";"0,862";
"26/01/2024 16:40";"0,708";"0,000";"0,356";"0,000";"0,246";"0,000";"1,310";"0,000";"0,055";"0,000";"0,000";"0,000";"1,237";"0,886";"0,775";"2,898";"1,588";"0,810";"0,778";
"26/01/2024 16:50";"0,703";"0,000";"0,336";"0,000";"0,449";"0,000";"1,488";"0,000";"0,047";"0,000";"0,000";"0,017";"1,222";"0,855";"0,967";"3,044";"1,556";"0,795";"0,761";
"26/01/2024 17:00";"0,813";"0,000";"0,418";"0,000";"0,512";"0,000";"1,743";"0,000";"0,080";"0,000";"0,000";"0,003";"1,291";"0,896";"0,990";"3,177";"1,434";"0,732";"0,702";
"26/01/2024 17:10";"0,789";"0,000";"0,336";"0,000";"0,444";"0,000";"1,569";"0,000";"0,063";"0,000";"0,000";"0,008";"1,218";"0,766";"0,874";"2,858";"1,289";"0,658";"0,631";
"26/01/2024 17:20";"0,745";"0,000";"0,403";"0,000";"0,490";"0,000";"1,638";"0,000";"0,088";"0,000";"0,000";"0,014";"1,102";"0,759";"0,847";"2,708";"1,070";"0,547";"0,523";
"26/01/2024 17:30";"0,691";"0,000";"0,361";"0,000";"0,468";"0,000";"1,520";"0,000";"0,024";"0,000";"0,000";"0,079";"0,948";"0,617";"0,725";"2,290";"0,770";"0,395";"0,375";
"26/01/2024 17:40";"0,667";"0,000";"0,306";"0,000";"0,424";"0,000";"1,397";"0,000";"0,086";"0,000";"0,000";"0,007";"0,826";"0,465";"0,583";"1,874";"0,477";"0,246";"0,231";
"26/01/2024 17:50";"0,688";"0,000";"0,354";"0,000";"0,445";"0,000";"1,487";"0,000";"0,074";"0,000";"0,000";"0,005";"0,806";"0,471";"0,562";"1,840";"0,353";"0,182";"0,171";
"26/01/2024 18:00";"0,732";"0,000";"0,358";"0,000";"0,444";"0,000";"1,535";"0,000";"0,134";"0,000";"0,000";"0,001";"0,807";"0,433";"0,519";"1,759";"0,224";"0,116";"0,108";
"26/01/2024 18:10";"0,845";"0,000";"0,378";"0,000";"0,478";"0,000";"1,702";"0,000";"0,192";"0,000";"0,000";"0,000";"0,884";"0,417";"0,516";"1,817";"0,115";"0,060";"0,055";
"26/01/2024 18:20";"1,111";"0,000";"0,409";"0,000";"0,466";"0,000";"1,987";"0,000";"0,108";"0,000";"0,000";"0,001";"1,123";"0,420";"0,478";"2,021";"0,034";"0,018";"0,016";
"26/01/2024 18:30";"1,109";"0,000";"0,383";"0,000";"0,448";"0,000";"1,940";"0,000";"0,125";"0,000";"0,000";"0,000";"1,109";"0,383";"0,448";"1,940";"0,000";"0,000";"0,000";
"26/01/2024 18:40";"1,069";"0,000";"0,395";"0,000";"0,469";"0,000";"1,933";"0,000";"0,136";"0,000";"0,000";"0,001";"1,069";"0,395";"0,469";"1,933";"0,000";"0,000";"0,000";
"26/01/2024 18:50";"0,980";"0,000";"0,513";"0,000";"0,577";"0,000";"2,070";"0,000";"0,097";"0,000";"0,000";"0,001";"0,980";"0,513";"0,577";"2,070";"0,000";"0,000";"0,000";
"26/01/2024 19:00";"0,957";"0,000";"0,500";"0,000";"0,594";"0,000";"2,052";"0,000";"0,092";"0,000";"0,000";"0,002";"0,957";"0,500";"0,594";"2,052";"0,000";"0,000";"0,000";
"26/01/2024 19:10";"0,962";"0,000";"0,529";"0,000";"0,599";"0,000";"2,090";"0,000";"0,072";"0,000";"0,000";"0,003";"0,962";"0,529";"0,599";"2,090";"0,000";"0,000";"0,000";
"26/01/2024 19:20";"0,938";"0,000";"0,465";"0,000";"0,568";"0,000";"1,971";"0,000";"0,055";"0,000";"0,000";"0,005";"0,938";"0,465";"0,568";"1,971";"0,000";"0,000";"0,000";
"26/01/2024 19:30";"0,907";"0,000";"0,549";"0,000";"0,645";"0,000";"2,101";"0,000";"0,089";"0,000";"0,000";"0,000";"0,907";"0,549";"0,645";"2,101";"0,000";"0,000";"0,000";
"26/01/2024 19:40";"0,832";"0,000";"0,502";"0,000";"0,578";"0,000";"1,911";"0,000";"0,028";"0,000";"0,000";"0,022";"0,832";"0,502";"0,578";"1,911";"0,000";"0,000";"0,000";
"26/01/2024 19:50";"0,858";"0,000";"0,502";"0,000";"0,614";"0,000";"1,975";"0,000";"0,042";"0,000";"0,000";"0,020";"0,858";"0,502";"0,614";"1,975";"0,000";"0,000";"0,000";
"26/01/2024 20:00";"0,876";"0,000";"0,501";"0,000";"0,592";"0,000";"1,969";"0,000";"0,047";"0,000";"0,000";"0,018";"0,876";"0,501";"0,592";"1,969";"0,000";"0,000";"0,000";
"26/01/2024 20:10";"0,657";"0,000";"0,507";"0,000";"0,573";"0,000";"1,738";"0,000";"0,052";"0,000";"0,000";"0,017";"0,657";"0,507";"0,573";"1,738";"0,000";"0,000";"0,000";
"26/01/2024 20:20";"0,644";"0,000";"0,531";"0,000";"0,614";"0,000";"1,789";"0,000";"0,069";"0,000";"0,000";"0,002";"0,644";"0,531";"0,614";"1,789";"0,000";"0,000";"0,000";
"26/01/2024 20:30";"0,734";"0,000";"0,533";"0,000";"0,650";"0,000";"1,917";"0,000";"0,077";"0,000";"0,000";"0,015";"0,734";"0,533";"0,650";"1,917";"0,000";"0,000";"0,000";
"26/01/2024 20:40";"0,634";"0,000";"0,515";"0,000";"0,594";"0,000";"1,742";"0,000";"0,037";"0,000";"0,000";"0,022";"0,634";"0,515";"0,594";"1,742";"0,000";"0,000";"0,000";
"26/01/2024 20:50";"0,635";"0,000";"0,492";"0,000";"0,567";"0,000";"1,694";"0,000";"0,060";"0,000";"0,000";"0,008";"0,635";"0,492";"0,567";"1,694";"0,000";"0,000";"0,000";
"26/01/2024 21:00";"0,672";"0,000";"0,575";"0,000";"0,602";"0,000";"1,849";"0,000";"0,077";"0,000";"0,000";"0,000";"0,672";"0,575";"0,602";"1,849";"0,000";"0,000";"0,000";
"26/01/2024 21:10";"0,912";"0,000";"0,634";"0,000";"0,609";"0,000";"2,155";"0,000";"0,027";"0,000";"0,000";"0,093";"0,912";"0,634";"0,609";"2,155";"0,000";"0,000";"0,000";
"26/01/2024 21:20";"0,704";"0,000";"0,488";"0,000";"0,546";"0,000";"1,737";"0,000";"0,028";"0,000";"0,000";"0,046";"0,704";"0,488";"0,546";"1,737";"0,000";"0,000";"0,000";
"26/01/2024 21:30";"0,668";"0,000";"0,568";"0,000";"0,616";"0,000";"1,853";"0,000";"0,084";"0,000";"0,000";"0,000";"0,668";"0,568";"0,616";"1,853";"0,000";"0,000";"0,000";
"26/01/2024 21:40";"0,621";"0,000";"0,458";"0,000";"0,547";"0,000";"1,627";"0,000";"0,033";"0,000";"0,000";"0,019";"0,621";"0,458";"0,547";"1,627";"0,000";"0,000";"0,000";
"26/01/2024 21:50";"0,614";"0,000";"0,538";"0,000";"0,602";"0,000";"1,753";"0,000";"0,048";"0,000";"0,000";"0,025";"0,614";"0,538";"0,602";"1,753";"0,000";"0,000";"0,000";
"26/01/2024 22:00";"0,477";"0,000";"0,501";"0,000";"0,581";"0,000";"1,559";"0,000";"0,012";"0,000";"0,000";"0,069";"0,477";"0,501";"0,581";"1,559";"0,000";"0,000";"0,000";
"26/01/2024 22:10";"0,531";"0,000";"0,560";"0,000";"0,647";"0,000";"1,739";"0,000";"0,017";"0,000";"0,000";"0,032";"0,531";"0,560";"0,647";"1,739";"0,000";"0,000";"0,000";
"26/01/2024 22:20";"0,801";"0,000";"0,675";"0,000";"0,659";"0,000";"2,134";"0,000";"0,000";"0,000";"0,000";"0,208";"0,801";"0,675";"0,659";"2,134";"0,000";"0,000";"0,000";
"26/01/2024 22:30";"0,627";"0,000";"0,504";"0,000";"0,608";"0,000";"1,739";"0,000";"0,006";"0,000";"0,000";"0,050";"0,627";"0,504";"0,608";"1,739";"0,000";"0,000";"0,000";
"26/01/2024 22:40";"0,634";"0,000";"0,554";"0,000";"0,652";"0,000";"1,839";"0,000";"0,000";"0,000";"0,000";"0,217";"0,634";"0,554";"0,652";"1,839";"0,000";"0,000";"0,000";
"26/01/2024 22:50";"0,520";"0,000";"0,554";"0,000";"0,646";"0,000";"1,720";"0,000";"0,024";"0,000";"0,000";"0,036";"0,520";"0,554";"0,646";"1,720";"0,000";"0,000";"0,000";
"26/01/2024 23:00";"0,690";"0,000";"0,505";"0,000";"0,605";"0,000";"1,800";"0,000";"0,004";"0,000";"0,000";"0,060";"0,690";"0,505";"0,605";"1,800";"0,000";"0,000";"0,000";
"26/01/2024 23:10";"0,562";"0,000";"0,601";"0,000";"0,664";"0,000";"1,826";"0,000";"0,004";"0,000";"0,000";"0,080";"0,562";"0,601";"0,664";"1,826";"0,000";"0,000";"0,000";
"26/01/2024 23:20";"0,715";"0,000";"0,470";"0,000";"0,580";"0,000";"1,765";"0,000";"0,005";"0,000";"0,000";"0,097";"0,715";"0,470";"0,580";"1,765";"0,000";"0,000";"0,000";
"26/01/2024 23:30";"0,484";"0,000";"0,521";"0,000";"0,605";"0,000";"1,610";"0,000";"0,012";"0,000";"0,000";"0,058";"0,484";"0,521";"0,605";"1,610";"0,000";"0,000";"0,000";
"26/01/2024 23:40";"0,483";"0,000";"0,508";"0,000";"0,589";"0,000";"1,580";"0,000";"0,001";"0,000";"0,000";"0,101";"0,483";"0,508";"0,589";"1,580";"0,000";"0,000";"0,000";
"26/01/2024 23:50";"0,482";"0,000";"0,483";"0,000";"0,595";"0,000";"1,561";"0,000";"0,013";"0,000";"0,000";"0,070";"0,482";"0,483";"0,595";"1,561";"0,000";"0,000";"0,000";
"27/01/2024 00:00";"0,499";"0,000";"0,587";"0,000";"0,624";"0,000";"1,710";"0,000";"0,016";"0,000";"0,000";"0,036";"0,499";"0,587";"0,624";"1,710";"0,000";"0,000";"0,000";
"27/01/2024 00:10";"0,646";"0,000";"0,475";"0,000";"0,598";"0,000";"1,719";"0,000";"0,002";"0,000";"0,000";"0,063";"0,646";"0,475";"0,598";"1,719";"0,000";"0,000";"0,000";
"27/01/2024 00:20";"0,530";"0,000";"0,579";"0,000";"0,643";"0,000";"1,752";"0,000";"0,010";"0,000";"0,000";"0,060";"0,530";"0,579";"0,643";"1,752";"0,000";"0,000";"0,000";
"27/01/2024 00:30";"0,463";"0,000";"0,464";"0,000";"0,645";"0,000";"1,572";"0,000";"0,006";"0,000";"0,000";"0,088";"0,463";"0,464";"0,645";"1,572";"0,000";"0,000";"0,000";
"27/01/2024 00:40";"0,537";"0,000";"0,551";"0,000";"0,639";"0,000";"1,727";"0,000";"0,009";"0,000";"0,000";"0,043";"0,537";"0,551";"0,639";"1,727";"0,000";"0,000";"0,000";
"27/01/2024 00:50";"0,456";"0,000";"0,510";"0,000";"0,534";"0,000";"1,500";"0,000";"0,005";"0,000";"0,000";"0,091";"0,456";"0,510";"0,534";"1,500";"0,000";"0,000";"0,000";
"27/01/2024 01:00";"0,543";"0,000";"0,522";"0,000";"0,626";"0,000";"1,692";"0,000";"0,014";"0,000";"0,000";"0,025";"0,543";"0,522";"0,626";"1,692";"0,000";"0,000";"0,000";
"27/01/2024 01:10";"0,647";"0,000";"0,633";"0,000";"0,657";"0,000";"1,937";"0,000";"0,013";"0,000";"0,000";"0,115";"0,647";"0,633";"0,657";"1,937";"0,000";"0,000";"0,000";
"27/01/2024 01:20";"0,745";"0,000";"0,548";"0,000";"0,545";"0,000";"1,839";"0,000";"0,007";"0,000";"0,000";"0,097";"0,745";"0,548";"0,545";"1,839";"0,000";"0,000";"0,000";
"27/01/2024 01:30";"0,555";"0,000";"0,582";"0,000";"0,637";"0,000";"1,774";"0,000";"0,002";"0,000";"0,000";"0,172";"0,555";"0,582";"0,637";"1,774";"0,000";"0,000";"0,000";
"27/01/2024 01:40";"0,611";"0,000";"0,528";"0,000";"0,584";"0,000";"1,723";"0,000";"0,005";"0,000";"0,000";"0,062";"0,611";"0,528";"0,584";"1,723";"0,000";"0,000";"0,000";
"27/01/2024 01:50";"0,576";"0,000";"0,513";"0,000";"0,620";"0,000";"1,709";"0,000";"0,004";"0,000";"0,000";"0,116";"0,576";"0,513";"0,620";"1,709";"0,000";"0,000";"0,000";
"27/01/2024 02:00";"0,524";"0,000";"0,583";"0,000";"0,646";"0,000";"1,753";"0,000";"0,003";"0,000";"0,000";"0,070";"0,524";"0,583";"0,646";"1,753";"0,000";"0,000";"0,000";
"27/01/2024 02:10";"0,541";"0,000";"0,541";"0,000";"0,655";"0,000";"1,737";"0,000";"0,010";"0,000";"0,000";"0,087";"0,541";"0,541";"0,655";"1,737";"0,000";"0,000";"0,000";
"27/01/2024 02:20";"0,667";"0,000";"0,601";"0,000";"0,690";"0,000";"1,958";"0,000";"0,000";"0,000";"0,000";"0,191";"0,667";"0,601";"0,690";"1,958";"0,000";"0,000";"0,000";
"27/01/2024 02:30";"0,648";"0,000";"0,527";"0,000";"0,598";"0,000";"1,773";"0,000";"0,011";"0,000";"0,000";"0,085";"0,648";"0,527";"0,598";"1,773";"0,000";"0,000";"0,000";
"27/01/2024 02:40";"0,511";"0,000";"0,505";"0,000";"0,641";"0,000";"1,657";"0,000";"0,000";"0,000";"0,000";"0,187";"0,511";"0,505";"0,641";"1,657";"0,000";"0,000";"0,000";
"27/01/2024 02:50";"0,492";"0,000";"0,534";"0,000";"0,601";"0,000";"1,626";"0,000";"0,003";"0,000";"0,000";"0,059";"0,492";"0,534";"0,601";"1,626";"0,000";"0,000";"0,000";
"27/01/2024 03:00";"0,543";"0,000";"0,552";"0,000";"0,651";"0,000";"1,746";"0,000";"0,001";"0,000";"0,000";"0,070";"0,543";"0,552";"0,651";"1,746";"0,000";"0,000";"0,000";
"27/01/2024 03:10";"0,837";"0,000";"0,628";"0,000";"0,676";"0,000";"2,141";"0,000";"0,000";"0,000";"0,000";"0,206";"0,837";"0,628";"0,676";"2,141";"0,000";"0,000";"0,000";
"27/01/2024 03:20";"0,699";"0,000";"0,595";"0,000";"0,578";"0,000";"1,872";"0,000";"0,008";"0,000";"0,000";"0,091";"0,699";"0,595";"0,578";"1,872";"0,000";"0,000";"0,000";
"27/01/2024 03:30";"0,564";"0,000";"0,567";"0,000";"0,677";"0,000";"1,807";"0,000";"0,011";"0,000";"0,000";"0,134";"0,564";"0,567";"0,677";"1,807";"0,000";"0,000";"0,000";
"27/01/2024 03:40";"0,468";"0,000";"0,479";"0,000";"0,572";"0,000";"1,519";"0,000";"0,001";"0,000";"0,000";"0,139";"0,468";"0,479";"0,572";"1,519";"0,000";"0,000";"0,000";
"27/01/2024 03:50";"0,532";"0,000";"0,583";"0,000";"0,643";"0,000";"1,759";"0,000";"0,014";"0,000";"0,000";"0,021";"0,532";"0,583";"0,643";"1,759";"0,000";"0,000";"0,000";
"27/01/2024 04:00";"0,614";"0,000";"0,560";"0,000";"0,668";"0,000";"1,842";"0,000";"0,018";"0,000";"0,000";"0,096";"0,614";"0,560";"0,668";"1,842";"0,000";"0,000";"0,000";
"27/01/2024 04:10";"1,057";"0,000";"0,652";"0,000";"0,657";"0,000";"2,367";"0,000";"0,000";"0,000";"0,000";"0,230";"1,057";"0,652";"0,657";"2,367";"0,000";"0,000";"0,000";
"27/01/2024 04:20";"1,015";"0,000";"0,871";"0,000";"0,645";"0,000";"2,531";"0,000";"0,000";"0,000";"0,000";"0,191";"1,015";"0,871";"0,645";"2,531";"0,000";"0,000";"0,000";
"27/01/2024 04:30";"0,654";"0,000";"0,528";"0,000";"0,642";"0,000";"1,824";"0,000";"0,014";"0,000";"0,000";"0,056";"0,654";"0,528";"0,642";"1,824";"0,000";"0,000";"0,000";
"27/01/2024 04:40";"0,543";"0,000";"0,584";"0,000";"0,780";"0,000";"1,907";"0,000";"0,000";"0,000";"0,000";"0,266";"0,543";"0,584";"0,780";"1,907";"0,000";"0,000";"0,000";
"27/01/2024 04:50";"0,499";"0,000";"0,482";"0,000";"0,574";"0,000";"1,555";"0,000";"0,008";"0,000";"0,000";"0,078";"0,499";"0,482";"0,574";"1,555";"0,000";"0,000";"0,000";
"27/01/2024 05:00";"1,046";"0,000";"0,877";"0,000";"0,637";"0,000";"2,560";"0,000";"0,009";"0,000";"0,000";"0,054";"1,046";"0,877";"0,637";"2,560";"0,000";"0,000";"0,000";
"27/01/2024 05:10";"1,072";"0,000";"1,094";"0,000";"0,669";"0,000";"2,836";"0,000";"0,007";"0,000";"0,000";"0,127";"1,072";"1,094";"0,669";"2,836";"0,000";"0,000";"0,000";
"27/01/2024 05:20";"0,956";"0,000";"0,989";"0,000";"0,593";"0,000";"2,538";"0,000";"0,003";"0,000";"0,000";"0,137";"0,956";"0,989";"0,593";"2,539";"0,000";"0,000";"0,000";
"27/01/2024 05:30";"1,027";"0,000";"0,822";"0,000";"0,670";"0,000";"2,519";"0,000";"0,000";"0,000";"0,000";"0,217";"1,027";"0,822";"0,670";"2,519";"0,000";"0,000";"0,000";
"27/01/2024 05:40";"1,041";"0,000";"0,868";"0,000";"0,672";"0,000";"2,581";"0,000";"0,000";"0,000";"0,000";"0,199";"1,041";"0,868";"0,672";"2,581";"0,000";"0,000";"0,000";
"27/01/2024 05:50";"0,637";"0,000";"0,624";"0,000";"0,658";"0,000";"1,918";"0,000";"0,001";"0,000";"0,000";"0,142";"0,637";"0,624";"0,658";"1,918";"0,000";"0,000";"0,000";
"27/01/2024 06:00";"0,542";"0,000";"0,538";"0,000";"0,691";"0,000";"1,772";"0,000";"0,008";"0,000";"0,000";"0,168";"0,542";"0,538";"0,691";"1,772";"0,000";"0,000";"0,000";
"27/01/2024 06:10";"0,445";"0,000";"0,505";"0,000";"0,608";"0,000";"1,558";"0,000";"0,004";"0,000";"0,000";"0,137";"0,445";"0,505";"0,608";"1,558";"0,000";"0,000";"0,000";
"27/01/2024 06:20";"0,532";"0,000";"0,572";"0,000";"0,677";"0,000";"1,782";"0,000";"0,014";"0,000";"0,000";"0,066";"0,532";"0,572";"0,677";"1,782";"0,000";"0,000";"0,000";
"27/01/2024 06:30";"0,601";"0,000";"0,565";"0,000";"0,690";"0,000";"1,856";"0,000";"0,011";"0,000";"0,000";"0,126";"0,601";"0,565";"0,690";"1,856";"0,000";"0,000";"0,000";
"27/01/2024 06:40";"1,028";"0,000";"0,675";"0,000";"0,660";"0,000";"2,363";"0,000";"0,000";"0,000";"0,000";"0,176";"1,028";"0,675";"0,660";"2,363";"0,000";"0,000";"0,000";
"27/01/2024 06:50";"0,657";"0,000";"0,538";"0,000";"0,710";"0,000";"1,905";"0,000";"0,000";"0,000";"0,000";"0,210";"0,657";"0,538";"0,710";"1,905";"0,000";"0,000";"0,000";
"27/01/2024 07:00";"0,688";"0,000";"0,560";"0,000";"0,671";"0,000";"1,919";"0,000";"0,001";"0,000";"0,000";"0,134";"0,688";"0,560";"0,671";"1,919";"0,000";"0,000";"0,000";
"27/01/2024 07:10";"0,661";"0,000";"0,599";"0,000";"0,711";"0,000";"1,971";"0,000";"0,000";"0,000";"0,000";"0,155";"0,661";"0,599";"0,711";"1,971";"0,000";"0,000";"0,000";
"27/01/2024 07:20";"0,666";"0,000";"0,556";"0,000";"0,722";"0,000";"1,943";"0,000";"0,040";"0,000";"0,000";"0,067";"0,666";"0,556";"0,722";"1,943";"0,000";"0,000";"0,000";
"27/01/2024 07:30";"0,997";"0,000";"0,656";"0,000";"0,705";"0,000";"2,358";"0,000";"0,000";"0,000";"0,000";"0,223";"0,997";"0,656";"0,705";"2,358";"0,000";"0,000";"0,000";
"27/01/2024 07:40";"0,643";"0,000";"0,577";"0,000";"0,676";"0,000";"1,895";"0,000";"0,003";"0,000";"0,000";"0,158";"0,643";"0,577";"0,676";"1,895";"0,000";"0,000";"0,000";
"27/01/2024 07:50";"0,601";"0,000";"0,551";"0,000";"0,658";"0,000";"1,810";"0,000";"0,000";"0,000";"0,000";"0,178";"0,601";"0,551";"0,658";"1,810";"0,000";"0,000";"0,000";
"27/01/2024 08:00";"0,570";"0,000";"0,583";"0,000";"0,731";"0,000";"1,884";"0,000";"0,000";"0,000";"0,000";"0,229";"0,570";"0,583";"0,731";"1,884";"0,000";"0,000";"0,000";
"27/01/2024 08:10";"0,543";"0,000";"0,569";"0,000";"0,682";"0,000";"1,794";"0,000";"0,000";"0,000";"0,000";"0,173";"0,543";"0,569";"0,682";"1,794";"0,000";"0,000";"0,000";
"27/01/2024 08:20";"0,549";"0,000";"0,550";"0,000";"0,724";"0,000";"1,822";"0,000";"0,001";"0,000";"0,000";"0,158";"0,549";"0,550";"0,724";"1,822";"0,000";"0,000";"0,000";
"27/01/2024 08:30";"0,633";"0,000";"0,589";"0,000";"0,732";"0,000";"1,954";"0,000";"0,010";"0,000";"0,000";"0,136";"0,633";"0,589";"0,732";"1,954";"0,000";"0,000";"0,000";
"27/01/2024 08:40";"0,888";"0,000";"0,701";"0,000";"0,655";"0,000";"2,244";"0,000";"0,002";"0,000";"0,000";"0,144";"0,888";"0,701";"0,655";"2,244";"0,000";"0,000";"0,000";
"27/01/2024 08:50";"0,680";"0,000";"0,415";"0,000";"0,673";"0,000";"1,767";"0,000";"0,000";"0,000";"0,000";"0,203";"0,682";"0,417";"0,675";"1,773";"0,006";"0,003";"0,003";
"27/01/2024 09:00";"0,677";"0,000";"0,437";"0,000";"0,533";"0,000";"1,646";"0,000";"0,001";"0,000";"0,000";"0,104";"0,700";"0,460";"0,556";"1,716";"0,070";"0,037";"0,033";
"27/01/2024 09:10";"0,664";"0,000";"0,381";"0,000";"0,541";"0,000";"1,586";"0,000";"0,037";"0,000";"0,000";"0,040";"0,720";"0,438";"0,598";"1,755";"0,169";"0,089";"0,080";
"27/01/2024 09:20";"0,432";"0,000";"0,407";"0,000";"0,564";"0,000";"1,403";"0,000";"0,000";"0,000";"0,000";"0,157";"0,527";"0,502";"0,659";"1,689";"0,286";"0,149";"0,137";
"27/01/2024 09:30";"0,848";"0,000";"0,619";"0,000";"0,569";"0,000";"2,035";"0,000";"0,000";"0,000";"0,000";"0,136";"0,996";"0,767";"0,717";"2,479";"0,444";"0,231";"0,213";
"27/01/2024 09:40";"0,423";"0,000";"0,408";"0,000";"0,559";"0,000";"1,391";"0,000";"0,059";"0,000";"0,000";"0,041";"0,633";"0,618";"0,768";"2,019";"0,628";"0,328";"0,300";
"27/01/2024 09:50";"0,380";"0,000";"0,359";"0,000";"0,529";"0,000";"1,268";"0,000";"0,019";"0,000";"0,000";"0,116";"0,663";"0,643";"0,813";"2,119";"0,851";"0,462";"0,389";
"27/01/2024 10:00";"0,368";"0,000";"0,336";"0,000";"0,507";"0,000";"1,211";"0,000";"0,040";"0,000";"0,000";"0,040";"0,767";"0,736";"0,906";"2,409";"1,198";"0,695";"0,503";
"27/01/2024 10:10";"0,406";"0,000";"0,424";"0,000";"0,558";"0,000";"1,387";"0,000";"0,077";"0,000";"0,000";"0,018";"0,910";"0,928";"1,062";"2,901";"1,514";"0,891";"0,623";
"27/01/2024 10:20";"0,851";"0,000";"0,642";"0,000";"0,579";"0,000";"2,072";"0,000";"0,000";"0,000";"0,000";"0,195";"1,468";"1,259";"1,196";"3,923";"1,851";"1,075";"0,776";
"27/01/2024 10:30";"0,902";"0,000";"0,627";"0,000";"0,494";"0,000";"2,023";"0,000";"0,013";"0,000";"0,000";"0,109";"1,595";"1,319";"1,187";"4,101";"2,078";"1,178";"0,900";
"27/01/2024 10:40";"0,816";"0,000";"0,704";"0,000";"0,480";"0,000";"2,000";"0,000";"0,007";"0,000";"0,000";"0,090";"1,503";"1,391";"1,167";"4,060";"2,060";"1,149";"0,911";
"27/01/2024 10:50";"0,417";"0,000";"0,418";"0,000";"0,542";"0,000";"1,377";"0,000";"0,028";"0,000";"0,000";"0,121";"1,313";"1,313";"1,438";"4,064";"2,687";"1,494";"1,193";
"27/01/2024 11:00";"0,340";"0,000";"0,301";"0,000";"0,471";"0,000";"1,112";"0,000";"0,006";"0,000";"0,000";"0,090";"1,551";"1,513";"1,683";"4,747";"3,635";"2,017";"1,618";
"27/01/2024 11:10";"0,391";"0,000";"0,394";"0,000";"0,488";"0,000";"1,273";"0,000";"0,064";"0,000";"0,000";"0,000";"1,746";"1,749";"1,843";"5,338";"4,065";"2,170";"1,895";
"27/01/2024 11:20";"0,447";"0,000";"0,423";"0,000";"0,514";"0,000";"1,385";"0,000";"0,031";"0,000";"0,000";"0,100";"2,124";"2,100";"2,191";"6,416";"5,031";"2,553";"2,478";
"27/01/2024 11:30";"0,884";"0,000";"0,567";"0,000";"0,489";"0,000";"1,940";"0,000";"0,002";"0,000";"0,000";"0,109";"2,348";"2,032";"1,954";"6,334";"4,394";"2,218";"2,176";
"27/01/2024 11:40";"0,394";"0,000";"0,377";"0,000";"0,481";"0,000";"1,252";"0,000";"0,041";"0,000";"0,000";"0,079";"1,391";"1,373";"1,477";"4,241";"2,989";"1,513";"1,476";
"27/01/2024 11:50";"0,406";"0,000";"0,401";"0,000";"0,491";"0,000";"1,298";"0,000";"0,083";"0,000";"0,000";"0,000";"1,262";"1,257";"1,347";"3,866";"2,568";"1,305";"1,263";
"27/01/2024 12:00";"0,673";"0,000";"0,438";"0,000";"0,510";"0,000";"1,622";"0,000";"0,014";"0,000";"0,000";"0,100";"1,498";"1,264";"1,336";"4,098";"2,476";"1,264";"1,212";
"27/01/2024 12:10";"0,548";"0,000";"0,482";"0,000";"0,442";"0,000";"1,473";"0,000";"0,010";"0,000";"0,000";"0,094";"1,489";"1,424";"1,384";"4,298";"2,825";"1,436";"1,389";
"27/01/2024 12:20";"0,402";"0,000";"0,396";"0,000";"0,514";"0,000";"1,312";"0,000";"0,058";"0,000";"0,000";"0,070";"1,468";"1,462";"1,580";"4,510";"3,198";"1,624";"1,574";
"27/01/2024 12:30";"0,416";"0,000";"0,381";"0,000";"0,498";"0,000";"1,295";"0,000";"0,056";"0,000";"0,000";"0,011";"1,481";"1,446";"1,562";"4,488";"3,193";"1,623";"1,570";
"27/01/2024 12:40";"0,441";"0,000";"0,404";"0,000";"0,480";"0,000";"1,325";"0,000";"0,000";"0,000";"0,000";"0,113";"1,484";"1,447";"1,523";"4,453";"3,128";"1,590";"1,538";
"27/01/2024 12:50";"0,400";"0,000";"0,361";"0,000";"0,546";"0,000";"1,306";"0,000";"0,090";"0,000";"0,000";"0,001";"1,476";"1,437";"1,622";"4,536";"3,230";"1,641";"1,589";
"27/01/2024 13:00";"0,380";"0,000";"0,431";"0,000";"0,540";"0,000";"1,351";"0,000";"0,061";"0,000";"0,000";"0,049";"1,501";"1,553";"1,661";"4,715";"3,364";"1,709";"1,655";
"27/01/2024 13:10";"0,800";"0,000";"0,541";"0,000";"0,501";"0,000";"1,842";"0,000";"0,000";"0,000";"0,000";"0,177";"2,040";"1,781";"1,741";"5,562";"3,720";"1,889";"1,831";
"27/01/2024 13:20";"0,487";"0,000";"0,394";"0,000";"0,430";"0,000";"1,311";"0,000";"0,068";"0,000";"0,000";"0,006";"1,764";"1,671";"1,707";"5,143";"3,832";"1,944";"1,888";
"27/01/2024 13:30";"0,418";"0,000";"0,419";"0,000";"0,470";"0,000";"1,307";"0,000";"0,013";"0,000";"0,000";"0,081";"1,773";"1,774";"1,825";"5,372";"4,065";"2,065";"2,000";
"27/01/2024 13:40";"0,358";"0,000";"0,343";"0,000";"0,430";"0,000";"1,131";"0,000";"0,076";"0,000";"0,000";"0,005";"1,809";"1,794";"1,881";"5,485";"4,354";"2,217";"2,137";
"27/01/2024 13:50";"0,418";"0,000";"0,398";"0,000";"0,481";"0,000";"1,297";"0,000";"0,029";"0,000";"0,000";"0,137";"1,687";"1,667";"1,750";"5,104";"3,807";"1,937";"1,870";
"27/01/2024 14:00";"0,379";"0,000";"0,378";"0,000";"0,314";"0,000";"1,071";"0,000";"0,006";"0,000";"0,000";"0,081";"1,531";"1,530";"1,465";"4,525";"3,454";"1,756";"1,698";
"27/01/2024 14:10";"0,374";"0,000";"0,346";"0,000";"0,172";"0,000";"0,891";"0,000";"0,081";"0,000";"0,000";"0,000";"1,483";"1,455";"1,281";"4,218";"3,327";"1,692";"1,635";
"27/01/2024 14:20";"0,334";"0,000";"0,367";"0,000";"0,147";"0,000";"0,848";"0,000";"0,063";"0,000";"0,000";"0,006";"1,501";"1,534";"1,314";"4,348";"3,500";"1,780";"1,720";
"27/01/2024 14:30";"0,308";"0,000";"0,301";"0,000";"0,123";"0,000";"0,732";"0,000";"0,050";"0,000";"0,000";"0,030";"1,545";"1,538";"1,361";"4,444";"3,712";"1,886";"1,826";
"27/01/2024 14:40";"0,338";"0,000";"0,307";"0,000";"0,124";"0,000";"0,769";"0,000";"0,050";"0,000";"0,000";"0,008";"1,536";"1,505";"1,322";"4,363";"3,594";"1,826";"1,768";
"27/01/2024 14:50";"0,291";"0,000";"0,275";"0,000";"0,079";"0,000";"0,644";"0,000";"0,023";"0,000";"0,000";"0,041";"1,426";"1,410";"1,214";"4,050";"3,406";"1,730";"1,676";
"27/01/2024 15:00";"0,261";"0,000";"0,255";"0,000";"0,078";"0,000";"0,595";"0,000";"0,011";"0,000";"0,000";"0,025";"1,396";"1,390";"1,212";"3,998";"3,403";"1,728";"1,675";
"27/01/2024 15:10";"0,270";"0,000";"0,246";"0,000";"0,078";"0,000";"0,594";"0,000";"0,018";"0,000";"0,000";"0,021";"1,359";"1,335";"1,166";"3,860";"3,266";"1,659";"1,607";
"27/01/2024 15:20";"0,282";"0,000";"0,264";"0,000";"0,078";"0,000";"0,623";"0,000";"0,002";"0,000";"0,000";"0,054";"1,477";"1,459";"1,274";"4,210";"3,587";"1,825";"1,762";
"27/01/2024 15:30";"0,292";"0,000";"0,241";"0,000";"0,077";"0,000";"0,610";"0,000";"0,009";"0,000";"0,000";"0,026";"1,781";"1,730";"1,566";"5,077";"4,467";"2,282";"2,185";
"27/01/2024 15:40";"0,251";"0,000";"0,266";"0,000";"0,077";"0,000";"0,595";"0,000";"0,010";"0,000";"0,000";"0,026";"1,639";"1,654";"1,465";"4,759";"4,164";"2,129";"2,035";
"27/01/2024 15:50";"0,260";"0,000";"0,251";"0,000";"0,077";"0,000";"0,589";"0,000";"0,006";"0,000";"0,000";"0,049";"1,495";"1,485";"1,312";"4,292";"3,703";"1,894";"1,809";
"27/01/2024 16:00";"0,266";"0,000";"0,239";"0,000";"0,077";"0,000";"0,582";"0,000";"0,008";"0,000";"0,000";"0,029";"1,320";"1,293";"1,131";"3,743";"3,161";"1,618";"1,543";
"27/01/2024 16:10";"0,381";"0,000";"0,404";"0,000";"0,180";"0,000";"0,965";"0,000";"0,071";"0,000";"0,000";"0,001";"1,433";"1,456";"1,232";"4,121";"3,156";"1,617";"1,539";
"27/01/2024 16:20";"0,443";"0,000";"0,402";"0,000";"0,235";"0,000";"1,080";"0,000";"0,016";"0,000";"0,000";"0,085";"1,393";"1,352";"1,184";"3,929";"2,849";"1,460";"1,389";
"27/01/2024 16:30";"0,635";"0,000";"0,506";"0,000";"0,287";"0,000";"1,428";"0,000";"0,000";"0,000";"0,000";"0,161";"1,554";"1,426";"1,207";"4,187";"2,759";"1,416";"1,343";
"27/01/2024 16:40";"0,763";"0,000";"0,390";"0,000";"0,210";"0,000";"1,363";"0,000";"0,006";"0,000";"0,000";"0,093";"1,551";"1,178";"0,998";"3,727";"2,364";"1,212";"1,152";
"27/01/2024 16:50";"0,381";"0,000";"0,366";"0,000";"0,331";"0,000";"1,078";"0,000";"0,031";"0,000";"0,000";"0,072";"1,053";"1,038";"1,003";"3,094";"2,016";"1,033";"0,983";
"27/01/2024 17:00";"0,406";"0,000";"0,382";"0,000";"0,438";"0,000";"1,226";"0,000";"0,002";"0,000";"0,000";"0,121";"1,001";"0,977";"1,033";"3,010";"1,784";"0,913";"0,871";
"27/01/2024 17:10";"0,454";"0,000";"0,377";"0,000";"0,493";"0,000";"1,324";"0,000";"0,000";"0,000";"0,000";"0,132";"0,994";"0,917";"1,033";"2,945";"1,621";"0,829";"0,792";
"27/01/2024 17:20";"0,396";"0,000";"0,450";"0,000";"0,482";"0,000";"1,328";"0,000";"0,035";"0,000";"0,000";"0,083";"0,900";"0,954";"0,986";"2,841";"1,513";"0,773";"0,740";
"27/01/2024 17:30";"0,556";"0,000";"0,297";"0,000";"0,427";"0,000";"1,280";"0,000";"0,002";"0,000";"0,000";"0,114";"1,005";"0,746";"0,877";"2,628";"1,348";"0,688";"0,660";
"27/01/2024 17:40";"0,405";"0,000";"0,427";"0,000";"0,454";"0,000";"1,286";"0,000";"0,063";"0,000";"0,000";"0,022";"0,704";"0,727";"0,754";"2,185";"0,899";"0,460";"0,439";
"27/01/2024 17:50";"0,415";"0,000";"0,327";"0,000";"0,410";"0,000";"1,153";"0,000";"0,048";"0,000";"0,000";"0,017";"0,690";"0,602";"0,685";"1,978";"0,825";"0,438";"0,387";
"27/01/2024 18:00";"0,354";"0,000";"0,354";"0,000";"0,416";"0,000";"1,124";"0,000";"0,039";"0,000";"0,000";"0,017";"0,575";"0,575";"0,637";"1,787";"0,663";"0,357";"0,306";
"27/01/2024 18:10";"0,303";"0,000";"0,299";"0,000";"0,375";"0,000";"0,977";"0,000";"0,016";"0,000";"0,000";"0,052";"0,420";"0,416";"0,492";"1,329";"0,352";"0,185";"0,167";
"27/01/2024 18:20";"0,346";"0,000";"0,244";"0,000";"0,339";"0,000";"0,929";"0,000";"0,002";"0,000";"0,000";"0,043";"0,401";"0,299";"0,395";"1,095";"0,166";"0,087";"0,079";
"27/01/2024 18:30";"0,573";"0,000";"0,345";"0,000";"0,205";"0,000";"1,123";"0,000";"0,018";"0,000";"0,000";"0,027";"0,597";"0,369";"0,229";"1,195";"0,072";"0,038";"0,034";
"27/01/2024 18:40";"0,634";"0,000";"0,355";"0,000";"0,184";"0,000";"1,173";"0,000";"0,036";"0,000";"0,000";"0,012";"0,634";"0,356";"0,185";"1,175";"0,002";"0,001";"0,001";
"27/01/2024 18:50";"0,697";"0,000";"0,477";"0,000";"0,237";"0,000";"1,411";"0,000";"0,015";"0,000";"0,000";"0,101";"0,697";"0,477";"0,237";"1,411";"0,000";"0,000";"0,000";
"27/01/2024 19:00";"0,885";"0,000";"0,554";"0,000";"0,304";"0,000";"1,744";"0,000";"0,000";"0,000";"0,000";"0,149";"0,885";"0,554";"0,304";"1,744";"0,000";"0,000";"0,000";
"27/01/2024 19:10";"1,086";"0,000";"0,938";"0,000";"0,308";"0,000";"2,332";"0,000";"0,013";"0,000";"0,000";"0,147";"1,086";"0,938";"0,308";"2,332";"0,000";"0,000";"0,000";
"27/01/2024 19:20";"0,658";"0,000";"0,545";"0,000";"0,314";"0,000";"1,517";"0,000";"0,022";"0,000";"0,000";"0,053";"0,658";"0,545";"0,314";"1,517";"0,000";"0,000";"0,000";
"27/01/2024 19:30";"0,566";"0,000";"0,478";"0,000";"0,271";"0,000";"1,316";"0,000";"0,016";"0,000";"0,000";"0,040";"0,566";"0,478";"0,271";"1,316";"0,000";"0,000";"0,000";
"27/01/2024 19:40";"0,612";"0,000";"0,562";"0,000";"0,327";"0,000";"1,500";"0,000";"0,030";"0,000";"0,000";"0,020";"0,612";"0,562";"0,327";"1,500";"0,000";"0,000";"0,000";
"27/01/2024 19:50";"0,606";"0,000";"0,497";"0,000";"0,294";"0,000";"1,397";"0,000";"0,014";"0,000";"0,000";"0,019";"0,606";"0,497";"0,294";"1,397";"0,000";"0,000";"0,000";
"27/01/2024 20:00";"0,563";"0,000";"0,592";"0,000";"0,339";"0,000";"1,493";"0,000";"0,011";"0,000";"0,000";"0,102";"0,563";"0,592";"0,339";"1,493";"0,000";"0,000";"0,000";
"27/01/2024 20:10";"0,462";"0,000";"0,430";"0,000";"0,258";"0,000";"1,151";"0,000";"0,001";"0,000";"0,000";"0,125";"0,462";"0,430";"0,258";"1,151";"0,000";"0,000";"0,000";
"27/01/2024 20:20";"0,518";"0,000";"0,551";"0,000";"0,314";"0,000";"1,383";"0,000";"0,009";"0,000";"0,000";"0,031";"0,518";"0,551";"0,314";"1,383";"0,000";"0,000";"0,000";
"27/01/2024 20:30";"0,573";"0,000";"0,574";"0,000";"0,357";"0,000";"1,503";"0,000";"0,004";"0,000";"0,000";"0,093";"0,573";"0,574";"0,357";"1,503";"0,000";"0,000";"0,000";
"27/01/2024 20:40";"0,950";"0,000";"0,455";"0,000";"0,267";"0,000";"1,673";"0,000";"0,000";"0,000";"0,000";"0,133";"0,950";"0,455";"0,267";"1,673";"0,000";"0,000";"0,000";
"27/01/2024 20:50";"0,995";"0,000";"0,963";"0,000";"0,304";"0,000";"2,262";"0,000";"0,006";"0,000";"0,000";"0,070";"0,995";"0,963";"0,304";"2,262";"0,000";"0,000";"0,000";
"27/01/2024 21:00";"0,645";"0,000";"0,500";"0,000";"0,285";"0,000";"1,430";"0,000";"0,004";"0,000";"0,000";"0,112";"0,645";"0,500";"0,285";"1,430";"0,000";"0,000";"0,000";
"27/01/2024 21:10";"0,498";"0,000";"0,527";"0,000";"0,383";"0,000";"1,409";"0,000";"0,020";"0,000";"0,000";"0,088";"0,498";"0,527";"0,383";"1,409";"0,000";"0,000";"0,000";
"27/01/2024 21:20";"0,459";"0,000";"0,502";"0,000";"0,613";"0,000";"1,573";"0,000";"0,000";"0,000";"0,000";"0,138";"0,459";"0,502";"0,613";"1,573";"0,000";"0,000";"0,000";
"27/01/2024 21:30";"0,543";"0,000";"0,549";"0,000";"0,654";"0,000";"1,745";"0,000";"0,018";"0,000";"0,000";"0,015";"0,543";"0,549";"0,654";"1,745";"0,000";"0,000";"0,000";
"27/01/2024 21:40";"0,681";"0,000";"0,626";"0,000";"0,696";"0,000";"2,003";"0,000";"0,001";"0,000";"0,000";"0,208";"0,681";"0,626";"0,696";"2,003";"0,000";"0,000";"0,000";
"27/01/2024 21:50";"0,693";"0,000";"0,578";"0,000";"0,610";"0,000";"1,881";"0,000";"0,004";"0,000";"0,000";"0,079";"0,693";"0,578";"0,610";"1,881";"0,000";"0,000";"0,000";
"27/01/2024 22:00";"0,587";"0,000";"0,529";"0,000";"0,654";"0,000";"1,769";"0,000";"0,000";"0,000";"0,000";"0,205";"0,587";"0,529";"0,654";"1,769";"0,000";"0,000";"0,000";
"27/01/2024 22:10";"0,574";"0,000";"0,597";"0,000";"0,639";"0,000";"1,810";"0,000";"0,000";"0,000";"0,000";"0,121";"0,574";"0,597";"0,639";"1,810";"0,000";"0,000";"0,000";
"27/01/2024 22:20";"0,472";"0,000";"0,455";"0,000";"0,643";"0,000";"1,570";"0,000";"0,000";"0,000";"0,000";"0,163";"0,472";"0,455";"0,643";"1,570";"0,000";"0,000";"0,000";
"27/01/2024 22:30";"0,527";"0,000";"0,569";"0,000";"0,668";"0,000";"1,765";"0,000";"0,000";"0,000";"0,000";"0,063";"0,527";"0,569";"0,668";"1,765";"0,000";"0,000";"0,000";
"27/01/2024 22:40";"0,549";"0,000";"0,566";"0,000";"0,629";"0,000";"1,744";"0,000";"0,013";"0,000";"0,000";"0,074";"0,549";"0,566";"0,629";"1,744";"0,000";"0,000";"0,000";
"27/01/2024 22:50";"0,852";"0,000";"0,679";"0,000";"0,637";"0,000";"2,168";"0,000";"0,000";"0,000";"0,000";"0,213";"0,852";"0,679";"0,637";"2,168";"0,000";"0,000";"0,000";
"27/01/2024 23:00";"0,595";"0,000";"0,538";"0,000";"0,592";"0,000";"1,724";"0,000";"0,001";"0,000";"0,000";"0,089";"0,595";"0,538";"0,592";"1,724";"0,000";"0,000";"0,000";
"27/01/2024 23:10";"0,596";"0,000";"0,540";"0,000";"0,641";"0,000";"1,777";"0,000";"0,000";"0,000";"0,000";"0,222";"0,596";"0,540";"0,641";"1,777";"0,000";"0,000";"0,000";
"27/01/2024 23:20";"0,543";"0,000";"0,590";"0,000";"0,628";"0,000";"1,761";"0,000";"0,000";"0,000";"0,000";"0,170";"0,543";"0,590";"0,628";"1,761";"0,000";"0,000";"0,000";
"27/01/2024 23:30";"0,487";"0,000";"0,488";"0,000";"0,603";"0,000";"1,579";"0,000";"0,008";"0,000";"0,000";"0,135";"0,487";"0,488";"0,603";"1,579";"0,000";"0,000";"0,000";
"27/01/2024 23:40";"0,691";"0,000";"0,551";"0,000";"0,646";"0,000";"1,888";"0,000";"0,001";"0,000";"0,000";"0,117";"0,691";"0,551";"0,646";"1,888";"0,000";"0,000";"0,000";
"27/01/2024 23:50";"1,039";"0,000";"1,064";"0,000";"0,668";"0,000";"2,771";"0,000";"0,004";"0,000";"0,000";"0,169";"1,039";"1,064";"0,668";"2,771";"0,000";"0,000";"0,000";
"28/01/2024 00:00";"0,944";"0,000";"0,622";"0,000";"0,560";"0,000";"2,125";"0,000";"0,000";"0,000";"0,000";"0,156";"0,944";"0,622";"0,560";"2,125";"0,000";"0,000";"0,000";
"28/01/2024 00:10";"1,012";"0,000";"0,823";"0,000";"0,620";"0,000";"2,455";"0,000";"0,009";"0,000";"0,000";"0,059";"1,012";"0,823";"0,620";"2,455";"0,000";"0,000";"0,000";
"28/01/2024 00:20";"0,576";"0,000";"0,520";"0,000";"0,647";"0,000";"1,743";"0,000";"0,005";"0,000";"0,000";"0,132";"0,576";"0,520";"0,647";"1,743";"0,000";"0,000";"0,000";
"28/01/2024 00:30";"0,537";"0,000";"0,606";"0,000";"0,670";"0,000";"1,813";"0,000";"0,000";"0,000";"0,000";"0,206";"0,537";"0,606";"0,670";"1,813";"0,000";"0,000";"0,000";
"28/01/2024 00:40";"0,462";"0,000";"0,495";"0,000";"0,588";"0,000";"1,545";"0,000";"0,000";"0,000";"0,000";"0,117";"0,462";"0,495";"0,588";"1,545";"0,000";"0,000";"0,000";
"28/01/2024 00:50";"0,813";"0,000";"0,537";"0,000";"0,656";"0,000";"2,006";"0,000";"0,014";"0,000";"0,000";"0,068";"0,813";"0,537";"0,656";"2,006";"0,000";"0,000";"0,000";
"28/01/2024 01:00";"0,869";"0,000";"0,583";"0,000";"0,652";"0,000";"2,104";"0,000";"0,006";"0,000";"0,000";"0,120";"0,869";"0,583";"0,652";"2,104";"0,000";"0,000";"0,000";
"28/01/2024 01:10";"0,712";"0,000";"0,548";"0,000";"0,678";"0,000";"1,939";"0,000";"0,003";"0,000";"0,000";"0,169";"0,712";"0,548";"0,678";"1,939";"0,000";"0,000";"0,000";
"28/01/2024 01:20";"0,589";"0,000";"0,613";"0,000";"0,721";"0,000";"1,923";"0,000";"0,000";"0,000";"0,000";"0,253";"0,589";"0,613";"0,721";"1,923";"0,000";"0,000";"0,000";
"28/01/2024 01:30";"0,593";"0,000";"0,567";"0,000";"0,647";"0,000";"1,807";"0,000";"0,010";"0,000";"0,000";"0,142";"0,593";"0,567";"0,647";"1,807";"0,000";"0,000";"0,000";
"28/01/2024 01:40";"0,547";"0,000";"0,532";"0,000";"0,681";"0,000";"1,759";"0,000";"0,000";"0,000";"0,000";"0,210";"0,547";"0,532";"0,681";"1,759";"0,000";"0,000";"0,000";
"28/01/2024 01:50";"0,475";"0,000";"0,534";"0,000";"0,617";"0,000";"1,626";"0,000";"0,002";"0,000";"0,000";"0,113";"0,475";"0,534";"0,617";"1,626";"0,000";"0,000";"0,000";
"28/01/2024 02:00";"0,506";"0,000";"0,532";"0,000";"0,668";"0,000";"1,706";"0,000";"0,005";"0,000";"0,000";"0,051";"0,506";"0,532";"0,668";"1,706";"0,000";"0,000";"0,000";
"28/01/2024 02:10";"0,755";"0,000";"0,562";"0,000";"0,685";"0,000";"2,002";"0,000";"0,013";"0,000";"0,000";"0,100";"0,755";"0,562";"0,685";"2,002";"0,000";"0,000";"0,000";
"28/01/2024 02:20";"0,980";"0,000";"0,594";"0,000";"0,612";"0,000";"2,186";"0,000";"0,002";"0,000";"0,000";"0,138";"0,980";"0,594";"0,612";"2,186";"0,000";"0,000";"0,000";
"28/01/2024 02:30";"1,025";"0,000";"1,032";"0,000";"0,741";"0,000";"2,798";"0,000";"0,006";"0,000";"0,000";"0,108";"1,025";"1,032";"0,741";"2,798";"0,000";"0,000";"0,000";
"28/01/2024 02:40";"0,706";"0,000";"0,544";"0,000";"0,603";"0,000";"1,852";"0,000";"0,000";"0,000";"0,000";"0,178";"0,706";"0,544";"0,603";"1,852";"0,000";"0,000";"0,000";
"28/01/2024 02:50";"0,493";"0,000";"0,570";"0,000";"0,643";"0,000";"1,706";"0,000";"0,000";"0,000";"0,000";"0,177";"0,493";"0,570";"0,643";"1,706";"0,000";"0,000";"0,000";
"28/01/2024 03:00";"0,496";"0,000";"0,480";"0,000";"0,622";"0,000";"1,598";"0,000";"0,000";"0,000";"0,000";"0,157";"0,496";"0,480";"0,622";"1,598";"0,000";"0,000";"0,000";
"28/01/2024 03:10";"0,503";"0,000";"0,521";"0,000";"0,626";"0,000";"1,650";"0,000";"0,014";"0,000";"0,000";"0,048";"0,503";"0,521";"0,626";"1,650";"0,000";"0,000";"0,000";
"28/01/2024 03:20";"0,504";"0,000";"0,558";"0,000";"0,640";"0,000";"1,702";"0,000";"0,007";"0,000";"0,000";"0,087";"0,504";"0,558";"0,640";"1,702";"0,000";"0,000";"0,000";
"28/01/2024 03:30";"0,530";"0,000";"0,525";"0,000";"0,679";"0,000";"1,735";"0,000";"0,008";"0,000";"0,000";"0,067";"0,530";"0,525";"0,679";"1,735";"0,000";"0,000";"0,000";
"28/01/2024 03:40";"0,917";"0,000";"0,604";"0,000";"0,725";"0,000";"2,247";"0,000";"0,000";"0,000";"0,000";"0,244";"0,917";"0,604";"0,725";"2,247";"0,000";"0,000";"0,000";
"28/01/2024 03:50";"1,030";"0,000";"0,824";"0,000";"0,657";"0,000";"2,512";"0,000";"0,001";"0,000";"0,000";"0,145";"1,030";"0,824";"0,657";"2,512";"0,000";"0,000";"0,000";
"28/01/2024 04:00";"0,967";"0,000";"0,757";"0,000";"0,625";"0,000";"2,349";"0,000";"0,009";"0,000";"0,000";"0,133";"0,967";"0,757";"0,625";"2,349";"0,000";"0,000";"0,000";
"28/01/2024 04:10";"0,538";"0,000";"0,599";"0,000";"0,680";"0,000";"1,817";"0,000";"0,011";"0,000";"0,000";"0,102";"0,538";"0,599";"0,680";"1,817";"0,000";"0,000";"0,000";
"28/01/2024 04:20";"0,476";"0,000";"0,508";"0,000";"0,636";"0,000";"1,620";"0,000";"0,000";"0,000";"0,000";"0,167";"0,476";"0,508";"0,636";"1,620";"0,000";"0,000";"0,000";
"28/01/2024 04:30";"0,745";"0,000";"0,545";"0,000";"0,699";"0,000";"1,990";"0,000";"0,005";"0,000";"0,000";"0,073";"0,745";"0,545";"0,699";"1,990";"0,000";"0,000";"0,000";
"28/01/2024 04:40";"1,028";"0,000";"0,703";"0,000";"0,673";"0,000";"2,403";"0,000";"0,000";"0,000";"0,000";"0,202";"1,028";"0,703";"0,673";"2,403";"0,000";"0,000";"0,000";
"28/01/2024 04:50";"0,987";"0,000";"1,027";"0,000";"0,649";"0,000";"2,663";"0,000";"0,000";"0,000";"0,000";"0,104";"0,987";"1,027";"0,649";"2,663";"0,000";"0,000";"0,000";
"28/01/2024 05:00";"0,559";"0,000";"0,540";"0,000";"0,688";"0,000";"1,786";"0,000";"0,000";"0,000";"0,000";"0,129";"0,559";"0,540";"0,688";"1,786";"0,000";"0,000";"0,000";
"28/01/2024 05:10";"0,555";"0,000";"0,596";"0,000";"0,723";"0,000";"1,874";"0,000";"0,007";"0,000";"0,000";"0,209";"0,555";"0,596";"0,723";"1,874";"0,000";"0,000";"0,000";
"28/01/2024 05:20";"0,735";"0,000";"0,582";"0,000";"0,753";"0,000";"2,070";"0,000";"0,000";"0,000";"0,000";"0,238";"0,735";"0,582";"0,753";"2,070";"0,000";"0,000";"0,000";
"28/01/2024 05:30";"0,782";"0,000";"0,684";"0,000";"0,694";"0,000";"2,160";"0,000";"0,001";"0,000";"0,000";"0,176";"0,782";"0,684";"0,694";"2,160";"0,000";"0,000";"0,000";
"28/01/2024 05:40";"0,539";"0,000";"0,576";"0,000";"0,724";"0,000";"1,838";"0,000";"0,004";"0,000";"0,000";"0,206";"0,539";"0,576";"0,724";"1,838";"0,000";"0,000";"0,000";
"28/01/2024 05:50";"0,665";"0,000";"0,563";"0,000";"0,713";"0,000";"1,941";"0,000";"0,000";"0,000";"0,000";"0,224";"0,665";"0,563";"0,713";"1,941";"0,000";"0,000";"0,000";
"28/01/2024 06:00";"0,886";"0,000";"0,601";"0,000";"0,703";"0,000";"2,190";"0,000";"0,000";"0,000";"0,000";"0,213";"0,886";"0,601";"0,703";"2,190";"0,000";"0,000";"0,000";
"28/01/2024 06:10";"0,817";"0,000";"0,544";"0,000";"0,707";"0,000";"2,068";"0,000";"0,002";"0,000";"0,000";"0,199";"0,817";"0,544";"0,707";"2,068";"0,000";"0,000";"0,000";
"28/01/2024 06:20";"0,609";"0,000";"0,594";"0,000";"0,729";"0,000";"1,932";"0,000";"0,001";"0,000";"0,000";"0,221";"0,609";"0,594";"0,729";"1,932";"0,000";"0,000";"0,000";
"28/01/2024 06:30";"0,605";"0,000";"0,636";"0,000";"0,774";"0,000";"2,015";"0,000";"0,000";"0,000";"0,000";"0,212";"0,605";"0,636";"0,774";"2,015";"0,000";"0,000";"0,000";
"28/01/2024 06:40";"0,604";"0,000";"0,538";"0,000";"0,777";"0,000";"1,919";"0,000";"0,006";"0,000";"0,000";"0,142";"0,604";"0,538";"0,777";"1,919";"0,000";"0,000";"0,000";
"28/01/2024 06:50";"0,564";"0,000";"0,629";"0,000";"0,776";"0,000";"1,968";"0,000";"0,002";"0,000";"0,000";"0,221";"0,564";"0,629";"0,776";"1,968";"0,000";"0,000";"0,000";
"28/01/2024 07:00";"0,679";"0,000";"0,549";"0,000";"0,715";"0,000";"1,943";"0,000";"0,000";"0,000";"0,000";"0,302";"0,679";"0,549";"0,715";"1,943";"0,000";"0,000";"0,000";
"28/01/2024 07:10";"0,990";"0,000";"0,765";"0,000";"0,687";"0,000";"2,443";"0,000";"0,001";"0,000";"0,000";"0,145";"0,990";"0,765";"0,687";"2,443";"0,000";"0,000";"0,000";
"28/01/2024 07:20";"0,664";"0,000";"0,605";"0,000";"0,726";"0,000";"1,995";"0,000";"0,018";"0,000";"0,000";"0,110";"0,664";"0,605";"0,726";"1,995";"0,000";"0,000";"0,000";
"28/01/2024 07:30";"0,635";"0,000";"0,552";"0,000";"0,725";"0,000";"1,913";"0,000";"0,027";"0,000";"0,000";"0,074";"0,635";"0,552";"0,725";"1,913";"0,000";"0,000";"0,000";
"28/01/2024 07:40";"1,029";"0,000";"0,747";"0,000";"0,737";"0,000";"2,514";"0,000";"0,000";"0,000";"0,000";"0,188";"1,029";"0,747";"0,737";"2,514";"0,000";"0,000";"0,000";
"28/01/2024 07:50";"0,711";"0,000";"0,558";"0,000";"0,696";"0,000";"1,965";"0,000";"0,001";"0,000";"0,000";"0,143";"0,711";"0,558";"0,696";"1,965";"0,000";"0,000";"0,000";
"28/01/2024 08:00";"0,647";"0,000";"0,585";"0,000";"0,740";"0,000";"1,973";"0,000";"0,000";"0,000";"0,000";"0,203";"0,647";"0,585";"0,740";"1,973";"0,000";"0,000";"0,000";
"28/01/2024 08:10";"0,756";"0,000";"0,590";"0,000";"0,745";"0,000";"2,091";"0,000";"0,000";"0,000";"0,000";"0,311";"0,756";"0,590";"0,745";"2,091";"0,000";"0,000";"0,000";
"28/01/2024 08:20";"0,816";"0,000";"0,735";"0,000";"0,692";"0,000";"2,243";"0,000";"0,001";"0,000";"0,000";"0,186";"0,816";"0,735";"0,692";"2,243";"0,000";"0,000";"0,000";
"28/01/2024 08:30";"0,561";"0,000";"0,576";"0,000";"0,712";"0,000";"1,850";"0,000";"0,000";"0,000";"0,000";"0,203";"0,561";"0,576";"0,712";"1,850";"0,000";"0,000";"0,000";
"28/01/2024 08:40";"0,470";"0,000";"0,471";"0,000";"0,614";"0,000";"1,555";"0,000";"0,000";"0,000";"0,000";"0,150";"0,470";"0,471";"0,614";"1,555";"0,000";"0,000";"0,000";
"28/01/2024 08:50";"0,872";"0,000";"0,598";"0,000";"0,585";"0,000";"2,055";"0,000";"0,001";"0,000";"0,000";"0,176";"0,876";"0,602";"0,588";"2,066";"0,011";"0,006";"0,005";
"28/01/2024 09:00";"0,437";"0,000";"0,457";"0,000";"0,584";"0,000";"1,478";"0,000";"0,001";"0,000";"0,000";"0,122";"0,469";"0,488";"0,616";"1,573";"0,095";"0,051";"0,044";
"28/01/2024 09:10";"0,447";"0,000";"0,412";"0,000";"0,616";"0,000";"1,475";"0,000";"0,000";"0,000";"0,000";"0,178";"0,516";"0,480";"0,685";"1,681";"0,206";"0,109";"0,097";
"28/01/2024 09:20";"0,764";"0,000";"0,556";"0,000";"0,634";"0,000";"1,954";"0,000";"0,000";"0,000";"0,000";"0,154";"0,893";"0,685";"0,763";"2,341";"0,387";"0,217";"0,170";
"28/01/2024 09:30";"0,881";"0,000";"0,677";"0,000";"0,544";"0,000";"2,102";"0,000";"0,001";"0,000";"0,000";"0,136";"1,052";"0,848";"0,716";"2,616";"0,514";"0,287";"0,227";
"28/01/2024 09:40";"0,912";"0,000";"0,869";"0,000";"0,544";"0,000";"2,324";"0,000";"0,028";"0,000";"0,000";"0,105";"1,134";"1,091";"0,766";"2,991";"0,667";"0,380";"0,287";
"28/01/2024 09:50";"0,464";"0,000";"0,430";"0,000";"0,542";"0,000";"1,436";"0,000";"0,001";"0,000";"0,000";"0,098";"0,762";"0,727";"0,839";"2,329";"0,893";"0,525";"0,368";
"28/01/2024 10:00";"0,434";"0,000";"0,391";"0,000";"0,577";"0,000";"1,401";"0,000";"0,000";"0,000";"0,000";"0,174";"0,831";"0,788";"0,974";"2,592";"1,191";"0,714";"0,477";
"28/01/2024 10:10";"0,666";"0,000";"0,455";"0,000";"0,568";"0,000";"1,689";"0,000";"0,000";"0,000";"0,000";"0,162";"1,146";"0,935";"1,048";"3,130";"1,440";"0,822";"0,618";
"28/01/2024 10:20";"0,628";"0,000";"0,556";"0,000";"0,480";"0,000";"1,663";"0,000";"0,002";"0,000";"0,000";"0,106";"1,005";"0,933";"0,857";"2,794";"1,131";"0,628";"0,503";
"28/01/2024 10:30";"0,398";"0,000";"0,385";"0,000";"0,509";"0,000";"1,292";"0,000";"0,006";"0,000";"0,000";"0,092";"0,795";"0,781";"0,905";"2,481";"1,189";"0,624";"0,565";
"28/01/2024 10:40";"0,470";"0,000";"0,471";"0,000";"0,613";"0,000";"1,555";"0,000";"0,000";"0,000";"0,000";"0,142";"1,251";"1,253";"1,395";"3,899";"2,344";"1,339";"1,005";
"28/01/2024 10:50";"0,840";"0,000";"0,524";"0,000";"0,564";"0,000";"1,927";"0,000";"0,000";"0,000";"0,000";"0,187";"1,895";"1,579";"1,619";"5,094";"3,167";"1,755";"1,412";
"28/01/2024 11:00";"0,405";"0,000";"0,414";"0,000";"0,452";"0,000";"1,271";"0,000";"0,056";"0,000";"0,000";"0,024";"1,491";"1,500";"1,537";"4,527";"3,256";"1,709";"1,547";
"28/01/2024 11:10";"0,429";"0,000";"0,368";"0,000";"0,443";"0,000";"1,241";"0,000";"0,078";"0,000";"0,000";"0,008";"1,551";"1,491";"1,566";"4,608";"3,367";"1,726";"1,641";
"28/01/2024 11:20";"0,396";"0,000";"0,383";"0,000";"0,492";"0,000";"1,271";"0,000";"0,090";"0,000";"0,000";"0,000";"1,415";"1,403";"1,512";"4,330";"3,059";"1,547";"1,512";
"28/01/2024 11:30";"0,420";"0,000";"0,434";"0,000";"0,500";"0,000";"1,355";"0,000";"0,065";"0,000";"0,000";"0,037";"1,305";"1,319";"1,385";"4,010";"2,655";"1,342";"1,313";
"28/01/2024 11:40";"0,820";"0,000";"0,503";"0,000";"0,494";"0,000";"1,816";"0,000";"0,000";"0,000";"0,000";"0,167";"1,533";"1,216";"1,207";"3,956";"2,140";"1,088";"1,052";
"28/01/2024 11:50";"0,402";"0,000";"0,400";"0,000";"0,473";"0,000";"1,275";"0,000";"0,068";"0,000";"0,000";"0,007";"1,120";"1,118";"1,191";"3,429";"2,154";"1,095";"1,059";
"28/01/2024 12:00";"0,392";"0,000";"0,399";"0,000";"0,497";"0,000";"1,288";"0,000";"0,098";"0,000";"0,000";"0,009";"1,395";"1,402";"1,501";"4,298";"3,010";"1,528";"1,482";
"28/01/2024 12:10";"0,696";"0,000";"0,424";"0,000";"0,535";"0,000";"1,656";"0,000";"0,000";"0,000";"0,000";"0,146";"1,903";"1,631";"1,742";"5,275";"3,619";"1,838";"1,781";
"28/01/2024 12:20";"0,585";"0,000";"0,321";"0,000";"0,424";"0,000";"1,329";"0,000";"0,014";"0,000";"0,000";"0,097";"2,225";"1,960";"2,063";"6,248";"4,919";"2,496";"2,423";
"28/01/2024 12:30";"0,506";"0,000";"0,350";"0,000";"0,476";"0,000";"1,332";"0,000";"0,079";"0,000";"0,000";"0,000";"2,506";"2,351";"2,477";"7,333";"6,001";"3,043";"2,958";
"28/01/2024 12:40";"0,542";"0,000";"0,405";"0,000";"0,482";"0,000";"1,430";"0,000";"0,086";"0,000";"0,000";"0,000";"2,439";"2,302";"2,379";"7,121";"5,691";"2,885";"2,806";
"28/01/2024 12:50";"0,864";"0,000";"0,816";"0,000";"0,444";"0,000";"2,124";"0,000";"0,036";"0,000";"0,000";"0,047";"2,878";"2,830";"2,458";"8,166";"6,042";"3,062";"2,980";
"28/01/2024 13:00";"0,863";"0,000";"0,827";"0,000";"0,443";"0,000";"2,133";"0,000";"0,018";"0,000";"0,000";"0,030";"2,872";"2,836";"2,451";"8,159";"6,026";"3,054";"2,972";
"28/01/2024 13:10";"0,623";"0,000";"0,534";"0,000";"0,421";"0,000";"1,579";"0,000";"0,033";"0,000";"0,000";"0,013";"2,721";"2,631";"2,519";"7,871";"6,292";"3,186";"3,106";
"28/01/2024 13:20";"0,404";"0,000";"0,404";"0,000";"0,483";"0,000";"1,291";"0,000";"0,064";"0,000";"0,000";"0,021";"2,271";"2,271";"2,349";"6,890";"5,599";"2,840";"2,759";
"28/01/2024 13:30";"0,418";"0,000";"0,339";"0,000";"0,436";"0,000";"1,193";"0,000";"0,034";"0,000";"0,000";"0,036";"1,807";"1,727";"1,824";"5,358";"4,165";"2,124";"2,041";
"28/01/2024 13:40";"0,388";"0,000";"0,397";"0,000";"0,476";"0,000";"1,262";"0,000";"0,054";"0,000";"0,000";"0,009";"2,163";"2,171";"2,251";"6,585";"5,323";"2,717";"2,606";
"28/01/2024 13:50";"0,465";"0,000";"0,375";"0,000";"0,506";"0,000";"1,346";"0,000";"0,023";"0,000";"0,000";"0,071";"1,548";"1,458";"1,589";"4,594";"3,248";"1,650";"1,598";
"28/01/2024 14:00";"0,705";"0,000";"0,496";"0,000";"0,438";"0,000";"1,639";"0,000";"0,003";"0,000";"0,000";"0,077";"1,723";"1,514";"1,457";"4,694";"3,055";"1,550";"1,505";
"28/01/2024 14:10";"0,397";"0,000";"0,363";"0,000";"0,475";"0,000";"1,236";"0,000";"0,050";"0,000";"0,000";"0,020";"1,594";"1,560";"1,672";"4,827";"3,591";"1,823";"1,768";
"28/01/2024 14:20";"0,458";"0,000";"0,333";"0,000";"0,433";"0,000";"1,224";"0,000";"0,022";"0,000";"0,000";"0,022";"1,547";"1,422";"1,523";"4,492";"3,268";"1,658";"1,610";
"28/01/2024 14:30";"0,393";"0,000";"0,419";"0,000";"0,479";"0,000";"1,291";"0,000";"0,069";"0,000";"0,000";"0,022";"1,551";"1,577";"1,637";"4,765";"3,474";"1,765";"1,709";
"28/01/2024 14:40";"0,407";"0,000";"0,362";"0,000";"0,529";"0,000";"1,298";"0,000";"0,046";"0,000";"0,000";"0,059";"1,155";"1,110";"1,276";"3,541";"2,243";"1,138";"1,105";
"28/01/2024 14:50";"0,816";"0,000";"0,399";"0,000";"0,442";"0,000";"1,656";"0,000";"0,015";"0,000";"0,000";"0,092";"1,495";"1,077";"1,120";"3,692";"2,036";"1,034";"1,002";
"28/01/2024 15:00";"0,883";"0,000";"0,672";"0,000";"0,329";"0,000";"1,884";"0,000";"0,066";"0,000";"0,000";"0,006";"1,676";"1,465";"1,122";"4,264";"2,380";"1,208";"1,172";
"28/01/2024 15:10";"0,599";"0,000";"0,315";"0,000";"0,123";"0,000";"1,038";"0,000";"0,020";"0,000";"0,000";"0,031";"1,354";"1,070";"0,878";"3,303";"2,265";"1,150";"1,115";
"28/01/2024 15:20";"0,397";"0,000";"0,382";"0,000";"0,193";"0,000";"0,973";"0,000";"0,048";"0,000";"0,000";"0,016";"1,236";"1,221";"1,032";"3,489";"2,516";"1,279";"1,237";
"28/01/2024 15:30";"0,316";"0,000";"0,308";"0,000";"0,121";"0,000";"0,745";"0,000";"0,037";"0,000";"0,000";"0,016";"1,111";"1,103";"0,915";"3,129";"2,384";"1,212";"1,172";
"28/01/2024 15:40";"0,353";"0,000";"0,358";"0,000";"0,181";"0,000";"0,891";"0,000";"0,087";"0,000";"0,000";"0,000";"1,165";"1,170";"0,994";"3,329";"2,438";"1,241";"1,197";
"28/01/2024 15:50";"0,522";"0,000";"0,422";"0,000";"0,222";"0,000";"1,166";"0,000";"0,082";"0,000";"0,000";"0,078";"1,751";"1,652";"1,452";"4,855";"3,689";"1,888";"1,801";
"28/01/2024 16:00";"0,663";"0,000";"0,403";"0,000";"0,138";"0,000";"1,204";"0,000";"0,045";"0,000";"0,000";"0,035";"2,051";"1,791";"1,526";"5,367";"4,163";"2,134";"2,029";
"28/01/2024 16:10";"0,394";"0,000";"0,383";"0,000";"0,197";"0,000";"0,974";"0,000";"0,105";"0,000";"0,000";"0,000";"1,710";"1,699";"1,513";"4,922";"3,948";"2,028";"1,920";
"28/01/2024 16:20";"0,327";"0,000";"0,343";"0,000";"0,122";"0,000";"0,793";"0,000";"0,059";"0,000";"0,000";"0,012";"1,429";"1,445";"1,224";"4,099";"3,306";"1,704";"1,602";
"28/01/2024 16:30";"0,490";"0,000";"0,351";"0,000";"0,207";"0,000";"1,048";"0,000";"0,021";"0,000";"0,000";"0,095";"1,435";"1,296";"1,152";"3,883";"2,835";"1,459";"1,376";
"28/01/2024 16:40";"0,372";"0,000";"0,401";"0,000";"0,171";"0,000";"0,943";"0,000";"0,088";"0,000";"0,000";"0,003";"1,017";"1,046";"0,816";"2,879";"1,936";"0,995";"0,941";
"28/01/2024 16:50";"0,399";"0,000";"0,340";"0,000";"0,165";"0,000";"0,904";"0,000";"0,012";"0,000";"0,000";"0,055";"0,694";"0,635";"0,460";"1,789";"0,885";"0,455";"0,430";
"28/01/2024 17:00";"0,397";"0,000";"0,369";"0,000";"0,197";"0,000";"0,962";"0,000";"0,054";"0,000";"0,000";"0,015";"0,665";"0,638";"0,465";"1,768";"0,806";"0,415";"0,391";
"28/01/2024 17:10";"0,387";"0,000";"0,374";"0,000";"0,159";"0,000";"0,921";"0,000";"0,059";"0,000";"0,000";"0,014";"0,770";"0,756";"0,542";"2,068";"1,147";"0,589";"0,558";
"28/01/2024 17:20";"0,392";"0,000";"0,383";"0,000";"0,200";"0,000";"0,974";"0,000";"0,073";"0,000";"0,000";"0,017";"0,785";"0,775";"0,592";"2,152";"1,178";"0,603";"0,575";
"28/01/2024 17:30";"0,393";"0,000";"0,374";"0,000";"0,208";"0,000";"0,975";"0,000";"0,047";"0,000";"0,000";"0,064";"0,653";"0,635";"0,469";"1,757";"0,782";"0,401";"0,381";
"28/01/2024 17:40";"0,474";"0,000";"0,403";"0,000";"0,180";"0,000";"1,057";"0,000";"0,012";"0,000";"0,000";"0,077";"0,692";"0,621";"0,398";"1,710";"0,653";"0,335";"0,318";
"28/01/2024 17:50";"0,395";"0,000";"0,363";"0,000";"0,200";"0,000";"0,959";"0,000";"0,092";"0,000";"0,000";"0,012";"0,566";"0,534";"0,371";"1,470";"0,511";"0,263";"0,248";
"28/01/2024 18:00";"0,408";"0,000";"0,409";"0,000";"0,457";"0,000";"1,274";"0,000";"0,011";"0,000";"0,000";"0,071";"0,543";"0,543";"0,591";"1,677";"0,403";"0,210";"0,193";
"28/01/2024 18:10";"0,396";"0,000";"0,397";"0,000";"0,513";"0,000";"1,306";"0,000";"0,030";"0,000";"0,000";"0,099";"0,470";"0,471";"0,586";"1,526";"0,220";"0,115";"0,105";
"28/01/2024 18:20";"0,305";"0,000";"0,301";"0,000";"0,381";"0,000";"0,988";"0,000";"0,033";"0,000";"0,000";"0,034";"0,334";"0,330";"0,410";"1,074";"0,086";"0,045";"0,041";
"28/01/2024 18:30";"0,711";"0,000";"0,408";"0,000";"0,455";"0,000";"1,573";"0,000";"0,045";"0,000";"0,000";"0,024";"0,714";"0,411";"0,458";"1,582";"0,009";"0,005";"0,004";
"28/01/2024 18:40";"0,915";"0,000";"0,782";"0,000";"0,478";"0,000";"2,175";"0,000";"0,026";"0,000";"0,000";"0,045";"0,915";"0,782";"0,478";"2,175";"0,000";"0,000";"0,000";
"28/01/2024 18:50";"0,865";"0,000";"0,351";"0,000";"0,433";"0,000";"1,649";"0,000";"0,001";"0,000";"0,000";"0,092";"0,865";"0,351";"0,433";"1,649";"0,000";"0,000";"0,000";
"28/01/2024 19:00";"0,763";"0,000";"0,562";"0,000";"0,599";"0,000";"1,924";"0,000";"0,007";"0,000";"0,000";"0,033";"0,763";"0,562";"0,599";"1,924";"0,000";"0,000";"0,000";
"28/01/2024 19:10";"0,753";"0,000";"0,592";"0,000";"0,648";"0,000";"1,992";"0,000";"0,007";"0,000";"0,000";"0,135";"0,753";"0,592";"0,648";"1,992";"0,000";"0,000";"0,000";
"28/01/2024 19:20";"0,788";"0,000";"0,454";"0,000";"0,540";"0,000";"1,781";"0,000";"0,000";"0,000";"0,000";"0,186";"0,788";"0,454";"0,540";"1,781";"0,000";"0,000";"0,000";
"28/01/2024 19:30";"0,554";"0,000";"0,561";"0,000";"0,576";"0,000";"1,691";"0,000";"0,016";"0,000";"0,000";"0,025";"0,554";"0,561";"0,576";"1,691";"0,000";"0,000";"0,000";
"28/01/2024 19:40";"0,807";"0,000";"0,452";"0,000";"0,560";"0,000";"1,818";"0,000";"0,009";"0,000";"0,000";"0,046";"0,807";"0,452";"0,560";"1,818";"0,000";"0,000";"0,000";
"28/01/2024 19:50";"0,622";"0,000";"0,581";"0,000";"0,614";"0,000";"1,816";"0,000";"0,027";"0,000";"0,000";"0,018";"0,622";"0,581";"0,614";"1,816";"0,000";"0,000";"0,000";
"28/01/2024 20:00";"0,597";"0,000";"0,488";"0,000";"0,583";"0,000";"1,668";"0,000";"0,022";"0,000";"0,000";"0,049";"0,597";"0,488";"0,583";"1,668";"0,000";"0,000";"0,000";
"28/01/2024 20:10";"0,623";"0,000";"0,564";"0,000";"0,609";"0,000";"1,796";"0,000";"0,036";"0,000";"0,000";"0,002";"0,623";"0,564";"0,609";"1,796";"0,000";"0,000";"0,000";
"28/01/2024 20:20";"0,702";"0,000";"0,599";"0,000";"0,654";"0,000";"1,955";"0,000";"0,000";"0,000";"0,000";"0,168";"0,702";"0,599";"0,654";"1,955";"0,000";"0,000";"0,000";
"28/01/2024 20:30";"0,720";"0,000";"0,597";"0,000";"0,536";"0,000";"1,853";"0,000";"0,008";"0,000";"0,000";"0,102";"0,720";"0,597";"0,536";"1,853";"0,000";"0,000";"0,000";
"28/01/2024 20:40";"0,526";"0,000";"0,579";"0,000";"0,592";"0,000";"1,697";"0,000";"0,009";"0,000";"0,000";"0,089";"0,526";"0,579";"0,592";"1,697";"0,000";"0,000";"0,000";
"28/01/2024 20:50";"0,676";"0,000";"0,475";"0,000";"0,544";"0,000";"1,695";"0,000";"0,007";"0,000";"0,000";"0,102";"0,676";"0,475";"0,544";"1,695";"0,000";"0,000";"0,000";
"28/01/2024 21:00";"0,502";"0,000";"0,519";"0,000";"0,568";"0,000";"1,589";"0,000";"0,009";"0,000";"0,000";"0,050";"0,502";"0,519";"0,568";"1,589";"0,000";"0,000";"0,000";
"28/01/2024 21:10";"0,462";"0,000";"0,507";"0,000";"0,534";"0,000";"1,503";"0,000";"0,002";"0,000";"0,000";"0,106";"0,462";"0,507";"0,534";"1,503";"0,000";"0,000";"0,000";
"28/01/2024 21:20";"0,537";"0,000";"0,494";"0,000";"0,567";"0,000";"1,598";"0,000";"0,010";"0,000";"0,000";"0,054";"0,537";"0,494";"0,567";"1,598";"0,000";"0,000";"0,000";
"28/01/2024 21:30";"0,514";"0,000";"0,527";"0,000";"0,526";"0,000";"1,567";"0,000";"0,002";"0,000";"0,000";"0,072";"0,514";"0,527";"0,526";"1,567";"0,000";"0,000";"0,000";
"28/01/2024 21:40";"0,537";"0,000";"0,568";"0,000";"0,329";"0,000";"1,434";"0,000";"0,015";"0,000";"0,000";"0,017";"0,537";"0,568";"0,329";"1,434";"0,000";"0,000";"0,000";
"28/01/2024 21:50";"0,650";"0,000";"0,611";"0,000";"0,372";"0,000";"1,633";"0,000";"0,002";"0,000";"0,000";"0,172";"0,650";"0,611";"0,372";"1,633";"0,000";"0,000";"0,000";
"28/01/2024 22:00";"0,653";"0,000";"0,569";"0,000";"0,273";"0,000";"1,496";"0,000";"0,000";"0,000";"0,000";"0,077";"0,653";"0,569";"0,273";"1,496";"0,000";"0,000";"0,000";
"28/01/2024 22:10";"0,522";"0,000";"0,543";"0,000";"0,334";"0,000";"1,398";"0,000";"0,013";"0,000";"0,000";"0,023";"0,522";"0,543";"0,334";"1,398";"0,000";"0,000";"0,000";
"28/01/2024 22:20";"0,528";"0,000";"0,503";"0,000";"0,286";"0,000";"1,317";"0,000";"0,006";"0,000";"0,000";"0,046";"0,528";"0,503";"0,286";"1,317";"0,000";"0,000";"0,000";
"28/01/2024 22:30";"0,497";"0,000";"0,548";"0,000";"0,321";"0,000";"1,367";"0,000";"0,010";"0,000";"0,000";"0,047";"0,497";"0,548";"0,321";"1,367";"0,000";"0,000";"0,000";
"28/01/2024 22:40";"0,566";"0,000";"0,561";"0,000";"0,367";"0,000";"1,494";"0,000";"0,028";"0,000";"0,000";"0,098";"0,566";"0,561";"0,367";"1,494";"0,000";"0,000";"0,000";
"28/01/2024 22:50";"0,762";"0,000";"0,479";"0,000";"0,252";"0,000";"1,494";"0,000";"0,008";"0,000";"0,000";"0,079";"0,762";"0,479";"0,252";"1,494";"0,000";"0,000";"0,000";
"28/01/2024 23:00";"0,522";"0,000";"0,552";"0,000";"0,328";"0,000";"1,402";"0,000";"0,002";"0,000";"0,000";"0,036";"0,522";"0,552";"0,328";"1,402";"0,000";"0,000";"0,000";
"28/01/2024 23:10";"0,468";"0,000";"0,434";"0,000";"0,249";"0,000";"1,150";"0,000";"0,014";"0,000";"0,000";"0,078";"0,468";"0,434";"0,249";"1,150";"0,000";"0,000";"0,000";
"28/01/2024 23:20";"0,391";"0,000";"0,440";"0,000";"0,218";"0,000";"1,049";"0,000";"0,000";"0,000";"0,000";"0,143";"0,391";"0,440";"0,218";"1,049";"0,000";"0,000";"0,000";
"28/01/2024 23:30";"0,422";"0,000";"0,422";"0,000";"0,218";"0,000";"1,061";"0,000";"0,000";"0,000";"0,000";"0,099";"0,422";"0,422";"0,218";"1,061";"0,000";"0,000";"0,000";
"28/01/2024 23:40";"0,808";"0,000";"0,597";"0,000";"0,218";"0,000";"1,622";"0,000";"0,000";"0,000";"0,000";"0,133";"0,808";"0,597";"0,218";"1,622";"0,000";"0,000";"0,000";
"28/01/2024 23:50";"0,927";"0,000";"0,943";"0,000";"0,217";"0,000";"2,087";"0,000";"0,000";"0,000";"0,000";"0,144";"0,927";"0,943";"0,217";"2,087";"0,000";"0,000";"0,000";
"29/01/2024 00:00";"0,886";"0,000";"0,932";"0,000";"0,217";"0,000";"2,035";"0,000";"0,000";"0,000";"0,000";"0,136";"0,886";"0,932";"0,217";"2,035";"0,000";"0,000";"0,000";
"29/01/2024 00:10";"0,911";"0,000";"0,900";"0,000";"0,217";"0,000";"2,029";"0,000";"0,000";"0,000";"0,000";"0,131";"0,911";"0,900";"0,217";"2,029";"0,000";"0,000";"0,000";
"29/01/2024 00:20";"0,970";"0,000";"0,967";"0,000";"0,218";"0,000";"2,154";"0,000";"0,000";"0,000";"0,000";"0,146";"0,970";"0,967";"0,218";"2,154";"0,000";"0,000";"0,000";
"29/01/2024 00:30";"0,916";"0,000";"0,944";"0,000";"0,291";"0,000";"2,151";"0,000";"0,000";"0,000";"0,000";"0,135";"0,916";"0,944";"0,291";"2,151";"0,000";"0,000";"0,000";
"29/01/2024 00:40";"0,927";"0,000";"0,934";"0,000";"0,550";"0,000";"2,411";"0,000";"0,000";"0,000";"0,000";"0,168";"0,927";"0,934";"0,550";"2,411";"0,000";"0,000";"0,000";
"29/01/2024 00:50";"1,079";"0,000";"0,979";"0,000";"0,567";"0,000";"2,625";"0,000";"0,000";"0,000";"0,000";"0,155";"1,079";"0,979";"0,567";"2,625";"0,000";"0,000";"0,000";
"29/01/2024 01:00";"1,179";"0,000";"0,899";"0,000";"0,484";"0,000";"2,562";"0,000";"0,000";"0,000";"0,000";"0,151";"1,179";"0,899";"0,484";"2,562";"0,000";"0,000";"0,000";
"29/01/2024 01:10";"1,183";"0,000";"0,960";"0,000";"0,500";"0,000";"2,644";"0,000";"0,000";"0,000";"0,000";"0,181";"1,183";"0,960";"0,500";"2,644";"0,000";"0,000";"0,000";
"29/01/2024 01:20";"0,928";"0,000";"0,929";"0,000";"0,500";"0,000";"2,357";"0,000";"0,000";"0,000";"0,000";"0,149";"0,928";"0,929";"0,500";"2,357";"0,000";"0,000";"0,000";
"29/01/2024 01:30";"0,944";"0,000";"0,936";"0,000";"0,491";"0,000";"2,371";"0,000";"0,000";"0,000";"0,000";"0,164";"0,944";"0,936";"0,491";"2,371";"0,000";"0,000";"0,000";
"29/01/2024 01:40";"0,935";"0,000";"0,961";"0,000";"0,487";"0,000";"2,383";"0,000";"0,000";"0,000";"0,000";"0,150";"0,935";"0,961";"0,487";"2,383";"0,000";"0,000";"0,000";
"29/01/2024 01:50";"0,927";"0,000";"0,915";"0,000";"0,487";"0,000";"2,329";"0,000";"0,000";"0,000";"0,000";"0,165";"0,927";"0,915";"0,487";"2,329";"0,000";"0,000";"0,000";
"29/01/2024 02:00";"0,938";"0,000";"0,944";"0,000";"0,490";"0,000";"2,372";"0,000";"0,000";"0,000";"0,000";"0,150";"0,938";"0,944";"0,490";"2,372";"0,000";"0,000";"0,000";
"29/01/2024 02:10";"0,926";"0,000";"0,960";"0,000";"0,492";"0,000";"2,378";"0,000";"0,000";"0,000";"0,000";"0,145";"0,926";"0,960";"0,492";"2,378";"0,000";"0,000";"0,000";
"29/01/2024 02:20";"0,911";"0,000";"0,901";"0,000";"0,487";"0,000";"2,299";"0,000";"0,000";"0,000";"0,000";"0,159";"0,911";"0,901";"0,487";"2,299";"0,000";"0,000";"0,000";
"29/01/2024 02:30";"0,913";"0,000";"0,948";"0,000";"0,486";"0,000";"2,347";"0,000";"0,000";"0,000";"0,000";"0,182";"0,913";"0,948";"0,486";"2,347";"0,000";"0,000";"0,000";
"29/01/2024 02:40";"0,934";"0,000";"0,925";"0,000";"0,488";"0,000";"2,347";"0,000";"0,000";"0,000";"0,000";"0,136";"0,934";"0,925";"0,488";"2,347";"0,000";"0,000";"0,000";
"29/01/2024 02:50";"0,932";"0,000";"0,925";"0,000";"0,492";"0,000";"2,349";"0,000";"0,000";"0,000";"0,000";"0,184";"0,932";"0,925";"0,492";"2,349";"0,000";"0,000";"0,000";
"29/01/2024 03:00";"0,913";"0,000";"0,968";"0,000";"0,489";"0,000";"2,370";"0,000";"0,000";"0,000";"0,000";"0,139";"0,913";"0,968";"0,489";"2,370";"0,000";"0,000";"0,000";
"29/01/2024 03:10";"0,928";"0,000";"0,918";"0,000";"0,485";"0,000";"2,331";"0,000";"0,000";"0,000";"0,000";"0,143";"0,928";"0,918";"0,485";"2,331";"0,000";"0,000";"0,000";
"29/01/2024 03:20";"0,939";"0,000";"0,946";"0,000";"0,485";"0,000";"2,370";"0,000";"0,000";"0,000";"0,000";"0,178";"0,939";"0,946";"0,485";"2,370";"0,000";"0,000";"0,000";
"29/01/2024 03:30";"0,946";"0,000";"0,957";"0,000";"0,486";"0,000";"2,390";"0,000";"0,000";"0,000";"0,000";"0,145";"0,946";"0,957";"0,486";"2,390";"0,000";"0,000";"0,000";
"29/01/2024 03:40";"0,913";"0,000";"0,918";"0,000";"0,493";"0,000";"2,324";"0,000";"0,000";"0,000";"0,000";"0,145";"0,913";"0,918";"0,493";"2,324";"0,000";"0,000";"0,000";
"29/01/2024 03:50";"0,942";"0,000";"0,976";"0,000";"0,486";"0,000";"2,405";"0,000";"0,000";"0,000";"0,000";"0,136";"0,942";"0,976";"0,486";"2,405";"0,000";"0,000";"0,000";
"29/01/2024 04:00";"0,928";"0,000";"0,908";"0,000";"0,486";"0,000";"2,322";"0,000";"0,000";"0,000";"0,000";"0,203";"0,928";"0,908";"0,486";"2,322";"0,000";"0,000";"0,000";
"29/01/2024 04:10";"0,923";"0,000";"0,924";"0,000";"0,484";"0,000";"2,331";"0,000";"0,000";"0,000";"0,000";"0,142";"0,923";"0,924";"0,484";"2,331";"0,000";"0,000";"0,000";
"29/01/2024 04:20";"0,913";"0,000";"0,970";"0,000";"0,485";"0,000";"2,368";"0,000";"0,000";"0,000";"0,000";"0,152";"0,913";"0,970";"0,485";"2,368";"0,000";"0,000";"0,000";
"29/01/2024 04:30";"0,917";"0,000";"0,887";"0,000";"0,489";"0,000";"2,293";"0,000";"0,000";"0,000";"0,000";"0,185";"0,917";"0,887";"0,489";"2,293";"0,000";"0,000";"0,000";
"29/01/2024 04:40";"0,947";"0,000";"0,951";"0,000";"0,562";"0,000";"2,460";"0,000";"0,000";"0,000";"0,000";"0,145";"0,947";"0,951";"0,562";"2,460";"0,000";"0,000";"0,000";
"29/01/2024 04:50";"0,910";"0,000";"0,930";"0,000";"0,493";"0,000";"2,334";"0,000";"0,000";"0,000";"0,000";"0,173";"0,910";"0,930";"0,493";"2,334";"0,000";"0,000";"0,000";
"29/01/2024 05:00";"0,934";"0,000";"0,934";"0,000";"0,234";"0,000";"2,102";"0,000";"0,000";"0,000";"0,000";"0,126";"0,934";"0,934";"0,234";"2,102";"0,000";"0,000";"0,000";
"29/01/2024 05:10";"1,337";"0,000";"1,237";"0,000";"0,505";"0,000";"3,078";"0,000";"0,179";"0,000";"0,000";"0,051";"1,337";"1,237";"0,505";"3,078";"0,000";"0,000";"0,000";
"29/01/2024 05:20";"1,687";"0,000";"1,591";"0,000";"0,867";"0,000";"4,145";"0,000";"0,215";"0,000";"0,000";"0,012";"1,687";"1,591";"0,867";"4,145";"0,000";"0,000";"0,000";
"29/01/2024 05:30";"2,207";"0,000";"1,892";"0,000";"2,118";"0,000";"6,217";"0,000";"0,155";"0,000";"0,000";"0,041";"2,207";"1,892";"2,118";"6,217";"0,000";"0,000";"0,000";
"29/01/2024 05:40";"1,947";"0,000";"1,429";"0,000";"1,662";"0,000";"5,039";"0,000";"0,049";"0,000";"0,000";"0,014";"1,947";"1,429";"1,662";"5,039";"0,000";"0,000";"0,000";
"29/01/2024 05:50";"1,865";"0,000";"1,587";"0,000";"1,706";"0,000";"5,159";"0,000";"0,116";"0,000";"0,000";"0,111";"1,865";"1,587";"1,706";"5,159";"0,000";"0,000";"0,000";
"29/01/2024 06:00";"1,838";"0,000";"1,535";"0,000";"1,813";"0,000";"5,185";"0,000";"0,388";"0,000";"0,000";"0,010";"1,838";"1,535";"1,813";"5,185";"0,000";"0,000";"0,000";
"29/01/2024 06:10";"2,693";"0,000";"2,312";"0,000";"2,584";"0,000";"7,590";"0,000";"1,684";"0,000";"0,000";"0,371";"2,693";"2,312";"2,584";"7,590";"0,000";"0,000";"0,000";
"29/01/2024 06:20";"2,737";"0,000";"2,235";"0,000";"2,603";"0,000";"7,574";"0,000";"1,164";"0,000";"0,000";"0,476";"2,737";"2,235";"2,603";"7,574";"0,000";"0,000";"0,000";
"29/01/2024 06:30";"3,182";"0,000";"2,453";"0,000";"2,874";"0,000";"8,509";"0,000";"1,055";"0,000";"0,000";"0,628";"3,182";"2,453";"2,874";"8,509";"0,000";"0,000";"0,000";
"29/01/2024 06:40";"3,354";"0,000";"2,415";"0,000";"2,707";"0,000";"8,476";"0,000";"1,041";"0,000";"0,000";"0,575";"3,354";"2,415";"2,707";"8,476";"0,000";"0,000";"0,000";
"29/01/2024 06:50";"3,326";"0,000";"2,681";"0,000";"2,773";"0,000";"8,780";"0,000";"1,414";"0,000";"0,000";"0,593";"3,326";"2,681";"2,773";"8,780";"0,000";"0,000";"0,000";
"29/01/2024 07:00";"3,258";"0,000";"2,825";"0,000";"2,878";"0,000";"8,961";"0,000";"1,452";"0,000";"0,000";"0,491";"3,258";"2,825";"2,878";"8,961";"0,000";"0,000";"0,000";
"29/01/2024 07:10";"2,592";"0,000";"2,140";"0,000";"2,646";"0,000";"7,378";"0,000";"1,048";"0,000";"0,000";"0,681";"2,592";"2,140";"2,646";"7,378";"0,000";"0,000";"0,000";
"29/01/2024 07:20";"2,360";"0,000";"1,922";"0,000";"2,307";"0,000";"6,589";"0,000";"0,592";"0,000";"0,000";"0,617";"2,360";"1,922";"2,307";"6,589";"0,000";"0,000";"0,000";
"29/01/2024 07:30";"2,638";"0,000";"2,407";"0,000";"2,787";"0,000";"7,832";"0,000";"1,120";"0,000";"0,000";"0,161";"2,638";"2,407";"2,787";"7,832";"0,000";"0,000";"0,000";
"29/01/2024 07:40";"2,490";"0,000";"2,303";"0,000";"2,466";"0,000";"7,258";"0,000";"1,224";"0,000";"0,000";"0,129";"2,490";"2,303";"2,466";"7,258";"0,000";"0,000";"0,000";
"29/01/2024 07:50";"2,371";"0,000";"2,208";"0,000";"2,606";"0,000";"7,185";"0,000";"0,533";"0,000";"0,000";"0,161";"2,371";"2,208";"2,606";"7,185";"0,000";"0,000";"0,000";
"29/01/2024 08:00";"2,086";"0,000";"1,937";"0,000";"2,582";"0,000";"6,604";"0,000";"0,475";"0,000";"0,000";"0,160";"2,086";"1,937";"2,582";"6,604";"0,000";"0,000";"0,000";
"29/01/2024 08:10";"2,917";"0,000";"2,500";"0,000";"3,060";"0,000";"8,477";"0,000";"1,267";"0,000";"0,000";"0,545";"2,917";"2,500";"3,060";"8,477";"0,000";"0,000";"0,000";
"29/01/2024 08:20";"3,232";"0,000";"2,409";"0,000";"3,100";"0,000";"8,742";"0,000";"1,431";"0,000";"0,000";"0,316";"3,232";"2,409";"3,100";"8,742";"0,000";"0,000";"0,000";
"29/01/2024 08:30";"3,495";"0,000";"2,634";"0,000";"3,154";"0,000";"9,284";"0,000";"1,305";"0,000";"0,000";"0,328";"3,495";"2,634";"3,154";"9,284";"0,000";"0,000";"0,000";
"29/01/2024 08:40";"3,089";"0,000";"2,450";"0,000";"2,932";"0,000";"8,471";"0,000";"1,349";"0,000";"0,000";"0,316";"3,089";"2,450";"2,932";"8,471";"0,000";"0,000";"0,000";
"29/01/2024 08:50";"2,480";"0,000";"2,109";"0,000";"2,762";"0,000";"7,351";"0,000";"1,307";"0,000";"0,000";"0,363";"2,480";"2,109";"2,762";"7,351";"0,000";"0,000";"0,000";
"29/01/2024 09:00";"1,754";"0,000";"1,720";"0,000";"2,263";"0,000";"5,737";"0,000";"0,476";"0,000";"0,000";"0,074";"1,760";"1,726";"2,270";"5,756";"0,019";"0,010";"0,009";
"29/01/2024 09:10";"2,086";"0,000";"1,813";"0,000";"2,551";"0,000";"6,449";"0,000";"0,693";"0,000";"0,000";"0,109";"2,111";"1,838";"2,576";"6,526";"0,077";"0,040";"0,037";
"29/01/2024 09:20";"2,397";"0,000";"2,080";"0,000";"2,695";"0,000";"7,172";"0,000";"0,987";"0,000";"0,000";"0,157";"2,447";"2,129";"2,745";"7,320";"0,148";"0,077";"0,071";
"29/01/2024 09:30";"2,949";"0,000";"2,377";"0,000";"3,146";"0,000";"8,473";"0,000";"1,588";"0,000";"0,000";"0,567";"3,024";"2,452";"3,220";"8,696";"0,223";"0,116";"0,107";
"29/01/2024 09:40";"3,783";"0,000";"3,234";"0,000";"4,077";"0,000";"11,093";"0,000";"0,988";"0,000";"0,000";"0,404";"3,896";"3,347";"4,190";"11,433";"0,340";"0,175";"0,165";
"29/01/2024 09:50";"3,596";"0,000";"3,138";"0,000";"3,603";"0,000";"10,337";"0,000";"1,280";"0,000";"0,000";"0,204";"3,766";"3,307";"3,772";"10,845";"0,508";"0,261";"0,247";
"29/01/2024 10:00";"3,651";"0,000";"3,066";"0,000";"3,506";"0,000";"10,223";"0,000";"0,844";"0,000";"0,000";"0,145";"3,915";"3,330";"3,770";"11,014";"0,791";"0,405";"0,386";
"29/01/2024 10:10";"3,636";"0,000";"2,800";"0,000";"3,644";"0,000";"10,081";"0,000";"0,668";"0,000";"0,000";"0,194";"4,025";"3,189";"4,033";"11,246";"1,165";"0,595";"0,570";
"29/01/2024 10:20";"3,204";"0,000";"2,554";"0,000";"3,412";"0,000";"9,171";"0,000";"0,879";"0,000";"0,000";"0,343";"3,687";"3,038";"3,896";"10,621";"1,450";"0,750";"0,700";
"29/01/2024 10:30";"3,507";"0,000";"2,545";"0,000";"3,487";"0,000";"9,539";"0,000";"1,211";"0,000";"0,000";"0,497";"4,087";"3,125";"4,067";"11,279";"1,740";"0,909";"0,831";
"29/01/2024 10:40";"2,947";"0,000";"2,139";"0,000";"2,932";"0,000";"8,019";"0,000";"1,472";"0,000";"0,000";"0,247";"3,759";"2,951";"3,744";"10,455";"2,436";"1,298";"1,138";
"29/01/2024 10:50";"2,872";"0,000";"2,388";"0,000";"3,215";"0,000";"8,475";"0,000";"1,020";"0,000";"0,000";"0,367";"3,591";"3,107";"3,934";"10,632";"2,157";"1,110";"1,047";
"29/01/2024 11:00";"3,236";"0,000";"2,316";"0,000";"3,270";"0,000";"8,821";"0,000";"0,864";"0,000";"0,000";"0,486";"4,074";"3,153";"4,107";"11,333";"2,512";"1,293";"1,219";
"29/01/2024 11:10";"2,820";"0,000";"2,237";"0,000";"3,265";"0,000";"8,322";"0,000";"1,054";"0,000";"0,000";"0,455";"3,922";"3,340";"4,367";"11,629";"3,307";"1,690";"1,617";
"29/01/2024 11:20";"2,490";"0,000";"1,985";"0,000";"3,146";"0,000";"7,621";"0,000";"1,193";"0,000";"0,000";"0,086";"3,706";"3,202";"4,363";"11,271";"3,650";"1,854";"1,796";
"29/01/2024 11:30";"3,598";"0,000";"2,682";"0,000";"3,596";"0,000";"9,876";"0,000";"0,698";"0,000";"0,000";"0,270";"4,836";"3,920";"4,835";"13,592";"3,716";"1,889";"1,827";
"29/01/2024 11:40";"2,231";"0,000";"1,849";"0,000";"2,473";"0,000";"6,554";"0,000";"0,832";"0,000";"0,000";"0,111";"3,811";"3,429";"4,053";"11,293";"4,739";"2,407";"2,332";
"29/01/2024 11:50";"2,352";"0,000";"1,960";"0,000";"2,478";"0,000";"6,790";"0,000";"0,929";"0,000";"0,000";"0,154";"3,864";"3,471";"3,990";"11,325";"4,535";"2,300";"2,235";
"29/01/2024 12:00";"2,521";"0,000";"1,969";"0,000";"2,442";"0,000";"6,932";"0,000";"0,525";"0,000";"0,000";"0,119";"3,978";"3,426";"3,899";"11,303";"4,371";"2,214";"2,157";
"29/01/2024 12:10";"2,474";"0,000";"1,993";"0,000";"2,616";"0,000";"7,083";"0,000";"0,921";"0,000";"0,000";"0,184";"3,892";"3,411";"4,034";"11,337";"4,254";"2,156";"2,098";
"29/01/2024 12:20";"2,321";"0,000";"1,749";"0,000";"2,462";"0,000";"6,532";"0,000";"0,929";"0,000";"0,000";"0,079";"3,469";"2,897";"3,610";"9,976";"3,444";"1,749";"1,695";
"29/01/2024 12:30";"1,932";"0,000";"1,619";"0,000";"2,160";"0,000";"5,710";"0,000";"0,706";"0,000";"0,000";"0,091";"3,152";"2,838";"3,379";"9,369";"3,659";"1,859";"1,800";
"29/01/2024 12:40";"2,495";"0,000";"2,011";"0,000";"2,546";"0,000";"7,052";"0,000";"1,004";"0,000";"0,000";"0,164";"3,762";"3,278";"3,814";"10,854";"3,802";"1,933";"1,869";
"29/01/2024 12:50";"2,247";"0,000";"1,936";"0,000";"2,316";"0,000";"6,499";"0,000";"1,338";"0,000";"0,000";"0,268";"3,686";"3,376";"3,756";"10,818";"4,319";"2,193";"2,126";
"29/01/2024 13:00";"2,266";"0,000";"1,851";"0,000";"2,231";"0,000";"6,347";"0,000";"0,630";"0,000";"0,000";"0,149";"3,664";"3,248";"3,628";"10,540";"4,193";"2,127";"2,066";
"29/01/2024 13:10";"2,429";"0,000";"1,814";"0,000";"2,135";"0,000";"6,378";"0,000";"1,087";"0,000";"0,000";"0,177";"3,318";"2,704";"3,025";"9,047";"2,669";"1,355";"1,314";
"29/01/2024 13:20";"2,828";"0,000";"2,065";"0,000";"2,577";"0,000";"7,470";"0,000";"0,612";"0,000";"0,000";"0,312";"3,706";"2,943";"3,455";"10,103";"2,633";"1,336";"1,297";
"29/01/2024 13:30";"2,293";"0,000";"1,666";"0,000";"2,146";"0,000";"6,104";"0,000";"0,620";"0,000";"0,000";"0,328";"3,274";"2,647";"3,127";"9,047";"2,943";"1,493";"1,450";
"29/01/2024 13:40";"2,104";"0,000";"1,473";"0,000";"1,768";"0,000";"5,345";"0,000";"0,385";"0,000";"0,000";"0,120";"3,201";"2,569";"2,865";"8,634";"3,289";"1,668";"1,621";
"29/01/2024 13:50";"1,594";"0,000";"1,035";"0,000";"1,384";"0,000";"4,013";"0,000";"0,073";"0,000";"0,000";"0,062";"2,587";"2,027";"2,376";"6,990";"2,977";"1,510";"1,467";
"29/01/2024 14:00";"1,159";"0,000";"0,752";"0,000";"1,160";"0,000";"3,071";"0,000";"0,097";"0,000";"0,000";"0,243";"1,936";"1,529";"1,937";"5,401";"2,330";"1,184";"1,146";
"29/01/2024 14:10";"1,013";"0,000";"0,594";"0,000";"0,621";"0,000";"2,227";"0,000";"0,009";"0,000";"0,000";"0,118";"1,690";"1,271";"1,299";"4,260";"2,033";"1,033";"1,000";
"29/01/2024 14:20";"1,099";"0,000";"0,550";"0,000";"0,603";"0,000";"2,252";"0,000";"0,000";"0,000";"0,000";"0,186";"1,707";"1,158";"1,211";"4,077";"1,825";"0,928";"0,897";
"29/01/2024 14:30";"1,193";"0,000";"0,752";"0,000";"0,816";"0,000";"2,761";"0,000";"0,076";"0,000";"0,000";"0,172";"1,734";"1,293";"1,357";"4,383";"1,622";"0,826";"0,796";
"29/01/2024 14:40";"0,902";"0,000";"0,433";"0,000";"0,522";"0,000";"1,857";"0,000";"0,018";"0,000";"0,000";"0,058";"1,378";"0,909";"0,998";"3,285";"1,428";"0,727";"0,701";
"29/01/2024 14:50";"0,953";"0,000";"0,470";"0,000";"0,586";"0,000";"2,008";"0,000";"0,055";"0,000";"0,000";"0,011";"1,452";"0,969";"1,085";"3,505";"1,497";"0,762";"0,735";
"29/01/2024 15:00";"0,996";"0,000";"0,573";"0,000";"0,734";"0,000";"2,303";"0,000";"0,063";"0,000";"0,000";"0,138";"1,472";"1,049";"1,210";"3,731";"1,428";"0,727";"0,701";
"29/01/2024 15:10";"0,934";"0,000";"0,453";"0,000";"0,613";"0,000";"1,999";"0,000";"0,079";"0,000";"0,000";"0,000";"1,419";"0,938";"1,098";"3,455";"1,456";"0,741";"0,715";
"29/01/2024 15:20";"0,915";"0,000";"0,448";"0,000";"0,747";"0,000";"2,110";"0,000";"0,048";"0,000";"0,000";"0,019";"1,356";"0,889";"1,189";"3,435";"1,325";"0,675";"0,650";
"29/01/2024 15:30";"1,012";"0,000";"0,588";"0,000";"1,080";"0,000";"2,680";"0,000";"0,094";"0,000";"0,000";"0,056";"1,489";"1,065";"1,557";"4,111";"1,431";"0,728";"0,703";
"29/01/2024 15:40";"0,866";"0,000";"0,426";"0,000";"0,868";"0,000";"2,159";"0,000";"0,033";"0,000";"0,000";"0,023";"1,234";"0,794";"1,236";"3,264";"1,105";"0,563";"0,542";
"29/01/2024 15:50";"0,987";"0,000";"0,441";"0,000";"0,993";"0,000";"2,422";"0,000";"0,053";"0,000";"0,000";"0,021";"1,336";"0,790";"1,342";"3,468";"1,046";"0,533";"0,513";
"29/01/2024 16:00";"1,085";"0,000";"0,657";"0,000";"1,200";"0,000";"2,942";"0,000";"0,076";"0,000";"0,000";"0,137";"1,377";"0,948";"1,492";"3,817";"0,875";"0,446";"0,429";
"29/01/2024 16:10";"0,890";"0,000";"0,427";"0,000";"0,843";"0,000";"2,161";"0,000";"0,001";"0,000";"0,000";"0,119";"1,190";"0,727";"1,143";"3,060";"0,899";"0,458";"0,441";
"29/01/2024 16:20";"0,959";"0,000";"0,487";"0,000";"0,914";"0,000";"2,361";"0,000";"0,023";"0,000";"0,000";"0,035";"1,155";"0,683";"1,110";"2,949";"0,588";"0,301";"0,287";
"29/01/2024 16:30";"1,031";"0,000";"0,613";"0,000";"1,070";"0,000";"2,713";"0,000";"0,057";"0,000";"0,000";"0,080";"1,164";"0,746";"1,203";"3,112";"0,399";"0,205";"0,194";
"29/01/2024 16:40";"1,003";"0,000";"0,532";"0,000";"0,755";"0,000";"2,290";"0,000";"0,040";"0,000";"0,000";"0,001";"1,179";"0,708";"0,931";"2,817";"0,527";"0,270";"0,257";
"29/01/2024 16:50";"0,971";"0,000";"0,491";"0,000";"0,647";"0,000";"2,108";"0,000";"0,047";"0,000";"0,000";"0,001";"1,138";"0,657";"0,813";"2,608";"0,500";"0,256";"0,244";
"29/01/2024 17:00";"1,457";"0,000";"0,630";"0,000";"0,743";"0,000";"2,830";"0,000";"0,187";"0,000";"0,000";"0,040";"1,709";"0,882";"0,994";"3,585";"0,755";"0,385";"0,370";
"29/01/2024 17:10";"1,462";"0,000";"0,817";"0,000";"0,629";"0,000";"2,908";"0,000";"0,022";"0,000";"0,000";"0,029";"1,867";"1,223";"1,035";"4,125";"1,217";"0,619";"0,598";
"29/01/2024 17:20";"1,158";"0,000";"0,450";"0,000";"0,585";"0,000";"2,192";"0,000";"0,026";"0,000";"0,000";"0,042";"1,506";"0,799";"0,933";"3,238";"1,046";"0,533";"0,513";
"29/01/2024 17:30";"1,240";"0,000";"0,670";"0,000";"0,812";"0,000";"2,723";"0,000";"0,073";"0,000";"0,000";"0,048";"1,496";"0,925";"1,068";"3,489";"0,766";"0,391";"0,375";
"29/01/2024 17:40";"0,958";"0,000";"0,438";"0,000";"0,600";"0,000";"1,995";"0,000";"0,022";"0,000";"0,000";"0,023";"1,099";"0,579";"0,741";"2,418";"0,423";"0,217";"0,206";
"29/01/2024 17:50";"1,011";"0,000";"0,541";"0,000";"0,643";"0,000";"2,194";"0,000";"0,034";"0,000";"0,000";"0,003";"1,057";"0,587";"0,689";"2,332";"0,138";"0,072";"0,066";
"29/01/2024 18:00";"1,268";"0,000";"0,625";"0,000";"0,815";"0,000";"2,707";"0,000";"0,074";"0,000";"0,000";"0,102";"1,288";"0,645";"0,835";"2,768";"0,061";"0,032";"0,029";
"29/01/2024 18:10";"1,201";"0,000";"0,457";"0,000";"0,581";"0,000";"2,238";"0,000";"0,013";"0,000";"0,000";"0,070";"1,231";"0,487";"0,611";"2,328";"0,090";"0,047";"0,043";
"29/01/2024 18:20";"1,044";"0,000";"0,503";"0,000";"0,636";"0,000";"2,183";"0,000";"0,042";"0,000";"0,000";"0,000";"1,058";"0,517";"0,650";"2,224";"0,041";"0,022";"0,019";
"29/01/2024 18:30";"1,137";"0,000";"0,566";"0,000";"0,784";"0,000";"2,487";"0,000";"0,059";"0,000";"0,000";"0,134";"1,146";"0,575";"0,792";"2,513";"0,026";"0,014";"0,012";
"29/01/2024 18:40";"0,926";"0,000";"0,513";"0,000";"0,650";"0,000";"2,090";"0,000";"0,000";"0,000";"0,000";"0,183";"0,927";"0,514";"0,651";"2,093";"0,003";"0,002";"0,001";
"29/01/2024 18:50";"0,736";"0,000";"0,567";"0,000";"0,659";"0,000";"1,962";"0,000";"0,034";"0,000";"0,000";"0,083";"0,736";"0,567";"0,659";"1,962";"0,000";"0,000";"0,000";
"29/01/2024 19:00";"0,675";"0,000";"0,703";"0,000";"0,836";"0,000";"2,214";"0,000";"0,032";"0,000";"0,000";"0,088";"0,675";"0,703";"0,836";"2,214";"0,000";"0,000";"0,000";
"29/01/2024 19:10";"0,600";"0,000";"0,636";"0,000";"0,754";"0,000";"1,990";"0,000";"0,000";"0,000";"0,000";"0,133";"0,600";"0,636";"0,754";"1,990";"0,000";"0,000";"0,000";
"29/01/2024 19:20";"0,613";"0,000";"0,568";"0,000";"0,737";"0,000";"1,918";"0,000";"0,000";"0,000";"0,000";"0,058";"0,613";"0,568";"0,737";"1,918";"0,000";"0,000";"0,000";
"29/01/2024 19:30";"0,788";"0,000";"0,745";"0,000";"0,857";"0,000";"2,389";"0,000";"0,035";"0,000";"0,000";"0,262";"0,788";"0,745";"0,857";"2,389";"0,000";"0,000";"0,000";
"29/01/2024 19:40";"0,804";"0,000";"0,519";"0,000";"0,713";"0,000";"2,037";"0,000";"0,000";"0,000";"0,000";"0,166";"0,804";"0,519";"0,713";"2,037";"0,000";"0,000";"0,000";
"29/01/2024 19:50";"0,567";"0,000";"0,493";"0,000";"0,722";"0,000";"1,782";"0,000";"0,000";"0,000";"0,000";"0,129";"0,567";"0,493";"0,722";"1,782";"0,000";"0,000";"0,000";
"29/01/2024 20:00";"0,743";"0,000";"0,642";"0,000";"1,131";"0,000";"2,516";"0,000";"0,027";"0,000";"0,000";"0,155";"0,743";"0,642";"1,131";"2,516";"0,000";"0,000";"0,000";
"29/01/2024 20:10";"0,770";"0,000";"0,657";"0,000";"1,113";"0,000";"2,540";"0,000";"0,027";"0,000";"0,000";"0,074";"0,770";"0,657";"1,113";"2,540";"0,000";"0,000";"0,000";
"29/01/2024 20:20";"0,685";"0,000";"0,644";"0,000";"1,031";"0,000";"2,360";"0,000";"0,002";"0,000";"0,000";"0,058";"0,685";"0,644";"1,031";"2,360";"0,000";"0,000";"0,000";
"29/01/2024 20:30";"0,716";"0,000";"0,598";"0,000";"1,036";"0,000";"2,350";"0,000";"0,008";"0,000";"0,000";"0,137";"0,716";"0,598";"1,036";"2,350";"0,000";"0,000";"0,000";
"29/01/2024 20:40";"0,708";"0,000";"0,656";"0,000";"1,111";"0,000";"2,475";"0,000";"0,029";"0,000";"0,000";"0,158";"0,708";"0,656";"1,111";"2,475";"0,000";"0,000";"0,000";
"29/01/2024 20:50";"0,659";"0,000";"0,568";"0,000";"0,995";"0,000";"2,223";"0,000";"0,000";"0,000";"0,000";"0,126";"0,659";"0,568";"0,995";"2,223";"0,000";"0,000";"0,000";
"29/01/2024 21:00";"0,685";"0,000";"0,530";"0,000";"0,916";"0,000";"2,132";"0,000";"0,000";"0,000";"0,000";"0,108";"0,685";"0,530";"0,916";"2,132";"0,000";"0,000";"0,000";
"29/01/2024 21:10";"1,268";"0,000";"0,854";"0,000";"0,986";"0,000";"3,108";"0,000";"0,136";"0,000";"0,000";"0,073";"1,268";"0,854";"0,986";"3,108";"0,000";"0,000";"0,000";
"29/01/2024 21:20";"0,863";"0,000";"0,640";"0,000";"0,703";"0,000";"2,207";"0,000";"0,011";"0,000";"0,000";"0,085";"0,863";"0,640";"0,703";"2,207";"0,000";"0,000";"0,000";
"29/01/2024 21:30";"0,713";"0,000";"0,625";"0,000";"0,740";"0,000";"2,078";"0,000";"0,008";"0,000";"0,000";"0,101";"0,713";"0,625";"0,740";"2,078";"0,000";"0,000";"0,000";
"29/01/2024 21:40";"0,808";"0,000";"0,750";"0,000";"0,839";"0,000";"2,397";"0,000";"0,144";"0,000";"0,000";"0,235";"0,808";"0,750";"0,839";"2,397";"0,000";"0,000";"0,000";
"29/01/2024 21:50";"0,564";"0,000";"0,550";"0,000";"0,654";"0,000";"1,768";"0,000";"0,001";"0,000";"0,000";"0,076";"0,564";"0,550";"0,654";"1,768";"0,000";"0,000";"0,000";
"29/01/2024 22:00";"0,607";"0,000";"0,622";"0,000";"0,657";"0,000";"1,886";"0,000";"0,001";"0,000";"0,000";"0,045";"0,607";"0,622";"0,657";"1,886";"0,000";"0,000";"0,000";
"29/01/2024 22:10";"0,930";"0,000";"0,746";"0,000";"0,825";"0,000";"2,501";"0,000";"0,114";"0,000";"0,000";"0,271";"0,930";"0,746";"0,825";"2,501";"0,000";"0,000";"0,000";
"29/01/2024 22:20";"0,786";"0,000";"0,667";"0,000";"0,615";"0,000";"2,067";"0,000";"0,000";"0,000";"0,000";"0,200";"0,786";"0,667";"0,615";"2,067";"0,000";"0,000";"0,000";
"29/01/2024 22:30";"0,535";"0,000";"0,526";"0,000";"0,594";"0,000";"1,655";"0,000";"0,001";"0,000";"0,000";"0,121";"0,535";"0,526";"0,594";"1,655";"0,000";"0,000";"0,000";
"29/01/2024 22:40";"0,765";"0,000";"0,739";"0,000";"0,816";"0,000";"2,319";"0,000";"0,115";"0,000";"0,000";"0,130";"0,765";"0,739";"0,816";"2,319";"0,000";"0,000";"0,000";
"29/01/2024 22:50";"0,602";"0,000";"0,619";"0,000";"0,669";"0,000";"1,890";"0,000";"0,001";"0,000";"0,000";"0,196";"0,602";"0,619";"0,669";"1,890";"0,000";"0,000";"0,000";
"29/01/2024 23:00";"0,496";"0,000";"0,483";"0,000";"0,580";"0,000";"1,560";"0,000";"0,005";"0,000";"0,000";"0,118";"0,496";"0,483";"0,580";"1,560";"0,000";"0,000";"0,000";
"29/01/2024 23:10";"0,707";"0,000";"0,738";"0,000";"0,921";"0,000";"2,366";"0,000";"0,034";"0,000";"0,000";"0,180";"0,707";"0,738";"0,921";"2,366";"0,000";"0,000";"0,000";
"29/01/2024 23:20";"0,757";"0,000";"0,616";"0,000";"0,663";"0,000";"2,035";"0,000";"0,000";"0,000";"0,000";"0,222";"0,757";"0,616";"0,663";"2,035";"0,000";"0,000";"0,000";
"29/01/2024 23:30";"0,873";"0,000";"0,582";"0,000";"0,261";"0,000";"1,716";"0,000";"0,000";"0,000";"0,000";"0,163";"0,873";"0,582";"0,261";"1,716";"0,000";"0,000";"0,000";
"29/01/2024 23:40";"0,693";"0,000";"0,771";"0,000";"0,516";"0,000";"1,979";"0,000";"0,053";"0,000";"0,000";"0,153";"0,693";"0,771";"0,516";"1,979";"0,000";"0,000";"0,000";
"29/01/2024 23:50";"0,490";"0,000";"0,478";"0,000";"0,263";"0,000";"1,231";"0,000";"0,000";"0,000";"0,000";"0,110";"0,490";"0,478";"0,263";"1,231";"0,000";"0,000";"0,000";
"30/01/2024 00:00";"0,628";"0,000";"0,630";"0,000";"0,357";"0,000";"1,614";"0,000";"0,024";"0,000";"0,000";"0,019";"0,628";"0,630";"0,357";"1,614";"0,000";"0,000";"0,000";
"30/01/2024 00:10";"0,734";"0,000";"0,745";"0,000";"0,510";"0,000";"1,989";"0,000";"0,054";"0,000";"0,000";"0,112";"0,734";"0,745";"0,510";"1,989";"0,000";"0,000";"0,000";
"30/01/2024 00:20";"0,566";"0,000";"0,559";"0,000";"0,324";"0,000";"1,448";"0,000";"0,011";"0,000";"0,000";"0,036";"0,566";"0,559";"0,324";"1,448";"0,000";"0,000";"0,000";
"30/01/2024 00:30";"0,538";"0,000";"0,580";"0,000";"0,306";"0,000";"1,423";"0,000";"0,004";"0,000";"0,000";"0,070";"0,538";"0,580";"0,306";"1,423";"0,000";"0,000";"0,000";
"30/01/2024 00:40";"0,708";"0,000";"0,724";"0,000";"0,535";"0,000";"1,967";"0,000";"0,052";"0,000";"0,000";"0,074";"0,708";"0,724";"0,535";"1,967";"0,000";"0,000";"0,000";
"30/01/2024 00:50";"0,836";"0,000";"0,719";"0,000";"0,382";"0,000";"1,937";"0,000";"0,001";"0,000";"0,000";"0,190";"0,836";"0,719";"0,382";"1,937";"0,000";"0,000";"0,000";
"30/01/2024 01:00";"0,715";"0,000";"0,582";"0,000";"0,304";"0,000";"1,601";"0,000";"0,006";"0,000";"0,000";"0,102";"0,715";"0,582";"0,304";"1,601";"0,000";"0,000";"0,000";
"30/01/2024 01:10";"0,804";"0,000";"0,728";"0,000";"0,524";"0,000";"2,055";"0,000";"0,053";"0,000";"0,000";"0,141";"0,804";"0,728";"0,524";"2,055";"0,000";"0,000";"0,000";
"30/01/2024 01:20";"0,641";"0,000";"0,624";"0,000";"0,337";"0,000";"1,602";"0,000";"0,007";"0,000";"0,000";"0,085";"0,641";"0,624";"0,337";"1,602";"0,000";"0,000";"0,000";
"30/01/2024 01:30";"0,726";"0,000";"0,544";"0,000";"0,329";"0,000";"1,599";"0,000";"0,000";"0,000";"0,000";"0,187";"0,726";"0,544";"0,329";"1,599";"0,000";"0,000";"0,000";
"30/01/2024 01:40";"0,702";"0,000";"0,715";"0,000";"0,552";"0,000";"1,969";"0,000";"0,032";"0,000";"0,000";"0,231";"0,702";"0,715";"0,552";"1,969";"0,000";"0,000";"0,000";
"30/01/2024 01:50";"0,687";"0,000";"0,584";"0,000";"0,317";"0,000";"1,588";"0,000";"0,001";"0,000";"0,000";"0,158";"0,687";"0,584";"0,317";"1,588";"0,000";"0,000";"0,000";
"30/01/2024 02:00";"0,598";"0,000";"0,576";"0,000";"0,354";"0,000";"1,528";"0,000";"0,009";"0,000";"0,000";"0,026";"0,598";"0,576";"0,354";"1,528";"0,000";"0,000";"0,000";
"30/01/2024 02:10";"0,799";"0,000";"0,746";"0,000";"0,727";"0,000";"2,272";"0,000";"0,123";"0,000";"0,000";"0,154";"0,799";"0,746";"0,727";"2,272";"0,000";"0,000";"0,000";
"30/01/2024 02:20";"0,600";"0,000";"0,588";"0,000";"0,698";"0,000";"1,885";"0,000";"0,007";"0,000";"0,000";"0,044";"0,600";"0,588";"0,698";"1,885";"0,000";"0,000";"0,000";
"30/01/2024 02:30";"0,627";"0,000";"0,653";"0,000";"0,725";"0,000";"2,005";"0,000";"0,006";"0,000";"0,000";"0,113";"0,627";"0,653";"0,725";"2,005";"0,000";"0,000";"0,000";
"30/01/2024 02:40";"0,944";"0,000";"0,665";"0,000";"0,776";"0,000";"2,385";"0,000";"0,030";"0,000";"0,000";"0,223";"0,944";"0,665";"0,776";"2,385";"0,000";"0,000";"0,000";
"30/01/2024 02:50";"0,613";"0,000";"0,608";"0,000";"0,662";"0,000";"1,883";"0,000";"0,013";"0,000";"0,000";"0,038";"0,613";"0,608";"0,662";"1,883";"0,000";"0,000";"0,000";
"30/01/2024 03:00";"0,557";"0,000";"0,553";"0,000";"0,610";"0,000";"1,720";"0,000";"0,002";"0,000";"0,000";"0,091";"0,557";"0,553";"0,610";"1,720";"0,000";"0,000";"0,000";
"30/01/2024 03:10";"0,748";"0,000";"0,751";"0,000";"0,836";"0,000";"2,335";"0,000";"0,193";"0,000";"0,000";"0,021";"0,748";"0,751";"0,836";"2,335";"0,000";"0,000";"0,000";
"30/01/2024 03:20";"0,688";"0,000";"0,595";"0,000";"0,638";"0,000";"1,922";"0,000";"0,004";"0,000";"0,000";"0,086";"0,688";"0,595";"0,638";"1,922";"0,000";"0,000";"0,000";
"30/01/2024 03:30";"0,560";"0,000";"0,539";"0,000";"0,622";"0,000";"1,721";"0,000";"0,010";"0,000";"0,000";"0,073";"0,560";"0,539";"0,622";"1,721";"0,000";"0,000";"0,000";
"30/01/2024 03:40";"0,751";"0,000";"0,742";"0,000";"0,809";"0,000";"2,302";"0,000";"0,152";"0,000";"0,000";"0,170";"0,751";"0,742";"0,809";"2,302";"0,000";"0,000";"0,000";
"30/01/2024 03:50";"0,620";"0,000";"0,636";"0,000";"0,687";"0,000";"1,944";"0,000";"0,012";"0,000";"0,000";"0,027";"0,620";"0,636";"0,687";"1,944";"0,000";"0,000";"0,000";
"30/01/2024 04:00";"0,639";"0,000";"0,543";"0,000";"0,695";"0,000";"1,878";"0,000";"0,000";"0,000";"0,000";"0,303";"0,639";"0,543";"0,695";"1,878";"0,000";"0,000";"0,000";
"30/01/2024 04:10";"0,911";"0,000";"0,744";"0,000";"0,785";"0,000";"2,440";"0,000";"0,108";"0,000";"0,000";"0,233";"0,911";"0,744";"0,785";"2,440";"0,000";"0,000";"0,000";
"30/01/2024 04:20";"0,661";"0,000";"0,591";"0,000";"0,680";"0,000";"1,931";"0,000";"0,000";"0,000";"0,000";"0,202";"0,661";"0,591";"0,680";"1,931";"0,000";"0,000";"0,000";
"30/01/2024 04:30";"0,675";"0,000";"0,626";"0,000";"0,670";"0,000";"1,971";"0,000";"0,002";"0,000";"0,000";"0,159";"0,675";"0,626";"0,670";"1,971";"0,000";"0,000";"0,000";
"30/01/2024 04:40";"0,835";"0,000";"0,739";"0,000";"0,827";"0,000";"2,400";"0,000";"0,050";"0,000";"0,000";"0,292";"0,835";"0,739";"0,827";"2,400";"0,000";"0,000";"0,000";
"30/01/2024 04:50";"0,611";"0,000";"0,605";"0,000";"0,688";"0,000";"1,903";"0,000";"0,000";"0,000";"0,000";"0,183";"0,611";"0,605";"0,688";"1,903";"0,000";"0,000";"0,000";
"30/01/2024 05:00";"0,539";"0,000";"0,554";"0,000";"0,600";"0,000";"1,692";"0,000";"0,000";"0,000";"0,000";"0,175";"0,539";"0,554";"0,600";"1,692";"0,000";"0,000";"0,000";
"30/01/2024 05:10";"0,770";"0,000";"0,759";"0,000";"0,823";"0,000";"2,352";"0,000";"0,111";"0,000";"0,000";"0,159";"0,770";"0,759";"0,823";"2,352";"0,000";"0,000";"0,000";
"30/01/2024 05:20";"0,765";"0,000";"0,711";"0,000";"0,775";"0,000";"2,251";"0,000";"0,046";"0,000";"0,000";"0,078";"0,765";"0,711";"0,775";"2,251";"0,000";"0,000";"0,000";
"30/01/2024 05:30";"2,026";"0,000";"1,349";"0,000";"1,523";"0,000";"4,899";"0,000";"0,032";"0,000";"0,000";"0,024";"2,026";"1,349";"1,523";"4,899";"0,000";"0,000";"0,000";
"30/01/2024 05:40";"2,040";"0,000";"1,604";"0,000";"2,110";"0,000";"5,754";"0,000";"0,075";"0,000";"0,000";"0,105";"2,040";"1,604";"2,110";"5,754";"0,000";"0,000";"0,000";
"30/01/2024 05:50";"1,742";"0,000";"1,452";"0,000";"2,002";"0,000";"5,195";"0,000";"0,070";"0,000";"0,000";"0,084";"1,742";"1,452";"2,002";"5,195";"0,000";"0,000";"0,000";
"30/01/2024 06:00";"2,105";"0,000";"1,750";"0,000";"2,153";"0,000";"6,009";"0,000";"0,566";"0,000";"0,000";"0,023";"2,105";"1,750";"2,153";"6,009";"0,000";"0,000";"0,000";
"30/01/2024 06:10";"2,645";"0,000";"2,329";"0,000";"2,795";"0,000";"7,769";"0,000";"0,882";"0,000";"0,000";"0,281";"2,645";"2,329";"2,795";"7,769";"0,000";"0,000";"0,000";
"30/01/2024 06:20";"2,497";"0,000";"2,201";"0,000";"2,862";"0,000";"7,560";"0,000";"0,973";"0,000";"0,000";"0,198";"2,497";"2,201";"2,862";"7,560";"0,000";"0,000";"0,000";
"30/01/2024 06:30";"2,489";"0,000";"1,935";"0,000";"2,809";"0,000";"7,233";"0,000";"0,756";"0,000";"0,000";"0,340";"2,489";"1,935";"2,809";"7,233";"0,000";"0,000";"0,000";
"30/01/2024 06:40";"2,902";"0,000";"2,130";"0,000";"2,806";"0,000";"7,838";"0,000";"0,969";"0,000";"0,000";"0,397";"2,902";"2,130";"2,806";"7,838";"0,000";"0,000";"0,000";
"30/01/2024 06:50";"2,601";"0,000";"2,133";"0,000";"2,814";"0,000";"7,548";"0,000";"0,809";"0,000";"0,000";"0,279";"2,601";"2,133";"2,814";"7,548";"0,000";"0,000";"0,000";
"30/01/2024 07:00";"2,657";"0,000";"2,033";"0,000";"2,822";"0,000";"7,512";"0,000";"0,711";"0,000";"0,000";"0,156";"2,657";"2,033";"2,822";"7,512";"0,000";"0,000";"0,000";
"30/01/2024 07:10";"3,173";"0,000";"2,192";"0,000";"2,897";"0,000";"8,262";"0,000";"0,966";"0,000";"0,000";"0,266";"3,173";"2,192";"2,897";"8,262";"0,000";"0,000";"0,000";
"30/01/2024 07:20";"2,356";"0,000";"1,859";"0,000";"2,677";"0,000";"6,892";"0,000";"0,397";"0,000";"0,000";"0,110";"2,356";"1,859";"2,677";"6,892";"0,000";"0,000";"0,000";
"30/01/2024 07:30";"2,422";"0,000";"2,296";"0,000";"2,910";"0,000";"7,627";"0,000";"0,571";"0,000";"0,000";"0,196";"2,422";"2,296";"2,910";"7,627";"0,000";"0,000";"0,000";
"30/01/2024 07:40";"2,508";"0,000";"2,413";"0,000";"2,940";"0,000";"7,861";"0,000";"0,670";"0,000";"0,000";"0,176";"2,508";"2,413";"2,940";"7,861";"0,000";"0,000";"0,000";
"30/01/2024 07:50";"1,825";"0,000";"1,897";"0,000";"2,394";"0,000";"6,117";"0,000";"0,074";"0,000";"0,000";"0,152";"1,825";"1,897";"2,394";"6,117";"0,000";"0,000";"0,000";
"30/01/2024 08:00";"2,352";"0,000";"2,094";"0,000";"2,652";"0,000";"7,098";"0,000";"0,801";"0,000";"0,000";"0,182";"2,352";"2,094";"2,652";"7,098";"0,000";"0,000";"0,000";
"30/01/2024 08:10";"2,700";"0,000";"2,326";"0,000";"3,027";"0,000";"8,053";"0,000";"0,610";"0,000";"0,000";"0,241";"2,700";"2,326";"3,027";"8,053";"0,000";"0,000";"0,000";
"30/01/2024 08:20";"2,812";"0,000";"2,283";"0,000";"2,939";"0,000";"8,034";"0,000";"0,565";"0,000";"0,000";"0,273";"2,812";"2,283";"2,939";"8,034";"0,000";"0,000";"0,000";
"30/01/2024 08:30";"2,272";"0,000";"2,061";"0,000";"2,804";"0,000";"7,136";"0,000";"0,641";"0,000";"0,000";"0,197";"2,272";"2,061";"2,804";"7,136";"0,000";"0,000";"0,000";
"30/01/2024 08:40";"2,451";"0,000";"2,082";"0,000";"2,714";"0,000";"7,247";"0,000";"0,847";"0,000";"0,000";"0,295";"2,451";"2,082";"2,714";"7,247";"0,000";"0,000";"0,000";
"30/01/2024 08:50";"2,439";"0,000";"1,977";"0,000";"2,719";"0,000";"7,135";"0,000";"0,787";"0,000";"0,000";"0,090";"2,439";"1,977";"2,719";"7,135";"0,000";"0,000";"0,000";
"30/01/2024 09:00";"2,770";"0,000";"2,185";"0,000";"2,855";"0,000";"7,810";"0,000";"1,007";"0,000";"0,000";"0,355";"2,809";"2,225";"2,894";"7,928";"0,118";"0,062";"0,056";
"30/01/2024 09:10";"2,234";"0,000";"1,930";"0,000";"2,436";"0,000";"6,600";"0,000";"0,688";"0,000";"0,000";"0,225";"2,329";"2,024";"2,531";"6,884";"0,284";"0,147";"0,137";
"30/01/2024 09:20";"2,097";"0,000";"1,811";"0,000";"2,571";"0,000";"6,479";"0,000";"0,306";"0,000";"0,000";"0,093";"2,203";"1,916";"2,677";"6,796";"0,317";"0,164";"0,153";
"30/01/2024 09:30";"2,316";"0,000";"1,845";"0,000";"2,357";"0,000";"6,518";"0,000";"0,401";"0,000";"0,000";"0,122";"2,430";"1,959";"2,471";"6,860";"0,342";"0,176";"0,166";
"30/01/2024 09:40";"2,510";"0,000";"2,084";"0,000";"2,607";"0,000";"7,201";"0,000";"1,215";"0,000";"0,000";"0,268";"2,661";"2,235";"2,758";"7,653";"0,452";"0,232";"0,220";
"30/01/2024 09:50";"2,456";"0,000";"1,840";"0,000";"2,505";"0,000";"6,802";"0,000";"0,807";"0,000";"0,000";"0,363";"2,647";"2,031";"2,696";"7,374";"0,572";"0,293";"0,279";
"30/01/2024 10:00";"1,973";"0,000";"1,559";"0,000";"2,298";"0,000";"5,830";"0,000";"1,198";"0,000";"0,000";"0,220";"2,205";"1,791";"2,530";"6,526";"0,696";"0,356";"0,340";
"30/01/2024 10:10";"2,243";"0,000";"1,767";"0,000";"2,525";"0,000";"6,536";"0,000";"1,248";"0,000";"0,000";"0,514";"2,524";"2,048";"2,806";"7,378";"0,842";"0,430";"0,412";
"30/01/2024 10:20";"2,268";"0,000";"1,860";"0,000";"2,652";"0,000";"6,779";"0,000";"0,834";"0,000";"0,000";"0,339";"2,608";"2,201";"2,992";"7,801";"1,022";"0,521";"0,501";
"30/01/2024 10:30";"2,326";"0,000";"1,995";"0,000";"2,659";"0,000";"6,980";"0,000";"1,287";"0,000";"0,000";"0,243";"2,737";"2,406";"3,070";"8,212";"1,232";"0,631";"0,601";
"30/01/2024 10:40";"2,311";"0,000";"1,990";"0,000";"2,615";"0,000";"6,916";"0,000";"1,466";"0,000";"0,000";"0,318";"2,721";"2,401";"3,026";"8,148";"1,232";"0,627";"0,605";
"30/01/2024 10:50";"3,086";"0,000";"2,312";"0,000";"2,936";"0,000";"8,334";"0,000";"1,261";"0,000";"0,000";"0,416";"3,504";"2,730";"3,354";"9,588";"1,254";"0,638";"0,616";
"30/01/2024 11:00";"4,098";"0,000";"3,655";"0,000";"4,388";"0,000";"12,142";"0,000";"1,011";"0,000";"0,000";"0,329";"4,483";"4,040";"4,773";"13,296";"1,154";"0,588";"0,566";
"30/01/2024 11:10";"3,349";"0,000";"2,899";"0,000";"3,589";"0,000";"9,838";"0,000";"1,122";"0,000";"0,000";"0,692";"3,821";"3,371";"4,061";"11,253";"1,415";"0,719";"0,696";
"30/01/2024 11:20";"2,813";"0,000";"2,652";"0,000";"3,358";"0,000";"8,823";"0,000";"1,200";"0,000";"0,000";"0,354";"3,300";"3,139";"3,845";"10,284";"1,461";"0,743";"0,718";
"30/01/2024 11:30";"3,420";"0,000";"3,029";"0,000";"3,612";"0,000";"10,060";"0,000";"1,106";"0,000";"0,000";"0,417";"3,890";"3,499";"4,082";"11,470";"1,410";"0,717";"0,693";
"30/01/2024 11:40";"3,474";"0,000";"2,846";"0,000";"3,523";"0,000";"9,842";"0,000";"0,947";"0,000";"0,000";"0,431";"4,040";"3,412";"4,089";"11,541";"1,699";"0,862";"0,837";
"30/01/2024 11:50";"3,131";"0,000";"2,633";"0,000";"3,342";"0,000";"9,106";"0,000";"1,443";"0,000";"0,000";"0,191";"3,749";"3,251";"3,960";"10,960";"1,854";"0,940";"0,914";
"30/01/2024 12:00";"3,537";"0,000";"3,198";"0,000";"3,911";"0,000";"10,646";"0,000";"1,015";"0,000";"0,000";"0,362";"4,073";"3,735";"4,447";"12,255";"1,609";"0,816";"0,793";
"30/01/2024 12:10";"3,175";"0,000";"2,691";"0,000";"3,416";"0,000";"9,281";"0,000";"1,267";"0,000";"0,000";"0,304";"3,486";"3,002";"3,727";"10,215";"0,934";"0,476";"0,458";
"30/01/2024 12:20";"3,435";"0,000";"2,836";"0,000";"3,571";"0,000";"9,842";"0,000";"0,651";"0,000";"0,000";"0,609";"3,845";"3,246";"3,981";"11,072";"1,230";"0,626";"0,604";
"30/01/2024 12:30";"3,552";"0,000";"2,634";"0,000";"3,381";"0,000";"9,567";"0,000";"0,814";"0,000";"0,000";"0,514";"4,154";"3,236";"3,983";"11,374";"1,807";"0,919";"0,888";
"30/01/2024 12:40";"3,393";"0,000";"2,748";"0,000";"3,442";"0,000";"9,583";"0,000";"1,429";"0,000";"0,000";"0,234";"4,935";"4,290";"4,984";"14,209";"4,626";"2,350";"2,276";
"30/01/2024 12:50";"2,749";"0,000";"2,532";"0,000";"3,241";"0,000";"8,521";"0,000";"1,313";"0,000";"0,000";"0,309";"3,928";"3,711";"4,420";"12,059";"3,538";"1,797";"1,741";
"30/01/2024 13:00";"2,540";"0,000";"2,311";"0,000";"3,074";"0,000";"7,925";"0,000";"1,587";"0,000";"0,000";"0,101";"3,576";"3,348";"4,111";"11,034";"3,109";"1,576";"1,533";
"30/01/2024 13:10";"3,052";"0,000";"2,678";"0,000";"3,325";"0,000";"9,055";"0,000";"1,267";"0,000";"0,000";"0,318";"3,951";"3,577";"4,223";"11,751";"2,696";"1,367";"1,329";
"30/01/2024 13:20";"2,675";"0,000";"2,333";"0,000";"2,992";"0,000";"8,000";"0,000";"1,599";"0,000";"0,000";"0,127";"3,529";"3,187";"3,846";"10,562";"2,562";"1,299";"1,263";
"30/01/2024 13:30";"2,816";"0,000";"2,475";"0,000";"3,147";"0,000";"8,438";"0,000";"0,995";"0,000";"0,000";"0,159";"3,588";"3,248";"3,919";"10,755";"2,317";"1,177";"1,140";
"30/01/2024 13:40";"2,277";"0,000";"2,154";"0,000";"2,826";"0,000";"7,257";"0,000";"0,405";"0,000";"0,000";"0,059";"3,100";"2,977";"3,649";"9,726";"2,469";"1,255";"1,214";
"30/01/2024 13:50";"2,211";"0,000";"1,879";"0,000";"2,578";"0,000";"6,668";"0,000";"0,516";"0,000";"0,000";"0,197";"3,052";"2,719";"3,418";"9,189";"2,521";"1,283";"1,238";
"30/01/2024 14:00";"2,189";"0,000";"1,657";"0,000";"2,096";"0,000";"5,942";"0,000";"0,364";"0,000";"0,000";"0,013";"3,529";"2,997";"3,435";"9,961";"4,019";"2,050";"1,969";
"30/01/2024 14:10";"1,655";"0,000";"1,173";"0,000";"1,685";"0,000";"4,512";"0,000";"0,452";"0,000";"0,000";"0,017";"3,210";"2,728";"3,240";"9,177";"4,665";"2,380";"2,285";
"30/01/2024 14:20";"1,573";"0,000";"1,147";"0,000";"1,431";"0,000";"4,151";"0,000";"0,508";"0,000";"0,000";"0,000";"3,459";"3,034";"3,317";"9,811";"5,660";"2,894";"2,766";
"30/01/2024 14:30";"1,332";"0,000";"0,866";"0,000";"0,627";"0,000";"2,825";"0,000";"0,283";"0,000";"0,000";"0,000";"2,939";"2,473";"2,234";"7,646";"4,821";"2,464";"2,357";
"30/01/2024 14:40";"1,120";"0,000";"0,702";"0,000";"0,444";"0,000";"2,266";"0,000";"0,132";"0,000";"0,000";"0,125";"1,962";"1,543";"1,285";"4,790";"2,524";"1,287";"1,237";
"30/01/2024 14:50";"1,242";"0,000";"0,630";"0,000";"0,256";"0,000";"2,128";"0,000";"0,001";"0,000";"0,000";"0,070";"2,596";"1,984";"1,610";"6,190";"4,062";"2,069";"1,993";
"30/01/2024 15:00";"1,181";"0,000";"0,412";"0,000";"0,164";"0,000";"1,758";"0,000";"0,007";"0,000";"0,000";"0,025";"2,155";"1,386";"1,138";"4,679";"2,921";"1,482";"1,439";
"30/01/2024 15:10";"1,095";"0,000";"0,503";"0,000";"0,303";"0,000";"1,901";"0,000";"0,088";"0,000";"0,000";"0,115";"2,151";"1,559";"1,360";"5,071";"3,170";"1,608";"1,562";
"30/01/2024 15:20";"0,932";"0,000";"0,475";"0,000";"0,214";"0,000";"1,621";"0,000";"0,126";"0,000";"0,000";"0,000";"1,869";"1,412";"1,151";"4,431";"2,810";"1,427";"1,383";
"30/01/2024 15:30";"0,959";"0,000";"0,495";"0,000";"0,247";"0,000";"1,701";"0,000";"0,089";"0,000";"0,000";"0,034";"1,919";"1,454";"1,206";"4,579";"2,878";"1,465";"1,413";
"30/01/2024 15:40";"0,895";"0,000";"0,429";"0,000";"0,205";"0,000";"1,529";"0,000";"0,035";"0,000";"0,000";"0,046";"1,752";"1,287";"1,063";"4,102";"2,573";"1,309";"1,264";
"30/01/2024 15:50";"0,987";"0,000";"0,610";"0,000";"0,409";"0,000";"2,005";"0,000";"0,100";"0,000";"0,000";"0,134";"1,686";"1,309";"1,108";"4,102";"2,097";"1,065";"1,032";
"30/01/2024 16:00";"0,971";"0,000";"0,504";"0,000";"0,278";"0,000";"1,752";"0,000";"0,123";"0,000";"0,000";"0,000";"1,663";"1,196";"0,970";"3,830";"2,078";"1,055";"1,023";
"30/01/2024 16:10";"1,327";"0,000";"0,561";"0,000";"0,238";"0,000";"2,126";"0,000";"0,034";"0,000";"0,000";"0,071";"1,912";"1,147";"0,823";"3,882";"1,756";"0,893";"0,863";
"30/01/2024 16:20";"1,441";"0,000";"0,892";"0,000";"0,404";"0,000";"2,738";"0,000";"0,094";"0,000";"0,000";"0,121";"1,936";"1,388";"0,900";"4,224";"1,486";"0,757";"0,729";
"30/01/2024 16:30";"1,007";"0,000";"0,519";"0,000";"0,262";"0,000";"1,789";"0,000";"0,113";"0,000";"0,000";"0,000";"1,491";"1,003";"0,747";"3,242";"1,453";"0,740";"0,713";
"30/01/2024 16:40";"1,014";"0,000";"0,565";"0,000";"0,275";"0,000";"1,854";"0,000";"0,086";"0,000";"0,000";"0,028";"1,454";"1,004";"0,715";"3,172";"1,318";"0,672";"0,646";
"30/01/2024 16:50";"1,325";"0,000";"0,603";"0,000";"0,388";"0,000";"2,316";"0,000";"0,054";"0,000";"0,000";"0,094";"1,737";"1,014";"0,800";"3,550";"1,234";"0,629";"0,605";
"30/01/2024 17:00";"0,926";"0,000";"0,472";"0,000";"0,224";"0,000";"1,621";"0,000";"0,069";"0,000";"0,000";"0,042";"1,285";"0,831";"0,583";"2,698";"1,077";"0,550";"0,527";
"30/01/2024 17:10";"1,019";"0,000";"0,559";"0,000";"0,269";"0,000";"1,847";"0,000";"0,085";"0,000";"0,000";"0,029";"1,284";"0,825";"0,535";"2,644";"0,796";"0,408";"0,388";
"30/01/2024 17:20";"1,105";"0,000";"0,644";"0,000";"0,569";"0,000";"2,318";"0,000";"0,034";"0,000";"0,000";"0,140";"1,317";"0,856";"0,781";"2,954";"0,636";"0,326";"0,310";
"30/01/2024 17:30";"0,922";"0,000";"0,446";"0,000";"0,492";"0,000";"1,860";"0,000";"0,013";"0,000";"0,000";"0,045";"1,116";"0,641";"0,686";"2,443";"0,583";"0,299";"0,284";
"30/01/2024 17:40";"1,000";"0,000";"0,517";"0,000";"0,514";"0,000";"2,031";"0,000";"0,070";"0,000";"0,000";"0,002";"1,167";"0,684";"0,681";"2,533";"0,502";"0,258";"0,244";
"30/01/2024 17:50";"1,107";"0,000";"0,596";"0,000";"0,674";"0,000";"2,377";"0,000";"0,081";"0,000";"0,000";"0,135";"1,244";"0,733";"0,811";"2,789";"0,412";"0,212";"0,200";
"30/01/2024 18:00";"1,040";"0,000";"0,558";"0,000";"0,546";"0,000";"2,143";"0,000";"0,079";"0,000";"0,000";"0,023";"1,138";"0,656";"0,644";"2,438";"0,295";"0,153";"0,142";
"30/01/2024 18:10";"1,164";"0,000";"0,555";"0,000";"0,566";"0,000";"2,284";"0,000";"0,001";"0,000";"0,000";"0,112";"1,240";"0,631";"0,642";"2,513";"0,229";"0,119";"0,110";
"30/01/2024 18:20";"1,233";"0,000";"0,626";"0,000";"0,686";"0,000";"2,546";"0,000";"0,079";"0,000";"0,000";"0,154";"1,281";"0,674";"0,734";"2,689";"0,143";"0,074";"0,069";
"30/01/2024 18:30";"1,019";"0,000";"0,563";"0,000";"0,528";"0,000";"2,110";"0,000";"0,076";"0,000";"0,000";"0,023";"1,037";"0,581";"0,546";"2,164";"0,054";"0,028";"0,026";
"30/01/2024 18:40";"0,955";"0,000";"0,453";"0,000";"0,468";"0,000";"1,876";"0,000";"0,036";"0,000";"0,000";"0,024";"0,962";"0,460";"0,475";"1,897";"0,021";"0,011";"0,010";
"30/01/2024 18:50";"1,163";"0,000";"0,677";"0,000";"0,704";"0,000";"2,544";"0,000";"0,105";"0,000";"0,000";"0,129";"1,163";"0,677";"0,704";"2,544";"0,000";"0,000";"0,000";
"30/01/2024 19:00";"0,973";"0,000";"0,650";"0,000";"0,639";"0,000";"2,263";"0,000";"0,051";"0,000";"0,000";"0,087";"0,973";"0,650";"0,639";"2,263";"0,000";"0,000";"0,000";
"30/01/2024 19:10";"1,007";"0,000";"0,485";"0,000";"0,566";"0,000";"2,058";"0,000";"0,001";"0,000";"0,000";"0,062";"1,007";"0,485";"0,566";"2,058";"0,000";"0,000";"0,000";
"30/01/2024 19:20";"0,847";"0,000";"0,759";"0,000";"0,704";"0,000";"2,310";"0,000";"0,067";"0,000";"0,000";"0,052";"0,847";"0,759";"0,704";"2,310";"0,000";"0,000";"0,000";
"30/01/2024 19:30";"0,703";"0,000";"0,524";"0,000";"0,301";"0,000";"1,528";"0,000";"0,043";"0,000";"0,000";"0,024";"0,703";"0,524";"0,301";"1,528";"0,000";"0,000";"0,000";
"30/01/2024 19:40";"0,751";"0,000";"0,583";"0,000";"0,338";"0,000";"1,671";"0,000";"0,061";"0,000";"0,000";"0,005";"0,751";"0,583";"0,338";"1,671";"0,000";"0,000";"0,000";
"30/01/2024 19:50";"0,823";"0,000";"0,703";"0,000";"0,499";"0,000";"2,025";"0,000";"0,068";"0,000";"0,000";"0,148";"0,823";"0,703";"0,499";"2,025";"0,000";"0,000";"0,000";
"30/01/2024 20:00";"0,738";"0,000";"0,565";"0,000";"0,364";"0,000";"1,666";"0,000";"0,045";"0,000";"0,000";"0,009";"0,738";"0,565";"0,364";"1,666";"0,000";"0,000";"0,000";
"30/01/2024 20:10";"0,900";"0,000";"0,661";"0,000";"0,402";"0,000";"1,963";"0,000";"0,021";"0,000";"0,000";"0,102";"0,900";"0,661";"0,402";"1,963";"0,000";"0,000";"0,000";
"30/01/2024 20:20";"1,071";"0,000";"0,727";"0,000";"0,470";"0,000";"2,268";"0,000";"0,055";"0,000";"0,000";"0,156";"1,071";"0,727";"0,470";"2,268";"0,000";"0,000";"0,000";
"30/01/2024 20:30";"0,754";"0,000";"0,616";"0,000";"0,344";"0,000";"1,713";"0,000";"0,054";"0,000";"0,000";"0,000";"0,754";"0,616";"0,344";"1,713";"0,000";"0,000";"0,000";
"30/01/2024 20:40";"0,768";"0,000";"0,598";"0,000";"0,333";"0,000";"1,699";"0,000";"0,045";"0,000";"0,000";"0,077";"0,768";"0,598";"0,333";"1,699";"0,000";"0,000";"0,000";
"30/01/2024 20:50";"0,858";"0,000";"0,736";"0,000";"0,523";"0,000";"2,116";"0,000";"0,107";"0,000";"0,000";"0,127";"0,858";"0,736";"0,523";"2,116";"0,000";"0,000";"0,000";
"30/01/2024 21:00";"0,700";"0,000";"0,560";"0,000";"0,288";"0,000";"1,548";"0,000";"0,039";"0,000";"0,000";"0,021";"0,700";"0,560";"0,288";"1,548";"0,000";"0,000";"0,000";
"30/01/2024 21:10";"0,835";"0,000";"0,569";"0,000";"0,357";"0,000";"1,761";"0,000";"0,114";"0,000";"0,000";"0,000";"0,835";"0,569";"0,357";"1,761";"0,000";"0,000";"0,000";
"30/01/2024 21:20";"1,126";"0,000";"0,849";"0,000";"0,577";"0,000";"2,553";"0,000";"0,097";"0,000";"0,000";"0,103";"1,126";"0,849";"0,577";"2,553";"0,000";"0,000";"0,000";
"30/01/2024 21:30";"1,036";"0,000";"0,570";"0,000";"0,282";"0,000";"1,888";"0,000";"0,050";"0,000";"0,000";"0,008";"1,036";"0,570";"0,282";"1,888";"0,000";"0,000";"0,000";
"30/01/2024 21:40";"0,818";"0,000";"0,606";"0,000";"0,347";"0,000";"1,770";"0,000";"0,120";"0,000";"0,000";"0,000";"0,818";"0,606";"0,347";"1,770";"0,000";"0,000";"0,000";
"30/01/2024 21:50";"0,913";"0,000";"0,675";"0,000";"0,463";"0,000";"2,050";"0,000";"0,086";"0,000";"0,000";"0,104";"0,913";"0,675";"0,463";"2,050";"0,000";"0,000";"0,000";
"30/01/2024 22:00";"0,825";"0,000";"0,550";"0,000";"0,339";"0,000";"1,714";"0,000";"0,098";"0,000";"0,000";"0,031";"0,825";"0,550";"0,339";"1,714";"0,000";"0,000";"0,000";
"30/01/2024 22:10";"0,821";"0,000";"0,605";"0,000";"0,590";"0,000";"2,016";"0,000";"0,066";"0,000";"0,000";"0,008";"0,821";"0,605";"0,590";"2,016";"0,000";"0,000";"0,000";
"30/01/2024 22:20";"0,904";"0,000";"0,644";"0,000";"0,813";"0,000";"2,361";"0,000";"0,119";"0,000";"0,000";"0,090";"0,904";"0,644";"0,813";"2,361";"0,000";"0,000";"0,000";
"30/01/2024 22:30";"0,811";"0,000";"0,614";"0,000";"0,659";"0,000";"2,084";"0,000";"0,053";"0,000";"0,000";"0,062";"0,811";"0,614";"0,659";"2,084";"0,000";"0,000";"0,000";
"30/01/2024 22:40";"0,798";"0,000";"0,594";"0,000";"0,677";"0,000";"2,068";"0,000";"0,071";"0,000";"0,000";"0,029";"0,798";"0,594";"0,677";"2,068";"0,000";"0,000";"0,000";
"30/01/2024 22:50";"0,919";"0,000";"0,702";"0,000";"0,784";"0,000";"2,405";"0,000";"0,033";"0,000";"0,000";"0,165";"0,919";"0,702";"0,784";"2,405";"0,000";"0,000";"0,000";
"30/01/2024 23:00";"0,656";"0,000";"0,665";"0,000";"0,733";"0,000";"2,054";"0,000";"0,001";"0,000";"0,000";"0,207";"0,656";"0,665";"0,733";"2,054";"0,000";"0,000";"0,000";
"30/01/2024 23:10";"0,525";"0,000";"0,504";"0,000";"0,593";"0,000";"1,623";"0,000";"0,001";"0,000";"0,000";"0,142";"0,525";"0,504";"0,593";"1,623";"0,000";"0,000";"0,000";
"30/01/2024 23:20";"0,687";"0,000";"0,722";"0,000";"0,773";"0,000";"2,183";"0,000";"0,044";"0,000";"0,000";"0,053";"0,687";"0,722";"0,773";"2,183";"0,000";"0,000";"0,000";
"30/01/2024 23:30";"0,843";"0,000";"0,611";"0,000";"0,709";"0,000";"2,163";"0,000";"0,021";"0,000";"0,000";"0,197";"0,843";"0,611";"0,709";"2,163";"0,000";"0,000";"0,000";
"30/01/2024 23:40";"0,699";"0,000";"0,594";"0,000";"0,657";"0,000";"1,950";"0,000";"0,003";"0,000";"0,000";"0,183";"0,699";"0,594";"0,657";"1,950";"0,000";"0,000";"0,000";
"30/01/2024 23:50";"0,714";"0,000";"0,658";"0,000";"0,745";"0,000";"2,117";"0,000";"0,059";"0,000";"0,000";"0,084";"0,714";"0,658";"0,745";"2,117";"0,000";"0,000";"0,000";
"31/01/2024 00:00";"0,977";"0,000";"0,595";"0,000";"0,778";"0,000";"2,350";"0,000";"0,092";"0,000";"0,000";"0,101";"0,977";"0,595";"0,778";"2,350";"0,000";"0,000";"0,000";
"31/01/2024 00:10";"0,806";"0,000";"0,647";"0,000";"0,658";"0,000";"2,111";"0,000";"0,043";"0,000";"0,000";"0,073";"0,806";"0,647";"0,658";"2,111";"0,000";"0,000";"0,000";
"31/01/2024 00:20";"0,855";"0,000";"0,598";"0,000";"0,651";"0,000";"2,105";"0,000";"0,027";"0,000";"0,000";"0,123";"0,855";"0,598";"0,651";"2,105";"0,000";"0,000";"0,000";
"31/01/2024 00:30";"0,876";"0,000";"0,769";"0,000";"0,833";"0,000";"2,478";"0,000";"0,091";"0,000";"0,000";"0,161";"0,876";"0,769";"0,833";"2,478";"0,000";"0,000";"0,000";
"31/01/2024 00:40";"0,688";"0,000";"0,616";"0,000";"0,658";"0,000";"1,962";"0,000";"0,006";"0,000";"0,000";"0,145";"0,688";"0,616";"0,658";"1,962";"0,000";"0,000";"0,000";
"31/01/2024 00:50";"0,817";"0,000";"0,521";"0,000";"0,637";"0,000";"1,975";"0,000";"0,006";"0,000";"0,000";"0,086";"0,817";"0,521";"0,637";"1,975";"0,000";"0,000";"0,000";
"31/01/2024 01:00";"0,790";"0,000";"0,788";"0,000";"0,847";"0,000";"2,425";"0,000";"0,123";"0,000";"0,000";"0,294";"0,790";"0,788";"0,847";"2,425";"0,000";"0,000";"0,000";
"31/01/2024 01:10";"0,614";"0,000";"0,598";"0,000";"0,694";"0,000";"1,906";"0,000";"0,000";"0,000";"0,000";"0,232";"0,614";"0,598";"0,694";"1,906";"0,000";"0,000";"0,000";
"31/01/2024 01:20";"0,776";"0,000";"0,661";"0,000";"0,724";"0,000";"2,161";"0,000";"0,000";"0,000";"0,000";"0,234";"0,776";"0,661";"0,724";"2,161";"0,000";"0,000";"0,000";
"31/01/2024 01:30";"0,930";"0,000";"0,840";"0,000";"0,858";"0,000";"2,629";"0,000";"0,038";"0,000";"0,000";"0,318";"0,930";"0,840";"0,858";"2,629";"0,000";"0,000";"0,000";
"31/01/2024 01:40";"0,626";"0,000";"0,576";"0,000";"0,712";"0,000";"1,914";"0,000";"0,000";"0,000";"0,000";"0,243";"0,626";"0,576";"0,712";"1,914";"0,000";"0,000";"0,000";
"31/01/2024 01:50";"0,559";"0,000";"0,580";"0,000";"0,635";"0,000";"1,774";"0,000";"0,004";"0,000";"0,000";"0,142";"0,559";"0,580";"0,635";"1,774";"0,000";"0,000";"0,000";
"31/01/2024 02:00";"0,714";"0,000";"0,755";"0,000";"0,894";"0,000";"2,363";"0,000";"0,045";"0,000";"0,000";"0,175";"0,714";"0,755";"0,894";"2,363";"0,000";"0,000";"0,000";
"31/01/2024 02:10";"0,788";"0,000";"0,631";"0,000";"0,716";"0,000";"2,136";"0,000";"0,000";"0,000";"0,000";"0,227";"0,788";"0,631";"0,716";"2,136";"0,000";"0,000";"0,000";
"31/01/2024 02:20";"0,921";"0,000";"0,729";"0,000";"0,668";"0,000";"2,318";"0,000";"0,000";"0,000";"0,000";"0,187";"0,921";"0,729";"0,668";"2,318";"0,000";"0,000";"0,000";
"31/01/2024 02:30";"0,849";"0,000";"0,776";"0,000";"0,883";"0,000";"2,508";"0,000";"0,054";"0,000";"0,000";"0,143";"0,849";"0,776";"0,883";"2,508";"0,000";"0,000";"0,000";
"31/01/2024 02:40";"0,701";"0,000";"0,642";"0,000";"0,706";"0,000";"2,049";"0,000";"0,001";"0,000";"0,000";"0,175";"0,701";"0,642";"0,706";"2,049";"0,000";"0,000";"0,000";
"31/01/2024 02:50";"1,056";"0,000";"0,708";"0,000";"0,677";"0,000";"2,441";"0,000";"0,016";"0,000";"0,000";"0,183";"1,056";"0,708";"0,677";"2,441";"0,000";"0,000";"0,000";
"31/01/2024 03:00";"1,321";"0,000";"1,212";"0,000";"0,800";"0,000";"3,333";"0,000";"0,097";"0,000";"0,000";"0,199";"1,321";"1,212";"0,800";"3,333";"0,000";"0,000";"0,000";
"31/01/2024 03:10";"0,715";"0,000";"0,589";"0,000";"0,700";"0,000";"2,004";"0,000";"0,001";"0,000";"0,000";"0,148";"0,715";"0,589";"0,700";"2,004";"0,000";"0,000";"0,000";
"31/01/2024 03:20";"0,614";"0,000";"0,619";"0,000";"0,705";"0,000";"1,939";"0,000";"0,001";"0,000";"0,000";"0,238";"0,614";"0,619";"0,705";"1,939";"0,000";"0,000";"0,000";
"31/01/2024 03:30";"0,993";"0,000";"0,802";"0,000";"0,906";"0,000";"2,701";"0,000";"0,045";"0,000";"0,000";"0,317";"0,993";"0,802";"0,906";"2,701";"0,000";"0,000";"0,000";
"31/01/2024 03:40";"0,926";"0,000";"0,694";"0,000";"0,628";"0,000";"2,247";"0,000";"0,000";"0,000";"0,000";"0,185";"0,926";"0,694";"0,628";"2,247";"0,000";"0,000";"0,000";
"31/01/2024 03:50";"0,604";"0,000";"0,635";"0,000";"0,730";"0,000";"1,969";"0,000";"0,000";"0,000";"0,000";"0,237";"0,604";"0,635";"0,730";"1,969";"0,000";"0,000";"0,000";
"31/01/2024 04:00";"0,684";"0,000";"0,639";"0,000";"0,859";"0,000";"2,183";"0,000";"0,122";"0,000";"0,000";"0,155";"0,684";"0,639";"0,859";"2,183";"0,000";"0,000";"0,000";
"31/01/2024 04:10";"0,608";"0,000";"0,622";"0,000";"0,780";"0,000";"2,009";"0,000";"0,003";"0,000";"0,000";"0,089";"0,608";"0,622";"0,780";"2,009";"0,000";"0,000";"0,000";
"31/01/2024 04:20";"0,685";"0,000";"0,623";"0,000";"0,660";"0,000";"1,968";"0,000";"0,009";"0,000";"0,000";"0,054";"0,685";"0,623";"0,660";"1,968";"0,000";"0,000";"0,000";
"31/01/2024 04:30";"1,192";"0,000";"0,898";"0,000";"0,845";"0,000";"2,936";"0,000";"0,052";"0,000";"0,000";"0,200";"1,192";"0,898";"0,845";"2,936";"0,000";"0,000";"0,000";
"31/01/2024 04:40";"0,704";"0,000";"0,595";"0,000";"0,704";"0,000";"2,002";"0,000";"0,000";"0,000";"0,000";"0,263";"0,704";"0,595";"0,704";"2,002";"0,000";"0,000";"0,000";
"31/01/2024 04:50";"0,574";"0,000";"0,569";"0,000";"0,669";"0,000";"1,812";"0,000";"0,000";"0,000";"0,000";"0,197";"0,574";"0,569";"0,669";"1,812";"0,000";"0,000";"0,000";
"31/01/2024 05:00";"0,716";"0,000";"0,714";"0,000";"0,886";"0,000";"2,316";"0,000";"0,041";"0,000";"0,000";"0,181";"0,716";"0,714";"0,886";"2,316";"0,000";"0,000";"0,000";
"31/01/2024 05:10";"0,595";"0,000";"0,646";"0,000";"0,720";"0,000";"1,961";"0,000";"0,008";"0,000";"0,000";"0,034";"0,595";"0,646";"0,720";"1,961";"0,000";"0,000";"0,000";
"31/01/2024 05:20";"1,126";"0,000";"0,839";"0,000";"0,788";"0,000";"2,752";"0,000";"0,056";"0,000";"0,000";"0,293";"1,126";"0,839";"0,788";"2,752";"0,000";"0,000";"0,000";
"31/01/2024 05:30";"2,036";"0,000";"1,538";"0,000";"1,932";"0,000";"5,506";"0,000";"0,376";"0,000";"0,000";"0,006";"2,036";"1,538";"1,932";"5,506";"0,000";"0,000";"0,000";
"31/01/2024 05:40";"1,958";"0,000";"1,487";"0,000";"1,997";"0,000";"5,442";"0,000";"0,216";"0,000";"0,000";"0,000";"1,958";"1,487";"1,997";"5,442";"0,000";"0,000";"0,000";
"31/01/2024 05:50";"1,721";"0,000";"1,423";"0,000";"1,959";"0,000";"5,103";"0,000";"0,341";"0,000";"0,000";"0,000";"1,721";"1,423";"1,959";"5,103";"0,000";"0,000";"0,000";
"31/01/2024 06:00";"2,218";"0,000";"2,006";"0,000";"2,615";"0,000";"6,839";"0,000";"1,086";"0,000";"0,000";"0,027";"2,218";"2,006";"2,615";"6,839";"0,000";"0,000";"0,000";
"31/01/2024 06:10";"3,503";"0,000";"2,744";"0,000";"3,530";"0,000";"9,776";"0,000";"1,117";"0,000";"0,000";"0,597";"3,503";"2,744";"3,530";"9,776";"0,000";"0,000";"0,000";
"31/01/2024 06:20";"2,952";"0,000";"2,212";"0,000";"2,794";"0,000";"7,958";"0,000";"1,157";"0,000";"0,000";"0,347";"2,952";"2,212";"2,794";"7,958";"0,000";"0,000";"0,000";
"31/01/2024 06:30";"3,070";"0,000";"2,510";"0,000";"2,900";"0,000";"8,481";"0,000";"1,235";"0,000";"0,000";"0,266";"3,070";"2,510";"2,900";"8,481";"0,000";"0,000";"0,000";
"31/01/2024 06:40";"2,863";"0,000";"2,399";"0,000";"3,095";"0,000";"8,357";"0,000";"1,244";"0,000";"0,000";"0,345";"2,863";"2,399";"3,095";"8,357";"0,000";"0,000";"0,000";
"31/01/2024 06:50";"3,540";"0,000";"2,967";"0,000";"3,836";"0,000";"10,342";"0,000";"1,485";"0,000";"0,000";"0,256";"3,540";"2,967";"3,836";"10,342";"0,000";"0,000";"0,000";
"31/01/2024 07:00";"4,191";"0,000";"3,651";"0,000";"4,514";"0,000";"12,356";"0,000";"1,072";"0,000";"0,000";"0,366";"4,191";"3,651";"4,514";"12,356";"0,000";"0,000";"0,000";
"31/01/2024 07:10";"3,145";"0,000";"2,394";"0,000";"3,279";"0,000";"8,818";"0,000";"1,174";"0,000";"0,000";"0,140";"3,145";"2,394";"3,279";"8,818";"0,000";"0,000";"0,000";
"31/01/2024 07:20";"2,755";"0,000";"2,269";"0,000";"3,048";"0,000";"8,072";"0,000";"0,490";"0,000";"0,000";"0,326";"2,755";"2,269";"3,048";"8,072";"0,000";"0,000";"0,000";
"31/01/2024 07:30";"2,764";"0,000";"2,459";"0,000";"2,942";"0,000";"8,165";"0,000";"0,833";"0,000";"0,000";"0,168";"2,764";"2,459";"2,942";"8,165";"0,000";"0,000";"0,000";
"31/01/2024 07:40";"3,114";"0,000";"2,300";"0,000";"2,904";"0,000";"8,318";"0,000";"0,714";"0,000";"0,000";"0,178";"3,114";"2,300";"2,904";"8,318";"0,000";"0,000";"0,000";
"31/01/2024 07:50";"2,319";"0,000";"2,180";"0,000";"2,929";"0,000";"7,428";"0,000";"0,733";"0,000";"0,000";"0,053";"2,319";"2,180";"2,929";"7,428";"0,000";"0,000";"0,000";
"31/01/2024 08:00";"2,527";"0,000";"2,282";"0,000";"3,056";"0,000";"7,865";"0,000";"0,726";"0,000";"0,000";"0,169";"2,527";"2,282";"3,056";"7,865";"0,000";"0,000";"0,000";
"31/01/2024 08:10";"2,326";"0,000";"2,028";"0,000";"2,808";"0,000";"7,161";"0,000";"0,601";"0,000";"0,000";"0,234";"2,326";"2,028";"2,808";"7,161";"0,000";"0,000";"0,000";
"31/01/2024 08:20";"2,460";"0,000";"2,179";"0,000";"3,061";"0,000";"7,700";"0,000";"0,940";"0,000";"0,000";"0,109";"2,460";"2,179";"3,061";"7,700";"0,000";"0,000";"0,000";
"31/01/2024 08:30";"2,374";"0,000";"2,226";"0,000";"3,028";"0,000";"7,628";"0,000";"1,207";"0,000";"0,000";"0,110";"2,374";"2,226";"3,028";"7,628";"0,000";"0,000";"0,000";
"31/01/2024 08:40";"2,662";"0,000";"2,286";"0,000";"3,122";"0,000";"8,070";"0,000";"1,017";"0,000";"0,000";"0,179";"2,662";"2,286";"3,122";"8,070";"0,000";"0,000";"0,000";
"31/01/2024 08:50";"2,867";"0,000";"2,382";"0,000";"3,117";"0,000";"8,365";"0,000";"0,985";"0,000";"0,000";"0,320";"2,867";"2,382";"3,117";"8,365";"0,000";"0,000";"0,000";
"31/01/2024 09:00";"2,743";"0,000";"2,130";"0,000";"2,907";"0,000";"7,780";"0,000";"0,904";"0,000";"0,000";"0,165";"2,760";"2,147";"2,924";"7,831";"0,051";"0,027";"0,024";
"31/01/2024 09:10";"2,873";"0,000";"2,139";"0,000";"2,885";"0,000";"7,898";"0,000";"0,729";"0,000";"0,000";"0,250";"2,954";"2,221";"2,967";"8,142";"0,244";"0,132";"0,112";
"31/01/2024 09:20";"2,822";"0,000";"2,450";"0,000";"3,078";"0,000";"8,350";"0,000";"1,153";"0,000";"0,000";"0,120";"2,957";"2,585";"3,213";"8,755";"0,405";"0,225";"0,180";
"31/01/2024 09:30";"2,079";"0,000";"1,918";"0,000";"2,931";"0,000";"6,928";"0,000";"0,863";"0,000";"0,000";"0,021";"2,271";"2,110";"3,123";"7,503";"0,575";"0,329";"0,246";
"31/01/2024 09:40";"2,288";"0,000";"1,988";"0,000";"2,837";"0,000";"7,113";"0,000";"1,010";"0,000";"0,000";"0,070";"2,538";"2,239";"3,088";"7,864";"0,751";"0,438";"0,313";
"31/01/2024 09:50";"2,695";"0,000";"2,100";"0,000";"2,924";"0,000";"7,720";"0,000";"1,105";"0,000";"0,000";"0,164";"3,017";"2,422";"3,246";"8,685";"0,965";"0,576";"0,389";
"31/01/2024 10:00";"2,358";"0,000";"2,112";"0,000";"2,729";"0,000";"7,200";"0,000";"0,228";"0,000";"0,000";"0,078";"2,795";"2,549";"3,166";"8,509";"1,309";"0,762";"0,547";
"31/01/2024 10:10";"1,972";"0,000";"1,726";"0,000";"2,520";"0,000";"6,217";"0,000";"0,440";"0,000";"0,000";"0,123";"2,539";"2,293";"3,087";"7,919";"1,702";"0,956";"0,746";
"31/01/2024 10:20";"2,405";"0,000";"1,952";"0,000";"2,797";"0,000";"7,154";"0,000";"0,783";"0,000";"0,000";"0,237";"3,079";"2,626";"3,471";"9,176";"2,022";"1,131";"0,891";
"31/01/2024 10:30";"2,744";"0,000";"2,123";"0,000";"2,867";"0,000";"7,733";"0,000";"0,913";"0,000";"0,000";"0,245";"3,515";"2,894";"3,638";"10,047";"2,314";"1,291";"1,023";
"31/01/2024 10:40";"3,333";"0,000";"2,115";"0,000";"2,765";"0,000";"8,213";"0,000";"0,827";"0,000";"0,000";"0,396";"4,200";"2,982";"3,632";"10,814";"2,601";"1,450";"1,151";
"31/01/2024 10:50";"3,081";"0,000";"2,235";"0,000";"2,928";"0,000";"8,245";"0,000";"1,127";"0,000";"0,000";"0,483";"4,043";"3,196";"3,890";"11,129";"2,884";"1,605";"1,279";
"31/01/2024 11:00";"4,067";"0,000";"3,694";"0,000";"4,410";"0,000";"12,171";"0,000";"1,071";"0,000";"0,000";"0,382";"5,139";"4,766";"5,483";"15,388";"3,217";"1,735";"1,482";
"31/01/2024 11:10";"3,016";"0,000";"2,713";"0,000";"3,495";"0,000";"9,224";"0,000";"1,128";"0,000";"0,000";"0,223";"4,263";"3,960";"4,742";"12,965";"3,741";"1,907";"1,834";
"31/01/2024 11:20";"2,804";"0,000";"2,638";"0,000";"3,229";"0,000";"8,671";"0,000";"1,255";"0,000";"0,000";"0,219";"4,158";"3,992";"4,583";"12,733";"4,062";"2,059";"2,003";
"31/01/2024 11:30";"3,737";"0,000";"3,232";"0,000";"4,068";"0,000";"11,036";"0,000";"1,000";"0,000";"0,000";"0,222";"5,167";"4,662";"5,498";"15,327";"4,291";"2,172";"2,119";
"31/01/2024 11:40";"4,357";"0,000";"3,745";"0,000";"4,659";"0,000";"12,760";"0,000";"0,730";"0,000";"0,000";"0,154";"5,870";"5,258";"6,173";"17,301";"4,541";"2,296";"2,245";
"31/01/2024 11:50";"5,063";"0,000";"4,307";"0,000";"4,870";"0,000";"14,240";"0,000";"0,886";"0,000";"0,000";"0,375";"6,660";"5,904";"6,467";"19,031";"4,791";"2,416";"2,375";
"31/01/2024 12:00";"3,548";"0,000";"2,929";"0,000";"3,846";"0,000";"10,322";"0,000";"0,783";"0,000";"0,000";"0,360";"5,226";"4,607";"5,524";"15,356";"5,034";"2,550";"2,484";
"31/01/2024 12:10";"4,170";"0,000";"3,822";"0,000";"4,489";"0,000";"12,481";"0,000";"0,825";"0,000";"0,000";"0,393";"5,905";"5,558";"6,224";"17,687";"5,206";"2,632";"2,574";
"31/01/2024 12:20";"4,437";"0,000";"3,652";"0,000";"4,455";"0,000";"12,544";"0,000";"0,889";"0,000";"0,000";"0,498";"6,220";"5,435";"6,238";"17,893";"5,349";"2,704";"2,645";
"31/01/2024 12:30";"3,537";"0,000";"2,890";"0,000";"3,678";"0,000";"10,105";"0,000";"1,009";"0,000";"0,000";"0,299";"5,363";"4,717";"5,504";"15,584";"5,479";"2,770";"2,709";
"31/01/2024 12:40";"2,568";"0,000";"2,044";"0,000";"2,745";"0,000";"7,356";"0,000";"0,619";"0,000";"0,000";"0,315";"4,438";"3,914";"4,615";"12,966";"5,610";"2,837";"2,773";
"31/01/2024 12:50";"2,347";"0,000";"1,747";"0,000";"2,525";"0,000";"6,619";"0,000";"0,673";"0,000";"0,000";"0,272";"4,243";"3,642";"4,421";"12,305";"5,686";"2,875";"2,811";
"31/01/2024 13:00";"3,187";"0,000";"2,406";"0,000";"3,304";"0,000";"8,897";"0,000";"0,720";"0,000";"0,000";"0,286";"5,087";"4,306";"5,204";"14,597";"5,700";"2,877";"2,823";
"31/01/2024 13:10";"2,645";"0,000";"2,050";"0,000";"2,800";"0,000";"7,495";"0,000";"0,868";"0,000";"0,000";"0,254";"4,563";"3,969";"4,718";"13,251";"5,756";"2,904";"2,852";
"31/01/2024 13:20";"2,437";"0,000";"1,769";"0,000";"2,502";"0,000";"6,708";"0,000";"0,751";"0,000";"0,000";"0,319";"4,377";"3,709";"4,442";"12,527";"5,819";"2,946";"2,873";
"31/01/2024 13:30";"2,269";"0,000";"1,883";"0,000";"2,541";"0,000";"6,692";"0,000";"0,731";"0,000";"0,000";"0,328";"4,210";"3,824";"4,482";"12,515";"5,823";"2,964";"2,859";
"31/01/2024 13:40";"1,606";"0,000";"1,282";"0,000";"1,813";"0,000";"4,701";"0,000";"0,669";"0,000";"0,000";"0,096";"3,552";"3,229";"3,760";"10,541";"5,840";"2,977";"2,863";
"31/01/2024 13:50";"1,711";"0,000";"1,362";"0,000";"1,628";"0,000";"4,701";"0,000";"0,148";"0,000";"0,000";"0,130";"3,652";"3,303";"3,569";"10,525";"5,824";"2,970";"2,854";
"31/01/2024 14:00";"1,134";"0,000";"0,713";"0,000";"0,902";"0,000";"2,749";"0,000";"0,082";"0,000";"0,000";"0,032";"3,073";"2,652";"2,841";"8,566";"5,817";"2,965";"2,852";
"31/01/2024 14:10";"1,196";"0,000";"0,613";"0,000";"0,798";"0,000";"2,607";"0,000";"0,081";"0,000";"0,000";"0,026";"3,119";"2,536";"2,720";"8,375";"5,768";"2,941";"2,827";
"31/01/2024 14:20";"1,127";"0,000";"0,760";"0,000";"0,466";"0,000";"2,353";"0,000";"0,075";"0,000";"0,000";"0,078";"3,017";"2,651";"2,356";"8,024";"5,671";"2,893";"2,778";
"31/01/2024 14:30";"1,138";"0,000";"0,567";"0,000";"0,240";"0,000";"1,945";"0,000";"0,052";"0,000";"0,000";"0,010";"2,990";"2,418";"2,091";"7,499";"5,554";"2,833";"2,721";
"31/01/2024 14:40";"1,074";"0,000";"0,560";"0,000";"0,268";"0,000";"1,902";"0,000";"0,084";"0,000";"0,000";"0,025";"2,886";"2,371";"2,079";"7,337";"5,435";"2,768";"2,667";
"31/01/2024 14:50";"1,271";"0,000";"0,681";"0,000";"0,385";"0,000";"2,337";"0,000";"0,111";"0,000";"0,000";"0,024";"3,034";"2,444";"2,148";"7,625";"5,288";"2,692";"2,596";
"31/01/2024 15:00";"1,081";"0,000";"0,516";"0,000";"0,259";"0,000";"1,856";"0,000";"0,090";"0,000";"0,000";"0,040";"2,786";"2,221";"1,965";"6,972";"5,116";"2,604";"2,512";
"31/01/2024 15:10";"1,218";"0,000";"0,460";"0,000";"0,208";"0,000";"1,886";"0,000";"0,050";"0,000";"0,000";"0,040";"2,878";"2,121";"1,869";"6,868";"4,982";"2,536";"2,446";
"31/01/2024 15:20";"1,337";"0,000";"0,437";"0,000";"0,185";"0,000";"1,960";"0,000";"0,008";"0,000";"0,000";"0,034";"2,938";"2,038";"1,786";"6,763";"4,803";"2,447";"2,356";
"31/01/2024 15:30";"1,210";"0,000";"0,629";"0,000";"0,461";"0,000";"2,299";"0,000";"0,074";"0,000";"0,000";"0,200";"2,735";"2,154";"1,986";"6,874";"4,575";"2,331";"2,244";
"31/01/2024 15:40";"0,985";"0,000";"0,435";"0,000";"0,215";"0,000";"1,634";"0,000";"0,030";"0,000";"0,000";"0,008";"2,446";"1,897";"1,676";"6,019";"4,385";"2,236";"2,149";
"31/01/2024 15:50";"1,018";"0,000";"0,484";"0,000";"0,315";"0,000";"1,817";"0,000";"0,074";"0,000";"0,000";"0,000";"2,398";"1,864";"1,695";"5,957";"4,140";"2,112";"2,028";
"31/01/2024 16:00";"1,255";"0,000";"0,727";"0,000";"0,533";"0,000";"2,515";"0,000";"0,141";"0,000";"0,000";"0,013";"2,547";"2,019";"1,825";"6,392";"3,877";"1,979";"1,898";
"31/01/2024 16:10";"1,270";"0,000";"0,560";"0,000";"0,301";"0,000";"2,131";"0,000";"0,034";"0,000";"0,000";"0,060";"2,476";"1,766";"1,507";"5,749";"3,618";"1,848";"1,770";
"31/01/2024 16:20";"1,210";"0,000";"0,480";"0,000";"0,267";"0,000";"1,956";"0,000";"0,082";"0,000";"0,000";"0,010";"2,333";"1,602";"1,389";"5,324";"3,368";"1,721";"1,647";
"31/01/2024 16:30";"1,308";"0,000";"0,485";"0,000";"0,232";"0,000";"2,024";"0,000";"0,045";"0,000";"0,000";"0,026";"2,336";"1,513";"1,260";"5,108";"3,084";"1,579";"1,505";
"31/01/2024 16:40";"1,255";"0,000";"0,646";"0,000";"0,468";"0,000";"2,369";"0,000";"0,118";"0,000";"0,000";"0,099";"2,173";"1,564";"1,386";"5,123";"2,754";"1,414";"1,340";
"31/01/2024 16:50";"1,042";"0,000";"0,452";"0,000";"0,423";"0,000";"1,918";"0,000";"0,031";"0,000";"0,000";"0,037";"1,854";"1,264";"1,234";"4,352";"2,434";"1,248";"1,186";
"31/01/2024 17:00";"1,234";"0,000";"0,498";"0,000";"0,565";"0,000";"2,297";"0,000";"0,015";"0,000";"0,000";"0,036";"1,937";"1,201";"1,269";"4,407";"2,110";"1,084";"1,026";
"31/01/2024 17:10";"1,324";"0,000";"0,705";"0,000";"0,656";"0,000";"2,686";"0,000";"0,141";"0,000";"0,000";"0,026";"1,918";"1,299";"1,250";"4,468";"1,782";"0,917";"0,865";
"31/01/2024 17:20";"1,255";"0,000";"0,515";"0,000";"0,564";"0,000";"2,334";"0,000";"0,008";"0,000";"0,000";"0,074";"1,741";"1,001";"1,050";"3,793";"1,459";"0,751";"0,708";
"31/01/2024 17:30";"1,019";"0,000";"0,542";"0,000";"0,569";"0,000";"2,130";"0,000";"0,039";"0,000";"0,000";"0,005";"1,415";"0,937";"0,965";"3,317";"1,187";"0,611";"0,576";
"31/01/2024 17:40";"1,334";"0,000";"0,610";"0,000";"0,610";"0,000";"2,554";"0,000";"0,113";"0,000";"0,000";"0,163";"1,640";"0,917";"0,916";"3,473";"0,919";"0,473";"0,446";
"31/01/2024 17:50";"0,977";"0,000";"0,543";"0,000";"0,414";"0,000";"1,933";"0,000";"0,029";"0,000";"0,000";"0,018";"1,197";"0,763";"0,634";"2,593";"0,660";"0,341";"0,319";
"31/01/2024 18:00";"0,862";"0,000";"0,479";"0,000";"0,213";"0,000";"1,554";"0,000";"0,027";"0,000";"0,000";"0,030";"1,006";"0,623";"0,357";"1,987";"0,433";"0,227";"0,206";
"31/01/2024 18:10";"1,022";"0,000";"0,652";"0,000";"0,390";"0,000";"2,064";"0,000";"0,118";"0,000";"0,000";"0,128";"1,112";"0,742";"0,481";"2,335";"0,271";"0,142";"0,129";
"31/01/2024 18:20";"0,636";"0,000";"0,500";"0,000";"0,218";"0,000";"1,354";"0,000";"0,007";"0,000";"0,000";"0,074";"0,683";"0,548";"0,266";"1,497";"0,143";"0,075";"0,068";
"31/01/2024 18:30";"0,536";"0,000";"0,448";"0,000";"0,155";"0,000";"1,138";"0,000";"0,000";"0,000";"0,000";"0,139";"0,553";"0,465";"0,172";"1,189";"0,051";"0,027";"0,024";
"31/01/2024 18:40";"0,722";"0,000";"0,739";"0,000";"0,445";"0,000";"1,906";"0,000";"0,069";"0,000";"0,000";"0,067";"0,724";"0,742";"0,447";"1,913";"0,007";"0,004";"0,003";
"31/01/2024 18:50";"0,516";"0,000";"0,498";"0,000";"0,194";"0,000";"1,207";"0,000";"0,006";"0,000";"0,000";"0,115";"0,516";"0,498";"0,194";"1,207";"0,000";"0,000";"0,000";
"31/01/2024 19:00";"0,534";"0,000";"0,535";"0,000";"0,230";"0,000";"1,299";"0,000";"0,002";"0,000";"0,000";"0,055";"0,534";"0,535";"0,230";"1,299";"0,000";"0,000";"0,000";
"31/01/2024 19:10";"0,720";"0,000";"0,668";"0,000";"0,483";"0,000";"1,871";"0,000";"0,030";"0,000";"0,000";"0,207";"0,720";"0,668";"0,483";"1,871";"0,000";"0,000";"0,000";
"31/01/2024 19:20";"0,808";"0,000";"0,589";"0,000";"0,313";"0,000";"1,711";"0,000";"0,001";"0,000";"0,000";"0,134";"0,808";"0,589";"0,313";"1,711";"0,000";"0,000";"0,000";
"31/01/2024 19:30";"0,633";"0,000";"0,612";"0,000";"0,366";"0,000";"1,611";"0,000";"0,001";"0,000";"0,000";"0,083";"0,633";"0,612";"0,366";"1,611";"0,000";"0,000";"0,000";
"31/01/2024 19:40";"0,987";"0,000";"0,702";"0,000";"0,472";"0,000";"2,161";"0,000";"0,046";"0,000";"0,000";"0,151";"0,987";"0,702";"0,472";"2,161";"0,000";"0,000";"0,000";
"31/01/2024 19:50";"0,773";"0,000";"0,596";"0,000";"0,335";"0,000";"1,703";"0,000";"0,002";"0,000";"0,000";"0,125";"0,773";"0,596";"0,335";"1,703";"0,000";"0,000";"0,000";
"31/01/2024 20:00";"0,694";"0,000";"0,543";"0,000";"0,310";"0,000";"1,547";"0,000";"0,001";"0,000";"0,000";"0,125";"0,694";"0,543";"0,310";"1,547";"0,000";"0,000";"0,000";
"31/01/2024 20:10";"0,734";"0,000";"0,727";"0,000";"0,462";"0,000";"1,923";"0,000";"0,122";"0,000";"0,000";"0,209";"0,734";"0,727";"0,462";"1,923";"0,000";"0,000";"0,000";
"31/01/2024 20:20";"0,628";"0,000";"0,630";"0,000";"0,340";"0,000";"1,598";"0,000";"0,013";"0,000";"0,000";"0,135";"0,628";"0,630";"0,340";"1,598";"0,000";"0,000";"0,000";
"31/01/2024 20:30";"0,850";"0,000";"0,565";"0,000";"0,436";"0,000";"1,851";"0,000";"0,000";"0,000";"0,000";"0,185";"0,850";"0,565";"0,436";"1,851";"0,000";"0,000";"0,000";
"31/01/2024 20:40";"0,824";"0,000";"0,813";"0,000";"0,930";"0,000";"2,567";"0,000";"0,132";"0,000";"0,000";"0,230";"0,824";"0,813";"0,930";"2,567";"0,000";"0,000";"0,000";
"31/01/2024 20:50";"0,591";"0,000";"0,516";"0,000";"0,591";"0,000";"1,698";"0,000";"0,000";"0,000";"0,000";"0,237";"0,591";"0,516";"0,591";"1,698";"0,000";"0,000";"0,000";
"31/01/2024 21:00";"0,761";"0,000";"0,610";"0,000";"0,670";"0,000";"2,041";"0,000";"0,001";"0,000";"0,000";"0,119";"0,761";"0,610";"0,670";"2,041";"0,000";"0,000";"0,000";
"31/01/2024 21:10";"0,857";"0,000";"0,760";"0,000";"0,798";"0,000";"2,415";"0,000";"0,116";"0,000";"0,000";"0,122";"0,857";"0,760";"0,798";"2,415";"0,000";"0,000";"0,000";
"31/01/2024 21:20";"0,631";"0,000";"0,573";"0,000";"0,657";"0,000";"1,861";"0,000";"0,000";"0,000";"0,000";"0,232";"0,631";"0,573";"0,657";"1,861";"0,000";"0,000";"0,000";
"31/01/2024 21:30";"0,672";"0,000";"0,629";"0,000";"0,645";"0,000";"1,946";"0,000";"0,000";"0,000";"0,000";"0,245";"0,672";"0,629";"0,645";"1,946";"0,000";"0,000";"0,000";
"31/01/2024 21:40";"1,056";"0,000";"0,790";"0,000";"0,814";"0,000";"2,659";"0,000";"0,049";"0,000";"0,000";"0,385";"1,056";"0,790";"0,814";"2,659";"0,000";"0,000";"0,000";
"31/01/2024 21:50";"0,583";"0,000";"0,590";"0,000";"0,652";"0,000";"1,825";"0,000";"0,000";"0,000";"0,000";"0,132";"0,583";"0,590";"0,652";"1,825";"0,000";"0,000";"0,000";
"31/01/2024 22:00";"0,612";"0,000";"0,590";"0,000";"0,650";"0,000";"1,853";"0,000";"0,000";"0,000";"0,000";"0,201";"0,612";"0,590";"0,650";"1,853";"0,000";"0,000";"0,000";
"31/01/2024 22:10";"0,804";"0,000";"0,777";"0,000";"0,887";"0,000";"2,467";"0,000";"0,052";"0,000";"0,000";"0,138";"0,804";"0,777";"0,887";"2,467";"0,000";"0,000";"0,000";
"31/01/2024 22:20";"0,954";"0,000";"0,753";"0,000";"0,710";"0,000";"2,417";"0,000";"0,000";"0,000";"0,000";"0,345";"0,954";"0,753";"0,710";"2,417";"0,000";"0,000";"0,000";
"31/01/2024 22:30";"0,908";"0,000";"0,513";"0,000";"0,621";"0,000";"2,042";"0,000";"0,000";"0,000";"0,000";"0,257";"0,908";"0,513";"0,621";"2,042";"0,000";"0,000";"0,000";
"31/01/2024 22:40";"0,881";"0,000";"0,796";"0,000";"0,849";"0,000";"2,526";"0,000";"0,118";"0,000";"0,000";"0,202";"0,881";"0,796";"0,849";"2,526";"0,000";"0,000";"0,000";
"31/01/2024 22:50";"0,814";"0,000";"0,572";"0,000";"0,640";"0,000";"2,026";"0,000";"0,000";"0,000";"0,000";"0,154";"0,814";"0,572";"0,640";"2,026";"0,000";"0,000";"0,000";
"31/01/2024 23:00";"0,579";"0,000";"0,546";"0,000";"0,645";"0,000";"1,770";"0,000";"0,000";"0,000";"0,000";"0,158";"0,579";"0,546";"0,645";"1,770";"0,000";"0,000";"0,000";
"31/01/2024 23:10";"0,739";"0,000";"0,774";"0,000";"0,841";"0,000";"2,354";"0,000";"0,042";"0,000";"0,000";"0,198";"0,739";"0,774";"0,841";"2,354";"0,000";"0,000";"0,000";
"31/01/2024 23:20";"0,586";"0,000";"0,511";"0,000";"0,627";"0,000";"1,724";"0,000";"0,000";"0,000";"0,000";"0,281";"0,586";"0,511";"0,627";"1,724";"0,000";"0,000";"0,000";
"31/01/2024 23:30";"0,651";"0,000";"0,621";"0,000";"0,696";"0,000";"1,968";"0,000";"0,000";"0,000";"0,000";"0,160";"0,651";"0,621";"0,696";"1,968";"0,000";"0,000";"0,000";
"31/01/2024 23:40";"0,820";"0,000";"0,826";"0,000";"0,890";"0,000";"2,537";"0,000";"0,045";"0,000";"0,000";"0,301";"0,820";"0,826";"0,890";"2,537";"0,000";"0,000";"0,000";
"31/01/2024 23:50";"1,032";"0,000";"0,688";"0,000";"0,676";"0,000";"2,395";"0,000";"0,000";"0,000";"0,000";"0,288";"1,032";"0,688";"0,676";"2,395";"0,000";"0,000";"0,000";
