"fecha";"EpR";"EmR";"EpS";"EmS";"EpT";"EmT";"EpRST";"EmRST";"Q1";"Q2";"Q3";"Q4";"EcR";"EcS";"EcT";"EcRST";"Einv_tot";"Inversor_4";"Inversor_5";
"01/09/2024 00:00";"0,374";"0,000";"0,404";"0,000";"0,228";"0,000";"1,006";"0,000";"0,000";"0,000";"0,000";"0,195";"0,374";"0,404";"0,228";"1,006";"0,000";"0,000";"0,000";
"01/09/2024 00:10";"0,337";"0,000";"0,401";"0,000";"0,227";"0,000";"0,965";"0,000";"0,000";"0,000";"0,000";"0,189";"0,337";"0,401";"0,227";"0,965";"0,000";"0,000";"0,000";
"01/09/2024 00:20";"0,410";"0,000";"0,475";"0,000";"0,290";"0,000";"1,175";"0,000";"0,006";"0,000";"0,000";"0,127";"0,410";"0,475";"0,290";"1,175";"0,000";"0,000";"0,000";
"01/09/2024 00:30";"0,342";"0,000";"0,390";"0,000";"0,231";"0,000";"0,963";"0,000";"0,000";"0,000";"0,000";"0,197";"0,342";"0,390";"0,231";"0,963";"0,000";"0,000";"0,000";
"01/09/2024 00:40";"0,377";"0,000";"0,438";"0,000";"0,227";"0,000";"1,042";"0,000";"0,000";"0,000";"0,000";"0,169";"0,377";"0,438";"0,227";"1,042";"0,000";"0,000";"0,000";
"01/09/2024 00:50";"0,400";"0,000";"0,457";"0,000";"0,281";"0,000";"1,137";"0,000";"0,008";"0,000";"0,000";"0,185";"0,400";"0,457";"0,281";"1,137";"0,000";"0,000";"0,000";
"01/09/2024 01:00";"0,341";"0,000";"0,395";"0,000";"0,228";"0,000";"0,964";"0,000";"0,000";"0,000";"0,000";"0,170";"0,341";"0,395";"0,228";"0,964";"0,000";"0,000";"0,000";
"01/09/2024 01:10";"0,340";"0,000";"0,412";"0,000";"0,227";"0,000";"0,979";"0,000";"0,000";"0,000";"0,000";"0,198";"0,340";"0,412";"0,227";"0,979";"0,000";"0,000";"0,000";
"01/09/2024 01:20";"0,439";"0,000";"0,487";"0,000";"0,290";"0,000";"1,216";"0,000";"0,008";"0,000";"0,000";"0,156";"0,439";"0,487";"0,290";"1,216";"0,000";"0,000";"0,000";
"01/09/2024 01:30";"0,337";"0,000";"0,406";"0,000";"0,228";"0,000";"0,972";"0,000";"0,000";"0,000";"0,000";"0,184";"0,337";"0,406";"0,228";"0,972";"0,000";"0,000";"0,000";
"01/09/2024 01:40";"0,340";"0,000";"0,390";"0,000";"0,228";"0,000";"0,959";"0,000";"0,000";"0,000";"0,000";"0,195";"0,340";"0,390";"0,228";"0,959";"0,000";"0,000";"0,000";
"01/09/2024 01:50";"0,399";"0,000";"0,463";"0,000";"0,280";"0,000";"1,142";"0,000";"0,000";"0,000";"0,000";"0,130";"0,399";"0,463";"0,280";"1,142";"0,000";"0,000";"0,000";
"01/09/2024 02:00";"0,371";"0,000";"0,396";"0,000";"0,228";"0,000";"0,995";"0,000";"0,000";"0,000";"0,000";"0,190";"0,371";"0,396";"0,228";"0,995";"0,000";"0,000";"0,000";
"01/09/2024 02:10";"0,359";"0,000";"0,420";"0,000";"0,231";"0,000";"1,010";"0,000";"0,000";"0,000";"0,000";"0,176";"0,359";"0,420";"0,231";"1,010";"0,000";"0,000";"0,000";
"01/09/2024 02:20";"0,407";"0,000";"0,482";"0,000";"0,286";"0,000";"1,175";"0,000";"0,001";"0,000";"0,000";"0,162";"0,407";"0,482";"0,286";"1,175";"0,000";"0,000";"0,000";
"01/09/2024 02:30";"0,343";"0,000";"0,397";"0,000";"0,228";"0,000";"0,968";"0,000";"0,000";"0,000";"0,000";"0,183";"0,343";"0,397";"0,228";"0,968";"0,000";"0,000";"0,000";
"01/09/2024 02:40";"0,343";"0,000";"0,387";"0,000";"0,228";"0,000";"0,958";"0,000";"0,000";"0,000";"0,000";"0,184";"0,343";"0,387";"0,228";"0,958";"0,000";"0,000";"0,000";
"01/09/2024 02:50";"0,422";"0,000";"0,496";"0,000";"0,282";"0,000";"1,200";"0,000";"0,000";"0,000";"0,000";"0,133";"0,422";"0,496";"0,282";"1,200";"0,000";"0,000";"0,000";
"01/09/2024 03:00";"0,360";"0,000";"0,415";"0,000";"0,232";"0,000";"1,007";"0,000";"0,000";"0,000";"0,000";"0,182";"0,360";"0,415";"0,232";"1,007";"0,000";"0,000";"0,000";
"01/09/2024 03:10";"0,365";"0,000";"0,429";"0,000";"0,255";"0,000";"1,049";"0,000";"0,000";"0,000";"0,000";"0,158";"0,365";"0,429";"0,255";"1,049";"0,000";"0,000";"0,000";
"01/09/2024 03:20";"0,366";"0,000";"0,420";"0,000";"0,256";"0,000";"1,042";"0,000";"0,000";"0,000";"0,000";"0,161";"0,366";"0,420";"0,256";"1,042";"0,000";"0,000";"0,000";
"01/09/2024 03:30";"0,379";"0,000";"0,408";"0,000";"0,229";"0,000";"1,016";"0,000";"0,000";"0,000";"0,000";"0,188";"0,379";"0,408";"0,229";"1,016";"0,000";"0,000";"0,000";
"01/09/2024 03:40";"0,346";"0,000";"0,440";"0,000";"0,235";"0,000";"1,021";"0,000";"0,000";"0,000";"0,000";"0,168";"0,346";"0,440";"0,235";"1,021";"0,000";"0,000";"0,000";
"01/09/2024 03:50";"0,387";"0,000";"0,459";"0,000";"0,280";"0,000";"1,126";"0,000";"0,000";"0,000";"0,000";"0,148";"0,387";"0,459";"0,280";"1,126";"0,000";"0,000";"0,000";
"01/09/2024 04:00";"0,340";"0,000";"0,393";"0,000";"0,228";"0,000";"0,960";"0,000";"0,000";"0,000";"0,000";"0,178";"0,340";"0,393";"0,228";"0,960";"0,000";"0,000";"0,000";
"01/09/2024 04:10";"0,385";"0,000";"0,440";"0,000";"0,244";"0,000";"1,069";"0,000";"0,000";"0,000";"0,000";"0,177";"0,385";"0,440";"0,244";"1,069";"0,000";"0,000";"0,000";
"01/09/2024 04:20";"0,381";"0,000";"0,455";"0,000";"0,264";"0,000";"1,101";"0,000";"0,000";"0,000";"0,000";"0,167";"0,381";"0,455";"0,264";"1,101";"0,000";"0,000";"0,000";
"01/09/2024 04:30";"0,342";"0,000";"0,401";"0,000";"0,228";"0,000";"0,971";"0,000";"0,000";"0,000";"0,000";"0,188";"0,342";"0,401";"0,228";"0,971";"0,000";"0,000";"0,000";
"01/09/2024 04:40";"0,369";"0,000";"0,412";"0,000";"0,255";"0,000";"1,036";"0,000";"0,000";"0,000";"0,000";"0,164";"0,369";"0,412";"0,255";"1,036";"0,000";"0,000";"0,000";
"01/09/2024 04:50";"0,411";"0,000";"0,456";"0,000";"0,260";"0,000";"1,127";"0,000";"0,000";"0,000";"0,000";"0,173";"0,411";"0,456";"0,260";"1,127";"0,000";"0,000";"0,000";
"01/09/2024 05:00";"0,349";"0,000";"0,406";"0,000";"0,227";"0,000";"0,982";"0,000";"0,000";"0,000";"0,000";"0,199";"0,349";"0,406";"0,227";"0,982";"0,000";"0,000";"0,000";
"01/09/2024 05:10";"0,352";"0,000";"0,439";"0,000";"0,239";"0,000";"1,030";"0,000";"0,000";"0,000";"0,000";"0,158";"0,352";"0,439";"0,239";"1,030";"0,000";"0,000";"0,000";
"01/09/2024 05:20";"0,393";"0,000";"0,422";"0,000";"0,271";"0,000";"1,086";"0,000";"0,000";"0,000";"0,000";"0,188";"0,393";"0,422";"0,271";"1,086";"0,000";"0,000";"0,000";
"01/09/2024 05:30";"0,371";"0,000";"0,412";"0,000";"0,231";"0,000";"1,014";"0,000";"0,000";"0,000";"0,000";"0,171";"0,371";"0,412";"0,231";"1,014";"0,000";"0,000";"0,000";
"01/09/2024 05:40";"0,356";"0,000";"0,415";"0,000";"0,230";"0,000";"1,001";"0,000";"0,000";"0,000";"0,000";"0,194";"0,356";"0,415";"0,230";"1,001";"0,000";"0,000";"0,000";
"01/09/2024 05:50";"0,396";"0,000";"0,480";"0,000";"0,280";"0,000";"1,156";"0,000";"0,005";"0,000";"0,000";"0,146";"0,396";"0,480";"0,280";"1,156";"0,000";"0,000";"0,000";
"01/09/2024 06:00";"0,396";"0,000";"0,454";"0,000";"0,276";"0,000";"1,126";"0,000";"0,007";"0,000";"0,000";"0,145";"0,396";"0,454";"0,276";"1,126";"0,000";"0,000";"0,000";
"01/09/2024 06:10";"0,346";"0,000";"0,375";"0,000";"0,228";"0,000";"0,948";"0,000";"0,000";"0,000";"0,000";"0,207";"0,346";"0,375";"0,228";"0,948";"0,000";"0,000";"0,000";
"01/09/2024 06:20";"0,374";"0,000";"0,422";"0,000";"0,230";"0,000";"1,026";"0,000";"0,000";"0,000";"0,000";"0,167";"0,374";"0,422";"0,230";"1,026";"0,000";"0,000";"0,000";
"01/09/2024 06:30";"0,421";"0,000";"0,474";"0,000";"0,285";"0,000";"1,181";"0,000";"0,000";"0,000";"0,000";"0,167";"0,421";"0,474";"0,285";"1,181";"0,000";"0,000";"0,000";
"01/09/2024 06:40";"0,360";"0,000";"0,419";"0,000";"0,228";"0,000";"1,007";"0,000";"0,000";"0,000";"0,000";"0,178";"0,360";"0,419";"0,228";"1,007";"0,000";"0,000";"0,000";
"01/09/2024 06:50";"0,344";"0,000";"0,396";"0,000";"0,227";"0,000";"0,966";"0,000";"0,000";"0,000";"0,000";"0,183";"0,344";"0,396";"0,227";"0,966";"0,000";"0,000";"0,000";
"01/09/2024 07:00";"0,415";"0,000";"0,450";"0,000";"0,287";"0,000";"1,152";"0,000";"0,005";"0,000";"0,000";"0,179";"0,415";"0,450";"0,287";"1,152";"0,000";"0,000";"0,000";
"01/09/2024 07:10";"0,338";"0,000";"0,424";"0,000";"0,228";"0,000";"0,989";"0,000";"0,000";"0,000";"0,000";"0,176";"0,338";"0,424";"0,228";"0,989";"0,000";"0,000";"0,000";
"01/09/2024 07:20";"0,373";"0,000";"0,394";"0,000";"0,229";"0,000";"0,995";"0,000";"0,000";"0,000";"0,000";"0,207";"0,373";"0,394";"0,229";"0,995";"0,000";"0,000";"0,000";
"01/09/2024 07:30";"0,440";"0,000";"0,531";"0,000";"0,311";"0,000";"1,282";"0,000";"0,000";"0,000";"0,000";"0,162";"0,440";"0,531";"0,311";"1,282";"0,000";"0,000";"0,000";
"01/09/2024 07:40";"0,306";"0,000";"0,334";"0,000";"0,189";"0,000";"0,830";"0,000";"0,000";"0,000";"0,000";"0,186";"0,306";"0,334";"0,189";"0,830";"0,000";"0,000";"0,000";
"01/09/2024 07:50";"0,242";"0,000";"0,281";"0,000";"0,107";"0,000";"0,631";"0,000";"0,000";"0,000";"0,000";"0,097";"0,243";"0,282";"0,108";"0,633";"0,002";"0,000";"0,002";
"01/09/2024 08:00";"0,317";"0,000";"0,335";"0,000";"0,153";"0,000";"0,805";"0,000";"0,004";"0,000";"0,000";"0,083";"0,327";"0,344";"0,163";"0,834";"0,029";"0,000";"0,029";
"01/09/2024 08:10";"0,197";"0,000";"0,244";"0,000";"0,090";"0,000";"0,531";"0,000";"0,000";"0,000";"0,000";"0,093";"0,217";"0,264";"0,110";"0,591";"0,060";"0,000";"0,060";
"01/09/2024 08:20";"0,266";"0,000";"0,308";"0,000";"0,140";"0,000";"0,714";"0,000";"0,014";"0,000";"0,000";"0,074";"0,293";"0,336";"0,167";"0,796";"0,082";"0,000";"0,082";
"01/09/2024 08:30";"0,256";"0,000";"0,239";"0,000";"0,106";"0,000";"0,601";"0,000";"0,000";"0,000";"0,000";"0,102";"0,296";"0,279";"0,147";"0,722";"0,121";"0,000";"0,121";
"01/09/2024 08:40";"0,211";"0,000";"0,237";"0,000";"0,087";"0,000";"0,536";"0,000";"0,001";"0,000";"0,000";"0,087";"0,255";"0,281";"0,131";"0,668";"0,132";"0,000";"0,132";
"01/09/2024 08:50";"0,274";"0,000";"0,325";"0,000";"0,151";"0,000";"0,750";"0,000";"0,021";"0,000";"0,000";"0,062";"0,321";"0,373";"0,198";"0,892";"0,142";"0,000";"0,142";
"01/09/2024 09:00";"0,210";"0,000";"0,243";"0,000";"0,091";"0,000";"0,543";"0,000";"0,000";"0,000";"0,000";"0,093";"0,355";"0,388";"0,236";"0,979";"0,436";"0,000";"0,436";
"01/09/2024 09:10";"0,217";"0,000";"0,233";"0,000";"0,086";"0,000";"0,536";"0,000";"0,001";"0,000";"0,000";"0,087";"0,421";"0,437";"0,290";"1,148";"0,612";"0,000";"0,612";
"01/09/2024 09:20";"0,422";"0,000";"0,298";"0,000";"0,154";"0,000";"0,874";"0,000";"0,033";"0,000";"0,000";"0,072";"0,698";"0,574";"0,429";"1,701";"0,827";"0,000";"0,827";
"01/09/2024 09:30";"0,315";"0,000";"0,267";"0,000";"0,086";"0,000";"0,669";"0,000";"0,019";"0,000";"0,000";"0,060";"0,607";"0,559";"0,378";"1,544";"0,875";"0,000";"0,875";
"01/09/2024 09:40";"0,309";"0,000";"0,240";"0,000";"0,085";"0,000";"0,634";"0,000";"0,007";"0,000";"0,000";"0,080";"0,667";"0,599";"0,444";"1,710";"1,076";"0,000";"1,076";
"01/09/2024 09:50";"0,379";"0,000";"0,296";"0,000";"0,152";"0,000";"0,826";"0,000";"0,025";"0,000";"0,000";"0,046";"1,014";"0,931";"0,787";"2,732";"1,906";"0,000";"1,906";
"01/09/2024 10:00";"0,288";"0,000";"0,224";"0,000";"0,087";"0,000";"0,599";"0,000";"0,000";"0,000";"0,000";"0,071";"1,009";"0,945";"0,808";"2,763";"2,164";"0,000";"2,164";
"01/09/2024 10:10";"0,235";"0,000";"0,251";"0,000";"0,086";"0,000";"0,573";"0,000";"0,000";"0,000";"0,000";"0,087";"1,045";"1,061";"0,896";"3,003";"2,430";"0,000";"2,430";
"01/09/2024 10:20";"0,272";"0,000";"0,319";"0,000";"0,143";"0,000";"0,735";"0,000";"0,013";"0,000";"0,000";"0,056";"1,013";"1,060";"0,884";"2,957";"2,222";"0,000";"2,222";
"01/09/2024 10:30";"0,208";"0,000";"0,233";"0,000";"0,086";"0,000";"0,526";"0,000";"0,000";"0,000";"0,000";"0,095";"1,076";"1,101";"0,955";"3,131";"2,605";"0,000";"2,605";
"01/09/2024 10:40";"0,208";"0,000";"0,226";"0,000";"0,090";"0,000";"0,523";"0,000";"0,000";"0,000";"0,000";"0,081";"1,175";"1,193";"1,057";"3,424";"2,901";"0,000";"2,901";
"01/09/2024 10:50";"0,285";"0,000";"0,322";"0,000";"0,144";"0,000";"0,750";"0,000";"0,012";"0,000";"0,000";"0,060";"0,746";"0,783";"0,605";"2,133";"1,383";"0,000";"1,383";
"01/09/2024 11:00";"0,248";"0,000";"0,263";"0,000";"0,089";"0,000";"0,599";"0,000";"0,003";"0,000";"0,000";"0,075";"1,323";"1,339";"1,164";"3,826";"3,227";"0,000";"3,227";
"01/09/2024 11:10";"0,208";"0,000";"0,207";"0,000";"0,085";"0,000";"0,500";"0,000";"0,001";"0,000";"0,000";"0,110";"1,341";"1,339";"1,218";"3,898";"3,398";"0,000";"3,398";
"01/09/2024 11:20";"0,212";"0,000";"0,252";"0,000";"0,088";"0,000";"0,552";"0,000";"0,007";"0,000";"0,000";"0,076";"1,204";"1,245";"1,080";"3,529";"2,977";"0,000";"2,977";
"01/09/2024 11:30";"0,262";"0,000";"0,306";"0,000";"0,141";"0,000";"0,709";"0,000";"0,010";"0,000";"0,000";"0,076";"1,320";"1,364";"1,199";"3,883";"3,174";"0,000";"3,174";
"01/09/2024 11:40";"0,218";"0,000";"0,247";"0,000";"0,086";"0,000";"0,550";"0,000";"0,000";"0,000";"0,000";"0,088";"0,934";"0,963";"0,802";"2,699";"2,149";"0,000";"2,149";
"01/09/2024 11:50";"0,244";"0,000";"0,242";"0,000";"0,104";"0,000";"0,590";"0,000";"0,007";"0,000";"0,000";"0,073";"0,751";"0,748";"0,610";"2,109";"1,519";"0,000";"1,519";
"01/09/2024 12:00";"0,254";"0,000";"0,285";"0,000";"0,127";"0,000";"0,666";"0,000";"0,018";"0,000";"0,000";"0,083";"0,665";"0,696";"0,537";"1,898";"1,232";"0,000";"1,232";
"01/09/2024 12:10";"0,224";"0,000";"0,227";"0,000";"0,086";"0,000";"0,537";"0,000";"0,009";"0,000";"0,000";"0,103";"0,648";"0,652";"0,510";"1,810";"1,273";"0,000";"1,273";
"01/09/2024 12:20";"0,337";"0,000";"0,354";"0,000";"0,171";"0,000";"0,862";"0,000";"0,012";"0,000";"0,000";"0,057";"0,648";"0,664";"0,481";"1,793";"0,931";"0,000";"0,931";
"01/09/2024 12:30";"0,277";"0,000";"0,268";"0,000";"0,116";"0,000";"0,661";"0,000";"0,000";"0,000";"0,000";"0,115";"0,991";"0,983";"0,830";"2,805";"2,144";"0,000";"2,144";
"01/09/2024 12:40";"0,198";"0,000";"0,223";"0,000";"0,086";"0,000";"0,506";"0,000";"0,001";"0,000";"0,000";"0,095";"1,583";"1,608";"1,472";"4,663";"4,157";"0,000";"4,157";
"01/09/2024 12:50";"0,202";"0,000";"0,223";"0,000";"0,085";"0,000";"0,510";"0,000";"0,002";"0,000";"0,000";"0,089";"1,141";"1,161";"1,023";"3,325";"2,815";"0,000";"2,815";
"01/09/2024 13:00";"0,224";"0,000";"0,242";"0,000";"0,086";"0,000";"0,551";"0,000";"0,002";"0,000";"0,000";"0,086";"1,588";"1,606";"1,450";"4,644";"4,093";"0,000";"4,093";
"01/09/2024 13:10";"0,246";"0,000";"0,268";"0,000";"0,112";"0,000";"0,626";"0,000";"0,022";"0,000";"0,000";"0,093";"1,428";"1,450";"1,294";"4,172";"3,546";"0,000";"3,546";
"01/09/2024 13:20";"0,203";"0,000";"0,253";"0,000";"0,086";"0,000";"0,541";"0,000";"0,000";"0,000";"0,000";"0,085";"1,550";"1,600";"1,433";"4,583";"4,042";"0,000";"4,042";
"01/09/2024 13:30";"0,206";"0,000";"0,227";"0,000";"0,086";"0,000";"0,519";"0,000";"0,000";"0,000";"0,000";"0,083";"1,795";"1,815";"1,674";"5,284";"4,765";"0,000";"4,765";
"01/09/2024 13:40";"0,230";"0,000";"0,225";"0,000";"0,085";"0,000";"0,541";"0,000";"0,001";"0,000";"0,000";"0,088";"1,708";"1,703";"1,563";"4,973";"4,433";"0,000";"4,433";
"01/09/2024 13:50";"0,213";"0,000";"0,245";"0,000";"0,085";"0,000";"0,544";"0,000";"0,002";"0,000";"0,000";"0,091";"1,673";"1,704";"1,545";"4,922";"4,378";"0,000";"4,378";
"01/09/2024 14:00";"0,259";"0,000";"0,303";"0,000";"0,135";"0,000";"0,697";"0,000";"0,012";"0,000";"0,000";"0,070";"0,751";"0,796";"0,627";"2,174";"1,477";"0,000";"1,477";
"01/09/2024 14:10";"0,210";"0,000";"0,231";"0,000";"0,086";"0,000";"0,527";"0,000";"0,001";"0,000";"0,000";"0,093";"1,023";"1,044";"0,899";"2,966";"2,439";"0,000";"2,439";
"01/09/2024 14:20";"0,233";"0,000";"0,233";"0,000";"0,085";"0,000";"0,551";"0,000";"0,001";"0,000";"0,000";"0,073";"1,884";"1,884";"1,736";"5,503";"4,952";"0,000";"4,952";
"01/09/2024 14:30";"0,195";"0,000";"0,225";"0,000";"0,085";"0,000";"0,505";"0,000";"0,000";"0,000";"0,000";"0,094";"1,726";"1,757";"1,616";"5,099";"4,594";"0,000";"4,594";
"01/09/2024 14:40";"0,246";"0,000";"0,306";"0,000";"0,133";"0,000";"0,685";"0,000";"0,011";"0,000";"0,000";"0,053";"1,390";"1,450";"1,277";"4,118";"3,433";"0,000";"3,433";
"01/09/2024 14:50";"0,236";"0,000";"0,230";"0,000";"0,086";"0,000";"0,552";"0,000";"0,003";"0,000";"0,000";"0,104";"1,705";"1,700";"1,556";"4,961";"4,409";"0,000";"4,409";
"01/09/2024 15:00";"0,203";"0,000";"0,256";"0,000";"0,087";"0,000";"0,545";"0,000";"0,006";"0,000";"0,000";"0,070";"1,720";"1,773";"1,604";"5,098";"4,553";"0,000";"4,553";
"01/09/2024 15:10";"0,252";"0,000";"0,261";"0,000";"0,126";"0,000";"0,639";"0,000";"0,013";"0,000";"0,000";"0,068";"1,764";"1,772";"1,638";"5,174";"4,535";"0,000";"4,535";
"01/09/2024 15:20";"0,214";"0,000";"0,253";"0,000";"0,087";"0,000";"0,554";"0,000";"0,000";"0,000";"0,000";"0,071";"1,720";"1,759";"1,593";"5,072";"4,518";"0,000";"4,518";
"01/09/2024 15:30";"0,247";"0,000";"0,238";"0,000";"0,090";"0,000";"0,576";"0,000";"0,002";"0,000";"0,000";"0,089";"1,728";"1,719";"1,571";"5,019";"4,443";"0,000";"4,443";
"01/09/2024 15:40";"0,262";"0,000";"0,310";"0,000";"0,129";"0,000";"0,702";"0,000";"0,008";"0,000";"0,000";"0,042";"1,711";"1,759";"1,578";"5,049";"4,347";"0,000";"4,347";
"01/09/2024 15:50";"0,212";"0,000";"0,226";"0,000";"0,086";"0,000";"0,523";"0,000";"0,002";"0,000";"0,000";"0,081";"1,631";"1,645";"1,505";"4,780";"4,257";"0,000";"4,257";
"01/09/2024 16:00";"0,210";"0,000";"0,228";"0,000";"0,085";"0,000";"0,524";"0,000";"0,001";"0,000";"0,000";"0,096";"1,594";"1,612";"1,469";"4,676";"4,152";"0,000";"4,152";
"01/09/2024 16:10";"0,202";"0,000";"0,266";"0,000";"0,089";"0,000";"0,557";"0,000";"0,001";"0,000";"0,000";"0,068";"1,563";"1,627";"1,449";"4,639";"4,082";"0,000";"4,082";
"01/09/2024 16:20";"0,252";"0,000";"0,289";"0,000";"0,130";"0,000";"0,671";"0,000";"0,034";"0,000";"0,000";"0,099";"1,582";"1,619";"1,460";"4,661";"3,990";"0,000";"3,990";
"01/09/2024 16:30";"0,242";"0,000";"0,220";"0,000";"0,087";"0,000";"0,548";"0,000";"0,002";"0,000";"0,000";"0,079";"1,545";"1,522";"1,389";"4,456";"3,908";"0,000";"3,908";
"01/09/2024 16:40";"0,210";"0,000";"0,239";"0,000";"0,086";"0,000";"0,535";"0,000";"0,000";"0,000";"0,000";"0,082";"1,489";"1,518";"1,364";"4,371";"3,836";"0,000";"3,836";
"01/09/2024 16:50";"0,258";"0,000";"0,304";"0,000";"0,126";"0,000";"0,687";"0,000";"0,009";"0,000";"0,000";"0,054";"1,499";"1,545";"1,367";"4,411";"3,724";"0,000";"3,724";
"01/09/2024 17:00";"0,207";"0,000";"0,243";"0,000";"0,091";"0,000";"0,540";"0,000";"0,003";"0,000";"0,000";"0,080";"1,398";"1,434";"1,282";"4,114";"3,574";"0,000";"3,574";
"01/09/2024 17:10";"0,226";"0,000";"0,240";"0,000";"0,086";"0,000";"0,552";"0,000";"0,000";"0,000";"0,000";"0,082";"1,376";"1,390";"1,236";"4,002";"3,450";"0,000";"3,450";
"01/09/2024 17:20";"0,210";"0,000";"0,228";"0,000";"0,085";"0,000";"0,523";"0,000";"0,002";"0,000";"0,000";"0,072";"1,317";"1,336";"1,193";"3,846";"3,323";"0,000";"3,323";
"01/09/2024 17:30";"0,288";"0,000";"0,282";"0,000";"0,126";"0,000";"0,696";"0,000";"0,023";"0,000";"0,000";"0,079";"1,363";"1,357";"1,201";"3,921";"3,225";"0,000";"3,225";
"01/09/2024 17:40";"0,206";"0,000";"0,237";"0,000";"0,086";"0,000";"0,529";"0,000";"0,002";"0,000";"0,000";"0,086";"1,213";"1,244";"1,093";"3,549";"3,020";"0,000";"3,020";
"01/09/2024 17:50";"0,205";"0,000";"0,234";"0,000";"0,090";"0,000";"0,528";"0,000";"0,002";"0,000";"0,000";"0,088";"1,159";"1,188";"1,044";"3,390";"2,862";"0,000";"2,862";
"01/09/2024 18:00";"0,205";"0,000";"0,244";"0,000";"0,085";"0,000";"0,534";"0,000";"0,000";"0,000";"0,000";"0,085";"1,080";"1,119";"0,960";"3,159";"2,625";"0,000";"2,625";
"01/09/2024 18:10";"0,218";"0,000";"0,248";"0,000";"0,085";"0,000";"0,551";"0,000";"0,001";"0,000";"0,000";"0,081";"1,060";"1,089";"0,927";"3,076";"2,525";"0,000";"2,525";
"01/09/2024 18:20";"0,289";"0,000";"0,256";"0,000";"0,128";"0,000";"0,674";"0,000";"0,008";"0,000";"0,000";"0,070";"1,074";"1,041";"0,913";"3,028";"2,354";"0,000";"2,354";
"01/09/2024 18:30";"0,208";"0,000";"0,255";"0,000";"0,090";"0,000";"0,553";"0,000";"0,008";"0,000";"0,000";"0,073";"0,965";"1,012";"0,847";"2,823";"2,270";"0,000";"2,270";
"01/09/2024 18:40";"0,207";"0,000";"0,245";"0,000";"0,087";"0,000";"0,539";"0,000";"0,005";"0,000";"0,000";"0,081";"0,773";"0,811";"0,652";"2,235";"1,696";"0,000";"1,696";
"01/09/2024 18:50";"0,270";"0,000";"0,290";"0,000";"0,125";"0,000";"0,684";"0,000";"0,010";"0,000";"0,000";"0,069";"0,658";"0,678";"0,513";"1,849";"1,165";"0,000";"1,165";
"01/09/2024 19:00";"0,205";"0,000";"0,265";"0,000";"0,087";"0,000";"0,557";"0,000";"0,001";"0,000";"0,000";"0,068";"0,885";"0,945";"0,767";"2,597";"2,040";"0,000";"2,040";
"01/09/2024 19:10";"0,205";"0,000";"0,213";"0,000";"0,085";"0,000";"0,504";"0,000";"0,001";"0,000";"0,000";"0,095";"0,708";"0,716";"0,588";"2,012";"1,508";"0,000";"1,508";
"01/09/2024 19:20";"0,276";"0,000";"0,283";"0,000";"0,125";"0,000";"0,684";"0,000";"0,026";"0,000";"0,000";"0,073";"0,635";"0,641";"0,483";"1,759";"1,075";"0,000";"1,075";
"01/09/2024 19:30";"0,215";"0,000";"0,252";"0,000";"0,089";"0,000";"0,556";"0,000";"0,005";"0,000";"0,000";"0,084";"0,361";"0,397";"0,234";"0,992";"0,436";"0,000";"0,436";
"01/09/2024 19:40";"0,238";"0,000";"0,268";"0,000";"0,104";"0,000";"0,610";"0,000";"0,011";"0,000";"0,000";"0,079";"0,404";"0,434";"0,270";"1,108";"0,498";"0,000";"0,498";
"01/09/2024 19:50";"0,234";"0,000";"0,278";"0,000";"0,111";"0,000";"0,623";"0,000";"0,012";"0,000";"0,000";"0,064";"0,395";"0,440";"0,273";"1,108";"0,485";"0,000";"0,485";
"01/09/2024 20:00";"0,205";"0,000";"0,207";"0,000";"0,233";"0,000";"0,645";"0,000";"0,000";"0,000";"0,000";"0,115";"0,311";"0,313";"0,339";"0,963";"0,318";"0,000";"0,318";
"01/09/2024 20:10";"0,247";"0,000";"0,282";"0,000";"0,274";"0,000";"0,802";"0,000";"0,002";"0,000";"0,000";"0,083";"0,320";"0,355";"0,348";"1,023";"0,221";"0,000";"0,221";
"01/09/2024 20:20";"0,328";"0,000";"0,350";"0,000";"0,346";"0,000";"1,024";"0,000";"0,001";"0,000";"0,000";"0,107";"0,367";"0,389";"0,385";"1,142";"0,118";"0,000";"0,118";
"01/09/2024 20:30";"0,260";"0,000";"0,299";"0,000";"0,280";"0,000";"0,839";"0,000";"0,021";"0,000";"0,000";"0,089";"0,286";"0,325";"0,306";"0,917";"0,078";"0,000";"0,078";
"01/09/2024 20:40";"0,247";"0,000";"0,266";"0,000";"0,135";"0,000";"0,648";"0,000";"0,018";"0,000";"0,000";"0,070";"0,255";"0,273";"0,142";"0,670";"0,022";"0,000";"0,022";
"01/09/2024 20:50";"0,241";"0,000";"0,260";"0,000";"0,110";"0,000";"0,611";"0,000";"0,021";"0,000";"0,000";"0,099";"0,242";"0,260";"0,111";"0,613";"0,002";"0,000";"0,002";
"01/09/2024 21:00";"0,336";"0,000";"0,373";"0,000";"0,177";"0,000";"0,886";"0,000";"0,013";"0,000";"0,000";"0,075";"0,336";"0,373";"0,177";"0,886";"0,000";"0,000";"0,000";
"01/09/2024 21:10";"0,225";"0,000";"0,255";"0,000";"0,090";"0,000";"0,570";"0,000";"0,002";"0,000";"0,000";"0,097";"0,225";"0,255";"0,090";"0,570";"0,000";"0,000";"0,000";
"01/09/2024 21:20";"0,330";"0,000";"0,371";"0,000";"0,210";"0,000";"0,912";"0,000";"0,000";"0,000";"0,000";"0,174";"0,330";"0,371";"0,210";"0,912";"0,000";"0,000";"0,000";
"01/09/2024 21:30";"0,353";"0,000";"0,429";"0,000";"0,237";"0,000";"1,019";"0,000";"0,000";"0,000";"0,000";"0,173";"0,353";"0,429";"0,237";"1,019";"0,000";"0,000";"0,000";
"01/09/2024 21:40";"0,376";"0,000";"0,445";"0,000";"0,262";"0,000";"1,083";"0,000";"0,000";"0,000";"0,000";"0,160";"0,376";"0,445";"0,262";"1,083";"0,000";"0,000";"0,000";
"01/09/2024 21:50";"0,372";"0,000";"0,409";"0,000";"0,226";"0,000";"1,007";"0,000";"0,000";"0,000";"0,000";"0,184";"0,372";"0,409";"0,226";"1,007";"0,000";"0,000";"0,000";
"01/09/2024 22:00";"0,348";"0,000";"0,389";"0,000";"0,226";"0,000";"0,963";"0,000";"0,000";"0,000";"0,000";"0,193";"0,348";"0,389";"0,226";"0,963";"0,000";"0,000";"0,000";
"01/09/2024 22:10";"0,340";"0,000";"0,390";"0,000";"0,225";"0,000";"0,955";"0,000";"0,000";"0,000";"0,000";"0,182";"0,340";"0,390";"0,225";"0,955";"0,000";"0,000";"0,000";
"01/09/2024 22:20";"0,348";"0,000";"0,397";"0,000";"0,225";"0,000";"0,970";"0,000";"0,000";"0,000";"0,000";"0,200";"0,348";"0,397";"0,225";"0,970";"0,000";"0,000";"0,000";
"01/09/2024 22:30";"0,345";"0,000";"0,431";"0,000";"0,229";"0,000";"1,005";"0,000";"0,000";"0,000";"0,000";"0,166";"0,345";"0,431";"0,229";"1,005";"0,000";"0,000";"0,000";
"01/09/2024 22:40";"0,359";"0,000";"0,394";"0,000";"0,225";"0,000";"0,978";"0,000";"0,000";"0,000";"0,000";"0,201";"0,359";"0,394";"0,225";"0,978";"0,000";"0,000";"0,000";
"01/09/2024 22:50";"0,353";"0,000";"0,386";"0,000";"0,226";"0,000";"0,965";"0,000";"0,000";"0,000";"0,000";"0,181";"0,353";"0,386";"0,226";"0,965";"0,000";"0,000";"0,000";
"01/09/2024 23:00";"0,338";"0,000";"0,406";"0,000";"0,226";"0,000";"0,970";"0,000";"0,000";"0,000";"0,000";"0,193";"0,338";"0,406";"0,226";"0,970";"0,000";"0,000";"0,000";
"01/09/2024 23:10";"0,339";"0,000";"0,403";"0,000";"0,226";"0,000";"0,968";"0,000";"0,000";"0,000";"0,000";"0,193";"0,339";"0,403";"0,226";"0,968";"0,000";"0,000";"0,000";
"01/09/2024 23:20";"0,342";"0,000";"0,423";"0,000";"0,230";"0,000";"0,994";"0,000";"0,000";"0,000";"0,000";"0,178";"0,342";"0,423";"0,230";"0,994";"0,000";"0,000";"0,000";
"01/09/2024 23:30";"0,394";"0,000";"0,395";"0,000";"0,226";"0,000";"1,015";"0,000";"0,000";"0,000";"0,000";"0,163";"0,394";"0,395";"0,226";"1,015";"0,000";"0,000";"0,000";
"01/09/2024 23:40";"0,457";"0,000";"0,398";"0,000";"0,226";"0,000";"1,080";"0,000";"0,000";"0,000";"0,000";"0,141";"0,457";"0,398";"0,226";"1,080";"0,000";"0,000";"0,000";
"01/09/2024 23:50";"0,453";"0,000";"0,403";"0,000";"0,226";"0,000";"1,082";"0,000";"0,000";"0,000";"0,000";"0,160";"0,453";"0,403";"0,226";"1,082";"0,000";"0,000";"0,000";
"02/09/2024 00:00";"0,446";"0,000";"0,418";"0,000";"0,226";"0,000";"1,089";"0,000";"0,000";"0,000";"0,000";"0,137";"0,446";"0,418";"0,226";"1,089";"0,000";"0,000";"0,000";
"02/09/2024 00:10";"0,445";"0,000";"0,393";"0,000";"0,230";"0,000";"1,067";"0,000";"0,000";"0,000";"0,000";"0,145";"0,445";"0,393";"0,230";"1,067";"0,000";"0,000";"0,000";
"02/09/2024 00:20";"0,366";"0,000";"0,406";"0,000";"0,226";"0,000";"0,997";"0,000";"0,000";"0,000";"0,000";"0,159";"0,366";"0,406";"0,226";"0,997";"0,000";"0,000";"0,000";
"02/09/2024 00:30";"0,369";"0,000";"0,398";"0,000";"0,226";"0,000";"0,994";"0,000";"0,000";"0,000";"0,000";"0,203";"0,369";"0,398";"0,226";"0,994";"0,000";"0,000";"0,000";
"02/09/2024 00:40";"0,341";"0,000";"0,425";"0,000";"0,227";"0,000";"0,992";"0,000";"0,000";"0,000";"0,000";"0,183";"0,341";"0,425";"0,227";"0,992";"0,000";"0,000";"0,000";
"02/09/2024 00:50";"0,339";"0,000";"0,396";"0,000";"0,227";"0,000";"0,961";"0,000";"0,000";"0,000";"0,000";"0,200";"0,339";"0,396";"0,227";"0,961";"0,000";"0,000";"0,000";
"02/09/2024 01:00";"0,340";"0,000";"0,384";"0,000";"0,231";"0,000";"0,955";"0,000";"0,000";"0,000";"0,000";"0,179";"0,340";"0,384";"0,231";"0,955";"0,000";"0,000";"0,000";
"02/09/2024 01:10";"0,349";"0,000";"0,421";"0,000";"0,226";"0,000";"0,997";"0,000";"0,000";"0,000";"0,000";"0,176";"0,349";"0,421";"0,226";"0,997";"0,000";"0,000";"0,000";
"02/09/2024 01:20";"0,386";"0,000";"0,407";"0,000";"0,227";"0,000";"1,019";"0,000";"0,000";"0,000";"0,000";"0,196";"0,386";"0,407";"0,227";"1,019";"0,000";"0,000";"0,000";
"02/09/2024 01:30";"0,341";"0,000";"0,411";"0,000";"0,226";"0,000";"0,978";"0,000";"0,000";"0,000";"0,000";"0,188";"0,341";"0,411";"0,226";"0,978";"0,000";"0,000";"0,000";
"02/09/2024 01:40";"0,339";"0,000";"0,382";"0,000";"0,227";"0,000";"0,948";"0,000";"0,000";"0,000";"0,000";"0,186";"0,339";"0,382";"0,227";"0,948";"0,000";"0,000";"0,000";
"02/09/2024 01:50";"0,345";"0,000";"0,428";"0,000";"0,230";"0,000";"1,003";"0,000";"0,000";"0,000";"0,000";"0,167";"0,345";"0,428";"0,230";"1,003";"0,000";"0,000";"0,000";
"02/09/2024 02:00";"0,338";"0,000";"0,390";"0,000";"0,227";"0,000";"0,956";"0,000";"0,000";"0,000";"0,000";"0,209";"0,338";"0,390";"0,227";"0,956";"0,000";"0,000";"0,000";
"02/09/2024 02:10";"0,353";"0,000";"0,426";"0,000";"0,227";"0,000";"1,006";"0,000";"0,000";"0,000";"0,000";"0,172";"0,353";"0,426";"0,227";"1,006";"0,000";"0,000";"0,000";
"02/09/2024 02:20";"0,368";"0,000";"0,396";"0,000";"0,228";"0,000";"0,992";"0,000";"0,000";"0,000";"0,000";"0,193";"0,368";"0,396";"0,228";"0,992";"0,000";"0,000";"0,000";
"02/09/2024 02:30";"0,345";"0,000";"0,391";"0,000";"0,230";"0,000";"0,967";"0,000";"0,000";"0,000";"0,000";"0,178";"0,345";"0,391";"0,230";"0,967";"0,000";"0,000";"0,000";
"02/09/2024 02:40";"0,346";"0,000";"0,394";"0,000";"0,229";"0,000";"0,968";"0,000";"0,000";"0,000";"0,000";"0,199";"0,346";"0,394";"0,229";"0,968";"0,000";"0,000";"0,000";
"02/09/2024 02:50";"0,344";"0,000";"0,427";"0,000";"0,228";"0,000";"0,999";"0,000";"0,000";"0,000";"0,000";"0,165";"0,344";"0,427";"0,228";"0,999";"0,000";"0,000";"0,000";
"02/09/2024 03:00";"0,354";"0,000";"0,394";"0,000";"0,228";"0,000";"0,976";"0,000";"0,000";"0,000";"0,000";"0,208";"0,354";"0,394";"0,228";"0,976";"0,000";"0,000";"0,000";
"02/09/2024 03:10";"0,362";"0,000";"0,427";"0,000";"0,228";"0,000";"1,016";"0,000";"0,000";"0,000";"0,000";"0,174";"0,362";"0,427";"0,228";"1,016";"0,000";"0,000";"0,000";
"02/09/2024 03:20";"0,342";"0,000";"0,393";"0,000";"0,233";"0,000";"0,969";"0,000";"0,000";"0,000";"0,000";"0,197";"0,342";"0,393";"0,233";"0,969";"0,000";"0,000";"0,000";
"02/09/2024 03:30";"0,343";"0,000";"0,390";"0,000";"0,228";"0,000";"0,962";"0,000";"0,000";"0,000";"0,000";"0,190";"0,343";"0,390";"0,228";"0,962";"0,000";"0,000";"0,000";
"02/09/2024 03:40";"0,342";"0,000";"0,399";"0,000";"0,228";"0,000";"0,968";"0,000";"0,000";"0,000";"0,000";"0,192";"0,342";"0,399";"0,228";"0,968";"0,000";"0,000";"0,000";
"02/09/2024 03:50";"0,353";"0,000";"0,409";"0,000";"0,228";"0,000";"0,990";"0,000";"0,000";"0,000";"0,000";"0,189";"0,353";"0,409";"0,228";"0,990";"0,000";"0,000";"0,000";
"02/09/2024 04:00";"0,473";"0,000";"0,509";"0,000";"0,315";"0,000";"1,296";"0,000";"0,000";"0,000";"0,000";"0,121";"0,473";"0,509";"0,315";"1,296";"0,000";"0,000";"0,000";
"02/09/2024 04:10";"0,475";"0,000";"0,527";"0,000";"0,343";"0,000";"1,346";"0,000";"0,000";"0,000";"0,000";"0,088";"0,475";"0,527";"0,343";"1,346";"0,000";"0,000";"0,000";
"02/09/2024 04:20";"0,348";"0,000";"0,412";"0,000";"0,231";"0,000";"0,991";"0,000";"0,000";"0,000";"0,000";"0,187";"0,348";"0,412";"0,231";"0,991";"0,000";"0,000";"0,000";
"02/09/2024 04:30";"0,345";"0,000";"0,393";"0,000";"0,228";"0,000";"0,966";"0,000";"0,000";"0,000";"0,000";"0,188";"0,345";"0,393";"0,228";"0,966";"0,000";"0,000";"0,000";
"02/09/2024 04:40";"0,343";"0,000";"0,405";"0,000";"0,228";"0,000";"0,976";"0,000";"0,000";"0,000";"0,000";"0,186";"0,343";"0,405";"0,228";"0,976";"0,000";"0,000";"0,000";
"02/09/2024 04:50";"0,435";"0,000";"0,470";"0,000";"0,283";"0,000";"1,188";"0,000";"0,009";"0,000";"0,000";"0,154";"0,435";"0,470";"0,283";"1,188";"0,000";"0,000";"0,000";
"02/09/2024 05:00";"0,341";"0,000";"0,419";"0,000";"0,229";"0,000";"0,989";"0,000";"0,000";"0,000";"0,000";"0,192";"0,341";"0,419";"0,229";"0,989";"0,000";"0,000";"0,000";
"02/09/2024 05:10";"0,362";"0,000";"0,427";"0,000";"0,247";"0,000";"1,035";"0,000";"0,000";"0,000";"0,000";"0,181";"0,362";"0,427";"0,247";"1,035";"0,000";"0,000";"0,000";
"02/09/2024 05:20";"0,461";"0,000";"0,514";"0,000";"0,310";"0,000";"1,285";"0,000";"0,012";"0,000";"0,000";"0,129";"0,461";"0,514";"0,310";"1,285";"0,000";"0,000";"0,000";
"02/09/2024 05:30";"1,708";"0,000";"1,563";"0,000";"1,346";"0,000";"4,617";"0,000";"0,065";"0,000";"0,000";"0,272";"1,708";"1,563";"1,346";"4,617";"0,000";"0,000";"0,000";
"02/09/2024 05:40";"1,857";"0,000";"1,463";"0,000";"1,296";"0,000";"4,616";"0,000";"0,001";"0,000";"0,000";"0,098";"1,857";"1,463";"1,296";"4,616";"0,000";"0,000";"0,000";
"02/09/2024 05:50";"1,954";"0,000";"1,684";"0,000";"1,501";"0,000";"5,139";"0,000";"0,058";"0,000";"0,000";"0,118";"1,954";"1,684";"1,501";"5,139";"0,000";"0,000";"0,000";
"02/09/2024 06:00";"2,975";"0,000";"2,621";"0,000";"2,628";"0,000";"8,224";"0,000";"0,330";"0,000";"0,000";"0,207";"2,975";"2,621";"2,628";"8,224";"0,000";"0,000";"0,000";
"02/09/2024 06:10";"2,903";"0,000";"2,567";"0,000";"2,486";"0,000";"7,956";"0,000";"0,636";"0,000";"0,000";"0,308";"2,903";"2,567";"2,486";"7,956";"0,000";"0,000";"0,000";
"02/09/2024 06:20";"2,478";"0,000";"2,130";"0,000";"2,116";"0,000";"6,723";"0,000";"0,517";"0,000";"0,000";"0,240";"2,478";"2,130";"2,116";"6,723";"0,000";"0,000";"0,000";
"02/09/2024 06:30";"2,918";"0,000";"2,300";"0,000";"2,447";"0,000";"7,665";"0,000";"1,612";"0,000";"0,000";"0,494";"2,918";"2,300";"2,447";"7,665";"0,000";"0,000";"0,000";
"02/09/2024 06:40";"3,739";"0,000";"3,327";"0,000";"3,411";"0,000";"10,477";"0,000";"1,338";"0,000";"0,000";"0,262";"3,739";"3,327";"3,411";"10,477";"0,000";"0,000";"0,000";
"02/09/2024 06:50";"4,531";"0,000";"4,111";"0,000";"4,219";"0,000";"12,862";"0,000";"0,944";"0,000";"0,000";"0,317";"4,531";"4,111";"4,219";"12,862";"0,000";"0,000";"0,000";
"02/09/2024 07:00";"3,980";"0,000";"3,402";"0,000";"3,634";"0,000";"11,016";"0,000";"0,708";"0,000";"0,000";"0,495";"3,980";"3,402";"3,634";"11,015";"0,000";"0,000";"0,000";
"02/09/2024 07:10";"3,298";"0,000";"2,853";"0,000";"2,991";"0,000";"9,143";"0,000";"0,880";"0,000";"0,000";"0,846";"3,298";"2,853";"2,991";"9,143";"0,000";"0,000";"0,000";
"02/09/2024 07:20";"3,495";"0,000";"3,029";"0,000";"3,282";"0,000";"9,807";"0,000";"0,808";"0,000";"0,000";"0,386";"3,495";"3,029";"3,282";"9,807";"0,000";"0,000";"0,000";
"02/09/2024 07:30";"4,512";"0,000";"3,623";"0,000";"3,855";"0,000";"11,990";"0,000";"0,819";"0,000";"0,000";"0,430";"4,512";"3,623";"3,855";"11,990";"0,000";"0,000";"0,000";
"02/09/2024 07:40";"3,912";"0,000";"3,139";"0,000";"3,247";"0,000";"10,298";"0,000";"0,517";"0,000";"0,000";"0,276";"3,912";"3,139";"3,247";"10,298";"0,000";"0,000";"0,000";
"02/09/2024 07:50";"2,528";"0,000";"1,959";"0,000";"1,974";"0,000";"6,461";"0,000";"0,427";"0,000";"0,000";"0,294";"2,528";"1,959";"1,974";"6,461";"0,000";"0,000";"0,000";
"02/09/2024 08:00";"2,191";"0,000";"1,898";"0,000";"2,002";"0,000";"6,091";"0,000";"0,639";"0,000";"0,000";"0,312";"2,191";"1,898";"2,002";"6,091";"0,000";"0,000";"0,000";
"02/09/2024 08:10";"5,279";"0,000";"4,836";"0,000";"5,311";"0,000";"15,425";"0,000";"0,679";"0,000";"0,000";"0,351";"5,280";"4,836";"5,312";"15,427";"0,002";"0,000";"0,002";
"02/09/2024 08:20";"5,992";"0,000";"5,220";"0,000";"5,480";"0,000";"16,692";"0,000";"0,988";"0,000";"0,000";"0,342";"5,999";"5,228";"5,488";"16,715";"0,023";"0,000";"0,023";
"02/09/2024 08:30";"5,944";"0,000";"5,104";"0,000";"5,375";"0,000";"16,423";"0,000";"0,505";"0,000";"0,000";"0,555";"5,966";"5,125";"5,397";"16,488";"0,065";"0,000";"0,065";
"02/09/2024 08:40";"3,378";"0,000";"3,182";"0,000";"3,228";"0,000";"9,788";"0,000";"0,560";"0,000";"0,000";"0,556";"3,424";"3,229";"3,274";"9,927";"0,139";"0,000";"0,139";
"02/09/2024 08:50";"4,487";"0,000";"4,035";"0,000";"4,257";"0,000";"12,779";"0,000";"1,113";"0,000";"0,000";"0,491";"4,551";"4,099";"4,321";"12,971";"0,192";"0,000";"0,192";
"02/09/2024 09:00";"3,244";"0,000";"3,097";"0,000";"3,352";"0,000";"9,692";"0,000";"0,881";"0,000";"0,000";"0,285";"3,373";"3,226";"3,481";"10,080";"0,388";"0,000";"0,388";
"02/09/2024 09:10";"3,137";"0,000";"2,592";"0,000";"2,944";"0,000";"8,673";"0,000";"1,235";"0,000";"0,000";"0,123";"3,263";"2,718";"3,069";"9,049";"0,376";"0,000";"0,376";
"02/09/2024 09:20";"4,237";"0,000";"3,226";"0,000";"3,499";"0,000";"10,962";"0,000";"0,861";"0,000";"0,000";"0,523";"4,462";"3,451";"3,725";"11,639";"0,677";"0,000";"0,677";
"02/09/2024 09:30";"4,968";"0,000";"4,494";"0,000";"4,584";"0,000";"14,047";"0,000";"1,225";"0,000";"0,000";"0,274";"5,152";"4,679";"4,769";"14,600";"0,553";"0,000";"0,553";
"02/09/2024 09:40";"5,353";"0,000";"4,866";"0,000";"5,024";"0,000";"15,243";"0,000";"1,162";"0,000";"0,000";"0,381";"5,519";"5,033";"5,190";"15,742";"0,499";"0,000";"0,499";
"02/09/2024 09:50";"4,164";"0,000";"3,451";"0,000";"4,194";"0,000";"11,809";"0,000";"0,630";"0,000";"0,000";"0,644";"4,324";"3,611";"4,355";"12,290";"0,481";"0,000";"0,481";
"02/09/2024 10:00";"1,917";"0,000";"1,845";"0,000";"2,328";"0,000";"6,089";"0,000";"0,719";"0,000";"0,000";"0,139";"2,169";"2,098";"2,580";"6,847";"0,758";"0,000";"0,758";
"02/09/2024 10:10";"1,786";"0,000";"1,732";"0,000";"2,252";"0,000";"5,771";"0,000";"0,512";"0,000";"0,000";"0,000";"1,965";"1,911";"2,431";"6,307";"0,536";"0,000";"0,536";
"02/09/2024 10:20";"2,409";"0,000";"2,118";"0,000";"2,639";"0,000";"7,166";"0,000";"0,923";"0,000";"0,000";"0,120";"2,613";"2,322";"2,843";"7,778";"0,612";"0,000";"0,612";
"02/09/2024 10:30";"4,663";"0,000";"4,007";"0,000";"4,547";"0,000";"13,216";"0,000";"1,541";"0,000";"0,000";"0,351";"4,867";"4,211";"4,751";"13,828";"0,612";"0,000";"0,612";
"02/09/2024 10:40";"5,443";"0,000";"4,728";"0,000";"5,269";"0,000";"15,440";"0,000";"1,079";"0,000";"0,000";"0,298";"5,789";"5,074";"5,615";"16,478";"1,038";"0,000";"1,038";
"02/09/2024 10:50";"6,476";"0,000";"5,988";"0,000";"6,655";"0,000";"19,119";"0,000";"4,662";"0,000";"0,000";"0,004";"7,005";"6,517";"7,184";"20,706";"1,587";"0,000";"1,587";
"02/09/2024 11:00";"6,134";"0,000";"5,681";"0,000";"6,450";"0,000";"18,266";"0,000";"3,614";"0,000";"0,000";"0,024";"6,686";"6,233";"7,002";"19,922";"1,656";"0,000";"1,656";
"02/09/2024 11:10";"4,706";"0,000";"4,187";"0,000";"4,830";"0,000";"13,722";"0,000";"2,030";"0,000";"0,000";"0,401";"5,085";"4,567";"5,209";"14,861";"1,139";"0,000";"1,139";
"02/09/2024 11:20";"4,135";"0,000";"4,663";"0,000";"4,347";"0,000";"13,145";"0,000";"1,260";"0,000";"0,000";"0,354";"4,492";"5,020";"4,704";"14,216";"1,071";"0,000";"1,071";
"02/09/2024 11:30";"4,422";"0,000";"4,955";"0,000";"4,681";"0,000";"14,058";"0,000";"0,923";"0,000";"0,000";"0,202";"4,840";"5,373";"5,099";"15,312";"1,254";"0,000";"1,254";
"02/09/2024 11:40";"3,640";"0,000";"4,014";"0,000";"3,687";"0,000";"11,342";"0,000";"0,764";"0,000";"0,000";"0,330";"4,005";"4,378";"4,052";"12,435";"1,093";"0,000";"1,093";
"02/09/2024 11:50";"2,990";"0,000";"3,633";"0,000";"2,924";"0,000";"9,547";"0,000";"0,550";"0,000";"0,000";"0,452";"3,552";"4,194";"3,486";"11,232";"1,685";"0,000";"1,685";
"02/09/2024 12:00";"2,909";"0,000";"3,793";"0,000";"3,089";"0,000";"9,791";"0,000";"1,089";"0,000";"0,000";"0,284";"3,578";"4,462";"3,758";"11,799";"2,008";"0,000";"2,008";
"02/09/2024 12:10";"3,179";"0,000";"4,067";"0,000";"3,343";"0,000";"10,588";"0,000";"0,996";"0,000";"0,000";"0,243";"3,882";"4,769";"4,045";"12,696";"2,108";"0,000";"2,108";
"02/09/2024 12:20";"2,803";"0,000";"3,592";"0,000";"2,941";"0,000";"9,336";"0,000";"0,741";"0,000";"0,000";"0,377";"3,645";"4,434";"3,783";"11,862";"2,526";"0,000";"2,526";
"02/09/2024 12:30";"2,715";"0,000";"3,307";"0,000";"2,840";"0,000";"8,863";"0,000";"0,630";"0,000";"0,000";"0,245";"3,542";"4,134";"3,667";"11,343";"2,480";"0,000";"2,480";
"02/09/2024 12:40";"2,871";"0,000";"3,494";"0,000";"3,080";"0,000";"9,445";"0,000";"0,878";"0,000";"0,000";"0,319";"3,525";"4,149";"3,735";"11,408";"1,963";"0,000";"1,963";
"02/09/2024 12:50";"2,616";"0,000";"3,059";"0,000";"2,957";"0,000";"8,631";"0,000";"0,503";"0,000";"0,000";"0,315";"3,150";"3,593";"3,491";"10,234";"1,603";"0,000";"1,603";
"02/09/2024 13:00";"3,115";"0,000";"3,325";"0,000";"3,435";"0,000";"9,874";"0,000";"1,128";"0,000";"0,000";"0,247";"4,001";"4,211";"4,321";"12,532";"2,658";"0,000";"2,658";
"02/09/2024 13:10";"2,436";"0,000";"2,671";"0,000";"3,138";"0,000";"8,245";"0,000";"1,034";"0,000";"0,000";"0,290";"3,551";"3,787";"4,254";"11,592";"3,347";"0,000";"3,347";
"02/09/2024 13:20";"2,162";"0,000";"2,244";"0,000";"2,719";"0,000";"7,124";"0,000";"0,441";"0,000";"0,000";"0,192";"3,646";"3,728";"4,204";"11,578";"4,454";"0,000";"4,454";
"02/09/2024 13:30";"2,474";"0,000";"2,276";"0,000";"2,882";"0,000";"7,632";"0,000";"0,739";"0,000";"0,000";"0,243";"4,045";"3,848";"4,454";"12,346";"4,714";"0,000";"4,714";
"02/09/2024 13:40";"1,771";"0,000";"1,495";"0,000";"1,764";"0,000";"5,030";"0,000";"0,130";"0,000";"0,000";"0,282";"2,678";"2,402";"2,672";"7,753";"2,723";"0,000";"2,723";
"02/09/2024 13:50";"1,704";"0,000";"1,229";"0,000";"1,441";"0,000";"4,374";"0,000";"0,011";"0,000";"0,000";"0,159";"2,939";"2,464";"2,675";"8,078";"3,704";"0,000";"3,704";
"02/09/2024 14:00";"1,105";"0,000";"0,595";"0,000";"0,933";"0,000";"2,633";"0,000";"0,020";"0,000";"0,000";"0,061";"2,213";"1,703";"2,040";"5,955";"3,322";"0,000";"3,322";
"02/09/2024 14:10";"1,159";"0,000";"0,711";"0,000";"1,116";"0,000";"2,985";"0,000";"0,048";"0,000";"0,000";"0,162";"2,308";"1,860";"2,265";"6,432";"3,447";"0,000";"3,447";
"02/09/2024 14:20";"1,039";"0,000";"0,548";"0,000";"0,417";"0,000";"2,004";"0,000";"0,011";"0,000";"0,000";"0,064";"2,154";"1,663";"1,532";"5,349";"3,345";"0,000";"3,345";
"02/09/2024 14:30";"0,843";"0,000";"0,437";"0,000";"0,171";"0,000";"1,451";"0,000";"0,000";"0,000";"0,000";"0,149";"1,790";"1,384";"1,118";"4,292";"2,841";"0,000";"2,841";
"02/09/2024 14:40";"0,850";"0,000";"0,414";"0,000";"0,154";"0,000";"1,418";"0,000";"0,000";"0,000";"0,000";"0,135";"1,731";"1,294";"1,034";"4,059";"2,641";"0,000";"2,641";
"02/09/2024 14:50";"1,027";"0,000";"0,610";"0,000";"0,339";"0,000";"1,977";"0,000";"0,057";"0,000";"0,000";"0,077";"1,919";"1,502";"1,231";"4,653";"2,676";"0,000";"2,676";
"02/09/2024 15:00";"0,747";"0,000";"0,414";"0,000";"0,178";"0,000";"1,339";"0,000";"0,000";"0,000";"0,000";"0,197";"1,719";"1,385";"1,149";"4,253";"2,914";"0,000";"2,914";
"02/09/2024 15:10";"0,672";"0,000";"0,353";"0,000";"0,130";"0,000";"1,155";"0,000";"0,000";"0,000";"0,000";"0,121";"1,463";"1,144";"0,920";"3,527";"2,372";"0,000";"2,372";
"02/09/2024 15:20";"0,468";"0,000";"0,397";"0,000";"0,180";"0,000";"1,046";"0,000";"0,003";"0,000";"0,000";"0,093";"1,064";"0,992";"0,776";"2,832";"1,786";"0,000";"1,786";
"02/09/2024 15:30";"0,622";"0,000";"0,370";"0,000";"0,139";"0,000";"1,131";"0,000";"0,000";"0,000";"0,000";"0,149";"0,998";"0,747";"0,515";"2,260";"1,129";"0,000";"1,129";
"02/09/2024 15:40";"0,635";"0,000";"0,507";"0,000";"0,318";"0,000";"1,460";"0,000";"0,034";"0,000";"0,000";"0,207";"1,024";"0,896";"0,707";"2,626";"1,166";"0,000";"1,166";
"02/09/2024 15:50";"0,401";"0,000";"0,388";"0,000";"0,191";"0,000";"0,980";"0,000";"0,004";"0,000";"0,000";"0,095";"0,805";"0,792";"0,595";"2,192";"1,212";"0,000";"1,212";
"02/09/2024 16:00";"0,336";"0,000";"0,318";"0,000";"0,150";"0,000";"0,804";"0,000";"0,000";"0,000";"0,000";"0,121";"0,705";"0,687";"0,519";"1,911";"1,107";"0,000";"1,107";
"02/09/2024 16:10";"0,379";"0,000";"0,338";"0,000";"0,121";"0,000";"0,838";"0,000";"0,002";"0,000";"0,000";"0,101";"0,829";"0,788";"0,571";"2,188";"1,350";"0,000";"1,350";
"02/09/2024 16:20";"0,441";"0,000";"0,386";"0,000";"0,158";"0,000";"0,985";"0,000";"0,004";"0,000";"0,000";"0,122";"0,991";"0,936";"0,708";"2,635";"1,650";"0,000";"1,650";
"02/09/2024 16:30";"0,517";"0,000";"0,464";"0,000";"0,300";"0,000";"1,281";"0,000";"0,038";"0,000";"0,000";"0,152";"1,512";"1,459";"1,295";"4,266";"2,985";"0,000";"2,985";
"02/09/2024 16:40";"0,379";"0,000";"0,316";"0,000";"0,108";"0,000";"0,803";"0,000";"0,001";"0,000";"0,000";"0,115";"1,122";"1,060";"0,852";"3,034";"2,231";"0,000";"2,231";
"02/09/2024 16:50";"0,679";"0,000";"0,414";"0,000";"0,173";"0,000";"1,265";"0,000";"0,011";"0,000";"0,000";"0,119";"1,430";"1,165";"0,924";"3,520";"2,255";"0,000";"2,255";
"02/09/2024 17:00";"0,479";"0,000";"0,327";"0,000";"0,106";"0,000";"0,913";"0,000";"0,001";"0,000";"0,000";"0,110";"1,247";"1,095";"0,874";"3,215";"2,302";"0,000";"2,302";
"02/09/2024 17:10";"0,536";"0,000";"0,440";"0,000";"0,257";"0,000";"1,233";"0,000";"0,108";"0,000";"0,000";"0,183";"1,288";"1,191";"1,008";"3,487";"2,254";"0,000";"2,254";
"02/09/2024 17:20";"0,425";"0,000";"0,392";"0,000";"0,160";"0,000";"0,977";"0,000";"0,002";"0,000";"0,000";"0,088";"1,060";"1,027";"0,796";"2,883";"1,906";"0,000";"1,906";
"02/09/2024 17:30";"0,390";"0,000";"0,338";"0,000";"0,111";"0,000";"0,839";"0,000";"0,013";"0,000";"0,000";"0,105";"0,998";"0,946";"0,719";"2,663";"1,824";"0,000";"1,824";
"02/09/2024 17:40";"0,407";"0,000";"0,336";"0,000";"0,106";"0,000";"0,849";"0,000";"0,000";"0,000";"0,000";"0,124";"0,938";"0,868";"0,638";"2,444";"1,595";"0,000";"1,595";
"02/09/2024 17:50";"0,481";"0,000";"0,378";"0,000";"0,169";"0,000";"1,028";"0,000";"0,015";"0,000";"0,000";"0,115";"0,787";"0,685";"0,475";"1,947";"0,919";"0,000";"0,919";
"02/09/2024 18:00";"0,549";"0,000";"0,449";"0,000";"0,300";"0,000";"1,299";"0,000";"0,035";"0,000";"0,000";"0,225";"0,731";"0,631";"0,482";"1,845";"0,546";"0,000";"0,546";
"02/09/2024 18:10";"0,410";"0,000";"0,394";"0,000";"0,148";"0,000";"0,951";"0,000";"0,007";"0,000";"0,000";"0,084";"0,705";"0,689";"0,443";"1,836";"0,885";"0,000";"0,885";
"02/09/2024 18:20";"0,425";"0,000";"0,348";"0,000";"0,141";"0,000";"0,914";"0,000";"0,003";"0,000";"0,000";"0,113";"0,871";"0,794";"0,587";"2,252";"1,338";"0,000";"1,338";
"02/09/2024 18:30";"0,383";"0,000";"0,322";"0,000";"0,113";"0,000";"0,819";"0,000";"0,003";"0,000";"0,000";"0,088";"0,748";"0,687";"0,478";"1,913";"1,094";"0,000";"1,094";
"02/09/2024 18:40";"0,485";"0,000";"0,446";"0,000";"0,305";"0,000";"1,236";"0,000";"0,032";"0,000";"0,000";"0,228";"0,749";"0,711";"0,569";"2,029";"0,793";"0,000";"0,793";
"02/09/2024 18:50";"0,456";"0,000";"0,385";"0,000";"0,181";"0,000";"1,023";"0,000";"0,003";"0,000";"0,000";"0,096";"0,803";"0,732";"0,528";"2,063";"1,040";"0,000";"1,040";
"02/09/2024 19:00";"0,416";"0,000";"0,333";"0,000";"0,110";"0,000";"0,860";"0,000";"0,000";"0,000";"0,000";"0,095";"0,776";"0,693";"0,470";"1,940";"1,080";"0,000";"1,080";
"02/09/2024 19:10";"0,390";"0,000";"0,341";"0,000";"0,127";"0,000";"0,858";"0,000";"0,003";"0,000";"0,000";"0,125";"0,688";"0,639";"0,424";"1,751";"0,893";"0,000";"0,893";
"02/09/2024 19:20";"0,407";"0,000";"0,348";"0,000";"0,151";"0,000";"0,907";"0,000";"0,010";"0,000";"0,000";"0,086";"0,639";"0,580";"0,383";"1,603";"0,696";"0,000";"0,696";
"02/09/2024 19:30";"0,720";"0,000";"0,432";"0,000";"0,264";"0,000";"1,416";"0,000";"0,119";"0,000";"0,000";"0,183";"0,903";"0,614";"0,446";"1,964";"0,548";"0,000";"0,548";
"02/09/2024 19:40";"0,531";"0,000";"0,373";"0,000";"0,162";"0,000";"1,066";"0,000";"0,003";"0,000";"0,000";"0,095";"0,689";"0,531";"0,319";"1,538";"0,472";"0,000";"0,472";
"02/09/2024 19:50";"0,360";"0,000";"0,323";"0,000";"0,109";"0,000";"0,792";"0,000";"0,004";"0,000";"0,000";"0,092";"0,474";"0,436";"0,223";"1,133";"0,341";"0,000";"0,341";
"02/09/2024 20:00";"0,331";"0,000";"0,293";"0,000";"0,103";"0,000";"0,726";"0,000";"0,000";"0,000";"0,000";"0,127";"0,426";"0,387";"0,198";"1,010";"0,284";"0,000";"0,284";
"02/09/2024 20:10";"0,517";"0,000";"0,459";"0,000";"0,290";"0,000";"1,265";"0,000";"0,047";"0,000";"0,000";"0,151";"0,592";"0,534";"0,365";"1,492";"0,227";"0,000";"0,227";
"02/09/2024 20:20";"0,406";"0,000";"0,397";"0,000";"0,191";"0,000";"0,994";"0,000";"0,019";"0,000";"0,000";"0,074";"0,455";"0,447";"0,241";"1,143";"0,149";"0,000";"0,149";
"02/09/2024 20:30";"0,329";"0,000";"0,306";"0,000";"0,104";"0,000";"0,739";"0,000";"0,000";"0,000";"0,000";"0,126";"0,361";"0,338";"0,136";"0,834";"0,095";"0,000";"0,095";
"02/09/2024 20:40";"0,343";"0,000";"0,295";"0,000";"0,103";"0,000";"0,741";"0,000";"0,002";"0,000";"0,000";"0,082";"0,356";"0,308";"0,116";"0,781";"0,040";"0,000";"0,040";
"02/09/2024 20:50";"0,466";"0,000";"0,373";"0,000";"0,181";"0,000";"1,020";"0,000";"0,005";"0,000";"0,000";"0,054";"0,470";"0,377";"0,185";"1,033";"0,013";"0,000";"0,013";
"02/09/2024 21:00";"0,446";"0,000";"0,432";"0,000";"0,250";"0,000";"1,128";"0,000";"0,035";"0,000";"0,000";"0,192";"0,446";"0,432";"0,250";"1,128";"0,000";"0,000";"0,000";
"02/09/2024 21:10";"0,416";"0,000";"0,409";"0,000";"0,203";"0,000";"1,028";"0,000";"0,000";"0,000";"0,000";"0,134";"0,416";"0,409";"0,203";"1,028";"0,000";"0,000";"0,000";
"02/09/2024 21:20";"0,500";"0,000";"0,506";"0,000";"0,279";"0,000";"1,284";"0,000";"0,000";"0,000";"0,000";"0,191";"0,500";"0,506";"0,279";"1,284";"0,000";"0,000";"0,000";
"02/09/2024 21:30";"0,559";"0,000";"0,498";"0,000";"0,290";"0,000";"1,346";"0,000";"0,000";"0,000";"0,000";"0,154";"0,559";"0,498";"0,290";"1,346";"0,000";"0,000";"0,000";
"02/09/2024 21:40";"0,506";"0,000";"0,485";"0,000";"0,266";"0,000";"1,257";"0,000";"0,047";"0,000";"0,000";"0,203";"0,506";"0,485";"0,266";"1,257";"0,000";"0,000";"0,000";
"02/09/2024 21:50";"0,598";"0,000";"0,599";"0,000";"0,372";"0,000";"1,569";"0,000";"0,098";"0,000";"0,000";"0,185";"0,598";"0,599";"0,372";"1,569";"0,000";"0,000";"0,000";
"02/09/2024 22:00";"0,494";"0,000";"0,467";"0,000";"0,243";"0,000";"1,204";"0,000";"0,000";"0,000";"0,000";"0,186";"0,494";"0,467";"0,243";"1,204";"0,000";"0,000";"0,000";
"02/09/2024 22:10";"0,570";"0,000";"0,565";"0,000";"0,333";"0,000";"1,468";"0,000";"0,000";"0,000";"0,000";"0,148";"0,570";"0,565";"0,333";"1,468";"0,000";"0,000";"0,000";
"02/09/2024 22:20";"0,506";"0,000";"0,457";"0,000";"0,244";"0,000";"1,207";"0,000";"0,000";"0,000";"0,000";"0,187";"0,506";"0,457";"0,244";"1,207";"0,000";"0,000";"0,000";
"02/09/2024 22:30";"0,564";"0,000";"0,551";"0,000";"0,328";"0,000";"1,443";"0,000";"0,113";"0,000";"0,000";"0,178";"0,564";"0,551";"0,328";"1,443";"0,000";"0,000";"0,000";
"02/09/2024 22:40";"0,536";"0,000";"0,530";"0,000";"0,317";"0,000";"1,383";"0,000";"0,042";"0,000";"0,000";"0,204";"0,536";"0,530";"0,317";"1,383";"0,000";"0,000";"0,000";
"02/09/2024 22:50";"0,576";"0,000";"0,564";"0,000";"0,318";"0,000";"1,458";"0,000";"0,001";"0,000";"0,000";"0,110";"0,576";"0,564";"0,318";"1,458";"0,000";"0,000";"0,000";
"02/09/2024 23:00";"0,504";"0,000";"0,464";"0,000";"0,245";"0,000";"1,213";"0,000";"0,000";"0,000";"0,000";"0,215";"0,504";"0,464";"0,245";"1,213";"0,000";"0,000";"0,000";
"02/09/2024 23:10";"0,482";"0,000";"0,441";"0,000";"0,248";"0,000";"1,172";"0,000";"0,000";"0,000";"0,000";"0,196";"0,482";"0,441";"0,248";"1,172";"0,000";"0,000";"0,000";
"02/09/2024 23:20";"0,842";"0,000";"0,725";"0,000";"0,519";"0,000";"2,085";"0,000";"0,039";"0,000";"0,000";"0,124";"0,842";"0,725";"0,519";"2,085";"0,000";"0,000";"0,000";
"02/09/2024 23:30";"0,661";"0,000";"0,468";"0,000";"0,246";"0,000";"1,376";"0,000";"0,000";"0,000";"0,000";"0,219";"0,661";"0,468";"0,246";"1,376";"0,000";"0,000";"0,000";
"02/09/2024 23:40";"0,519";"0,000";"0,473";"0,000";"0,244";"0,000";"1,237";"0,000";"0,000";"0,000";"0,000";"0,185";"0,519";"0,473";"0,244";"1,237";"0,000";"0,000";"0,000";
"02/09/2024 23:50";"0,461";"0,000";"0,472";"0,000";"0,245";"0,000";"1,178";"0,000";"0,000";"0,000";"0,000";"0,217";"0,461";"0,472";"0,245";"1,178";"0,000";"0,000";"0,000";
"03/09/2024 00:00";"0,577";"0,000";"0,538";"0,000";"0,331";"0,000";"1,447";"0,000";"0,004";"0,000";"0,000";"0,125";"0,577";"0,538";"0,331";"1,447";"0,000";"0,000";"0,000";
"03/09/2024 00:10";"0,646";"0,000";"0,613";"0,000";"0,405";"0,000";"1,664";"0,000";"0,165";"0,000";"0,000";"0,173";"0,646";"0,613";"0,405";"1,664";"0,000";"0,000";"0,000";
"03/09/2024 00:20";"0,500";"0,000";"0,475";"0,000";"0,244";"0,000";"1,219";"0,000";"0,000";"0,000";"0,000";"0,208";"0,500";"0,475";"0,244";"1,219";"0,000";"0,000";"0,000";
"03/09/2024 00:30";"0,552";"0,000";"0,551";"0,000";"0,305";"0,000";"1,407";"0,000";"0,000";"0,000";"0,000";"0,138";"0,552";"0,551";"0,305";"1,407";"0,000";"0,000";"0,000";
"03/09/2024 00:40";"0,483";"0,000";"0,492";"0,000";"0,270";"0,000";"1,245";"0,000";"0,000";"0,000";"0,000";"0,192";"0,483";"0,492";"0,270";"1,245";"0,000";"0,000";"0,000";
"03/09/2024 00:50";"0,638";"0,000";"0,596";"0,000";"0,401";"0,000";"1,635";"0,000";"0,111";"0,000";"0,000";"0,251";"0,638";"0,596";"0,401";"1,635";"0,000";"0,000";"0,000";
"03/09/2024 01:00";"0,497";"0,000";"0,449";"0,000";"0,245";"0,000";"1,190";"0,000";"0,000";"0,000";"0,000";"0,228";"0,497";"0,449";"0,245";"1,190";"0,000";"0,000";"0,000";
"03/09/2024 01:10";"0,585";"0,000";"0,580";"0,000";"0,339";"0,000";"1,505";"0,000";"0,001";"0,000";"0,000";"0,100";"0,585";"0,580";"0,339";"1,505";"0,000";"0,000";"0,000";
"03/09/2024 01:20";"0,480";"0,000";"0,481";"0,000";"0,246";"0,000";"1,207";"0,000";"0,000";"0,000";"0,000";"0,193";"0,480";"0,481";"0,246";"1,207";"0,000";"0,000";"0,000";
"03/09/2024 01:30";"0,470";"0,000";"0,457";"0,000";"0,245";"0,000";"1,172";"0,000";"0,000";"0,000";"0,000";"0,211";"0,470";"0,457";"0,245";"1,172";"0,000";"0,000";"0,000";
"03/09/2024 01:40";"0,653";"0,000";"0,647";"0,000";"0,474";"0,000";"1,774";"0,000";"0,038";"0,000";"0,000";"0,197";"0,653";"0,647";"0,474";"1,774";"0,000";"0,000";"0,000";
"03/09/2024 01:50";"0,543";"0,000";"0,514";"0,000";"0,308";"0,000";"1,365";"0,000";"0,000";"0,000";"0,000";"0,168";"0,543";"0,514";"0,308";"1,365";"0,000";"0,000";"0,000";
"03/09/2024 02:00";"0,649";"0,000";"0,542";"0,000";"0,304";"0,000";"1,495";"0,000";"0,000";"0,000";"0,000";"0,138";"0,649";"0,542";"0,304";"1,495";"0,000";"0,000";"0,000";
"03/09/2024 02:10";"0,547";"0,000";"0,486";"0,000";"0,248";"0,000";"1,280";"0,000";"0,000";"0,000";"0,000";"0,211";"0,547";"0,486";"0,248";"1,280";"0,000";"0,000";"0,000";
"03/09/2024 02:20";"0,627";"0,000";"0,634";"0,000";"0,439";"0,000";"1,701";"0,000";"0,037";"0,000";"0,000";"0,220";"0,627";"0,634";"0,439";"1,701";"0,000";"0,000";"0,000";
"03/09/2024 02:30";"0,462";"0,000";"0,440";"0,000";"0,242";"0,000";"1,144";"0,000";"0,000";"0,000";"0,000";"0,222";"0,462";"0,440";"0,242";"1,144";"0,000";"0,000";"0,000";
"03/09/2024 02:40";"0,584";"0,000";"0,518";"0,000";"0,291";"0,000";"1,392";"0,000";"0,008";"0,000";"0,000";"0,175";"0,584";"0,518";"0,291";"1,392";"0,000";"0,000";"0,000";
"03/09/2024 02:50";"0,541";"0,000";"0,511";"0,000";"0,286";"0,000";"1,338";"0,000";"0,000";"0,000";"0,000";"0,176";"0,541";"0,511";"0,286";"1,338";"0,000";"0,000";"0,000";
"03/09/2024 03:00";"0,597";"0,000";"0,535";"0,000";"0,307";"0,000";"1,438";"0,000";"0,002";"0,000";"0,000";"0,179";"0,597";"0,535";"0,307";"1,438";"0,000";"0,000";"0,000";
"03/09/2024 03:10";"0,768";"0,000";"0,628";"0,000";"0,439";"0,000";"1,835";"0,000";"0,035";"0,000";"0,000";"0,306";"0,768";"0,628";"0,439";"1,835";"0,000";"0,000";"0,000";
"03/09/2024 03:20";"0,477";"0,000";"0,461";"0,000";"0,243";"0,000";"1,180";"0,000";"0,000";"0,000";"0,000";"0,232";"0,477";"0,461";"0,243";"1,180";"0,000";"0,000";"0,000";
"03/09/2024 03:30";"0,497";"0,000";"0,433";"0,000";"0,242";"0,000";"1,172";"0,000";"0,000";"0,000";"0,000";"0,205";"0,497";"0,433";"0,242";"1,172";"0,000";"0,000";"0,000";
"03/09/2024 03:40";"0,683";"0,000";"0,475";"0,000";"0,243";"0,000";"1,400";"0,000";"0,000";"0,000";"0,000";"0,190";"0,683";"0,475";"0,243";"1,400";"0,000";"0,000";"0,000";
"03/09/2024 03:50";"1,054";"0,000";"0,754";"0,000";"0,524";"0,000";"2,332";"0,000";"0,045";"0,000";"0,000";"0,170";"1,054";"0,754";"0,524";"2,332";"0,000";"0,000";"0,000";
"03/09/2024 04:00";"0,710";"0,000";"0,501";"0,000";"0,284";"0,000";"1,495";"0,000";"0,005";"0,000";"0,000";"0,154";"0,710";"0,501";"0,284";"1,495";"0,000";"0,000";"0,000";
"03/09/2024 04:10";"0,746";"0,000";"0,474";"0,000";"0,266";"0,000";"1,486";"0,000";"0,001";"0,000";"0,000";"0,160";"0,746";"0,474";"0,266";"1,486";"0,000";"0,000";"0,000";
"03/09/2024 04:20";"0,571";"0,000";"0,488";"0,000";"0,245";"0,000";"1,305";"0,000";"0,000";"0,000";"0,000";"0,172";"0,571";"0,488";"0,245";"1,305";"0,000";"0,000";"0,000";
"03/09/2024 04:30";"0,571";"0,000";"0,464";"0,000";"0,243";"0,000";"1,278";"0,000";"0,000";"0,000";"0,000";"0,198";"0,571";"0,464";"0,243";"1,278";"0,000";"0,000";"0,000";
"03/09/2024 04:40";"0,657";"0,000";"0,595";"0,000";"0,439";"0,000";"1,691";"0,000";"0,034";"0,000";"0,000";"0,233";"0,657";"0,595";"0,439";"1,691";"0,000";"0,000";"0,000";
"03/09/2024 04:50";"0,561";"0,000";"0,585";"0,000";"0,333";"0,000";"1,479";"0,000";"0,000";"0,000";"0,000";"0,137";"0,561";"0,585";"0,333";"1,479";"0,000";"0,000";"0,000";
"03/09/2024 05:00";"0,509";"0,000";"0,514";"0,000";"0,264";"0,000";"1,287";"0,000";"0,000";"0,000";"0,000";"0,187";"0,509";"0,514";"0,264";"1,287";"0,000";"0,000";"0,000";
"03/09/2024 05:10";"0,658";"0,000";"0,480";"0,000";"0,286";"0,000";"1,423";"0,000";"0,000";"0,000";"0,000";"0,206";"0,658";"0,480";"0,286";"1,423";"0,000";"0,000";"0,000";
"03/09/2024 05:20";"0,648";"0,000";"0,612";"0,000";"0,404";"0,000";"1,664";"0,000";"0,110";"0,000";"0,000";"0,247";"0,648";"0,612";"0,404";"1,664";"0,000";"0,000";"0,000";
"03/09/2024 05:30";"1,265";"0,000";"1,099";"0,000";"0,757";"0,000";"3,122";"0,000";"0,007";"0,000";"0,000";"0,326";"1,265";"1,099";"0,757";"3,122";"0,000";"0,000";"0,000";
"03/09/2024 05:40";"2,063";"0,000";"1,386";"0,000";"1,625";"0,000";"5,075";"0,000";"0,000";"0,000";"0,000";"0,444";"2,063";"1,386";"1,625";"5,075";"0,000";"0,000";"0,000";
"03/09/2024 05:50";"2,346";"0,000";"1,404";"0,000";"1,673";"0,000";"5,424";"0,000";"0,000";"0,000";"0,000";"0,470";"2,346";"1,404";"1,673";"5,424";"0,000";"0,000";"0,000";
"03/09/2024 06:00";"3,184";"0,000";"2,454";"0,000";"2,984";"0,000";"8,622";"0,000";"0,403";"0,000";"0,000";"0,188";"3,184";"2,454";"2,984";"8,622";"0,000";"0,000";"0,000";
"03/09/2024 06:10";"2,470";"0,000";"2,277";"0,000";"2,663";"0,000";"7,409";"0,000";"0,282";"0,000";"0,000";"0,251";"2,470";"2,277";"2,663";"7,409";"0,000";"0,000";"0,000";
"03/09/2024 06:20";"3,997";"0,000";"3,732";"0,000";"3,717";"0,000";"11,446";"0,000";"0,953";"0,000";"0,000";"0,150";"3,997";"3,732";"3,717";"11,446";"0,000";"0,000";"0,000";
"03/09/2024 06:30";"7,449";"0,000";"6,786";"0,000";"7,172";"0,000";"21,407";"0,000";"1,088";"0,000";"0,000";"0,315";"7,449";"6,786";"7,172";"21,407";"0,000";"0,000";"0,000";
"03/09/2024 06:40";"8,250";"0,000";"7,410";"0,000";"8,236";"0,000";"23,896";"0,000";"1,917";"0,000";"0,000";"0,242";"8,250";"7,410";"8,236";"23,896";"0,000";"0,000";"0,000";
"03/09/2024 06:50";"7,355";"0,000";"6,476";"0,000";"7,009";"0,000";"20,840";"0,000";"0,474";"0,000";"0,000";"0,401";"7,355";"6,476";"7,009";"20,840";"0,000";"0,000";"0,000";
"03/09/2024 07:00";"7,220";"0,000";"6,661";"0,000";"7,094";"0,000";"20,975";"0,000";"2,243";"0,000";"0,000";"0,128";"7,220";"6,661";"7,094";"20,975";"0,000";"0,000";"0,000";
"03/09/2024 07:10";"6,773";"0,000";"6,173";"0,000";"6,725";"0,000";"19,671";"0,000";"0,433";"0,000";"0,000";"0,322";"6,773";"6,173";"6,725";"19,671";"0,000";"0,000";"0,000";
"03/09/2024 07:20";"6,641";"0,000";"5,990";"0,000";"6,410";"0,000";"19,041";"0,000";"0,464";"0,000";"0,000";"0,238";"6,641";"5,990";"6,410";"19,041";"0,000";"0,000";"0,000";
"03/09/2024 07:30";"6,815";"0,000";"5,968";"0,000";"6,318";"0,000";"19,102";"0,000";"0,404";"0,000";"0,000";"0,322";"6,815";"5,968";"6,318";"19,102";"0,000";"0,000";"0,000";
"03/09/2024 07:40";"6,665";"0,000";"5,834";"0,000";"6,373";"0,000";"18,872";"0,000";"0,837";"0,000";"0,000";"0,170";"6,665";"5,834";"6,373";"18,872";"0,000";"0,000";"0,000";
"03/09/2024 07:50";"3,380";"0,000";"2,840";"0,000";"3,281";"0,000";"9,501";"0,000";"0,763";"0,000";"0,000";"0,482";"3,380";"2,840";"3,281";"9,501";"0,000";"0,000";"0,000";
"03/09/2024 08:00";"3,944";"0,000";"3,757";"0,000";"3,983";"0,000";"11,684";"0,000";"0,824";"0,000";"0,000";"0,149";"3,950";"3,763";"3,989";"11,702";"0,018";"0,000";"0,018";
"03/09/2024 08:10";"4,069";"0,000";"3,856";"0,000";"4,387";"0,000";"12,312";"0,000";"0,628";"0,000";"0,000";"0,240";"4,089";"3,875";"4,406";"12,370";"0,058";"0,000";"0,058";
"03/09/2024 08:20";"4,833";"0,000";"4,183";"0,000";"4,654";"0,000";"13,670";"0,000";"0,489";"0,000";"0,000";"0,387";"4,863";"4,213";"4,684";"13,760";"0,090";"0,000";"0,090";
"03/09/2024 08:30";"4,796";"0,000";"3,694";"0,000";"4,249";"0,000";"12,739";"0,000";"0,186";"0,000";"0,000";"0,449";"4,836";"3,734";"4,289";"12,859";"0,120";"0,000";"0,120";
"03/09/2024 08:40";"4,221";"0,000";"3,713";"0,000";"4,351";"0,000";"12,285";"0,000";"0,395";"0,000";"0,000";"0,565";"4,276";"3,769";"4,406";"12,451";"0,166";"0,000";"0,166";
"03/09/2024 08:50";"4,225";"0,000";"3,890";"0,000";"4,420";"0,000";"12,535";"0,000";"0,447";"0,000";"0,000";"0,457";"4,288";"3,953";"4,483";"12,724";"0,189";"0,000";"0,189";
"03/09/2024 09:00";"4,056";"0,000";"3,588";"0,000";"4,064";"0,000";"11,708";"0,000";"0,639";"0,000";"0,000";"0,237";"4,148";"3,679";"4,156";"11,983";"0,275";"0,000";"0,275";
"03/09/2024 09:10";"4,487";"0,000";"3,591";"0,000";"4,214";"0,000";"12,292";"0,000";"0,317";"0,000";"0,000";"0,466";"4,639";"3,742";"4,366";"12,747";"0,455";"0,000";"0,455";
"03/09/2024 09:20";"4,423";"0,000";"3,714";"0,000";"4,011";"0,000";"12,148";"0,000";"1,055";"0,000";"0,000";"0,377";"4,607";"3,897";"4,195";"12,699";"0,551";"0,000";"0,551";
"03/09/2024 09:30";"4,101";"0,000";"3,597";"0,000";"4,051";"0,000";"11,749";"0,000";"0,636";"0,000";"0,000";"0,565";"4,289";"3,786";"4,240";"12,315";"0,566";"0,000";"0,566";
"03/09/2024 09:40";"4,658";"0,000";"4,259";"0,000";"4,848";"0,000";"13,765";"0,000";"0,334";"0,000";"0,000";"0,391";"4,822";"4,422";"5,011";"14,255";"0,490";"0,000";"0,490";
"03/09/2024 09:50";"4,181";"0,000";"3,698";"0,000";"4,182";"0,000";"12,061";"0,000";"0,268";"0,000";"0,000";"0,385";"4,356";"3,874";"4,358";"12,588";"0,527";"0,000";"0,527";
"03/09/2024 10:00";"4,043";"0,000";"3,370";"0,000";"3,536";"0,000";"10,950";"0,000";"1,281";"0,000";"0,000";"0,142";"4,239";"3,566";"3,732";"11,538";"0,588";"0,000";"0,588";
"03/09/2024 10:10";"3,497";"0,000";"3,207";"0,000";"3,455";"0,000";"10,159";"0,000";"0,856";"0,000";"0,000";"0,119";"3,748";"3,458";"3,706";"10,912";"0,753";"0,000";"0,753";
"03/09/2024 10:20";"3,965";"0,000";"3,804";"0,000";"4,319";"0,000";"12,089";"0,000";"0,533";"0,000";"0,000";"0,466";"4,314";"4,153";"4,668";"13,136";"1,047";"0,000";"1,047";
"03/09/2024 10:30";"6,265";"0,000";"5,965";"0,000";"6,430";"0,000";"18,660";"0,000";"1,784";"0,000";"0,000";"0,096";"6,549";"6,249";"6,715";"19,513";"0,853";"0,000";"0,853";
"03/09/2024 10:40";"7,283";"0,000";"6,692";"0,000";"6,968";"0,000";"20,943";"0,000";"5,142";"0,000";"0,000";"0,015";"7,764";"7,173";"7,449";"22,386";"1,443";"0,000";"1,443";
"03/09/2024 10:50";"6,787";"0,000";"6,166";"0,000";"6,604";"0,000";"19,558";"0,000";"1,726";"0,000";"0,000";"0,013";"7,264";"6,643";"7,081";"20,989";"1,431";"0,000";"1,431";
"03/09/2024 11:00";"7,214";"0,000";"7,033";"0,000";"7,292";"0,000";"21,539";"0,000";"5,557";"0,000";"0,000";"0,000";"7,925";"7,745";"8,004";"23,674";"2,135";"0,000";"2,135";
"03/09/2024 11:10";"7,830";"0,000";"7,850";"0,000";"7,949";"0,000";"23,629";"0,000";"3,375";"0,000";"0,000";"0,000";"8,694";"8,714";"8,814";"26,222";"2,593";"0,000";"2,593";
"03/09/2024 11:20";"7,309";"0,000";"7,021";"0,000";"7,271";"0,000";"21,601";"0,000";"3,659";"0,000";"0,000";"0,013";"7,840";"7,551";"7,801";"23,193";"1,592";"0,000";"1,592";
"03/09/2024 11:30";"7,204";"0,000";"6,866";"0,000";"7,118";"0,000";"21,188";"0,000";"3,403";"0,000";"0,000";"0,050";"7,907";"7,569";"7,820";"23,296";"2,108";"0,000";"2,108";
"03/09/2024 11:40";"7,544";"0,000";"7,029";"0,000";"7,317";"0,000";"21,890";"0,000";"3,084";"0,000";"0,000";"0,000";"8,086";"7,571";"7,858";"23,515";"1,625";"0,000";"1,625";
"03/09/2024 11:50";"5,824";"0,000";"5,716";"0,000";"5,977";"0,000";"17,518";"0,000";"1,005";"0,000";"0,000";"0,267";"6,415";"6,307";"6,568";"19,290";"1,772";"0,000";"1,772";
"03/09/2024 12:00";"3,755";"0,000";"3,759";"0,000";"3,787";"0,000";"11,302";"0,000";"0,347";"0,000";"0,000";"0,268";"4,377";"4,381";"4,409";"13,167";"1,866";"0,000";"1,866";
"03/09/2024 12:10";"3,481";"0,000";"2,998";"0,000";"3,258";"0,000";"9,737";"0,000";"0,331";"0,000";"0,000";"0,373";"4,381";"3,898";"4,158";"12,437";"2,700";"0,000";"2,700";
"03/09/2024 12:20";"3,667";"0,000";"3,106";"0,000";"3,389";"0,000";"10,161";"0,000";"0,344";"0,000";"0,000";"0,420";"4,425";"3,864";"4,147";"12,436";"2,275";"0,000";"2,275";
"03/09/2024 12:30";"3,519";"0,000";"3,215";"0,000";"3,185";"0,000";"9,918";"0,000";"0,628";"0,000";"0,000";"0,256";"4,514";"4,209";"4,179";"12,901";"2,983";"0,000";"2,983";
"03/09/2024 12:40";"3,771";"0,000";"3,462";"0,000";"3,710";"0,000";"10,943";"0,000";"0,675";"0,000";"0,000";"0,472";"4,651";"4,342";"4,590";"13,583";"2,640";"0,000";"2,640";
"03/09/2024 12:50";"3,853";"0,000";"3,295";"0,000";"3,734";"0,000";"10,882";"0,000";"0,434";"0,000";"0,000";"0,129";"4,662";"4,104";"4,543";"13,309";"2,427";"0,000";"2,427";
"03/09/2024 13:00";"3,724";"0,000";"3,335";"0,000";"3,361";"0,000";"10,420";"0,000";"0,727";"0,000";"0,000";"0,226";"5,111";"4,722";"4,748";"14,581";"4,161";"0,000";"4,161";
"03/09/2024 13:10";"3,369";"0,000";"2,981";"0,000";"3,119";"0,000";"9,469";"0,000";"0,532";"0,000";"0,000";"0,280";"4,451";"4,064";"4,202";"12,716";"3,247";"0,000";"3,247";
"03/09/2024 13:20";"3,417";"0,000";"3,073";"0,000";"2,975";"0,000";"9,465";"0,000";"0,803";"0,000";"0,000";"0,324";"5,101";"4,757";"4,659";"14,517";"5,052";"0,000";"5,052";
"03/09/2024 13:30";"2,172";"0,000";"1,979";"0,000";"1,944";"0,000";"6,095";"0,000";"0,631";"0,000";"0,000";"0,540";"3,726";"3,532";"3,498";"10,756";"4,661";"0,000";"4,661";
"03/09/2024 13:40";"1,699";"0,000";"1,454";"0,000";"1,384";"0,000";"4,537";"0,000";"0,293";"0,000";"0,000";"0,155";"2,964";"2,719";"2,649";"8,332";"3,795";"0,000";"3,795";
"03/09/2024 13:50";"1,742";"0,000";"1,204";"0,000";"1,014";"0,000";"3,960";"0,000";"0,003";"0,000";"0,000";"0,153";"2,882";"2,344";"2,154";"7,381";"3,421";"0,000";"3,421";
"03/09/2024 14:00";"1,485";"0,000";"0,998";"0,000";"0,611";"0,000";"3,094";"0,000";"0,009";"0,000";"0,000";"0,264";"3,179";"2,692";"2,305";"8,176";"5,082";"0,000";"5,082";
"03/09/2024 14:10";"1,041";"0,000";"0,624";"0,000";"0,305";"0,000";"1,971";"0,000";"0,007";"0,000";"0,000";"0,194";"2,277";"1,861";"1,542";"5,680";"3,709";"0,000";"3,709";
"03/09/2024 14:20";"0,818";"0,000";"0,583";"0,000";"0,243";"0,000";"1,644";"0,000";"0,008";"0,000";"0,000";"0,161";"2,465";"2,230";"1,890";"6,585";"4,941";"0,000";"4,941";
"03/09/2024 14:30";"0,883";"0,000";"0,607";"0,000";"0,374";"0,000";"1,864";"0,000";"0,037";"0,000";"0,000";"0,187";"2,424";"2,148";"1,915";"6,487";"4,623";"0,000";"4,623";
"03/09/2024 14:40";"0,806";"0,000";"0,422";"0,000";"0,175";"0,000";"1,403";"0,000";"0,000";"0,000";"0,000";"0,172";"2,536";"2,153";"1,905";"6,594";"5,191";"0,000";"5,191";
"03/09/2024 14:50";"0,782";"0,000";"0,459";"0,000";"0,213";"0,000";"1,454";"0,000";"0,014";"0,000";"0,000";"0,126";"2,424";"2,100";"1,855";"6,379";"4,925";"0,000";"4,925";
"03/09/2024 15:00";"0,692";"0,000";"0,378";"0,000";"0,152";"0,000";"1,222";"0,000";"0,000";"0,000";"0,000";"0,131";"2,295";"1,981";"1,755";"6,030";"4,808";"0,000";"4,808";
"03/09/2024 15:10";"0,838";"0,000";"0,522";"0,000";"0,301";"0,000";"1,661";"0,000";"0,168";"0,000";"0,000";"0,131";"2,428";"2,112";"1,891";"6,432";"4,771";"0,000";"4,771";
"03/09/2024 15:20";"0,704";"0,000";"0,419";"0,000";"0,215";"0,000";"1,338";"0,000";"0,001";"0,000";"0,000";"0,098";"2,280";"1,995";"1,791";"6,066";"4,728";"0,000";"4,728";
"03/09/2024 15:30";"0,663";"0,000";"0,348";"0,000";"0,152";"0,000";"1,163";"0,000";"0,000";"0,000";"0,000";"0,123";"2,218";"1,903";"1,708";"5,829";"4,666";"0,000";"4,666";
"03/09/2024 15:40";"0,669";"0,000";"0,369";"0,000";"0,151";"0,000";"1,190";"0,000";"0,000";"0,000";"0,000";"0,141";"2,203";"1,903";"1,685";"5,790";"4,600";"0,000";"4,600";
"03/09/2024 15:50";"0,680";"0,000";"0,397";"0,000";"0,216";"0,000";"1,293";"0,000";"0,006";"0,000";"0,000";"0,097";"2,190";"1,907";"1,725";"5,821";"4,528";"0,000";"4,528";
"03/09/2024 16:00";"0,724";"0,000";"0,459";"0,000";"0,352";"0,000";"1,534";"0,000";"0,033";"0,000";"0,000";"0,145";"2,213";"1,947";"1,840";"5,999";"4,465";"0,000";"4,465";
"03/09/2024 16:10";"0,627";"0,000";"0,340";"0,000";"0,119";"0,000";"1,086";"0,000";"0,000";"0,000";"0,000";"0,110";"2,084";"1,797";"1,575";"5,455";"4,369";"0,000";"4,369";
"03/09/2024 16:20";"0,651";"0,000";"0,377";"0,000";"0,162";"0,000";"1,190";"0,000";"0,003";"0,000";"0,000";"0,098";"2,067";"1,794";"1,579";"5,440";"4,250";"0,000";"4,250";
"03/09/2024 16:30";"0,606";"0,000";"0,305";"0,000";"0,102";"0,000";"1,013";"0,000";"0,001";"0,000";"0,000";"0,090";"1,996";"1,695";"1,492";"5,183";"4,170";"0,000";"4,170";
"03/09/2024 16:40";"0,781";"0,000";"0,446";"0,000";"0,254";"0,000";"1,481";"0,000";"0,103";"0,000";"0,000";"0,168";"2,134";"1,799";"1,607";"5,540";"4,059";"0,000";"4,059";
"03/09/2024 16:50";"0,708";"0,000";"0,382";"0,000";"0,162";"0,000";"1,252";"0,000";"0,018";"0,000";"0,000";"0,073";"2,014";"1,688";"1,468";"5,170";"3,918";"0,000";"3,918";
"03/09/2024 17:00";"0,700";"0,000";"0,339";"0,000";"0,105";"0,000";"1,144";"0,000";"0,017";"0,000";"0,000";"0,048";"1,959";"1,598";"1,363";"4,920";"3,776";"0,000";"3,776";
"03/09/2024 17:10";"0,682";"0,000";"0,290";"0,000";"0,107";"0,000";"1,079";"0,000";"0,001";"0,000";"0,000";"0,066";"1,900";"1,508";"1,325";"4,732";"3,653";"0,000";"3,653";
"03/09/2024 17:20";"0,768";"0,000";"0,368";"0,000";"0,157";"0,000";"1,293";"0,000";"0,008";"0,000";"0,000";"0,046";"1,935";"1,536";"1,325";"4,796";"3,503";"0,000";"3,503";
"03/09/2024 17:30";"0,820";"0,000";"0,478";"0,000";"0,304";"0,000";"1,602";"0,000";"0,044";"0,000";"0,000";"0,087";"1,960";"1,618";"1,444";"5,022";"3,420";"0,000";"3,420";
"03/09/2024 17:40";"0,700";"0,000";"0,320";"0,000";"0,104";"0,000";"1,123";"0,000";"0,008";"0,000";"0,000";"0,071";"1,601";"1,221";"1,005";"3,826";"2,703";"0,000";"2,703";
"03/09/2024 17:50";"0,781";"0,000";"0,364";"0,000";"0,157";"0,000";"1,302";"0,000";"0,015";"0,000";"0,000";"0,055";"1,946";"1,529";"1,322";"4,797";"3,495";"0,000";"3,495";
"03/09/2024 18:00";"0,705";"0,000";"0,292";"0,000";"0,111";"0,000";"1,108";"0,000";"0,003";"0,000";"0,000";"0,063";"1,785";"1,372";"1,191";"4,348";"3,240";"0,000";"3,240";
"03/09/2024 18:10";"0,815";"0,000";"0,488";"0,000";"0,292";"0,000";"1,595";"0,000";"0,041";"0,000";"0,000";"0,169";"1,451";"1,124";"0,927";"3,502";"1,907";"0,000";"1,907";
"03/09/2024 18:20";"0,770";"0,000";"0,389";"0,000";"0,161";"0,000";"1,320";"0,000";"0,033";"0,000";"0,000";"0,089";"1,109";"0,727";"0,499";"2,335";"1,015";"0,000";"1,015";
"03/09/2024 18:30";"0,622";"0,000";"0,290";"0,000";"0,112";"0,000";"1,023";"0,000";"0,007";"0,000";"0,000";"0,056";"0,931";"0,598";"0,420";"1,949";"0,926";"0,000";"0,926";
"03/09/2024 18:40";"0,409";"0,000";"0,337";"0,000";"0,103";"0,000";"0,850";"0,000";"0,006";"0,000";"0,000";"0,066";"1,253";"1,181";"0,947";"3,381";"2,531";"0,000";"2,531";
"03/09/2024 18:50";"0,339";"0,000";"0,308";"0,000";"0,103";"0,000";"0,749";"0,000";"0,000";"0,000";"0,000";"0,128";"1,143";"1,113";"0,907";"3,163";"2,414";"0,000";"2,414";
"03/09/2024 19:00";"0,523";"0,000";"0,500";"0,000";"0,340";"0,000";"1,364";"0,000";"0,053";"0,000";"0,000";"0,120";"1,180";"1,156";"0,997";"3,333";"1,969";"0,000";"1,969";
"03/09/2024 19:10";"0,376";"0,000";"0,342";"0,000";"0,121";"0,000";"0,839";"0,000";"0,000";"0,000";"0,000";"0,091";"0,883";"0,849";"0,629";"2,361";"1,522";"0,000";"1,522";
"03/09/2024 19:20";"0,474";"0,000";"0,328";"0,000";"0,106";"0,000";"0,907";"0,000";"0,017";"0,000";"0,000";"0,114";"0,873";"0,726";"0,504";"2,102";"1,195";"0,000";"1,195";
"03/09/2024 19:30";"0,613";"0,000";"0,289";"0,000";"0,103";"0,000";"1,005";"0,000";"0,000";"0,000";"0,000";"0,114";"0,887";"0,563";"0,377";"1,827";"0,822";"0,000";"0,822";
"03/09/2024 19:40";"0,607";"0,000";"0,500";"0,000";"0,309";"0,000";"1,417";"0,000";"0,175";"0,000";"0,000";"0,071";"0,836";"0,729";"0,538";"2,103";"0,686";"0,000";"0,686";
"03/09/2024 19:50";"0,335";"0,000";"0,314";"0,000";"0,106";"0,000";"0,755";"0,000";"0,000";"0,000";"0,000";"0,109";"0,523";"0,502";"0,295";"1,320";"0,565";"0,000";"0,565";
"03/09/2024 20:00";"0,332";"0,000";"0,319";"0,000";"0,103";"0,000";"0,753";"0,000";"0,000";"0,000";"0,000";"0,125";"0,475";"0,462";"0,245";"1,181";"0,428";"0,000";"0,428";
"03/09/2024 20:10";"0,444";"0,000";"0,362";"0,000";"0,157";"0,000";"0,963";"0,000";"0,003";"0,000";"0,000";"0,066";"0,543";"0,461";"0,256";"1,261";"0,298";"0,000";"0,298";
"03/09/2024 20:20";"0,324";"0,000";"0,294";"0,000";"0,105";"0,000";"0,723";"0,000";"0,000";"0,000";"0,000";"0,116";"0,389";"0,359";"0,170";"0,918";"0,195";"0,000";"0,195";
"03/09/2024 20:30";"0,469";"0,000";"0,494";"0,000";"0,310";"0,000";"1,273";"0,000";"0,032";"0,000";"0,000";"0,190";"0,512";"0,536";"0,352";"1,400";"0,127";"0,000";"0,127";
"03/09/2024 20:40";"0,435";"0,000";"0,377";"0,000";"0,152";"0,000";"0,964";"0,000";"0,028";"0,000";"0,000";"0,074";"0,458";"0,400";"0,175";"1,033";"0,069";"0,000";"0,069";
"03/09/2024 20:50";"0,389";"0,000";"0,278";"0,000";"0,109";"0,000";"0,776";"0,000";"0,000";"0,000";"0,000";"0,129";"0,399";"0,288";"0,119";"0,807";"0,031";"0,000";"0,031";
"03/09/2024 21:00";"0,676";"0,000";"0,398";"0,000";"0,175";"0,000";"1,249";"0,000";"0,018";"0,000";"0,000";"0,042";"0,678";"0,400";"0,177";"1,255";"0,006";"0,000";"0,006";
"03/09/2024 21:10";"0,529";"0,000";"0,399";"0,000";"0,201";"0,000";"1,129";"0,000";"0,033";"0,000";"0,000";"0,204";"0,529";"0,399";"0,201";"1,129";"0,000";"0,000";"0,000";
"03/09/2024 21:20";"0,383";"0,000";"0,388";"0,000";"0,200";"0,000";"0,971";"0,000";"0,000";"0,000";"0,000";"0,127";"0,383";"0,388";"0,200";"0,971";"0,000";"0,000";"0,000";
"03/09/2024 21:30";"0,543";"0,000";"0,534";"0,000";"0,301";"0,000";"1,379";"0,000";"0,000";"0,000";"0,000";"0,097";"0,543";"0,534";"0,301";"1,379";"0,000";"0,000";"0,000";
"03/09/2024 21:40";"0,501";"0,000";"0,470";"0,000";"0,255";"0,000";"1,225";"0,000";"0,000";"0,000";"0,000";"0,225";"0,501";"0,470";"0,255";"1,225";"0,000";"0,000";"0,000";
"03/09/2024 21:50";"0,490";"0,000";"0,488";"0,000";"0,248";"0,000";"1,226";"0,000";"0,000";"0,000";"0,000";"0,188";"0,490";"0,488";"0,248";"1,226";"0,000";"0,000";"0,000";
"03/09/2024 22:00";"0,587";"0,000";"0,634";"0,000";"0,437";"0,000";"1,659";"0,000";"0,029";"0,000";"0,000";"0,322";"0,587";"0,634";"0,437";"1,659";"0,000";"0,000";"0,000";
"03/09/2024 22:10";"0,588";"0,000";"0,541";"0,000";"0,328";"0,000";"1,456";"0,000";"0,004";"0,000";"0,000";"0,146";"0,588";"0,541";"0,328";"1,456";"0,000";"0,000";"0,000";
"03/09/2024 22:20";"0,511";"0,000";"0,504";"0,000";"0,265";"0,000";"1,280";"0,000";"0,000";"0,000";"0,000";"0,174";"0,511";"0,504";"0,265";"1,280";"0,000";"0,000";"0,000";
"03/09/2024 22:30";"0,458";"0,000";"0,483";"0,000";"0,245";"0,000";"1,187";"0,000";"0,000";"0,000";"0,000";"0,226";"0,458";"0,483";"0,245";"1,187";"0,000";"0,000";"0,000";
"03/09/2024 22:40";"0,480";"0,000";"0,459";"0,000";"0,245";"0,000";"1,184";"0,000";"0,000";"0,000";"0,000";"0,202";"0,480";"0,459";"0,245";"1,184";"0,000";"0,000";"0,000";
"03/09/2024 22:50";"0,839";"0,000";"0,722";"0,000";"0,498";"0,000";"2,059";"0,000";"0,153";"0,000";"0,000";"0,120";"0,839";"0,722";"0,498";"2,059";"0,000";"0,000";"0,000";
"03/09/2024 23:00";"0,787";"0,000";"0,527";"0,000";"0,284";"0,000";"1,598";"0,000";"0,000";"0,000";"0,000";"0,171";"0,787";"0,527";"0,284";"1,598";"0,000";"0,000";"0,000";
"03/09/2024 23:10";"0,526";"0,000";"0,493";"0,000";"0,257";"0,000";"1,276";"0,000";"0,003";"0,000";"0,000";"0,190";"0,526";"0,493";"0,257";"1,276";"0,000";"0,000";"0,000";
"03/09/2024 23:20";"0,498";"0,000";"0,481";"0,000";"0,245";"0,000";"1,224";"0,000";"0,000";"0,000";"0,000";"0,211";"0,498";"0,481";"0,245";"1,224";"0,000";"0,000";"0,000";
"03/09/2024 23:30";"0,642";"0,000";"0,606";"0,000";"0,404";"0,000";"1,652";"0,000";"0,113";"0,000";"0,000";"0,245";"0,642";"0,606";"0,404";"1,652";"0,000";"0,000";"0,000";
"03/09/2024 23:40";"0,500";"0,000";"0,524";"0,000";"0,282";"0,000";"1,305";"0,000";"0,001";"0,000";"0,000";"0,187";"0,500";"0,524";"0,282";"1,305";"0,000";"0,000";"0,000";
"03/09/2024 23:50";"0,566";"0,000";"0,544";"0,000";"0,303";"0,000";"1,413";"0,000";"0,001";"0,000";"0,000";"0,135";"0,566";"0,544";"0,303";"1,413";"0,000";"0,000";"0,000";
"04/09/2024 00:00";"0,540";"0,000";"0,534";"0,000";"0,291";"0,000";"1,365";"0,000";"0,000";"0,000";"0,000";"0,171";"0,540";"0,534";"0,291";"1,365";"0,000";"0,000";"0,000";
"04/09/2024 00:10";"0,462";"0,000";"0,450";"0,000";"0,244";"0,000";"1,156";"0,000";"0,000";"0,000";"0,000";"0,222";"0,462";"0,450";"0,244";"1,156";"0,000";"0,000";"0,000";
"04/09/2024 00:20";"0,612";"0,000";"0,622";"0,000";"0,434";"0,000";"1,668";"0,000";"0,038";"0,000";"0,000";"0,281";"0,612";"0,622";"0,434";"1,668";"0,000";"0,000";"0,000";
"04/09/2024 00:30";"0,498";"0,000";"0,493";"0,000";"0,259";"0,000";"1,250";"0,000";"0,001";"0,000";"0,000";"0,221";"0,498";"0,493";"0,259";"1,250";"0,000";"0,000";"0,000";
"04/09/2024 00:40";"0,559";"0,000";"0,568";"0,000";"0,317";"0,000";"1,445";"0,000";"0,000";"0,000";"0,000";"0,138";"0,559";"0,568";"0,317";"1,445";"0,000";"0,000";"0,000";
"04/09/2024 00:50";"0,511";"0,000";"0,529";"0,000";"0,288";"0,000";"1,328";"0,000";"0,000";"0,000";"0,000";"0,160";"0,511";"0,529";"0,288";"1,328";"0,000";"0,000";"0,000";
"04/09/2024 01:00";"0,595";"0,000";"0,563";"0,000";"0,380";"0,000";"1,539";"0,000";"0,039";"0,000";"0,000";"0,231";"0,595";"0,563";"0,380";"1,539";"0,000";"0,000";"0,000";
"04/09/2024 01:10";"0,504";"0,000";"0,527";"0,000";"0,302";"0,000";"1,333";"0,000";"0,000";"0,000";"0,000";"0,240";"0,504";"0,527";"0,302";"1,333";"0,000";"0,000";"0,000";
"04/09/2024 01:20";"0,597";"0,000";"0,561";"0,000";"0,304";"0,000";"1,462";"0,000";"0,000";"0,000";"0,000";"0,172";"0,597";"0,561";"0,304";"1,462";"0,000";"0,000";"0,000";
"04/09/2024 01:30";"0,802";"0,000";"0,484";"0,000";"0,274";"0,000";"1,560";"0,000";"0,000";"0,000";"0,000";"0,179";"0,802";"0,484";"0,274";"1,560";"0,000";"0,000";"0,000";
"04/09/2024 01:40";"0,751";"0,000";"0,542";"0,000";"0,304";"0,000";"1,597";"0,000";"0,002";"0,000";"0,000";"0,174";"0,751";"0,542";"0,304";"1,597";"0,000";"0,000";"0,000";
"04/09/2024 01:50";"0,590";"0,000";"0,642";"0,000";"0,439";"0,000";"1,671";"0,000";"0,034";"0,000";"0,000";"0,311";"0,590";"0,642";"0,439";"1,671";"0,000";"0,000";"0,000";
"04/09/2024 02:00";"0,504";"0,000";"0,465";"0,000";"0,244";"0,000";"1,213";"0,000";"0,000";"0,000";"0,000";"0,220";"0,504";"0,465";"0,244";"1,213";"0,000";"0,000";"0,000";
"04/09/2024 02:10";"0,466";"0,000";"0,454";"0,000";"0,243";"0,000";"1,163";"0,000";"0,000";"0,000";"0,000";"0,223";"0,466";"0,454";"0,243";"1,163";"0,000";"0,000";"0,000";
"04/09/2024 02:20";"0,590";"0,000";"0,575";"0,000";"0,327";"0,000";"1,492";"0,000";"0,000";"0,000";"0,000";"0,120";"0,590";"0,575";"0,327";"1,492";"0,000";"0,000";"0,000";
"04/09/2024 02:30";"0,656";"0,000";"0,649";"0,000";"0,408";"0,000";"1,714";"0,000";"0,099";"0,000";"0,000";"0,272";"0,656";"0,649";"0,408";"1,714";"0,000";"0,000";"0,000";
"04/09/2024 02:40";"0,845";"0,000";"0,533";"0,000";"0,308";"0,000";"1,687";"0,000";"0,048";"0,000";"0,000";"0,197";"0,845";"0,533";"0,308";"1,687";"0,000";"0,000";"0,000";
"04/09/2024 02:50";"0,458";"0,000";"0,457";"0,000";"0,248";"0,000";"1,163";"0,000";"0,000";"0,000";"0,000";"0,218";"0,458";"0,457";"0,248";"1,163";"0,000";"0,000";"0,000";
"04/09/2024 03:00";"0,511";"0,000";"0,480";"0,000";"0,243";"0,000";"1,235";"0,000";"0,000";"0,000";"0,000";"0,210";"0,511";"0,480";"0,243";"1,235";"0,000";"0,000";"0,000";
"04/09/2024 03:10";"0,481";"0,000";"0,479";"0,000";"0,244";"0,000";"1,204";"0,000";"0,000";"0,000";"0,000";"0,221";"0,481";"0,479";"0,244";"1,204";"0,000";"0,000";"0,000";
"04/09/2024 03:20";"1,108";"0,000";"0,619";"0,000";"0,442";"0,000";"2,169";"0,000";"0,032";"0,000";"0,000";"0,316";"1,108";"0,619";"0,442";"2,169";"0,000";"0,000";"0,000";
"04/09/2024 03:30";"0,966";"0,000";"0,455";"0,000";"0,245";"0,000";"1,666";"0,000";"0,000";"0,000";"0,000";"0,220";"0,966";"0,455";"0,245";"1,666";"0,000";"0,000";"0,000";
"04/09/2024 03:40";"0,461";"0,000";"0,473";"0,000";"0,243";"0,000";"1,178";"0,000";"0,000";"0,000";"0,000";"0,231";"0,461";"0,473";"0,243";"1,178";"0,000";"0,000";"0,000";
"04/09/2024 03:50";"0,482";"0,000";"0,486";"0,000";"0,244";"0,000";"1,212";"0,000";"0,000";"0,000";"0,000";"0,202";"0,482";"0,486";"0,244";"1,212";"0,000";"0,000";"0,000";
"04/09/2024 04:00";"0,572";"0,000";"0,530";"0,000";"0,327";"0,000";"1,430";"0,000";"0,036";"0,000";"0,000";"0,307";"0,572";"0,530";"0,327";"1,430";"0,000";"0,000";"0,000";
"04/09/2024 04:10";"1,086";"0,000";"0,531";"0,000";"0,357";"0,000";"1,973";"0,000";"0,000";"0,000";"0,000";"0,252";"1,086";"0,531";"0,357";"1,973";"0,000";"0,000";"0,000";
"04/09/2024 04:20";"1,140";"0,000";"0,492";"0,000";"0,245";"0,000";"1,876";"0,000";"0,000";"0,000";"0,000";"0,235";"1,140";"0,492";"0,245";"1,876";"0,000";"0,000";"0,000";
"04/09/2024 04:30";"0,627";"0,000";"0,482";"0,000";"0,243";"0,000";"1,352";"0,000";"0,000";"0,000";"0,000";"0,212";"0,627";"0,482";"0,243";"1,352";"0,000";"0,000";"0,000";
"04/09/2024 04:40";"0,470";"0,000";"0,453";"0,000";"0,243";"0,000";"1,167";"0,000";"0,000";"0,000";"0,000";"0,217";"0,470";"0,453";"0,243";"1,167";"0,000";"0,000";"0,000";
"04/09/2024 04:50";"0,947";"0,000";"0,612";"0,000";"0,438";"0,000";"1,998";"0,000";"0,035";"0,000";"0,000";"0,330";"0,947";"0,612";"0,438";"1,998";"0,000";"0,000";"0,000";
"04/09/2024 05:00";"1,019";"0,000";"0,488";"0,000";"0,248";"0,000";"1,755";"0,000";"0,000";"0,000";"0,000";"0,218";"1,019";"0,488";"0,248";"1,755";"0,000";"0,000";"0,000";
"04/09/2024 05:10";"0,479";"0,000";"0,467";"0,000";"0,243";"0,000";"1,190";"0,000";"0,000";"0,000";"0,000";"0,234";"0,479";"0,467";"0,243";"1,190";"0,000";"0,000";"0,000";
"04/09/2024 05:20";"0,480";"0,000";"0,440";"0,000";"0,243";"0,000";"1,163";"0,000";"0,000";"0,000";"0,000";"0,215";"0,480";"0,440";"0,243";"1,163";"0,000";"0,000";"0,000";
"04/09/2024 05:30";"1,093";"0,000";"0,918";"0,000";"0,542";"0,000";"2,553";"0,000";"0,034";"0,000";"0,000";"0,353";"1,093";"0,918";"0,542";"2,553";"0,000";"0,000";"0,000";
"04/09/2024 05:40";"2,336";"0,000";"1,418";"0,000";"1,135";"0,000";"4,889";"0,000";"0,024";"0,000";"0,000";"0,282";"2,336";"1,418";"1,135";"4,889";"0,000";"0,000";"0,000";
"04/09/2024 05:50";"2,320";"0,000";"1,405";"0,000";"1,232";"0,000";"4,957";"0,000";"0,000";"0,000";"0,000";"0,391";"2,320";"1,405";"1,232";"4,957";"0,000";"0,000";"0,000";
"04/09/2024 06:00";"2,910";"0,000";"2,222";"0,000";"2,273";"0,000";"7,405";"0,000";"0,480";"0,000";"0,000";"0,287";"2,910";"2,222";"2,273";"7,405";"0,000";"0,000";"0,000";
"04/09/2024 06:10";"2,749";"0,000";"2,346";"0,000";"2,327";"0,000";"7,422";"0,000";"0,801";"0,000";"0,000";"0,720";"2,749";"2,346";"2,327";"7,422";"0,000";"0,000";"0,000";
"04/09/2024 06:20";"4,167";"0,000";"3,712";"0,000";"2,982";"0,000";"10,861";"0,000";"1,754";"0,000";"0,000";"0,365";"4,167";"3,712";"2,982";"10,861";"0,000";"0,000";"0,000";
"04/09/2024 06:30";"4,681";"0,000";"3,607";"0,000";"3,486";"0,000";"11,774";"0,000";"1,324";"0,000";"0,000";"0,410";"4,681";"3,607";"3,486";"11,774";"0,000";"0,000";"0,000";
"04/09/2024 06:40";"3,831";"0,000";"3,351";"0,000";"2,969";"0,000";"10,151";"0,000";"1,156";"0,000";"0,000";"0,512";"3,831";"3,351";"2,969";"10,151";"0,000";"0,000";"0,000";
"04/09/2024 06:50";"3,844";"0,000";"3,345";"0,000";"3,435";"0,000";"10,624";"0,000";"0,998";"0,000";"0,000";"0,414";"3,844";"3,345";"3,435";"10,625";"0,000";"0,000";"0,000";
"04/09/2024 07:00";"3,387";"0,000";"3,102";"0,000";"3,069";"0,000";"9,557";"0,000";"1,318";"0,000";"0,000";"0,400";"3,387";"3,102";"3,069";"9,557";"0,000";"0,000";"0,000";
"04/09/2024 07:10";"5,272";"0,000";"4,633";"0,000";"4,585";"0,000";"14,490";"0,000";"0,991";"0,000";"0,000";"0,254";"5,272";"4,633";"4,585";"14,490";"0,000";"0,000";"0,000";
"04/09/2024 07:20";"5,294";"0,000";"3,766";"0,000";"3,840";"0,000";"12,900";"0,000";"0,732";"0,000";"0,000";"0,446";"5,294";"3,766";"3,840";"12,900";"0,000";"0,000";"0,000";
"04/09/2024 07:30";"3,730";"0,000";"2,887";"0,000";"2,958";"0,000";"9,576";"0,000";"0,541";"0,000";"0,000";"0,107";"3,730";"2,887";"2,958";"9,576";"0,000";"0,000";"0,000";
"04/09/2024 07:40";"3,393";"0,000";"3,101";"0,000";"3,263";"0,000";"9,756";"0,000";"0,803";"0,000";"0,000";"0,216";"3,393";"3,101";"3,263";"9,756";"0,000";"0,000";"0,000";
"04/09/2024 07:50";"3,270";"0,000";"2,892";"0,000";"3,285";"0,000";"9,448";"0,000";"0,735";"0,000";"0,000";"0,145";"3,270";"2,892";"3,285";"9,448";"0,000";"0,000";"0,000";
"04/09/2024 08:00";"3,820";"0,000";"3,358";"0,000";"3,752";"0,000";"10,931";"0,000";"0,625";"0,000";"0,000";"0,161";"3,822";"3,360";"3,754";"10,937";"0,006";"0,000";"0,006";
"04/09/2024 08:10";"4,326";"0,000";"3,250";"0,000";"3,956";"0,000";"11,531";"0,000";"0,695";"0,000";"0,000";"0,495";"4,337";"3,261";"3,967";"11,564";"0,033";"0,000";"0,033";
"04/09/2024 08:20";"4,340";"0,000";"3,581";"0,000";"4,148";"0,000";"12,069";"0,000";"1,134";"0,000";"0,000";"0,103";"4,362";"3,604";"4,171";"12,136";"0,067";"0,000";"0,067";
"04/09/2024 08:30";"4,584";"0,000";"4,274";"0,000";"4,667";"0,000";"13,525";"0,000";"0,772";"0,000";"0,000";"0,349";"4,619";"4,308";"4,701";"13,628";"0,103";"0,000";"0,103";
"04/09/2024 08:40";"3,448";"0,000";"3,325";"0,000";"3,612";"0,000";"10,385";"0,000";"1,106";"0,000";"0,000";"0,222";"3,503";"3,381";"3,667";"10,551";"0,166";"0,000";"0,166";
"04/09/2024 08:50";"4,652";"0,000";"4,125";"0,000";"4,174";"0,000";"12,951";"0,000";"0,905";"0,000";"0,000";"0,283";"4,737";"4,210";"4,259";"13,206";"0,255";"0,000";"0,255";
"04/09/2024 09:00";"4,694";"0,000";"3,573";"0,000";"3,560";"0,000";"11,827";"0,000";"1,554";"0,000";"0,000";"0,469";"4,814";"3,694";"3,680";"12,189";"0,362";"0,000";"0,362";
"04/09/2024 09:10";"4,226";"0,000";"3,482";"0,000";"3,484";"0,000";"11,192";"0,000";"1,406";"0,000";"0,000";"0,220";"4,401";"3,657";"3,660";"11,718";"0,526";"0,000";"0,526";
"04/09/2024 09:20";"2,762";"0,000";"2,693";"0,000";"2,616";"0,000";"8,071";"0,000";"0,636";"0,000";"0,000";"0,130";"2,887";"2,817";"2,741";"8,445";"0,374";"0,000";"0,374";
"04/09/2024 09:30";"3,243";"0,000";"3,084";"0,000";"3,110";"0,000";"9,437";"0,000";"1,187";"0,000";"0,000";"0,189";"3,511";"3,352";"3,378";"10,241";"0,804";"0,000";"0,804";
"04/09/2024 09:40";"4,107";"0,000";"3,863";"0,000";"3,846";"0,000";"11,816";"0,000";"0,943";"0,000";"0,000";"0,442";"4,464";"4,220";"4,203";"12,887";"1,071";"0,000";"1,071";
"04/09/2024 09:50";"3,679";"0,000";"2,993";"0,000";"2,830";"0,000";"9,502";"0,000";"0,442";"0,000";"0,000";"0,096";"4,006";"3,319";"3,156";"10,481";"0,979";"0,000";"0,979";
"04/09/2024 10:00";"2,963";"0,000";"2,385";"0,000";"2,240";"0,000";"7,588";"0,000";"0,400";"0,000";"0,000";"0,000";"3,279";"2,702";"2,557";"8,538";"0,950";"0,000";"0,950";
"04/09/2024 10:10";"2,853";"0,000";"2,575";"0,000";"2,334";"0,000";"7,762";"0,000";"0,492";"0,000";"0,000";"0,250";"3,099";"2,821";"2,580";"8,500";"0,738";"0,000";"0,738";
"04/09/2024 10:20";"2,962";"0,000";"2,866";"0,000";"2,658";"0,000";"8,486";"0,000";"1,259";"0,000";"0,000";"0,193";"3,171";"3,075";"2,867";"9,113";"0,627";"0,000";"0,627";
"04/09/2024 10:30";"3,615";"0,000";"3,362";"0,000";"3,197";"0,000";"10,174";"0,000";"1,024";"0,000";"0,000";"0,270";"3,801";"3,547";"3,383";"10,731";"0,557";"0,000";"0,557";
"04/09/2024 10:40";"4,578";"0,000";"3,836";"0,000";"3,738";"0,000";"12,153";"0,000";"0,585";"0,000";"0,000";"0,359";"4,889";"4,147";"4,049";"13,085";"0,932";"0,000";"0,932";
"04/09/2024 10:50";"4,379";"0,000";"3,563";"0,000";"3,503";"0,000";"11,444";"0,000";"0,658";"0,000";"0,000";"0,580";"4,902";"4,086";"4,026";"13,014";"1,570";"0,000";"1,570";
"04/09/2024 11:00";"4,063";"0,000";"3,611";"0,000";"3,520";"0,000";"11,194";"0,000";"0,738";"0,000";"0,000";"0,340";"4,401";"3,949";"3,858";"12,208";"1,014";"0,000";"1,014";
"04/09/2024 11:10";"3,856";"0,000";"3,110";"0,000";"3,187";"0,000";"10,153";"0,000";"0,313";"0,000";"0,000";"0,323";"4,124";"3,377";"3,455";"10,956";"0,803";"0,000";"0,803";
"04/09/2024 11:20";"3,786";"0,000";"3,066";"0,000";"3,081";"0,000";"9,932";"0,000";"0,863";"0,000";"0,000";"0,170";"4,066";"3,346";"3,361";"10,774";"0,842";"0,000";"0,842";
"04/09/2024 11:30";"4,328";"0,000";"3,422";"0,000";"3,359";"0,000";"11,108";"0,000";"1,498";"0,000";"0,000";"0,147";"4,696";"3,790";"3,727";"12,213";"1,105";"0,000";"1,105";
"04/09/2024 11:40";"3,834";"0,000";"3,302";"0,000";"3,292";"0,000";"10,427";"0,000";"1,043";"0,000";"0,000";"0,371";"4,324";"3,792";"3,783";"11,899";"1,472";"0,000";"1,472";
"04/09/2024 11:50";"3,708";"0,000";"3,323";"0,000";"3,472";"0,000";"10,504";"0,000";"1,255";"0,000";"0,000";"0,506";"4,142";"3,756";"3,906";"11,804";"1,300";"0,000";"1,300";
"04/09/2024 12:00";"3,511";"0,000";"3,141";"0,000";"3,120";"0,000";"9,772";"0,000";"1,283";"0,000";"0,000";"0,467";"4,042";"3,672";"3,651";"11,365";"1,593";"0,000";"1,593";
"04/09/2024 12:10";"3,911";"0,000";"3,641";"0,000";"3,502";"0,000";"11,054";"0,000";"1,749";"0,000";"0,000";"0,242";"4,536";"4,266";"4,126";"12,928";"1,874";"0,000";"1,874";
"04/09/2024 12:20";"3,384";"0,000";"3,018";"0,000";"3,121";"0,000";"9,523";"0,000";"0,888";"0,000";"0,000";"0,478";"4,180";"3,813";"3,917";"11,909";"2,386";"0,000";"2,386";
"04/09/2024 12:30";"3,635";"0,000";"3,154";"0,000";"3,173";"0,000";"9,962";"0,000";"0,597";"0,000";"0,000";"0,243";"4,534";"4,053";"4,071";"12,658";"2,696";"0,000";"2,696";
"04/09/2024 12:40";"5,676";"0,000";"5,008";"0,000";"4,926";"0,000";"15,610";"0,000";"1,693";"0,000";"0,000";"0,365";"6,347";"5,679";"5,598";"17,624";"2,014";"0,000";"2,014";
"04/09/2024 12:50";"4,507";"0,000";"4,081";"0,000";"3,896";"0,000";"12,484";"0,000";"0,777";"0,000";"0,000";"0,345";"5,076";"4,650";"4,465";"14,191";"1,707";"0,000";"1,707";
"04/09/2024 13:00";"4,113";"0,000";"3,726";"0,000";"3,752";"0,000";"11,591";"0,000";"0,744";"0,000";"0,000";"0,437";"5,058";"4,670";"4,696";"14,424";"2,833";"0,000";"2,833";
"04/09/2024 13:10";"4,332";"0,000";"3,837";"0,000";"4,113";"0,000";"12,282";"0,000";"0,770";"0,000";"0,000";"0,191";"5,091";"4,596";"4,872";"14,559";"2,277";"0,000";"2,277";
"04/09/2024 13:20";"3,896";"0,000";"3,268";"0,000";"3,208";"0,000";"10,372";"0,000";"1,237";"0,000";"0,000";"0,567";"4,761";"4,134";"4,074";"12,969";"2,597";"0,000";"2,597";
"04/09/2024 13:30";"3,594";"0,000";"3,103";"0,000";"3,149";"0,000";"9,846";"0,000";"0,441";"0,000";"0,000";"0,367";"4,322";"3,830";"3,876";"12,028";"2,182";"0,000";"2,182";
"04/09/2024 13:40";"2,566";"0,000";"2,239";"0,000";"2,228";"0,000";"7,033";"0,000";"0,376";"0,000";"0,000";"0,294";"3,594";"3,268";"3,257";"10,119";"3,086";"0,000";"3,086";
"04/09/2024 13:50";"1,713";"0,000";"1,408";"0,000";"1,266";"0,000";"4,387";"0,000";"0,213";"0,000";"0,000";"0,026";"2,521";"2,216";"2,074";"6,811";"2,424";"0,000";"2,424";
"04/09/2024 14:00";"1,189";"0,000";"0,795";"0,000";"0,587";"0,000";"2,571";"0,000";"0,167";"0,000";"0,000";"0,020";"2,061";"1,668";"1,460";"5,188";"2,617";"0,000";"2,617";
"04/09/2024 14:10";"0,896";"0,000";"0,624";"0,000";"0,274";"0,000";"1,794";"0,000";"0,039";"0,000";"0,000";"0,170";"1,389";"1,118";"0,768";"3,275";"1,481";"0,000";"1,481";
"04/09/2024 14:20";"0,812";"0,000";"0,560";"0,000";"0,181";"0,000";"1,553";"0,000";"0,000";"0,000";"0,000";"0,177";"1,623";"1,371";"0,991";"3,985";"2,432";"0,000";"2,432";
"04/09/2024 14:30";"0,817";"0,000";"0,543";"0,000";"0,197";"0,000";"1,556";"0,000";"0,000";"0,000";"0,000";"0,103";"1,953";"1,679";"1,333";"4,965";"3,409";"0,000";"3,409";
"04/09/2024 14:40";"0,820";"0,000";"0,440";"0,000";"0,126";"0,000";"1,385";"0,000";"0,000";"0,000";"0,000";"0,136";"2,505";"2,125";"1,812";"6,442";"5,057";"0,000";"5,057";
"04/09/2024 14:50";"0,852";"0,000";"0,549";"0,000";"0,287";"0,000";"1,688";"0,000";"0,029";"0,000";"0,000";"0,248";"2,424";"2,121";"1,859";"6,404";"4,716";"0,000";"4,716";
"04/09/2024 15:00";"0,680";"0,000";"0,381";"0,000";"0,108";"0,000";"1,169";"0,000";"0,000";"0,000";"0,000";"0,118";"1,792";"1,493";"1,220";"4,506";"3,337";"0,000";"3,337";
"04/09/2024 15:10";"0,788";"0,000";"0,451";"0,000";"0,169";"0,000";"1,408";"0,000";"0,020";"0,000";"0,000";"0,052";"2,455";"2,118";"1,837";"6,410";"5,002";"0,000";"5,002";
"04/09/2024 15:20";"0,655";"0,000";"0,335";"0,000";"0,105";"0,000";"1,095";"0,000";"0,000";"0,000";"0,000";"0,125";"2,258";"1,937";"1,707";"5,902";"4,807";"0,000";"4,807";
"04/09/2024 15:30";"0,789";"0,000";"0,502";"0,000";"0,289";"0,000";"1,581";"0,000";"0,033";"0,000";"0,000";"0,201";"2,375";"2,088";"1,875";"6,338";"4,757";"0,000";"4,757";
"04/09/2024 15:40";"0,695";"0,000";"0,406";"0,000";"0,137";"0,000";"1,238";"0,000";"0,005";"0,000";"0,000";"0,081";"1,901";"1,611";"1,342";"4,854";"3,616";"0,000";"3,616";
"04/09/2024 15:50";"0,618";"0,000";"0,371";"0,000";"0,186";"0,000";"1,175";"0,000";"0,017";"0,000";"0,000";"0,120";"1,531";"1,284";"1,099";"3,914";"2,739";"0,000";"2,739";
"04/09/2024 16:00";"0,598";"0,000";"0,332";"0,000";"0,183";"0,000";"1,113";"0,000";"0,000";"0,000";"0,000";"0,127";"1,627";"1,361";"1,212";"4,200";"3,087";"0,000";"3,087";
"04/09/2024 16:10";"0,667";"0,000";"0,444";"0,000";"0,201";"0,000";"1,312";"0,000";"0,002";"0,000";"0,000";"0,096";"1,798";"1,575";"1,332";"4,704";"3,392";"0,000";"3,392";
"04/09/2024 16:20";"0,759";"0,000";"0,555";"0,000";"0,387";"0,000";"1,701";"0,000";"0,042";"0,000";"0,000";"0,188";"2,348";"2,144";"1,976";"6,468";"4,767";"0,000";"4,767";
"04/09/2024 16:30";"0,602";"0,000";"0,289";"0,000";"0,152";"0,000";"1,043";"0,000";"0,000";"0,000";"0,000";"0,110";"2,181";"1,868";"1,731";"5,779";"4,736";"0,000";"4,736";
"04/09/2024 16:40";"0,636";"0,000";"0,338";"0,000";"0,132";"0,000";"1,106";"0,000";"0,000";"0,000";"0,000";"0,113";"2,295";"1,997";"1,791";"6,082";"4,976";"0,000";"4,976";
"04/09/2024 16:50";"0,658";"0,000";"0,400";"0,000";"0,159";"0,000";"1,216";"0,000";"0,012";"0,000";"0,000";"0,092";"1,939";"1,682";"1,440";"5,061";"3,845";"0,000";"3,845";
"04/09/2024 17:00";"0,734";"0,000";"0,438";"0,000";"0,294";"0,000";"1,466";"0,000";"0,033";"0,000";"0,000";"0,193";"1,970";"1,674";"1,531";"5,175";"3,709";"0,000";"3,709";
"04/09/2024 17:10";"0,606";"0,000";"0,332";"0,000";"0,102";"0,000";"1,040";"0,000";"0,000";"0,000";"0,000";"0,118";"1,854";"1,580";"1,350";"4,783";"3,743";"0,000";"3,743";
"04/09/2024 17:20";"0,690";"0,000";"0,382";"0,000";"0,156";"0,000";"1,229";"0,000";"0,013";"0,000";"0,000";"0,096";"1,523";"1,216";"0,990";"3,729";"2,500";"0,000";"2,500";
"04/09/2024 17:30";"0,599";"0,000";"0,311";"0,000";"0,102";"0,000";"1,012";"0,000";"0,000";"0,000";"0,000";"0,098";"0,955";"0,667";"0,458";"2,080";"1,068";"0,000";"1,068";
"04/09/2024 17:40";"0,618";"0,000";"0,354";"0,000";"0,139";"0,000";"1,112";"0,000";"0,005";"0,000";"0,000";"0,087";"1,117";"0,853";"0,638";"2,609";"1,497";"0,000";"1,497";
"04/09/2024 17:50";"0,791";"0,000";"0,474";"0,000";"0,315";"0,000";"1,580";"0,000";"0,048";"0,000";"0,000";"0,188";"1,554";"1,237";"1,078";"3,869";"2,289";"0,000";"2,289";
"04/09/2024 18:00";"0,614";"0,000";"0,333";"0,000";"0,107";"0,000";"1,055";"0,000";"0,017";"0,000";"0,000";"0,095";"1,149";"0,868";"0,642";"2,659";"1,604";"0,000";"1,604";
"04/09/2024 18:10";"0,602";"0,000";"0,340";"0,000";"0,114";"0,000";"1,056";"0,000";"0,012";"0,000";"0,000";"0,105";"1,205";"0,943";"0,716";"2,864";"1,808";"0,000";"1,808";
"04/09/2024 18:20";"0,808";"0,000";"0,514";"0,000";"0,330";"0,000";"1,653";"0,000";"0,040";"0,000";"0,000";"0,172";"1,568";"1,274";"1,090";"3,932";"2,279";"0,000";"2,279";
"04/09/2024 18:30";"0,379";"0,000";"0,300";"0,000";"0,103";"0,000";"0,782";"0,000";"0,000";"0,000";"0,000";"0,104";"1,036";"0,957";"0,760";"2,753";"1,971";"0,000";"1,971";
"04/09/2024 18:40";"0,348";"0,000";"0,295";"0,000";"0,102";"0,000";"0,746";"0,000";"0,004";"0,000";"0,000";"0,100";"0,878";"0,825";"0,632";"2,335";"1,589";"0,000";"1,589";
"04/09/2024 18:50";"0,412";"0,000";"0,379";"0,000";"0,163";"0,000";"0,954";"0,000";"0,019";"0,000";"0,000";"0,053";"1,027";"0,994";"0,778";"2,798";"1,844";"0,000";"1,844";
"04/09/2024 19:00";"0,357";"0,000";"0,324";"0,000";"0,101";"0,000";"0,781";"0,000";"0,000";"0,000";"0,000";"0,117";"0,781";"0,748";"0,525";"2,053";"1,272";"0,000";"1,272";
"04/09/2024 19:10";"0,686";"0,000";"0,475";"0,000";"0,295";"0,000";"1,456";"0,000";"0,045";"0,000";"0,000";"0,112";"0,809";"0,599";"0,418";"1,826";"0,370";"0,000";"0,370";
"04/09/2024 19:20";"0,735";"0,000";"0,385";"0,000";"0,161";"0,000";"1,281";"0,000";"0,009";"0,000";"0,000";"0,047";"0,860";"0,510";"0,286";"1,656";"0,375";"0,000";"0,375";
"04/09/2024 19:30";"0,487";"0,000";"0,305";"0,000";"0,102";"0,000";"0,895";"0,000";"0,006";"0,000";"0,000";"0,090";"0,606";"0,424";"0,220";"1,250";"0,355";"0,000";"0,355";
"04/09/2024 19:40";"0,518";"0,000";"0,399";"0,000";"0,166";"0,000";"1,083";"0,000";"0,027";"0,000";"0,000";"0,032";"0,670";"0,551";"0,319";"1,540";"0,457";"0,000";"0,457";
"04/09/2024 19:50";"0,521";"0,000";"0,453";"0,000";"0,304";"0,000";"1,278";"0,000";"0,040";"0,000";"0,000";"0,101";"0,674";"0,605";"0,457";"1,736";"0,458";"0,000";"0,458";
"04/09/2024 20:00";"0,438";"0,000";"0,290";"0,000";"0,102";"0,000";"0,830";"0,000";"0,010";"0,000";"0,000";"0,065";"0,542";"0,395";"0,207";"1,144";"0,314";"0,000";"0,314";
"04/09/2024 20:10";"0,543";"0,000";"0,411";"0,000";"0,176";"0,000";"1,130";"0,000";"0,040";"0,000";"0,000";"0,038";"0,600";"0,469";"0,233";"1,302";"0,172";"0,000";"0,172";
"04/09/2024 20:20";"0,426";"0,000";"0,321";"0,000";"0,102";"0,000";"0,849";"0,000";"0,001";"0,000";"0,000";"0,070";"0,459";"0,354";"0,136";"0,949";"0,100";"0,000";"0,100";
"04/09/2024 20:30";"0,444";"0,000";"0,307";"0,000";"0,102";"0,000";"0,853";"0,000";"0,008";"0,000";"0,000";"0,074";"0,468";"0,331";"0,126";"0,925";"0,072";"0,000";"0,072";
"04/09/2024 20:40";"0,875";"0,000";"0,556";"0,000";"0,387";"0,000";"1,818";"0,000";"0,074";"0,000";"0,000";"0,078";"0,889";"0,570";"0,401";"1,860";"0,042";"0,000";"0,042";
"04/09/2024 20:50";"0,643";"0,000";"0,294";"0,000";"0,105";"0,000";"1,042";"0,000";"0,023";"0,000";"0,000";"0,078";"0,647";"0,297";"0,109";"1,053";"0,011";"0,000";"0,011";
"04/09/2024 21:00";"0,424";"0,000";"0,301";"0,000";"0,102";"0,000";"0,826";"0,000";"0,005";"0,000";"0,000";"0,098";"0,424";"0,301";"0,102";"0,826";"0,000";"0,000";"0,000";
"04/09/2024 21:10";"0,522";"0,000";"0,430";"0,000";"0,175";"0,000";"1,126";"0,000";"0,021";"0,000";"0,000";"0,053";"0,522";"0,430";"0,175";"1,126";"0,000";"0,000";"0,000";
"04/09/2024 21:20";"0,752";"0,000";"0,649";"0,000";"0,472";"0,000";"1,874";"0,000";"0,034";"0,000";"0,000";"0,182";"0,752";"0,649";"0,472";"1,874";"0,000";"0,000";"0,000";
"04/09/2024 21:30";"0,508";"0,000";"0,456";"0,000";"0,243";"0,000";"1,206";"0,000";"0,000";"0,000";"0,000";"0,196";"0,508";"0,456";"0,243";"1,206";"0,000";"0,000";"0,000";
"04/09/2024 21:40";"0,480";"0,000";"0,501";"0,000";"0,246";"0,000";"1,227";"0,000";"0,000";"0,000";"0,000";"0,184";"0,480";"0,501";"0,246";"1,227";"0,000";"0,000";"0,000";
"04/09/2024 21:50";"0,735";"0,000";"0,727";"0,000";"0,474";"0,000";"1,936";"0,000";"0,095";"0,000";"0,000";"0,112";"0,735";"0,727";"0,474";"1,936";"0,000";"0,000";"0,000";
"04/09/2024 22:00";"0,493";"0,000";"0,464";"0,000";"0,243";"0,000";"1,200";"0,000";"0,000";"0,000";"0,000";"0,187";"0,493";"0,464";"0,243";"1,200";"0,000";"0,000";"0,000";
"04/09/2024 22:10";"0,466";"0,000";"0,474";"0,000";"0,243";"0,000";"1,183";"0,000";"0,000";"0,000";"0,000";"0,203";"0,466";"0,474";"0,243";"1,183";"0,000";"0,000";"0,000";
"04/09/2024 22:20";"0,490";"0,000";"0,470";"0,000";"0,243";"0,000";"1,203";"0,000";"0,000";"0,000";"0,000";"0,222";"0,490";"0,470";"0,243";"1,203";"0,000";"0,000";"0,000";
"04/09/2024 22:30";"0,587";"0,000";"0,586";"0,000";"0,324";"0,000";"1,497";"0,000";"0,000";"0,000";"0,000";"0,123";"0,587";"0,586";"0,324";"1,497";"0,000";"0,000";"0,000";
"04/09/2024 22:40";"0,836";"0,000";"0,635";"0,000";"0,429";"0,000";"1,900";"0,000";"0,053";"0,000";"0,000";"0,213";"0,836";"0,635";"0,429";"1,900";"0,000";"0,000";"0,000";
"04/09/2024 22:50";"0,614";"0,000";"0,447";"0,000";"0,243";"0,000";"1,304";"0,000";"0,000";"0,000";"0,000";"0,207";"0,614";"0,447";"0,243";"1,304";"0,000";"0,000";"0,000";
"04/09/2024 23:00";"0,522";"0,000";"0,536";"0,000";"0,283";"0,000";"1,342";"0,000";"0,002";"0,000";"0,000";"0,184";"0,522";"0,536";"0,283";"1,342";"0,000";"0,000";"0,000";
"04/09/2024 23:10";"0,524";"0,000";"0,535";"0,000";"0,282";"0,000";"1,341";"0,000";"0,000";"0,000";"0,000";"0,158";"0,524";"0,535";"0,282";"1,341";"0,000";"0,000";"0,000";
"04/09/2024 23:20";"0,583";"0,000";"0,610";"0,000";"0,441";"0,000";"1,633";"0,000";"0,038";"0,000";"0,000";"0,258";"0,583";"0,610";"0,441";"1,633";"0,000";"0,000";"0,000";
"04/09/2024 23:30";"0,517";"0,000";"0,465";"0,000";"0,244";"0,000";"1,227";"0,000";"0,000";"0,000";"0,000";"0,203";"0,517";"0,465";"0,244";"1,227";"0,000";"0,000";"0,000";
"04/09/2024 23:40";"0,476";"0,000";"0,474";"0,000";"0,248";"0,000";"1,198";"0,000";"0,000";"0,000";"0,000";"0,196";"0,476";"0,474";"0,248";"1,198";"0,000";"0,000";"0,000";
"04/09/2024 23:50";"0,571";"0,000";"0,592";"0,000";"0,385";"0,000";"1,548";"0,000";"0,032";"0,000";"0,000";"0,308";"0,571";"0,592";"0,385";"1,548";"0,000";"0,000";"0,000";
"05/09/2024 00:00";"0,539";"0,000";"0,512";"0,000";"0,287";"0,000";"1,337";"0,000";"0,000";"0,000";"0,000";"0,224";"0,539";"0,512";"0,287";"1,337";"0,000";"0,000";"0,000";
"05/09/2024 00:10";"0,910";"0,000";"0,713";"0,000";"0,245";"0,000";"1,867";"0,000";"0,000";"0,000";"0,000";"0,240";"0,910";"0,713";"0,245";"1,867";"0,000";"0,000";"0,000";
"05/09/2024 00:20";"0,907";"0,000";"0,594";"0,000";"0,244";"0,000";"1,746";"0,000";"0,000";"0,000";"0,000";"0,219";"0,907";"0,594";"0,244";"1,746";"0,000";"0,000";"0,000";
"05/09/2024 00:30";"0,481";"0,000";"0,459";"0,000";"0,244";"0,000";"1,183";"0,000";"0,000";"0,000";"0,000";"0,225";"0,481";"0,459";"0,244";"1,183";"0,000";"0,000";"0,000";
"05/09/2024 00:40";"0,604";"0,000";"0,631";"0,000";"0,444";"0,000";"1,679";"0,000";"0,035";"0,000";"0,000";"0,235";"0,604";"0,631";"0,444";"1,679";"0,000";"0,000";"0,000";
"05/09/2024 00:50";"0,467";"0,000";"0,468";"0,000";"0,244";"0,000";"1,179";"0,000";"0,000";"0,000";"0,000";"0,226";"0,467";"0,468";"0,244";"1,179";"0,000";"0,000";"0,000";
"05/09/2024 01:00";"0,763";"0,000";"0,539";"0,000";"0,286";"0,000";"1,588";"0,000";"0,000";"0,000";"0,000";"0,171";"0,763";"0,539";"0,286";"1,588";"0,000";"0,000";"0,000";
"05/09/2024 01:10";"0,771";"0,000";"0,533";"0,000";"0,315";"0,000";"1,619";"0,000";"0,003";"0,000";"0,000";"0,143";"0,771";"0,533";"0,315";"1,619";"0,000";"0,000";"0,000";
"05/09/2024 01:20";"0,574";"0,000";"0,612";"0,000";"0,440";"0,000";"1,626";"0,000";"0,032";"0,000";"0,000";"0,231";"0,574";"0,612";"0,440";"1,626";"0,000";"0,000";"0,000";
"05/09/2024 01:30";"0,482";"0,000";"0,483";"0,000";"0,244";"0,000";"1,208";"0,000";"0,000";"0,000";"0,000";"0,192";"0,482";"0,483";"0,244";"1,208";"0,000";"0,000";"0,000";
"05/09/2024 01:40";"0,523";"0,000";"0,549";"0,000";"0,295";"0,000";"1,366";"0,000";"0,000";"0,000";"0,000";"0,170";"0,523";"0,549";"0,295";"1,366";"0,000";"0,000";"0,000";
"05/09/2024 01:50";"0,550";"0,000";"0,514";"0,000";"0,286";"0,000";"1,350";"0,000";"0,004";"0,000";"0,000";"0,157";"0,550";"0,514";"0,286";"1,350";"0,000";"0,000";"0,000";
"05/09/2024 02:00";"0,579";"0,000";"0,598";"0,000";"0,429";"0,000";"1,606";"0,000";"0,034";"0,000";"0,000";"0,330";"0,579";"0,598";"0,429";"1,606";"0,000";"0,000";"0,000";
"05/09/2024 02:10";"0,469";"0,000";"0,489";"0,000";"0,244";"0,000";"1,203";"0,000";"0,000";"0,000";"0,000";"0,200";"0,469";"0,489";"0,244";"1,203";"0,000";"0,000";"0,000";
"05/09/2024 02:20";"0,608";"0,000";"0,615";"0,000";"0,335";"0,000";"1,558";"0,000";"0,006";"0,000";"0,000";"0,124";"0,608";"0,615";"0,335";"1,558";"0,000";"0,000";"0,000";
"05/09/2024 02:30";"0,521";"0,000";"0,497";"0,000";"0,283";"0,000";"1,302";"0,000";"0,000";"0,000";"0,000";"0,183";"0,521";"0,497";"0,283";"1,302";"0,000";"0,000";"0,000";
"05/09/2024 02:40";"0,615";"0,000";"0,649";"0,000";"0,452";"0,000";"1,716";"0,000";"0,036";"0,000";"0,000";"0,273";"0,615";"0,649";"0,452";"1,716";"0,000";"0,000";"0,000";
"05/09/2024 02:50";"0,493";"0,000";"0,494";"0,000";"0,250";"0,000";"1,238";"0,000";"0,000";"0,000";"0,000";"0,212";"0,493";"0,494";"0,250";"1,238";"0,000";"0,000";"0,000";
"05/09/2024 03:00";"0,492";"0,000";"0,490";"0,000";"0,251";"0,000";"1,233";"0,000";"0,000";"0,000";"0,000";"0,193";"0,492";"0,490";"0,251";"1,233";"0,000";"0,000";"0,000";
"05/09/2024 03:10";"0,558";"0,000";"0,566";"0,000";"0,337";"0,000";"1,462";"0,000";"0,002";"0,000";"0,000";"0,139";"0,558";"0,566";"0,337";"1,462";"0,000";"0,000";"0,000";
"05/09/2024 03:20";"0,656";"0,000";"0,667";"0,000";"0,469";"0,000";"1,791";"0,000";"0,040";"0,000";"0,000";"0,262";"0,656";"0,667";"0,469";"1,791";"0,000";"0,000";"0,000";
"05/09/2024 03:30";"0,522";"0,000";"0,515";"0,000";"0,270";"0,000";"1,307";"0,000";"0,000";"0,000";"0,000";"0,190";"0,522";"0,515";"0,270";"1,307";"0,000";"0,000";"0,000";
"05/09/2024 03:40";"0,467";"0,000";"0,467";"0,000";"0,244";"0,000";"1,178";"0,000";"0,000";"0,000";"0,000";"0,217";"0,467";"0,467";"0,244";"1,178";"0,000";"0,000";"0,000";
"05/09/2024 03:50";"0,548";"0,000";"0,463";"0,000";"0,249";"0,000";"1,260";"0,000";"0,000";"0,000";"0,000";"0,193";"0,548";"0,463";"0,249";"1,260";"0,000";"0,000";"0,000";
"05/09/2024 04:00";"0,979";"0,000";"0,715";"0,000";"0,495";"0,000";"2,189";"0,000";"0,036";"0,000";"0,000";"0,243";"0,979";"0,715";"0,495";"2,189";"0,000";"0,000";"0,000";
"05/09/2024 04:10";"0,608";"0,000";"0,514";"0,000";"0,270";"0,000";"1,392";"0,000";"0,000";"0,000";"0,000";"0,180";"0,608";"0,514";"0,270";"1,392";"0,000";"0,000";"0,000";
"05/09/2024 04:20";"0,469";"0,000";"0,455";"0,000";"0,244";"0,000";"1,168";"0,000";"0,000";"0,000";"0,000";"0,222";"0,469";"0,455";"0,244";"1,168";"0,000";"0,000";"0,000";
"05/09/2024 04:30";"0,491";"0,000";"0,465";"0,000";"0,245";"0,000";"1,201";"0,000";"0,000";"0,000";"0,000";"0,189";"0,491";"0,465";"0,245";"1,201";"0,000";"0,000";"0,000";
"05/09/2024 04:40";"0,732";"0,000";"0,754";"0,000";"0,531";"0,000";"2,017";"0,000";"0,043";"0,000";"0,000";"0,185";"0,732";"0,754";"0,531";"2,017";"0,000";"0,000";"0,000";
"05/09/2024 04:50";"0,480";"0,000";"0,461";"0,000";"0,245";"0,000";"1,187";"0,000";"0,000";"0,000";"0,000";"0,201";"0,480";"0,461";"0,245";"1,187";"0,000";"0,000";"0,000";
"05/09/2024 05:00";"0,456";"0,000";"0,457";"0,000";"0,248";"0,000";"1,161";"0,000";"0,000";"0,000";"0,000";"0,213";"0,456";"0,457";"0,248";"1,161";"0,000";"0,000";"0,000";
"05/09/2024 05:10";"0,570";"0,000";"0,554";"0,000";"0,281";"0,000";"1,405";"0,000";"0,008";"0,000";"0,000";"0,165";"0,570";"0,554";"0,281";"1,405";"0,000";"0,000";"0,000";
"05/09/2024 05:20";"0,819";"0,000";"0,688";"0,000";"0,450";"0,000";"1,957";"0,000";"0,113";"0,000";"0,000";"0,243";"0,819";"0,688";"0,450";"1,957";"0,000";"0,000";"0,000";
"05/09/2024 05:30";"1,268";"0,000";"1,093";"0,000";"0,695";"0,000";"3,056";"0,000";"0,044";"0,000";"0,000";"0,053";"1,268";"1,093";"0,695";"3,056";"0,000";"0,000";"0,000";
"05/09/2024 05:40";"2,608";"0,000";"2,166";"0,000";"2,181";"0,000";"6,955";"0,000";"0,057";"0,000";"0,000";"0,076";"2,608";"2,166";"2,181";"6,955";"0,000";"0,000";"0,000";
"05/09/2024 05:50";"3,636";"0,000";"3,175";"0,000";"3,475";"0,000";"10,285";"0,000";"0,031";"0,000";"0,000";"0,096";"3,636";"3,175";"3,475";"10,285";"0,000";"0,000";"0,000";
"05/09/2024 06:00";"4,979";"0,000";"4,646";"0,000";"5,102";"0,000";"14,726";"0,000";"0,680";"0,000";"0,000";"0,343";"4,979";"4,646";"5,102";"14,726";"0,000";"0,000";"0,000";
"05/09/2024 06:10";"6,225";"0,000";"5,775";"0,000";"6,237";"0,000";"18,237";"0,000";"1,533";"0,000";"0,000";"0,270";"6,225";"5,775";"6,237";"18,237";"0,000";"0,000";"0,000";
"05/09/2024 06:20";"8,600";"0,000";"7,943";"0,000";"8,178";"0,000";"24,721";"0,000";"3,701";"0,000";"0,000";"0,000";"8,600";"7,943";"8,178";"24,721";"0,000";"0,000";"0,000";
"05/09/2024 06:30";"8,874";"0,000";"8,606";"0,000";"8,754";"0,000";"26,235";"0,000";"4,633";"0,000";"0,000";"0,000";"8,874";"8,606";"8,754";"26,234";"0,000";"0,000";"0,000";
"05/09/2024 06:40";"9,241";"0,000";"9,036";"0,000";"9,130";"0,000";"27,407";"0,000";"4,958";"0,000";"0,000";"0,000";"9,241";"9,036";"9,130";"27,407";"0,000";"0,000";"0,000";
"05/09/2024 06:50";"9,440";"0,000";"8,977";"0,000";"9,128";"0,000";"27,544";"0,000";"4,338";"0,000";"0,000";"0,000";"9,440";"8,977";"9,128";"27,544";"0,000";"0,000";"0,000";
"05/09/2024 07:00";"9,202";"0,000";"8,674";"0,000";"8,770";"0,000";"26,646";"0,000";"5,898";"0,000";"0,000";"0,000";"9,202";"8,674";"8,770";"26,647";"0,000";"0,000";"0,000";
"05/09/2024 07:10";"9,566";"0,000";"9,070";"0,000";"9,152";"0,000";"27,787";"0,000";"7,295";"0,000";"0,000";"0,000";"9,566";"9,070";"9,152";"27,787";"0,000";"0,000";"0,000";
"05/09/2024 07:20";"9,283";"0,000";"9,090";"0,000";"9,274";"0,000";"27,648";"0,000";"4,365";"0,000";"0,000";"0,000";"9,283";"9,090";"9,274";"27,648";"0,000";"0,000";"0,000";
"05/09/2024 07:30";"8,812";"0,000";"8,678";"0,000";"8,737";"0,000";"26,227";"0,000";"3,147";"0,000";"0,000";"0,000";"8,812";"8,678";"8,737";"26,227";"0,000";"0,000";"0,000";
"05/09/2024 07:40";"9,412";"0,000";"8,819";"0,000";"8,659";"0,000";"26,889";"0,000";"4,984";"0,000";"0,000";"0,000";"9,412";"8,819";"8,659";"26,889";"0,000";"0,000";"0,000";
"05/09/2024 07:50";"8,013";"0,000";"7,364";"0,000";"7,602";"0,000";"22,980";"0,000";"1,535";"0,000";"0,000";"0,000";"8,013";"7,364";"7,602";"22,980";"0,000";"0,000";"0,000";
"05/09/2024 08:00";"8,571";"0,000";"7,774";"0,000";"8,184";"0,000";"24,529";"0,000";"2,716";"0,000";"0,000";"0,000";"8,575";"7,778";"8,188";"24,541";"0,012";"0,000";"0,012";
"05/09/2024 08:10";"9,054";"0,000";"8,677";"0,000";"8,931";"0,000";"26,662";"0,000";"3,876";"0,000";"0,000";"0,000";"9,074";"8,697";"8,951";"26,722";"0,060";"0,000";"0,060";
"05/09/2024 08:20";"10,920";"0,000";"10,676";"0,000";"10,732";"0,000";"32,329";"0,000";"7,140";"0,000";"0,000";"0,000";"10,959";"10,715";"10,771";"32,445";"0,116";"0,000";"0,116";
"05/09/2024 08:30";"10,729";"0,000";"10,405";"0,000";"10,547";"0,000";"31,682";"0,000";"5,794";"0,000";"0,000";"0,000";"10,790";"10,466";"10,608";"31,865";"0,183";"0,000";"0,183";
"05/09/2024 08:40";"9,541";"0,000";"8,856";"0,000";"9,108";"0,000";"27,505";"0,000";"7,837";"0,000";"0,000";"0,000";"9,662";"8,977";"9,229";"27,867";"0,362";"0,000";"0,362";
"05/09/2024 08:50";"8,664";"0,000";"7,952";"0,000";"8,251";"0,000";"24,866";"0,000";"5,041";"0,000";"0,000";"0,000";"8,803";"8,091";"8,390";"25,284";"0,418";"0,000";"0,418";
"05/09/2024 09:00";"8,524";"0,000";"8,182";"0,000";"8,538";"0,000";"25,244";"0,000";"3,300";"0,000";"0,000";"0,010";"8,625";"8,283";"8,639";"25,547";"0,303";"0,000";"0,303";
"05/09/2024 09:10";"8,045";"0,000";"7,676";"0,000";"8,104";"0,000";"23,825";"0,000";"2,484";"0,000";"0,000";"0,011";"8,190";"7,822";"8,250";"24,261";"0,436";"0,000";"0,436";
"05/09/2024 09:20";"8,361";"0,000";"8,006";"0,000";"8,008";"0,000";"24,375";"0,000";"2,521";"0,000";"0,000";"0,021";"8,538";"8,183";"8,185";"24,906";"0,531";"0,000";"0,531";
"05/09/2024 09:30";"9,227";"0,000";"8,634";"0,000";"8,601";"0,000";"26,461";"0,000";"6,039";"0,000";"0,000";"0,000";"9,403";"8,810";"8,776";"26,988";"0,527";"0,000";"0,527";
"05/09/2024 09:40";"6,689";"0,000";"5,668";"0,000";"6,097";"0,000";"18,454";"0,000";"2,616";"0,000";"0,000";"0,295";"6,877";"5,856";"6,285";"19,018";"0,564";"0,000";"0,564";
"05/09/2024 09:50";"3,406";"0,000";"2,801";"0,000";"3,199";"0,000";"9,406";"0,000";"1,343";"0,000";"0,000";"0,331";"3,612";"3,007";"3,405";"10,024";"0,618";"0,000";"0,618";
"05/09/2024 10:00";"2,869";"0,000";"2,529";"0,000";"2,669";"0,000";"8,067";"0,000";"0,711";"0,000";"0,000";"0,000";"3,004";"2,664";"2,803";"8,470";"0,403";"0,000";"0,403";
"05/09/2024 10:10";"2,769";"0,000";"2,376";"0,000";"2,698";"0,000";"7,843";"0,000";"0,490";"0,000";"0,000";"0,000";"2,895";"2,501";"2,823";"8,219";"0,376";"0,000";"0,376";
"05/09/2024 10:20";"7,170";"0,000";"6,190";"0,000";"6,684";"0,000";"20,044";"0,000";"1,526";"0,000";"0,000";"0,090";"7,328";"6,348";"6,842";"20,518";"0,474";"0,000";"0,474";
"05/09/2024 10:30";"9,335";"0,000";"8,151";"0,000";"8,526";"0,000";"26,012";"0,000";"3,895";"0,000";"0,000";"0,056";"9,498";"8,314";"8,689";"26,501";"0,489";"0,000";"0,489";
"05/09/2024 10:40";"10,009";"0,000";"9,048";"0,000";"9,217";"0,000";"28,274";"0,000";"4,907";"0,000";"0,000";"0,001";"10,203";"9,243";"9,411";"28,857";"0,583";"0,000";"0,583";
"05/09/2024 10:50";"9,241";"0,000";"8,406";"0,000";"9,054";"0,000";"26,700";"0,000";"5,868";"0,000";"0,000";"0,005";"9,439";"8,604";"9,252";"27,295";"0,595";"0,000";"0,595";
"05/09/2024 11:00";"8,928";"0,000";"8,086";"0,000";"8,596";"0,000";"25,609";"0,000";"5,223";"0,000";"0,000";"0,004";"9,118";"8,276";"8,786";"26,181";"0,572";"0,000";"0,572";
"05/09/2024 11:10";"8,580";"0,000";"7,744";"0,000";"8,231";"0,000";"24,555";"0,000";"4,447";"0,000";"0,000";"0,000";"8,833";"7,997";"8,484";"25,314";"0,759";"0,000";"0,759";
"05/09/2024 11:20";"8,806";"0,000";"7,649";"0,000";"7,949";"0,000";"24,404";"0,000";"4,647";"0,000";"0,000";"0,000";"9,065";"7,909";"8,208";"25,182";"0,778";"0,000";"0,778";
"05/09/2024 11:30";"9,745";"0,000";"8,695";"0,000";"8,945";"0,000";"27,384";"0,000";"4,802";"0,000";"0,000";"0,000";"10,021";"8,971";"9,221";"28,212";"0,828";"0,000";"0,828";
"05/09/2024 11:40";"9,168";"0,000";"8,332";"0,000";"8,501";"0,000";"26,000";"0,000";"6,682";"0,000";"0,000";"0,000";"9,512";"8,676";"8,845";"27,033";"1,033";"0,000";"1,033";
"05/09/2024 11:50";"8,386";"0,000";"7,836";"0,000";"7,895";"0,000";"24,117";"0,000";"4,996";"0,000";"0,000";"0,000";"8,802";"8,252";"8,311";"25,366";"1,249";"0,000";"1,249";
"05/09/2024 12:00";"8,662";"0,000";"8,211";"0,000";"8,520";"0,000";"25,392";"0,000";"5,576";"0,000";"0,000";"0,000";"9,148";"8,697";"9,006";"26,850";"1,458";"0,000";"1,458";
"05/09/2024 12:10";"9,210";"0,000";"8,452";"0,000";"8,529";"0,000";"26,192";"0,000";"5,197";"0,000";"0,000";"0,000";"9,819";"9,061";"9,138";"28,019";"1,827";"0,000";"1,827";
"05/09/2024 12:20";"8,824";"0,000";"8,226";"0,000";"8,170";"0,000";"25,220";"0,000";"4,141";"0,000";"0,000";"0,000";"9,415";"8,817";"8,761";"26,993";"1,773";"0,000";"1,773";
"05/09/2024 12:30";"8,431";"0,000";"7,949";"0,000";"8,149";"0,000";"24,529";"0,000";"3,554";"0,000";"0,000";"0,000";"8,992";"8,509";"8,709";"26,210";"1,681";"0,000";"1,681";
"05/09/2024 12:40";"8,943";"0,000";"8,711";"0,000";"8,517";"0,000";"26,171";"0,000";"3,643";"0,000";"0,000";"0,008";"9,477";"9,245";"9,051";"27,772";"1,601";"0,000";"1,601";
"05/09/2024 12:50";"8,783";"0,000";"9,380";"0,000";"8,539";"0,000";"26,701";"0,000";"3,042";"0,000";"0,000";"0,021";"9,434";"10,031";"9,190";"28,654";"1,953";"0,000";"1,953";
"05/09/2024 13:00";"8,012";"0,000";"8,754";"0,000";"8,026";"0,000";"24,792";"0,000";"2,031";"0,000";"0,000";"0,000";"8,774";"9,516";"8,788";"27,079";"2,287";"0,000";"2,287";
"05/09/2024 13:10";"6,409";"0,000";"7,143";"0,000";"6,414";"0,000";"19,966";"0,000";"1,857";"0,000";"0,000";"0,250";"6,962";"7,696";"6,967";"21,625";"1,659";"0,000";"1,659";
"05/09/2024 13:20";"4,003";"0,000";"4,734";"0,000";"4,109";"0,000";"12,846";"0,000";"1,180";"0,000";"0,000";"0,291";"4,413";"5,145";"4,519";"14,077";"1,231";"0,000";"1,231";
"05/09/2024 13:30";"2,841";"0,000";"3,665";"0,000";"3,049";"0,000";"9,555";"0,000";"0,579";"0,000";"0,000";"0,057";"3,184";"4,008";"3,391";"10,583";"1,028";"0,000";"1,028";
"05/09/2024 13:40";"1,930";"0,000";"2,719";"0,000";"2,024";"0,000";"6,673";"0,000";"0,371";"0,000";"0,000";"0,092";"2,388";"3,177";"2,482";"8,047";"1,374";"0,000";"1,374";
"05/09/2024 13:50";"1,858";"0,000";"2,515";"0,000";"1,652";"0,000";"6,025";"0,000";"0,031";"0,000";"0,000";"0,196";"2,393";"3,050";"2,187";"7,630";"1,605";"0,000";"1,605";
"05/09/2024 14:00";"1,595";"0,000";"2,182";"0,000";"1,278";"0,000";"5,055";"0,000";"0,010";"0,000";"0,000";"0,260";"2,034";"2,622";"1,718";"6,373";"1,318";"0,000";"1,318";
"05/09/2024 14:10";"0,891";"0,000";"1,639";"0,000";"0,301";"0,000";"2,832";"0,000";"0,000";"0,000";"0,000";"0,243";"1,250";"1,997";"0,660";"3,907";"1,075";"0,000";"1,075";
"05/09/2024 14:20";"1,294";"0,000";"1,550";"0,000";"0,150";"0,000";"2,994";"0,000";"0,000";"0,000";"0,000";"0,256";"1,511";"1,767";"0,367";"3,644";"0,650";"0,000";"0,650";
"05/09/2024 14:30";"1,435";"0,000";"1,750";"0,000";"0,384";"0,000";"3,569";"0,000";"0,139";"0,000";"0,000";"0,278";"1,920";"2,234";"0,868";"5,022";"1,453";"0,000";"1,453";
"05/09/2024 14:40";"0,782";"0,000";"1,588";"0,000";"0,160";"0,000";"2,530";"0,000";"0,113";"0,000";"0,000";"0,204";"1,303";"2,109";"0,681";"4,093";"1,563";"0,000";"1,563";
"05/09/2024 14:50";"0,719";"0,000";"1,527";"0,000";"0,114";"0,000";"2,360";"0,000";"0,000";"0,000";"0,000";"0,203";"0,961";"1,769";"0,356";"3,085";"0,725";"0,000";"0,725";
"05/09/2024 15:00";"1,099";"0,000";"1,468";"0,000";"0,109";"0,000";"2,677";"0,000";"0,000";"0,000";"0,000";"0,190";"1,460";"1,829";"0,469";"3,758";"1,081";"0,000";"1,081";
"05/09/2024 15:10";"1,269";"0,000";"1,627";"0,000";"0,297";"0,000";"3,194";"0,000";"0,028";"0,000";"0,000";"0,322";"1,592";"1,950";"0,620";"4,162";"0,968";"0,000";"0,968";
"05/09/2024 15:20";"0,845";"0,000";"1,473";"0,000";"0,109";"0,000";"2,427";"0,000";"0,002";"0,000";"0,000";"0,209";"1,364";"1,991";"0,627";"3,982";"1,555";"0,000";"1,555";
"05/09/2024 15:30";"0,662";"0,000";"1,448";"0,000";"0,111";"0,000";"2,220";"0,000";"0,000";"0,000";"0,000";"0,216";"1,009";"1,796";"0,458";"3,263";"1,043";"0,000";"1,043";
"05/09/2024 15:40";"0,611";"0,000";"1,436";"0,000";"0,127";"0,000";"2,174";"0,000";"0,000";"0,000";"0,000";"0,186";"0,828";"1,654";"0,345";"2,827";"0,653";"0,000";"0,653";
"05/09/2024 15:50";"1,130";"0,000";"1,589";"0,000";"0,313";"0,000";"3,033";"0,000";"0,161";"0,000";"0,000";"0,198";"1,307";"1,766";"0,490";"3,564";"0,531";"0,000";"0,531";
"05/09/2024 16:00";"1,156";"0,000";"1,431";"0,000";"0,162";"0,000";"2,749";"0,000";"0,000";"0,000";"0,000";"0,205";"1,278";"1,553";"0,284";"3,115";"0,366";"0,000";"0,366";
"05/09/2024 16:10";"0,724";"0,000";"1,421";"0,000";"0,142";"0,000";"2,287";"0,000";"0,000";"0,000";"0,000";"0,176";"0,950";"1,647";"0,368";"2,966";"0,679";"0,000";"0,679";
"05/09/2024 16:20";"0,701";"0,000";"1,584";"0,000";"0,296";"0,000";"2,582";"0,000";"0,032";"0,000";"0,000";"0,316";"1,124";"2,007";"0,719";"3,850";"1,268";"0,000";"1,268";
"05/09/2024 16:30";"0,635";"0,000";"1,431";"0,000";"0,112";"0,000";"2,178";"0,000";"0,002";"0,000";"0,000";"0,176";"1,097";"1,893";"0,574";"3,565";"1,387";"0,000";"1,387";
"05/09/2024 16:40";"1,076";"0,000";"1,401";"0,000";"0,115";"0,000";"2,592";"0,000";"0,000";"0,000";"0,000";"0,196";"1,429";"1,755";"0,469";"3,653";"1,061";"0,000";"1,061";
"05/09/2024 16:50";"1,127";"0,000";"1,266";"0,000";"0,118";"0,000";"2,510";"0,000";"0,000";"0,000";"0,000";"0,171";"1,480";"1,619";"0,471";"3,569";"1,059";"0,000";"1,059";
"05/09/2024 17:00";"0,756";"0,000";"0,942";"0,000";"0,302";"0,000";"2,000";"0,000";"0,030";"0,000";"0,000";"0,244";"1,328";"1,513";"0,873";"3,715";"1,715";"0,000";"1,715";
"05/09/2024 17:10";"0,607";"0,000";"0,555";"0,000";"0,111";"0,000";"1,273";"0,000";"0,016";"0,000";"0,000";"0,137";"1,587";"1,535";"1,091";"4,213";"2,940";"0,000";"2,940";
"05/09/2024 17:20";"0,619";"0,000";"0,501";"0,000";"0,108";"0,000";"1,229";"0,000";"0,000";"0,000";"0,000";"0,148";"1,856";"1,738";"1,345";"4,940";"3,711";"0,000";"3,711";
"05/09/2024 17:30";"1,128";"0,000";"0,426";"0,000";"0,112";"0,000";"1,665";"0,000";"0,000";"0,000";"0,000";"0,152";"2,367";"1,665";"1,351";"5,382";"3,717";"0,000";"3,717";
"05/09/2024 17:40";"1,131";"0,000";"0,447";"0,000";"0,265";"0,000";"1,843";"0,000";"0,154";"0,000";"0,000";"0,099";"2,026";"1,343";"1,161";"4,530";"2,687";"0,000";"2,687";
"05/09/2024 17:50";"0,581";"0,000";"0,287";"0,000";"0,118";"0,000";"0,986";"0,000";"0,007";"0,000";"0,000";"0,126";"1,359";"1,066";"0,896";"3,321";"2,335";"0,000";"2,335";
"05/09/2024 18:00";"0,626";"0,000";"0,335";"0,000";"0,112";"0,000";"1,073";"0,000";"0,001";"0,000";"0,000";"0,101";"0,946";"0,655";"0,432";"2,034";"0,961";"0,000";"0,961";
"05/09/2024 18:10";"1,020";"0,000";"0,332";"0,000";"0,112";"0,000";"1,464";"0,000";"0,000";"0,000";"0,000";"0,135";"1,274";"0,586";"0,366";"2,226";"0,762";"0,000";"0,762";
"05/09/2024 18:20";"1,226";"0,000";"0,435";"0,000";"0,302";"0,000";"1,963";"0,000";"0,032";"0,000";"0,000";"0,200";"1,511";"0,720";"0,587";"2,817";"0,854";"0,000";"0,854";
"05/09/2024 18:30";"0,583";"0,000";"0,314";"0,000";"0,112";"0,000";"1,009";"0,000";"0,000";"0,000";"0,000";"0,124";"1,205";"0,936";"0,734";"2,875";"1,866";"0,000";"1,866";
"05/09/2024 18:40";"0,634";"0,000";"0,332";"0,000";"0,114";"0,000";"1,080";"0,000";"0,010";"0,000";"0,000";"0,095";"1,117";"0,815";"0,597";"2,528";"1,448";"0,000";"1,448";
"05/09/2024 18:50";"0,488";"0,000";"0,445";"0,000";"0,250";"0,000";"1,182";"0,000";"0,114";"0,000";"0,000";"0,091";"0,861";"0,817";"0,622";"2,300";"1,118";"0,000";"1,118";
"05/09/2024 19:00";"0,857";"0,000";"0,311";"0,000";"0,159";"0,000";"1,327";"0,000";"0,001";"0,000";"0,000";"0,123";"1,133";"0,588";"0,435";"2,157";"0,830";"0,000";"0,830";
"05/09/2024 19:10";"0,890";"0,000";"0,328";"0,000";"0,113";"0,000";"1,331";"0,000";"0,000";"0,000";"0,000";"0,121";"1,054";"0,493";"0,277";"1,824";"0,493";"0,000";"0,493";
"05/09/2024 19:20";"0,336";"0,000";"0,324";"0,000";"0,113";"0,000";"0,772";"0,000";"0,002";"0,000";"0,000";"0,109";"0,514";"0,502";"0,291";"1,308";"0,536";"0,000";"0,536";
"05/09/2024 19:30";"0,676";"0,000";"0,378";"0,000";"0,213";"0,000";"1,267";"0,000";"0,073";"0,000";"0,000";"0,198";"0,840";"0,542";"0,377";"1,759";"0,492";"0,000";"0,492";
"05/09/2024 19:40";"0,861";"0,000";"0,344";"0,000";"0,169";"0,000";"1,374";"0,000";"0,049";"0,000";"0,000";"0,131";"0,972";"0,455";"0,280";"1,707";"0,333";"0,000";"0,333";
"05/09/2024 19:50";"0,891";"0,000";"0,336";"0,000";"0,112";"0,000";"1,339";"0,000";"0,000";"0,000";"0,000";"0,110";"0,972";"0,417";"0,193";"1,582";"0,243";"0,000";"0,243";
"05/09/2024 20:00";"0,545";"0,000";"0,310";"0,000";"0,113";"0,000";"0,968";"0,000";"0,000";"0,000";"0,000";"0,130";"0,618";"0,383";"0,186";"1,187";"0,219";"0,000";"0,219";
"05/09/2024 20:10";"0,430";"0,000";"0,399";"0,000";"0,244";"0,000";"1,074";"0,000";"0,037";"0,000";"0,000";"0,115";"0,475";"0,444";"0,289";"1,209";"0,135";"0,000";"0,135";
"05/09/2024 20:20";"0,384";"0,000";"0,364";"0,000";"0,170";"0,000";"0,918";"0,000";"0,000";"0,000";"0,000";"0,156";"0,423";"0,404";"0,210";"1,037";"0,119";"0,000";"0,119";
"05/09/2024 20:30";"0,719";"0,000";"0,333";"0,000";"0,111";"0,000";"1,162";"0,000";"0,000";"0,000";"0,000";"0,125";"0,741";"0,354";"0,132";"1,227";"0,065";"0,000";"0,065";
"05/09/2024 20:40";"0,836";"0,000";"0,279";"0,000";"0,111";"0,000";"1,226";"0,000";"0,000";"0,000";"0,000";"0,135";"0,849";"0,291";"0,123";"1,263";"0,037";"0,000";"0,037";
"05/09/2024 20:50";"0,860";"0,000";"0,448";"0,000";"0,289";"0,000";"1,597";"0,000";"0,048";"0,000";"0,000";"0,146";"0,863";"0,452";"0,293";"1,608";"0,011";"0,000";"0,011";
"05/09/2024 21:00";"0,497";"0,000";"0,341";"0,000";"0,121";"0,000";"0,959";"0,000";"0,000";"0,000";"0,000";"0,144";"0,497";"0,341";"0,121";"0,959";"0,000";"0,000";"0,000";
"05/09/2024 21:10";"0,321";"0,000";"0,295";"0,000";"0,118";"0,000";"0,734";"0,000";"0,000";"0,000";"0,000";"0,136";"0,321";"0,295";"0,118";"0,734";"0,000";"0,000";"0,000";
"05/09/2024 21:20";"0,961";"0,000";"0,460";"0,000";"0,241";"0,000";"1,663";"0,000";"0,000";"0,000";"0,000";"0,212";"0,961";"0,460";"0,241";"1,663";"0,000";"0,000";"0,000";
"05/09/2024 21:30";"1,115";"0,000";"0,646";"0,000";"0,404";"0,000";"2,165";"0,000";"0,085";"0,000";"0,000";"0,293";"1,115";"0,646";"0,404";"2,165";"0,000";"0,000";"0,000";
"05/09/2024 21:40";"0,571";"0,000";"0,444";"0,000";"0,251";"0,000";"1,265";"0,000";"0,000";"0,000";"0,000";"0,216";"0,571";"0,444";"0,251";"1,265";"0,000";"0,000";"0,000";
"05/09/2024 21:50";"0,497";"0,000";"0,469";"0,000";"0,251";"0,000";"1,216";"0,000";"0,000";"0,000";"0,000";"0,226";"0,497";"0,469";"0,251";"1,216";"0,000";"0,000";"0,000";
"05/09/2024 22:00";"0,460";"0,000";"0,496";"0,000";"0,250";"0,000";"1,206";"0,000";"0,000";"0,000";"0,000";"0,223";"0,460";"0,496";"0,250";"1,206";"0,000";"0,000";"0,000";
"05/09/2024 22:10";"0,867";"0,000";"0,611";"0,000";"0,444";"0,000";"1,922";"0,000";"0,033";"0,000";"0,000";"0,258";"0,867";"0,611";"0,444";"1,922";"0,000";"0,000";"0,000";
"05/09/2024 22:20";"0,990";"0,000";"0,456";"0,000";"0,255";"0,000";"1,701";"0,000";"0,000";"0,000";"0,000";"0,245";"0,990";"0,456";"0,255";"1,701";"0,000";"0,000";"0,000";
"05/09/2024 22:30";"0,962";"0,000";"0,504";"0,000";"0,252";"0,000";"1,718";"0,000";"0,000";"0,000";"0,000";"0,203";"0,962";"0,504";"0,252";"1,718";"0,000";"0,000";"0,000";
"05/09/2024 22:40";"0,811";"0,000";"0,563";"0,000";"0,354";"0,000";"1,728";"0,000";"0,111";"0,000";"0,000";"0,205";"0,811";"0,563";"0,354";"1,728";"0,000";"0,000";"0,000";
"05/09/2024 22:50";"0,589";"0,000";"0,520";"0,000";"0,303";"0,000";"1,411";"0,000";"0,024";"0,000";"0,000";"0,183";"0,589";"0,520";"0,303";"1,411";"0,000";"0,000";"0,000";
"05/09/2024 23:00";"0,700";"0,000";"0,468";"0,000";"0,253";"0,000";"1,420";"0,000";"0,000";"0,000";"0,000";"0,238";"0,700";"0,468";"0,253";"1,420";"0,000";"0,000";"0,000";
"05/09/2024 23:10";"1,052";"0,000";"0,478";"0,000";"0,253";"0,000";"1,783";"0,000";"0,000";"0,000";"0,000";"0,193";"1,052";"0,478";"0,253";"1,783";"0,000";"0,000";"0,000";
"05/09/2024 23:20";"0,950";"0,000";"0,610";"0,000";"0,448";"0,000";"2,008";"0,000";"0,037";"0,000";"0,000";"0,198";"0,950";"0,610";"0,448";"2,008";"0,000";"0,000";"0,000";
"05/09/2024 23:30";"0,542";"0,000";"0,471";"0,000";"0,254";"0,004";"1,266";"0,003";"0,000";"0,000";"0,000";"0,194";"0,542";"0,471";"0,250";"1,263";"0,000";"0,000";"0,000";
"05/09/2024 23:40";"0,552";"0,000";"0,486";"0,000";"0,251";"0,000";"1,289";"0,000";"0,000";"0,000";"0,000";"0,182";"0,552";"0,486";"0,251";"1,289";"0,000";"0,000";"0,000";
"05/09/2024 23:50";"1,058";"0,000";"0,447";"0,000";"0,253";"0,000";"1,759";"0,000";"0,000";"0,000";"0,000";"0,212";"1,058";"0,447";"0,253";"1,759";"0,000";"0,000";"0,000";
"06/09/2024 00:00";"1,227";"0,000";"0,621";"0,000";"0,406";"0,000";"2,254";"0,000";"0,115";"0,000";"0,000";"0,233";"1,227";"0,621";"0,406";"2,254";"0,000";"0,000";"0,000";
"06/09/2024 00:10";"0,611";"0,000";"0,502";"0,000";"0,250";"0,000";"1,363";"0,000";"0,000";"0,000";"0,000";"0,194";"0,611";"0,502";"0,250";"1,363";"0,000";"0,000";"0,000";
"06/09/2024 00:20";"0,598";"0,000";"0,454";"0,000";"0,249";"0,000";"1,301";"0,000";"0,000";"0,000";"0,000";"0,174";"0,598";"0,454";"0,249";"1,301";"0,000";"0,000";"0,000";
"06/09/2024 00:30";"0,615";"0,000";"0,466";"0,000";"0,250";"0,000";"1,330";"0,000";"0,000";"0,000";"0,000";"0,202";"0,615";"0,466";"0,250";"1,330";"0,000";"0,000";"0,000";
"06/09/2024 00:40";"1,438";"0,000";"0,649";"0,000";"0,414";"0,000";"2,501";"0,000";"0,111";"0,000";"0,000";"0,243";"1,438";"0,649";"0,414";"2,501";"0,000";"0,000";"0,000";
"06/09/2024 00:50";"1,289";"0,000";"0,455";"0,000";"0,253";"0,000";"1,997";"0,000";"0,000";"0,000";"0,000";"0,188";"1,289";"0,455";"0,253";"1,997";"0,000";"0,000";"0,000";
"06/09/2024 01:00";"0,461";"0,000";"0,482";"0,000";"0,251";"0,000";"1,194";"0,000";"0,000";"0,000";"0,000";"0,211";"0,461";"0,482";"0,251";"1,194";"0,000";"0,000";"0,000";
"06/09/2024 01:10";"0,512";"0,000";"0,558";"0,000";"0,309";"0,000";"1,379";"0,000";"0,035";"0,000";"0,000";"0,213";"0,512";"0,558";"0,309";"1,379";"0,000";"0,000";"0,000";
"06/09/2024 01:20";"0,699";"0,000";"0,557";"0,000";"0,391";"0,000";"1,646";"0,000";"0,002";"0,000";"0,000";"0,263";"0,699";"0,557";"0,391";"1,646";"0,000";"0,000";"0,000";
"06/09/2024 01:30";"0,998";"0,000";"0,483";"0,000";"0,253";"0,000";"1,734";"0,000";"0,000";"0,000";"0,000";"0,217";"0,998";"0,483";"0,253";"1,734";"0,000";"0,000";"0,000";
"06/09/2024 01:40";"0,833";"0,000";"0,495";"0,000";"0,253";"0,000";"1,581";"0,000";"0,000";"0,000";"0,000";"0,234";"0,833";"0,495";"0,253";"1,581";"0,000";"0,000";"0,000";
"06/09/2024 01:50";"0,625";"0,000";"0,612";"0,000";"0,443";"0,000";"1,680";"0,000";"0,036";"0,000";"0,000";"0,272";"0,625";"0,612";"0,443";"1,680";"0,000";"0,000";"0,000";
"06/09/2024 02:00";"0,479";"0,000";"0,491";"0,000";"0,258";"0,000";"1,228";"0,000";"0,000";"0,000";"0,000";"0,229";"0,479";"0,491";"0,258";"1,228";"0,000";"0,000";"0,000";
"06/09/2024 02:10";"0,807";"0,000";"0,488";"0,000";"0,253";"0,000";"1,549";"0,000";"0,000";"0,000";"0,000";"0,227";"0,807";"0,488";"0,253";"1,549";"0,000";"0,000";"0,000";
"06/09/2024 02:20";"0,980";"0,000";"0,472";"0,000";"0,254";"0,000";"1,705";"0,000";"0,000";"0,000";"0,000";"0,221";"0,980";"0,472";"0,254";"1,705";"0,000";"0,000";"0,000";
"06/09/2024 02:30";"0,790";"0,000";"0,658";"0,000";"0,443";"0,000";"1,890";"0,000";"0,032";"0,000";"0,000";"0,317";"0,790";"0,658";"0,443";"1,890";"0,000";"0,000";"0,000";
"06/09/2024 02:40";"0,491";"0,000";"0,501";"0,000";"0,252";"0,000";"1,244";"0,000";"0,000";"0,000";"0,000";"0,199";"0,491";"0,501";"0,252";"1,244";"0,000";"0,000";"0,000";
"06/09/2024 02:50";"0,455";"0,000";"0,460";"0,000";"0,252";"0,000";"1,167";"0,000";"0,000";"0,000";"0,000";"0,231";"0,455";"0,460";"0,252";"1,167";"0,000";"0,000";"0,000";
"06/09/2024 03:00";"0,980";"0,000";"0,489";"0,000";"0,258";"0,000";"1,726";"0,000";"0,000";"0,000";"0,000";"0,211";"0,980";"0,489";"0,258";"1,726";"0,000";"0,000";"0,000";
"06/09/2024 03:10";"1,359";"0,000";"0,657";"0,000";"0,446";"0,000";"2,463";"0,000";"0,032";"0,000";"0,000";"0,324";"1,359";"0,657";"0,446";"2,463";"0,000";"0,000";"0,000";
"06/09/2024 03:20";"0,658";"0,000";"0,456";"0,000";"0,254";"0,000";"1,368";"0,000";"0,000";"0,000";"0,000";"0,206";"0,658";"0,456";"0,254";"1,368";"0,000";"0,000";"0,000";
"06/09/2024 03:30";"0,489";"0,000";"0,506";"0,000";"0,253";"0,000";"1,248";"0,000";"0,000";"0,000";"0,000";"0,223";"0,489";"0,506";"0,253";"1,248";"0,000";"0,000";"0,000";
"06/09/2024 03:40";"0,553";"0,000";"0,466";"0,000";"0,254";"0,000";"1,272";"0,000";"0,000";"0,000";"0,000";"0,215";"0,553";"0,466";"0,254";"1,272";"0,000";"0,000";"0,000";
"06/09/2024 03:50";"1,100";"0,000";"0,641";"0,000";"0,451";"0,000";"2,193";"0,000";"0,037";"0,000";"0,000";"0,262";"1,100";"0,641";"0,451";"2,193";"0,000";"0,000";"0,000";
"06/09/2024 04:00";"0,935";"0,000";"0,498";"0,000";"0,254";"0,000";"1,687";"0,000";"0,000";"0,000";"0,000";"0,228";"0,935";"0,498";"0,254";"1,687";"0,000";"0,000";"0,000";
"06/09/2024 04:10";"0,483";"0,000";"0,503";"0,000";"0,256";"0,000";"1,242";"0,000";"0,000";"0,000";"0,000";"0,193";"0,483";"0,503";"0,256";"1,242";"0,000";"0,000";"0,000";
"06/09/2024 04:20";"0,531";"0,000";"0,558";"0,000";"0,342";"0,000";"1,431";"0,000";"0,036";"0,000";"0,000";"0,310";"0,531";"0,558";"0,342";"1,431";"0,000";"0,000";"0,000";
"06/09/2024 04:30";"0,761";"0,000";"0,553";"0,000";"0,356";"0,000";"1,670";"0,000";"0,000";"0,000";"0,000";"0,237";"0,761";"0,553";"0,356";"1,670";"0,000";"0,000";"0,000";
"06/09/2024 04:40";"0,992";"0,000";"0,499";"0,000";"0,254";"0,000";"1,745";"0,000";"0,000";"0,000";"0,000";"0,241";"0,992";"0,499";"0,254";"1,745";"0,000";"0,000";"0,000";
"06/09/2024 04:50";"0,768";"0,000";"0,457";"0,000";"0,253";"0,000";"1,479";"0,000";"0,000";"0,000";"0,000";"0,205";"0,768";"0,457";"0,253";"1,479";"0,000";"0,000";"0,000";
"06/09/2024 05:00";"0,625";"0,000";"0,647";"0,000";"0,410";"0,000";"1,681";"0,000";"0,095";"0,000";"0,000";"0,265";"0,625";"0,647";"0,410";"1,681";"0,000";"0,000";"0,000";
"06/09/2024 05:10";"0,511";"0,000";"0,479";"0,000";"0,253";"0,000";"1,242";"0,000";"0,000";"0,000";"0,000";"0,212";"0,511";"0,479";"0,253";"1,242";"0,000";"0,000";"0,000";
"06/09/2024 05:20";"0,818";"0,000";"0,456";"0,000";"0,253";"0,000";"1,527";"0,000";"0,000";"0,000";"0,000";"0,227";"0,818";"0,456";"0,253";"1,527";"0,000";"0,000";"0,000";
"06/09/2024 05:30";"1,377";"0,000";"0,883";"0,000";"0,582";"0,000";"2,841";"0,000";"0,039";"0,000";"0,000";"0,255";"1,377";"0,883";"0,582";"2,841";"0,000";"0,000";"0,000";
"06/09/2024 05:40";"1,502";"0,000";"1,105";"0,000";"0,621";"0,000";"3,229";"0,000";"0,000";"0,000";"0,000";"0,321";"1,502";"1,105";"0,621";"3,229";"0,000";"0,000";"0,000";
"06/09/2024 05:50";"1,702";"0,000";"1,253";"0,000";"1,132";"0,000";"4,087";"0,000";"0,000";"0,000";"0,000";"0,345";"1,702";"1,253";"1,132";"4,087";"0,000";"0,000";"0,000";
"06/09/2024 06:00";"5,248";"0,000";"4,274";"0,000";"4,167";"0,000";"13,688";"0,000";"0,789";"0,000";"0,000";"0,123";"5,248";"4,274";"4,167";"13,688";"0,000";"0,000";"0,000";
"06/09/2024 06:10";"6,254";"0,000";"5,101";"0,000";"5,120";"0,000";"16,475";"0,000";"0,941";"0,000";"0,000";"0,217";"6,254";"5,101";"5,120";"16,475";"0,000";"0,000";"0,000";
"06/09/2024 06:20";"7,300";"0,000";"6,570";"0,000";"6,984";"0,000";"20,854";"0,000";"2,044";"0,000";"0,000";"0,109";"7,300";"6,570";"6,984";"20,854";"0,000";"0,000";"0,000";
"06/09/2024 06:30";"8,449";"0,000";"7,993";"0,000";"8,263";"0,000";"24,705";"0,000";"3,715";"0,000";"0,000";"0,026";"8,449";"7,993";"8,263";"24,705";"0,000";"0,000";"0,000";
"06/09/2024 06:40";"7,640";"0,000";"7,299";"0,000";"7,590";"0,000";"22,529";"0,000";"1,087";"0,000";"0,000";"0,213";"7,640";"7,299";"7,590";"22,529";"0,000";"0,000";"0,000";
"06/09/2024 06:50";"8,777";"0,000";"8,496";"0,000";"8,690";"0,000";"25,964";"0,000";"2,392";"0,000";"0,000";"0,061";"8,777";"8,496";"8,690";"25,964";"0,000";"0,000";"0,000";
"06/09/2024 07:00";"9,486";"0,000";"8,926";"0,000";"9,153";"0,000";"27,565";"0,000";"3,195";"0,000";"0,000";"0,013";"9,486";"8,926";"9,153";"27,565";"0,000";"0,000";"0,000";
"06/09/2024 07:10";"9,985";"0,000";"9,360";"0,000";"9,325";"0,000";"28,670";"0,000";"3,663";"0,000";"0,000";"0,077";"9,985";"9,360";"9,325";"28,670";"0,000";"0,000";"0,000";
"06/09/2024 07:20";"8,941";"0,000";"8,385";"0,000";"8,402";"0,000";"25,729";"0,000";"1,445";"0,000";"0,000";"0,036";"8,941";"8,385";"8,402";"25,729";"0,000";"0,000";"0,000";
"06/09/2024 07:30";"8,921";"0,000";"8,787";"0,000";"8,760";"0,000";"26,468";"0,000";"2,752";"0,000";"0,000";"0,002";"8,921";"8,787";"8,760";"26,468";"0,000";"0,000";"0,000";
"06/09/2024 07:40";"8,115";"0,000";"8,049";"0,000";"8,190";"0,000";"24,354";"0,000";"1,079";"0,000";"0,000";"0,082";"8,115";"8,049";"8,190";"24,354";"0,000";"0,000";"0,000";
"06/09/2024 07:50";"8,316";"0,000";"7,741";"0,000";"7,831";"0,000";"23,889";"0,000";"0,974";"0,000";"0,000";"0,123";"8,316";"7,741";"7,831";"23,889";"0,000";"0,000";"0,000";
"06/09/2024 08:00";"8,417";"0,000";"7,662";"0,000";"7,870";"0,000";"23,949";"0,000";"3,782";"0,000";"0,000";"0,018";"8,419";"7,665";"7,873";"23,957";"0,008";"0,000";"0,008";
"06/09/2024 08:10";"8,801";"0,000";"8,508";"0,000";"8,751";"0,000";"26,060";"0,000";"2,414";"0,000";"0,000";"0,003";"8,804";"8,511";"8,754";"26,069";"0,009";"0,000";"0,009";
"06/09/2024 08:20";"8,931";"0,000";"8,708";"0,000";"8,835";"0,000";"26,474";"0,000";"3,763";"0,000";"0,000";"0,002";"8,939";"8,717";"8,844";"26,500";"0,026";"0,000";"0,026";
"06/09/2024 08:30";"8,952";"0,000";"8,762";"0,000";"8,715";"0,000";"26,429";"0,000";"3,223";"0,000";"0,000";"0,001";"8,981";"8,791";"8,745";"26,517";"0,088";"0,000";"0,088";
"06/09/2024 08:40";"9,187";"0,000";"8,664";"0,000";"8,921";"0,000";"26,772";"0,000";"4,290";"0,000";"0,000";"0,001";"9,230";"8,708";"8,965";"26,902";"0,130";"0,000";"0,130";
"06/09/2024 08:50";"9,196";"0,000";"8,648";"0,000";"8,640";"0,000";"26,483";"0,000";"3,952";"0,000";"0,000";"0,008";"9,246";"8,698";"8,690";"26,633";"0,150";"0,000";"0,150";
"06/09/2024 09:00";"8,501";"0,000";"8,098";"0,000";"8,177";"0,000";"24,776";"0,000";"2,936";"0,000";"0,000";"0,015";"8,574";"8,171";"8,250";"24,996";"0,220";"0,000";"0,220";
"06/09/2024 09:10";"8,267";"0,000";"8,167";"0,000";"8,231";"0,000";"24,664";"0,000";"3,086";"0,000";"0,000";"0,010";"8,321";"8,221";"8,286";"24,828";"0,164";"0,000";"0,164";
"06/09/2024 09:20";"8,440";"0,000";"8,478";"0,000";"8,412";"0,000";"25,330";"0,000";"3,692";"0,000";"0,000";"0,029";"8,509";"8,548";"8,482";"25,538";"0,208";"0,000";"0,208";
"06/09/2024 09:30";"7,422";"0,000";"6,900";"0,000";"6,959";"0,000";"21,281";"0,000";"1,695";"0,000";"0,000";"0,141";"7,482";"6,960";"7,019";"21,462";"0,181";"0,000";"0,181";
"06/09/2024 09:40";"8,521";"0,000";"7,506";"0,000";"7,556";"0,000";"23,582";"0,000";"1,716";"0,000";"0,000";"0,252";"8,641";"7,626";"7,677";"23,944";"0,362";"0,000";"0,362";
"06/09/2024 09:50";"3,757";"0,000";"3,126";"0,000";"3,339";"0,000";"10,223";"0,000";"0,633";"0,000";"0,000";"0,259";"3,877";"3,247";"3,459";"10,584";"0,361";"0,000";"0,361";
"06/09/2024 10:00";"3,180";"0,000";"2,725";"0,000";"2,925";"0,000";"8,830";"0,000";"0,330";"0,000";"0,000";"0,182";"3,228";"2,774";"2,974";"8,976";"0,146";"0,000";"0,146";
"06/09/2024 10:10";"3,476";"0,000";"2,958";"0,000";"3,080";"0,000";"9,514";"0,000";"0,798";"0,000";"0,000";"0,008";"3,536";"3,019";"3,140";"9,695";"0,181";"0,000";"0,181";
"06/09/2024 10:20";"4,170";"0,000";"3,531";"0,000";"3,506";"0,000";"11,208";"0,000";"1,601";"0,000";"0,000";"0,083";"4,275";"3,636";"3,611";"11,522";"0,314";"0,000";"0,314";
"06/09/2024 10:30";"4,189";"0,000";"3,428";"0,000";"3,785";"0,000";"11,402";"0,000";"0,898";"0,000";"0,000";"0,318";"4,551";"3,789";"4,146";"12,486";"1,084";"0,000";"1,084";
"06/09/2024 10:40";"4,218";"0,000";"3,761";"0,000";"4,174";"0,000";"12,153";"0,000";"1,105";"0,000";"0,000";"0,384";"4,680";"4,224";"4,636";"13,540";"1,387";"0,000";"1,387";
"06/09/2024 10:50";"3,771";"0,000";"3,312";"0,000";"3,922";"0,000";"11,005";"0,000";"0,691";"0,000";"0,000";"0,706";"4,092";"3,633";"4,243";"11,968";"0,963";"0,000";"0,963";
"06/09/2024 11:00";"3,760";"0,000";"3,257";"0,000";"3,597";"0,000";"10,614";"0,000";"0,898";"0,000";"0,000";"0,340";"3,988";"3,484";"3,825";"11,296";"0,682";"0,000";"0,682";
"06/09/2024 11:10";"4,226";"0,000";"3,325";"0,000";"3,862";"0,000";"11,414";"0,000";"1,342";"0,000";"0,000";"0,617";"4,590";"3,689";"4,226";"12,505";"1,091";"0,000";"1,091";
"06/09/2024 11:20";"3,856";"0,000";"2,979";"0,000";"3,713";"0,000";"10,548";"0,000";"1,116";"0,000";"0,000";"0,808";"4,101";"3,223";"3,958";"11,282";"0,734";"0,000";"0,734";
"06/09/2024 11:30";"3,580";"0,000";"3,080";"0,000";"3,533";"0,000";"10,192";"0,000";"1,038";"0,000";"0,000";"0,322";"3,932";"3,432";"3,885";"11,248";"1,056";"0,000";"1,056";
"06/09/2024 11:40";"3,642";"0,000";"3,209";"0,000";"3,755";"0,000";"10,607";"0,000";"0,467";"0,000";"0,000";"0,320";"4,141";"3,708";"4,254";"12,102";"1,495";"0,000";"1,495";
"06/09/2024 11:50";"4,012";"0,000";"3,760";"0,000";"4,288";"0,000";"12,061";"0,000";"0,492";"0,000";"0,000";"0,316";"4,383";"4,131";"4,659";"13,174";"1,113";"0,000";"1,113";
"06/09/2024 12:00";"3,723";"0,000";"2,923";"0,000";"3,345";"0,000";"9,991";"0,000";"0,191";"0,000";"0,000";"0,293";"3,975";"3,175";"3,597";"10,747";"0,756";"0,000";"0,756";
"06/09/2024 12:10";"4,095";"0,000";"3,221";"0,000";"3,856";"0,000";"11,172";"0,000";"0,757";"0,000";"0,000";"0,508";"4,312";"3,438";"4,072";"11,822";"0,650";"0,000";"0,650";
"06/09/2024 12:20";"8,040";"0,000";"7,631";"0,000";"7,967";"0,000";"23,638";"0,000";"5,168";"0,000";"0,000";"0,000";"8,342";"7,933";"8,269";"24,544";"0,906";"0,000";"0,906";
"06/09/2024 12:30";"7,095";"0,000";"6,705";"0,000";"7,291";"0,000";"21,091";"0,000";"3,140";"0,000";"0,000";"0,000";"8,095";"7,706";"8,292";"24,093";"3,002";"0,000";"3,002";
"06/09/2024 12:40";"3,650";"0,000";"3,249";"0,000";"3,887";"0,000";"10,786";"0,000";"0,502";"0,000";"0,000";"0,414";"4,525";"4,124";"4,762";"13,412";"2,626";"0,000";"2,626";
"06/09/2024 12:50";"3,791";"0,000";"2,853";"0,000";"3,300";"0,000";"9,944";"0,000";"0,267";"0,000";"0,000";"0,303";"4,945";"4,007";"4,454";"13,406";"3,462";"0,000";"3,462";
"06/09/2024 13:00";"3,607";"0,000";"2,866";"0,000";"3,516";"0,000";"9,988";"0,000";"1,250";"0,000";"0,000";"0,490";"4,528";"3,787";"4,437";"12,751";"2,763";"0,000";"2,763";
"06/09/2024 13:10";"3,395";"0,000";"3,073";"0,000";"3,419";"0,000";"9,887";"0,000";"1,081";"0,000";"0,000";"0,292";"4,246";"3,924";"4,270";"12,441";"2,554";"0,000";"2,554";
"06/09/2024 13:20";"2,906";"0,000";"2,560";"0,000";"2,979";"0,000";"8,444";"0,000";"0,939";"0,000";"0,000";"0,520";"3,279";"2,933";"3,352";"9,564";"1,120";"0,000";"1,120";
"06/09/2024 13:30";"2,521";"0,000";"2,262";"0,000";"2,838";"0,000";"7,621";"0,000";"0,963";"0,000";"0,000";"0,260";"3,265";"3,006";"3,583";"9,854";"2,233";"0,000";"2,233";
"06/09/2024 13:40";"1,956";"0,000";"1,289";"0,000";"1,634";"0,000";"4,880";"0,000";"0,104";"0,000";"0,000";"0,097";"3,485";"2,818";"3,163";"9,467";"4,587";"0,000";"4,587";
"06/09/2024 13:50";"2,801";"0,000";"1,636";"0,000";"1,967";"0,000";"6,405";"0,000";"0,324";"0,000";"0,000";"0,110";"4,300";"3,135";"3,466";"10,902";"4,497";"0,000";"4,497";
"06/09/2024 14:00";"1,779";"0,000";"1,045";"0,000";"1,253";"0,000";"4,076";"0,000";"0,001";"0,000";"0,000";"0,118";"3,219";"2,485";"2,693";"8,398";"4,322";"0,000";"4,322";
"06/09/2024 14:10";"1,674";"0,000";"0,989";"0,000";"0,754";"0,000";"3,417";"0,000";"0,012";"0,000";"0,000";"0,180";"3,039";"2,353";"2,119";"7,511";"4,094";"0,000";"4,094";
"06/09/2024 14:20";"1,019";"0,000";"0,507";"0,000";"0,164";"0,000";"1,690";"0,000";"0,007";"0,000";"0,000";"0,107";"2,419";"1,907";"1,564";"5,891";"4,201";"0,000";"4,201";
"06/09/2024 14:30";"1,079";"0,000";"0,567";"0,000";"0,343";"0,000";"1,990";"0,000";"0,057";"0,000";"0,000";"0,114";"2,137";"1,625";"1,400";"5,162";"3,172";"0,000";"3,172";
"06/09/2024 14:40";"0,877";"0,000";"0,492";"0,000";"0,214";"0,000";"1,582";"0,000";"0,026";"0,000";"0,000";"0,039";"1,804";"1,419";"1,141";"4,363";"2,781";"0,000";"2,781";
"06/09/2024 14:50";"0,721";"0,000";"0,390";"0,000";"0,107";"0,000";"1,218";"0,000";"0,000";"0,000";"0,000";"0,107";"1,250";"0,918";"0,636";"2,804";"1,586";"0,000";"1,586";
"06/09/2024 15:00";"0,669";"0,000";"0,288";"0,000";"0,101";"0,000";"1,059";"0,000";"0,001";"0,000";"0,000";"0,093";"1,086";"0,706";"0,519";"2,311";"1,252";"0,000";"1,252";
"06/09/2024 15:10";"0,731";"0,000";"0,294";"0,000";"0,103";"0,000";"1,128";"0,000";"0,000";"0,000";"0,000";"0,112";"2,152";"1,715";"1,524";"5,391";"4,263";"0,000";"4,263";
"06/09/2024 15:20";"1,067";"0,000";"0,287";"0,000";"0,105";"0,000";"1,458";"0,000";"0,000";"0,000";"0,000";"0,122";"1,962";"1,182";"1,000";"4,143";"2,685";"0,000";"2,685";
"06/09/2024 15:30";"0,664";"0,000";"0,287";"0,000";"0,106";"0,000";"1,057";"0,000";"0,000";"0,000";"0,000";"0,113";"1,868";"1,491";"1,311";"4,670";"3,613";"0,000";"3,613";
"06/09/2024 15:40";"0,540";"0,000";"0,250";"0,000";"0,102";"0,000";"0,892";"0,000";"0,000";"0,000";"0,000";"0,119";"2,176";"1,886";"1,738";"5,800";"4,908";"0,000";"4,908";
"06/09/2024 15:50";"0,474";"0,000";"0,236";"0,000";"0,142";"0,000";"0,852";"0,000";"0,000";"0,000";"0,000";"0,118";"1,642";"1,405";"1,311";"4,358";"3,506";"0,000";"3,506";
"06/09/2024 16:00";"0,510";"0,000";"0,267";"0,000";"0,156";"0,000";"0,933";"0,000";"0,000";"0,000";"0,000";"0,105";"2,224";"1,982";"1,871";"6,077";"5,144";"0,000";"5,144";
"06/09/2024 16:10";"0,548";"0,000";"0,336";"0,000";"0,225";"0,000";"1,109";"0,000";"0,023";"0,000";"0,000";"0,062";"2,254";"2,041";"1,931";"6,226";"5,117";"0,000";"5,117";
"06/09/2024 16:20";"0,462";"0,000";"0,206";"0,000";"0,104";"0,000";"0,772";"0,000";"0,002";"0,000";"0,000";"0,106";"1,690";"1,435";"1,332";"4,457";"3,685";"0,000";"3,685";
"06/09/2024 16:30";"0,530";"0,000";"0,293";"0,000";"0,138";"0,000";"0,961";"0,000";"0,012";"0,000";"0,000";"0,069";"1,029";"0,792";"0,637";"2,458";"1,497";"0,000";"1,497";
"06/09/2024 16:40";"0,506";"0,000";"0,300";"0,000";"0,155";"0,000";"0,960";"0,000";"0,017";"0,000";"0,000";"0,068";"1,214";"1,008";"0,863";"3,084";"2,124";"0,000";"2,124";
"06/09/2024 16:50";"0,469";"0,000";"0,220";"0,000";"0,103";"0,000";"0,792";"0,000";"0,000";"0,000";"0,000";"0,099";"1,927";"1,678";"1,561";"5,166";"4,374";"0,000";"4,374";
"06/09/2024 17:00";"0,508";"0,000";"0,216";"0,000";"0,105";"0,000";"0,829";"0,000";"0,001";"0,000";"0,000";"0,095";"1,859";"1,567";"1,456";"4,882";"4,053";"0,000";"4,053";
"06/09/2024 17:10";"0,541";"0,000";"0,328";"0,000";"0,170";"0,000";"1,039";"0,000";"0,003";"0,000";"0,000";"0,068";"1,895";"1,683";"1,524";"5,102";"4,063";"0,000";"4,063";
"06/09/2024 17:20";"0,474";"0,000";"0,244";"0,000";"0,104";"0,000";"0,822";"0,000";"0,001";"0,000";"0,000";"0,090";"1,575";"1,345";"1,206";"4,126";"3,304";"0,000";"3,304";
"06/09/2024 17:30";"0,507";"0,000";"0,237";"0,000";"0,103";"0,000";"0,847";"0,000";"0,002";"0,000";"0,000";"0,090";"1,602";"1,332";"1,198";"4,132";"3,285";"0,000";"3,285";
"06/09/2024 17:40";"0,518";"0,000";"0,287";"0,000";"0,161";"0,000";"0,966";"0,000";"0,017";"0,000";"0,000";"0,078";"1,807";"1,577";"1,451";"4,835";"3,869";"0,000";"3,869";
"06/09/2024 17:50";"0,461";"0,000";"0,214";"0,000";"0,103";"0,000";"0,778";"0,000";"0,000";"0,000";"0,000";"0,108";"1,631";"1,384";"1,273";"4,288";"3,510";"0,000";"3,510";
"06/09/2024 18:00";"0,496";"0,000";"0,238";"0,000";"0,102";"0,000";"0,836";"0,000";"0,001";"0,000";"0,000";"0,097";"1,638";"1,380";"1,244";"4,262";"3,426";"0,000";"3,426";
"06/09/2024 18:10";"0,522";"0,000";"0,318";"0,000";"0,165";"0,000";"1,004";"0,000";"0,012";"0,000";"0,000";"0,086";"1,591";"1,387";"1,234";"4,211";"3,207";"0,000";"3,207";
"06/09/2024 18:20";"0,466";"0,000";"0,215";"0,000";"0,103";"0,000";"0,784";"0,000";"0,001";"0,000";"0,000";"0,115";"1,084";"0,834";"0,722";"2,639";"1,855";"0,000";"1,855";
"06/09/2024 18:30";"0,489";"0,000";"0,215";"0,000";"0,101";"0,000";"0,805";"0,000";"0,000";"0,000";"0,000";"0,097";"1,067";"0,793";"0,679";"2,538";"1,733";"0,000";"1,733";
"06/09/2024 18:40";"0,527";"0,000";"0,303";"0,000";"0,165";"0,000";"0,995";"0,000";"0,029";"0,000";"0,000";"0,096";"1,112";"0,888";"0,750";"2,750";"1,755";"0,000";"1,755";
"06/09/2024 18:50";"0,433";"0,000";"0,232";"0,000";"0,102";"0,000";"0,767";"0,000";"0,000";"0,000";"0,000";"0,110";"0,891";"0,690";"0,561";"2,142";"1,375";"0,000";"1,375";
"06/09/2024 19:00";"0,255";"0,000";"0,245";"0,000";"0,101";"0,000";"0,601";"0,000";"0,001";"0,000";"0,000";"0,091";"0,667";"0,657";"0,514";"1,838";"1,237";"0,000";"1,237";
"06/09/2024 19:10";"0,277";"0,000";"0,293";"0,000";"0,165";"0,000";"0,736";"0,000";"0,007";"0,000";"0,000";"0,041";"0,809";"0,825";"0,697";"2,332";"1,596";"0,000";"1,596";
"06/09/2024 19:20";"0,223";"0,000";"0,222";"0,000";"0,103";"0,000";"0,548";"0,000";"0,000";"0,000";"0,000";"0,099";"0,496";"0,494";"0,376";"1,366";"0,818";"0,000";"0,818";
"06/09/2024 19:30";"0,206";"0,000";"0,241";"0,000";"0,101";"0,000";"0,548";"0,000";"0,000";"0,000";"0,000";"0,094";"0,305";"0,340";"0,199";"0,844";"0,296";"0,000";"0,296";
"06/09/2024 19:40";"0,548";"0,000";"0,325";"0,000";"0,174";"0,000";"1,047";"0,000";"0,013";"0,000";"0,000";"0,088";"0,656";"0,434";"0,282";"1,372";"0,325";"0,000";"0,325";
"06/09/2024 19:50";"0,421";"0,000";"0,211";"0,000";"0,102";"0,000";"0,734";"0,000";"0,000";"0,000";"0,000";"0,114";"0,553";"0,343";"0,234";"1,130";"0,396";"0,000";"0,396";
"06/09/2024 20:00";"0,216";"0,000";"0,222";"0,000";"0,106";"0,000";"0,543";"0,000";"0,002";"0,000";"0,000";"0,090";"0,295";"0,301";"0,185";"0,782";"0,239";"0,000";"0,239";
"06/09/2024 20:10";"0,320";"0,000";"0,327";"0,000";"0,177";"0,000";"0,824";"0,000";"0,020";"0,000";"0,000";"0,045";"0,367";"0,374";"0,224";"0,964";"0,140";"0,000";"0,140";
"06/09/2024 20:20";"0,210";"0,000";"0,231";"0,000";"0,102";"0,000";"0,543";"0,000";"0,002";"0,000";"0,000";"0,103";"0,249";"0,270";"0,142";"0,661";"0,118";"0,000";"0,118";
"06/09/2024 20:30";"0,232";"0,000";"0,235";"0,000";"0,101";"0,000";"0,568";"0,000";"0,000";"0,000";"0,000";"0,084";"0,261";"0,264";"0,131";"0,656";"0,088";"0,000";"0,088";
"06/09/2024 20:40";"0,342";"0,000";"0,317";"0,000";"0,196";"0,000";"0,854";"0,000";"0,038";"0,000";"0,000";"0,047";"0,349";"0,324";"0,204";"0,877";"0,023";"0,000";"0,023";
"06/09/2024 20:50";"0,270";"0,000";"0,293";"0,000";"0,151";"0,000";"0,714";"0,000";"0,002";"0,000";"0,000";"0,058";"0,270";"0,293";"0,152";"0,716";"0,002";"0,000";"0,002";
"06/09/2024 21:00";"0,514";"0,000";"0,270";"0,000";"0,115";"0,000";"0,899";"0,000";"0,009";"0,000";"0,000";"0,105";"0,514";"0,270";"0,115";"0,899";"0,000";"0,000";"0,000";
"06/09/2024 21:10";"0,617";"0,000";"0,411";"0,000";"0,221";"0,000";"1,250";"0,000";"0,000";"0,000";"0,000";"0,180";"0,617";"0,411";"0,221";"1,250";"0,000";"0,000";"0,000";
"06/09/2024 21:20";"0,339";"0,000";"0,374";"0,000";"0,229";"0,000";"0,942";"0,000";"0,006";"0,000";"0,000";"0,186";"0,339";"0,374";"0,229";"0,942";"0,000";"0,000";"0,000";
"06/09/2024 21:30";"0,471";"0,000";"0,480";"0,000";"0,301";"0,000";"1,252";"0,000";"0,006";"0,000";"0,000";"0,123";"0,471";"0,480";"0,301";"1,252";"0,000";"0,000";"0,000";
"06/09/2024 21:40";"0,784";"0,000";"0,422";"0,000";"0,248";"0,000";"1,454";"0,000";"0,000";"0,000";"0,000";"0,183";"0,784";"0,422";"0,248";"1,454";"0,000";"0,000";"0,000";
"06/09/2024 21:50";"0,341";"0,000";"0,404";"0,000";"0,229";"0,000";"0,974";"0,000";"0,000";"0,000";"0,000";"0,194";"0,341";"0,404";"0,229";"0,974";"0,000";"0,000";"0,000";
"06/09/2024 22:00";"0,344";"0,000";"0,383";"0,000";"0,229";"0,000";"0,957";"0,000";"0,000";"0,000";"0,000";"0,192";"0,344";"0,383";"0,229";"0,957";"0,000";"0,000";"0,000";
"06/09/2024 22:10";"0,371";"0,000";"0,388";"0,000";"0,229";"0,000";"0,989";"0,000";"0,000";"0,000";"0,000";"0,179";"0,371";"0,388";"0,229";"0,989";"0,000";"0,000";"0,000";
"06/09/2024 22:20";"0,470";"0,000";"0,497";"0,000";"0,297";"0,000";"1,264";"0,000";"0,004";"0,000";"0,000";"0,125";"0,470";"0,497";"0,297";"1,264";"0,000";"0,000";"0,000";
"06/09/2024 22:30";"0,409";"0,000";"0,421";"0,000";"0,253";"0,000";"1,083";"0,000";"0,002";"0,000";"0,000";"0,178";"0,409";"0,421";"0,253";"1,083";"0,000";"0,000";"0,000";
"06/09/2024 22:40";"0,653";"0,000";"0,484";"0,000";"0,298";"0,000";"1,435";"0,000";"0,000";"0,000";"0,000";"0,129";"0,653";"0,484";"0,298";"1,435";"0,000";"0,000";"0,000";
"06/09/2024 22:50";"0,694";"0,000";"0,382";"0,000";"0,232";"0,000";"1,308";"0,000";"0,000";"0,000";"0,000";"0,192";"0,694";"0,382";"0,232";"1,308";"0,000";"0,000";"0,000";
"06/09/2024 23:00";"0,501";"0,000";"0,373";"0,000";"0,230";"0,000";"1,104";"0,000";"0,000";"0,000";"0,000";"0,200";"0,501";"0,373";"0,230";"1,104";"0,000";"0,000";"0,000";
"06/09/2024 23:10";"0,341";"0,000";"0,401";"0,000";"0,230";"0,000";"0,972";"0,000";"0,000";"0,000";"0,000";"0,185";"0,341";"0,401";"0,230";"0,972";"0,000";"0,000";"0,000";
"06/09/2024 23:20";"0,748";"0,000";"0,413";"0,000";"0,230";"0,000";"1,391";"0,000";"0,000";"0,000";"0,000";"0,186";"0,748";"0,413";"0,230";"1,391";"0,000";"0,000";"0,000";
"06/09/2024 23:30";"0,921";"0,000";"0,402";"0,000";"0,232";"0,000";"1,554";"0,000";"0,000";"0,000";"0,000";"0,196";"0,921";"0,402";"0,232";"1,554";"0,000";"0,000";"0,000";
"06/09/2024 23:40";"0,541";"0,000";"0,397";"0,000";"0,231";"0,000";"1,170";"0,000";"0,000";"0,000";"0,000";"0,203";"0,541";"0,397";"0,231";"1,170";"0,000";"0,000";"0,000";
"06/09/2024 23:50";"0,341";"0,000";"0,387";"0,000";"0,235";"0,000";"0,962";"0,000";"0,000";"0,000";"0,000";"0,177";"0,341";"0,387";"0,235";"0,962";"0,000";"0,000";"0,000";
"07/09/2024 00:00";"0,369";"0,000";"0,396";"0,000";"0,230";"0,000";"0,996";"0,000";"0,000";"0,000";"0,000";"0,187";"0,369";"0,396";"0,230";"0,996";"0,000";"0,000";"0,000";
"07/09/2024 00:10";"0,839";"0,000";"0,411";"0,000";"0,230";"0,000";"1,480";"0,000";"0,000";"0,000";"0,000";"0,208";"0,839";"0,411";"0,230";"1,480";"0,000";"0,000";"0,000";
"07/09/2024 00:20";"0,898";"0,000";"0,398";"0,000";"0,230";"0,000";"1,525";"0,000";"0,000";"0,000";"0,000";"0,211";"0,898";"0,398";"0,230";"1,525";"0,000";"0,000";"0,000";
"07/09/2024 00:30";"0,397";"0,000";"0,388";"0,000";"0,230";"0,000";"1,015";"0,000";"0,000";"0,000";"0,000";"0,186";"0,397";"0,388";"0,230";"1,015";"0,000";"0,000";"0,000";
"07/09/2024 00:40";"0,341";"0,000";"0,383";"0,000";"0,230";"0,000";"0,953";"0,000";"0,000";"0,000";"0,000";"0,184";"0,341";"0,383";"0,230";"0,953";"0,000";"0,000";"0,000";
"07/09/2024 00:50";"0,581";"0,000";"0,411";"0,000";"0,230";"0,000";"1,222";"0,000";"0,000";"0,000";"0,000";"0,188";"0,581";"0,411";"0,230";"1,222";"0,000";"0,000";"0,000";
"07/09/2024 01:00";"1,128";"0,000";"0,403";"0,000";"0,233";"0,000";"1,764";"0,000";"0,000";"0,000";"0,000";"0,202";"1,128";"0,403";"0,233";"1,764";"0,000";"0,000";"0,000";
"07/09/2024 01:10";"0,817";"0,000";"0,402";"0,000";"0,230";"0,000";"1,449";"0,000";"0,000";"0,000";"0,000";"0,194";"0,817";"0,402";"0,230";"1,449";"0,000";"0,000";"0,000";
"07/09/2024 01:20";"0,341";"0,000";"0,402";"0,000";"0,230";"0,000";"0,973";"0,000";"0,000";"0,000";"0,000";"0,183";"0,341";"0,402";"0,230";"0,973";"0,000";"0,000";"0,000";
"07/09/2024 01:30";"0,339";"0,000";"0,378";"0,000";"0,230";"0,000";"0,947";"0,000";"0,000";"0,000";"0,000";"0,188";"0,339";"0,378";"0,230";"0,947";"0,000";"0,000";"0,000";
"07/09/2024 01:40";"0,674";"0,000";"0,394";"0,000";"0,230";"0,000";"1,298";"0,000";"0,000";"0,000";"0,000";"0,201";"0,674";"0,394";"0,230";"1,298";"0,000";"0,000";"0,000";
"07/09/2024 01:50";"0,876";"0,000";"0,414";"0,000";"0,230";"0,000";"1,520";"0,000";"0,000";"0,000";"0,000";"0,195";"0,876";"0,414";"0,230";"1,520";"0,000";"0,000";"0,000";
"07/09/2024 02:00";"0,565";"0,000";"0,414";"0,000";"0,231";"0,000";"1,210";"0,000";"0,000";"0,000";"0,000";"0,188";"0,565";"0,414";"0,231";"1,210";"0,000";"0,000";"0,000";
"07/09/2024 02:10";"0,377";"0,000";"0,388";"0,000";"0,232";"0,000";"0,997";"0,000";"0,000";"0,000";"0,000";"0,184";"0,377";"0,388";"0,232";"0,997";"0,000";"0,000";"0,000";
"07/09/2024 02:20";"0,347";"0,000";"0,381";"0,000";"0,229";"0,000";"0,957";"0,000";"0,000";"0,000";"0,000";"0,192";"0,347";"0,381";"0,229";"0,957";"0,000";"0,000";"0,000";
"07/09/2024 02:30";"0,838";"0,000";"0,408";"0,000";"0,229";"0,000";"1,474";"0,000";"0,000";"0,000";"0,000";"0,210";"0,838";"0,408";"0,229";"1,474";"0,000";"0,000";"0,000";
"07/09/2024 02:40";"0,874";"0,000";"0,422";"0,000";"0,229";"0,000";"1,525";"0,000";"0,000";"0,000";"0,000";"0,209";"0,874";"0,422";"0,229";"1,525";"0,000";"0,000";"0,000";
"07/09/2024 02:50";"0,436";"0,000";"0,381";"0,000";"0,229";"0,000";"1,046";"0,000";"0,000";"0,000";"0,000";"0,195";"0,436";"0,381";"0,229";"1,046";"0,000";"0,000";"0,000";
"07/09/2024 03:00";"0,374";"0,000";"0,389";"0,000";"0,228";"0,000";"0,992";"0,000";"0,000";"0,000";"0,000";"0,194";"0,374";"0,389";"0,228";"0,992";"0,000";"0,000";"0,000";
"07/09/2024 03:10";"0,476";"0,000";"0,401";"0,000";"0,229";"0,000";"1,106";"0,000";"0,000";"0,000";"0,000";"0,156";"0,476";"0,401";"0,229";"1,106";"0,000";"0,000";"0,000";
"07/09/2024 03:20";"1,107";"0,000";"0,409";"0,000";"0,232";"0,000";"1,747";"0,000";"0,000";"0,000";"0,000";"0,160";"1,107";"0,409";"0,232";"1,747";"0,000";"0,000";"0,000";
"07/09/2024 03:30";"1,236";"0,000";"0,392";"0,000";"0,229";"0,000";"1,857";"0,000";"0,000";"0,000";"0,000";"0,169";"1,236";"0,392";"0,229";"1,857";"0,000";"0,000";"0,000";
"07/09/2024 03:40";"0,472";"0,000";"0,384";"0,000";"0,229";"0,000";"1,085";"0,000";"0,000";"0,000";"0,000";"0,147";"0,472";"0,384";"0,229";"1,085";"0,000";"0,000";"0,000";
"07/09/2024 03:50";"0,457";"0,000";"0,380";"0,000";"0,229";"0,000";"1,066";"0,000";"0,000";"0,000";"0,000";"0,153";"0,457";"0,380";"0,229";"1,066";"0,000";"0,000";"0,000";
"07/09/2024 04:00";"0,603";"0,000";"0,393";"0,000";"0,229";"0,000";"1,225";"0,000";"0,000";"0,000";"0,000";"0,157";"0,603";"0,393";"0,229";"1,225";"0,000";"0,000";"0,000";
"07/09/2024 04:10";"0,931";"0,000";"0,414";"0,000";"0,229";"0,000";"1,573";"0,000";"0,000";"0,000";"0,000";"0,167";"0,931";"0,414";"0,229";"1,573";"0,000";"0,000";"0,000";
"07/09/2024 04:20";"0,824";"0,000";"0,405";"0,000";"0,229";"0,000";"1,458";"0,000";"0,000";"0,000";"0,000";"0,204";"0,824";"0,405";"0,229";"1,458";"0,000";"0,000";"0,000";
"07/09/2024 04:30";"0,344";"0,000";"0,374";"0,000";"0,233";"0,000";"0,952";"0,000";"0,000";"0,000";"0,000";"0,193";"0,344";"0,374";"0,233";"0,952";"0,000";"0,000";"0,000";
"07/09/2024 04:40";"0,339";"0,000";"0,375";"0,000";"0,229";"0,000";"0,943";"0,000";"0,000";"0,000";"0,000";"0,196";"0,339";"0,375";"0,229";"0,943";"0,000";"0,000";"0,000";
"07/09/2024 04:50";"0,638";"0,000";"0,412";"0,000";"0,229";"0,000";"1,279";"0,000";"0,000";"0,000";"0,000";"0,200";"0,638";"0,412";"0,229";"1,279";"0,000";"0,000";"0,000";
"07/09/2024 05:00";"0,858";"0,000";"0,402";"0,000";"0,229";"0,000";"1,489";"0,000";"0,000";"0,000";"0,000";"0,208";"0,858";"0,402";"0,229";"1,489";"0,000";"0,000";"0,000";
"07/09/2024 05:10";"0,644";"0,000";"0,390";"0,000";"0,229";"0,000";"1,263";"0,000";"0,000";"0,000";"0,000";"0,205";"0,644";"0,390";"0,229";"1,263";"0,000";"0,000";"0,000";
"07/09/2024 05:20";"0,373";"0,000";"0,375";"0,000";"0,229";"0,000";"0,976";"0,000";"0,000";"0,000";"0,000";"0,200";"0,373";"0,375";"0,229";"0,976";"0,000";"0,000";"0,000";
"07/09/2024 05:30";"0,348";"0,000";"0,380";"0,000";"0,229";"0,000";"0,957";"0,000";"0,000";"0,000";"0,000";"0,193";"0,348";"0,380";"0,229";"0,957";"0,000";"0,000";"0,000";
"07/09/2024 05:40";"0,810";"0,000";"0,412";"0,000";"0,230";"0,000";"1,452";"0,000";"0,000";"0,000";"0,000";"0,204";"0,810";"0,412";"0,230";"1,452";"0,000";"0,000";"0,000";
"07/09/2024 05:50";"0,887";"0,000";"0,408";"0,000";"0,233";"0,000";"1,527";"0,000";"0,000";"0,000";"0,000";"0,201";"0,887";"0,408";"0,233";"1,527";"0,000";"0,000";"0,000";
"07/09/2024 06:00";"0,540";"0,000";"0,388";"0,000";"0,228";"0,000";"1,157";"0,000";"0,000";"0,000";"0,000";"0,206";"0,540";"0,388";"0,228";"1,157";"0,000";"0,000";"0,000";
"07/09/2024 06:10";"0,620";"0,000";"0,374";"0,000";"0,228";"0,000";"1,222";"0,000";"0,000";"0,000";"0,000";"0,204";"0,620";"0,374";"0,228";"1,222";"0,000";"0,000";"0,000";
"07/09/2024 06:20";"0,498";"0,000";"0,416";"0,000";"0,228";"0,000";"1,142";"0,000";"0,000";"0,000";"0,000";"0,195";"0,498";"0,416";"0,228";"1,142";"0,000";"0,000";"0,000";
"07/09/2024 06:30";"0,857";"0,000";"0,406";"0,000";"0,228";"0,000";"1,491";"0,000";"0,000";"0,000";"0,000";"0,216";"0,857";"0,406";"0,228";"1,491";"0,000";"0,000";"0,000";
"07/09/2024 06:40";"0,874";"0,000";"0,364";"0,000";"0,229";"0,000";"1,467";"0,000";"0,000";"0,000";"0,000";"0,224";"0,874";"0,364";"0,229";"1,467";"0,000";"0,000";"0,000";
"07/09/2024 06:50";"0,349";"0,000";"0,377";"0,000";"0,229";"0,000";"0,955";"0,000";"0,000";"0,000";"0,000";"0,201";"0,349";"0,377";"0,229";"0,955";"0,000";"0,000";"0,000";
"07/09/2024 07:00";"0,356";"0,000";"0,407";"0,000";"0,232";"0,000";"0,994";"0,000";"0,000";"0,000";"0,000";"0,198";"0,356";"0,407";"0,232";"0,994";"0,000";"0,000";"0,000";
"07/09/2024 07:10";"0,584";"0,000";"0,400";"0,000";"0,228";"0,000";"1,213";"0,000";"0,000";"0,000";"0,000";"0,216";"0,584";"0,400";"0,228";"1,213";"0,000";"0,000";"0,000";
"07/09/2024 07:20";"0,865";"0,000";"0,380";"0,000";"0,231";"0,000";"1,476";"0,000";"0,000";"0,000";"0,000";"0,212";"0,865";"0,380";"0,231";"1,476";"0,000";"0,000";"0,000";
"07/09/2024 07:30";"0,728";"0,000";"0,389";"0,000";"0,230";"0,000";"1,347";"0,000";"0,000";"0,000";"0,000";"0,206";"0,728";"0,389";"0,230";"1,347";"0,000";"0,000";"0,000";
"07/09/2024 07:40";"0,336";"0,000";"0,416";"0,000";"0,228";"0,000";"0,981";"0,000";"0,000";"0,000";"0,000";"0,193";"0,336";"0,416";"0,228";"0,981";"0,000";"0,000";"0,000";
"07/09/2024 07:50";"0,298";"0,000";"0,339";"0,000";"0,175";"0,000";"0,813";"0,000";"0,000";"0,000";"0,000";"0,172";"0,298";"0,339";"0,175";"0,813";"0,000";"0,000";"0,000";
"07/09/2024 08:00";"0,610";"0,000";"0,252";"0,000";"0,108";"0,000";"0,970";"0,000";"0,000";"0,000";"0,000";"0,130";"0,610";"0,252";"0,109";"0,972";"0,002";"0,000";"0,002";
"07/09/2024 08:10";"0,737";"0,000";"0,246";"0,000";"0,091";"0,000";"1,074";"0,000";"0,004";"0,000";"0,000";"0,112";"0,744";"0,254";"0,099";"1,097";"0,023";"0,000";"0,023";
"07/09/2024 08:20";"0,509";"0,000";"0,248";"0,000";"0,093";"0,000";"0,850";"0,000";"0,001";"0,000";"0,000";"0,110";"0,526";"0,265";"0,110";"0,901";"0,051";"0,000";"0,051";
"07/09/2024 08:30";"0,218";"0,000";"0,205";"0,000";"0,088";"0,000";"0,510";"0,000";"0,001";"0,000";"0,000";"0,114";"0,252";"0,239";"0,122";"0,613";"0,103";"0,000";"0,103";
"07/09/2024 08:40";"0,214";"0,000";"0,204";"0,000";"0,088";"0,000";"0,506";"0,000";"0,001";"0,000";"0,000";"0,108";"0,286";"0,276";"0,160";"0,722";"0,216";"0,000";"0,216";
"07/09/2024 08:50";"0,681";"0,000";"0,239";"0,000";"0,088";"0,000";"1,008";"0,000";"0,000";"0,000";"0,000";"0,110";"0,741";"0,299";"0,148";"1,187";"0,179";"0,000";"0,179";
"07/09/2024 09:00";"0,724";"0,000";"0,233";"0,000";"0,087";"0,000";"1,044";"0,000";"0,000";"0,000";"0,000";"0,122";"0,900";"0,410";"0,264";"1,574";"0,530";"0,000";"0,530";
"07/09/2024 09:10";"0,576";"0,000";"0,223";"0,000";"0,088";"0,000";"0,888";"0,000";"0,001";"0,000";"0,000";"0,119";"0,890";"0,537";"0,402";"1,830";"0,942";"0,000";"0,942";
"07/09/2024 09:20";"0,440";"0,000";"0,231";"0,000";"0,088";"0,000";"0,759";"0,000";"0,000";"0,000";"0,000";"0,102";"0,718";"0,509";"0,365";"1,592";"0,833";"0,000";"0,833";
"07/09/2024 09:30";"0,197";"0,000";"0,217";"0,000";"0,087";"0,000";"0,501";"0,000";"0,001";"0,000";"0,000";"0,093";"0,401";"0,420";"0,291";"1,112";"0,611";"0,000";"0,611";
"07/09/2024 09:40";"0,733";"0,000";"0,232";"0,000";"0,092";"0,000";"1,057";"0,000";"0,000";"0,000";"0,000";"0,110";"0,982";"0,481";"0,341";"1,804";"0,747";"0,000";"0,747";
"07/09/2024 09:50";"0,729";"0,000";"0,231";"0,000";"0,089";"0,000";"1,048";"0,000";"0,000";"0,000";"0,000";"0,122";"1,274";"0,776";"0,634";"2,683";"1,635";"0,000";"1,635";
"07/09/2024 10:00";"0,231";"0,000";"0,240";"0,000";"0,087";"0,000";"0,558";"0,000";"0,000";"0,000";"0,000";"0,096";"0,898";"0,907";"0,754";"2,559";"2,001";"0,000";"2,001";
"07/09/2024 10:10";"0,250";"0,000";"0,209";"0,000";"0,087";"0,000";"0,545";"0,000";"0,000";"0,000";"0,000";"0,101";"0,977";"0,936";"0,814";"2,727";"2,182";"0,000";"2,182";
"07/09/2024 10:20";"0,389";"0,000";"0,221";"0,000";"0,089";"0,000";"0,699";"0,000";"0,000";"0,000";"0,000";"0,107";"1,181";"1,012";"0,880";"3,073";"2,374";"0,000";"2,374";
"07/09/2024 10:30";"0,757";"0,000";"0,231";"0,000";"0,087";"0,000";"1,076";"0,000";"0,000";"0,000";"0,000";"0,126";"1,645";"1,119";"0,975";"3,738";"2,662";"0,000";"2,662";
"07/09/2024 10:40";"0,602";"0,000";"0,241";"0,000";"0,088";"0,000";"0,931";"0,000";"0,000";"0,000";"0,000";"0,112";"1,343";"0,983";"0,829";"3,155";"2,224";"0,000";"2,224";
"07/09/2024 10:50";"0,212";"0,000";"0,212";"0,000";"0,094";"0,000";"0,518";"0,000";"0,004";"0,000";"0,000";"0,095";"0,924";"0,924";"0,806";"2,654";"2,136";"0,000";"2,136";
"07/09/2024 11:00";"0,235";"0,000";"0,218";"0,000";"0,090";"0,000";"0,544";"0,000";"0,002";"0,000";"0,000";"0,094";"1,108";"1,091";"0,962";"3,162";"2,618";"0,000";"2,618";
"07/09/2024 11:10";"0,464";"0,000";"0,247";"0,000";"0,088";"0,000";"0,799";"0,000";"0,003";"0,000";"0,000";"0,098";"1,575";"1,358";"1,199";"4,132";"3,333";"0,000";"3,333";
"07/09/2024 11:20";"0,759";"0,000";"0,243";"0,000";"0,088";"0,000";"1,090";"0,000";"0,000";"0,000";"0,000";"0,113";"1,922";"1,407";"1,251";"4,581";"3,491";"0,000";"3,491";
"07/09/2024 11:30";"0,525";"0,000";"0,208";"0,000";"0,087";"0,000";"0,820";"0,000";"0,000";"0,000";"0,000";"0,103";"1,723";"1,406";"1,285";"4,414";"3,594";"0,000";"3,594";
"07/09/2024 11:40";"0,209";"0,000";"0,223";"0,000";"0,087";"0,000";"0,519";"0,000";"0,001";"0,000";"0,000";"0,087";"1,449";"1,463";"1,326";"4,238";"3,719";"0,000";"3,719";
"07/09/2024 11:50";"0,246";"0,000";"0,240";"0,000";"0,089";"0,000";"0,575";"0,000";"0,002";"0,000";"0,000";"0,088";"1,585";"1,579";"1,428";"4,592";"4,017";"0,000";"4,017";
"07/09/2024 12:00";"0,500";"0,000";"0,235";"0,000";"0,092";"0,000";"0,827";"0,000";"0,002";"0,000";"0,000";"0,107";"2,056";"1,791";"1,648";"5,496";"4,669";"0,000";"4,669";
"07/09/2024 12:10";"0,714";"0,000";"0,210";"0,000";"0,086";"0,000";"1,010";"0,000";"0,000";"0,000";"0,000";"0,119";"1,261";"0,758";"0,633";"2,652";"1,642";"0,000";"1,642";
"07/09/2024 12:20";"0,392";"0,000";"0,217";"0,000";"0,088";"0,000";"0,696";"0,000";"0,000";"0,000";"0,000";"0,094";"1,146";"0,971";"0,842";"2,959";"2,263";"0,000";"2,263";
"07/09/2024 12:30";"0,203";"0,000";"0,238";"0,000";"0,087";"0,000";"0,528";"0,000";"0,002";"0,000";"0,000";"0,093";"0,632";"0,667";"0,516";"1,815";"1,287";"0,000";"1,287";
"07/09/2024 12:40";"0,281";"0,000";"0,246";"0,000";"0,088";"0,000";"0,615";"0,000";"0,001";"0,000";"0,000";"0,103";"1,192";"1,157";"0,999";"3,349";"2,734";"0,000";"2,734";
"07/09/2024 12:50";"0,542";"0,000";"0,222";"0,000";"0,095";"0,000";"0,859";"0,000";"0,000";"0,000";"0,000";"0,107";"1,480";"1,160";"1,033";"3,673";"2,814";"0,000";"2,814";
"07/09/2024 13:00";"0,698";"0,000";"0,323";"0,000";"0,181";"0,000";"1,201";"0,000";"0,018";"0,000";"0,000";"0,126";"1,970";"1,595";"1,453";"5,018";"3,817";"0,000";"3,817";
"07/09/2024 13:10";"0,241";"0,000";"0,240";"0,000";"0,091";"0,000";"0,572";"0,000";"0,004";"0,000";"0,000";"0,085";"1,608";"1,607";"1,459";"4,675";"4,103";"0,000";"4,103";
"07/09/2024 13:20";"0,211";"0,000";"0,246";"0,000";"0,086";"0,000";"0,543";"0,000";"0,002";"0,000";"0,000";"0,089";"1,185";"1,220";"1,061";"3,466";"2,923";"0,000";"2,923";
"07/09/2024 13:30";"0,243";"0,000";"0,210";"0,000";"0,087";"0,000";"0,540";"0,000";"0,002";"0,000";"0,000";"0,095";"1,840";"1,807";"1,684";"5,331";"4,791";"0,000";"4,791";
"07/09/2024 13:40";"0,277";"0,000";"0,278";"0,000";"0,129";"0,000";"0,684";"0,000";"0,017";"0,000";"0,000";"0,063";"1,151";"1,152";"1,003";"3,306";"2,622";"0,000";"2,622";
"07/09/2024 13:50";"0,256";"0,000";"0,284";"0,000";"0,122";"0,000";"0,661";"0,000";"0,005";"0,000";"0,000";"0,098";"1,820";"1,847";"1,686";"5,352";"4,691";"0,000";"4,691";
"07/09/2024 14:00";"0,237";"0,000";"0,242";"0,000";"0,087";"0,000";"0,566";"0,000";"0,003";"0,000";"0,000";"0,093";"1,529";"1,534";"1,378";"4,441";"3,875";"0,000";"3,875";
"07/09/2024 14:10";"0,267";"0,000";"0,279";"0,000";"0,141";"0,000";"0,687";"0,000";"0,021";"0,000";"0,000";"0,078";"1,959";"1,971";"1,834";"5,764";"5,077";"0,000";"5,077";
"07/09/2024 14:20";"0,247";"0,000";"0,238";"0,000";"0,105";"0,000";"0,591";"0,000";"0,002";"0,000";"0,000";"0,089";"0,736";"0,727";"0,594";"2,058";"1,467";"0,000";"1,467";
"07/09/2024 14:30";"0,218";"0,000";"0,246";"0,000";"0,087";"0,000";"0,551";"0,000";"0,003";"0,000";"0,000";"0,091";"0,809";"0,838";"0,678";"2,325";"1,774";"0,000";"1,774";
"07/09/2024 14:40";"0,296";"0,000";"0,315";"0,000";"0,159";"0,000";"0,771";"0,000";"0,016";"0,000";"0,000";"0,084";"1,189";"1,208";"1,052";"3,449";"2,678";"0,000";"2,678";
"07/09/2024 14:50";"0,230";"0,000";"0,205";"0,000";"0,088";"0,000";"0,523";"0,000";"0,004";"0,000";"0,000";"0,087";"1,441";"1,415";"1,298";"4,154";"3,631";"0,000";"3,631";
"07/09/2024 15:00";"0,234";"0,000";"0,242";"0,000";"0,087";"0,000";"0,563";"0,000";"0,001";"0,000";"0,000";"0,078";"1,296";"1,304";"1,149";"3,749";"3,186";"0,000";"3,186";
"07/09/2024 15:10";"0,300";"0,000";"0,327";"0,000";"0,156";"0,000";"0,783";"0,000";"0,030";"0,000";"0,000";"0,066";"1,934";"1,960";"1,790";"5,684";"4,901";"0,000";"4,901";
"07/09/2024 15:20";"0,235";"0,000";"0,210";"0,000";"0,092";"0,000";"0,537";"0,000";"0,003";"0,000";"0,000";"0,093";"1,798";"1,773";"1,655";"5,226";"4,689";"0,000";"4,689";
"07/09/2024 15:30";"0,212";"0,000";"0,229";"0,000";"0,088";"0,000";"0,529";"0,000";"0,003";"0,000";"0,000";"0,078";"1,807";"1,824";"1,683";"5,314";"4,785";"0,000";"4,785";
"07/09/2024 15:40";"0,288";"0,000";"0,336";"0,000";"0,156";"0,000";"0,780";"0,000";"0,013";"0,000";"0,000";"0,069";"1,812";"1,861";"1,681";"5,354";"4,574";"0,000";"4,574";
"07/09/2024 15:50";"0,315";"0,000";"0,236";"0,000";"0,087";"0,000";"0,638";"0,000";"0,002";"0,000";"0,000";"0,047";"1,794";"1,716";"1,567";"5,077";"4,439";"0,000";"4,439";
"07/09/2024 16:00";"0,303";"0,000";"0,203";"0,000";"0,087";"0,000";"0,593";"0,000";"0,012";"0,000";"0,000";"0,056";"1,748";"1,647";"1,531";"4,926";"4,333";"0,000";"4,333";
"07/09/2024 16:10";"0,387";"0,000";"0,332";"0,000";"0,148";"0,000";"0,867";"0,000";"0,033";"0,000";"0,000";"0,037";"1,802";"1,747";"1,563";"5,112";"4,245";"0,000";"4,245";
"07/09/2024 16:20";"0,344";"0,000";"0,231";"0,000";"0,091";"0,000";"0,666";"0,000";"0,004";"0,000";"0,000";"0,051";"1,727";"1,613";"1,473";"4,813";"4,147";"0,000";"4,147";
"07/09/2024 16:30";"0,307";"0,000";"0,216";"0,000";"0,087";"0,000";"0,610";"0,000";"0,008";"0,000";"0,000";"0,060";"1,657";"1,566";"1,436";"4,658";"4,048";"0,000";"4,048";
"07/09/2024 16:40";"0,558";"0,000";"0,297";"0,000";"0,151";"0,000";"1,007";"0,000";"0,025";"0,000";"0,000";"0,066";"1,869";"1,608";"1,462";"4,940";"3,933";"0,000";"3,933";
"07/09/2024 16:50";"0,473";"0,000";"0,236";"0,000";"0,087";"0,000";"0,796";"0,000";"0,000";"0,000";"0,000";"0,101";"1,737";"1,500";"1,350";"4,586";"3,790";"0,000";"3,790";
"07/09/2024 17:00";"0,221";"0,000";"0,228";"0,000";"0,087";"0,000";"0,535";"0,000";"0,001";"0,000";"0,000";"0,101";"1,437";"1,444";"1,304";"4,185";"3,650";"0,000";"3,650";
"07/09/2024 17:10";"0,311";"0,000";"0,293";"0,000";"0,149";"0,000";"0,753";"0,000";"0,024";"0,000";"0,000";"0,081";"1,494";"1,476";"1,332";"4,301";"3,548";"0,000";"3,548";
"07/09/2024 17:20";"0,199";"0,000";"0,233";"0,000";"0,091";"0,000";"0,524";"0,000";"0,007";"0,000";"0,000";"0,086";"1,333";"1,366";"1,225";"3,924";"3,400";"0,000";"3,400";
"07/09/2024 17:30";"0,290";"0,000";"0,297";"0,000";"0,139";"0,000";"0,727";"0,000";"0,002";"0,000";"0,000";"0,070";"1,384";"1,391";"1,233";"4,009";"3,282";"0,000";"3,282";
"07/09/2024 17:40";"0,226";"0,000";"0,240";"0,000";"0,098";"0,000";"0,565";"0,000";"0,003";"0,000";"0,000";"0,087";"1,315";"1,330";"1,188";"3,833";"3,268";"0,000";"3,268";
"07/09/2024 17:50";"0,214";"0,000";"0,218";"0,000";"0,088";"0,000";"0,521";"0,000";"0,005";"0,000";"0,000";"0,082";"1,189";"1,193";"1,063";"3,445";"2,924";"0,000";"2,924";
"07/09/2024 18:00";"0,261";"0,000";"0,277";"0,000";"0,111";"0,000";"0,650";"0,000";"0,012";"0,000";"0,000";"0,076";"1,163";"1,180";"1,014";"3,357";"2,707";"0,000";"2,707";
"07/09/2024 18:10";"0,267";"0,000";"0,293";"0,000";"0,126";"0,000";"0,686";"0,000";"0,015";"0,000";"0,000";"0,090";"1,107";"1,133";"0,967";"3,207";"2,521";"0,000";"2,521";
"07/09/2024 18:20";"0,209";"0,000";"0,210";"0,000";"0,092";"0,000";"0,511";"0,000";"0,005";"0,000";"0,000";"0,075";"0,994";"0,995";"0,877";"2,866";"2,355";"0,000";"2,355";
"07/09/2024 18:30";"0,241";"0,000";"0,285";"0,000";"0,118";"0,000";"0,645";"0,000";"0,008";"0,000";"0,000";"0,069";"0,743";"0,788";"0,621";"2,152";"1,507";"0,000";"1,507";
"07/09/2024 18:40";"0,289";"0,000";"0,279";"0,000";"0,121";"0,000";"0,689";"0,000";"0,002";"0,000";"0,000";"0,083";"0,929";"0,919";"0,761";"2,609";"1,920";"0,000";"1,920";
"07/09/2024 18:50";"0,202";"0,000";"0,199";"0,000";"0,086";"0,000";"0,487";"0,000";"0,003";"0,000";"0,000";"0,098";"0,753";"0,749";"0,636";"2,138";"1,651";"0,000";"1,651";
"07/09/2024 19:00";"0,209";"0,000";"0,237";"0,000";"0,087";"0,000";"0,533";"0,000";"0,000";"0,000";"0,000";"0,088";"0,704";"0,731";"0,581";"2,017";"1,484";"0,000";"1,484";
"07/09/2024 19:10";"0,248";"0,000";"0,248";"0,000";"0,087";"0,000";"0,583";"0,000";"0,004";"0,000";"0,000";"0,084";"0,671";"0,671";"0,510";"1,852";"1,269";"0,000";"1,269";
"07/09/2024 19:20";"0,276";"0,000";"0,307";"0,000";"0,151";"0,000";"0,734";"0,000";"0,016";"0,000";"0,000";"0,074";"0,630";"0,662";"0,505";"1,797";"1,063";"0,000";"1,063";
"07/09/2024 19:30";"0,209";"0,000";"0,208";"0,000";"0,087";"0,000";"0,505";"0,000";"0,002";"0,000";"0,000";"0,086";"0,500";"0,499";"0,378";"1,378";"0,873";"0,000";"0,873";
"07/09/2024 19:40";"0,243";"0,000";"0,241";"0,000";"0,087";"0,000";"0,572";"0,000";"0,003";"0,000";"0,000";"0,084";"0,483";"0,481";"0,326";"1,290";"0,718";"0,000";"0,718";
"07/09/2024 19:50";"0,261";"0,000";"0,289";"0,000";"0,135";"0,000";"0,684";"0,000";"0,008";"0,000";"0,000";"0,068";"0,447";"0,475";"0,321";"1,243";"0,559";"0,000";"0,559";
"07/09/2024 20:00";"0,209";"0,000";"0,238";"0,000";"0,090";"0,000";"0,537";"0,000";"0,001";"0,000";"0,000";"0,091";"0,326";"0,355";"0,208";"0,889";"0,352";"0,000";"0,352";
"07/09/2024 20:10";"0,282";"0,000";"0,262";"0,000";"0,127";"0,000";"0,670";"0,000";"0,024";"0,000";"0,000";"0,066";"0,355";"0,335";"0,200";"0,891";"0,221";"0,000";"0,221";
"07/09/2024 20:20";"0,221";"0,000";"0,263";"0,000";"0,103";"0,000";"0,587";"0,000";"0,002";"0,000";"0,000";"0,088";"0,263";"0,306";"0,146";"0,715";"0,128";"0,000";"0,128";
"07/09/2024 20:30";"0,235";"0,000";"0,282";"0,000";"0,117";"0,000";"0,634";"0,000";"0,009";"0,000";"0,000";"0,070";"0,257";"0,304";"0,139";"0,700";"0,066";"0,000";"0,066";
"07/09/2024 20:40";"0,467";"0,000";"0,249";"0,000";"0,115";"0,000";"0,831";"0,000";"0,000";"0,000";"0,000";"0,093";"0,479";"0,261";"0,127";"0,867";"0,036";"0,000";"0,036";
"07/09/2024 20:50";"0,464";"0,000";"0,212";"0,000";"0,087";"0,000";"0,762";"0,000";"0,002";"0,000";"0,000";"0,107";"0,467";"0,215";"0,091";"0,773";"0,011";"0,000";"0,011";
"07/09/2024 21:00";"0,348";"0,000";"0,337";"0,000";"0,169";"0,000";"0,853";"0,000";"0,018";"0,000";"0,000";"0,034";"0,348";"0,337";"0,169";"0,853";"0,000";"0,000";"0,000";
"07/09/2024 21:10";"0,246";"0,000";"0,246";"0,000";"0,091";"0,000";"0,584";"0,000";"0,004";"0,000";"0,000";"0,078";"0,246";"0,246";"0,091";"0,584";"0,000";"0,000";"0,000";
"07/09/2024 21:20";"0,313";"0,000";"0,355";"0,000";"0,194";"0,000";"0,861";"0,000";"0,000";"0,000";"0,000";"0,167";"0,313";"0,355";"0,194";"0,861";"0,000";"0,000";"0,000";
"07/09/2024 21:30";"0,436";"0,000";"0,486";"0,000";"0,312";"0,000";"1,233";"0,000";"0,004";"0,000";"0,000";"0,107";"0,436";"0,486";"0,312";"1,233";"0,000";"0,000";"0,000";
"07/09/2024 21:40";"0,442";"0,000";"0,467";"0,000";"0,276";"0,000";"1,186";"0,000";"0,000";"0,000";"0,000";"0,144";"0,442";"0,467";"0,276";"1,186";"0,000";"0,000";"0,000";
"07/09/2024 21:50";"0,460";"0,000";"0,403";"0,000";"0,234";"0,000";"1,097";"0,000";"0,000";"0,000";"0,000";"0,197";"0,460";"0,403";"0,234";"1,097";"0,000";"0,000";"0,000";
"07/09/2024 22:00";"0,344";"0,000";"0,389";"0,000";"0,228";"0,000";"0,961";"0,000";"0,000";"0,000";"0,000";"0,179";"0,344";"0,389";"0,228";"0,961";"0,000";"0,000";"0,000";
"07/09/2024 22:10";"0,379";"0,000";"0,386";"0,000";"0,230";"0,000";"0,995";"0,000";"0,000";"0,000";"0,000";"0,171";"0,379";"0,386";"0,230";"0,995";"0,000";"0,000";"0,000";
"07/09/2024 22:20";"0,366";"0,000";"0,402";"0,000";"0,227";"0,000";"0,994";"0,000";"0,000";"0,000";"0,000";"0,191";"0,366";"0,402";"0,227";"0,994";"0,000";"0,000";"0,000";
"07/09/2024 22:30";"0,487";"0,000";"0,538";"0,000";"0,338";"0,000";"1,363";"0,000";"0,004";"0,000";"0,000";"0,093";"0,487";"0,538";"0,338";"1,363";"0,000";"0,000";"0,000";
"07/09/2024 22:40";"0,557";"0,000";"0,393";"0,000";"0,228";"0,000";"1,177";"0,000";"0,000";"0,000";"0,000";"0,192";"0,557";"0,393";"0,228";"1,177";"0,000";"0,000";"0,000";
"07/09/2024 22:50";"0,343";"0,000";"0,376";"0,000";"0,227";"0,000";"0,946";"0,000";"0,000";"0,000";"0,000";"0,194";"0,343";"0,376";"0,227";"0,946";"0,000";"0,000";"0,000";
"07/09/2024 23:00";"0,343";"0,000";"0,410";"0,000";"0,228";"0,000";"0,981";"0,000";"0,000";"0,000";"0,000";"0,186";"0,343";"0,410";"0,228";"0,981";"0,000";"0,000";"0,000";
"07/09/2024 23:10";"0,470";"0,000";"0,492";"0,000";"0,287";"0,000";"1,249";"0,000";"0,008";"0,000";"0,000";"0,124";"0,470";"0,492";"0,287";"1,249";"0,000";"0,000";"0,000";
"07/09/2024 23:20";"0,392";"0,000";"0,409";"0,000";"0,264";"0,000";"1,065";"0,000";"0,000";"0,000";"0,000";"0,161";"0,392";"0,409";"0,264";"1,065";"0,000";"0,000";"0,000";
"07/09/2024 23:30";"0,623";"0,000";"0,464";"0,000";"0,292";"0,000";"1,379";"0,000";"0,004";"0,000";"0,000";"0,145";"0,623";"0,464";"0,292";"1,379";"0,000";"0,000";"0,000";
"07/09/2024 23:40";"0,469";"0,000";"0,422";"0,000";"0,229";"0,000";"1,119";"0,000";"0,000";"0,000";"0,000";"0,171";"0,469";"0,422";"0,229";"1,119";"0,000";"0,000";"0,000";
"07/09/2024 23:50";"0,368";"0,000";"0,403";"0,000";"0,229";"0,000";"1,000";"0,000";"0,000";"0,000";"0,000";"0,176";"0,368";"0,403";"0,229";"1,000";"0,000";"0,000";"0,000";
"08/09/2024 00:00";"0,338";"0,000";"0,364";"0,000";"0,228";"0,000";"0,930";"0,000";"0,000";"0,000";"0,000";"0,198";"0,338";"0,364";"0,228";"0,930";"0,000";"0,000";"0,000";
"08/09/2024 00:10";"0,763";"0,000";"0,404";"0,000";"0,228";"0,000";"1,396";"0,000";"0,000";"0,000";"0,000";"0,206";"0,763";"0,404";"0,228";"1,396";"0,000";"0,000";"0,000";
"08/09/2024 00:20";"1,121";"0,000";"0,423";"0,000";"0,232";"0,000";"1,776";"0,000";"0,000";"0,000";"0,000";"0,183";"1,121";"0,423";"0,232";"1,776";"0,000";"0,000";"0,000";
"08/09/2024 00:30";"0,771";"0,000";"0,391";"0,000";"0,228";"0,000";"1,390";"0,000";"0,000";"0,000";"0,000";"0,203";"0,771";"0,391";"0,228";"1,390";"0,000";"0,000";"0,000";
"08/09/2024 00:40";"0,379";"0,000";"0,365";"0,000";"0,228";"0,000";"0,972";"0,000";"0,000";"0,000";"0,000";"0,200";"0,379";"0,365";"0,228";"0,972";"0,000";"0,000";"0,000";
"08/09/2024 00:50";"0,352";"0,000";"0,410";"0,000";"0,228";"0,000";"0,990";"0,000";"0,000";"0,000";"0,000";"0,184";"0,352";"0,410";"0,228";"0,990";"0,000";"0,000";"0,000";
"08/09/2024 01:00";"0,876";"0,000";"0,406";"0,000";"0,228";"0,000";"1,511";"0,000";"0,000";"0,000";"0,000";"0,202";"0,876";"0,406";"0,228";"1,511";"0,000";"0,000";"0,000";
"08/09/2024 01:10";"0,909";"0,000";"0,406";"0,000";"0,227";"0,000";"1,543";"0,000";"0,000";"0,000";"0,000";"0,198";"0,909";"0,406";"0,227";"1,543";"0,000";"0,000";"0,000";
"08/09/2024 01:20";"0,360";"0,000";"0,369";"0,000";"0,231";"0,000";"0,960";"0,000";"0,000";"0,000";"0,000";"0,190";"0,360";"0,369";"0,231";"0,960";"0,000";"0,000";"0,000";
"08/09/2024 01:30";"0,346";"0,000";"0,398";"0,000";"0,228";"0,000";"0,971";"0,000";"0,000";"0,000";"0,000";"0,186";"0,346";"0,398";"0,228";"0,971";"0,000";"0,000";"0,000";
"08/09/2024 01:40";"0,649";"0,000";"0,407";"0,000";"0,228";"0,000";"1,283";"0,000";"0,000";"0,000";"0,000";"0,200";"0,649";"0,407";"0,228";"1,283";"0,000";"0,000";"0,000";
"08/09/2024 01:50";"0,868";"0,000";"0,393";"0,000";"0,228";"0,000";"1,488";"0,000";"0,000";"0,000";"0,000";"0,219";"0,868";"0,393";"0,228";"1,488";"0,000";"0,000";"0,000";
"08/09/2024 02:00";"0,597";"0,000";"0,382";"0,000";"0,228";"0,000";"1,207";"0,000";"0,000";"0,000";"0,000";"0,195";"0,597";"0,382";"0,228";"1,207";"0,000";"0,000";"0,000";
"08/09/2024 02:10";"0,373";"0,000";"0,403";"0,000";"0,227";"0,000";"1,002";"0,000";"0,000";"0,000";"0,000";"0,176";"0,373";"0,403";"0,227";"1,002";"0,000";"0,000";"0,000";
"08/09/2024 02:20";"0,335";"0,000";"0,414";"0,000";"0,227";"0,000";"0,976";"0,000";"0,000";"0,000";"0,000";"0,194";"0,335";"0,414";"0,227";"0,976";"0,000";"0,000";"0,000";
"08/09/2024 02:30";"0,802";"0,000";"0,403";"0,000";"0,230";"0,000";"1,435";"0,000";"0,000";"0,000";"0,000";"0,214";"0,802";"0,403";"0,230";"1,435";"0,000";"0,000";"0,000";
"08/09/2024 02:40";"0,887";"0,000";"0,387";"0,000";"0,227";"0,000";"1,501";"0,000";"0,000";"0,000";"0,000";"0,211";"0,887";"0,387";"0,227";"1,501";"0,000";"0,000";"0,000";
"08/09/2024 02:50";"0,449";"0,000";"0,383";"0,000";"0,227";"0,000";"1,059";"0,000";"0,000";"0,000";"0,000";"0,198";"0,449";"0,383";"0,227";"1,059";"0,000";"0,000";"0,000";
"08/09/2024 03:00";"0,341";"0,000";"0,408";"0,000";"0,227";"0,000";"0,976";"0,000";"0,000";"0,000";"0,000";"0,193";"0,341";"0,408";"0,227";"0,976";"0,000";"0,000";"0,000";
"08/09/2024 03:10";"0,448";"0,000";"0,389";"0,000";"0,227";"0,000";"1,064";"0,000";"0,000";"0,000";"0,000";"0,212";"0,448";"0,389";"0,227";"1,064";"0,000";"0,000";"0,000";
"08/09/2024 03:20";"0,879";"0,000";"0,396";"0,000";"0,228";"0,000";"1,503";"0,000";"0,000";"0,000";"0,000";"0,213";"0,879";"0,396";"0,228";"1,503";"0,000";"0,000";"0,000";
"08/09/2024 03:30";"0,828";"0,000";"0,395";"0,000";"0,231";"0,000";"1,453";"0,000";"0,000";"0,000";"0,000";"0,199";"0,828";"0,395";"0,231";"1,453";"0,000";"0,000";"0,000";
"08/09/2024 03:40";"0,335";"0,000";"0,382";"0,000";"0,227";"0,000";"0,944";"0,000";"0,000";"0,000";"0,000";"0,190";"0,335";"0,382";"0,227";"0,944";"0,000";"0,000";"0,000";
"08/09/2024 03:50";"0,570";"0,000";"0,384";"0,000";"0,227";"0,000";"1,181";"0,000";"0,000";"0,000";"0,000";"0,206";"0,570";"0,384";"0,227";"1,181";"0,000";"0,000";"0,000";
"08/09/2024 04:00";"0,811";"0,000";"0,388";"0,000";"0,227";"0,000";"1,426";"0,000";"0,000";"0,000";"0,000";"0,219";"0,811";"0,388";"0,227";"1,426";"0,000";"0,000";"0,000";
"08/09/2024 04:10";"0,903";"0,000";"0,402";"0,000";"0,227";"0,000";"1,532";"0,000";"0,000";"0,000";"0,000";"0,217";"0,903";"0,402";"0,227";"1,532";"0,000";"0,000";"0,000";
"08/09/2024 04:20";"0,730";"0,000";"0,401";"0,000";"0,227";"0,000";"1,358";"0,000";"0,000";"0,000";"0,000";"0,209";"0,730";"0,401";"0,227";"1,358";"0,000";"0,000";"0,000";
"08/09/2024 04:30";"0,340";"0,000";"0,388";"0,000";"0,227";"0,000";"0,955";"0,000";"0,000";"0,000";"0,000";"0,194";"0,340";"0,388";"0,227";"0,955";"0,000";"0,000";"0,000";
"08/09/2024 04:40";"0,336";"0,000";"0,369";"0,000";"0,231";"0,000";"0,937";"0,000";"0,000";"0,000";"0,000";"0,201";"0,336";"0,369";"0,231";"0,937";"0,000";"0,000";"0,000";
"08/09/2024 04:50";"0,830";"0,000";"0,395";"0,000";"0,228";"0,000";"1,452";"0,000";"0,000";"0,000";"0,000";"0,181";"0,830";"0,395";"0,228";"1,452";"0,000";"0,000";"0,000";
"08/09/2024 05:00";"0,952";"0,000";"0,413";"0,000";"0,227";"0,000";"1,592";"0,000";"0,000";"0,000";"0,000";"0,162";"0,952";"0,413";"0,227";"1,592";"0,000";"0,000";"0,000";
"08/09/2024 05:10";"0,613";"0,000";"0,411";"0,000";"0,227";"0,000";"1,252";"0,000";"0,000";"0,000";"0,000";"0,152";"0,613";"0,411";"0,227";"1,252";"0,000";"0,000";"0,000";
"08/09/2024 05:20";"0,474";"0,000";"0,375";"0,000";"0,227";"0,000";"1,076";"0,000";"0,000";"0,000";"0,000";"0,157";"0,474";"0,375";"0,227";"1,076";"0,000";"0,000";"0,000";
"08/09/2024 05:30";"0,472";"0,000";"0,375";"0,000";"0,227";"0,000";"1,074";"0,000";"0,000";"0,000";"0,000";"0,164";"0,472";"0,375";"0,227";"1,074";"0,000";"0,000";"0,000";
"08/09/2024 05:40";"0,934";"0,000";"0,404";"0,000";"0,227";"0,000";"1,565";"0,000";"0,000";"0,000";"0,000";"0,185";"0,934";"0,404";"0,227";"1,565";"0,000";"0,000";"0,000";
"08/09/2024 05:50";"0,899";"0,000";"0,415";"0,000";"0,227";"0,000";"1,542";"0,000";"0,000";"0,000";"0,000";"0,212";"0,899";"0,415";"0,227";"1,542";"0,000";"0,000";"0,000";
"08/09/2024 06:00";"0,356";"0,000";"0,383";"0,000";"0,232";"0,000";"0,970";"0,000";"0,000";"0,000";"0,000";"0,190";"0,356";"0,383";"0,232";"0,970";"0,000";"0,000";"0,000";
"08/09/2024 06:10";"0,340";"0,000";"0,370";"0,000";"0,227";"0,000";"0,938";"0,000";"0,000";"0,000";"0,000";"0,202";"0,340";"0,370";"0,227";"0,938";"0,000";"0,000";"0,000";
"08/09/2024 06:20";"0,593";"0,000";"0,403";"0,000";"0,227";"0,000";"1,223";"0,000";"0,000";"0,000";"0,000";"0,210";"0,593";"0,403";"0,227";"1,223";"0,000";"0,000";"0,000";
"08/09/2024 06:30";"0,853";"0,000";"0,409";"0,000";"0,227";"0,000";"1,489";"0,000";"0,000";"0,000";"0,000";"0,213";"0,853";"0,409";"0,227";"1,489";"0,000";"0,000";"0,000";
"08/09/2024 06:40";"0,699";"0,000";"0,387";"0,000";"0,227";"0,000";"1,313";"0,000";"0,000";"0,000";"0,000";"0,211";"0,699";"0,387";"0,227";"1,313";"0,000";"0,000";"0,000";
"08/09/2024 06:50";"0,400";"0,000";"0,372";"0,000";"0,227";"0,000";"0,999";"0,000";"0,000";"0,000";"0,000";"0,205";"0,400";"0,372";"0,227";"0,999";"0,000";"0,000";"0,000";
"08/09/2024 07:00";"0,316";"0,000";"0,393";"0,000";"0,226";"0,000";"0,936";"0,000";"0,000";"0,000";"0,000";"0,204";"0,316";"0,393";"0,226";"0,936";"0,000";"0,000";"0,000";
"08/09/2024 07:10";"0,954";"0,000";"0,405";"0,000";"0,230";"0,000";"1,589";"0,000";"0,000";"0,000";"0,000";"0,214";"0,954";"0,405";"0,230";"1,589";"0,000";"0,000";"0,000";
"08/09/2024 07:20";"1,097";"0,000";"0,399";"0,000";"0,226";"0,000";"1,723";"0,000";"0,000";"0,000";"0,000";"0,219";"1,097";"0,399";"0,226";"1,723";"0,000";"0,000";"0,000";
"08/09/2024 07:30";"0,627";"0,000";"0,375";"0,000";"0,226";"0,000";"1,229";"0,000";"0,000";"0,000";"0,000";"0,209";"0,627";"0,375";"0,226";"1,229";"0,000";"0,000";"0,000";
"08/09/2024 07:40";"0,335";"0,000";"0,370";"0,000";"0,226";"0,000";"0,931";"0,000";"0,000";"0,000";"0,000";"0,211";"0,335";"0,370";"0,226";"0,931";"0,000";"0,000";"0,000";
"08/09/2024 07:50";"0,282";"0,000";"0,340";"0,000";"0,161";"0,000";"0,783";"0,000";"0,000";"0,000";"0,000";"0,154";"0,282";"0,340";"0,161";"0,783";"0,000";"0,000";"0,000";
"08/09/2024 08:00";"0,761";"0,000";"0,289";"0,000";"0,107";"0,000";"1,157";"0,000";"0,000";"0,000";"0,000";"0,137";"0,763";"0,291";"0,109";"1,164";"0,007";"0,000";"0,007";
"08/09/2024 08:10";"0,719";"0,000";"0,220";"0,000";"0,090";"0,000";"1,030";"0,000";"0,000";"0,000";"0,000";"0,127";"0,738";"0,238";"0,109";"1,085";"0,055";"0,000";"0,055";
"08/09/2024 08:20";"0,319";"0,000";"0,204";"0,000";"0,087";"0,000";"0,609";"0,000";"0,002";"0,000";"0,000";"0,115";"0,361";"0,247";"0,129";"0,737";"0,128";"0,000";"0,128";
"08/09/2024 08:30";"0,201";"0,000";"0,243";"0,000";"0,091";"0,000";"0,536";"0,000";"0,001";"0,000";"0,000";"0,096";"0,261";"0,304";"0,152";"0,717";"0,181";"0,000";"0,181";
"08/09/2024 08:40";"0,348";"0,000";"0,241";"0,000";"0,087";"0,000";"0,676";"0,000";"0,000";"0,000";"0,000";"0,106";"0,432";"0,325";"0,171";"0,928";"0,252";"0,000";"0,252";
"08/09/2024 08:50";"0,747";"0,000";"0,215";"0,000";"0,089";"0,000";"1,051";"0,000";"0,000";"0,000";"0,000";"0,127";"0,852";"0,321";"0,194";"1,367";"0,316";"0,000";"0,316";
"08/09/2024 09:00";"0,682";"0,000";"0,207";"0,000";"0,086";"0,000";"0,975";"0,000";"0,000";"0,000";"0,000";"0,125";"0,845";"0,371";"0,249";"1,465";"0,490";"0,000";"0,490";
"08/09/2024 09:10";"0,206";"0,000";"0,234";"0,000";"0,086";"0,000";"0,525";"0,000";"0,001";"0,000";"0,000";"0,106";"0,500";"0,528";"0,380";"1,407";"0,882";"0,000";"0,882";
"08/09/2024 09:20";"0,235";"0,000";"0,239";"0,000";"0,088";"0,000";"0,562";"0,000";"0,000";"0,000";"0,000";"0,108";"0,648";"0,653";"0,501";"1,803";"1,241";"0,000";"1,241";
"08/09/2024 09:30";"0,376";"0,000";"0,223";"0,000";"0,088";"0,000";"0,686";"0,000";"0,000";"0,000";"0,000";"0,119";"0,890";"0,737";"0,602";"2,228";"1,542";"0,000";"1,542";
"08/09/2024 09:40";"0,753";"0,000";"0,214";"0,000";"0,091";"0,000";"1,058";"0,000";"0,000";"0,000";"0,000";"0,115";"1,034";"0,495";"0,372";"1,901";"0,843";"0,000";"0,843";
"08/09/2024 09:50";"0,612";"0,000";"0,217";"0,000";"0,089";"0,000";"0,918";"0,000";"0,000";"0,000";"0,000";"0,114";"0,834";"0,439";"0,311";"1,584";"0,666";"0,000";"0,666";
"08/09/2024 10:00";"0,200";"0,000";"0,223";"0,000";"0,087";"0,000";"0,509";"0,000";"0,002";"0,000";"0,000";"0,095";"0,527";"0,550";"0,414";"1,491";"0,982";"0,000";"0,982";
"08/09/2024 10:10";"0,224";"0,000";"0,220";"0,000";"0,086";"0,000";"0,531";"0,000";"0,002";"0,000";"0,000";"0,110";"0,507";"0,503";"0,369";"1,379";"0,848";"0,000";"0,848";
"08/09/2024 10:20";"0,516";"0,000";"0,238";"0,000";"0,088";"0,000";"0,843";"0,000";"0,000";"0,000";"0,000";"0,114";"0,847";"0,570";"0,420";"1,837";"0,994";"0,000";"0,994";
"08/09/2024 10:30";"0,727";"0,000";"0,235";"0,000";"0,089";"0,000";"1,051";"0,000";"0,000";"0,000";"0,000";"0,115";"1,070";"0,577";"0,431";"2,079";"1,028";"0,000";"1,028";
"08/09/2024 10:40";"0,442";"0,000";"0,223";"0,000";"0,087";"0,000";"0,752";"0,000";"0,001";"0,000";"0,000";"0,096";"0,755";"0,535";"0,400";"1,690";"0,938";"0,000";"0,938";
"08/09/2024 10:50";"0,202";"0,000";"0,257";"0,000";"0,089";"0,000";"0,548";"0,000";"0,017";"0,000";"0,000";"0,094";"0,595";"0,649";"0,481";"1,725";"1,177";"0,000";"1,177";
"08/09/2024 11:00";"0,237";"0,000";"1,323";"0,000";"0,091";"0,000";"1,651";"0,000";"0,000";"0,000";"0,000";"0,175";"0,941";"2,027";"0,794";"3,762";"2,111";"0,000";"2,111";
"08/09/2024 11:10";"0,730";"0,000";"1,340";"0,000";"0,086";"0,000";"2,156";"0,000";"0,000";"0,000";"0,000";"0,188";"1,834";"2,443";"1,190";"5,467";"3,311";"0,000";"3,311";
"08/09/2024 11:20";"0,958";"0,000";"1,347";"0,000";"0,088";"0,000";"2,392";"0,000";"0,000";"0,000";"0,000";"0,184";"2,115";"2,504";"1,245";"5,863";"3,471";"0,000";"3,471";
"08/09/2024 11:30";"0,573";"0,000";"1,332";"0,000";"0,086";"0,000";"1,991";"0,000";"0,000";"0,000";"0,000";"0,173";"1,661";"2,420";"1,174";"5,255";"3,264";"0,000";"3,264";
"08/09/2024 11:40";"0,195";"0,000";"1,320";"0,000";"0,087";"0,000";"1,602";"0,000";"0,000";"0,000";"0,000";"0,164";"1,357";"2,481";"1,249";"5,087";"3,485";"0,000";"3,485";
"08/09/2024 11:50";"0,234";"0,000";"1,336";"0,000";"0,089";"0,000";"1,660";"0,000";"0,000";"0,000";"0,000";"0,165";"1,264";"2,366";"1,118";"4,748";"3,088";"0,000";"3,088";
"08/09/2024 12:00";"0,210";"0,000";"1,356";"0,000";"0,089";"0,000";"1,654";"0,000";"0,000";"0,000";"0,000";"0,164";"1,190";"2,336";"1,069";"4,594";"2,940";"0,000";"2,940";
"08/09/2024 12:10";"0,394";"0,000";"1,463";"0,000";"0,197";"0,000";"2,054";"0,000";"0,001";"0,000";"0,000";"0,160";"1,364";"2,432";"1,167";"4,963";"2,909";"0,000";"2,909";
"08/09/2024 12:20";"0,417";"0,000";"1,313";"0,000";"0,087";"0,000";"1,817";"0,000";"0,000";"0,000";"0,000";"0,169";"1,412";"2,308";"1,082";"4,802";"2,985";"0,000";"2,985";
"08/09/2024 12:30";"0,205";"0,000";"1,333";"0,000";"0,086";"0,000";"1,624";"0,000";"0,000";"0,000";"0,000";"0,172";"1,249";"2,376";"1,130";"4,755";"3,131";"0,000";"3,131";
"08/09/2024 12:40";"0,207";"0,000";"1,354";"0,000";"0,086";"0,000";"1,647";"0,000";"0,000";"0,000";"0,000";"0,163";"1,552";"2,698";"1,431";"5,681";"4,034";"0,000";"4,034";
"08/09/2024 12:50";"0,230";"0,000";"1,338";"0,000";"0,087";"0,000";"1,655";"0,000";"0,000";"0,000";"0,000";"0,153";"1,337";"2,445";"1,193";"4,974";"3,319";"0,000";"3,319";
"08/09/2024 13:00";"0,288";"0,000";"1,401";"0,000";"0,152";"0,000";"1,841";"0,000";"0,011";"0,000";"0,000";"0,146";"1,355";"2,467";"1,219";"5,040";"3,199";"0,000";"3,199";
"08/09/2024 13:10";"0,216";"0,000";"1,335";"0,000";"0,086";"0,000";"1,638";"0,000";"0,000";"0,000";"0,000";"0,169";"0,802";"1,921";"0,672";"3,396";"1,758";"0,000";"1,758";
"08/09/2024 13:20";"0,214";"0,000";"1,352";"0,000";"0,090";"0,000";"1,656";"0,000";"0,000";"0,000";"0,000";"0,156";"0,751";"1,890";"0,627";"3,269";"1,613";"0,000";"1,613";
"08/09/2024 13:30";"0,274";"0,000";"1,430";"0,000";"0,153";"0,000";"1,858";"0,000";"0,010";"0,000";"0,000";"0,140";"0,750";"1,906";"0,629";"3,285";"1,427";"0,000";"1,427";
"08/09/2024 13:40";"0,235";"0,000";"1,316";"0,000";"0,087";"0,000";"1,637";"0,000";"0,000";"0,000";"0,000";"0,163";"0,740";"1,821";"0,593";"3,154";"1,517";"0,000";"1,517";
"08/09/2024 13:50";"0,208";"0,000";"1,320";"0,000";"0,086";"0,000";"1,614";"0,000";"0,000";"0,000";"0,000";"0,165";"0,719";"1,830";"0,596";"3,145";"1,531";"0,000";"1,531";
"08/09/2024 14:00";"0,271";"0,000";"1,102";"0,000";"0,146";"0,000";"1,520";"0,000";"0,016";"0,000";"0,000";"0,128";"0,807";"1,638";"0,682";"3,128";"1,608";"0,000";"1,608";
"08/09/2024 14:10";"0,225";"0,000";"0,669";"0,000";"0,086";"0,000";"0,981";"0,000";"0,000";"0,000";"0,000";"0,127";"0,702";"1,147";"0,564";"2,413";"1,432";"0,000";"1,432";
"08/09/2024 14:20";"0,199";"0,000";"0,476";"0,000";"0,092";"0,000";"0,766";"0,000";"0,000";"0,000";"0,000";"0,117";"0,695";"0,971";"0,587";"2,253";"1,487";"0,000";"1,487";
"08/09/2024 14:30";"0,292";"0,000";"0,500";"0,000";"0,148";"0,000";"0,940";"0,000";"0,004";"0,000";"0,000";"0,100";"0,820";"1,027";"0,675";"2,523";"1,583";"0,000";"1,583";
"08/09/2024 14:40";"0,204";"0,000";"0,382";"0,000";"0,086";"0,000";"0,672";"0,000";"0,000";"0,000";"0,000";"0,114";"0,906";"1,084";"0,788";"2,779";"2,107";"0,000";"2,107";
"08/09/2024 14:50";"0,200";"0,000";"0,300";"0,000";"0,086";"0,000";"0,587";"0,000";"0,000";"0,000";"0,000";"0,115";"1,325";"1,425";"1,211";"3,961";"3,374";"0,000";"3,374";
"08/09/2024 15:00";"0,292";"0,000";"0,340";"0,000";"0,145";"0,000";"0,777";"0,000";"0,003";"0,000";"0,000";"0,093";"1,075";"1,123";"0,928";"3,126";"2,349";"0,000";"2,349";
"08/09/2024 15:10";"0,203";"0,000";"0,277";"0,000";"0,087";"0,000";"0,567";"0,000";"0,006";"0,000";"0,000";"0,103";"1,105";"1,179";"0,989";"3,273";"2,706";"0,000";"2,706";
"08/09/2024 15:20";"0,259";"0,000";"0,287";"0,000";"0,120";"0,000";"0,667";"0,000";"0,025";"0,000";"0,000";"0,060";"1,404";"1,432";"1,265";"4,102";"3,435";"0,000";"3,435";
"08/09/2024 15:30";"0,309";"0,000";"0,271";"0,000";"0,117";"0,000";"0,697";"0,000";"0,026";"0,000";"0,000";"0,054";"1,929";"1,892";"1,738";"5,558";"4,861";"0,000";"4,861";
"08/09/2024 15:40";"0,208";"0,000";"0,204";"0,000";"0,088";"0,000";"0,499";"0,000";"0,010";"0,000";"0,000";"0,085";"1,847";"1,842";"1,726";"5,415";"4,916";"0,000";"4,916";
"08/09/2024 15:50";"0,252";"0,000";"0,288";"0,000";"0,129";"0,000";"0,669";"0,000";"0,017";"0,000";"0,000";"0,065";"1,652";"1,688";"1,530";"4,870";"4,201";"0,000";"4,201";
"08/09/2024 16:00";"0,511";"0,000";"0,250";"0,000";"0,105";"0,000";"0,866";"0,000";"0,003";"0,000";"0,000";"0,113";"1,958";"1,697";"1,552";"5,208";"4,342";"0,000";"4,342";
"08/09/2024 16:10";"0,451";"0,000";"0,243";"0,000";"0,087";"0,000";"0,782";"0,000";"0,002";"0,000";"0,000";"0,084";"1,593";"1,385";"1,229";"4,207";"3,425";"0,000";"3,425";
"08/09/2024 16:20";"0,267";"0,000";"0,287";"0,000";"0,142";"0,000";"0,695";"0,000";"0,023";"0,000";"0,000";"0,068";"1,271";"1,290";"1,146";"3,706";"3,011";"0,000";"3,011";
"08/09/2024 16:30";"0,219";"0,000";"0,230";"0,000";"0,092";"0,000";"0,541";"0,000";"0,001";"0,000";"0,000";"0,087";"1,325";"1,336";"1,197";"3,858";"3,317";"0,000";"3,317";
"08/09/2024 16:40";"0,197";"0,000";"0,235";"0,000";"0,087";"0,000";"0,519";"0,000";"0,002";"0,000";"0,000";"0,088";"1,652";"1,691";"1,543";"4,886";"4,367";"0,000";"4,367";
"08/09/2024 16:50";"0,296";"0,000";"0,295";"0,000";"0,135";"0,000";"0,727";"0,000";"0,016";"0,000";"0,000";"0,064";"1,745";"1,744";"1,583";"5,072";"4,345";"0,000";"4,345";
"08/09/2024 17:00";"0,212";"0,000";"0,225";"0,000";"0,094";"0,000";"0,531";"0,000";"0,002";"0,000";"0,000";"0,083";"1,593";"1,606";"1,475";"4,673";"4,142";"0,000";"4,142";
"08/09/2024 17:10";"0,216";"0,000";"0,226";"0,000";"0,086";"0,000";"0,528";"0,000";"0,002";"0,000";"0,000";"0,101";"1,434";"1,445";"1,304";"4,183";"3,655";"0,000";"3,655";
"08/09/2024 17:20";"0,234";"0,000";"0,291";"0,000";"0,122";"0,000";"0,646";"0,000";"0,013";"0,000";"0,000";"0,060";"1,466";"1,524";"1,354";"4,344";"3,698";"0,000";"3,698";
"08/09/2024 17:30";"0,270";"0,000";"0,248";"0,000";"0,114";"0,000";"0,632";"0,000";"0,004";"0,000";"0,000";"0,097";"1,411";"1,388";"1,254";"4,053";"3,421";"0,000";"3,421";
"08/09/2024 17:40";"0,316";"0,000";"0,219";"0,000";"0,086";"0,000";"0,621";"0,000";"0,006";"0,000";"0,000";"0,050";"1,206";"1,109";"0,976";"3,291";"2,670";"0,000";"2,670";
"08/09/2024 17:50";"0,351";"0,000";"0,320";"0,000";"0,137";"0,000";"0,808";"0,000";"0,020";"0,000";"0,000";"0,025";"0,921";"0,890";"0,707";"2,518";"1,710";"0,000";"1,710";
"08/09/2024 18:00";"0,301";"0,000";"0,234";"0,000";"0,088";"0,000";"0,623";"0,000";"0,010";"0,000";"0,000";"0,058";"0,892";"0,824";"0,678";"2,394";"1,771";"0,000";"1,771";
"08/09/2024 18:10";"0,338";"0,000";"0,211";"0,000";"0,092";"0,000";"0,641";"0,000";"0,002";"0,000";"0,000";"0,046";"1,090";"0,963";"0,844";"2,897";"2,256";"0,000";"2,256";
"08/09/2024 18:20";"0,363";"0,000";"0,310";"0,000";"0,139";"0,000";"0,811";"0,000";"0,049";"0,000";"0,000";"0,041";"1,243";"1,190";"1,019";"3,452";"2,641";"0,000";"2,641";
"08/09/2024 18:30";"0,205";"0,000";"0,241";"0,000";"0,088";"0,000";"0,534";"0,000";"0,002";"0,000";"0,000";"0,087";"1,049";"1,085";"0,932";"3,066";"2,532";"0,000";"2,532";
"08/09/2024 18:40";"0,206";"0,000";"0,226";"0,000";"0,088";"0,000";"0,520";"0,000";"0,000";"0,000";"0,000";"0,083";"0,933";"0,953";"0,815";"2,701";"2,181";"0,000";"2,181";
"08/09/2024 18:50";"0,227";"0,000";"0,228";"0,000";"0,086";"0,000";"0,541";"0,000";"0,004";"0,000";"0,000";"0,078";"0,799";"0,800";"0,658";"2,257";"1,716";"0,000";"1,716";
"08/09/2024 19:00";"0,256";"0,000";"0,311";"0,000";"0,140";"0,000";"0,707";"0,000";"0,006";"0,000";"0,000";"0,069";"0,737";"0,791";"0,620";"2,148";"1,441";"0,000";"1,441";
"08/09/2024 19:10";"0,215";"0,000";"0,244";"0,000";"0,088";"0,000";"0,546";"0,000";"0,000";"0,000";"0,000";"0,086";"0,617";"0,646";"0,490";"1,752";"1,206";"0,000";"1,206";
"08/09/2024 19:20";"0,235";"0,000";"0,234";"0,000";"0,119";"0,000";"0,588";"0,000";"0,007";"0,000";"0,000";"0,076";"0,568";"0,567";"0,452";"1,587";"0,999";"0,000";"0,999";
"08/09/2024 19:30";"0,213";"0,000";"0,272";"0,000";"0,105";"0,000";"0,590";"0,000";"0,013";"0,000";"0,000";"0,078";"0,480";"0,539";"0,372";"1,391";"0,801";"0,000";"0,801";
"08/09/2024 19:40";"0,236";"0,000";"0,255";"0,000";"0,086";"0,000";"0,577";"0,000";"0,002";"0,000";"0,000";"0,077";"0,440";"0,459";"0,290";"1,190";"0,613";"0,000";"0,613";
"08/09/2024 19:50";"0,196";"0,000";"0,207";"0,000";"0,086";"0,000";"0,489";"0,000";"0,002";"0,000";"0,000";"0,107";"0,345";"0,356";"0,235";"0,935";"0,446";"0,000";"0,446";
"08/09/2024 20:00";"0,286";"0,000";"0,288";"0,000";"0,143";"0,000";"0,718";"0,000";"0,010";"0,000";"0,000";"0,078";"0,387";"0,389";"0,244";"1,021";"0,303";"0,000";"0,303";
"08/09/2024 20:10";"0,256";"0,000";"0,257";"0,000";"0,090";"0,000";"0,603";"0,000";"0,005";"0,000";"0,000";"0,074";"0,320";"0,321";"0,154";"0,795";"0,192";"0,000";"0,192";
"08/09/2024 20:20";"0,234";"0,000";"0,297";"0,000";"0,135";"0,000";"0,666";"0,000";"0,025";"0,000";"0,000";"0,090";"0,271";"0,335";"0,173";"0,778";"0,112";"0,000";"0,112";
"08/09/2024 20:30";"0,225";"0,000";"0,223";"0,000";"0,087";"0,000";"0,534";"0,000";"0,000";"0,000";"0,000";"0,086";"0,244";"0,242";"0,106";"0,593";"0,059";"0,000";"0,059";
"08/09/2024 20:40";"0,424";"0,000";"0,278";"0,000";"0,140";"0,000";"0,843";"0,000";"0,033";"0,000";"0,000";"0,104";"0,433";"0,287";"0,149";"0,870";"0,027";"0,000";"0,027";
"08/09/2024 20:50";"0,448";"0,000";"0,247";"0,000";"0,086";"0,000";"0,782";"0,000";"0,000";"0,000";"0,000";"0,096";"0,450";"0,249";"0,088";"0,786";"0,004";"0,000";"0,004";
"08/09/2024 21:00";"0,440";"0,000";"0,327";"0,000";"0,139";"0,000";"0,905";"0,000";"0,021";"0,000";"0,000";"0,054";"0,440";"0,327";"0,139";"0,905";"0,000";"0,000";"0,000";
"08/09/2024 21:10";"0,320";"0,000";"0,318";"0,000";"0,192";"0,000";"0,829";"0,000";"0,011";"0,000";"0,000";"0,043";"0,320";"0,318";"0,192";"0,829";"0,000";"0,000";"0,000";
"08/09/2024 21:20";"0,398";"0,000";"0,440";"0,000";"0,261";"0,000";"1,099";"0,000";"0,000";"0,000";"0,000";"0,152";"0,398";"0,440";"0,261";"1,099";"0,000";"0,000";"0,000";
"08/09/2024 21:30";"0,389";"0,000";"0,470";"0,000";"0,267";"0,000";"1,126";"0,000";"0,000";"0,000";"0,000";"0,145";"0,389";"0,470";"0,267";"1,126";"0,000";"0,000";"0,000";
"08/09/2024 21:40";"0,382";"0,000";"0,437";"0,000";"0,251";"0,000";"1,070";"0,000";"0,000";"0,000";"0,000";"0,167";"0,382";"0,437";"0,251";"1,070";"0,000";"0,000";"0,000";
"08/09/2024 21:50";"0,447";"0,000";"0,461";"0,000";"0,294";"0,000";"1,201";"0,000";"0,000";"0,000";"0,000";"0,130";"0,447";"0,461";"0,294";"1,201";"0,000";"0,000";"0,000";
"08/09/2024 22:00";"0,439";"0,000";"0,506";"0,000";"0,323";"0,000";"1,268";"0,000";"0,000";"0,000";"0,000";"0,105";"0,439";"0,506";"0,323";"1,268";"0,000";"0,000";"0,000";
"08/09/2024 22:10";"0,333";"0,000";"0,405";"0,000";"0,227";"0,000";"0,965";"0,000";"0,000";"0,000";"0,000";"0,200";"0,333";"0,405";"0,227";"0,965";"0,000";"0,000";"0,000";
"08/09/2024 22:20";"0,374";"0,000";"0,393";"0,000";"0,227";"0,000";"0,994";"0,000";"0,000";"0,000";"0,000";"0,169";"0,374";"0,393";"0,227";"0,994";"0,000";"0,000";"0,000";
"08/09/2024 22:30";"0,334";"0,000";"0,387";"0,000";"0,227";"0,000";"0,948";"0,000";"0,000";"0,000";"0,000";"0,190";"0,334";"0,387";"0,227";"0,948";"0,000";"0,000";"0,000";
"08/09/2024 22:40";"0,416";"0,000";"0,485";"0,000";"0,303";"0,000";"1,204";"0,000";"0,003";"0,000";"0,000";"0,128";"0,416";"0,485";"0,303";"1,204";"0,000";"0,000";"0,000";
"08/09/2024 22:50";"0,368";"0,000";"0,425";"0,000";"0,228";"0,000";"1,021";"0,000";"0,000";"0,000";"0,000";"0,167";"0,368";"0,425";"0,228";"1,021";"0,000";"0,000";"0,000";
"08/09/2024 23:00";"0,345";"0,000";"0,378";"0,000";"0,230";"0,000";"0,952";"0,000";"0,000";"0,000";"0,000";"0,183";"0,345";"0,378";"0,230";"0,952";"0,000";"0,000";"0,000";
"08/09/2024 23:10";"0,393";"0,000";"0,442";"0,000";"0,279";"0,000";"1,114";"0,000";"0,000";"0,000";"0,000";"0,151";"0,393";"0,442";"0,279";"1,114";"0,000";"0,000";"0,000";
"08/09/2024 23:20";"0,375";"0,000";"0,445";"0,000";"0,254";"0,000";"1,073";"0,000";"0,002";"0,000";"0,000";"0,160";"0,375";"0,445";"0,254";"1,073";"0,000";"0,000";"0,000";
"08/09/2024 23:30";"0,355";"0,000";"0,413";"0,000";"0,226";"0,000";"0,994";"0,000";"0,000";"0,000";"0,000";"0,188";"0,355";"0,413";"0,226";"0,994";"0,000";"0,000";"0,000";
"08/09/2024 23:40";"0,334";"0,000";"0,363";"0,000";"0,226";"0,000";"0,924";"0,000";"0,000";"0,000";"0,000";"0,200";"0,334";"0,363";"0,226";"0,924";"0,000";"0,000";"0,000";
"08/09/2024 23:50";"0,417";"0,000";"0,486";"0,000";"0,297";"0,000";"1,200";"0,000";"0,000";"0,000";"0,000";"0,124";"0,417";"0,486";"0,297";"1,200";"0,000";"0,000";"0,000";
"09/09/2024 00:00";"0,364";"0,000";"0,423";"0,000";"0,245";"0,000";"1,032";"0,000";"0,000";"0,000";"0,000";"0,170";"0,364";"0,423";"0,245";"1,032";"0,000";"0,000";"0,000";
"09/09/2024 00:10";"0,335";"0,000";"0,402";"0,000";"0,226";"0,000";"0,962";"0,000";"0,000";"0,000";"0,000";"0,189";"0,335";"0,402";"0,226";"0,962";"0,000";"0,000";"0,000";
"09/09/2024 00:20";"0,368";"0,000";"0,378";"0,000";"0,226";"0,000";"0,972";"0,000";"0,000";"0,000";"0,000";"0,189";"0,368";"0,378";"0,226";"0,972";"0,000";"0,000";"0,000";
"09/09/2024 00:30";"0,411";"0,000";"0,480";"0,000";"0,298";"0,000";"1,188";"0,000";"0,002";"0,000";"0,000";"0,129";"0,411";"0,480";"0,298";"1,188";"0,000";"0,000";"0,000";
"09/09/2024 00:40";"0,337";"0,000";"0,397";"0,000";"0,227";"0,000";"0,961";"0,000";"0,000";"0,000";"0,000";"0,204";"0,337";"0,397";"0,227";"0,961";"0,000";"0,000";"0,000";
"09/09/2024 00:50";"0,366";"0,000";"0,407";"0,000";"0,226";"0,000";"0,998";"0,000";"0,000";"0,000";"0,000";"0,183";"0,366";"0,407";"0,226";"0,998";"0,000";"0,000";"0,000";
"09/09/2024 01:00";"0,402";"0,000";"0,473";"0,000";"0,303";"0,000";"1,177";"0,000";"0,003";"0,000";"0,000";"0,107";"0,402";"0,473";"0,303";"1,177";"0,000";"0,000";"0,000";
"09/09/2024 01:10";"0,583";"0,000";"0,394";"0,000";"0,227";"0,000";"1,204";"0,000";"0,000";"0,000";"0,000";"0,210";"0,583";"0,394";"0,227";"1,204";"0,000";"0,000";"0,000";
"09/09/2024 01:20";"0,585";"0,000";"0,406";"0,000";"0,226";"0,000";"1,217";"0,000";"0,000";"0,000";"0,000";"0,200";"0,585";"0,406";"0,226";"1,217";"0,000";"0,000";"0,000";
"09/09/2024 01:30";"0,455";"0,000";"0,457";"0,000";"0,278";"0,000";"1,190";"0,000";"0,000";"0,000";"0,000";"0,141";"0,455";"0,457";"0,278";"1,190";"0,000";"0,000";"0,000";
"09/09/2024 01:40";"0,386";"0,000";"0,409";"0,000";"0,252";"0,000";"1,048";"0,000";"0,000";"0,000";"0,000";"0,164";"0,386";"0,409";"0,252";"1,048";"0,000";"0,000";"0,000";
"09/09/2024 01:50";"0,338";"0,000";"0,400";"0,000";"0,226";"0,000";"0,964";"0,000";"0,000";"0,000";"0,000";"0,188";"0,338";"0,400";"0,226";"0,964";"0,000";"0,000";"0,000";
"09/09/2024 02:00";"0,360";"0,000";"0,443";"0,000";"0,248";"0,000";"1,051";"0,000";"0,000";"0,000";"0,000";"0,163";"0,360";"0,443";"0,248";"1,051";"0,000";"0,000";"0,000";
"09/09/2024 02:10";"0,436";"0,000";"0,455";"0,000";"0,287";"0,000";"1,177";"0,000";"0,003";"0,000";"0,000";"0,155";"0,436";"0,455";"0,287";"1,177";"0,000";"0,000";"0,000";
"09/09/2024 02:20";"0,333";"0,000";"0,393";"0,000";"0,227";"0,000";"0,953";"0,000";"0,000";"0,000";"0,000";"0,177";"0,333";"0,393";"0,227";"0,953";"0,000";"0,000";"0,000";
"09/09/2024 02:30";"0,357";"0,000";"0,439";"0,000";"0,247";"0,000";"1,042";"0,000";"0,000";"0,000";"0,000";"0,167";"0,357";"0,439";"0,247";"1,042";"0,000";"0,000";"0,000";
"09/09/2024 02:40";"0,425";"0,000";"0,472";"0,000";"0,284";"0,000";"1,182";"0,000";"0,003";"0,000";"0,000";"0,153";"0,425";"0,472";"0,284";"1,182";"0,000";"0,000";"0,000";
"09/09/2024 02:50";"0,329";"0,000";"0,397";"0,000";"0,227";"0,000";"0,954";"0,000";"0,000";"0,000";"0,000";"0,192";"0,329";"0,397";"0,227";"0,954";"0,000";"0,000";"0,000";
"09/09/2024 03:00";"0,350";"0,000";"0,396";"0,000";"0,230";"0,000";"0,976";"0,000";"0,000";"0,000";"0,000";"0,174";"0,350";"0,396";"0,230";"0,976";"0,000";"0,000";"0,000";
"09/09/2024 03:10";"0,444";"0,000";"0,500";"0,000";"0,307";"0,000";"1,251";"0,000";"0,000";"0,000";"0,000";"0,120";"0,444";"0,500";"0,307";"1,251";"0,000";"0,000";"0,000";
"09/09/2024 03:20";"0,340";"0,000";"0,402";"0,000";"0,227";"0,000";"0,969";"0,000";"0,000";"0,000";"0,000";"0,202";"0,340";"0,402";"0,227";"0,969";"0,000";"0,000";"0,000";
"09/09/2024 03:30";"0,343";"0,000";"0,391";"0,000";"0,226";"0,000";"0,961";"0,000";"0,000";"0,000";"0,000";"0,184";"0,343";"0,391";"0,226";"0,960";"0,000";"0,000";"0,000";
"09/09/2024 03:40";"0,441";"0,000";"0,473";"0,000";"0,295";"0,000";"1,209";"0,000";"0,004";"0,000";"0,000";"0,121";"0,441";"0,473";"0,295";"1,209";"0,000";"0,000";"0,000";
"09/09/2024 03:50";"0,349";"0,000";"0,412";"0,000";"0,244";"0,000";"1,004";"0,000";"0,001";"0,000";"0,000";"0,184";"0,349";"0,412";"0,244";"1,004";"0,000";"0,000";"0,000";
"09/09/2024 04:00";"0,341";"0,000";"0,409";"0,000";"0,230";"0,000";"0,980";"0,000";"0,005";"0,000";"0,000";"0,185";"0,341";"0,409";"0,230";"0,980";"0,000";"0,000";"0,000";
"09/09/2024 04:10";"0,377";"0,000";"0,413";"0,000";"0,241";"0,000";"1,031";"0,000";"0,000";"0,000";"0,000";"0,184";"0,377";"0,413";"0,241";"1,031";"0,000";"0,000";"0,000";
"09/09/2024 04:20";"0,412";"0,000";"0,462";"0,000";"0,296";"0,000";"1,171";"0,000";"0,002";"0,000";"0,000";"0,120";"0,412";"0,462";"0,296";"1,171";"0,000";"0,000";"0,000";
"09/09/2024 04:30";"0,336";"0,000";"0,400";"0,000";"0,228";"0,000";"0,964";"0,000";"0,000";"0,000";"0,000";"0,189";"0,336";"0,400";"0,228";"0,964";"0,000";"0,000";"0,000";
"09/09/2024 04:40";"0,377";"0,000";"0,409";"0,000";"0,226";"0,000";"1,012";"0,000";"0,000";"0,000";"0,000";"0,198";"0,377";"0,409";"0,226";"1,012";"0,000";"0,000";"0,000";
"09/09/2024 04:50";"0,429";"0,000";"0,492";"0,000";"0,307";"0,000";"1,228";"0,000";"0,002";"0,000";"0,000";"0,121";"0,429";"0,492";"0,307";"1,228";"0,000";"0,000";"0,000";
"09/09/2024 05:00";"0,346";"0,000";"0,384";"0,000";"0,235";"0,000";"0,965";"0,000";"0,001";"0,000";"0,000";"0,176";"0,346";"0,384";"0,235";"0,965";"0,000";"0,000";"0,000";
"09/09/2024 05:10";"0,339";"0,000";"0,407";"0,000";"0,226";"0,000";"0,973";"0,000";"0,000";"0,000";"0,000";"0,194";"0,339";"0,407";"0,226";"0,973";"0,000";"0,000";"0,000";
"09/09/2024 05:20";"0,521";"0,000";"0,420";"0,000";"0,247";"0,000";"1,189";"0,000";"0,000";"0,000";"0,000";"0,187";"0,521";"0,420";"0,247";"1,189";"0,000";"0,000";"0,000";
"09/09/2024 05:30";"1,368";"0,000";"1,171";"0,000";"0,895";"0,000";"3,434";"0,000";"0,086";"0,000";"0,000";"0,151";"1,368";"1,171";"0,895";"3,434";"0,000";"0,000";"0,000";
"09/09/2024 05:40";"2,306";"0,000";"1,762";"0,000";"1,913";"0,000";"5,980";"0,000";"0,251";"0,000";"0,000";"0,198";"2,306";"1,762";"1,913";"5,980";"0,000";"0,000";"0,000";
"09/09/2024 05:50";"1,983";"0,000";"1,617";"0,000";"1,785";"0,000";"5,385";"0,000";"0,046";"0,000";"0,000";"0,303";"1,983";"1,617";"1,785";"5,385";"0,000";"0,000";"0,000";
"09/09/2024 06:00";"2,890";"0,000";"2,219";"0,000";"2,145";"0,000";"7,254";"0,000";"0,321";"0,000";"0,000";"0,027";"2,890";"2,219";"2,145";"7,254";"0,000";"0,000";"0,000";
"09/09/2024 06:10";"5,933";"0,000";"5,229";"0,000";"5,062";"0,000";"16,224";"0,000";"2,465";"0,000";"0,000";"0,011";"5,933";"5,229";"5,062";"16,224";"0,000";"0,000";"0,000";
"09/09/2024 06:20";"7,971";"0,000";"7,621";"0,000";"7,730";"0,000";"23,322";"0,000";"0,935";"0,000";"0,000";"0,147";"7,971";"7,621";"7,730";"23,322";"0,000";"0,000";"0,000";
"09/09/2024 06:30";"7,977";"0,000";"7,706";"0,000";"7,979";"0,000";"23,662";"0,000";"1,122";"0,000";"0,000";"0,144";"7,977";"7,706";"7,979";"23,662";"0,000";"0,000";"0,000";
"09/09/2024 06:40";"7,873";"0,000";"7,513";"0,000";"7,580";"0,000";"22,966";"0,000";"1,074";"0,000";"0,000";"0,200";"7,873";"7,513";"7,580";"22,966";"0,000";"0,000";"0,000";
"09/09/2024 06:50";"8,116";"0,000";"7,507";"0,000";"7,443";"0,000";"23,066";"0,000";"0,912";"0,000";"0,000";"0,266";"8,116";"7,507";"7,443";"23,066";"0,000";"0,000";"0,000";
"09/09/2024 07:00";"8,066";"0,000";"7,639";"0,000";"7,765";"0,000";"23,471";"0,000";"0,788";"0,000";"0,000";"0,370";"8,066";"7,639";"7,765";"23,471";"0,000";"0,000";"0,000";
"09/09/2024 07:10";"7,290";"0,000";"6,858";"0,000";"7,210";"0,000";"21,358";"0,000";"1,065";"0,000";"0,000";"0,268";"7,290";"6,858";"7,210";"21,358";"0,000";"0,000";"0,000";
"09/09/2024 07:20";"8,287";"0,000";"7,586";"0,000";"7,591";"0,000";"23,463";"0,000";"1,435";"0,000";"0,000";"0,141";"8,287";"7,586";"7,591";"23,463";"0,000";"0,000";"0,000";
"09/09/2024 07:30";"8,369";"0,000";"7,804";"0,000";"7,700";"0,000";"23,873";"0,000";"1,374";"0,000";"0,000";"0,289";"8,369";"7,804";"7,700";"23,873";"0,000";"0,000";"0,000";
"09/09/2024 07:40";"7,388";"0,000";"7,247";"0,000";"7,471";"0,000";"22,107";"0,000";"1,287";"0,000";"0,000";"0,256";"7,388";"7,247";"7,471";"22,107";"0,000";"0,000";"0,000";
"09/09/2024 07:50";"6,854";"0,000";"6,722";"0,000";"6,761";"0,000";"20,337";"0,000";"1,200";"0,000";"0,000";"0,361";"6,854";"6,722";"6,761";"20,337";"0,000";"0,000";"0,000";
"09/09/2024 08:00";"8,889";"0,000";"8,175";"0,000";"8,127";"0,000";"25,191";"0,000";"1,179";"0,000";"0,000";"0,222";"8,889";"8,175";"8,127";"25,192";"0,000";"0,000";"0,000";
"09/09/2024 08:10";"8,394";"0,000";"7,373";"0,000";"7,810";"0,000";"23,577";"0,000";"0,819";"0,000";"0,000";"0,271";"8,394";"7,373";"7,810";"23,577";"0,000";"0,000";"0,000";
"09/09/2024 08:20";"7,832";"0,000";"7,417";"0,000";"7,727";"0,000";"22,977";"0,000";"2,545";"0,000";"0,000";"0,161";"7,832";"7,417";"7,727";"22,977";"0,000";"0,000";"0,000";
"09/09/2024 08:30";"7,896";"0,000";"7,503";"0,000";"7,453";"0,000";"22,852";"0,000";"1,304";"0,000";"0,000";"0,280";"7,918";"7,526";"7,476";"22,920";"0,068";"0,000";"0,068";
"09/09/2024 08:40";"8,268";"0,000";"8,033";"0,000";"8,073";"0,000";"24,374";"0,000";"2,639";"0,000";"0,000";"0,031";"8,344";"8,110";"8,149";"24,603";"0,229";"0,000";"0,229";
"09/09/2024 08:50";"7,872";"0,000";"7,325";"0,000";"7,526";"0,000";"22,723";"0,000";"3,207";"0,000";"0,000";"0,003";"8,007";"7,460";"7,661";"23,128";"0,405";"0,000";"0,405";
"09/09/2024 09:00";"8,700";"0,000";"7,980";"0,000";"8,305";"0,000";"24,985";"0,000";"5,415";"0,000";"0,000";"0,000";"8,885";"8,165";"8,490";"25,540";"0,555";"0,000";"0,555";
"09/09/2024 09:10";"9,148";"0,000";"8,905";"0,000";"9,048";"0,000";"27,101";"0,000";"4,348";"0,000";"0,000";"0,000";"9,314";"9,071";"9,214";"27,599";"0,498";"0,000";"0,498";
"09/09/2024 09:20";"8,625";"0,000";"8,260";"0,000";"8,496";"0,000";"25,382";"0,000";"3,730";"0,000";"0,000";"0,000";"8,733";"8,368";"8,604";"25,706";"0,324";"0,000";"0,324";
"09/09/2024 09:30";"8,540";"0,000";"8,372";"0,000";"8,505";"0,000";"25,416";"0,000";"5,120";"0,000";"0,000";"0,000";"8,586";"8,418";"8,551";"25,554";"0,138";"0,000";"0,138";
"09/09/2024 09:40";"8,101";"0,000";"7,925";"0,000";"7,740";"0,000";"23,765";"0,000";"5,264";"0,000";"0,000";"0,000";"8,141";"7,965";"7,780";"23,886";"0,121";"0,000";"0,121";
"09/09/2024 09:50";"7,737";"0,000";"7,539";"0,000";"7,465";"0,000";"22,742";"0,000";"2,069";"0,000";"0,000";"0,001";"7,802";"7,605";"7,531";"22,938";"0,196";"0,000";"0,196";
"09/09/2024 10:00";"6,858";"0,000";"6,372";"0,000";"6,550";"0,000";"19,779";"0,000";"0,816";"0,000";"0,000";"0,019";"6,966";"6,480";"6,658";"20,104";"0,325";"0,000";"0,325";
"09/09/2024 10:10";"6,734";"0,000";"6,278";"0,000";"6,470";"0,000";"19,482";"0,000";"0,731";"0,000";"0,000";"0,009";"6,864";"6,407";"6,600";"19,871";"0,389";"0,000";"0,389";
"09/09/2024 10:20";"7,885";"0,000";"7,359";"0,000";"7,263";"0,000";"22,506";"0,000";"1,648";"0,000";"0,000";"0,187";"8,045";"7,519";"7,423";"22,988";"0,482";"0,000";"0,482";
"09/09/2024 10:30";"8,004";"0,000";"7,659";"0,000";"7,608";"0,000";"23,271";"0,000";"2,633";"0,000";"0,000";"0,116";"8,212";"7,866";"7,815";"23,893";"0,622";"0,000";"0,622";
"09/09/2024 10:40";"8,344";"0,000";"8,088";"0,000";"8,161";"0,000";"24,593";"0,000";"3,425";"0,000";"0,000";"0,063";"8,571";"8,316";"8,388";"25,275";"0,682";"0,000";"0,682";
"09/09/2024 10:50";"8,260";"0,000";"7,990";"0,000";"7,975";"0,000";"24,224";"0,000";"2,629";"0,000";"0,000";"0,093";"8,462";"8,192";"8,177";"24,831";"0,607";"0,000";"0,607";
"09/09/2024 11:00";"7,101";"0,000";"6,712";"0,000";"6,764";"0,000";"20,578";"0,000";"1,610";"0,000";"0,000";"0,160";"7,324";"6,935";"6,987";"21,245";"0,667";"0,000";"0,667";
"09/09/2024 11:10";"8,415";"0,000";"7,818";"0,000";"7,960";"0,000";"24,194";"0,000";"2,709";"0,000";"0,000";"0,080";"8,640";"8,042";"8,185";"24,867";"0,673";"0,000";"0,673";
"09/09/2024 11:20";"8,452";"0,000";"7,991";"0,000";"8,094";"0,000";"24,537";"0,000";"2,995";"0,000";"0,000";"0,116";"8,684";"8,222";"8,325";"25,231";"0,694";"0,000";"0,694";
"09/09/2024 11:30";"8,071";"0,000";"7,701";"0,000";"7,721";"0,000";"23,493";"0,000";"2,634";"0,000";"0,000";"0,082";"8,364";"7,994";"8,014";"24,372";"0,879";"0,000";"0,879";
"09/09/2024 11:40";"8,149";"0,000";"7,780";"0,000";"7,965";"0,000";"23,894";"0,000";"2,639";"0,000";"0,000";"0,086";"8,422";"8,053";"8,239";"24,715";"0,821";"0,000";"0,821";
"09/09/2024 11:50";"7,816";"0,000";"7,428";"0,000";"7,721";"0,000";"22,965";"0,000";"2,089";"0,000";"0,000";"0,203";"8,036";"7,648";"7,941";"23,625";"0,660";"0,000";"0,660";
"09/09/2024 12:00";"7,667";"0,000";"7,368";"0,000";"7,382";"0,000";"22,418";"0,000";"2,105";"0,000";"0,000";"0,122";"7,847";"7,548";"7,562";"22,957";"0,539";"0,000";"0,539";
"09/09/2024 12:10";"7,391";"0,000";"7,164";"0,000";"7,184";"0,000";"21,739";"0,000";"3,113";"0,000";"0,000";"0,046";"7,532";"7,306";"7,325";"22,163";"0,424";"0,000";"0,424";
"09/09/2024 12:20";"7,730";"0,000";"7,672";"0,000";"7,649";"0,000";"23,051";"0,000";"1,991";"0,000";"0,000";"0,158";"7,843";"7,785";"7,762";"23,390";"0,339";"0,000";"0,339";
"09/09/2024 12:30";"7,980";"0,000";"7,687";"0,000";"7,653";"0,000";"23,321";"0,000";"2,022";"0,000";"0,000";"0,127";"8,060";"7,766";"7,733";"23,559";"0,238";"0,000";"0,238";
"09/09/2024 12:40";"7,739";"0,000";"7,427";"0,000";"7,633";"0,000";"22,800";"0,000";"2,877";"0,000";"0,000";"0,135";"7,812";"7,499";"7,706";"23,017";"0,217";"0,000";"0,217";
"09/09/2024 12:50";"7,508";"0,000";"7,287";"0,000";"7,491";"0,000";"22,285";"0,000";"1,449";"0,000";"0,000";"0,105";"7,663";"7,442";"7,646";"22,750";"0,465";"0,000";"0,465";
"09/09/2024 13:00";"6,786";"0,000";"6,589";"0,000";"6,685";"0,000";"20,061";"0,000";"1,469";"0,000";"0,000";"0,179";"7,021";"6,824";"6,920";"20,765";"0,704";"0,000";"0,704";
"09/09/2024 13:10";"7,583";"0,000";"7,315";"0,000";"7,596";"0,000";"22,493";"0,000";"3,738";"0,000";"0,000";"0,023";"7,879";"7,611";"7,893";"23,383";"0,890";"0,000";"0,890";
"09/09/2024 13:20";"7,630";"0,000";"7,274";"0,000";"7,520";"0,000";"22,423";"0,000";"2,327";"0,000";"0,000";"0,123";"7,956";"7,601";"7,846";"23,403";"0,980";"0,000";"0,980";
"09/09/2024 13:30";"3,947";"0,000";"3,597";"0,000";"3,566";"0,000";"11,110";"0,000";"1,632";"0,000";"0,000";"0,355";"4,306";"3,955";"3,924";"12,185";"1,075";"0,000";"1,075";
"09/09/2024 13:40";"2,000";"0,000";"1,817";"0,000";"1,577";"0,000";"5,395";"0,000";"0,498";"0,000";"0,000";"0,242";"2,424";"2,241";"2,001";"6,667";"1,272";"0,000";"1,272";
"09/09/2024 13:50";"1,281";"0,000";"0,850";"0,000";"0,696";"0,000";"2,828";"0,000";"0,005";"0,000";"0,000";"0,301";"1,799";"1,368";"1,214";"4,382";"1,554";"0,000";"1,554";
"09/09/2024 14:00";"0,973";"0,000";"0,562";"0,000";"0,432";"0,000";"1,968";"0,000";"0,010";"0,000";"0,000";"0,189";"1,601";"1,190";"1,060";"3,852";"1,884";"0,000";"1,884";
"09/09/2024 14:10";"0,888";"0,000";"0,461";"0,000";"0,233";"0,000";"1,581";"0,000";"0,001";"0,000";"0,000";"0,188";"1,483";"1,056";"0,828";"3,366";"1,785";"0,000";"1,785";
"09/09/2024 14:20";"0,907";"0,000";"0,471";"0,000";"0,197";"0,000";"1,575";"0,000";"0,013";"0,000";"0,000";"0,147";"1,479";"1,043";"0,769";"3,291";"1,716";"0,000";"1,716";
"09/09/2024 14:30";"0,874";"0,000";"0,565";"0,000";"0,318";"0,000";"1,756";"0,000";"0,039";"0,000";"0,000";"0,198";"1,391";"1,082";"0,835";"3,308";"1,552";"0,000";"1,552";
"09/09/2024 14:40";"0,740";"0,000";"0,397";"0,000";"0,121";"0,000";"1,258";"0,000";"0,000";"0,000";"0,000";"0,152";"1,204";"0,861";"0,585";"2,650";"1,392";"0,000";"1,392";
"09/09/2024 14:50";"0,808";"0,000";"0,461";"0,000";"0,175";"0,000";"1,444";"0,000";"0,003";"0,000";"0,000";"0,115";"1,337";"0,990";"0,703";"3,030";"1,586";"0,000";"1,586";
"09/09/2024 15:00";"0,641";"0,000";"0,365";"0,000";"0,106";"0,000";"1,113";"0,000";"0,000";"0,000";"0,000";"0,154";"1,170";"0,895";"0,636";"2,701";"1,588";"0,000";"1,588";
"09/09/2024 15:10";"0,795";"0,000";"0,498";"0,000";"0,288";"0,000";"1,580";"0,000";"0,032";"0,000";"0,000";"0,202";"1,325";"1,028";"0,818";"3,171";"1,591";"0,000";"1,591";
"09/09/2024 15:20";"0,749";"0,000";"0,411";"0,000";"0,164";"0,000";"1,324";"0,000";"0,003";"0,000";"0,000";"0,106";"1,322";"0,983";"0,737";"3,042";"1,718";"0,000";"1,718";
"09/09/2024 15:30";"0,649";"0,000";"0,366";"0,000";"0,103";"0,000";"1,117";"0,000";"0,000";"0,000";"0,000";"0,129";"1,236";"0,953";"0,690";"2,878";"1,761";"0,000";"1,761";
"09/09/2024 15:40";"0,641";"0,000";"0,344";"0,000";"0,112";"0,000";"1,097";"0,000";"0,001";"0,000";"0,000";"0,104";"1,188";"0,890";"0,659";"2,737";"1,640";"0,000";"1,640";
"09/09/2024 15:50";"0,723";"0,000";"0,443";"0,000";"0,215";"0,000";"1,381";"0,000";"0,003";"0,000";"0,000";"0,100";"1,323";"1,043";"0,815";"3,181";"1,800";"0,000";"1,800";
"09/09/2024 16:00";"0,748";"0,000";"0,484";"0,000";"0,344";"0,000";"1,576";"0,000";"0,040";"0,000";"0,000";"0,126";"1,322";"1,059";"0,919";"3,299";"1,723";"0,000";"1,723";
"09/09/2024 16:10";"0,614";"0,000";"0,326";"0,000";"0,133";"0,000";"1,072";"0,000";"0,000";"0,000";"0,000";"0,129";"1,157";"0,869";"0,676";"2,701";"1,629";"0,000";"1,629";
"09/09/2024 16:20";"0,705";"0,000";"0,418";"0,000";"0,170";"0,000";"1,293";"0,000";"0,000";"0,000";"0,000";"0,105";"1,255";"0,968";"0,720";"2,943";"1,650";"0,000";"1,650";
"09/09/2024 16:30";"0,627";"0,000";"0,343";"0,000";"0,106";"0,000";"1,077";"0,000";"0,000";"0,000";"0,000";"0,107";"1,181";"0,898";"0,661";"2,740";"1,663";"0,000";"1,663";
"09/09/2024 16:40";"0,785";"0,000";"0,464";"0,000";"0,285";"0,000";"1,534";"0,000";"0,036";"0,000";"0,000";"0,237";"1,310";"0,989";"0,811";"3,110";"1,576";"0,000";"1,576";
"09/09/2024 16:50";"0,675";"0,000";"0,378";"0,000";"0,140";"0,000";"1,193";"0,000";"0,018";"0,000";"0,000";"0,076";"1,171";"0,874";"0,636";"2,681";"1,488";"0,000";"1,488";
"09/09/2024 17:00";"0,643";"0,000";"0,347";"0,000";"0,127";"0,000";"1,117";"0,000";"0,000";"0,000";"0,000";"0,135";"1,131";"0,836";"0,615";"2,582";"1,465";"0,000";"1,465";
"09/09/2024 17:10";"0,668";"0,000";"0,330";"0,000";"0,106";"0,000";"1,104";"0,000";"0,000";"0,000";"0,000";"0,133";"1,090";"0,752";"0,529";"2,371";"1,267";"0,000";"1,267";
"09/09/2024 17:20";"0,700";"0,000";"0,428";"0,000";"0,155";"0,000";"1,283";"0,000";"0,017";"0,000";"0,000";"0,084";"1,136";"0,863";"0,591";"2,590";"1,307";"0,000";"1,307";
"09/09/2024 17:30";"0,773";"0,000";"0,464";"0,000";"0,256";"0,000";"1,493";"0,000";"0,115";"0,000";"0,000";"0,210";"1,128";"0,820";"0,612";"2,559";"1,066";"0,000";"1,066";
"09/09/2024 17:40";"0,675";"0,000";"0,309";"0,000";"0,104";"0,000";"1,088";"0,000";"0,000";"0,000";"0,000";"0,122";"1,001";"0,635";"0,430";"2,066";"0,978";"0,000";"0,978";
"09/09/2024 17:50";"0,687";"0,000";"0,426";"0,000";"0,161";"0,000";"1,274";"0,000";"0,012";"0,000";"0,000";"0,093";"0,962";"0,701";"0,436";"2,099";"0,825";"0,000";"0,825";
"09/09/2024 18:00";"0,631";"0,000";"0,338";"0,000";"0,109";"0,000";"1,078";"0,000";"0,000";"0,000";"0,000";"0,122";"0,878";"0,585";"0,356";"1,818";"0,741";"0,000";"0,741";
"09/09/2024 18:10";"0,850";"0,000";"0,533";"0,000";"0,331";"0,000";"1,714";"0,000";"0,059";"0,000";"0,000";"0,159";"1,031";"0,715";"0,512";"2,259";"0,545";"0,000";"0,545";
"09/09/2024 18:20";"0,625";"0,000";"0,342";"0,000";"0,141";"0,000";"1,107";"0,000";"0,005";"0,000";"0,000";"0,141";"0,770";"0,487";"0,286";"1,542";"0,435";"0,000";"0,435";
"09/09/2024 18:30";"0,640";"0,000";"0,326";"0,000";"0,107";"0,000";"1,073";"0,000";"0,000";"0,000";"0,000";"0,109";"0,796";"0,482";"0,263";"1,540";"0,467";"0,000";"0,467";
"09/09/2024 18:40";"0,760";"0,000";"0,437";"0,000";"0,181";"0,000";"1,377";"0,000";"0,028";"0,000";"0,000";"0,067";"0,876";"0,553";"0,297";"1,725";"0,348";"0,000";"0,348";
"09/09/2024 18:50";"0,638";"0,000";"0,333";"0,000";"0,106";"0,000";"1,077";"0,000";"0,001";"0,000";"0,000";"0,124";"0,717";"0,412";"0,185";"1,314";"0,237";"0,000";"0,237";
"09/09/2024 19:00";"0,507";"0,000";"0,482";"0,000";"0,307";"0,000";"1,296";"0,000";"0,053";"0,000";"0,000";"0,130";"0,626";"0,601";"0,425";"1,652";"0,356";"0,000";"0,356";
"09/09/2024 19:10";"0,427";"0,000";"0,358";"0,000";"0,147";"0,000";"0,932";"0,000";"0,020";"0,000";"0,000";"0,092";"0,531";"0,462";"0,251";"1,244";"0,312";"0,000";"0,312";
"09/09/2024 19:20";"0,380";"0,000";"0,345";"0,000";"0,128";"0,000";"0,852";"0,000";"0,000";"0,000";"0,000";"0,088";"0,454";"0,419";"0,202";"1,075";"0,223";"0,000";"0,223";
"09/09/2024 19:30";"0,326";"0,000";"0,322";"0,000";"0,099";"0,000";"0,747";"0,000";"0,000";"0,000";"0,000";"0,132";"0,387";"0,383";"0,161";"0,931";"0,184";"0,000";"0,184";
"09/09/2024 19:40";"0,746";"0,000";"0,499";"0,000";"0,273";"0,000";"1,518";"0,000";"0,191";"0,000";"0,000";"0,071";"0,800";"0,553";"0,327";"1,680";"0,162";"0,000";"0,162";
"09/09/2024 19:50";"0,652";"0,000";"0,358";"0,000";"0,163";"0,000";"1,173";"0,000";"0,003";"0,000";"0,000";"0,081";"0,694";"0,400";"0,205";"1,299";"0,126";"0,000";"0,126";
"09/09/2024 20:00";"0,391";"0,000";"0,321";"0,000";"0,104";"0,000";"0,816";"0,000";"0,000";"0,000";"0,000";"0,089";"0,423";"0,352";"0,136";"0,910";"0,094";"0,000";"0,094";
"09/09/2024 20:10";"0,441";"0,000";"0,325";"0,000";"0,101";"0,000";"0,867";"0,000";"0,013";"0,000";"0,000";"0,070";"0,461";"0,345";"0,121";"0,927";"0,060";"0,000";"0,060";
"09/09/2024 20:20";"0,645";"0,000";"0,541";"0,000";"0,359";"0,000";"1,545";"0,000";"0,068";"0,000";"0,000";"0,160";"0,659";"0,555";"0,374";"1,588";"0,043";"0,000";"0,043";
"09/09/2024 20:30";"0,442";"0,000";"0,294";"0,000";"0,101";"0,000";"0,837";"0,000";"0,000";"0,000";"0,000";"0,055";"0,451";"0,302";"0,110";"0,862";"0,025";"0,000";"0,025";
"09/09/2024 20:40";"0,427";"0,000";"0,322";"0,000";"0,100";"0,000";"0,849";"0,000";"0,003";"0,000";"0,000";"0,095";"0,431";"0,326";"0,104";"0,861";"0,012";"0,000";"0,012";
"09/09/2024 20:50";"0,530";"0,000";"0,387";"0,000";"0,145";"0,000";"1,062";"0,000";"0,031";"0,000";"0,000";"0,052";"0,530";"0,387";"0,145";"1,062";"0,000";"0,000";"0,000";
"09/09/2024 21:00";"0,601";"0,000";"0,491";"0,000";"0,331";"0,000";"1,424";"0,000";"0,060";"0,000";"0,000";"0,144";"0,601";"0,491";"0,331";"1,424";"0,000";"0,000";"0,000";
"09/09/2024 21:10";"0,717";"0,000";"0,394";"0,000";"0,191";"0,000";"1,302";"0,000";"0,000";"0,000";"0,000";"0,171";"0,717";"0,394";"0,191";"1,302";"0,000";"0,000";"0,000";
"09/09/2024 21:20";"0,804";"0,000";"0,487";"0,000";"0,243";"0,000";"1,533";"0,000";"0,000";"0,000";"0,000";"0,163";"0,804";"0,487";"0,243";"1,533";"0,000";"0,000";"0,000";
"09/09/2024 21:30";"0,649";"0,000";"0,603";"0,000";"0,328";"0,000";"1,581";"0,000";"0,001";"0,000";"0,000";"0,098";"0,649";"0,603";"0,328";"1,581";"0,000";"0,000";"0,000";
"09/09/2024 21:40";"0,481";"0,000";"0,456";"0,000";"0,240";"0,000";"1,178";"0,000";"0,000";"0,000";"0,000";"0,225";"0,481";"0,456";"0,240";"1,178";"0,000";"0,000";"0,000";
"09/09/2024 21:50";"0,666";"0,000";"0,614";"0,000";"0,400";"0,000";"1,681";"0,000";"0,153";"0,000";"0,000";"0,177";"0,666";"0,614";"0,400";"1,681";"0,000";"0,000";"0,000";
"09/09/2024 22:00";"0,476";"0,000";"0,487";"0,000";"0,240";"0,000";"1,203";"0,000";"0,000";"0,000";"0,000";"0,207";"0,476";"0,487";"0,240";"1,203";"0,000";"0,000";"0,000";
"09/09/2024 22:10";"0,576";"0,000";"0,583";"0,000";"0,330";"0,000";"1,489";"0,000";"0,000";"0,000";"0,000";"0,131";"0,576";"0,583";"0,330";"1,489";"0,000";"0,000";"0,000";
"09/09/2024 22:20";"0,546";"0,000";"0,538";"0,000";"0,285";"0,000";"1,369";"0,000";"0,000";"0,000";"0,000";"0,245";"0,546";"0,538";"0,285";"1,369";"0,000";"0,000";"0,000";
"09/09/2024 22:30";"0,644";"0,000";"0,619";"0,000";"0,397";"0,000";"1,660";"0,000";"0,109";"0,000";"0,000";"0,168";"0,644";"0,619";"0,397";"1,660";"0,000";"0,000";"0,000";
"09/09/2024 22:40";"0,465";"0,000";"0,451";"0,000";"0,241";"0,000";"1,156";"0,000";"0,000";"0,000";"0,000";"0,235";"0,465";"0,451";"0,241";"1,156";"0,000";"0,000";"0,000";
"09/09/2024 22:50";"0,592";"0,000";"0,561";"0,000";"0,309";"0,000";"1,462";"0,000";"0,004";"0,000";"0,000";"0,132";"0,592";"0,561";"0,309";"1,462";"0,000";"0,000";"0,000";
"09/09/2024 23:00";"0,727";"0,000";"0,509";"0,000";"0,271";"0,000";"1,507";"0,000";"0,000";"0,000";"0,000";"0,195";"0,727";"0,509";"0,271";"1,507";"0,000";"0,000";"0,000";
"09/09/2024 23:10";"0,846";"0,000";"0,535";"0,000";"0,298";"0,000";"1,679";"0,000";"0,002";"0,000";"0,000";"0,169";"0,846";"0,535";"0,298";"1,679";"0,000";"0,000";"0,000";
"09/09/2024 23:20";"0,632";"0,000";"0,641";"0,000";"0,436";"0,000";"1,709";"0,000";"0,040";"0,000";"0,000";"0,318";"0,632";"0,641";"0,436";"1,709";"0,000";"0,000";"0,000";
"09/09/2024 23:30";"0,478";"0,000";"0,477";"0,000";"0,244";"0,000";"1,198";"0,000";"0,000";"0,000";"0,000";"0,199";"0,478";"0,477";"0,244";"1,198";"0,000";"0,000";"0,000";
"09/09/2024 23:40";"0,516";"0,000";"0,455";"0,000";"0,243";"0,000";"1,215";"0,000";"0,000";"0,000";"0,000";"0,208";"0,516";"0,455";"0,243";"1,215";"0,000";"0,000";"0,000";
"09/09/2024 23:50";"0,729";"0,000";"0,708";"0,000";"0,488";"0,000";"1,925";"0,000";"0,129";"0,000";"0,000";"0,214";"0,729";"0,708";"0,488";"1,925";"0,000";"0,000";"0,000";
"10/09/2024 00:00";"0,566";"0,000";"0,542";"0,000";"0,289";"0,000";"1,397";"0,000";"0,000";"0,000";"0,000";"0,228";"0,566";"0,542";"0,289";"1,397";"0,000";"0,000";"0,000";
"10/09/2024 00:10";"0,652";"0,000";"0,491";"0,000";"0,247";"0,000";"1,390";"0,000";"0,000";"0,000";"0,000";"0,233";"0,652";"0,491";"0,247";"1,390";"0,000";"0,000";"0,000";
"10/09/2024 00:20";"0,490";"0,000";"0,482";"0,000";"0,241";"0,000";"1,213";"0,000";"0,000";"0,000";"0,000";"0,209";"0,490";"0,482";"0,241";"1,213";"0,000";"0,000";"0,000";
"10/09/2024 00:30";"0,591";"0,000";"0,603";"0,000";"0,399";"0,000";"1,592";"0,000";"0,036";"0,000";"0,000";"0,225";"0,591";"0,603";"0,399";"1,592";"0,000";"0,000";"0,000";
"10/09/2024 00:40";"0,709";"0,000";"0,487";"0,000";"0,277";"0,000";"1,473";"0,000";"0,001";"0,000";"0,000";"0,225";"0,709";"0,487";"0,277";"1,473";"0,000";"0,000";"0,000";
"10/09/2024 00:50";"0,988";"0,000";"0,466";"0,000";"0,246";"0,000";"1,700";"0,000";"0,000";"0,000";"0,000";"0,250";"0,988";"0,466";"0,246";"1,700";"0,000";"0,000";"0,000";
"10/09/2024 01:00";"0,720";"0,000";"0,485";"0,000";"0,241";"0,000";"1,447";"0,000";"0,000";"0,000";"0,000";"0,216";"0,720";"0,485";"0,241";"1,447";"0,000";"0,000";"0,000";
"10/09/2024 01:10";"0,498";"0,000";"0,486";"0,000";"0,241";"0,000";"1,225";"0,000";"0,000";"0,000";"0,000";"0,218";"0,498";"0,486";"0,241";"1,225";"0,000";"0,000";"0,000";
"10/09/2024 01:20";"0,863";"0,000";"0,615";"0,000";"0,421";"0,000";"1,899";"0,000";"0,048";"0,000";"0,000";"0,296";"0,863";"0,615";"0,421";"1,899";"0,000";"0,000";"0,000";
"10/09/2024 01:30";"0,701";"0,000";"0,500";"0,000";"0,278";"0,000";"1,479";"0,000";"0,000";"0,000";"0,000";"0,191";"0,701";"0,500";"0,278";"1,479";"0,000";"0,000";"0,000";
"10/09/2024 01:40";"0,526";"0,000";"0,531";"0,000";"0,296";"0,000";"1,353";"0,000";"0,000";"0,000";"0,000";"0,169";"0,526";"0,531";"0,296";"1,353";"0,000";"0,000";"0,000";
"10/09/2024 01:50";"0,660";"0,000";"0,548";"0,000";"0,298";"0,000";"1,507";"0,000";"0,004";"0,000";"0,000";"0,157";"0,660";"0,548";"0,298";"1,507";"0,000";"0,000";"0,000";
"10/09/2024 02:00";"0,574";"0,000";"0,627";"0,000";"0,426";"0,000";"1,627";"0,000";"0,033";"0,000";"0,000";"0,230";"0,574";"0,627";"0,426";"1,627";"0,000";"0,000";"0,000";
"10/09/2024 02:10";"0,483";"0,000";"0,494";"0,000";"0,255";"0,000";"1,233";"0,000";"0,000";"0,000";"0,000";"0,202";"0,483";"0,494";"0,255";"1,233";"0,000";"0,000";"0,000";
"10/09/2024 02:20";"0,486";"0,000";"0,477";"0,000";"0,241";"0,000";"1,205";"0,000";"0,000";"0,000";"0,000";"0,220";"0,486";"0,477";"0,241";"1,205";"0,000";"0,000";"0,000";
"10/09/2024 02:30";"0,597";"0,000";"0,555";"0,000";"0,322";"0,000";"1,475";"0,000";"0,000";"0,000";"0,000";"0,128";"0,597";"0,555";"0,322";"1,475";"0,000";"0,000";"0,000";
"10/09/2024 02:40";"0,518";"0,000";"0,503";"0,000";"0,262";"0,000";"1,283";"0,000";"0,000";"0,000";"0,000";"0,232";"0,518";"0,503";"0,262";"1,283";"0,000";"0,000";"0,000";
"10/09/2024 02:50";"0,641";"0,000";"0,697";"0,000";"0,471";"0,000";"1,809";"0,000";"0,034";"0,000";"0,000";"0,237";"0,641";"0,697";"0,471";"1,809";"0,000";"0,000";"0,000";
"10/09/2024 03:00";"0,474";"0,000";"0,486";"0,000";"0,244";"0,000";"1,204";"0,000";"0,000";"0,000";"0,000";"0,220";"0,474";"0,486";"0,244";"1,204";"0,000";"0,000";"0,000";
"10/09/2024 03:10";"0,492";"0,000";"0,447";"0,000";"0,240";"0,000";"1,180";"0,000";"0,000";"0,000";"0,000";"0,227";"0,492";"0,447";"0,240";"1,180";"0,000";"0,000";"0,000";
"10/09/2024 03:20";"0,818";"0,000";"0,704";"0,000";"0,482";"0,000";"2,004";"0,000";"0,037";"0,000";"0,000";"0,270";"0,818";"0,704";"0,482";"2,004";"0,000";"0,000";"0,000";
"10/09/2024 03:30";"0,509";"0,000";"0,509";"0,000";"0,264";"0,000";"1,282";"0,000";"0,000";"0,000";"0,000";"0,200";"0,509";"0,509";"0,264";"1,282";"0,000";"0,000";"0,000";
"10/09/2024 03:40";"0,647";"0,000";"0,533";"0,000";"0,286";"0,000";"1,466";"0,000";"0,000";"0,000";"0,000";"0,249";"0,647";"0,533";"0,286";"1,466";"0,000";"0,000";"0,000";
"10/09/2024 03:50";"0,460";"0,000";"0,461";"0,000";"0,240";"0,000";"1,161";"0,000";"0,000";"0,000";"0,000";"0,236";"0,460";"0,461";"0,240";"1,161";"0,000";"0,000";"0,000";
"10/09/2024 04:00";"0,710";"0,000";"0,460";"0,000";"0,245";"0,000";"1,416";"0,000";"0,000";"0,000";"0,000";"0,210";"0,710";"0,460";"0,245";"1,416";"0,000";"0,000";"0,000";
"10/09/2024 04:10";"0,870";"0,000";"0,682";"0,000";"0,430";"0,000";"1,982";"0,000";"0,135";"0,000";"0,000";"0,146";"0,870";"0,682";"0,430";"1,982";"0,000";"0,000";"0,000";
"10/09/2024 04:20";"0,538";"0,000";"0,546";"0,000";"0,296";"0,000";"1,380";"0,000";"0,000";"0,000";"0,000";"0,176";"0,538";"0,546";"0,296";"1,380";"0,000";"0,000";"0,000";
"10/09/2024 04:30";"0,573";"0,000";"0,543";"0,000";"0,302";"0,000";"1,419";"0,000";"0,000";"0,000";"0,000";"0,169";"0,573";"0,543";"0,302";"1,419";"0,000";"0,000";"0,000";
"10/09/2024 04:40";"0,467";"0,000";"0,466";"0,000";"0,241";"0,000";"1,174";"0,000";"0,000";"0,000";"0,000";"0,211";"0,467";"0,466";"0,241";"1,174";"0,000";"0,000";"0,000";
"10/09/2024 04:50";"0,633";"0,000";"0,631";"0,000";"0,417";"0,000";"1,680";"0,000";"0,054";"0,000";"0,000";"0,214";"0,633";"0,631";"0,417";"1,680";"0,000";"0,000";"0,000";
"10/09/2024 05:00";"0,484";"0,000";"0,472";"0,000";"0,241";"0,000";"1,198";"0,000";"0,000";"0,000";"0,000";"0,224";"0,484";"0,472";"0,241";"1,198";"0,000";"0,000";"0,000";
"10/09/2024 05:10";"0,585";"0,000";"0,584";"0,000";"0,333";"0,000";"1,502";"0,000";"0,000";"0,000";"0,000";"0,124";"0,585";"0,584";"0,333";"1,502";"0,000";"0,000";"0,000";
"10/09/2024 05:20";"0,778";"0,000";"0,798";"0,000";"0,508";"0,000";"2,085";"0,000";"0,087";"0,000";"0,000";"0,224";"0,778";"0,798";"0,508";"2,085";"0,000";"0,000";"0,000";
"10/09/2024 05:30";"1,485";"0,000";"1,156";"0,000";"0,737";"0,000";"3,378";"0,000";"0,269";"0,000";"0,000";"0,173";"1,485";"1,156";"0,737";"3,378";"0,000";"0,000";"0,000";
"10/09/2024 05:40";"2,041";"0,000";"1,552";"0,000";"1,363";"0,000";"4,956";"0,000";"0,408";"0,000";"0,000";"0,282";"2,041";"1,552";"1,363";"4,956";"0,000";"0,000";"0,000";
"10/09/2024 05:50";"1,908";"0,000";"1,491";"0,000";"1,178";"0,000";"4,578";"0,000";"0,000";"0,000";"0,000";"0,559";"1,908";"1,491";"1,178";"4,578";"0,000";"0,000";"0,000";
"10/09/2024 06:00";"5,733";"0,000";"4,759";"0,000";"5,038";"0,000";"15,529";"0,000";"1,063";"0,000";"0,000";"0,256";"5,733";"4,759";"5,038";"15,529";"0,000";"0,000";"0,000";
"10/09/2024 06:10";"8,857";"0,000";"7,991";"0,000";"8,235";"0,000";"25,083";"0,000";"0,776";"0,000";"0,000";"0,369";"8,857";"7,991";"8,235";"25,083";"0,000";"0,000";"0,000";
"10/09/2024 06:20";"8,598";"0,000";"7,973";"0,000";"8,384";"0,000";"24,954";"0,000";"0,852";"0,000";"0,000";"0,345";"8,598";"7,973";"8,384";"24,954";"0,000";"0,000";"0,000";
"10/09/2024 06:30";"8,794";"0,000";"8,146";"0,000";"8,626";"0,000";"25,566";"0,000";"1,044";"0,000";"0,000";"0,514";"8,794";"8,146";"8,626";"25,566";"0,000";"0,000";"0,000";
"10/09/2024 06:40";"9,258";"0,000";"8,280";"0,000";"8,631";"0,000";"26,169";"0,000";"1,351";"0,000";"0,000";"0,588";"9,258";"8,280";"8,631";"26,169";"0,000";"0,000";"0,000";
"10/09/2024 06:50";"7,654";"0,000";"6,737";"0,000";"6,989";"0,000";"21,380";"0,000";"0,724";"0,000";"0,000";"0,645";"7,654";"6,737";"6,989";"21,380";"0,000";"0,000";"0,000";
"10/09/2024 07:00";"8,122";"0,000";"7,252";"0,000";"7,499";"0,000";"22,873";"0,000";"0,625";"0,000";"0,000";"0,630";"8,122";"7,252";"7,499";"22,873";"0,000";"0,000";"0,000";
"10/09/2024 07:10";"8,365";"0,000";"7,514";"0,000";"7,961";"0,000";"23,839";"0,000";"0,711";"0,000";"0,000";"0,759";"8,365";"7,514";"7,961";"23,839";"0,000";"0,000";"0,000";
"10/09/2024 07:20";"8,856";"0,000";"8,203";"0,000";"8,648";"0,000";"25,707";"0,000";"0,558";"0,000";"0,000";"0,466";"8,856";"8,203";"8,648";"25,707";"0,000";"0,000";"0,000";
"10/09/2024 07:30";"9,263";"0,000";"8,143";"0,000";"8,672";"0,000";"26,078";"0,000";"2,630";"0,000";"0,000";"0,091";"9,263";"8,143";"8,672";"26,078";"0,000";"0,000";"0,000";
"10/09/2024 07:40";"7,563";"0,000";"6,464";"0,000";"6,923";"0,000";"20,950";"0,000";"0,999";"0,000";"0,000";"0,634";"7,563";"6,464";"6,923";"20,950";"0,000";"0,000";"0,000";
"10/09/2024 07:50";"7,074";"0,000";"6,338";"0,000";"6,701";"0,000";"20,113";"0,000";"0,984";"0,000";"0,000";"0,516";"7,074";"6,338";"6,701";"20,113";"0,000";"0,000";"0,000";
"10/09/2024 08:00";"7,074";"0,000";"6,319";"0,000";"6,679";"0,000";"20,072";"0,000";"0,947";"0,000";"0,000";"0,487";"7,074";"6,319";"6,679";"20,072";"0,000";"0,000";"0,000";
"10/09/2024 08:10";"7,623";"0,000";"6,995";"0,000";"7,400";"0,000";"22,018";"0,000";"0,964";"0,000";"0,000";"0,514";"7,623";"6,995";"7,400";"22,018";"0,000";"0,000";"0,000";
"10/09/2024 08:20";"7,669";"0,000";"6,651";"0,000";"6,980";"0,000";"21,300";"0,000";"1,937";"0,000";"0,000";"0,311";"7,669";"6,651";"6,980";"21,300";"0,000";"0,000";"0,000";
"10/09/2024 08:30";"8,245";"0,000";"7,174";"0,000";"7,519";"0,000";"22,939";"0,000";"1,282";"0,000";"0,000";"0,470";"8,263";"7,192";"7,537";"22,993";"0,054";"0,000";"0,054";
"10/09/2024 08:40";"8,987";"0,000";"8,485";"0,000";"8,852";"0,000";"26,324";"0,000";"2,859";"0,000";"0,000";"0,207";"9,031";"8,530";"8,896";"26,457";"0,133";"0,000";"0,133";
"10/09/2024 08:50";"8,257";"0,000";"7,745";"0,000";"8,129";"0,000";"24,131";"0,000";"1,020";"0,000";"0,000";"0,555";"8,315";"7,803";"8,187";"24,305";"0,174";"0,000";"0,174";
"10/09/2024 09:00";"8,127";"0,000";"7,616";"0,000";"7,960";"0,000";"23,704";"0,000";"1,049";"0,000";"0,000";"0,513";"8,201";"7,690";"8,034";"23,925";"0,221";"0,000";"0,221";
"10/09/2024 09:10";"9,282";"0,000";"8,344";"0,000";"8,989";"0,000";"26,615";"0,000";"1,701";"0,000";"0,000";"0,200";"9,380";"8,442";"9,087";"26,908";"0,293";"0,000";"0,293";
"10/09/2024 09:20";"8,075";"0,000";"7,075";"0,000";"7,361";"0,000";"22,511";"0,000";"1,255";"0,000";"0,000";"0,347";"8,182";"7,183";"7,469";"22,834";"0,323";"0,000";"0,323";
"10/09/2024 09:30";"3,533";"0,000";"2,892";"0,000";"3,332";"0,000";"9,757";"0,000";"0,914";"0,000";"0,000";"0,337";"3,661";"3,021";"3,461";"10,143";"0,386";"0,000";"0,386";
"10/09/2024 09:40";"3,037";"0,000";"2,851";"0,000";"3,368";"0,000";"9,257";"0,000";"1,059";"0,000";"0,000";"0,132";"3,182";"2,996";"3,513";"9,691";"0,434";"0,000";"0,434";
"10/09/2024 09:50";"3,443";"0,000";"2,790";"0,000";"3,462";"0,000";"9,695";"0,000";"0,423";"0,000";"0,000";"0,269";"3,607";"2,954";"3,627";"10,188";"0,493";"0,000";"0,493";
"10/09/2024 10:00";"3,155";"0,000";"2,386";"0,000";"2,849";"0,000";"8,391";"0,000";"0,171";"0,000";"0,000";"0,251";"3,324";"2,554";"3,018";"8,896";"0,505";"0,000";"0,505";
"10/09/2024 10:10";"3,063";"0,000";"2,219";"0,000";"2,638";"0,000";"7,920";"0,000";"0,016";"0,000";"0,000";"0,087";"3,252";"2,408";"2,827";"8,488";"0,568";"0,000";"0,568";
"10/09/2024 10:20";"3,131";"0,000";"2,506";"0,000";"2,918";"0,000";"8,555";"0,000";"0,547";"0,000";"0,000";"0,105";"3,349";"2,724";"3,135";"9,208";"0,653";"0,000";"0,653";
"10/09/2024 10:30";"3,512";"0,000";"2,756";"0,000";"3,294";"0,000";"9,562";"0,000";"0,722";"0,000";"0,000";"0,420";"3,766";"3,010";"3,548";"10,324";"0,762";"0,000";"0,762";
"10/09/2024 10:40";"4,294";"0,000";"3,558";"0,000";"4,059";"0,000";"11,911";"0,000";"0,762";"0,000";"0,000";"0,298";"4,575";"3,840";"4,340";"12,755";"0,844";"0,000";"0,844";
"10/09/2024 10:50";"3,950";"0,000";"3,362";"0,000";"3,888";"0,000";"11,200";"0,000";"0,867";"0,000";"0,000";"0,271";"4,260";"3,672";"4,198";"12,130";"0,930";"0,000";"0,930";
"10/09/2024 11:00";"7,039";"0,000";"6,703";"0,000";"6,953";"0,000";"20,696";"0,000";"4,068";"0,000";"0,000";"0,096";"7,351";"7,014";"7,265";"21,630";"0,934";"0,000";"0,934";
"10/09/2024 11:10";"7,843";"0,000";"7,659";"0,000";"7,601";"0,000";"23,103";"0,000";"6,001";"0,000";"0,000";"0,000";"8,154";"7,970";"7,912";"24,035";"0,932";"0,000";"0,932";
"10/09/2024 11:20";"8,059";"0,000";"7,817";"0,000";"7,902";"0,000";"23,778";"0,000";"5,631";"0,000";"0,000";"0,000";"8,400";"8,158";"8,243";"24,801";"1,023";"0,000";"1,023";
"10/09/2024 11:30";"6,711";"0,000";"6,510";"0,000";"6,751";"0,000";"19,972";"0,000";"1,233";"0,000";"0,000";"0,156";"7,096";"6,895";"7,136";"21,127";"1,155";"0,000";"1,155";
"10/09/2024 11:40";"8,181";"0,000";"7,906";"0,000";"7,976";"0,000";"24,062";"0,000";"4,335";"0,000";"0,000";"0,022";"8,680";"8,406";"8,475";"25,561";"1,499";"0,000";"1,499";
"10/09/2024 11:50";"7,291";"0,000";"7,108";"0,000";"7,213";"0,000";"21,611";"0,000";"2,342";"0,000";"0,000";"0,024";"7,813";"7,630";"7,735";"23,178";"1,567";"0,000";"1,567";
"10/09/2024 12:00";"6,378";"0,000";"6,099";"0,000";"6,625";"0,000";"19,102";"0,000";"1,759";"0,000";"0,000";"0,135";"7,051";"6,771";"7,297";"21,119";"2,017";"0,000";"2,017";
"10/09/2024 12:10";"5,889";"0,000";"5,458";"0,000";"5,551";"0,000";"16,898";"0,000";"0,678";"0,000";"0,000";"0,463";"6,595";"6,164";"6,257";"19,016";"2,118";"0,000";"2,118";
"10/09/2024 12:20";"6,947";"0,000";"6,483";"0,000";"6,649";"0,000";"20,079";"0,000";"1,513";"0,000";"0,000";"0,156";"7,781";"7,318";"7,484";"22,583";"2,504";"0,000";"2,504";
"10/09/2024 12:30";"8,671";"0,000";"8,068";"0,000";"8,281";"0,000";"25,019";"0,000";"2,966";"0,000";"0,000";"0,085";"9,659";"9,057";"9,269";"27,985";"2,966";"0,000";"2,966";
"10/09/2024 12:40";"7,968";"0,000";"7,452";"0,000";"7,727";"0,000";"23,147";"0,000";"1,490";"0,000";"0,000";"0,126";"8,942";"8,425";"8,700";"26,067";"2,920";"0,000";"2,920";
"10/09/2024 12:50";"7,110";"0,000";"6,533";"0,000";"6,882";"0,000";"20,526";"0,000";"0,965";"0,000";"0,000";"0,223";"8,433";"7,855";"8,205";"24,493";"3,967";"0,000";"3,967";
"10/09/2024 13:00";"8,301";"0,000";"7,866";"0,000";"8,011";"0,000";"24,178";"0,000";"3,561";"0,000";"0,000";"0,093";"9,737";"9,303";"9,448";"28,488";"4,310";"0,000";"4,310";
"10/09/2024 13:10";"7,748";"0,000";"7,270";"0,000";"7,352";"0,000";"22,370";"0,000";"1,346";"0,000";"0,000";"0,160";"9,099";"8,620";"8,703";"26,422";"4,052";"0,000";"4,052";
"10/09/2024 13:20";"6,106";"0,000";"5,645";"0,000";"5,648";"0,000";"17,399";"0,000";"0,726";"0,000";"0,000";"0,335";"7,480";"7,020";"7,023";"21,523";"4,124";"0,000";"4,124";
"10/09/2024 13:30";"1,836";"0,000";"1,508";"0,000";"1,281";"0,000";"4,625";"0,000";"0,555";"0,000";"0,000";"0,007";"2,830";"2,502";"2,275";"7,607";"2,982";"0,000";"2,982";
"10/09/2024 13:40";"1,829";"0,000";"1,419";"0,000";"1,171";"0,000";"4,419";"0,000";"0,325";"0,000";"0,000";"0,128";"3,025";"2,614";"2,367";"8,006";"3,587";"0,000";"3,587";
"10/09/2024 13:50";"1,653";"0,000";"1,158";"0,000";"0,942";"0,000";"3,753";"0,000";"0,007";"0,000";"0,000";"0,205";"3,066";"2,571";"2,355";"7,992";"4,239";"0,000";"4,239";
"10/09/2024 14:00";"1,260";"0,000";"0,833";"0,000";"0,655";"0,000";"2,747";"0,000";"0,033";"0,000";"0,000";"0,051";"2,470";"2,043";"1,866";"6,379";"3,632";"0,000";"3,632";
"10/09/2024 14:10";"0,830";"0,000";"0,525";"0,000";"0,284";"0,000";"1,640";"0,000";"0,005";"0,000";"0,000";"0,129";"2,553";"2,248";"2,007";"6,808";"5,168";"0,000";"5,168";
"10/09/2024 14:20";"0,904";"0,000";"1,040";"0,000";"0,313";"0,000";"2,257";"0,000";"0,112";"0,000";"0,000";"0,192";"2,190";"2,325";"1,598";"6,113";"3,856";"0,000";"3,856";
"10/09/2024 14:30";"0,859";"0,000";"1,657";"0,000";"0,201";"0,000";"2,717";"0,000";"0,000";"0,000";"0,000";"0,177";"2,551";"3,350";"1,893";"7,794";"5,077";"0,000";"5,077";
"10/09/2024 14:40";"0,740";"0,000";"1,554";"0,000";"0,126";"0,000";"2,420";"0,000";"0,000";"0,000";"0,000";"0,256";"2,306";"3,120";"1,692";"7,118";"4,698";"0,000";"4,698";
"10/09/2024 14:50";"0,768";"0,000";"1,506";"0,000";"0,104";"0,000";"2,377";"0,000";"0,000";"0,000";"0,000";"0,190";"2,330";"3,068";"1,667";"7,065";"4,688";"0,000";"4,688";
"10/09/2024 15:00";"0,932";"0,000";"1,725";"0,000";"0,315";"0,000";"2,972";"0,000";"0,088";"0,000";"0,000";"0,228";"2,501";"3,293";"1,883";"7,677";"4,705";"0,000";"4,705";
"10/09/2024 15:10";"0,671";"0,000";"1,458";"0,000";"0,103";"0,000";"2,231";"0,000";"0,000";"0,000";"0,000";"0,203";"2,230";"3,017";"1,662";"6,909";"4,678";"0,000";"4,678";
"10/09/2024 15:20";"0,705";"0,000";"1,461";"0,000";"0,107";"0,000";"2,272";"0,000";"0,000";"0,000";"0,000";"0,179";"2,251";"3,007";"1,654";"6,912";"4,640";"0,000";"4,640";
"10/09/2024 15:30";"0,708";"0,000";"1,537";"0,000";"0,166";"0,000";"2,411";"0,000";"0,000";"0,000";"0,000";"0,184";"2,232";"3,061";"1,691";"6,984";"4,573";"0,000";"4,573";
"10/09/2024 15:40";"0,693";"0,000";"1,444";"0,000";"0,102";"0,000";"2,239";"0,000";"0,000";"0,000";"0,000";"0,180";"2,187";"2,938";"1,597";"6,722";"4,483";"0,000";"4,483";
"10/09/2024 15:50";"0,773";"0,000";"1,664";"0,000";"0,348";"0,000";"2,785";"0,000";"0,034";"0,000";"0,000";"0,293";"2,244";"3,135";"1,820";"7,200";"4,415";"0,000";"4,415";
"10/09/2024 16:00";"0,695";"0,000";"1,506";"0,000";"0,202";"0,000";"2,402";"0,000";"0,000";"0,000";"0,000";"0,193";"2,134";"2,946";"1,642";"6,721";"4,319";"0,000";"4,319";
"10/09/2024 16:10";"0,672";"0,000";"1,448";"0,000";"0,123";"0,000";"2,243";"0,000";"0,000";"0,000";"0,000";"0,183";"2,082";"2,858";"1,533";"6,474";"4,231";"0,000";"4,231";
"10/09/2024 16:20";"0,642";"0,000";"1,482";"0,000";"0,139";"0,000";"2,263";"0,000";"0,000";"0,000";"0,000";"0,172";"2,022";"2,862";"1,520";"6,404";"4,141";"0,000";"4,141";
"10/09/2024 16:30";"0,800";"0,000";"1,626";"0,000";"0,352";"0,000";"2,778";"0,000";"0,041";"0,000";"0,000";"0,225";"2,137";"2,963";"1,689";"6,790";"4,012";"0,000";"4,012";
"10/09/2024 16:40";"0,651";"0,000";"1,434";"0,000";"0,115";"0,000";"2,200";"0,000";"0,000";"0,000";"0,000";"0,189";"1,946";"2,729";"1,411";"6,086";"3,886";"0,000";"3,886";
"10/09/2024 16:50";"0,672";"0,000";"1,475";"0,000";"0,144";"0,000";"2,290";"0,000";"0,000";"0,000";"0,000";"0,158";"1,914";"2,717";"1,387";"6,018";"3,728";"0,000";"3,728";
"10/09/2024 17:00";"0,711";"0,000";"1,465";"0,000";"0,150";"0,000";"2,326";"0,000";"0,000";"0,000";"0,000";"0,194";"1,912";"2,666";"1,351";"5,928";"3,602";"0,000";"3,602";
"10/09/2024 17:10";"0,615";"0,000";"1,462";"0,000";"0,117";"0,000";"2,194";"0,000";"0,000";"0,000";"0,000";"0,195";"1,767";"2,614";"1,270";"5,651";"3,457";"0,000";"3,457";
"10/09/2024 17:20";"0,848";"0,000";"1,664";"0,000";"0,317";"0,000";"2,828";"0,000";"0,119";"0,000";"0,000";"0,123";"1,950";"2,766";"1,419";"6,134";"3,306";"0,000";"3,306";
"10/09/2024 17:30";"0,688";"0,000";"1,449";"0,000";"0,137";"0,000";"2,274";"0,000";"0,000";"0,000";"0,000";"0,194";"1,732";"2,493";"1,181";"5,406";"3,132";"0,000";"3,132";
"10/09/2024 17:40";"0,621";"0,000";"1,433";"0,000";"0,116";"0,000";"2,170";"0,000";"0,000";"0,000";"0,000";"0,188";"1,596";"2,408";"1,092";"5,097";"2,927";"0,000";"2,927";
"10/09/2024 17:50";"0,747";"0,000";"1,503";"0,000";"0,180";"0,000";"2,430";"0,000";"0,000";"0,000";"0,000";"0,147";"1,667";"2,423";"1,100";"5,190";"2,760";"0,000";"2,760";
"10/09/2024 18:00";"0,748";"0,000";"1,601";"0,000";"0,309";"0,000";"2,658";"0,000";"0,039";"0,000";"0,000";"0,201";"1,611";"2,463";"1,171";"5,245";"2,587";"0,000";"2,587";
"10/09/2024 18:10";"0,616";"0,000";"1,437";"0,000";"0,116";"0,000";"2,169";"0,000";"0,000";"0,000";"0,000";"0,205";"1,413";"2,234";"0,913";"4,560";"2,391";"0,000";"2,391";
"10/09/2024 18:20";"0,729";"0,000";"1,211";"0,000";"0,169";"0,000";"2,110";"0,000";"0,001";"0,000";"0,000";"0,123";"1,463";"1,945";"0,903";"4,312";"2,202";"0,000";"2,202";
"10/09/2024 18:30";"0,624";"0,000";"0,740";"0,000";"0,129";"0,000";"1,493";"0,000";"0,000";"0,000";"0,000";"0,162";"1,280";"1,397";"0,786";"3,463";"1,970";"0,000";"1,970";
"10/09/2024 18:40";"0,637";"0,000";"0,551";"0,000";"0,123";"0,000";"1,311";"0,000";"0,000";"0,000";"0,000";"0,156";"1,219";"1,133";"0,705";"3,058";"1,747";"0,000";"1,747";
"10/09/2024 18:50";"0,764";"0,000";"0,630";"0,000";"0,308";"0,000";"1,701";"0,000";"0,035";"0,000";"0,000";"0,253";"1,273";"1,139";"0,817";"3,228";"1,527";"0,000";"1,527";
"10/09/2024 19:00";"0,687";"0,000";"0,470";"0,000";"0,180";"0,000";"1,337";"0,000";"0,006";"0,000";"0,000";"0,149";"1,126";"0,909";"0,619";"2,655";"1,318";"0,000";"1,318";
"10/09/2024 19:10";"0,449";"0,000";"0,355";"0,000";"0,104";"0,000";"0,908";"0,000";"0,006";"0,000";"0,000";"0,121";"0,810";"0,717";"0,466";"1,993";"1,085";"0,000";"1,085";
"10/09/2024 19:20";"0,346";"0,000";"0,321";"0,000";"0,109";"0,000";"0,776";"0,000";"0,011";"0,000";"0,000";"0,099";"0,642";"0,617";"0,405";"1,665";"0,889";"0,000";"0,889";
"10/09/2024 19:30";"0,547";"0,000";"0,549";"0,000";"0,358";"0,000";"1,454";"0,000";"0,037";"0,000";"0,000";"0,175";"0,785";"0,787";"0,596";"2,168";"0,714";"0,000";"0,714";
"10/09/2024 19:40";"0,356";"0,000";"0,310";"0,000";"0,102";"0,000";"0,768";"0,000";"0,001";"0,000";"0,000";"0,102";"0,541";"0,495";"0,287";"1,323";"0,555";"0,000";"0,555";
"10/09/2024 19:50";"0,400";"0,000";"0,319";"0,000";"0,101";"0,000";"0,820";"0,000";"0,000";"0,000";"0,000";"0,113";"0,537";"0,456";"0,239";"1,232";"0,412";"0,000";"0,412";
"10/09/2024 20:00";"0,706";"0,000";"0,378";"0,000";"0,173";"0,000";"1,257";"0,000";"0,019";"0,000";"0,000";"0,066";"0,772";"0,445";"0,239";"1,456";"0,199";"0,000";"0,199";
"10/09/2024 20:10";"0,456";"0,000";"0,309";"0,000";"0,103";"0,000";"0,868";"0,000";"0,000";"0,000";"0,000";"0,122";"0,491";"0,344";"0,137";"0,972";"0,104";"0,000";"0,104";
"10/09/2024 20:20";"0,525";"0,000";"0,499";"0,000";"0,329";"0,000";"1,354";"0,000";"0,047";"0,000";"0,000";"0,174";"0,560";"0,533";"0,364";"1,457";"0,103";"0,000";"0,103";
"10/09/2024 20:30";"0,398";"0,000";"0,358";"0,000";"0,153";"0,000";"0,908";"0,000";"0,014";"0,000";"0,000";"0,072";"0,424";"0,384";"0,179";"0,987";"0,079";"0,000";"0,079";
"10/09/2024 20:40";"0,350";"0,000";"0,319";"0,000";"0,103";"0,000";"0,772";"0,000";"0,000";"0,000";"0,000";"0,108";"0,360";"0,329";"0,114";"0,803";"0,031";"0,000";"0,031";
"10/09/2024 20:50";"0,422";"0,000";"0,383";"0,000";"0,165";"0,000";"0,969";"0,000";"0,023";"0,000";"0,000";"0,059";"0,422";"0,383";"0,165";"0,969";"0,000";"0,000";"0,000";
"10/09/2024 21:00";"0,512";"0,000";"0,467";"0,000";"0,283";"0,000";"1,262";"0,000";"0,030";"0,000";"0,000";"0,206";"0,512";"0,467";"0,283";"1,262";"0,000";"0,000";"0,000";
"10/09/2024 21:10";"0,776";"0,000";"0,580";"0,000";"0,359";"0,000";"1,715";"0,000";"0,002";"0,000";"0,000";"0,132";"0,776";"0,580";"0,359";"1,715";"0,000";"0,000";"0,000";
"10/09/2024 21:20";"0,708";"0,000";"0,456";"0,000";"0,248";"0,000";"1,412";"0,000";"0,000";"0,000";"0,000";"0,182";"0,708";"0,456";"0,248";"1,412";"0,000";"0,000";"0,000";
"10/09/2024 21:30";"0,796";"0,000";"0,463";"0,000";"0,243";"0,000";"1,503";"0,000";"0,000";"0,000";"0,000";"0,176";"0,796";"0,463";"0,243";"1,503";"0,000";"0,000";"0,000";
"10/09/2024 21:40";"0,770";"0,000";"0,474";"0,000";"0,244";"0,000";"1,489";"0,000";"0,000";"0,000";"0,000";"0,176";"0,770";"0,474";"0,244";"1,489";"0,000";"0,000";"0,000";
"10/09/2024 21:50";"1,212";"0,000";"0,624";"0,000";"0,439";"0,000";"2,275";"0,000";"0,033";"0,000";"0,000";"0,301";"1,212";"0,624";"0,439";"2,275";"0,000";"0,000";"0,000";
"10/09/2024 22:00";"0,692";"0,000";"0,470";"0,000";"0,246";"0,000";"1,409";"0,000";"0,000";"0,000";"0,000";"0,170";"0,692";"0,470";"0,246";"1,409";"0,000";"0,000";"0,000";
"10/09/2024 22:10";"0,563";"0,000";"0,478";"0,000";"0,243";"0,000";"1,284";"0,000";"0,000";"0,000";"0,000";"0,175";"0,563";"0,478";"0,243";"1,284";"0,000";"0,000";"0,000";
"10/09/2024 22:20";"0,727";"0,000";"0,470";"0,000";"0,248";"0,000";"1,445";"0,000";"0,000";"0,000";"0,000";"0,158";"0,727";"0,470";"0,248";"1,445";"0,000";"0,000";"0,000";
"10/09/2024 22:30";"1,065";"0,000";"0,467";"0,000";"0,249";"0,000";"1,781";"0,000";"0,017";"0,000";"0,000";"0,204";"1,065";"0,467";"0,249";"1,781";"0,000";"0,000";"0,000";
"10/09/2024 22:40";"0,880";"0,000";"0,633";"0,000";"0,439";"0,000";"1,952";"0,000";"0,022";"0,000";"0,000";"0,225";"0,880";"0,633";"0,439";"1,952";"0,000";"0,000";"0,000";
"10/09/2024 22:50";"0,464";"0,000";"0,472";"0,000";"0,243";"0,000";"1,180";"0,000";"0,000";"0,000";"0,000";"0,214";"0,464";"0,472";"0,243";"1,180";"0,000";"0,000";"0,000";
"10/09/2024 23:00";"0,478";"0,000";"0,447";"0,000";"0,244";"0,000";"1,168";"0,000";"0,000";"0,000";"0,000";"0,218";"0,478";"0,447";"0,244";"1,168";"0,000";"0,000";"0,000";
"10/09/2024 23:10";"1,269";"0,000";"0,460";"0,000";"0,247";"0,000";"1,976";"0,000";"0,000";"0,000";"0,000";"0,194";"1,269";"0,460";"0,247";"1,976";"0,000";"0,000";"0,000";
"10/09/2024 23:20";"1,304";"0,000";"0,627";"0,000";"0,444";"0,000";"2,374";"0,000";"0,035";"0,000";"0,000";"0,272";"1,304";"0,627";"0,444";"2,374";"0,000";"0,000";"0,000";
"10/09/2024 23:30";"0,571";"0,000";"0,468";"0,000";"0,246";"0,000";"1,284";"0,000";"0,000";"0,000";"0,000";"0,156";"0,571";"0,468";"0,246";"1,284";"0,000";"0,000";"0,000";
"10/09/2024 23:40";"0,599";"0,000";"0,460";"0,000";"0,246";"0,000";"1,305";"0,000";"0,000";"0,000";"0,000";"0,164";"0,599";"0,460";"0,246";"1,305";"0,000";"0,000";"0,000";
"10/09/2024 23:50";"0,885";"0,000";"0,482";"0,000";"0,248";"0,000";"1,614";"0,000";"0,000";"0,000";"0,000";"0,157";"0,885";"0,482";"0,248";"1,614";"0,000";"0,000";"0,000";
"11/09/2024 00:00";"1,094";"0,000";"0,465";"0,000";"0,245";"0,000";"1,804";"0,000";"0,000";"0,000";"0,000";"0,201";"1,094";"0,465";"0,245";"1,804";"0,000";"0,000";"0,000";
"11/09/2024 00:10";"0,912";"0,000";"0,633";"0,000";"0,402";"0,000";"1,947";"0,000";"0,115";"0,000";"0,000";"0,222";"0,912";"0,633";"0,402";"1,947";"0,000";"0,000";"0,000";
"11/09/2024 00:20";"0,559";"0,000";"0,481";"0,000";"0,248";"0,000";"1,288";"0,000";"0,000";"0,000";"0,000";"0,164";"0,559";"0,481";"0,248";"1,288";"0,000";"0,000";"0,000";
"11/09/2024 00:30";"0,840";"0,000";"0,478";"0,000";"0,244";"0,000";"1,562";"0,000";"0,000";"0,000";"0,000";"0,198";"0,840";"0,478";"0,244";"1,562";"0,000";"0,000";"0,000";
"11/09/2024 00:40";"0,980";"0,000";"0,452";"0,000";"0,245";"0,000";"1,677";"0,000";"0,000";"0,000";"0,000";"0,251";"0,980";"0,452";"0,245";"1,677";"0,000";"0,000";"0,000";
"11/09/2024 00:50";"0,744";"0,000";"0,616";"0,000";"0,434";"0,000";"1,794";"0,000";"0,037";"0,000";"0,000";"0,322";"0,744";"0,616";"0,434";"1,794";"0,000";"0,000";"0,000";
"11/09/2024 01:00";"0,489";"0,000";"0,465";"0,000";"0,244";"0,000";"1,198";"0,000";"0,000";"0,000";"0,000";"0,215";"0,489";"0,465";"0,244";"1,198";"0,000";"0,000";"0,000";
"11/09/2024 01:10";"0,605";"0,000";"0,467";"0,000";"0,243";"0,000";"1,315";"0,000";"0,000";"0,000";"0,000";"0,220";"0,605";"0,467";"0,243";"1,315";"0,000";"0,000";"0,000";
"11/09/2024 01:20";"1,193";"0,000";"0,479";"0,000";"0,245";"0,000";"1,918";"0,000";"0,000";"0,000";"0,000";"0,230";"1,193";"0,479";"0,245";"1,918";"0,000";"0,000";"0,000";
"11/09/2024 01:30";"1,078";"0,000";"0,481";"0,000";"0,249";"0,000";"1,809";"0,000";"0,000";"0,000";"0,000";"0,215";"1,078";"0,481";"0,249";"1,809";"0,000";"0,000";"0,000";
"11/09/2024 01:40";"0,648";"0,000";"0,639";"0,000";"0,395";"0,000";"1,682";"0,000";"0,150";"0,000";"0,000";"0,168";"0,648";"0,639";"0,395";"1,682";"0,000";"0,000";"0,000";
"11/09/2024 01:50";"0,503";"0,000";"0,475";"0,000";"0,242";"0,000";"1,220";"0,000";"0,000";"0,000";"0,000";"0,233";"0,503";"0,475";"0,242";"1,220";"0,000";"0,000";"0,000";
"11/09/2024 02:00";"0,770";"0,000";"0,463";"0,000";"0,243";"0,000";"1,477";"0,000";"0,000";"0,000";"0,000";"0,222";"0,770";"0,463";"0,243";"1,477";"0,000";"0,000";"0,000";
"11/09/2024 02:10";"1,159";"0,000";"0,621";"0,000";"0,392";"0,000";"2,173";"0,000";"0,156";"0,000";"0,000";"0,202";"1,159";"0,621";"0,392";"2,173";"0,000";"0,000";"0,000";
"11/09/2024 02:20";"0,760";"0,000";"0,487";"0,000";"0,244";"0,000";"1,491";"0,000";"0,000";"0,000";"0,000";"0,223";"0,760";"0,487";"0,244";"1,491";"0,000";"0,000";"0,000";
"11/09/2024 02:30";"0,457";"0,000";"0,478";"0,000";"0,241";"0,000";"1,176";"0,000";"0,000";"0,000";"0,000";"0,243";"0,457";"0,478";"0,241";"1,176";"0,000";"0,000";"0,000";
"11/09/2024 02:40";"0,512";"0,000";"0,482";"0,000";"0,245";"0,000";"1,238";"0,000";"0,000";"0,000";"0,000";"0,200";"0,512";"0,482";"0,245";"1,238";"0,000";"0,000";"0,000";
"11/09/2024 02:50";"1,012";"0,000";"0,628";"0,000";"0,412";"0,000";"2,052";"0,000";"0,061";"0,000";"0,000";"0,300";"1,012";"0,628";"0,412";"2,052";"0,000";"0,000";"0,000";
"11/09/2024 03:00";"1,000";"0,000";"0,464";"0,000";"0,242";"0,000";"1,707";"0,000";"0,000";"0,000";"0,000";"0,230";"1,000";"0,464";"0,242";"1,707";"0,000";"0,000";"0,000";
"11/09/2024 03:10";"0,695";"0,000";"0,450";"0,000";"0,241";"0,000";"1,387";"0,000";"0,000";"0,000";"0,000";"0,250";"0,695";"0,450";"0,241";"1,387";"0,000";"0,000";"0,000";
"11/09/2024 03:20";"0,469";"0,000";"0,476";"0,000";"0,242";"0,000";"1,187";"0,000";"0,000";"0,000";"0,000";"0,223";"0,469";"0,476";"0,242";"1,187";"0,000";"0,000";"0,000";
"11/09/2024 03:30";"0,504";"0,000";"0,484";"0,000";"0,241";"0,000";"1,229";"0,000";"0,000";"0,000";"0,000";"0,216";"0,504";"0,484";"0,241";"1,229";"0,000";"0,000";"0,000";
"11/09/2024 03:40";"1,049";"0,000";"0,641";"0,000";"0,423";"0,000";"2,113";"0,000";"0,058";"0,000";"0,000";"0,219";"1,049";"0,641";"0,423";"2,113";"0,000";"0,000";"0,000";
"11/09/2024 03:50";"0,984";"0,000";"0,460";"0,000";"0,247";"0,000";"1,691";"0,000";"0,000";"0,000";"0,000";"0,229";"0,984";"0,460";"0,247";"1,691";"0,000";"0,000";"0,000";
"11/09/2024 04:00";"0,869";"0,000";"0,465";"0,000";"0,244";"0,000";"1,578";"0,000";"0,000";"0,000";"0,000";"0,236";"0,869";"0,465";"0,244";"1,578";"0,000";"0,000";"0,000";
"11/09/2024 04:10";"0,760";"0,000";"0,615";"0,000";"0,429";"0,000";"1,803";"0,000";"0,033";"0,000";"0,000";"0,239";"0,760";"0,615";"0,429";"1,803";"0,000";"0,000";"0,000";
"11/09/2024 04:20";"0,501";"0,000";"0,461";"0,000";"0,243";"0,000";"1,206";"0,000";"0,000";"0,000";"0,000";"0,233";"0,501";"0,461";"0,243";"1,206";"0,000";"0,000";"0,000";
"11/09/2024 04:30";"1,029";"0,000";"0,454";"0,000";"0,245";"0,000";"1,727";"0,000";"0,000";"0,000";"0,000";"0,232";"1,029";"0,454";"0,245";"1,727";"0,000";"0,000";"0,000";
"11/09/2024 04:40";"0,984";"0,000";"0,464";"0,000";"0,244";"0,000";"1,692";"0,000";"0,000";"0,000";"0,000";"0,237";"0,984";"0,464";"0,244";"1,692";"0,000";"0,000";"0,000";
"11/09/2024 04:50";"0,588";"0,000";"0,556";"0,000";"0,336";"0,000";"1,481";"0,000";"0,037";"0,000";"0,000";"0,279";"0,588";"0,556";"0,336";"1,481";"0,000";"0,000";"0,000";
"11/09/2024 05:00";"0,544";"0,000";"0,560";"0,000";"0,343";"0,000";"1,446";"0,000";"0,000";"0,000";"0,000";"0,249";"0,544";"0,560";"0,343";"1,446";"0,000";"0,000";"0,000";
"11/09/2024 05:10";"0,618";"0,000";"0,475";"0,000";"0,244";"0,000";"1,337";"0,000";"0,000";"0,000";"0,000";"0,216";"0,618";"0,475";"0,244";"1,337";"0,000";"0,000";"0,000";
"11/09/2024 05:20";"1,010";"0,000";"0,471";"0,000";"0,245";"0,000";"1,727";"0,000";"0,000";"0,000";"0,000";"0,233";"1,010";"0,471";"0,245";"1,727";"0,000";"0,000";"0,000";
"11/09/2024 05:30";"1,408";"0,000";"0,872";"0,000";"0,517";"0,000";"2,798";"0,000";"0,006";"0,000";"0,000";"0,282";"1,408";"0,872";"0,517";"2,798";"0,000";"0,000";"0,000";
"11/09/2024 05:40";"1,931";"0,000";"1,541";"0,000";"1,322";"0,000";"4,794";"0,000";"0,071";"0,000";"0,000";"0,337";"1,931";"1,541";"1,322";"4,794";"0,000";"0,000";"0,000";
"11/09/2024 05:50";"1,842";"0,000";"1,478";"0,000";"1,275";"0,000";"4,595";"0,000";"0,202";"0,000";"0,000";"0,282";"1,842";"1,478";"1,275";"4,595";"0,000";"0,000";"0,000";
"11/09/2024 06:00";"4,868";"0,000";"4,252";"0,000";"4,390";"0,000";"13,509";"0,000";"2,165";"0,000";"0,000";"0,056";"4,868";"4,252";"4,390";"13,509";"0,000";"0,000";"0,000";
"11/09/2024 06:10";"8,260";"0,000";"7,443";"0,000";"7,679";"0,000";"23,382";"0,000";"2,868";"0,000";"0,000";"0,126";"8,260";"7,443";"7,679";"23,382";"0,000";"0,000";"0,000";
"11/09/2024 06:20";"9,224";"0,000";"8,670";"0,000";"8,521";"0,000";"26,415";"0,000";"2,782";"0,000";"0,000";"0,033";"9,224";"8,670";"8,521";"26,415";"0,000";"0,000";"0,000";
"11/09/2024 06:30";"8,962";"0,000";"8,633";"0,000";"8,611";"0,000";"26,205";"0,000";"2,724";"0,000";"0,000";"0,050";"8,962";"8,633";"8,611";"26,205";"0,000";"0,000";"0,000";
"11/09/2024 06:40";"8,758";"0,000";"8,281";"0,000";"8,313";"0,000";"25,352";"0,000";"1,684";"0,000";"0,000";"0,068";"8,758";"8,281";"8,313";"25,352";"0,000";"0,000";"0,000";
"11/09/2024 06:50";"8,903";"0,000";"8,069";"0,000";"8,560";"0,000";"25,532";"0,000";"0,652";"0,000";"0,000";"0,218";"8,903";"8,069";"8,560";"25,532";"0,000";"0,000";"0,000";
"11/09/2024 07:00";"8,674";"0,000";"7,649";"0,000";"8,087";"0,000";"24,410";"0,000";"1,188";"0,000";"0,000";"0,237";"8,674";"7,649";"8,087";"24,410";"0,000";"0,000";"0,000";
"11/09/2024 07:10";"8,589";"0,000";"7,630";"0,000";"7,865";"0,000";"24,084";"0,000";"2,016";"0,000";"0,000";"0,027";"8,589";"7,630";"7,865";"24,084";"0,000";"0,000";"0,000";
"11/09/2024 07:20";"7,064";"0,000";"6,516";"0,000";"6,827";"0,000";"20,408";"0,000";"0,892";"0,000";"0,000";"0,257";"7,064";"6,516";"6,827";"20,408";"0,000";"0,000";"0,000";
"11/09/2024 07:30";"7,015";"0,000";"6,434";"0,000";"6,901";"0,000";"20,350";"0,000";"1,169";"0,000";"0,000";"0,409";"7,015";"6,434";"6,901";"20,350";"0,000";"0,000";"0,000";
"11/09/2024 07:40";"8,803";"0,000";"8,496";"0,000";"8,602";"0,000";"25,902";"0,000";"1,944";"0,000";"0,000";"0,055";"8,803";"8,496";"8,602";"25,902";"0,000";"0,000";"0,000";
"11/09/2024 07:50";"9,510";"0,000";"8,704";"0,000";"8,860";"0,000";"27,074";"0,000";"1,756";"0,000";"0,000";"0,008";"9,510";"8,704";"8,860";"27,074";"0,000";"0,000";"0,000";
"11/09/2024 08:00";"8,549";"0,000";"7,755";"0,000";"8,067";"0,000";"24,370";"0,000";"0,984";"0,000";"0,000";"0,243";"8,549";"7,755";"8,067";"24,370";"0,000";"0,000";"0,000";
"11/09/2024 08:10";"8,073";"0,000";"7,778";"0,000";"8,025";"0,000";"23,876";"0,000";"1,295";"0,000";"0,000";"0,207";"8,073";"7,778";"8,025";"23,876";"0,000";"0,000";"0,000";
"11/09/2024 08:20";"7,374";"0,000";"7,098";"0,000";"7,355";"0,000";"21,827";"0,000";"1,093";"0,000";"0,000";"0,251";"7,374";"7,098";"7,355";"21,827";"0,000";"0,000";"0,000";
"11/09/2024 08:30";"7,127";"0,000";"6,693";"0,000";"6,958";"0,000";"20,778";"0,000";"1,213";"0,000";"0,000";"0,263";"7,127";"6,693";"6,958";"20,778";"0,000";"0,000";"0,000";
"11/09/2024 08:40";"7,264";"0,000";"6,315";"0,000";"6,799";"0,000";"20,378";"0,000";"0,725";"0,000";"0,000";"0,353";"7,264";"6,315";"6,799";"20,378";"0,000";"0,000";"0,000";
"11/09/2024 08:50";"8,098";"0,000";"7,334";"0,000";"7,635";"0,000";"23,067";"0,000";"1,235";"0,000";"0,000";"0,229";"8,098";"7,334";"7,635";"23,067";"0,000";"0,000";"0,000";
"11/09/2024 09:00";"7,495";"0,000";"7,250";"0,000";"7,396";"0,000";"22,140";"0,000";"3,026";"0,000";"0,000";"0,228";"7,531";"7,286";"7,432";"22,249";"0,109";"0,000";"0,109";
"11/09/2024 09:10";"7,831";"0,000";"7,732";"0,000";"7,876";"0,000";"23,438";"0,000";"1,310";"0,000";"0,000";"0,233";"7,883";"7,784";"7,928";"23,594";"0,156";"0,000";"0,156";
"11/09/2024 09:20";"7,568";"0,000";"7,165";"0,000";"7,267";"0,000";"21,999";"0,000";"0,724";"0,000";"0,000";"0,416";"7,617";"7,214";"7,316";"22,147";"0,148";"0,000";"0,148";
"11/09/2024 09:30";"7,516";"0,000";"6,910";"0,000";"7,101";"0,000";"21,527";"0,000";"1,018";"0,000";"0,000";"0,278";"7,583";"6,977";"7,169";"21,729";"0,202";"0,000";"0,202";
"11/09/2024 09:40";"8,170";"0,000";"7,572";"0,000";"7,824";"0,000";"23,566";"0,000";"2,110";"0,000";"0,000";"0,131";"8,249";"7,650";"7,902";"23,801";"0,235";"0,000";"0,235";
"11/09/2024 09:50";"2,706";"0,000";"2,546";"0,000";"2,968";"0,000";"8,219";"0,000";"0,745";"0,000";"0,000";"0,302";"2,870";"2,710";"3,132";"8,713";"0,494";"0,000";"0,494";
"11/09/2024 10:00";"2,041";"0,000";"1,530";"0,000";"1,753";"0,000";"5,324";"0,000";"0,845";"0,000";"0,000";"0,001";"2,223";"1,711";"1,934";"5,868";"0,544";"0,000";"0,544";
"11/09/2024 10:10";"2,195";"0,000";"1,498";"0,000";"1,729";"0,000";"5,421";"0,000";"0,878";"0,000";"0,000";"0,000";"2,404";"1,707";"1,938";"6,049";"0,628";"0,000";"0,628";
"11/09/2024 10:20";"6,976";"0,000";"6,070";"0,000";"6,240";"0,000";"19,286";"0,000";"1,637";"0,000";"0,000";"0,190";"7,266";"6,360";"6,530";"20,157";"0,870";"0,000";"0,870";
"11/09/2024 10:30";"8,996";"0,000";"8,405";"0,000";"8,484";"0,000";"25,885";"0,000";"2,461";"0,000";"0,000";"0,007";"9,380";"8,789";"8,869";"27,038";"1,153";"0,000";"1,153";
"11/09/2024 10:40";"9,021";"0,000";"8,602";"0,000";"8,675";"0,000";"26,298";"0,000";"2,927";"0,000";"0,000";"0,002";"9,399";"8,981";"9,053";"27,433";"1,135";"0,000";"1,135";
"11/09/2024 10:50";"9,987";"0,000";"9,169";"0,000";"9,294";"0,000";"28,451";"0,000";"4,483";"0,000";"0,000";"0,013";"10,531";"9,713";"9,838";"30,083";"1,632";"0,000";"1,632";
"11/09/2024 11:00";"10,697";"0,000";"10,246";"0,000";"10,211";"0,000";"31,154";"0,000";"5,006";"0,000";"0,000";"0,003";"11,296";"10,845";"10,810";"32,951";"1,797";"0,000";"1,797";
"11/09/2024 11:10";"9,534";"0,000";"9,169";"0,000";"9,176";"0,000";"27,879";"0,000";"3,084";"0,000";"0,000";"0,007";"10,127";"9,762";"9,769";"29,658";"1,779";"0,000";"1,779";
"11/09/2024 11:20";"7,474";"0,000";"6,835";"0,000";"6,861";"0,000";"21,170";"0,000";"1,441";"0,000";"0,000";"0,131";"8,189";"7,550";"7,576";"23,315";"2,145";"0,000";"2,145";
"11/09/2024 11:30";"8,342";"0,000";"7,718";"0,000";"7,838";"0,000";"23,899";"0,000";"2,386";"0,000";"0,000";"0,021";"8,721";"8,097";"8,217";"25,036";"1,137";"0,000";"1,137";
"11/09/2024 11:40";"8,446";"0,000";"8,020";"0,000";"8,004";"0,000";"24,470";"0,000";"2,584";"0,000";"0,000";"0,016";"8,763";"8,336";"8,321";"25,420";"0,950";"0,000";"0,950";
"11/09/2024 11:50";"8,598";"0,000";"8,453";"0,000";"8,346";"0,000";"25,397";"0,000";"3,521";"0,000";"0,000";"0,000";"8,964";"8,820";"8,713";"26,497";"1,100";"0,000";"1,100";
"11/09/2024 12:00";"8,446";"0,000";"8,242";"0,000";"8,264";"0,000";"24,953";"0,000";"2,449";"0,000";"0,000";"0,073";"9,495";"9,292";"9,314";"28,101";"3,148";"0,000";"3,148";
"11/09/2024 12:10";"7,334";"0,000";"7,012";"0,000";"7,260";"0,000";"21,606";"0,000";"1,198";"0,000";"0,000";"0,165";"8,050";"7,728";"7,977";"23,755";"2,149";"0,000";"2,149";
"11/09/2024 12:20";"7,314";"0,000";"6,932";"0,000";"7,162";"0,000";"21,408";"0,000";"1,001";"0,000";"0,000";"0,188";"7,909";"7,527";"7,756";"23,192";"1,784";"0,000";"1,784";
"11/09/2024 12:30";"9,118";"0,000";"8,769";"0,000";"8,796";"0,000";"26,683";"0,000";"2,426";"0,000";"0,000";"0,002";"9,609";"9,261";"9,288";"28,157";"1,474";"0,000";"1,474";
"11/09/2024 12:40";"9,715";"0,000";"9,332";"0,000";"9,361";"0,000";"28,409";"0,000";"3,227";"0,000";"0,000";"0,004";"10,247";"9,864";"9,893";"30,003";"1,594";"0,000";"1,594";
"11/09/2024 12:50";"7,916";"0,000";"7,457";"0,000";"7,459";"0,000";"22,832";"0,000";"1,574";"0,000";"0,000";"0,071";"8,171";"7,712";"7,713";"23,596";"0,764";"0,000";"0,764";
"11/09/2024 13:00";"8,625";"0,000";"7,976";"0,000";"8,115";"0,000";"24,717";"0,000";"2,050";"0,000";"0,000";"0,040";"8,886";"8,237";"8,376";"25,500";"0,783";"0,000";"0,783";
"11/09/2024 13:10";"8,947";"0,000";"8,527";"0,000";"8,413";"0,000";"25,887";"0,000";"4,620";"0,000";"0,000";"0,042";"9,429";"9,009";"8,895";"27,333";"1,446";"0,000";"1,446";
"11/09/2024 13:20";"3,703";"0,000";"3,189";"0,000";"2,842";"0,000";"9,734";"0,000";"1,170";"0,000";"0,000";"0,116";"4,167";"3,653";"3,305";"11,124";"1,390";"0,000";"1,390";
"11/09/2024 13:30";"1,899";"0,000";"1,535";"0,000";"1,461";"0,000";"4,894";"0,000";"0,401";"0,000";"0,000";"0,040";"2,581";"2,217";"2,143";"6,942";"2,048";"0,000";"2,048";
"11/09/2024 13:40";"1,727";"0,000";"1,343";"0,000";"1,189";"0,000";"4,259";"0,000";"0,099";"0,000";"0,000";"0,149";"2,232";"1,848";"1,695";"5,776";"1,517";"0,000";"1,517";
"11/09/2024 13:50";"1,820";"0,000";"1,209";"0,000";"0,975";"0,000";"4,004";"0,000";"0,045";"0,000";"0,000";"0,036";"2,304";"1,693";"1,460";"5,457";"1,453";"0,000";"1,453";
"11/09/2024 14:00";"1,660";"0,000";"1,074";"0,000";"0,839";"0,000";"3,573";"0,000";"0,048";"0,000";"0,000";"0,016";"2,202";"1,616";"1,380";"5,197";"1,624";"0,000";"1,624";
"11/09/2024 14:10";"1,680";"0,000";"1,118";"0,000";"0,830";"0,000";"3,627";"0,000";"0,069";"0,000";"0,000";"0,010";"2,249";"1,687";"1,399";"5,335";"1,708";"0,000";"1,708";
"11/09/2024 14:20";"1,582";"0,000";"1,071";"0,000";"0,811";"0,000";"3,463";"0,000";"0,032";"0,000";"0,000";"0,047";"2,087";"1,576";"1,317";"4,980";"1,517";"0,000";"1,517";
"11/09/2024 14:30";"1,480";"0,000";"1,021";"0,000";"0,775";"0,000";"3,277";"0,000";"0,192";"0,000";"0,000";"0,083";"2,051";"1,592";"1,346";"4,990";"1,713";"0,000";"1,713";
"11/09/2024 14:40";"0,876";"0,000";"0,577";"0,000";"0,361";"0,000";"1,814";"0,000";"0,001";"0,000";"0,000";"0,162";"2,016";"1,717";"1,501";"5,233";"3,419";"0,000";"3,419";
"11/09/2024 14:50";"0,739";"0,000";"0,394";"0,000";"0,109";"0,000";"1,242";"0,000";"0,000";"0,000";"0,000";"0,105";"1,423";"1,078";"0,792";"3,292";"2,050";"0,000";"2,050";
"11/09/2024 15:00";"0,692";"0,000";"0,377";"0,000";"0,108";"0,000";"1,177";"0,000";"0,000";"0,000";"0,000";"0,127";"1,378";"1,063";"0,794";"3,236";"2,059";"0,000";"2,059";
"11/09/2024 15:10";"0,837";"0,000";"0,568";"0,000";"0,324";"0,000";"1,729";"0,000";"0,029";"0,000";"0,000";"0,206";"1,820";"1,551";"1,307";"4,678";"2,949";"0,000";"2,949";
"11/09/2024 15:20";"0,676";"0,000";"0,383";"0,000";"0,131";"0,000";"1,191";"0,000";"0,000";"0,000";"0,000";"0,133";"1,690";"1,397";"1,145";"4,232";"3,041";"0,000";"3,041";
"11/09/2024 15:30";"0,683";"0,000";"0,360";"0,000";"0,106";"0,000";"1,149";"0,000";"0,000";"0,000";"0,000";"0,136";"1,912";"1,588";"1,334";"4,834";"3,685";"0,000";"3,685";
"11/09/2024 15:40";"0,680";"0,000";"0,382";"0,000";"0,148";"0,000";"1,209";"0,000";"0,006";"0,000";"0,000";"0,070";"1,758";"1,460";"1,225";"4,442";"3,233";"0,000";"3,233";
"11/09/2024 15:50";"0,670";"0,000";"0,411";"0,000";"0,211";"0,000";"1,292";"0,000";"0,001";"0,000";"0,000";"0,140";"1,506";"1,247";"1,048";"3,801";"2,509";"0,000";"2,509";
"11/09/2024 16:00";"0,814";"0,000";"0,557";"0,000";"0,345";"0,000";"1,717";"0,000";"0,156";"0,000";"0,000";"0,113";"1,519";"1,262";"1,051";"3,833";"2,116";"0,000";"2,116";
"11/09/2024 16:10";"0,703";"0,000";"0,440";"0,000";"0,235";"0,000";"1,379";"0,000";"0,016";"0,000";"0,000";"0,117";"1,133";"0,870";"0,665";"2,668";"1,289";"0,000";"1,289";
"11/09/2024 16:20";"0,653";"0,000";"0,368";"0,000";"0,165";"0,000";"1,186";"0,000";"0,000";"0,000";"0,000";"0,131";"0,938";"0,653";"0,450";"2,041";"0,855";"0,000";"0,855";
"11/09/2024 16:30";"0,657";"0,000";"0,355";"0,000";"0,196";"0,000";"1,208";"0,000";"0,001";"0,000";"0,000";"0,110";"1,059";"0,757";"0,598";"2,414";"1,206";"0,000";"1,206";
"11/09/2024 16:40";"0,723";"0,000";"0,416";"0,000";"0,215";"0,000";"1,353";"0,000";"0,041";"0,000";"0,000";"0,106";"1,234";"0,927";"0,726";"2,887";"1,534";"0,000";"1,534";
"11/09/2024 16:50";"0,703";"0,000";"0,442";"0,000";"0,242";"0,000";"1,387";"0,000";"0,040";"0,000";"0,000";"0,105";"1,160";"0,899";"0,698";"2,757";"1,370";"0,000";"1,370";
"11/09/2024 17:00";"0,695";"0,000";"0,385";"0,000";"0,162";"0,000";"1,241";"0,000";"0,002";"0,000";"0,000";"0,074";"1,071";"0,760";"0,537";"2,368";"1,127";"0,000";"1,127";
"11/09/2024 17:10";"0,688";"0,000";"0,367";"0,000";"0,142";"0,000";"1,197";"0,000";"0,003";"0,000";"0,000";"0,093";"1,032";"0,712";"0,486";"2,230";"1,033";"0,000";"1,033";
"11/09/2024 17:20";"0,625";"0,000";"0,336";"0,000";"0,122";"0,000";"1,083";"0,000";"0,001";"0,000";"0,000";"0,124";"0,913";"0,623";"0,409";"1,945";"0,862";"0,000";"0,862";
"11/09/2024 17:30";"0,802";"0,000";"0,547";"0,000";"0,353";"0,000";"1,701";"0,000";"0,055";"0,000";"0,000";"0,105";"1,096";"0,841";"0,648";"2,585";"0,884";"0,000";"0,884";
"11/09/2024 17:40";"0,647";"0,000";"0,345";"0,000";"0,122";"0,000";"1,113";"0,000";"0,000";"0,000";"0,000";"0,121";"1,056";"0,754";"0,531";"2,340";"1,227";"0,000";"1,227";
"11/09/2024 17:50";"0,683";"0,000";"0,366";"0,000";"0,173";"0,000";"1,222";"0,000";"0,004";"0,000";"0,000";"0,088";"0,985";"0,668";"0,474";"2,127";"0,905";"0,000";"0,905";
"11/09/2024 18:00";"0,659";"0,000";"0,365";"0,000";"0,137";"0,000";"1,161";"0,000";"0,003";"0,000";"0,000";"0,125";"0,895";"0,601";"0,373";"1,869";"0,708";"0,000";"0,708";
"11/09/2024 18:10";"0,644";"0,000";"0,333";"0,000";"0,117";"0,000";"1,094";"0,000";"0,000";"0,000";"0,000";"0,130";"0,907";"0,596";"0,380";"1,884";"0,790";"0,000";"0,790";
"11/09/2024 18:20";"0,865";"0,000";"0,555";"0,000";"0,330";"0,000";"1,750";"0,000";"0,122";"0,000";"0,000";"0,150";"1,050";"0,740";"0,514";"2,304";"0,554";"0,000";"0,554";
"11/09/2024 18:30";"0,626";"0,000";"0,359";"0,000";"0,119";"0,000";"1,104";"0,000";"0,000";"0,000";"0,000";"0,114";"0,922";"0,655";"0,415";"1,992";"0,888";"0,000";"0,888";
"11/09/2024 18:40";"0,661";"0,000";"0,324";"0,000";"0,124";"0,000";"1,110";"0,000";"0,000";"0,000";"0,000";"0,123";"0,891";"0,554";"0,354";"1,800";"0,690";"0,000";"0,690";
"11/09/2024 18:50";"0,691";"0,000";"0,408";"0,000";"0,188";"0,000";"1,287";"0,000";"0,010";"0,000";"0,000";"0,075";"0,834";"0,551";"0,331";"1,716";"0,429";"0,000";"0,429";
"11/09/2024 19:00";"0,805";"0,000";"0,492";"0,000";"0,276";"0,000";"1,573";"0,000";"0,128";"0,000";"0,000";"0,196";"0,912";"0,599";"0,382";"1,893";"0,320";"0,000";"0,320";
"11/09/2024 19:10";"0,544";"0,000";"0,322";"0,000";"0,119";"0,000";"0,985";"0,000";"0,000";"0,000";"0,000";"0,118";"0,627";"0,405";"0,203";"1,236";"0,251";"0,000";"0,251";
"11/09/2024 19:20";"0,398";"0,000";"0,380";"0,000";"0,151";"0,000";"0,930";"0,000";"0,014";"0,000";"0,000";"0,108";"0,481";"0,463";"0,234";"1,178";"0,248";"0,000";"0,248";
"11/09/2024 19:30";"0,373";"0,000";"0,318";"0,000";"0,102";"0,000";"0,792";"0,000";"0,000";"0,000";"0,000";"0,094";"0,422";"0,366";"0,150";"0,938";"0,146";"0,000";"0,146";
"11/09/2024 19:40";"0,391";"0,000";"0,379";"0,000";"0,156";"0,000";"0,926";"0,000";"0,002";"0,000";"0,000";"0,082";"0,409";"0,397";"0,174";"0,980";"0,054";"0,000";"0,054";
"11/09/2024 19:50";"0,501";"0,000";"0,497";"0,000";"0,303";"0,000";"1,301";"0,000";"0,041";"0,000";"0,000";"0,194";"0,522";"0,517";"0,323";"1,362";"0,061";"0,000";"0,061";
"11/09/2024 20:00";"0,587";"0,000";"0,300";"0,000";"0,102";"0,000";"0,988";"0,000";"0,000";"0,000";"0,000";"0,114";"0,600";"0,313";"0,115";"1,028";"0,040";"0,000";"0,040";
"11/09/2024 20:10";"0,622";"0,000";"0,399";"0,000";"0,162";"0,000";"1,183";"0,000";"0,008";"0,000";"0,000";"0,098";"0,626";"0,404";"0,167";"1,196";"0,013";"0,000";"0,013";
"11/09/2024 20:20";"0,349";"0,000";"0,322";"0,000";"0,102";"0,000";"0,773";"0,000";"0,000";"0,000";"0,000";"0,086";"0,351";"0,325";"0,104";"0,780";"0,007";"0,000";"0,007";
"11/09/2024 20:30";"0,525";"0,000";"0,474";"0,000";"0,259";"0,000";"1,258";"0,000";"0,110";"0,000";"0,000";"0,085";"0,525";"0,475";"0,260";"1,260";"0,002";"0,000";"0,002";
"11/09/2024 20:40";"0,467";"0,000";"0,455";"0,000";"0,233";"0,000";"1,155";"0,000";"0,055";"0,000";"0,000";"0,125";"0,467";"0,455";"0,233";"1,155";"0,000";"0,000";"0,000";
"11/09/2024 20:50";"0,498";"0,000";"0,465";"0,000";"0,229";"0,000";"1,192";"0,000";"0,000";"0,000";"0,000";"0,192";"0,498";"0,465";"0,229";"1,192";"0,000";"0,000";"0,000";
"11/09/2024 21:00";"0,550";"0,000";"0,555";"0,000";"0,301";"0,000";"1,405";"0,000";"0,001";"0,000";"0,000";"0,149";"0,550";"0,555";"0,301";"1,405";"0,000";"0,000";"0,000";
"11/09/2024 21:10";"0,557";"0,000";"0,548";"0,000";"0,289";"0,000";"1,393";"0,000";"0,000";"0,000";"0,000";"0,140";"0,557";"0,548";"0,289";"1,393";"0,000";"0,000";"0,000";
"11/09/2024 21:20";"0,660";"0,000";"0,657";"0,000";"0,397";"0,000";"1,714";"0,000";"0,154";"0,000";"0,000";"0,161";"0,660";"0,657";"0,397";"1,714";"0,000";"0,000";"0,000";
"11/09/2024 21:30";"0,728";"0,000";"0,479";"0,000";"0,246";"0,000";"1,454";"0,000";"0,000";"0,000";"0,000";"0,212";"0,728";"0,479";"0,246";"1,454";"0,000";"0,000";"0,000";
"11/09/2024 21:40";"0,733";"0,000";"0,585";"0,000";"0,312";"0,000";"1,630";"0,000";"0,002";"0,000";"0,000";"0,130";"0,733";"0,585";"0,312";"1,630";"0,000";"0,000";"0,000";
"11/09/2024 21:50";"0,557";"0,000";"0,521";"0,000";"0,285";"0,000";"1,364";"0,000";"0,002";"0,000";"0,000";"0,178";"0,557";"0,521";"0,285";"1,364";"0,000";"0,000";"0,000";
"11/09/2024 22:00";"0,536";"0,000";"0,527";"0,000";"0,304";"0,000";"1,367";"0,000";"0,033";"0,000";"0,000";"0,193";"0,536";"0,527";"0,304";"1,367";"0,000";"0,000";"0,000";
"11/09/2024 22:10";"0,537";"0,000";"0,586";"0,000";"0,379";"0,000";"1,501";"0,000";"0,001";"0,000";"0,000";"0,236";"0,537";"0,586";"0,379";"1,501";"0,000";"0,000";"0,000";
"11/09/2024 22:20";"0,528";"0,000";"0,486";"0,000";"0,244";"0,000";"1,258";"0,000";"0,000";"0,000";"0,000";"0,189";"0,528";"0,486";"0,244";"1,258";"0,000";"0,000";"0,000";
"11/09/2024 22:30";"0,563";"0,000";"0,586";"0,000";"0,328";"0,000";"1,477";"0,000";"0,000";"0,000";"0,000";"0,124";"0,563";"0,586";"0,328";"1,477";"0,000";"0,000";"0,000";
"11/09/2024 22:40";"0,479";"0,000";"0,499";"0,000";"0,244";"0,000";"1,221";"0,000";"0,000";"0,000";"0,000";"0,187";"0,479";"0,499";"0,244";"1,221";"0,000";"0,000";"0,000";
"11/09/2024 22:50";"0,640";"0,000";"0,623";"0,000";"0,435";"0,000";"1,698";"0,000";"0,040";"0,000";"0,000";"0,302";"0,640";"0,623";"0,435";"1,698";"0,000";"0,000";"0,000";
"11/09/2024 23:00";"0,539";"0,000";"0,596";"0,000";"0,306";"0,000";"1,441";"0,000";"0,000";"0,000";"0,000";"0,129";"0,539";"0,596";"0,306";"1,441";"0,000";"0,000";"0,000";
"11/09/2024 23:10";"0,511";"0,000";"0,474";"0,000";"0,243";"0,000";"1,228";"0,000";"0,000";"0,000";"0,000";"0,198";"0,511";"0,474";"0,243";"1,228";"0,000";"0,000";"0,000";
"11/09/2024 23:20";"0,472";"0,000";"0,458";"0,000";"0,244";"0,000";"1,174";"0,000";"0,000";"0,000";"0,000";"0,235";"0,472";"0,458";"0,244";"1,174";"0,000";"0,000";"0,000";
"11/09/2024 23:30";"0,780";"0,000";"0,592";"0,000";"0,319";"0,000";"1,691";"0,000";"0,001";"0,000";"0,000";"0,116";"0,780";"0,592";"0,319";"1,691";"0,000";"0,000";"0,000";
"11/09/2024 23:40";"0,829";"0,000";"0,640";"0,000";"0,399";"0,000";"1,867";"0,000";"0,097";"0,000";"0,000";"0,268";"0,829";"0,640";"0,399";"1,867";"0,000";"0,000";"0,000";
"11/09/2024 23:50";"0,470";"0,000";"0,500";"0,000";"0,242";"0,000";"1,212";"0,000";"0,000";"0,000";"0,000";"0,204";"0,470";"0,500";"0,242";"1,212";"0,000";"0,000";"0,000";
"12/09/2024 00:00";"0,541";"0,000";"0,535";"0,000";"0,301";"0,000";"1,376";"0,000";"0,000";"0,000";"0,000";"0,153";"0,541";"0,535";"0,301";"1,376";"0,000";"0,000";"0,000";
"12/09/2024 00:10";"0,525";"0,000";"0,489";"0,000";"0,255";"0,000";"1,269";"0,000";"0,000";"0,000";"0,000";"0,207";"0,525";"0,489";"0,255";"1,269";"0,000";"0,000";"0,000";
"12/09/2024 00:20";"0,610";"0,000";"0,639";"0,000";"0,435";"0,000";"1,683";"0,000";"0,039";"0,000";"0,000";"0,282";"0,610";"0,639";"0,435";"1,683";"0,000";"0,000";"0,000";
"12/09/2024 00:30";"0,512";"0,000";"0,538";"0,000";"0,275";"0,000";"1,325";"0,000";"0,000";"0,000";"0,000";"0,195";"0,512";"0,538";"0,275";"1,325";"0,000";"0,000";"0,000";
"12/09/2024 00:40";"0,545";"0,000";"0,552";"0,000";"0,278";"0,000";"1,375";"0,000";"0,000";"0,000";"0,000";"0,155";"0,545";"0,552";"0,278";"1,375";"0,000";"0,000";"0,000";
"12/09/2024 00:50";"0,466";"0,000";"0,463";"0,000";"0,243";"0,000";"1,172";"0,000";"0,000";"0,000";"0,000";"0,228";"0,466";"0,463";"0,243";"1,172";"0,000";"0,000";"0,000";
"12/09/2024 01:00";"0,538";"0,000";"0,531";"0,000";"0,266";"0,000";"1,336";"0,000";"0,004";"0,000";"0,000";"0,172";"0,538";"0,531";"0,266";"1,336";"0,000";"0,000";"0,000";
"12/09/2024 01:10";"0,684";"0,000";"0,681";"0,000";"0,440";"0,000";"1,805";"0,000";"0,119";"0,000";"0,000";"0,247";"0,684";"0,681";"0,440";"1,805";"0,000";"0,000";"0,000";
"12/09/2024 01:20";"0,468";"0,000";"0,498";"0,000";"0,245";"0,000";"1,212";"0,000";"0,000";"0,000";"0,000";"0,215";"0,468";"0,498";"0,245";"1,212";"0,000";"0,000";"0,000";
"12/09/2024 01:30";"0,512";"0,000";"0,519";"0,000";"0,241";"0,000";"1,272";"0,000";"0,000";"0,000";"0,000";"0,182";"0,512";"0,519";"0,241";"1,272";"0,000";"0,000";"0,000";
"12/09/2024 01:40";"0,563";"0,000";"0,560";"0,000";"0,315";"0,000";"1,438";"0,000";"0,000";"0,000";"0,000";"0,163";"0,563";"0,560";"0,315";"1,438";"0,000";"0,000";"0,000";
"12/09/2024 01:50";"0,630";"0,000";"0,632";"0,000";"0,432";"0,000";"1,695";"0,000";"0,034";"0,000";"0,000";"0,283";"0,630";"0,632";"0,432";"1,695";"0,000";"0,000";"0,000";
"12/09/2024 02:00";"0,753";"0,000";"0,477";"0,000";"0,244";"0,000";"1,475";"0,000";"0,000";"0,000";"0,000";"0,206";"0,753";"0,477";"0,244";"1,475";"0,000";"0,000";"0,000";
"12/09/2024 02:10";"0,780";"0,000";"0,561";"0,000";"0,317";"0,000";"1,659";"0,000";"0,008";"0,000";"0,000";"0,121";"0,780";"0,561";"0,317";"1,659";"0,000";"0,000";"0,000";
"12/09/2024 02:20";"0,565";"0,000";"0,494";"0,000";"0,250";"0,000";"1,309";"0,000";"0,000";"0,000";"0,000";"0,156";"0,565";"0,494";"0,250";"1,309";"0,000";"0,000";"0,000";
"12/09/2024 02:30";"0,591";"0,000";"0,490";"0,000";"0,242";"0,000";"1,323";"0,000";"0,000";"0,000";"0,000";"0,177";"0,591";"0,490";"0,242";"1,323";"0,000";"0,000";"0,000";
"12/09/2024 02:40";"0,819";"0,000";"0,717";"0,000";"0,459";"0,000";"1,994";"0,000";"0,190";"0,000";"0,000";"0,109";"0,819";"0,717";"0,459";"1,994";"0,000";"0,000";"0,000";
"12/09/2024 02:50";"0,561";"0,000";"0,463";"0,000";"0,243";"0,000";"1,267";"0,000";"0,000";"0,000";"0,000";"0,187";"0,561";"0,463";"0,243";"1,267";"0,000";"0,000";"0,000";
"12/09/2024 03:00";"0,634";"0,000";"0,504";"0,000";"0,256";"0,000";"1,394";"0,000";"0,000";"0,000";"0,000";"0,139";"0,634";"0,504";"0,256";"1,394";"0,000";"0,000";"0,000";
"12/09/2024 03:10";"0,633";"0,000";"0,568";"0,000";"0,307";"0,000";"1,508";"0,000";"0,001";"0,000";"0,000";"0,111";"0,633";"0,568";"0,307";"1,508";"0,000";"0,000";"0,000";
"12/09/2024 03:20";"0,619";"0,000";"0,635";"0,000";"0,440";"0,000";"1,694";"0,000";"0,034";"0,000";"0,000";"0,222";"0,619";"0,635";"0,440";"1,694";"0,000";"0,000";"0,000";
"12/09/2024 03:30";"0,510";"0,000";"0,491";"0,000";"0,242";"0,000";"1,243";"0,000";"0,000";"0,000";"0,000";"0,231";"0,510";"0,491";"0,242";"1,243";"0,000";"0,000";"0,000";
"12/09/2024 03:40";"0,559";"0,000";"0,565";"0,000";"0,318";"0,000";"1,442";"0,000";"0,000";"0,000";"0,000";"0,132";"0,559";"0,565";"0,318";"1,442";"0,000";"0,000";"0,000";
"12/09/2024 03:50";"0,478";"0,000";"0,463";"0,000";"0,242";"0,000";"1,184";"0,000";"0,000";"0,000";"0,000";"0,222";"0,478";"0,463";"0,242";"1,184";"0,000";"0,000";"0,000";
"12/09/2024 04:00";"0,490";"0,000";"0,492";"0,000";"0,241";"0,000";"1,222";"0,000";"0,000";"0,000";"0,000";"0,202";"0,490";"0,492";"0,241";"1,222";"0,000";"0,000";"0,000";
"12/09/2024 04:10";"0,681";"0,000";"0,735";"0,000";"0,521";"0,000";"1,937";"0,000";"0,052";"0,000";"0,000";"0,169";"0,681";"0,735";"0,521";"1,937";"0,000";"0,000";"0,000";
"12/09/2024 04:20";"0,487";"0,000";"0,476";"0,000";"0,241";"0,000";"1,204";"0,000";"0,000";"0,000";"0,000";"0,230";"0,487";"0,476";"0,241";"1,204";"0,000";"0,000";"0,000";
"12/09/2024 04:30";"0,483";"0,000";"0,486";"0,000";"0,241";"0,000";"1,210";"0,000";"0,000";"0,000";"0,000";"0,192";"0,483";"0,486";"0,241";"1,210";"0,000";"0,000";"0,000";
"12/09/2024 04:40";"0,545";"0,000";"0,542";"0,000";"0,284";"0,000";"1,372";"0,000";"0,000";"0,000";"0,000";"0,181";"0,545";"0,542";"0,284";"1,372";"0,000";"0,000";"0,000";
"12/09/2024 04:50";"0,912";"0,000";"0,663";"0,000";"0,410";"0,000";"1,985";"0,000";"0,142";"0,000";"0,000";"0,137";"0,912";"0,663";"0,410";"1,985";"0,000";"0,000";"0,000";
"12/09/2024 05:00";"0,638";"0,000";"0,501";"0,000";"0,265";"0,000";"1,403";"0,000";"0,019";"0,000";"0,000";"0,224";"0,638";"0,501";"0,265";"1,403";"0,000";"0,000";"0,000";
"12/09/2024 05:10";"0,506";"0,000";"0,486";"0,000";"0,246";"0,000";"1,237";"0,000";"0,000";"0,000";"0,000";"0,197";"0,506";"0,486";"0,246";"1,237";"0,000";"0,000";"0,000";
"12/09/2024 05:20";"0,572";"0,000";"0,571";"0,000";"0,331";"0,000";"1,474";"0,000";"0,000";"0,000";"0,000";"0,117";"0,572";"0,571";"0,331";"1,474";"0,000";"0,000";"0,000";
"12/09/2024 05:30";"1,057";"0,000";"0,949";"0,000";"0,561";"0,000";"2,567";"0,000";"0,035";"0,000";"0,000";"0,097";"1,057";"0,949";"0,561";"2,567";"0,000";"0,000";"0,000";
"12/09/2024 05:40";"1,934";"0,000";"1,567";"0,000";"1,336";"0,000";"4,836";"0,000";"0,034";"0,000";"0,000";"0,279";"1,934";"1,567";"1,336";"4,836";"0,000";"0,000";"0,000";
"12/09/2024 05:50";"1,799";"0,000";"1,486";"0,000";"1,249";"0,000";"4,534";"0,000";"0,000";"0,000";"0,000";"0,224";"1,799";"1,486";"1,249";"4,534";"0,000";"0,000";"0,000";
"12/09/2024 06:00";"5,019";"0,000";"4,597";"0,000";"4,709";"0,000";"14,325";"0,000";"1,372";"0,000";"0,000";"0,047";"5,019";"4,597";"4,709";"14,325";"0,000";"0,000";"0,000";
"12/09/2024 06:10";"8,288";"0,000";"7,822";"0,000";"7,792";"0,000";"23,902";"0,000";"1,307";"0,000";"0,000";"0,039";"8,288";"7,822";"7,792";"23,902";"0,000";"0,000";"0,000";
"12/09/2024 06:20";"8,406";"0,000";"7,988";"0,000";"8,061";"0,000";"24,455";"0,000";"0,703";"0,000";"0,000";"0,167";"8,406";"7,988";"8,061";"24,455";"0,000";"0,000";"0,000";
"12/09/2024 06:30";"8,243";"0,000";"7,863";"0,000";"7,902";"0,000";"24,009";"0,000";"0,512";"0,000";"0,000";"0,246";"8,243";"7,863";"7,902";"24,009";"0,000";"0,000";"0,000";
"12/09/2024 06:40";"8,753";"0,000";"8,184";"0,000";"8,084";"0,000";"25,021";"0,000";"0,892";"0,000";"0,000";"0,124";"8,753";"8,184";"8,084";"25,021";"0,000";"0,000";"0,000";
"12/09/2024 06:50";"7,977";"0,000";"7,609";"0,000";"7,654";"0,000";"23,240";"0,000";"0,906";"0,000";"0,000";"0,236";"7,977";"7,609";"7,654";"23,240";"0,000";"0,000";"0,000";
"12/09/2024 07:00";"6,842";"0,000";"6,250";"0,000";"6,654";"0,000";"19,746";"0,000";"0,765";"0,000";"0,000";"0,433";"6,842";"6,250";"6,654";"19,746";"0,000";"0,000";"0,000";
"12/09/2024 07:10";"7,249";"0,000";"6,617";"0,000";"6,976";"0,000";"20,842";"0,000";"1,064";"0,000";"0,000";"0,305";"7,249";"6,617";"6,976";"20,842";"0,000";"0,000";"0,000";
"12/09/2024 07:20";"7,877";"0,000";"7,230";"0,000";"7,511";"0,000";"22,618";"0,000";"0,975";"0,000";"0,000";"0,323";"7,877";"7,230";"7,511";"22,618";"0,000";"0,000";"0,000";
"12/09/2024 07:30";"8,016";"0,000";"7,028";"0,000";"7,223";"0,000";"22,267";"0,000";"3,265";"0,000";"0,000";"0,221";"8,016";"7,028";"7,223";"22,267";"0,000";"0,000";"0,000";
"12/09/2024 07:40";"6,466";"0,000";"5,948";"0,000";"6,263";"0,000";"18,677";"0,000";"0,488";"0,000";"0,000";"0,401";"6,466";"5,948";"6,263";"18,677";"0,000";"0,000";"0,000";
"12/09/2024 07:50";"6,824";"0,000";"6,475";"0,000";"6,784";"0,000";"20,082";"0,000";"0,601";"0,000";"0,000";"0,406";"6,824";"6,475";"6,784";"20,082";"0,000";"0,000";"0,000";
"12/09/2024 08:00";"6,321";"0,000";"5,952";"0,000";"6,301";"0,000";"18,573";"0,000";"0,549";"0,000";"0,000";"0,525";"6,321";"5,952";"6,301";"18,573";"0,000";"0,000";"0,000";
"12/09/2024 08:10";"6,526";"0,000";"6,008";"0,000";"6,419";"0,000";"18,953";"0,000";"0,861";"0,000";"0,000";"0,425";"6,526";"6,008";"6,419";"18,953";"0,000";"0,000";"0,000";
"12/09/2024 08:20";"7,012";"0,000";"6,464";"0,000";"6,653";"0,000";"20,128";"0,000";"0,723";"0,000";"0,000";"0,450";"7,016";"6,468";"6,657";"20,140";"0,012";"0,000";"0,012";
"12/09/2024 08:30";"6,653";"0,000";"6,153";"0,000";"6,415";"0,000";"19,221";"0,000";"1,501";"0,000";"0,000";"0,376";"6,669";"6,168";"6,430";"19,267";"0,046";"0,000";"0,046";
"12/09/2024 08:40";"8,745";"0,000";"8,270";"0,000";"8,515";"0,000";"25,531";"0,000";"2,477";"0,000";"0,000";"0,148";"8,766";"8,291";"8,536";"25,592";"0,061";"0,000";"0,061";
"12/09/2024 08:50";"8,283";"0,000";"7,829";"0,000";"7,960";"0,000";"24,072";"0,000";"1,109";"0,000";"0,000";"0,130";"8,330";"7,877";"8,007";"24,215";"0,143";"0,000";"0,143";
"12/09/2024 09:00";"8,239";"0,000";"7,961";"0,000";"8,086";"0,000";"24,286";"0,000";"4,285";"0,000";"0,000";"0,075";"8,288";"8,010";"8,135";"24,433";"0,147";"0,000";"0,147";
"12/09/2024 09:10";"7,516";"0,000";"7,278";"0,000";"7,655";"0,000";"22,449";"0,000";"1,356";"0,000";"0,000";"0,192";"7,575";"7,336";"7,714";"22,624";"0,175";"0,000";"0,175";
"12/09/2024 09:20";"8,004";"0,000";"7,655";"0,000";"7,957";"0,000";"23,616";"0,000";"0,836";"0,000";"0,000";"0,143";"8,073";"7,724";"8,026";"23,823";"0,207";"0,000";"0,207";
"12/09/2024 09:30";"9,513";"0,000";"8,777";"0,000";"8,893";"0,000";"27,183";"0,000";"3,375";"0,000";"0,000";"0,014";"9,579";"8,843";"8,960";"27,382";"0,199";"0,000";"0,199";
"12/09/2024 09:40";"7,739";"0,000";"6,954";"0,000";"7,110";"0,000";"21,804";"0,000";"1,762";"0,000";"0,000";"0,225";"7,824";"7,040";"7,196";"22,060";"0,256";"0,000";"0,256";
"12/09/2024 09:50";"3,505";"0,000";"3,070";"0,000";"3,336";"0,000";"9,911";"0,000";"0,396";"0,000";"0,000";"0,250";"3,605";"3,169";"3,435";"10,209";"0,298";"0,000";"0,298";
"12/09/2024 10:00";"2,122";"0,000";"1,576";"0,000";"1,695";"0,000";"5,393";"0,000";"0,579";"0,000";"0,000";"0,002";"2,260";"1,714";"1,834";"5,809";"0,416";"0,000";"0,416";
"12/09/2024 10:10";"2,364";"0,000";"1,749";"0,000";"1,796";"0,000";"5,909";"0,000";"0,499";"0,000";"0,000";"0,034";"2,524";"1,908";"1,956";"6,387";"0,478";"0,000";"0,478";
"12/09/2024 10:20";"6,711";"0,000";"6,266";"0,000";"6,426";"0,000";"19,403";"0,000";"0,902";"0,000";"0,000";"0,251";"6,845";"6,401";"6,560";"19,806";"0,403";"0,000";"0,403";
"12/09/2024 10:30";"8,524";"0,000";"8,149";"0,000";"8,419";"0,000";"25,092";"0,000";"1,024";"0,000";"0,000";"0,145";"8,772";"8,398";"8,667";"25,837";"0,745";"0,000";"0,745";
"12/09/2024 10:40";"8,924";"0,000";"8,558";"0,000";"8,614";"0,000";"26,096";"0,000";"3,294";"0,000";"0,000";"0,023";"9,257";"8,891";"8,947";"27,095";"0,999";"0,000";"0,999";
"12/09/2024 10:50";"8,474";"0,000";"8,002";"0,000";"8,157";"0,000";"24,634";"0,000";"1,236";"0,000";"0,000";"0,110";"8,865";"8,393";"8,548";"25,805";"1,171";"0,000";"1,171";
"12/09/2024 11:00";"8,887";"0,000";"8,303";"0,000";"8,434";"0,000";"25,624";"0,000";"3,677";"0,000";"0,000";"0,075";"9,457";"8,873";"9,004";"27,334";"1,710";"0,000";"1,710";
"12/09/2024 11:10";"7,215";"0,000";"6,739";"0,000";"6,993";"0,000";"20,947";"0,000";"0,942";"0,000";"0,000";"0,275";"7,574";"7,098";"7,352";"22,024";"1,077";"0,000";"1,077";
"12/09/2024 11:20";"6,716";"0,000";"6,277";"0,000";"6,539";"0,000";"19,531";"0,000";"0,583";"0,000";"0,000";"0,351";"7,043";"6,604";"6,866";"20,513";"0,982";"0,000";"0,982";
"12/09/2024 11:30";"7,321";"0,000";"6,882";"0,000";"7,139";"0,000";"21,343";"0,000";"0,943";"0,000";"0,000";"0,350";"7,644";"7,205";"7,462";"22,311";"0,968";"0,000";"0,968";
"12/09/2024 11:40";"7,247";"0,000";"6,683";"0,000";"6,902";"0,000";"20,832";"0,000";"2,658";"0,000";"0,000";"0,103";"7,717";"7,153";"7,372";"22,242";"1,410";"0,000";"1,410";
"12/09/2024 11:50";"8,179";"0,000";"7,430";"0,000";"7,768";"0,000";"23,377";"0,000";"0,598";"0,000";"0,000";"0,155";"8,669";"7,921";"8,258";"24,848";"1,471";"0,000";"1,471";
"12/09/2024 12:00";"8,068";"0,000";"7,706";"0,000";"7,981";"0,000";"23,754";"0,000";"0,931";"0,000";"0,000";"0,123";"8,546";"8,183";"8,459";"25,187";"1,433";"0,000";"1,433";
"12/09/2024 12:10";"7,500";"0,000";"6,818";"0,000";"7,099";"0,000";"21,418";"0,000";"0,608";"0,000";"0,000";"0,370";"8,119";"7,437";"7,718";"23,275";"1,857";"0,000";"1,857";
"12/09/2024 12:20";"6,883";"0,000";"5,988";"0,000";"6,300";"0,000";"19,172";"0,000";"1,192";"0,000";"0,000";"0,236";"7,512";"6,617";"6,929";"21,059";"1,887";"0,000";"1,887";
"12/09/2024 12:30";"6,817";"0,000";"6,115";"0,000";"6,540";"0,000";"19,472";"0,000";"1,152";"0,000";"0,000";"0,269";"7,323";"6,621";"7,047";"20,991";"1,519";"0,000";"1,519";
"12/09/2024 12:40";"7,390";"0,000";"6,790";"0,000";"6,932";"0,000";"21,112";"0,000";"1,288";"0,000";"0,000";"0,376";"7,754";"7,154";"7,296";"22,204";"1,092";"0,000";"1,092";
"12/09/2024 12:50";"7,427";"0,000";"6,856";"0,000";"6,991";"0,000";"21,274";"0,000";"1,001";"0,000";"0,000";"0,356";"8,050";"7,479";"7,614";"23,143";"1,869";"0,000";"1,869";
"12/09/2024 13:00";"7,080";"0,000";"6,417";"0,000";"6,626";"0,000";"20,123";"0,000";"0,946";"0,000";"0,000";"0,377";"7,955";"7,293";"7,501";"22,749";"2,626";"0,000";"2,626";
"12/09/2024 13:10";"7,528";"0,000";"6,986";"0,000";"7,354";"0,000";"21,868";"0,000";"2,518";"0,000";"0,000";"0,098";"7,966";"7,424";"7,792";"23,182";"1,314";"0,000";"1,314";
"12/09/2024 13:20";"2,685";"0,000";"2,163";"0,000";"2,155";"0,000";"7,003";"0,000";"0,797";"0,000";"0,000";"0,361";"3,236";"2,714";"2,706";"8,656";"1,653";"0,000";"1,653";
"12/09/2024 13:30";"2,204";"0,000";"1,694";"0,000";"1,553";"0,000";"5,450";"0,000";"0,580";"0,000";"0,000";"0,124";"2,844";"2,334";"2,193";"7,370";"1,920";"0,000";"1,920";
"12/09/2024 13:40";"1,725";"0,000";"1,236";"0,000";"1,046";"0,000";"4,006";"0,000";"0,113";"0,000";"0,000";"0,013";"2,375";"1,886";"1,696";"5,956";"1,950";"0,000";"1,950";
"12/09/2024 13:50";"1,815";"0,000";"1,325";"0,000";"1,121";"0,000";"4,261";"0,000";"0,371";"0,000";"0,000";"0,142";"2,622";"2,132";"1,928";"6,683";"2,422";"0,000";"2,422";
"12/09/2024 14:00";"1,563";"0,000";"1,087";"0,000";"0,693";"0,000";"3,343";"0,000";"0,078";"0,000";"0,000";"0,119";"2,439";"1,964";"1,570";"5,973";"2,630";"0,000";"2,630";
"12/09/2024 14:10";"0,911";"0,000";"0,485";"0,000";"0,127";"0,000";"1,523";"0,000";"0,000";"0,000";"0,000";"0,162";"1,853";"1,426";"1,069";"4,348";"2,825";"0,000";"2,825";
"12/09/2024 14:20";"0,839";"0,000";"0,445";"0,000";"0,156";"0,000";"1,440";"0,000";"0,005";"0,000";"0,000";"0,170";"1,861";"1,467";"1,178";"4,507";"3,067";"0,000";"3,067";
"12/09/2024 14:30";"0,853";"0,000";"0,528";"0,000";"0,215";"0,000";"1,596";"0,000";"0,001";"0,000";"0,000";"0,118";"2,114";"1,789";"1,476";"5,379";"3,783";"0,000";"3,783";
"12/09/2024 14:40";"0,780";"0,000";"0,449";"0,000";"0,137";"0,000";"1,366";"0,000";"0,000";"0,000";"0,000";"0,141";"1,941";"1,610";"1,298";"4,849";"3,483";"0,000";"3,483";
"12/09/2024 14:50";"0,863";"0,000";"0,559";"0,000";"0,297";"0,000";"1,719";"0,000";"0,041";"0,000";"0,000";"0,146";"2,342";"2,038";"1,776";"6,156";"4,437";"0,000";"4,437";
"12/09/2024 15:00";"0,754";"0,000";"0,423";"0,000";"0,169";"0,000";"1,346";"0,000";"0,030";"0,000";"0,000";"0,081";"1,784";"1,453";"1,199";"4,435";"3,089";"0,000";"3,089";
"12/09/2024 15:10";"0,735";"0,000";"0,344";"0,000";"0,107";"0,000";"1,187";"0,000";"0,001";"0,000";"0,000";"0,085";"1,680";"1,289";"1,052";"4,021";"2,834";"0,000";"2,834";
"12/09/2024 15:20";"0,751";"0,000";"0,345";"0,000";"0,109";"0,000";"1,205";"0,000";"0,004";"0,000";"0,000";"0,040";"1,469";"1,063";"0,827";"3,359";"2,154";"0,000";"2,154";
"12/09/2024 15:30";"0,919";"0,000";"0,584";"0,000";"0,335";"0,000";"1,838";"0,000";"0,091";"0,000";"0,000";"0,089";"1,621";"1,285";"1,036";"3,942";"2,104";"0,000";"2,104";
"12/09/2024 15:40";"0,736";"0,000";"0,350";"0,000";"0,124";"0,000";"1,211";"0,000";"0,010";"0,000";"0,000";"0,058";"1,349";"0,963";"0,737";"3,049";"1,838";"0,000";"1,838";
"12/09/2024 15:50";"0,713";"0,000";"0,333";"0,000";"0,160";"0,000";"1,206";"0,000";"0,001";"0,000";"0,000";"0,059";"1,393";"1,013";"0,840";"3,246";"2,040";"0,000";"2,040";
"12/09/2024 16:00";"0,768";"0,000";"0,393";"0,000";"0,218";"0,000";"1,379";"0,000";"0,025";"0,000";"0,000";"0,081";"1,398";"1,023";"0,848";"3,270";"1,891";"0,000";"1,891";
"12/09/2024 16:10";"0,760";"0,000";"0,342";"0,000";"0,139";"0,000";"1,241";"0,000";"0,015";"0,000";"0,000";"0,067";"1,965";"1,546";"1,344";"4,855";"3,614";"0,000";"3,614";
"12/09/2024 16:20";"0,834";"0,000";"0,505";"0,000";"0,297";"0,000";"1,636";"0,000";"0,041";"0,000";"0,000";"0,152";"2,028";"1,699";"1,490";"5,217";"3,581";"0,000";"3,581";
"12/09/2024 16:30";"0,767";"0,000";"0,343";"0,000";"0,136";"0,000";"1,246";"0,000";"0,026";"0,000";"0,000";"0,072";"1,833";"1,409";"1,202";"4,444";"3,198";"0,000";"3,198";
"12/09/2024 16:40";"0,793";"0,000";"0,353";"0,000";"0,151";"0,000";"1,297";"0,000";"0,015";"0,000";"0,000";"0,062";"2,007";"1,567";"1,364";"4,938";"3,641";"0,000";"3,641";
"12/09/2024 16:50";"0,742";"0,000";"0,346";"0,000";"0,112";"0,000";"1,200";"0,000";"0,003";"0,000";"0,000";"0,037";"1,365";"0,970";"0,735";"3,070";"1,870";"0,000";"1,870";
"12/09/2024 17:00";"0,931";"0,000";"0,543";"0,000";"0,325";"0,000";"1,799";"0,000";"0,058";"0,000";"0,000";"0,136";"1,465";"1,077";"0,859";"3,401";"1,602";"0,000";"1,602";
"12/09/2024 17:10";"0,747";"0,000";"0,316";"0,000";"0,146";"0,000";"1,210";"0,000";"0,008";"0,000";"0,000";"0,093";"1,245";"0,813";"0,644";"2,702";"1,492";"0,000";"1,492";
"12/09/2024 17:20";"0,775";"0,000";"0,382";"0,000";"0,146";"0,000";"1,303";"0,000";"0,045";"0,000";"0,000";"0,047";"1,307";"0,915";"0,679";"2,901";"1,598";"0,000";"1,598";
"12/09/2024 17:30";"0,799";"0,000";"0,376";"0,000";"0,147";"0,000";"1,322";"0,000";"0,006";"0,000";"0,000";"0,043";"1,274";"0,851";"0,622";"2,747";"1,425";"0,000";"1,425";
"12/09/2024 17:40";"0,715";"0,000";"0,366";"0,000";"0,110";"0,000";"1,191";"0,000";"0,003";"0,000";"0,000";"0,077";"1,180";"0,831";"0,576";"2,587";"1,396";"0,000";"1,396";
"12/09/2024 17:50";"0,761";"0,000";"0,531";"0,000";"0,306";"0,000";"1,597";"0,000";"0,038";"0,000";"0,000";"0,197";"1,421";"1,191";"0,966";"3,577";"1,980";"0,000";"1,980";
"12/09/2024 18:00";"0,718";"0,000";"0,429";"0,000";"0,169";"0,000";"1,317";"0,000";"0,012";"0,000";"0,000";"0,101";"1,656";"1,367";"1,107";"4,130";"2,814";"0,000";"2,814";
"12/09/2024 18:10";"0,645";"0,000";"0,384";"0,000";"0,110";"0,000";"1,140";"0,000";"0,000";"0,000";"0,000";"0,088";"1,576";"1,315";"1,041";"3,933";"2,793";"0,000";"2,793";
"12/09/2024 18:20";"0,658";"0,000";"0,346";"0,000";"0,111";"0,000";"1,115";"0,000";"0,002";"0,000";"0,000";"0,124";"1,312";"1,000";"0,765";"3,077";"1,962";"0,000";"1,962";
"12/09/2024 18:30";"0,751";"0,000";"0,405";"0,000";"0,194";"0,000";"1,350";"0,000";"0,059";"0,000";"0,000";"0,178";"1,282";"0,936";"0,725";"2,943";"1,593";"0,000";"1,593";
"12/09/2024 18:40";"0,771";"0,000";"0,468";"0,000";"0,281";"0,000";"1,520";"0,000";"0,010";"0,000";"0,000";"0,112";"1,186";"0,883";"0,696";"2,765";"1,245";"0,000";"1,245";
"12/09/2024 18:50";"0,553";"0,000";"0,334";"0,000";"0,110";"0,000";"0,996";"0,000";"0,005";"0,000";"0,000";"0,119";"0,892";"0,673";"0,449";"2,014";"1,018";"0,000";"1,018";
"12/09/2024 19:00";"0,447";"0,000";"0,332";"0,000";"0,119";"0,000";"0,899";"0,000";"0,008";"0,000";"0,000";"0,093";"0,823";"0,708";"0,495";"2,025";"1,126";"0,000";"1,126";
"12/09/2024 19:10";"0,485";"0,000";"0,377";"0,000";"0,173";"0,000";"1,034";"0,000";"0,023";"0,000";"0,000";"0,128";"0,857";"0,749";"0,545";"2,150";"1,116";"0,000";"1,116";
"12/09/2024 19:20";"0,549";"0,000";"0,458";"0,000";"0,293";"0,000";"1,300";"0,000";"0,033";"0,000";"0,000";"0,219";"0,799";"0,708";"0,543";"2,050";"0,750";"0,000";"0,750";
"12/09/2024 19:30";"0,501";"0,000";"0,319";"0,000";"0,105";"0,000";"0,925";"0,000";"0,000";"0,000";"0,000";"0,096";"0,698";"0,516";"0,302";"1,516";"0,591";"0,000";"0,591";
"12/09/2024 19:40";"0,699";"0,000";"0,390";"0,000";"0,164";"0,000";"1,252";"0,000";"0,005";"0,000";"0,000";"0,077";"0,809";"0,500";"0,275";"1,583";"0,331";"0,000";"0,331";
"12/09/2024 19:50";"0,538";"0,000";"0,283";"0,000";"0,110";"0,000";"0,931";"0,000";"0,003";"0,000";"0,000";"0,089";"0,652";"0,397";"0,224";"1,274";"0,343";"0,000";"0,343";
"12/09/2024 20:00";"0,404";"0,000";"0,316";"0,000";"0,121";"0,000";"0,841";"0,000";"0,004";"0,000";"0,000";"0,099";"0,492";"0,404";"0,209";"1,105";"0,264";"0,000";"0,264";
"12/09/2024 20:10";"0,613";"0,000";"0,536";"0,000";"0,319";"0,000";"1,469";"0,000";"0,155";"0,000";"0,000";"0,134";"0,677";"0,600";"0,383";"1,661";"0,192";"0,000";"0,192";
"12/09/2024 20:20";"0,462";"0,000";"0,324";"0,000";"0,107";"0,000";"0,892";"0,000";"0,001";"0,000";"0,000";"0,089";"0,495";"0,356";"0,140";"0,990";"0,098";"0,000";"0,098";
"12/09/2024 20:30";"0,486";"0,000";"0,339";"0,000";"0,153";"0,000";"0,977";"0,000";"0,001";"0,000";"0,000";"0,088";"0,497";"0,351";"0,164";"1,012";"0,035";"0,000";"0,035";
"12/09/2024 20:40";"0,517";"0,000";"0,332";"0,000";"0,142";"0,000";"0,991";"0,000";"0,020";"0,000";"0,000";"0,073";"0,521";"0,335";"0,146";"1,002";"0,011";"0,000";"0,011";
"12/09/2024 20:50";"0,558";"0,000";"0,488";"0,000";"0,290";"0,000";"1,336";"0,000";"0,044";"0,000";"0,000";"0,179";"0,558";"0,488";"0,290";"1,336";"0,000";"0,000";"0,000";
"12/09/2024 21:00";"0,714";"0,000";"0,408";"0,000";"0,185";"0,000";"1,306";"0,000";"0,005";"0,000";"0,000";"0,117";"0,714";"0,408";"0,185";"1,306";"0,000";"0,000";"0,000";
"12/09/2024 21:10";"0,899";"0,000";"0,492";"0,000";"0,287";"0,000";"1,678";"0,000";"0,000";"0,000";"0,000";"0,166";"0,899";"0,492";"0,287";"1,678";"0,000";"0,000";"0,000";
"12/09/2024 21:20";"0,577";"0,000";"0,469";"0,000";"0,247";"0,000";"1,293";"0,000";"0,000";"0,000";"0,000";"0,209";"0,577";"0,469";"0,247";"1,293";"0,000";"0,000";"0,000";
"12/09/2024 21:30";"0,597";"0,000";"0,464";"0,000";"0,247";"0,000";"1,308";"0,000";"0,000";"0,000";"0,000";"0,200";"0,597";"0,464";"0,247";"1,308";"0,000";"0,000";"0,000";
"12/09/2024 21:40";"0,856";"0,000";"0,751";"0,000";"0,498";"0,000";"2,104";"0,000";"0,118";"0,000";"0,000";"0,185";"0,856";"0,751";"0,498";"2,104";"0,000";"0,000";"0,000";
"12/09/2024 21:50";"0,639";"0,000";"0,510";"0,000";"0,279";"0,000";"1,428";"0,000";"0,000";"0,000";"0,000";"0,170";"0,639";"0,510";"0,279";"1,428";"0,000";"0,000";"0,000";
"12/09/2024 22:00";"0,577";"0,000";"0,442";"0,000";"0,247";"0,000";"1,265";"0,000";"0,000";"0,000";"0,000";"0,226";"0,577";"0,442";"0,247";"1,265";"0,000";"0,000";"0,000";
"12/09/2024 22:10";"0,611";"0,000";"0,461";"0,000";"0,246";"0,000";"1,318";"0,000";"0,000";"0,000";"0,000";"0,196";"0,611";"0,461";"0,246";"1,318";"0,000";"0,000";"0,000";
"12/09/2024 22:20";"0,706";"0,000";"0,608";"0,000";"0,373";"0,000";"1,686";"0,000";"0,093";"0,000";"0,000";"0,266";"0,706";"0,608";"0,373";"1,686";"0,000";"0,000";"0,000";
"12/09/2024 22:30";"0,729";"0,000";"0,596";"0,000";"0,363";"0,000";"1,688";"0,000";"0,030";"0,000";"0,000";"0,134";"0,729";"0,596";"0,363";"1,688";"0,000";"0,000";"0,000";
"12/09/2024 22:40";"0,591";"0,000";"0,469";"0,000";"0,252";"0,000";"1,312";"0,000";"0,000";"0,000";"0,000";"0,191";"0,591";"0,469";"0,252";"1,312";"0,000";"0,000";"0,000";
"12/09/2024 22:50";"0,665";"0,000";"0,465";"0,000";"0,248";"0,000";"1,378";"0,000";"0,000";"0,000";"0,000";"0,228";"0,665";"0,465";"0,248";"1,378";"0,000";"0,000";"0,000";
"12/09/2024 23:00";"0,938";"0,000";"0,534";"0,000";"0,312";"0,000";"1,784";"0,000";"0,000";"0,000";"0,000";"0,123";"0,938";"0,534";"0,312";"1,784";"0,000";"0,000";"0,000";
"12/09/2024 23:10";"0,815";"0,000";"0,639";"0,000";"0,432";"0,000";"1,887";"0,000";"0,104";"0,000";"0,000";"0,232";"0,815";"0,639";"0,432";"1,887";"0,000";"0,000";"0,000";
"12/09/2024 23:20";"0,603";"0,000";"0,475";"0,000";"0,248";"0,000";"1,327";"0,000";"0,000";"0,000";"0,000";"0,196";"0,603";"0,475";"0,248";"1,327";"0,000";"0,000";"0,000";
"12/09/2024 23:30";"0,607";"0,000";"0,483";"0,000";"0,250";"0,000";"1,339";"0,000";"0,000";"0,000";"0,000";"0,212";"0,607";"0,483";"0,250";"1,339";"0,000";"0,000";"0,000";
"12/09/2024 23:40";"0,685";"0,000";"0,584";"0,000";"0,343";"0,000";"1,612";"0,000";"0,008";"0,000";"0,000";"0,107";"0,685";"0,584";"0,343";"1,612";"0,000";"0,000";"0,000";
"12/09/2024 23:50";"0,653";"0,000";"0,509";"0,000";"0,315";"0,000";"1,478";"0,000";"0,035";"0,000";"0,000";"0,285";"0,653";"0,509";"0,315";"1,478";"0,000";"0,000";"0,000";
"13/09/2024 00:00";"0,675";"0,000";"0,545";"0,000";"0,379";"0,000";"1,600";"0,000";"0,000";"0,000";"0,000";"0,248";"0,675";"0,545";"0,379";"1,600";"0,000";"0,000";"0,000";
"13/09/2024 00:10";"0,675";"0,000";"0,569";"0,000";"0,317";"0,000";"1,561";"0,000";"0,000";"0,000";"0,000";"0,116";"0,675";"0,569";"0,317";"1,561";"0,000";"0,000";"0,000";
"13/09/2024 00:20";"0,592";"0,000";"0,522";"0,000";"0,271";"0,000";"1,385";"0,000";"0,000";"0,000";"0,000";"0,189";"0,592";"0,522";"0,271";"1,385";"0,000";"0,000";"0,000";
"13/09/2024 00:30";"0,624";"0,000";"0,446";"0,000";"0,249";"0,000";"1,319";"0,000";"0,000";"0,000";"0,000";"0,206";"0,624";"0,446";"0,249";"1,319";"0,000";"0,000";"0,000";
"13/09/2024 00:40";"0,723";"0,000";"0,649";"0,000";"0,482";"0,000";"1,854";"0,000";"0,038";"0,000";"0,000";"0,223";"0,723";"0,649";"0,482";"1,854";"0,000";"0,000";"0,000";
"13/09/2024 00:50";"0,663";"0,000";"0,553";"0,000";"0,310";"0,000";"1,526";"0,000";"0,004";"0,000";"0,000";"0,136";"0,663";"0,553";"0,310";"1,526";"0,000";"0,000";"0,000";
"13/09/2024 01:00";"0,797";"0,000";"0,547";"0,000";"0,305";"0,000";"1,649";"0,000";"0,000";"0,000";"0,000";"0,165";"0,797";"0,547";"0,305";"1,649";"0,000";"0,000";"0,000";
"13/09/2024 01:10";"0,605";"0,000";"0,470";"0,000";"0,248";"0,000";"1,323";"0,000";"0,000";"0,000";"0,000";"0,207";"0,605";"0,470";"0,248";"1,323";"0,000";"0,000";"0,000";
"13/09/2024 01:20";"0,800";"0,000";"0,500";"0,000";"0,295";"0,000";"1,595";"0,000";"0,031";"0,000";"0,000";"0,299";"0,800";"0,500";"0,295";"1,595";"0,000";"0,000";"0,000";
"13/09/2024 01:30";"0,934";"0,000";"0,563";"0,000";"0,392";"0,000";"1,889";"0,000";"0,002";"0,000";"0,000";"0,241";"0,934";"0,563";"0,392";"1,889";"0,000";"0,000";"0,000";
"13/09/2024 01:40";"1,099";"0,000";"0,449";"0,000";"0,253";"0,000";"1,801";"0,000";"0,000";"0,000";"0,000";"0,230";"1,099";"0,449";"0,253";"1,801";"0,000";"0,000";"0,000";
"13/09/2024 01:50";"1,088";"0,000";"0,485";"0,000";"0,249";"0,000";"1,821";"0,000";"0,000";"0,000";"0,000";"0,235";"1,088";"0,485";"0,249";"1,821";"0,000";"0,000";"0,000";
"13/09/2024 02:00";"0,660";"0,000";"0,488";"0,000";"0,248";"0,000";"1,396";"0,000";"0,000";"0,000";"0,000";"0,192";"0,660";"0,488";"0,248";"1,396";"0,000";"0,000";"0,000";
"13/09/2024 02:10";"0,682";"0,000";"0,604";"0,000";"0,439";"0,000";"1,724";"0,000";"0,035";"0,000";"0,000";"0,328";"0,682";"0,604";"0,439";"1,724";"0,000";"0,000";"0,000";
"13/09/2024 02:20";"0,624";"0,000";"0,460";"0,000";"0,248";"0,000";"1,332";"0,000";"0,000";"0,000";"0,000";"0,204";"0,624";"0,460";"0,248";"1,332";"0,000";"0,000";"0,000";
"13/09/2024 02:30";"1,085";"0,000";"0,489";"0,000";"0,249";"0,000";"1,824";"0,000";"0,000";"0,000";"0,000";"0,237";"1,085";"0,489";"0,249";"1,824";"0,000";"0,000";"0,000";
"13/09/2024 02:40";"1,124";"0,000";"0,471";"0,000";"0,251";"0,000";"1,846";"0,000";"0,000";"0,000";"0,000";"0,216";"1,124";"0,471";"0,251";"1,846";"0,000";"0,000";"0,000";
"13/09/2024 02:50";"0,802";"0,000";"0,612";"0,000";"0,442";"0,000";"1,856";"0,000";"0,033";"0,000";"0,000";"0,330";"0,802";"0,612";"0,442";"1,856";"0,000";"0,000";"0,000";
"13/09/2024 03:00";"0,624";"0,000";"0,464";"0,000";"0,247";"0,000";"1,336";"0,000";"0,000";"0,000";"0,000";"0,200";"0,624";"0,464";"0,247";"1,336";"0,000";"0,000";"0,000";
"13/09/2024 03:10";"0,654";"0,000";"0,480";"0,000";"0,249";"0,000";"1,382";"0,000";"0,000";"0,000";"0,000";"0,219";"0,654";"0,480";"0,249";"1,382";"0,000";"0,000";"0,000";
"13/09/2024 03:20";"1,102";"0,000";"0,481";"0,000";"0,251";"0,000";"1,834";"0,000";"0,000";"0,000";"0,000";"0,234";"1,102";"0,481";"0,251";"1,834";"0,000";"0,000";"0,000";
"13/09/2024 03:30";"1,018";"0,000";"0,459";"0,000";"0,249";"0,000";"1,727";"0,000";"0,000";"0,000";"0,000";"0,241";"1,018";"0,459";"0,249";"1,727";"0,000";"0,000";"0,000";
"13/09/2024 03:40";"0,687";"0,000";"0,620";"0,000";"0,446";"0,000";"1,753";"0,000";"0,038";"0,000";"0,000";"0,213";"0,687";"0,620";"0,446";"1,753";"0,000";"0,000";"0,000";
"13/09/2024 03:50";"0,719";"0,000";"0,476";"0,000";"0,253";"0,000";"1,447";"0,000";"0,000";"0,000";"0,000";"0,203";"0,719";"0,476";"0,253";"1,447";"0,000";"0,000";"0,000";
"13/09/2024 04:00";"1,054";"0,000";"0,477";"0,000";"0,249";"0,000";"1,780";"0,000";"0,000";"0,000";"0,000";"0,235";"1,054";"0,477";"0,249";"1,780";"0,000";"0,000";"0,000";
"13/09/2024 04:10";"1,298";"0,000";"0,610";"0,000";"0,401";"0,000";"2,309";"0,000";"0,093";"0,000";"0,000";"0,194";"1,298";"0,610";"0,401";"2,309";"0,000";"0,000";"0,000";
"13/09/2024 04:20";"0,928";"0,000";"0,452";"0,000";"0,248";"0,000";"1,628";"0,000";"0,000";"0,000";"0,000";"0,240";"0,928";"0,452";"0,248";"1,628";"0,000";"0,000";"0,000";
"13/09/2024 04:30";"0,597";"0,000";"0,462";"0,000";"0,247";"0,000";"1,307";"0,000";"0,000";"0,000";"0,000";"0,200";"0,597";"0,462";"0,247";"1,307";"0,000";"0,000";"0,000";
"13/09/2024 04:40";"0,568";"0,000";"0,488";"0,000";"0,247";"0,000";"1,303";"0,000";"0,000";"0,000";"0,000";"0,231";"0,568";"0,488";"0,247";"1,303";"0,000";"0,000";"0,000";
"13/09/2024 04:50";"1,012";"0,000";"0,457";"0,000";"0,247";"0,000";"1,716";"0,000";"0,000";"0,000";"0,000";"0,221";"1,012";"0,457";"0,247";"1,716";"0,000";"0,000";"0,000";
"13/09/2024 05:00";"1,193";"0,000";"0,616";"0,000";"0,450";"0,000";"2,259";"0,000";"0,033";"0,000";"0,000";"0,240";"1,193";"0,616";"0,450";"2,259";"0,000";"0,000";"0,000";
"13/09/2024 05:10";"0,772";"0,000";"0,459";"0,000";"0,247";"0,000";"1,479";"0,000";"0,000";"0,000";"0,000";"0,219";"0,772";"0,459";"0,247";"1,479";"0,000";"0,000";"0,000";
"13/09/2024 05:20";"0,592";"0,000";"0,469";"0,000";"0,246";"0,000";"1,307";"0,000";"0,000";"0,000";"0,000";"0,218";"0,592";"0,469";"0,246";"1,307";"0,000";"0,000";"0,000";
"13/09/2024 05:30";"0,834";"0,000";"0,680";"0,000";"0,388";"0,000";"1,902";"0,000";"0,007";"0,000";"0,000";"0,232";"0,834";"0,680";"0,388";"1,902";"0,000";"0,000";"0,000";
"13/09/2024 05:40";"2,202";"0,000";"1,349";"0,000";"0,987";"0,000";"4,538";"0,000";"0,116";"0,000";"0,000";"0,332";"2,202";"1,349";"0,987";"4,538";"0,000";"0,000";"0,000";
"13/09/2024 05:50";"2,353";"0,000";"1,397";"0,000";"1,165";"0,000";"4,915";"0,000";"0,000";"0,000";"0,000";"0,508";"2,353";"1,397";"1,165";"4,915";"0,000";"0,000";"0,000";
"13/09/2024 06:00";"5,061";"0,000";"4,367";"0,000";"4,700";"0,000";"14,128";"0,000";"1,454";"0,000";"0,000";"0,187";"5,061";"4,367";"4,700";"14,128";"0,000";"0,000";"0,000";
"13/09/2024 06:10";"7,749";"0,000";"7,089";"0,000";"7,453";"0,000";"22,291";"0,000";"0,651";"0,000";"0,000";"0,373";"7,749";"7,089";"7,453";"22,291";"0,000";"0,000";"0,000";
"13/09/2024 06:20";"8,272";"0,000";"7,819";"0,000";"8,192";"0,000";"24,282";"0,000";"1,012";"0,000";"0,000";"0,293";"8,272";"7,819";"8,192";"24,282";"0,000";"0,000";"0,000";
"13/09/2024 06:30";"9,207";"0,000";"8,322";"0,000";"8,796";"0,000";"26,324";"0,000";"3,055";"0,000";"0,000";"0,132";"9,207";"8,322";"8,796";"26,324";"0,000";"0,000";"0,000";
"13/09/2024 06:40";"9,170";"0,000";"8,174";"0,000";"8,665";"0,000";"26,009";"0,000";"1,959";"0,000";"0,000";"0,091";"9,170";"8,174";"8,665";"26,009";"0,000";"0,000";"0,000";
"13/09/2024 06:50";"7,898";"0,000";"7,237";"0,000";"7,800";"0,000";"22,935";"0,000";"0,873";"0,000";"0,000";"0,285";"7,898";"7,237";"7,800";"22,934";"0,000";"0,000";"0,000";
"13/09/2024 07:00";"8,582";"0,000";"7,968";"0,000";"8,450";"0,000";"25,001";"0,000";"1,793";"0,000";"0,000";"0,192";"8,582";"7,968";"8,450";"25,001";"0,000";"0,000";"0,000";
"13/09/2024 07:10";"8,242";"0,000";"7,708";"0,000";"8,186";"0,000";"24,135";"0,000";"2,291";"0,000";"0,000";"0,090";"8,242";"7,708";"8,186";"24,135";"0,000";"0,000";"0,000";
"13/09/2024 07:20";"7,642";"0,000";"6,843";"0,000";"7,216";"0,000";"21,702";"0,000";"2,352";"0,000";"0,000";"0,226";"7,642";"6,843";"7,216";"21,702";"0,000";"0,000";"0,000";
"13/09/2024 07:30";"8,224";"0,000";"7,387";"0,000";"7,663";"0,000";"23,274";"0,000";"1,315";"0,000";"0,000";"0,378";"8,224";"7,387";"7,663";"23,274";"0,000";"0,000";"0,000";
"13/09/2024 07:40";"8,063";"0,000";"7,673";"0,000";"7,909";"0,000";"23,645";"0,000";"0,868";"0,000";"0,000";"0,248";"8,063";"7,673";"7,909";"23,645";"0,000";"0,000";"0,000";
"13/09/2024 07:50";"7,931";"0,000";"7,495";"0,000";"7,855";"0,000";"23,281";"0,000";"1,002";"0,000";"0,000";"0,335";"7,931";"7,495";"7,855";"23,281";"0,000";"0,000";"0,000";
"13/09/2024 08:00";"7,687";"0,000";"7,352";"0,000";"7,646";"0,000";"22,685";"0,000";"3,074";"0,000";"0,000";"0,054";"7,687";"7,353";"7,646";"22,686";"0,001";"0,000";"0,001";
"13/09/2024 08:10";"7,972";"0,000";"7,206";"0,000";"7,549";"0,000";"22,727";"0,000";"1,637";"0,000";"0,000";"0,076";"7,978";"7,212";"7,555";"22,745";"0,018";"0,000";"0,018";
"13/09/2024 08:20";"8,274";"0,000";"7,489";"0,000";"7,762";"0,000";"23,526";"0,000";"4,159";"0,000";"0,000";"0,074";"8,290";"7,504";"7,778";"23,572";"0,046";"0,000";"0,046";
"13/09/2024 08:30";"7,699";"0,000";"6,953";"0,000";"7,228";"0,000";"21,880";"0,000";"0,844";"0,000";"0,000";"0,417";"7,726";"6,980";"7,254";"21,959";"0,079";"0,000";"0,079";
"13/09/2024 08:40";"4,295";"0,000";"3,880";"0,000";"4,231";"0,000";"12,406";"0,000";"0,604";"0,000";"0,000";"0,508";"4,356";"3,941";"4,292";"12,589";"0,183";"0,000";"0,183";
"13/09/2024 08:50";"2,451";"0,000";"2,160";"0,000";"2,473";"0,000";"7,083";"0,000";"0,749";"0,000";"0,000";"0,304";"2,584";"2,292";"2,605";"7,481";"0,398";"0,000";"0,398";
"13/09/2024 09:00";"3,441";"0,000";"2,742";"0,000";"2,751";"0,000";"8,934";"0,000";"0,945";"0,000";"0,000";"0,487";"3,651";"2,951";"2,960";"9,563";"0,629";"0,000";"0,629";
"13/09/2024 09:10";"3,484";"0,000";"3,306";"0,000";"2,828";"0,000";"9,618";"0,000";"0,586";"0,000";"0,000";"0,606";"3,717";"3,540";"3,062";"10,319";"0,701";"0,000";"0,701";
"13/09/2024 09:20";"2,462";"0,000";"3,167";"0,000";"2,456";"0,000";"8,084";"0,000";"0,508";"0,000";"0,000";"0,298";"2,781";"3,486";"2,775";"9,042";"0,958";"0,000";"0,958";
"13/09/2024 09:30";"2,650";"0,000";"3,362";"0,000";"2,678";"0,000";"8,691";"0,000";"0,494";"0,000";"0,000";"0,335";"3,046";"3,757";"3,074";"9,877";"1,186";"0,000";"1,186";
"13/09/2024 09:40";"2,877";"0,000";"3,323";"0,000";"2,752";"0,000";"8,952";"0,000";"0,576";"0,000";"0,000";"0,422";"3,328";"3,775";"3,203";"10,306";"1,354";"0,000";"1,354";
"13/09/2024 09:50";"2,557";"0,000";"2,708";"0,000";"1,813";"0,000";"7,078";"0,000";"0,435";"0,000";"0,000";"0,013";"2,999";"3,151";"2,255";"8,406";"1,328";"0,000";"1,328";
"13/09/2024 10:00";"2,436";"0,000";"2,567";"0,000";"1,653";"0,000";"6,655";"0,000";"0,355";"0,000";"0,000";"0,000";"2,726";"2,856";"1,942";"7,524";"0,869";"0,000";"0,869";
"13/09/2024 10:10";"2,122";"0,000";"2,731";"0,000";"1,847";"0,000";"6,700";"0,000";"0,455";"0,000";"0,000";"0,109";"2,745";"3,355";"2,471";"8,571";"1,871";"0,000";"1,871";
"13/09/2024 10:20";"1,925";"0,000";"2,726";"0,000";"1,933";"0,000";"6,584";"0,000";"0,258";"0,000";"0,000";"0,099";"2,308";"3,109";"2,316";"7,733";"1,149";"0,000";"1,149";
"13/09/2024 10:30";"6,565";"0,000";"7,084";"0,000";"6,456";"0,000";"20,104";"0,000";"1,977";"0,000";"0,000";"0,367";"7,184";"7,703";"7,075";"21,962";"1,858";"0,000";"1,858";
"13/09/2024 10:40";"8,068";"0,000";"7,992";"0,000";"7,290";"0,000";"23,349";"0,000";"0,846";"0,000";"0,000";"0,475";"8,904";"8,828";"8,126";"25,857";"2,508";"0,000";"2,508";
"13/09/2024 10:50";"7,876";"0,000";"8,055";"0,000";"7,247";"0,000";"23,178";"0,000";"1,896";"0,000";"0,000";"0,247";"8,642";"8,821";"8,013";"25,475";"2,297";"0,000";"2,297";
"13/09/2024 11:00";"7,661";"0,000";"7,996";"0,000";"7,150";"0,000";"22,807";"0,000";"0,873";"0,000";"0,000";"0,546";"8,383";"8,719";"7,872";"24,974";"2,167";"0,000";"2,167";
"13/09/2024 11:10";"6,735";"0,000";"6,793";"0,000";"6,234";"0,000";"19,762";"0,000";"2,026";"0,000";"0,000";"0,405";"7,410";"7,468";"6,909";"21,787";"2,025";"0,000";"2,025";
"13/09/2024 11:20";"6,574";"0,000";"6,377";"0,000";"6,262";"0,000";"19,213";"0,000";"2,268";"0,000";"0,000";"0,271";"7,480";"7,283";"7,168";"21,931";"2,718";"0,000";"2,718";
"13/09/2024 11:30";"6,473";"0,000";"6,140";"0,000";"6,221";"0,000";"18,834";"0,000";"3,022";"0,000";"0,000";"0,135";"7,381";"7,048";"7,129";"21,557";"2,723";"0,000";"2,723";
"13/09/2024 11:40";"6,932";"0,000";"6,280";"0,000";"6,359";"0,000";"19,571";"0,000";"2,873";"0,000";"0,000";"0,049";"7,918";"7,267";"7,346";"22,530";"2,959";"0,000";"2,959";
"13/09/2024 11:50";"5,916";"0,000";"5,536";"0,000";"5,763";"0,000";"17,215";"0,000";"0,695";"0,000";"0,000";"0,441";"7,017";"6,637";"6,865";"20,519";"3,304";"0,000";"3,304";
"13/09/2024 12:00";"7,104";"0,000";"6,570";"0,000";"6,891";"0,000";"20,565";"0,000";"4,271";"0,000";"0,000";"0,017";"8,676";"8,141";"8,463";"25,279";"4,714";"0,000";"4,714";
"13/09/2024 12:10";"6,246";"0,000";"5,595";"0,000";"5,940";"0,000";"17,780";"0,000";"0,757";"0,000";"0,000";"0,497";"7,309";"6,657";"7,002";"20,968";"3,188";"0,000";"3,188";
"13/09/2024 12:20";"6,091";"0,000";"5,468";"0,000";"5,803";"0,000";"17,362";"0,000";"0,899";"0,000";"0,000";"0,483";"6,629";"6,006";"6,340";"18,975";"1,613";"0,000";"1,613";
"13/09/2024 12:30";"6,444";"0,000";"5,791";"0,000";"6,162";"0,000";"18,397";"0,000";"2,739";"0,000";"0,000";"0,179";"6,962";"6,309";"6,680";"19,951";"1,554";"0,000";"1,554";
"13/09/2024 12:40";"5,798";"0,000";"5,165";"0,000";"5,500";"0,000";"16,464";"0,000";"0,402";"0,000";"0,000";"0,594";"6,396";"5,763";"6,098";"18,258";"1,794";"0,000";"1,794";
"13/09/2024 12:50";"2,262";"0,000";"1,989";"0,000";"2,276";"0,000";"6,526";"0,000";"0,481";"0,000";"0,000";"0,105";"3,044";"2,771";"3,058";"8,872";"2,346";"0,000";"2,346";
"13/09/2024 13:00";"2,460";"0,000";"2,042";"0,000";"2,189";"0,000";"6,691";"0,000";"0,305";"0,000";"0,000";"0,247";"3,744";"3,326";"3,473";"10,543";"3,852";"0,000";"3,852";
"13/09/2024 13:10";"2,174";"0,000";"1,938";"0,000";"1,794";"0,000";"5,906";"0,000";"0,616";"0,000";"0,000";"0,629";"3,668";"3,431";"3,288";"10,386";"4,480";"0,000";"4,480";
"13/09/2024 13:20";"2,265";"0,000";"1,817";"0,000";"1,595";"0,000";"5,676";"0,000";"0,529";"0,000";"0,000";"0,056";"3,823";"3,375";"3,154";"10,352";"4,676";"0,000";"4,676";
"13/09/2024 13:30";"2,280";"0,000";"1,553";"0,000";"1,369";"0,000";"5,202";"0,000";"0,413";"0,000";"0,000";"0,000";"3,667";"2,940";"2,755";"9,362";"4,160";"0,000";"4,160";
"13/09/2024 13:40";"1,982";"0,000";"1,428";"0,000";"1,302";"0,000";"4,711";"0,000";"0,159";"0,000";"0,000";"0,294";"2,886";"2,332";"2,207";"7,425";"2,714";"0,000";"2,714";
"13/09/2024 13:50";"1,290";"0,000";"0,924";"0,000";"0,801";"0,000";"3,015";"0,000";"0,007";"0,000";"0,000";"0,250";"1,971";"1,604";"1,482";"5,057";"2,042";"0,000";"2,042";
"13/09/2024 14:00";"1,296";"0,000";"0,870";"0,000";"0,900";"0,000";"3,066";"0,000";"0,295";"0,000";"0,000";"0,056";"1,931";"1,505";"1,535";"4,970";"1,904";"0,000";"1,904";
"13/09/2024 14:10";"0,804";"0,000";"0,468";"0,000";"0,430";"0,000";"1,702";"0,000";"0,018";"0,000";"0,000";"0,209";"1,527";"1,191";"1,154";"3,872";"2,170";"0,000";"2,170";
"13/09/2024 14:20";"0,656";"0,000";"0,385";"0,000";"0,138";"0,000";"1,179";"0,000";"0,000";"0,000";"0,000";"0,124";"2,285";"2,014";"1,767";"6,066";"4,887";"0,000";"4,887";
"13/09/2024 14:30";"0,673";"0,000";"0,407";"0,000";"0,173";"0,000";"1,253";"0,000";"0,000";"0,000";"0,000";"0,124";"1,967";"1,701";"1,467";"5,136";"3,883";"0,000";"3,883";
"13/09/2024 14:40";"0,572";"0,000";"0,320";"0,000";"0,111";"0,000";"1,003";"0,000";"0,000";"0,000";"0,000";"0,142";"1,825";"1,573";"1,364";"4,762";"3,759";"0,000";"3,759";
"13/09/2024 14:50";"0,583";"0,000";"0,259";"0,000";"0,092";"0,000";"0,934";"0,000";"0,000";"0,000";"0,000";"0,109";"1,809";"1,485";"1,318";"4,612";"3,678";"0,000";"3,678";
"13/09/2024 15:00";"0,592";"0,000";"0,343";"0,000";"0,149";"0,000";"1,084";"0,000";"0,007";"0,000";"0,000";"0,071";"2,053";"1,803";"1,610";"5,466";"4,382";"0,000";"4,382";
"13/09/2024 15:10";"0,556";"0,000";"0,255";"0,000";"0,090";"0,000";"0,900";"0,000";"0,000";"0,000";"0,000";"0,133";"1,871";"1,569";"1,404";"4,844";"3,944";"0,000";"3,944";
"13/09/2024 15:20";"0,516";"0,000";"0,273";"0,000";"0,089";"0,000";"0,878";"0,000";"0,000";"0,000";"0,000";"0,110";"1,545";"1,301";"1,118";"3,964";"3,086";"0,000";"3,086";
"13/09/2024 15:30";"0,580";"0,000";"0,355";"0,000";"0,152";"0,000";"1,087";"0,000";"0,017";"0,000";"0,000";"0,060";"1,459";"1,234";"1,032";"3,725";"2,638";"0,000";"2,638";
"13/09/2024 15:40";"0,515";"0,000";"0,230";"0,000";"0,111";"0,000";"0,856";"0,000";"0,004";"0,000";"0,000";"0,108";"1,705";"1,420";"1,301";"4,426";"3,570";"0,000";"3,570";
"13/09/2024 15:50";"0,465";"0,000";"0,224";"0,000";"0,143";"0,000";"0,832";"0,000";"0,002";"0,000";"0,000";"0,092";"1,876";"1,636";"1,555";"5,067";"4,235";"0,000";"4,235";
"13/09/2024 16:00";"0,551";"0,000";"0,300";"0,000";"0,191";"0,000";"1,041";"0,000";"0,008";"0,000";"0,000";"0,077";"2,140";"1,889";"1,780";"5,808";"4,767";"0,000";"4,767";
"13/09/2024 16:10";"0,460";"0,000";"0,233";"0,000";"0,105";"0,000";"0,798";"0,000";"0,000";"0,000";"0,000";"0,103";"2,000";"1,773";"1,644";"5,416";"4,618";"0,000";"4,618";
"13/09/2024 16:20";"0,484";"0,000";"0,239";"0,000";"0,089";"0,000";"0,812";"0,000";"0,001";"0,000";"0,000";"0,092";"1,938";"1,693";"1,543";"5,174";"4,362";"0,000";"4,362";
"13/09/2024 16:30";"0,533";"0,000";"0,273";"0,000";"0,144";"0,000";"0,950";"0,000";"0,013";"0,000";"0,000";"0,080";"2,012";"1,753";"1,623";"5,389";"4,439";"0,000";"4,439";
"13/09/2024 16:40";"0,453";"0,000";"0,195";"0,000";"0,089";"0,000";"0,736";"0,000";"0,000";"0,000";"0,000";"0,119";"1,592";"1,333";"1,227";"4,151";"3,415";"0,000";"3,415";
"13/09/2024 16:50";"0,485";"0,000";"0,236";"0,000";"0,092";"0,000";"0,813";"0,000";"0,006";"0,000";"0,000";"0,093";"1,361";"1,112";"0,968";"3,441";"2,628";"0,000";"2,628";
"13/09/2024 17:00";"0,518";"0,000";"0,303";"0,000";"0,143";"0,000";"0,964";"0,000";"0,033";"0,000";"0,000";"0,073";"1,679";"1,464";"1,304";"4,446";"3,482";"0,000";"3,482";
"13/09/2024 17:10";"0,477";"0,000";"0,224";"0,000";"0,088";"0,000";"0,790";"0,000";"0,000";"0,000";"0,000";"0,108";"1,661";"1,409";"1,273";"4,343";"3,553";"0,000";"3,553";
"13/09/2024 17:20";"0,465";"0,000";"0,224";"0,000";"0,088";"0,000";"0,777";"0,000";"0,000";"0,000";"0,000";"0,083";"1,398";"1,157";"1,021";"3,576";"2,799";"0,000";"2,799";
"13/09/2024 17:30";"0,515";"0,000";"0,274";"0,000";"0,149";"0,000";"0,938";"0,000";"0,008";"0,000";"0,000";"0,092";"1,615";"1,374";"1,249";"4,238";"3,300";"0,000";"3,300";
"13/09/2024 17:40";"0,546";"0,000";"0,213";"0,000";"0,091";"0,000";"0,850";"0,000";"0,000";"0,000";"0,000";"0,080";"1,375";"1,043";"0,921";"3,338";"2,488";"0,000";"2,488";
"13/09/2024 17:50";"0,535";"0,000";"0,240";"0,000";"0,090";"0,000";"0,866";"0,000";"0,013";"0,000";"0,000";"0,050";"1,521";"1,226";"1,076";"3,824";"2,958";"0,000";"2,958";
"13/09/2024 18:00";"0,625";"0,000";"0,304";"0,000";"0,148";"0,000";"1,077";"0,000";"0,046";"0,000";"0,000";"0,067";"1,305";"0,984";"0,828";"3,117";"2,040";"0,000";"2,040";
"13/09/2024 18:10";"0,552";"0,000";"0,207";"0,000";"0,091";"0,000";"0,850";"0,000";"0,014";"0,000";"0,000";"0,064";"1,321";"0,977";"0,861";"3,159";"2,309";"0,000";"2,309";
"13/09/2024 18:20";"0,548";"0,000";"0,224";"0,000";"0,091";"0,000";"0,864";"0,000";"0,006";"0,000";"0,000";"0,044";"1,284";"0,960";"0,826";"3,070";"2,206";"0,000";"2,206";
"13/09/2024 18:30";"0,646";"0,000";"0,308";"0,000";"0,148";"0,000";"1,102";"0,000";"0,043";"0,000";"0,000";"0,040";"1,312";"0,973";"0,814";"3,099";"1,997";"0,000";"1,997";
"13/09/2024 18:40";"0,549";"0,000";"0,229";"0,000";"0,094";"0,000";"0,873";"0,000";"0,000";"0,000";"0,000";"0,053";"1,093";"0,773";"0,638";"2,505";"1,632";"0,000";"1,632";
"13/09/2024 18:50";"0,548";"0,000";"0,219";"0,000";"0,090";"0,000";"0,856";"0,000";"0,007";"0,000";"0,000";"0,055";"1,047";"0,717";"0,588";"2,353";"1,496";"0,000";"1,496";
"13/09/2024 19:00";"0,622";"0,000";"0,257";"0,000";"0,138";"0,000";"1,016";"0,000";"0,006";"0,000";"0,000";"0,040";"1,051";"0,686";"0,567";"2,303";"1,287";"0,000";"1,287";
"13/09/2024 19:10";"0,315";"0,000";"0,243";"0,000";"0,098";"0,000";"0,656";"0,000";"0,006";"0,000";"0,000";"0,047";"0,676";"0,604";"0,458";"1,737";"1,081";"0,000";"1,081";
"13/09/2024 19:20";"0,315";"0,000";"0,246";"0,000";"0,089";"0,000";"0,649";"0,000";"0,009";"0,000";"0,000";"0,046";"0,606";"0,537";"0,380";"1,523";"0,874";"0,000";"0,874";
"13/09/2024 19:30";"0,323";"0,000";"0,224";"0,000";"0,089";"0,000";"0,635";"0,000";"0,013";"0,000";"0,000";"0,066";"0,550";"0,451";"0,316";"1,317";"0,682";"0,000";"0,682";
"13/09/2024 19:40";"0,367";"0,000";"0,278";"0,000";"0,151";"0,000";"0,796";"0,000";"0,020";"0,000";"0,000";"0,035";"0,535";"0,446";"0,319";"1,301";"0,505";"0,000";"0,505";
"13/09/2024 19:50";"0,556";"0,000";"0,248";"0,000";"0,089";"0,000";"0,892";"0,000";"0,008";"0,000";"0,000";"0,057";"0,671";"0,363";"0,204";"1,237";"0,345";"0,000";"0,345";
"13/09/2024 20:00";"0,598";"0,000";"0,301";"0,000";"0,148";"0,000";"1,048";"0,000";"0,016";"0,000";"0,000";"0,065";"0,671";"0,374";"0,221";"1,265";"0,217";"0,000";"0,217";
"13/09/2024 20:10";"0,307";"0,000";"0,200";"0,000";"0,089";"0,000";"0,596";"0,000";"0,008";"0,000";"0,000";"0,072";"0,350";"0,244";"0,133";"0,727";"0,131";"0,000";"0,131";
"13/09/2024 20:20";"0,385";"0,000";"0,265";"0,000";"0,127";"0,000";"0,777";"0,000";"0,037";"0,000";"0,000";"0,042";"0,409";"0,289";"0,151";"0,849";"0,072";"0,000";"0,072";
"13/09/2024 20:30";"0,261";"0,000";"0,278";"0,000";"0,130";"0,000";"0,670";"0,000";"0,015";"0,000";"0,000";"0,071";"0,273";"0,290";"0,142";"0,705";"0,035";"0,000";"0,035";
"13/09/2024 20:40";"0,239";"0,000";"0,230";"0,000";"0,092";"0,000";"0,562";"0,000";"0,000";"0,000";"0,000";"0,089";"0,242";"0,232";"0,095";"0,569";"0,007";"0,000";"0,007";
"13/09/2024 20:50";"0,279";"0,000";"0,310";"0,000";"0,152";"0,000";"0,742";"0,000";"0,020";"0,000";"0,000";"0,039";"0,279";"0,310";"0,152";"0,742";"0,000";"0,000";"0,000";
"13/09/2024 21:00";"0,250";"0,000";"0,241";"0,000";"0,123";"0,000";"0,613";"0,000";"0,019";"0,000";"0,000";"0,068";"0,250";"0,241";"0,123";"0,613";"0,000";"0,000";"0,000";
"13/09/2024 21:10";"0,410";"0,000";"0,359";"0,000";"0,194";"0,000";"0,964";"0,000";"0,000";"0,000";"0,000";"0,176";"0,410";"0,359";"0,194";"0,964";"0,000";"0,000";"0,000";
"13/09/2024 21:20";"0,626";"0,000";"0,449";"0,000";"0,258";"0,000";"1,334";"0,000";"0,003";"0,000";"0,000";"0,166";"0,626";"0,449";"0,258";"1,334";"0,000";"0,000";"0,000";
"13/09/2024 21:30";"0,503";"0,000";"0,466";"0,000";"0,295";"0,000";"1,264";"0,000";"0,000";"0,000";"0,000";"0,131";"0,503";"0,466";"0,295";"1,264";"0,000";"0,000";"0,000";
"13/09/2024 21:40";"0,560";"0,000";"0,428";"0,000";"0,288";"0,000";"1,276";"0,000";"0,000";"0,000";"0,000";"0,152";"0,560";"0,428";"0,288";"1,276";"0,000";"0,000";"0,000";
"13/09/2024 21:50";"0,391";"0,000";"0,398";"0,000";"0,233";"0,000";"1,022";"0,000";"0,000";"0,000";"0,000";"0,183";"0,391";"0,398";"0,233";"1,022";"0,000";"0,000";"0,000";
"13/09/2024 22:00";"0,381";"0,000";"0,406";"0,000";"0,231";"0,000";"1,018";"0,000";"0,000";"0,000";"0,000";"0,185";"0,381";"0,406";"0,231";"1,018";"0,000";"0,000";"0,000";
"13/09/2024 22:10";"0,343";"0,000";"0,391";"0,000";"0,231";"0,000";"0,965";"0,000";"0,000";"0,000";"0,000";"0,195";"0,343";"0,391";"0,231";"0,965";"0,000";"0,000";"0,000";
"13/09/2024 22:20";"0,363";"0,000";"0,373";"0,000";"0,231";"0,000";"0,967";"0,000";"0,000";"0,000";"0,000";"0,190";"0,363";"0,373";"0,231";"0,967";"0,000";"0,000";"0,000";
"13/09/2024 22:30";"0,473";"0,000";"0,504";"0,000";"0,322";"0,000";"1,298";"0,000";"0,003";"0,000";"0,000";"0,113";"0,473";"0,504";"0,322";"1,298";"0,000";"0,000";"0,000";
"13/09/2024 22:40";"0,430";"0,000";"0,481";"0,000";"0,290";"0,000";"1,201";"0,000";"0,001";"0,000";"0,000";"0,130";"0,430";"0,481";"0,290";"1,201";"0,000";"0,000";"0,000";
"13/09/2024 22:50";"0,361";"0,000";"0,377";"0,000";"0,235";"0,000";"0,973";"0,000";"0,000";"0,000";"0,000";"0,201";"0,361";"0,377";"0,235";"0,973";"0,000";"0,000";"0,000";
"13/09/2024 23:00";"0,355";"0,000";"0,377";"0,000";"0,230";"0,000";"0,962";"0,000";"0,000";"0,000";"0,000";"0,193";"0,355";"0,377";"0,230";"0,962";"0,000";"0,000";"0,000";
"13/09/2024 23:10";"0,779";"0,000";"0,377";"0,000";"0,230";"0,000";"1,386";"0,000";"0,000";"0,000";"0,000";"0,203";"0,779";"0,377";"0,230";"1,386";"0,000";"0,000";"0,000";
"13/09/2024 23:20";"1,049";"0,000";"0,392";"0,000";"0,231";"0,000";"1,672";"0,000";"0,000";"0,000";"0,000";"0,216";"1,049";"0,392";"0,231";"1,672";"0,000";"0,000";"0,000";
"13/09/2024 23:30";"0,535";"0,000";"0,393";"0,000";"0,231";"0,000";"1,159";"0,000";"0,000";"0,000";"0,000";"0,203";"0,535";"0,393";"0,231";"1,159";"0,000";"0,000";"0,000";
"13/09/2024 23:40";"0,342";"0,000";"0,402";"0,000";"0,230";"0,000";"0,974";"0,000";"0,000";"0,000";"0,000";"0,188";"0,342";"0,402";"0,230";"0,974";"0,000";"0,000";"0,000";
"13/09/2024 23:50";"0,378";"0,000";"0,397";"0,000";"0,235";"0,000";"1,009";"0,000";"0,000";"0,000";"0,000";"0,173";"0,378";"0,397";"0,235";"1,009";"0,000";"0,000";"0,000";
"14/09/2024 00:00";"0,806";"0,000";"0,371";"0,000";"0,230";"0,000";"1,408";"0,000";"0,000";"0,000";"0,000";"0,211";"0,806";"0,371";"0,230";"1,408";"0,000";"0,000";"0,000";
"14/09/2024 00:10";"0,853";"0,000";"0,394";"0,000";"0,230";"0,000";"1,477";"0,000";"0,000";"0,000";"0,000";"0,208";"0,853";"0,394";"0,230";"1,477";"0,000";"0,000";"0,000";
"14/09/2024 00:20";"0,347";"0,000";"0,413";"0,000";"0,230";"0,000";"0,990";"0,000";"0,000";"0,000";"0,000";"0,188";"0,347";"0,413";"0,230";"0,990";"0,000";"0,000";"0,000";
"14/09/2024 00:30";"0,347";"0,000";"0,387";"0,000";"0,230";"0,000";"0,963";"0,000";"0,000";"0,000";"0,000";"0,196";"0,347";"0,387";"0,230";"0,963";"0,000";"0,000";"0,000";
"14/09/2024 00:40";"0,429";"0,000";"0,350";"0,000";"0,229";"0,000";"1,008";"0,000";"0,000";"0,000";"0,000";"0,216";"0,429";"0,350";"0,229";"1,008";"0,000";"0,000";"0,000";
"14/09/2024 00:50";"0,450";"0,000";"0,506";"0,000";"0,320";"0,000";"1,276";"0,000";"0,001";"0,000";"0,000";"0,109";"0,450";"0,506";"0,320";"1,276";"0,000";"0,000";"0,000";
"14/09/2024 01:00";"0,402";"0,000";"0,458";"0,000";"0,274";"0,000";"1,133";"0,000";"0,000";"0,000";"0,000";"0,148";"0,402";"0,458";"0,274";"1,133";"0,000";"0,000";"0,000";
"14/09/2024 01:10";"0,588";"0,000";"0,424";"0,000";"0,258";"0,000";"1,269";"0,000";"0,000";"0,000";"0,000";"0,165";"0,588";"0,424";"0,258";"1,269";"0,000";"0,000";"0,000";
"14/09/2024 01:20";"0,433";"0,000";"0,368";"0,000";"0,231";"0,000";"1,032";"0,000";"0,000";"0,000";"0,000";"0,202";"0,433";"0,368";"0,231";"1,032";"0,000";"0,000";"0,000";
"14/09/2024 01:30";"0,625";"0,000";"0,382";"0,000";"0,230";"0,000";"1,237";"0,000";"0,000";"0,000";"0,000";"0,201";"0,625";"0,382";"0,230";"1,237";"0,000";"0,000";"0,000";
"14/09/2024 01:40";"0,524";"0,000";"0,405";"0,000";"0,230";"0,000";"1,159";"0,000";"0,000";"0,000";"0,000";"0,193";"0,524";"0,405";"0,230";"1,159";"0,000";"0,000";"0,000";
"14/09/2024 01:50";"0,868";"0,000";"0,403";"0,000";"0,230";"0,000";"1,501";"0,000";"0,000";"0,000";"0,000";"0,205";"0,868";"0,403";"0,230";"1,501";"0,000";"0,000";"0,000";
"14/09/2024 02:00";"0,764";"0,000";"0,382";"0,000";"0,231";"0,000";"1,376";"0,000";"0,000";"0,000";"0,000";"0,209";"0,764";"0,382";"0,231";"1,376";"0,000";"0,000";"0,000";
"14/09/2024 02:10";"0,348";"0,000";"0,373";"0,000";"0,235";"0,000";"0,956";"0,000";"0,000";"0,000";"0,000";"0,186";"0,348";"0,373";"0,235";"0,956";"0,000";"0,000";"0,000";
"14/09/2024 02:20";"0,356";"0,000";"0,387";"0,000";"0,230";"0,000";"0,973";"0,000";"0,000";"0,000";"0,000";"0,185";"0,356";"0,387";"0,230";"0,973";"0,000";"0,000";"0,000";
"14/09/2024 02:30";"0,627";"0,000";"0,394";"0,000";"0,230";"0,000";"1,252";"0,000";"0,000";"0,000";"0,000";"0,204";"0,627";"0,394";"0,230";"1,252";"0,000";"0,000";"0,000";
"14/09/2024 02:40";"0,860";"0,000";"0,390";"0,000";"0,230";"0,000";"1,480";"0,000";"0,000";"0,000";"0,000";"0,219";"0,860";"0,390";"0,230";"1,480";"0,000";"0,000";"0,000";
"14/09/2024 02:50";"0,595";"0,000";"0,392";"0,000";"0,230";"0,000";"1,217";"0,000";"0,000";"0,000";"0,000";"0,205";"0,595";"0,392";"0,230";"1,217";"0,000";"0,000";"0,000";
"14/09/2024 03:00";"0,338";"0,000";"0,387";"0,000";"0,230";"0,000";"0,955";"0,000";"0,000";"0,000";"0,000";"0,191";"0,338";"0,387";"0,230";"0,955";"0,000";"0,000";"0,000";
"14/09/2024 03:10";"0,361";"0,000";"0,382";"0,000";"0,231";"0,000";"0,974";"0,000";"0,000";"0,000";"0,000";"0,192";"0,361";"0,382";"0,231";"0,974";"0,000";"0,000";"0,000";
"14/09/2024 03:20";"0,775";"0,000";"0,366";"0,000";"0,236";"0,000";"1,377";"0,000";"0,000";"0,000";"0,000";"0,213";"0,775";"0,366";"0,236";"1,377";"0,000";"0,000";"0,000";
"14/09/2024 03:30";"0,863";"0,000";"0,388";"0,000";"0,231";"0,000";"1,482";"0,000";"0,000";"0,000";"0,000";"0,215";"0,863";"0,388";"0,231";"1,482";"0,000";"0,000";"0,000";
"14/09/2024 03:40";"0,456";"0,000";"0,404";"0,000";"0,230";"0,000";"1,091";"0,000";"0,000";"0,000";"0,000";"0,190";"0,456";"0,404";"0,230";"1,091";"0,000";"0,000";"0,000";
"14/09/2024 03:50";"0,341";"0,000";"0,394";"0,000";"0,230";"0,000";"0,965";"0,000";"0,000";"0,000";"0,000";"0,196";"0,341";"0,394";"0,230";"0,965";"0,000";"0,000";"0,000";
"14/09/2024 04:00";"0,485";"0,000";"0,388";"0,000";"0,231";"0,000";"1,104";"0,000";"0,000";"0,000";"0,000";"0,200";"0,485";"0,388";"0,231";"1,104";"0,000";"0,000";"0,000";
"14/09/2024 04:10";"1,121";"0,000";"0,374";"0,000";"0,231";"0,000";"1,726";"0,000";"0,000";"0,000";"0,000";"0,220";"1,121";"0,374";"0,231";"1,726";"0,000";"0,000";"0,000";
"14/09/2024 04:20";"0,928";"0,000";"0,376";"0,000";"0,231";"0,000";"1,535";"0,000";"0,000";"0,000";"0,000";"0,210";"0,928";"0,376";"0,231";"1,535";"0,000";"0,000";"0,000";
"14/09/2024 04:30";"0,385";"0,000";"0,391";"0,000";"0,235";"0,000";"1,012";"0,000";"0,000";"0,000";"0,000";"0,189";"0,385";"0,391";"0,235";"1,012";"0,000";"0,000";"0,000";
"14/09/2024 04:40";"0,346";"0,000";"0,394";"0,000";"0,230";"0,000";"0,970";"0,000";"0,000";"0,000";"0,000";"0,199";"0,346";"0,394";"0,230";"0,970";"0,000";"0,000";"0,000";
"14/09/2024 04:50";"0,642";"0,000";"0,386";"0,000";"0,229";"0,000";"1,257";"0,000";"0,000";"0,000";"0,000";"0,214";"0,642";"0,386";"0,229";"1,257";"0,000";"0,000";"0,000";
"14/09/2024 05:00";"0,900";"0,000";"0,388";"0,000";"0,229";"0,000";"1,517";"0,000";"0,000";"0,000";"0,000";"0,209";"0,900";"0,388";"0,229";"1,517";"0,000";"0,000";"0,000";
"14/09/2024 05:10";"0,543";"0,000";"0,387";"0,000";"0,229";"0,000";"1,159";"0,000";"0,000";"0,000";"0,000";"0,193";"0,543";"0,387";"0,229";"1,159";"0,000";"0,000";"0,000";
"14/09/2024 05:20";"0,342";"0,000";"0,383";"0,000";"0,230";"0,000";"0,955";"0,000";"0,000";"0,000";"0,000";"0,193";"0,342";"0,383";"0,230";"0,955";"0,000";"0,000";"0,000";
"14/09/2024 05:30";"0,395";"0,000";"0,371";"0,000";"0,230";"0,000";"0,996";"0,000";"0,000";"0,000";"0,000";"0,201";"0,395";"0,371";"0,230";"0,996";"0,000";"0,000";"0,000";
"14/09/2024 05:40";"0,863";"0,000";"0,389";"0,000";"0,235";"0,000";"1,487";"0,000";"0,000";"0,000";"0,000";"0,212";"0,863";"0,389";"0,235";"1,487";"0,000";"0,000";"0,000";
"14/09/2024 05:50";"0,900";"0,000";"0,395";"0,000";"0,230";"0,000";"1,525";"0,000";"0,000";"0,000";"0,000";"0,210";"0,900";"0,395";"0,230";"1,525";"0,000";"0,000";"0,000";
"14/09/2024 06:00";"0,354";"0,000";"0,397";"0,000";"0,230";"0,000";"0,980";"0,000";"0,000";"0,000";"0,000";"0,199";"0,354";"0,397";"0,230";"0,980";"0,000";"0,000";"0,000";
"14/09/2024 06:10";"0,342";"0,000";"0,381";"0,000";"0,230";"0,000";"0,953";"0,000";"0,000";"0,000";"0,000";"0,201";"0,342";"0,381";"0,230";"0,953";"0,000";"0,000";"0,000";
"14/09/2024 06:20";"0,543";"0,000";"0,365";"0,000";"0,230";"0,000";"1,138";"0,000";"0,000";"0,000";"0,000";"0,209";"0,543";"0,365";"0,230";"1,138";"0,000";"0,000";"0,000";
"14/09/2024 06:30";"0,872";"0,000";"0,383";"0,000";"0,230";"0,000";"1,486";"0,000";"0,000";"0,000";"0,000";"0,211";"0,872";"0,383";"0,230";"1,486";"0,000";"0,000";"0,000";
"14/09/2024 06:40";"0,783";"0,000";"0,400";"0,000";"0,230";"0,000";"1,413";"0,000";"0,000";"0,000";"0,000";"0,198";"0,783";"0,400";"0,230";"1,413";"0,000";"0,000";"0,000";
"14/09/2024 06:50";"0,342";"0,000";"0,392";"0,000";"0,231";"0,000";"0,965";"0,000";"0,000";"0,000";"0,000";"0,196";"0,342";"0,392";"0,231";"0,965";"0,000";"0,000";"0,000";
"14/09/2024 07:00";"0,343";"0,000";"0,383";"0,000";"0,233";"0,000";"0,959";"0,000";"0,000";"0,000";"0,000";"0,203";"0,343";"0,383";"0,233";"0,959";"0,000";"0,000";"0,000";
"14/09/2024 07:10";"0,803";"0,000";"0,389";"0,000";"0,228";"0,000";"1,420";"0,000";"0,000";"0,000";"0,000";"0,211";"0,803";"0,389";"0,228";"1,420";"0,000";"0,000";"0,000";
"14/09/2024 07:20";"1,106";"0,000";"0,380";"0,000";"0,230";"0,000";"1,716";"0,000";"0,000";"0,000";"0,000";"0,213";"1,106";"0,380";"0,230";"1,716";"0,000";"0,000";"0,000";
"14/09/2024 07:30";"0,743";"0,000";"0,363";"0,000";"0,230";"0,000";"1,335";"0,000";"0,000";"0,000";"0,000";"0,220";"0,743";"0,363";"0,230";"1,335";"0,000";"0,000";"0,000";
"14/09/2024 07:40";"0,350";"0,000";"0,383";"0,000";"0,229";"0,000";"0,962";"0,000";"0,000";"0,000";"0,000";"0,201";"0,350";"0,383";"0,229";"0,962";"0,000";"0,000";"0,000";
"14/09/2024 07:50";"0,340";"0,000";"0,380";"0,000";"0,216";"0,000";"0,936";"0,000";"0,000";"0,000";"0,000";"0,185";"0,340";"0,380";"0,216";"0,936";"0,000";"0,000";"0,000";
"14/09/2024 08:00";"0,583";"0,000";"0,261";"0,000";"0,110";"0,000";"0,955";"0,000";"0,000";"0,000";"0,000";"0,129";"0,584";"0,262";"0,111";"0,956";"0,001";"0,000";"0,001";
"14/09/2024 08:10";"0,794";"0,000";"0,225";"0,000";"0,103";"0,000";"1,122";"0,000";"0,000";"0,000";"0,000";"0,106";"0,800";"0,230";"0,108";"1,138";"0,016";"0,000";"0,016";
"14/09/2024 08:20";"0,530";"0,000";"0,226";"0,000";"0,090";"0,000";"0,846";"0,000";"0,009";"0,000";"0,000";"0,056";"0,545";"0,241";"0,105";"0,892";"0,046";"0,000";"0,046";
"14/09/2024 08:30";"0,337";"0,000";"0,239";"0,000";"0,090";"0,000";"0,666";"0,000";"0,014";"0,000";"0,000";"0,046";"0,369";"0,271";"0,123";"0,763";"0,097";"0,000";"0,097";
"14/09/2024 08:40";"0,311";"0,000";"0,216";"0,000";"0,090";"0,000";"0,617";"0,000";"0,001";"0,000";"0,000";"0,054";"0,381";"0,286";"0,160";"0,827";"0,210";"0,000";"0,210";
"14/09/2024 08:50";"0,789";"0,000";"0,203";"0,000";"0,090";"0,000";"1,082";"0,000";"0,006";"0,000";"0,000";"0,080";"0,913";"0,326";"0,213";"1,452";"0,370";"0,000";"0,370";
"14/09/2024 09:00";"0,867";"0,000";"0,212";"0,000";"0,089";"0,000";"1,168";"0,000";"0,000";"0,000";"0,000";"0,069";"1,049";"0,394";"0,271";"1,715";"0,547";"0,000";"0,547";
"14/09/2024 09:10";"0,314";"0,000";"0,213";"0,000";"0,089";"0,000";"0,615";"0,000";"0,011";"0,000";"0,000";"0,089";"0,563";"0,462";"0,338";"1,364";"0,749";"0,000";"0,749";
"14/09/2024 09:20";"0,215";"0,000";"0,225";"0,000";"0,091";"0,000";"0,531";"0,000";"0,000";"0,000";"0,000";"0,104";"0,535";"0,545";"0,411";"1,491";"0,960";"0,000";"0,960";
"14/09/2024 09:30";"0,349";"0,000";"0,228";"0,000";"0,092";"0,000";"0,668";"0,000";"0,006";"0,000";"0,000";"0,100";"0,742";"0,621";"0,485";"1,847";"1,179";"0,000";"1,179";
"14/09/2024 09:40";"0,734";"0,000";"0,241";"0,000";"0,089";"0,000";"1,063";"0,000";"0,000";"0,000";"0,000";"0,108";"1,203";"0,710";"0,558";"2,470";"1,407";"0,000";"1,407";
"14/09/2024 09:50";"0,705";"0,000";"0,211";"0,000";"0,090";"0,000";"1,006";"0,000";"0,000";"0,000";"0,000";"0,117";"1,247";"0,754";"0,633";"2,634";"1,628";"0,000";"1,628";
"14/09/2024 10:00";"0,209";"0,000";"0,201";"0,000";"0,088";"0,000";"0,498";"0,000";"0,002";"0,000";"0,000";"0,109";"0,825";"0,816";"0,704";"2,345";"1,847";"0,000";"1,847";
"14/09/2024 10:10";"0,204";"0,000";"0,219";"0,000";"0,088";"0,000";"0,511";"0,000";"0,002";"0,000";"0,000";"0,103";"0,890";"0,905";"0,773";"2,568";"2,057";"0,000";"2,057";
"14/09/2024 10:20";"0,490";"0,000";"0,231";"0,000";"0,089";"0,000";"0,810";"0,000";"0,000";"0,000";"0,000";"0,105";"1,246";"0,987";"0,844";"3,077";"2,267";"0,000";"2,267";
"14/09/2024 10:30";"0,770";"0,000";"0,228";"0,000";"0,089";"0,000";"1,086";"0,000";"0,000";"0,000";"0,000";"0,116";"1,594";"1,052";"0,913";"3,559";"2,473";"0,000";"2,473";
"14/09/2024 10:40";"0,769";"0,000";"0,207";"0,000";"0,093";"0,000";"1,068";"0,000";"0,000";"0,000";"0,000";"0,119";"1,662";"1,100";"0,986";"3,748";"2,680";"0,000";"2,680";
"14/09/2024 10:50";"0,385";"0,000";"0,216";"0,000";"0,090";"0,000";"0,691";"0,000";"0,002";"0,000";"0,000";"0,092";"1,340";"1,170";"1,045";"3,555";"2,864";"0,000";"2,864";
"14/09/2024 11:00";"0,213";"0,000";"0,219";"0,000";"0,091";"0,000";"0,523";"0,000";"0,003";"0,000";"0,000";"0,085";"1,227";"1,233";"1,105";"3,565";"3,042";"0,000";"3,042";
"14/09/2024 11:10";"0,522";"0,000";"0,218";"0,000";"0,088";"0,000";"0,829";"0,000";"0,001";"0,000";"0,000";"0,099";"1,595";"1,291";"1,161";"4,048";"3,219";"0,000";"3,219";
"14/09/2024 11:20";"0,749";"0,000";"0,221";"0,000";"0,090";"0,000";"1,060";"0,000";"0,000";"0,000";"0,000";"0,117";"1,882";"1,353";"1,223";"4,458";"3,398";"0,000";"3,398";
"14/09/2024 11:30";"0,392";"0,000";"0,215";"0,000";"0,089";"0,000";"0,697";"0,000";"0,002";"0,000";"0,000";"0,109";"1,567";"1,390";"1,264";"4,222";"3,525";"0,000";"3,525";
"14/09/2024 11:40";"0,230";"0,000";"0,226";"0,000";"0,089";"0,000";"0,546";"0,000";"0,001";"0,000";"0,000";"0,093";"1,449";"1,445";"1,307";"4,201";"3,655";"0,000";"3,655";
"14/09/2024 11:50";"0,208";"0,000";"0,227";"0,000";"0,095";"0,000";"0,531";"0,000";"0,004";"0,000";"0,000";"0,082";"1,475";"1,494";"1,362";"4,331";"3,800";"0,000";"3,800";
"14/09/2024 12:00";"0,263";"0,000";"0,223";"0,000";"0,101";"0,000";"0,587";"0,000";"0,009";"0,000";"0,000";"0,093";"1,570";"1,530";"1,408";"4,508";"3,921";"0,000";"3,921";
"14/09/2024 12:10";"0,346";"0,000";"0,315";"0,000";"0,182";"0,000";"0,843";"0,000";"0,018";"0,000";"0,000";"0,113";"1,692";"1,661";"1,529";"4,882";"4,039";"0,000";"4,039";
"14/09/2024 12:20";"0,212";"0,000";"0,223";"0,000";"0,091";"0,000";"0,526";"0,000";"0,007";"0,000";"0,000";"0,088";"1,590";"1,600";"1,468";"4,658";"4,132";"0,000";"4,132";
"14/09/2024 12:30";"0,242";"0,000";"0,231";"0,000";"0,089";"0,000";"0,562";"0,000";"0,000";"0,000";"0,000";"0,089";"1,659";"1,649";"1,506";"4,814";"4,252";"0,000";"4,252";
"14/09/2024 12:40";"0,296";"0,000";"0,296";"0,000";"0,148";"0,000";"0,740";"0,000";"0,035";"0,000";"0,000";"0,098";"1,742";"1,742";"1,594";"5,078";"4,338";"0,000";"4,338";
"14/09/2024 12:50";"0,203";"0,000";"0,222";"0,000";"0,091";"0,000";"0,517";"0,000";"0,002";"0,000";"0,000";"0,083";"1,668";"1,686";"1,556";"4,910";"4,393";"0,000";"4,393";
"14/09/2024 13:00";"0,244";"0,000";"0,215";"0,000";"0,091";"0,000";"0,550";"0,000";"0,005";"0,000";"0,000";"0,089";"1,729";"1,700";"1,576";"5,005";"4,455";"0,000";"4,455";
"14/09/2024 13:10";"0,275";"0,000";"0,288";"0,000";"0,154";"0,000";"0,718";"0,000";"0,012";"0,000";"0,000";"0,070";"1,782";"1,795";"1,661";"5,238";"4,520";"0,000";"4,520";
"14/09/2024 13:20";"0,239";"0,000";"0,218";"0,000";"0,090";"0,000";"0,547";"0,000";"0,003";"0,000";"0,000";"0,099";"1,758";"1,736";"1,608";"5,103";"4,556";"0,000";"4,556";
"14/09/2024 13:30";"0,210";"0,000";"0,226";"0,000";"0,089";"0,000";"0,525";"0,000";"0,002";"0,000";"0,000";"0,099";"1,728";"1,744";"1,607";"5,080";"4,555";"0,000";"4,555";
"14/09/2024 13:40";"0,275";"0,000";"0,296";"0,000";"0,145";"0,000";"0,717";"0,000";"0,014";"0,000";"0,000";"0,070";"1,806";"1,827";"1,676";"5,310";"4,593";"0,000";"4,593";
"14/09/2024 13:50";"0,246";"0,000";"0,223";"0,000";"0,089";"0,000";"0,558";"0,000";"0,005";"0,000";"0,000";"0,091";"1,790";"1,768";"1,633";"5,191";"4,633";"0,000";"4,633";
"14/09/2024 14:00";"0,206";"0,000";"0,210";"0,000";"0,092";"0,000";"0,508";"0,000";"0,002";"0,000";"0,000";"0,081";"1,760";"1,763";"1,646";"5,168";"4,660";"0,000";"4,660";
"14/09/2024 14:10";"0,290";"0,000";"0,279";"0,000";"0,144";"0,000";"0,713";"0,000";"0,020";"0,000";"0,000";"0,074";"1,846";"1,834";"1,699";"5,379";"4,666";"0,000";"4,666";
"14/09/2024 14:20";"0,218";"0,000";"0,226";"0,000";"0,090";"0,000";"0,533";"0,000";"0,007";"0,000";"0,000";"0,092";"1,765";"1,773";"1,637";"5,175";"4,642";"0,000";"4,642";
"14/09/2024 14:30";"0,273";"0,000";"0,227";"0,000";"0,089";"0,000";"0,588";"0,000";"0,000";"0,000";"0,000";"0,091";"1,806";"1,759";"1,621";"5,186";"4,598";"0,000";"4,598";
"14/09/2024 14:40";"0,546";"0,000";"0,265";"0,000";"0,135";"0,000";"0,947";"0,000";"0,012";"0,000";"0,000";"0,085";"2,071";"1,790";"1,660";"5,521";"4,574";"0,000";"4,574";
"14/09/2024 14:50";"0,346";"0,000";"0,236";"0,000";"0,099";"0,000";"0,681";"0,000";"0,003";"0,000";"0,000";"0,097";"1,854";"1,744";"1,607";"5,205";"4,524";"0,000";"4,524";
"14/09/2024 15:00";"0,232";"0,000";"0,236";"0,000";"0,092";"0,000";"0,560";"0,000";"0,000";"0,000";"0,000";"0,080";"1,743";"1,746";"1,603";"5,092";"4,532";"0,000";"4,532";
"14/09/2024 15:10";"0,234";"0,000";"0,210";"0,000";"0,100";"0,000";"0,545";"0,000";"0,008";"0,000";"0,000";"0,097";"1,735";"1,711";"1,601";"5,046";"4,501";"0,000";"4,501";
"14/09/2024 15:20";"0,250";"0,000";"0,256";"0,000";"0,131";"0,000";"0,637";"0,000";"0,011";"0,000";"0,000";"0,067";"1,742";"1,748";"1,623";"5,113";"4,476";"0,000";"4,476";
"14/09/2024 15:30";"0,236";"0,000";"0,231";"0,000";"0,089";"0,000";"0,556";"0,000";"0,002";"0,000";"0,000";"0,087";"1,713";"1,708";"1,566";"4,987";"4,431";"0,000";"4,431";
"14/09/2024 15:40";"0,216";"0,000";"0,240";"0,000";"0,101";"0,000";"0,556";"0,000";"0,007";"0,000";"0,000";"0,088";"1,667";"1,691";"1,552";"4,910";"4,354";"0,000";"4,354";
"14/09/2024 15:50";"0,270";"0,000";"0,260";"0,000";"0,127";"0,000";"0,657";"0,000";"0,008";"0,000";"0,000";"0,084";"1,696";"1,686";"1,553";"4,935";"4,278";"0,000";"4,278";
"14/09/2024 16:00";"0,198";"0,000";"0,229";"0,000";"0,093";"0,000";"0,520";"0,000";"0,005";"0,000";"0,000";"0,081";"1,596";"1,628";"1,491";"4,715";"4,195";"0,000";"4,195";
"14/09/2024 16:10";"0,230";"0,000";"0,221";"0,000";"0,089";"0,000";"0,539";"0,000";"0,004";"0,000";"0,000";"0,089";"1,595";"1,587";"1,454";"4,636";"4,097";"0,000";"4,097";
"14/09/2024 16:20";"0,262";"0,000";"0,275";"0,000";"0,139";"0,000";"0,676";"0,000";"0,010";"0,000";"0,000";"0,060";"1,593";"1,606";"1,470";"4,670";"3,994";"0,000";"3,994";
"14/09/2024 16:30";"0,254";"0,000";"0,218";"0,000";"0,090";"0,000";"0,561";"0,000";"0,005";"0,000";"0,000";"0,085";"1,547";"1,511";"1,383";"4,442";"3,881";"0,000";"3,881";
"14/09/2024 16:40";"0,212";"0,000";"0,225";"0,000";"0,089";"0,000";"0,526";"0,000";"0,002";"0,000";"0,000";"0,091";"1,458";"1,471";"1,334";"4,263";"3,737";"0,000";"3,737";
"14/09/2024 16:50";"0,262";"0,000";"0,290";"0,000";"0,135";"0,000";"0,687";"0,000";"0,037";"0,000";"0,000";"0,089";"1,465";"1,494";"1,339";"4,297";"3,610";"0,000";"3,610";
"14/09/2024 17:00";"0,246";"0,000";"0,232";"0,000";"0,093";"0,000";"0,571";"0,000";"0,000";"0,000";"0,000";"0,079";"1,410";"1,396";"1,257";"4,062";"3,491";"0,000";"3,491";
"14/09/2024 17:10";"0,230";"0,000";"0,200";"0,000";"0,092";"0,000";"0,522";"0,000";"0,003";"0,000";"0,000";"0,097";"1,348";"1,318";"1,210";"3,877";"3,355";"0,000";"3,355";
"14/09/2024 17:20";"0,266";"0,000";"0,281";"0,000";"0,137";"0,000";"0,684";"0,000";"0,028";"0,000";"0,000";"0,075";"1,334";"1,349";"1,205";"3,888";"3,204";"0,000";"3,204";
"14/09/2024 17:30";"0,209";"0,000";"0,239";"0,000";"0,089";"0,000";"0,536";"0,000";"0,000";"0,000";"0,000";"0,082";"1,217";"1,247";"1,097";"3,561";"3,025";"0,000";"3,025";
"14/09/2024 17:40";"0,239";"0,000";"0,223";"0,000";"0,088";"0,000";"0,551";"0,000";"0,002";"0,000";"0,000";"0,102";"1,192";"1,176";"1,041";"3,410";"2,859";"0,000";"2,859";
"14/09/2024 17:50";"0,256";"0,000";"0,274";"0,000";"0,136";"0,000";"0,666";"0,000";"0,026";"0,000";"0,000";"0,083";"1,155";"1,173";"1,035";"3,363";"2,697";"0,000";"2,697";
"14/09/2024 18:00";"0,226";"0,000";"0,213";"0,000";"0,092";"0,000";"0,532";"0,000";"0,000";"0,000";"0,000";"0,079";"1,065";"1,052";"0,931";"3,048";"2,516";"0,000";"2,516";
"14/09/2024 18:10";"0,200";"0,000";"0,224";"0,000";"0,090";"0,000";"0,514";"0,000";"0,004";"0,000";"0,000";"0,101";"0,970";"0,993";"0,860";"2,823";"2,309";"0,000";"2,309";
"14/09/2024 18:20";"0,261";"0,000";"0,267";"0,000";"0,114";"0,000";"0,642";"0,000";"0,004";"0,000";"0,000";"0,064";"0,963";"0,969";"0,816";"2,747";"2,105";"0,000";"2,105";
"14/09/2024 18:30";"0,229";"0,000";"0,245";"0,000";"0,115";"0,000";"0,589";"0,000";"0,006";"0,000";"0,000";"0,087";"0,865";"0,881";"0,751";"2,497";"1,908";"0,000";"1,908";
"14/09/2024 18:40";"0,239";"0,000";"0,209";"0,000";"0,090";"0,000";"0,537";"0,000";"0,001";"0,000";"0,000";"0,084";"0,804";"0,774";"0,655";"2,233";"1,696";"0,000";"1,696";
"14/09/2024 18:50";"0,364";"0,000";"0,243";"0,000";"0,094";"0,000";"0,701";"0,000";"0,007";"0,000";"0,000";"0,079";"0,853";"0,733";"0,583";"2,170";"1,469";"0,000";"1,469";
"14/09/2024 19:00";"0,504";"0,000";"0,272";"0,000";"0,116";"0,000";"0,892";"0,000";"0,016";"0,000";"0,000";"0,085";"0,923";"0,692";"0,536";"2,151";"1,259";"0,000";"1,259";
"14/09/2024 19:10";"0,307";"0,000";"0,248";"0,000";"0,110";"0,000";"0,665";"0,000";"0,009";"0,000";"0,000";"0,102";"0,657";"0,598";"0,460";"1,714";"1,049";"0,000";"1,049";
"14/09/2024 19:20";"0,208";"0,000";"0,212";"0,000";"0,089";"0,000";"0,509";"0,000";"0,004";"0,000";"0,000";"0,079";"0,489";"0,493";"0,370";"1,352";"0,843";"0,000";"0,843";
"14/09/2024 19:30";"0,229";"0,000";"0,230";"0,000";"0,090";"0,000";"0,549";"0,000";"0,003";"0,000";"0,000";"0,098";"0,446";"0,447";"0,307";"1,200";"0,651";"0,000";"0,651";
"14/09/2024 19:40";"0,257";"0,000";"0,311";"0,000";"0,138";"0,000";"0,707";"0,000";"0,014";"0,000";"0,000";"0,042";"0,415";"0,469";"0,296";"1,180";"0,473";"0,000";"0,473";
"14/09/2024 19:50";"0,232";"0,000";"0,221";"0,000";"0,092";"0,000";"0,545";"0,000";"0,000";"0,000";"0,000";"0,093";"0,339";"0,329";"0,200";"0,868";"0,323";"0,000";"0,323";
"14/09/2024 20:00";"0,267";"0,000";"0,252";"0,000";"0,142";"0,000";"0,661";"0,000";"0,008";"0,000";"0,000";"0,093";"0,335";"0,320";"0,210";"0,864";"0,203";"0,000";"0,203";
"14/09/2024 20:10";"0,229";"0,000";"0,250";"0,000";"0,088";"0,000";"0,567";"0,000";"0,000";"0,000";"0,000";"0,080";"0,268";"0,290";"0,128";"0,686";"0,119";"0,000";"0,119";
"14/09/2024 20:20";"0,280";"0,000";"0,313";"0,000";"0,146";"0,000";"0,739";"0,000";"0,014";"0,000";"0,000";"0,055";"0,301";"0,334";"0,167";"0,802";"0,063";"0,000";"0,063";
"14/09/2024 20:30";"0,206";"0,000";"0,212";"0,000";"0,088";"0,000";"0,507";"0,000";"0,001";"0,000";"0,000";"0,091";"0,216";"0,222";"0,098";"0,537";"0,030";"0,000";"0,030";
"14/09/2024 20:40";"0,280";"0,000";"0,236";"0,000";"0,119";"0,000";"0,635";"0,000";"0,018";"0,000";"0,000";"0,092";"0,282";"0,238";"0,121";"0,641";"0,006";"0,000";"0,006";
"14/09/2024 20:50";"0,254";"0,000";"0,275";"0,000";"0,134";"0,000";"0,663";"0,000";"0,017";"0,000";"0,000";"0,075";"0,254";"0,275";"0,134";"0,663";"0,000";"0,000";"0,000";
"14/09/2024 21:00";"0,238";"0,000";"0,269";"0,000";"0,108";"0,000";"0,614";"0,000";"0,000";"0,000";"0,000";"0,105";"0,238";"0,269";"0,108";"0,614";"0,000";"0,000";"0,000";
"14/09/2024 21:10";"0,420";"0,000";"0,471";"0,000";"0,277";"0,000";"1,167";"0,000";"0,004";"0,000";"0,000";"0,136";"0,420";"0,471";"0,277";"1,167";"0,000";"0,000";"0,000";
"14/09/2024 21:20";"0,378";"0,000";"0,389";"0,000";"0,257";"0,000";"1,023";"0,000";"0,000";"0,000";"0,000";"0,181";"0,378";"0,389";"0,257";"1,023";"0,000";"0,000";"0,000";
"14/09/2024 21:30";"0,451";"0,000";"0,379";"0,000";"0,228";"0,000";"1,059";"0,000";"0,000";"0,000";"0,000";"0,168";"0,451";"0,379";"0,228";"1,059";"0,000";"0,000";"0,000";
"14/09/2024 21:40";"0,503";"0,000";"0,484";"0,000";"0,291";"0,000";"1,278";"0,000";"0,000";"0,000";"0,000";"0,094";"0,503";"0,484";"0,291";"1,278";"0,000";"0,000";"0,000";
"14/09/2024 21:50";"0,491";"0,000";"0,421";"0,000";"0,261";"0,000";"1,172";"0,000";"0,000";"0,000";"0,000";"0,128";"0,491";"0,421";"0,261";"1,172";"0,000";"0,000";"0,000";
"14/09/2024 22:00";"0,465";"0,000";"0,373";"0,000";"0,228";"0,000";"1,067";"0,000";"0,000";"0,000";"0,000";"0,152";"0,465";"0,373";"0,228";"1,067";"0,000";"0,000";"0,000";
"14/09/2024 22:10";"0,438";"0,000";"0,399";"0,000";"0,228";"0,000";"1,065";"0,000";"0,000";"0,000";"0,000";"0,146";"0,438";"0,399";"0,228";"1,065";"0,000";"0,000";"0,000";
"14/09/2024 22:20";"0,460";"0,000";"0,459";"0,000";"0,271";"0,000";"1,191";"0,000";"0,000";"0,000";"0,000";"0,145";"0,460";"0,459";"0,271";"1,191";"0,000";"0,000";"0,000";
"14/09/2024 22:30";"0,401";"0,000";"0,443";"0,000";"0,283";"0,000";"1,127";"0,000";"0,000";"0,000";"0,000";"0,151";"0,401";"0,443";"0,283";"1,127";"0,000";"0,000";"0,000";
"14/09/2024 22:40";"0,362";"0,000";"0,366";"0,000";"0,230";"0,000";"0,959";"0,000";"0,000";"0,000";"0,000";"0,197";"0,362";"0,366";"0,230";"0,959";"0,000";"0,000";"0,000";
"14/09/2024 22:50";"0,629";"0,000";"0,398";"0,000";"0,230";"0,000";"1,258";"0,000";"0,000";"0,000";"0,000";"0,206";"0,629";"0,398";"0,230";"1,258";"0,000";"0,000";"0,000";
"14/09/2024 23:00";"0,683";"0,000";"0,503";"0,000";"0,318";"0,000";"1,504";"0,000";"0,000";"0,000";"0,000";"0,128";"0,683";"0,503";"0,318";"1,504";"0,000";"0,000";"0,000";
"14/09/2024 23:10";"0,343";"0,000";"0,378";"0,000";"0,229";"0,000";"0,950";"0,000";"0,000";"0,000";"0,000";"0,189";"0,343";"0,378";"0,229";"0,950";"0,000";"0,000";"0,000";
"14/09/2024 23:20";"0,382";"0,000";"0,391";"0,000";"0,229";"0,000";"1,001";"0,000";"0,000";"0,000";"0,000";"0,186";"0,382";"0,391";"0,229";"1,001";"0,000";"0,000";"0,000";
"14/09/2024 23:30";"0,425";"0,000";"0,456";"0,000";"0,272";"0,000";"1,153";"0,000";"0,010";"0,000";"0,000";"0,154";"0,425";"0,456";"0,272";"1,153";"0,000";"0,000";"0,000";
"14/09/2024 23:40";"0,402";"0,000";"0,448";"0,000";"0,277";"0,000";"1,128";"0,000";"0,000";"0,000";"0,000";"0,156";"0,402";"0,448";"0,277";"1,128";"0,000";"0,000";"0,000";
"14/09/2024 23:50";"0,438";"0,000";"0,438";"0,000";"0,288";"0,000";"1,165";"0,000";"0,000";"0,000";"0,000";"0,136";"0,438";"0,438";"0,288";"1,165";"0,000";"0,000";"0,000";
"15/09/2024 00:00";"0,343";"0,000";"0,379";"0,000";"0,231";"0,000";"0,953";"0,000";"0,000";"0,000";"0,000";"0,194";"0,343";"0,379";"0,231";"0,953";"0,000";"0,000";"0,000";
"15/09/2024 00:10";"0,371";"0,000";"0,398";"0,000";"0,231";"0,000";"1,000";"0,000";"0,000";"0,000";"0,000";"0,199";"0,371";"0,398";"0,231";"1,000";"0,000";"0,000";"0,000";
"15/09/2024 00:20";"0,433";"0,000";"0,490";"0,000";"0,294";"0,000";"1,217";"0,000";"0,006";"0,000";"0,000";"0,135";"0,433";"0,490";"0,294";"1,217";"0,000";"0,000";"0,000";
"15/09/2024 00:30";"0,377";"0,000";"0,407";"0,000";"0,260";"0,000";"1,044";"0,000";"0,000";"0,000";"0,000";"0,172";"0,377";"0,407";"0,260";"1,044";"0,000";"0,000";"0,000";
"15/09/2024 00:40";"0,540";"0,000";"0,434";"0,000";"0,288";"0,000";"1,262";"0,000";"0,000";"0,000";"0,000";"0,151";"0,540";"0,434";"0,288";"1,262";"0,000";"0,000";"0,000";
"15/09/2024 00:50";"0,350";"0,000";"0,407";"0,000";"0,234";"0,000";"0,991";"0,000";"0,000";"0,000";"0,000";"0,184";"0,350";"0,407";"0,234";"0,991";"0,000";"0,000";"0,000";
"15/09/2024 01:00";"0,345";"0,000";"0,402";"0,000";"0,230";"0,000";"0,977";"0,000";"0,000";"0,000";"0,000";"0,192";"0,345";"0,402";"0,230";"0,977";"0,000";"0,000";"0,000";
"15/09/2024 01:10";"0,402";"0,000";"0,387";"0,000";"0,232";"0,000";"1,021";"0,000";"0,000";"0,000";"0,000";"0,200";"0,402";"0,387";"0,232";"1,021";"0,000";"0,000";"0,000";
"15/09/2024 01:20";"0,443";"0,000";"0,473";"0,000";"0,321";"0,000";"1,237";"0,000";"0,006";"0,000";"0,000";"0,121";"0,443";"0,473";"0,321";"1,237";"0,000";"0,000";"0,000";
"15/09/2024 01:30";"0,451";"0,000";"0,465";"0,000";"0,285";"0,000";"1,202";"0,000";"0,000";"0,000";"0,000";"0,140";"0,451";"0,465";"0,285";"1,202";"0,000";"0,000";"0,000";
"15/09/2024 01:40";"0,433";"0,000";"0,407";"0,000";"0,231";"0,000";"1,071";"0,000";"0,000";"0,000";"0,000";"0,196";"0,433";"0,407";"0,231";"1,071";"0,000";"0,000";"0,000";
"15/09/2024 01:50";"0,341";"0,000";"0,385";"0,000";"0,234";"0,000";"0,961";"0,000";"0,000";"0,000";"0,000";"0,199";"0,341";"0,385";"0,234";"0,961";"0,000";"0,000";"0,000";
"15/09/2024 02:00";"0,371";"0,000";"0,380";"0,000";"0,230";"0,000";"0,981";"0,000";"0,000";"0,000";"0,000";"0,190";"0,371";"0,380";"0,230";"0,981";"0,000";"0,000";"0,000";
"15/09/2024 02:10";"0,472";"0,000";"0,475";"0,000";"0,299";"0,000";"1,247";"0,000";"0,000";"0,000";"0,000";"0,121";"0,472";"0,475";"0,299";"1,247";"0,000";"0,000";"0,000";
"15/09/2024 02:20";"0,398";"0,000";"0,422";"0,000";"0,254";"0,000";"1,074";"0,000";"0,000";"0,000";"0,000";"0,180";"0,398";"0,422";"0,254";"1,074";"0,000";"0,000";"0,000";
"15/09/2024 02:30";"0,532";"0,000";"0,471";"0,000";"0,288";"0,000";"1,292";"0,000";"0,000";"0,000";"0,000";"0,144";"0,532";"0,471";"0,288";"1,292";"0,000";"0,000";"0,000";
"15/09/2024 02:40";"0,370";"0,000";"0,383";"0,000";"0,231";"0,000";"0,984";"0,000";"0,000";"0,000";"0,000";"0,189";"0,370";"0,383";"0,231";"0,984";"0,000";"0,000";"0,000";
"15/09/2024 02:50";"0,537";"0,000";"0,382";"0,000";"0,231";"0,000";"1,149";"0,000";"0,000";"0,000";"0,000";"0,197";"0,537";"0,382";"0,231";"1,149";"0,000";"0,000";"0,000";
"15/09/2024 03:00";"0,681";"0,000";"0,377";"0,000";"0,234";"0,000";"1,292";"0,000";"0,000";"0,000";"0,000";"0,200";"0,681";"0,377";"0,234";"1,292";"0,000";"0,000";"0,000";
"15/09/2024 03:10";"0,538";"0,000";"0,500";"0,000";"0,321";"0,000";"1,360";"0,000";"0,005";"0,000";"0,000";"0,111";"0,538";"0,500";"0,321";"1,360";"0,000";"0,000";"0,000";
"15/09/2024 03:20";"0,378";"0,000";"0,442";"0,000";"0,261";"0,000";"1,082";"0,000";"0,000";"0,000";"0,000";"0,165";"0,378";"0,442";"0,261";"1,082";"0,000";"0,000";"0,000";
"15/09/2024 03:30";"0,521";"0,000";"0,433";"0,000";"0,265";"0,000";"1,219";"0,000";"0,000";"0,000";"0,000";"0,167";"0,521";"0,433";"0,265";"1,219";"0,000";"0,000";"0,000";
"15/09/2024 03:40";"0,362";"0,000";"0,376";"0,000";"0,232";"0,000";"0,970";"0,000";"0,000";"0,000";"0,000";"0,202";"0,362";"0,376";"0,232";"0,970";"0,000";"0,000";"0,000";
"15/09/2024 03:50";"0,337";"0,000";"0,385";"0,000";"0,231";"0,000";"0,953";"0,000";"0,000";"0,000";"0,000";"0,189";"0,337";"0,385";"0,231";"0,953";"0,000";"0,000";"0,000";
"15/09/2024 04:00";"0,722";"0,000";"0,381";"0,000";"0,231";"0,000";"1,333";"0,000";"0,000";"0,000";"0,000";"0,197";"0,722";"0,381";"0,231";"1,333";"0,000";"0,000";"0,000";
"15/09/2024 04:10";"0,872";"0,000";"0,391";"0,000";"0,234";"0,000";"1,497";"0,000";"0,000";"0,000";"0,000";"0,220";"0,872";"0,391";"0,234";"1,497";"0,000";"0,000";"0,000";
"15/09/2024 04:20";"0,406";"0,000";"0,399";"0,000";"0,231";"0,000";"1,036";"0,000";"0,000";"0,000";"0,000";"0,203";"0,406";"0,399";"0,231";"1,036";"0,000";"0,000";"0,000";
"15/09/2024 04:30";"0,367";"0,000";"0,388";"0,000";"0,231";"0,000";"0,986";"0,000";"0,000";"0,000";"0,000";"0,196";"0,367";"0,388";"0,231";"0,986";"0,000";"0,000";"0,000";
"15/09/2024 04:40";"0,520";"0,000";"0,380";"0,000";"0,231";"0,000";"1,132";"0,000";"0,000";"0,000";"0,000";"0,189";"0,520";"0,380";"0,231";"1,132";"0,000";"0,000";"0,000";
"15/09/2024 04:50";"0,904";"0,000";"0,389";"0,000";"0,231";"0,000";"1,524";"0,000";"0,000";"0,000";"0,000";"0,214";"0,904";"0,389";"0,231";"1,524";"0,000";"0,000";"0,000";
"15/09/2024 05:00";"0,610";"0,000";"0,395";"0,000";"0,230";"0,000";"1,235";"0,000";"0,000";"0,000";"0,000";"0,206";"0,610";"0,395";"0,230";"1,235";"0,000";"0,000";"0,000";
"15/09/2024 05:10";"0,345";"0,000";"0,395";"0,000";"0,234";"0,000";"0,974";"0,000";"0,000";"0,000";"0,000";"0,190";"0,345";"0,395";"0,234";"0,974";"0,000";"0,000";"0,000";
"15/09/2024 05:20";"0,363";"0,000";"0,388";"0,000";"0,230";"0,000";"0,981";"0,000";"0,000";"0,000";"0,000";"0,201";"0,363";"0,388";"0,230";"0,981";"0,000";"0,000";"0,000";
"15/09/2024 05:30";"0,768";"0,000";"0,365";"0,000";"0,231";"0,000";"1,363";"0,000";"0,000";"0,000";"0,000";"0,216";"0,768";"0,365";"0,231";"1,363";"0,000";"0,000";"0,000";
"15/09/2024 05:40";"0,901";"0,000";"0,396";"0,000";"0,230";"0,000";"1,528";"0,000";"0,000";"0,000";"0,000";"0,202";"0,901";"0,396";"0,230";"1,528";"0,000";"0,000";"0,000";
"15/09/2024 05:50";"0,406";"0,000";"0,409";"0,000";"0,230";"0,000";"1,046";"0,000";"0,000";"0,000";"0,000";"0,199";"0,406";"0,409";"0,230";"1,046";"0,000";"0,000";"0,000";
"15/09/2024 06:00";"0,370";"0,000";"0,390";"0,000";"0,230";"0,000";"0,990";"0,000";"0,000";"0,000";"0,000";"0,200";"0,370";"0,390";"0,230";"0,990";"0,000";"0,000";"0,000";
"15/09/2024 06:10";"0,916";"0,000";"0,369";"0,000";"0,232";"0,000";"1,516";"0,000";"0,000";"0,000";"0,000";"0,217";"0,916";"0,369";"0,232";"1,516";"0,000";"0,000";"0,000";
"15/09/2024 06:20";"0,705";"0,000";"0,372";"0,000";"0,235";"0,000";"1,312";"0,000";"0,000";"0,000";"0,000";"0,203";"0,705";"0,372";"0,235";"1,312";"0,000";"0,000";"0,000";
"15/09/2024 06:30";"0,343";"0,000";"0,400";"0,000";"0,231";"0,000";"0,974";"0,000";"0,000";"0,000";"0,000";"0,187";"0,343";"0,400";"0,231";"0,974";"0,000";"0,000";"0,000";
"15/09/2024 06:40";"0,372";"0,000";"0,412";"0,000";"0,231";"0,000";"1,015";"0,000";"0,000";"0,000";"0,000";"0,183";"0,372";"0,412";"0,231";"1,015";"0,000";"0,000";"0,000";
"15/09/2024 06:50";"0,796";"0,000";"0,382";"0,000";"0,231";"0,000";"1,409";"0,000";"0,000";"0,000";"0,000";"0,222";"0,796";"0,382";"0,231";"1,409";"0,000";"0,000";"0,000";
"15/09/2024 07:00";"1,122";"0,000";"0,383";"0,000";"0,231";"0,000";"1,737";"0,000";"0,000";"0,000";"0,000";"0,223";"1,122";"0,383";"0,231";"1,737";"0,000";"0,000";"0,000";
"15/09/2024 07:10";"0,762";"0,000";"0,377";"0,000";"0,230";"0,000";"1,369";"0,000";"0,000";"0,000";"0,000";"0,207";"0,762";"0,377";"0,230";"1,369";"0,000";"0,000";"0,000";
"15/09/2024 07:20";"0,342";"0,000";"0,392";"0,000";"0,231";"0,000";"0,965";"0,000";"0,000";"0,000";"0,000";"0,183";"0,342";"0,392";"0,231";"0,965";"0,000";"0,000";"0,000";
"15/09/2024 07:30";"0,338";"0,000";"0,373";"0,000";"0,235";"0,000";"0,946";"0,000";"0,000";"0,000";"0,000";"0,194";"0,338";"0,373";"0,235";"0,946";"0,000";"0,000";"0,000";
"15/09/2024 07:40";"0,910";"0,000";"0,390";"0,000";"0,230";"0,000";"1,531";"0,000";"0,000";"0,000";"0,000";"0,215";"0,910";"0,390";"0,230";"1,531";"0,000";"0,000";"0,000";
"15/09/2024 07:50";"0,853";"0,000";"0,374";"0,000";"0,208";"0,000";"1,435";"0,000";"0,000";"0,000";"0,000";"0,197";"0,853";"0,374";"0,208";"1,435";"0,000";"0,000";"0,000";
"15/09/2024 08:00";"0,260";"0,000";"0,277";"0,000";"0,112";"0,000";"0,648";"0,000";"0,000";"0,000";"0,000";"0,111";"0,260";"0,278";"0,112";"0,650";"0,002";"0,000";"0,002";
"15/09/2024 08:10";"0,231";"0,000";"0,232";"0,000";"0,102";"0,000";"0,566";"0,000";"0,001";"0,000";"0,000";"0,115";"0,239";"0,240";"0,110";"0,589";"0,023";"0,000";"0,023";
"15/09/2024 08:20";"0,396";"0,000";"0,208";"0,000";"0,091";"0,000";"0,695";"0,000";"0,000";"0,000";"0,000";"0,108";"0,417";"0,230";"0,112";"0,759";"0,064";"0,000";"0,064";
"15/09/2024 08:30";"0,769";"0,000";"0,213";"0,000";"0,090";"0,000";"1,073";"0,000";"0,000";"0,000";"0,000";"0,111";"0,811";"0,255";"0,132";"1,199";"0,126";"0,000";"0,126";
"15/09/2024 08:40";"0,571";"0,000";"0,240";"0,000";"0,095";"0,000";"0,906";"0,000";"0,002";"0,000";"0,000";"0,095";"0,653";"0,322";"0,176";"1,150";"0,244";"0,000";"0,244";
"15/09/2024 08:50";"0,208";"0,000";"0,232";"0,000";"0,090";"0,000";"0,531";"0,000";"0,002";"0,000";"0,000";"0,097";"0,353";"0,377";"0,235";"0,965";"0,434";"0,000";"0,434";
"15/09/2024 09:00";"0,247";"0,000";"0,225";"0,000";"0,090";"0,000";"0,563";"0,000";"0,002";"0,000";"0,000";"0,104";"0,457";"0,435";"0,301";"1,194";"0,631";"0,000";"0,631";
"15/09/2024 09:10";"0,589";"0,000";"0,221";"0,000";"0,090";"0,000";"0,901";"0,000";"0,001";"0,000";"0,000";"0,101";"0,865";"0,497";"0,366";"1,728";"0,827";"0,000";"0,827";
"15/09/2024 09:20";"0,746";"0,000";"0,209";"0,000";"0,091";"0,000";"1,046";"0,000";"0,001";"0,000";"0,000";"0,108";"1,085";"0,549";"0,430";"2,064";"1,018";"0,000";"1,018";
"15/09/2024 09:30";"0,393";"0,000";"0,213";"0,000";"0,090";"0,000";"0,696";"0,000";"0,002";"0,000";"0,000";"0,110";"0,780";"0,601";"0,477";"1,859";"1,163";"0,000";"1,163";
"15/09/2024 09:40";"0,205";"0,000";"0,233";"0,000";"0,089";"0,000";"0,527";"0,000";"0,000";"0,000";"0,000";"0,105";"0,635";"0,662";"0,519";"1,815";"1,288";"0,000";"1,288";
"15/09/2024 09:50";"0,207";"0,000";"0,233";"0,000";"0,093";"0,000";"0,533";"0,000";"0,006";"0,000";"0,000";"0,092";"0,744";"0,770";"0,630";"2,143";"1,610";"0,000";"1,610";
"15/09/2024 10:00";"0,761";"0,000";"0,229";"0,000";"0,088";"0,000";"1,078";"0,000";"0,000";"0,000";"0,000";"0,108";"1,407";"0,875";"0,735";"3,018";"1,940";"0,000";"1,940";
"15/09/2024 10:10";"0,744";"0,000";"0,202";"0,000";"0,088";"0,000";"1,035";"0,000";"0,000";"0,000";"0,000";"0,104";"1,442";"0,900";"0,785";"3,127";"2,092";"0,000";"2,092";
"15/09/2024 10:20";"0,302";"0,000";"0,204";"0,000";"0,088";"0,000";"0,595";"0,000";"0,011";"0,000";"0,000";"0,074";"1,059";"0,960";"0,845";"2,864";"2,269";"0,000";"2,269";
"15/09/2024 10:30";"0,354";"0,000";"0,227";"0,000";"0,088";"0,000";"0,669";"0,000";"0,000";"0,000";"0,000";"0,059";"1,112";"0,985";"0,847";"2,944";"2,275";"0,000";"2,275";
"15/09/2024 10:40";"0,313";"0,000";"0,230";"0,000";"0,089";"0,000";"0,632";"0,000";"0,011";"0,000";"0,000";"0,066";"1,067";"0,984";"0,843";"2,894";"2,262";"0,000";"2,262";
"15/09/2024 10:50";"0,400";"0,000";"0,302";"0,000";"0,139";"0,000";"0,842";"0,000";"0,010";"0,000";"0,000";"0,036";"1,243";"1,145";"0,982";"3,370";"2,528";"0,000";"2,528";
"15/09/2024 11:00";"0,596";"0,000";"0,253";"0,000";"0,142";"0,000";"0,991";"0,000";"0,000";"0,000";"0,000";"0,087";"1,504";"1,160";"1,050";"3,714";"2,723";"0,000";"2,723";
"15/09/2024 11:10";"0,207";"0,000";"0,212";"0,000";"0,087";"0,000";"0,507";"0,000";"0,001";"0,000";"0,000";"0,098";"1,141";"1,146";"1,021";"3,309";"2,802";"0,000";"2,802";
"15/09/2024 11:20";"0,290";"0,000";"0,240";"0,000";"0,088";"0,000";"0,617";"0,000";"0,001";"0,000";"0,000";"0,093";"1,307";"1,258";"1,105";"3,669";"3,052";"0,000";"3,052";
"15/09/2024 11:30";"0,520";"0,000";"0,236";"0,000";"0,088";"0,000";"0,844";"0,000";"0,000";"0,000";"0,000";"0,104";"1,601";"1,317";"1,170";"4,089";"3,245";"0,000";"3,245";
"15/09/2024 11:40";"0,468";"0,000";"0,273";"0,000";"0,153";"0,000";"0,895";"0,000";"0,003";"0,000";"0,000";"0,083";"1,598";"1,403";"1,283";"4,284";"3,389";"0,000";"3,389";
"15/09/2024 11:50";"0,206";"0,000";"0,225";"0,000";"0,088";"0,000";"0,519";"0,000";"0,003";"0,000";"0,000";"0,098";"1,347";"1,366";"1,229";"3,942";"3,423";"0,000";"3,423";
"15/09/2024 12:00";"0,247";"0,000";"0,239";"0,000";"0,091";"0,000";"0,577";"0,000";"0,000";"0,000";"0,000";"0,087";"1,400";"1,392";"1,244";"4,036";"3,459";"0,000";"3,459";
"15/09/2024 12:10";"0,280";"0,000";"0,296";"0,000";"0,149";"0,000";"0,725";"0,000";"0,031";"0,000";"0,000";"0,103";"1,480";"1,496";"1,350";"4,326";"3,601";"0,000";"3,601";
"15/09/2024 12:20";"0,223";"0,000";"0,190";"0,000";"0,089";"0,000";"0,501";"0,000";"0,000";"0,000";"0,000";"0,105";"1,520";"1,487";"1,386";"4,393";"3,892";"0,000";"3,892";
"15/09/2024 12:30";"0,209";"0,000";"0,227";"0,000";"0,088";"0,000";"0,524";"0,000";"0,002";"0,000";"0,000";"0,092";"1,544";"1,561";"1,423";"4,528";"4,004";"0,000";"4,004";
"15/09/2024 12:40";"0,305";"0,000";"0,314";"0,000";"0,145";"0,000";"0,765";"0,000";"0,009";"0,000";"0,000";"0,066";"1,703";"1,712";"1,543";"4,957";"4,192";"0,000";"4,192";
"15/09/2024 12:50";"0,209";"0,000";"0,224";"0,000";"0,089";"0,000";"0,521";"0,000";"0,001";"0,000";"0,000";"0,091";"1,632";"1,648";"1,512";"4,792";"4,271";"0,000";"4,271";
"15/09/2024 13:00";"0,208";"0,000";"0,198";"0,000";"0,088";"0,000";"0,494";"0,000";"0,001";"0,000";"0,000";"0,092";"1,656";"1,646";"1,536";"4,838";"4,344";"0,000";"4,344";
"15/09/2024 13:10";"0,293";"0,000";"0,297";"0,000";"0,147";"0,000";"0,737";"0,000";"0,023";"0,000";"0,000";"0,060";"1,768";"1,773";"1,622";"5,163";"4,426";"0,000";"4,426";
"15/09/2024 13:20";"0,215";"0,000";"0,229";"0,000";"0,090";"0,000";"0,534";"0,000";"0,000";"0,000";"0,000";"0,096";"1,714";"1,728";"1,589";"5,032";"4,498";"0,000";"4,498";
"15/09/2024 13:30";"0,246";"0,000";"0,224";"0,000";"0,089";"0,000";"0,559";"0,000";"0,002";"0,000";"0,000";"0,098";"1,771";"1,749";"1,614";"5,133";"4,574";"0,000";"4,574";
"15/09/2024 13:40";"0,210";"0,000";"0,207";"0,000";"0,092";"0,000";"0,509";"0,000";"0,001";"0,000";"0,000";"0,090";"1,755";"1,752";"1,637";"5,144";"4,635";"0,000";"4,635";
"15/09/2024 13:50";"0,260";"0,000";"0,284";"0,000";"0,135";"0,000";"0,679";"0,000";"0,006";"0,000";"0,000";"0,051";"1,802";"1,825";"1,677";"5,303";"4,624";"0,000";"4,624";
"15/09/2024 14:00";"0,249";"0,000";"0,226";"0,000";"0,088";"0,000";"0,562";"0,000";"0,002";"0,000";"0,000";"0,106";"1,780";"1,757";"1,619";"5,155";"4,593";"0,000";"4,593";
"15/09/2024 14:10";"0,206";"0,000";"0,223";"0,000";"0,092";"0,000";"0,521";"0,000";"0,003";"0,000";"0,000";"0,085";"1,742";"1,759";"1,628";"5,129";"4,608";"0,000";"4,608";
"15/09/2024 14:20";"0,263";"0,000";"0,274";"0,000";"0,138";"0,000";"0,675";"0,000";"0,023";"0,000";"0,000";"0,064";"1,800";"1,812";"1,675";"5,288";"4,613";"0,000";"4,613";
"15/09/2024 14:30";"0,241";"0,000";"0,227";"0,000";"0,089";"0,000";"0,556";"0,000";"0,002";"0,000";"0,000";"0,100";"1,761";"1,747";"1,609";"5,116";"4,560";"0,000";"4,560";
"15/09/2024 14:40";"0,215";"0,000";"0,237";"0,000";"0,088";"0,000";"0,541";"0,000";"0,001";"0,000";"0,000";"0,089";"1,729";"1,751";"1,602";"5,083";"4,542";"0,000";"4,542";
"15/09/2024 14:50";"0,259";"0,000";"0,247";"0,000";"0,125";"0,000";"0,631";"0,000";"0,012";"0,000";"0,000";"0,063";"1,766";"1,754";"1,631";"5,151";"4,520";"0,000";"4,520";
"15/09/2024 15:00";"0,347";"0,000";"0,339";"0,000";"0,193";"0,000";"0,879";"0,000";"0,013";"0,000";"0,000";"0,128";"1,851";"1,842";"1,696";"5,389";"4,510";"0,000";"4,510";
"15/09/2024 15:10";"0,274";"0,000";"0,304";"0,000";"0,149";"0,000";"0,727";"0,000";"0,016";"0,000";"0,000";"0,052";"1,756";"1,786";"1,631";"5,173";"4,446";"0,000";"4,446";
"15/09/2024 15:20";"0,293";"0,000";"0,286";"0,000";"0,129";"0,000";"0,708";"0,000";"0,015";"0,000";"0,000";"0,060";"1,744";"1,737";"1,580";"5,061";"4,353";"0,000";"4,353";
"15/09/2024 15:30";"0,237";"0,000";"0,233";"0,000";"0,112";"0,000";"0,582";"0,000";"0,001";"0,000";"0,000";"0,068";"1,675";"1,671";"1,551";"4,897";"4,315";"0,000";"4,315";
"15/09/2024 15:40";"0,236";"0,000";"0,253";"0,000";"0,115";"0,000";"0,604";"0,000";"0,007";"0,000";"0,000";"0,075";"1,647";"1,664";"1,525";"4,836";"4,232";"0,000";"4,232";
"15/09/2024 15:50";"0,282";"0,000";"0,297";"0,000";"0,129";"0,000";"0,708";"0,000";"0,007";"0,000";"0,000";"0,093";"1,659";"1,673";"1,506";"4,837";"4,129";"0,000";"4,129";
"15/09/2024 16:00";"0,216";"0,000";"0,222";"0,000";"0,089";"0,000";"0,526";"0,000";"0,001";"0,000";"0,000";"0,087";"1,586";"1,592";"1,459";"4,637";"4,111";"0,000";"4,111";
"15/09/2024 16:10";"0,215";"0,000";"0,197";"0,000";"0,093";"0,000";"0,504";"0,000";"0,003";"0,000";"0,000";"0,088";"1,558";"1,540";"1,436";"4,533";"4,029";"0,000";"4,029";
"15/09/2024 16:20";"0,422";"0,000";"0,294";"0,000";"0,132";"0,000";"0,848";"0,000";"0,011";"0,000";"0,000";"0,065";"1,704";"1,576";"1,414";"4,694";"3,846";"0,000";"3,846";
"15/09/2024 16:30";"0,459";"0,000";"0,228";"0,000";"0,090";"0,000";"0,776";"0,000";"0,001";"0,000";"0,000";"0,105";"1,679";"1,448";"1,310";"4,436";"3,660";"0,000";"3,660";
"15/09/2024 16:40";"0,357";"0,000";"0,213";"0,000";"0,089";"0,000";"0,659";"0,000";"0,002";"0,000";"0,000";"0,090";"1,188";"1,045";"0,921";"3,154";"2,495";"0,000";"2,495";
"15/09/2024 16:50";"0,282";"0,000";"0,270";"0,000";"0,133";"0,000";"0,685";"0,000";"0,028";"0,000";"0,000";"0,084";"1,422";"1,410";"1,273";"4,105";"3,420";"0,000";"3,420";
"15/09/2024 17:00";"0,206";"0,000";"0,219";"0,000";"0,093";"0,000";"0,518";"0,000";"0,001";"0,000";"0,000";"0,096";"1,351";"1,364";"1,237";"3,952";"3,434";"0,000";"3,434";
"15/09/2024 17:10";"0,218";"0,000";"0,242";"0,000";"0,088";"0,000";"0,548";"0,000";"0,004";"0,000";"0,000";"0,081";"1,286";"1,310";"1,156";"3,752";"3,204";"0,000";"3,204";
"15/09/2024 17:20";"0,289";"0,000";"0,270";"0,000";"0,134";"0,000";"0,693";"0,000";"0,002";"0,000";"0,000";"0,057";"1,334";"1,315";"1,179";"3,827";"3,134";"0,000";"3,134";
"15/09/2024 17:30";"0,207";"0,000";"0,217";"0,000";"0,090";"0,000";"0,515";"0,000";"0,002";"0,000";"0,000";"0,087";"1,200";"1,210";"1,083";"3,494";"2,979";"0,000";"2,979";
"15/09/2024 17:40";"0,229";"0,000";"0,247";"0,000";"0,088";"0,000";"0,564";"0,000";"0,003";"0,000";"0,000";"0,084";"1,165";"1,182";"1,024";"3,371";"2,807";"0,000";"2,807";
"15/09/2024 17:50";"0,213";"0,000";"0,223";"0,000";"0,088";"0,000";"0,525";"0,000";"0,000";"0,000";"0,000";"0,098";"1,098";"1,108";"0,973";"3,180";"2,655";"0,000";"2,655";
"15/09/2024 18:00";"0,255";"0,000";"0,272";"0,000";"0,137";"0,000";"0,664";"0,000";"0,013";"0,000";"0,000";"0,057";"1,076";"1,093";"0,958";"3,127";"2,463";"0,000";"2,463";
"15/09/2024 18:10";"0,242";"0,000";"0,239";"0,000";"0,088";"0,000";"0,570";"0,000";"0,000";"0,000";"0,000";"0,096";"0,997";"0,994";"0,843";"2,835";"2,265";"0,000";"2,265";
"15/09/2024 18:20";"0,203";"0,000";"0,238";"0,000";"0,088";"0,000";"0,528";"0,000";"0,003";"0,000";"0,000";"0,093";"0,898";"0,933";"0,783";"2,615";"2,087";"0,000";"2,087";
"15/09/2024 18:30";"0,250";"0,000";"0,245";"0,000";"0,123";"0,000";"0,619";"0,000";"0,023";"0,000";"0,000";"0,076";"0,885";"0,880";"0,758";"2,524";"1,905";"0,000";"1,905";
"15/09/2024 18:40";"0,260";"0,000";"0,233";"0,000";"0,098";"0,000";"0,591";"0,000";"0,003";"0,000";"0,000";"0,104";"0,842";"0,814";"0,680";"2,336";"1,745";"0,000";"1,745";
"15/09/2024 18:50";"0,204";"0,000";"0,243";"0,000";"0,092";"0,000";"0,540";"0,000";"0,002";"0,000";"0,000";"0,084";"0,664";"0,703";"0,552";"1,919";"1,379";"0,000";"1,379";
"15/09/2024 19:00";"0,202";"0,000";"0,204";"0,000";"0,088";"0,000";"0,494";"0,000";"0,001";"0,000";"0,000";"0,097";"0,523";"0,525";"0,408";"1,456";"0,962";"0,000";"0,962";
"15/09/2024 19:10";"0,299";"0,000";"0,278";"0,000";"0,137";"0,000";"0,714";"0,000";"0,008";"0,000";"0,000";"0,074";"0,562";"0,542";"0,400";"1,505";"0,791";"0,000";"0,791";
"15/09/2024 19:20";"0,206";"0,000";"0,245";"0,000";"0,088";"0,000";"0,540";"0,000";"0,000";"0,000";"0,000";"0,088";"0,458";"0,497";"0,340";"1,294";"0,754";"0,000";"0,754";
"15/09/2024 19:30";"0,251";"0,000";"0,267";"0,000";"0,129";"0,000";"0,647";"0,000";"0,001";"0,000";"0,000";"0,063";"0,449";"0,465";"0,327";"1,241";"0,594";"0,000";"0,594";
"15/09/2024 19:40";"0,241";"0,000";"0,212";"0,000";"0,092";"0,000";"0,545";"0,000";"0,001";"0,000";"0,000";"0,090";"0,401";"0,372";"0,252";"1,025";"0,480";"0,000";"0,480";
"15/09/2024 19:50";"0,209";"0,000";"0,233";"0,000";"0,092";"0,000";"0,534";"0,000";"0,001";"0,000";"0,000";"0,092";"0,322";"0,347";"0,206";"0,875";"0,341";"0,000";"0,341";
"15/09/2024 20:00";"0,277";"0,000";"0,295";"0,000";"0,138";"0,000";"0,711";"0,000";"0,012";"0,000";"0,000";"0,071";"0,361";"0,379";"0,222";"0,963";"0,252";"0,000";"0,252";
"15/09/2024 20:10";"0,228";"0,000";"0,215";"0,000";"0,088";"0,000";"0,531";"0,000";"0,000";"0,000";"0,000";"0,085";"0,287";"0,274";"0,147";"0,708";"0,177";"0,000";"0,177";
"15/09/2024 20:20";"0,266";"0,000";"0,285";"0,000";"0,144";"0,000";"0,695";"0,000";"0,013";"0,000";"0,000";"0,085";"0,297";"0,316";"0,175";"0,788";"0,093";"0,000";"0,093";
"15/09/2024 20:30";"0,231";"0,000";"0,234";"0,000";"0,088";"0,000";"0,554";"0,000";"0,000";"0,000";"0,000";"0,097";"0,239";"0,242";"0,096";"0,578";"0,024";"0,000";"0,024";
"15/09/2024 20:40";"0,232";"0,000";"0,241";"0,000";"0,105";"0,000";"0,578";"0,000";"0,012";"0,000";"0,000";"0,099";"0,233";"0,242";"0,105";"0,579";"0,001";"0,000";"0,001";
"15/09/2024 20:50";"0,269";"0,000";"0,239";"0,000";"0,129";"0,000";"0,637";"0,000";"0,011";"0,000";"0,000";"0,103";"0,269";"0,239";"0,129";"0,637";"0,000";"0,000";"0,000";
"15/09/2024 21:00";"0,517";"0,000";"0,249";"0,000";"0,098";"0,000";"0,865";"0,000";"0,000";"0,000";"0,000";"0,106";"0,517";"0,249";"0,098";"0,865";"0,000";"0,000";"0,000";
"15/09/2024 21:10";"0,673";"0,000";"0,487";"0,000";"0,299";"0,000";"1,459";"0,000";"0,000";"0,000";"0,000";"0,130";"0,673";"0,487";"0,299";"1,459";"0,000";"0,000";"0,000";
"15/09/2024 21:20";"0,365";"0,000";"0,390";"0,000";"0,233";"0,000";"0,989";"0,000";"0,000";"0,000";"0,000";"0,194";"0,365";"0,390";"0,233";"0,989";"0,000";"0,000";"0,000";
"15/09/2024 21:30";"0,373";"0,000";"0,374";"0,000";"0,229";"0,000";"0,976";"0,000";"0,000";"0,000";"0,000";"0,185";"0,373";"0,374";"0,229";"0,976";"0,000";"0,000";"0,000";
"15/09/2024 21:40";"0,425";"0,000";"0,494";"0,000";"0,313";"0,000";"1,232";"0,000";"0,002";"0,000";"0,000";"0,115";"0,425";"0,494";"0,313";"1,232";"0,000";"0,000";"0,000";
"15/09/2024 21:50";"0,341";"0,000";"0,393";"0,000";"0,230";"0,000";"0,964";"0,000";"0,000";"0,000";"0,000";"0,192";"0,341";"0,393";"0,230";"0,964";"0,000";"0,000";"0,000";
"15/09/2024 22:00";"0,373";"0,000";"0,406";"0,000";"0,229";"0,000";"1,007";"0,000";"0,000";"0,000";"0,000";"0,186";"0,373";"0,406";"0,229";"1,007";"0,000";"0,000";"0,000";
"15/09/2024 22:10";"0,346";"0,000";"0,369";"0,000";"0,229";"0,000";"0,944";"0,000";"0,000";"0,000";"0,000";"0,191";"0,346";"0,369";"0,229";"0,944";"0,000";"0,000";"0,000";
"15/09/2024 22:20";"0,454";"0,000";"0,483";"0,000";"0,311";"0,000";"1,247";"0,000";"0,000";"0,000";"0,000";"0,125";"0,454";"0,483";"0,311";"1,247";"0,000";"0,000";"0,000";
"15/09/2024 22:30";"0,369";"0,000";"0,419";"0,000";"0,238";"0,000";"1,025";"0,000";"0,000";"0,000";"0,000";"0,177";"0,369";"0,419";"0,238";"1,025";"0,000";"0,000";"0,000";
"15/09/2024 22:40";"0,343";"0,000";"0,385";"0,000";"0,233";"0,000";"0,960";"0,000";"0,000";"0,000";"0,000";"0,198";"0,343";"0,385";"0,233";"0,960";"0,000";"0,000";"0,000";
"15/09/2024 22:50";"0,398";"0,000";"0,387";"0,000";"0,250";"0,000";"1,035";"0,000";"0,000";"0,000";"0,000";"0,184";"0,398";"0,387";"0,250";"1,035";"0,000";"0,000";"0,000";
"15/09/2024 23:00";"0,401";"0,000";"0,472";"0,000";"0,284";"0,000";"1,157";"0,000";"0,001";"0,000";"0,000";"0,117";"0,401";"0,472";"0,284";"1,157";"0,000";"0,000";"0,000";
"15/09/2024 23:10";"0,340";"0,000";"0,396";"0,000";"0,229";"0,000";"0,965";"0,000";"0,000";"0,000";"0,000";"0,190";"0,340";"0,396";"0,229";"0,965";"0,000";"0,000";"0,000";
"15/09/2024 23:20";"0,369";"0,000";"0,389";"0,000";"0,230";"0,000";"0,987";"0,000";"0,000";"0,000";"0,000";"0,205";"0,369";"0,389";"0,230";"0,987";"0,000";"0,000";"0,000";
"15/09/2024 23:30";"0,434";"0,000";"0,479";"0,000";"0,309";"0,000";"1,223";"0,000";"0,003";"0,000";"0,000";"0,118";"0,434";"0,479";"0,309";"1,223";"0,000";"0,000";"0,000";
"15/09/2024 23:40";"0,464";"0,000";"0,371";"0,000";"0,234";"0,000";"1,069";"0,000";"0,000";"0,000";"0,000";"0,142";"0,464";"0,371";"0,234";"1,069";"0,000";"0,000";"0,000";
"15/09/2024 23:50";"0,441";"0,000";"0,395";"0,000";"0,229";"0,000";"1,065";"0,000";"0,000";"0,000";"0,000";"0,157";"0,441";"0,395";"0,229";"1,065";"0,000";"0,000";"0,000";
"16/09/2024 00:00";"0,536";"0,000";"0,499";"0,000";"0,311";"0,000";"1,346";"0,000";"0,006";"0,000";"0,000";"0,071";"0,536";"0,499";"0,311";"1,346";"0,000";"0,000";"0,000";
"16/09/2024 00:10";"0,468";"0,000";"0,401";"0,000";"0,231";"0,000";"1,099";"0,000";"0,000";"0,000";"0,000";"0,151";"0,468";"0,401";"0,231";"1,099";"0,000";"0,000";"0,000";
"16/09/2024 00:20";"0,438";"0,000";"0,368";"0,000";"0,229";"0,000";"1,036";"0,000";"0,000";"0,000";"0,000";"0,164";"0,438";"0,368";"0,229";"1,036";"0,000";"0,000";"0,000";
"16/09/2024 00:30";"0,431";"0,000";"0,464";"0,000";"0,298";"0,000";"1,193";"0,000";"0,005";"0,000";"0,000";"0,127";"0,431";"0,464";"0,298";"1,193";"0,000";"0,000";"0,000";
"16/09/2024 00:40";"0,381";"0,000";"0,411";"0,000";"0,249";"0,000";"1,041";"0,000";"0,000";"0,000";"0,000";"0,175";"0,381";"0,411";"0,249";"1,041";"0,000";"0,000";"0,000";
"16/09/2024 00:50";"0,347";"0,000";"0,386";"0,000";"0,230";"0,000";"0,963";"0,000";"0,000";"0,000";"0,000";"0,210";"0,347";"0,386";"0,230";"0,963";"0,000";"0,000";"0,000";
"16/09/2024 01:00";"0,398";"0,000";"0,420";"0,000";"0,250";"0,000";"1,069";"0,000";"0,000";"0,000";"0,000";"0,177";"0,398";"0,420";"0,250";"1,069";"0,000";"0,000";"0,000";
"16/09/2024 01:10";"0,428";"0,000";"0,450";"0,000";"0,297";"0,000";"1,175";"0,000";"0,002";"0,000";"0,000";"0,131";"0,428";"0,450";"0,297";"1,175";"0,000";"0,000";"0,000";
"16/09/2024 01:20";"0,468";"0,000";"0,380";"0,000";"0,231";"0,000";"1,078";"0,000";"0,000";"0,000";"0,000";"0,205";"0,468";"0,380";"0,231";"1,078";"0,000";"0,000";"0,000";
"16/09/2024 01:30";"0,624";"0,000";"0,400";"0,000";"0,231";"0,000";"1,255";"0,000";"0,000";"0,000";"0,000";"0,205";"0,624";"0,400";"0,231";"1,255";"0,000";"0,000";"0,000";
"16/09/2024 01:40";"0,612";"0,000";"0,502";"0,000";"0,317";"0,000";"1,430";"0,000";"0,000";"0,000";"0,000";"0,111";"0,612";"0,502";"0,317";"1,430";"0,000";"0,000";"0,000";
"16/09/2024 01:50";"0,403";"0,000";"0,440";"0,000";"0,280";"0,000";"1,123";"0,000";"0,000";"0,000";"0,000";"0,202";"0,403";"0,440";"0,280";"1,123";"0,000";"0,000";"0,000";
"16/09/2024 02:00";"0,360";"0,000";"0,365";"0,000";"0,232";"0,000";"0,956";"0,000";"0,000";"0,000";"0,000";"0,201";"0,360";"0,365";"0,232";"0,956";"0,000";"0,000";"0,000";
"16/09/2024 02:10";"0,370";"0,000";"0,411";"0,000";"0,232";"0,000";"1,012";"0,000";"0,000";"0,000";"0,000";"0,184";"0,370";"0,411";"0,232";"1,012";"0,000";"0,000";"0,000";
"16/09/2024 02:20";"0,370";"0,000";"0,419";"0,000";"0,252";"0,000";"1,041";"0,000";"0,000";"0,000";"0,000";"0,169";"0,370";"0,419";"0,252";"1,041";"0,000";"0,000";"0,000";
"16/09/2024 02:30";"0,451";"0,000";"0,480";"0,000";"0,303";"0,000";"1,234";"0,000";"0,002";"0,000";"0,000";"0,133";"0,451";"0,480";"0,303";"1,234";"0,000";"0,000";"0,000";
"16/09/2024 02:40";"0,411";"0,000";"0,442";"0,000";"0,285";"0,000";"1,138";"0,000";"0,000";"0,000";"0,000";"0,140";"0,411";"0,442";"0,285";"1,138";"0,000";"0,000";"0,000";
"16/09/2024 02:50";"0,345";"0,000";"0,390";"0,000";"0,236";"0,000";"0,970";"0,000";"0,000";"0,000";"0,000";"0,177";"0,345";"0,390";"0,236";"0,970";"0,000";"0,000";"0,000";
"16/09/2024 03:00";"0,374";"0,000";"0,404";"0,000";"0,230";"0,000";"1,008";"0,000";"0,000";"0,000";"0,000";"0,192";"0,374";"0,404";"0,230";"1,008";"0,000";"0,000";"0,000";
"16/09/2024 03:10";"0,355";"0,000";"0,417";"0,000";"0,241";"0,000";"1,013";"0,000";"0,000";"0,000";"0,000";"0,190";"0,355";"0,417";"0,241";"1,013";"0,000";"0,000";"0,000";
"16/09/2024 03:20";"0,433";"0,000";"0,470";"0,000";"0,312";"0,000";"1,214";"0,000";"0,000";"0,000";"0,000";"0,108";"0,433";"0,470";"0,312";"1,214";"0,000";"0,000";"0,000";
"16/09/2024 03:30";"0,389";"0,000";"0,393";"0,000";"0,232";"0,000";"1,014";"0,000";"0,000";"0,000";"0,000";"0,183";"0,389";"0,393";"0,232";"1,014";"0,000";"0,000";"0,000";
"16/09/2024 03:40";"0,350";"0,000";"0,401";"0,000";"0,231";"0,000";"0,982";"0,000";"0,000";"0,000";"0,000";"0,198";"0,350";"0,401";"0,231";"0,982";"0,000";"0,000";"0,000";
"16/09/2024 03:50";"0,419";"0,000";"0,481";"0,000";"0,301";"0,000";"1,201";"0,000";"0,006";"0,000";"0,000";"0,136";"0,419";"0,481";"0,301";"1,201";"0,000";"0,000";"0,000";
"16/09/2024 04:00";"0,405";"0,000";"0,405";"0,000";"0,257";"0,000";"1,067";"0,000";"0,000";"0,000";"0,000";"0,159";"0,405";"0,405";"0,257";"1,067";"0,000";"0,000";"0,000";
"16/09/2024 04:10";"0,403";"0,000";"0,460";"0,000";"0,285";"0,000";"1,148";"0,000";"0,002";"0,000";"0,000";"0,138";"0,403";"0,460";"0,285";"1,148";"0,000";"0,000";"0,000";
"16/09/2024 04:20";"0,353";"0,000";"0,401";"0,000";"0,232";"0,000";"0,986";"0,000";"0,000";"0,000";"0,000";"0,203";"0,353";"0,401";"0,232";"0,986";"0,000";"0,000";"0,000";
"16/09/2024 04:30";"0,357";"0,000";"0,389";"0,000";"0,231";"0,000";"0,976";"0,000";"0,000";"0,000";"0,000";"0,195";"0,357";"0,389";"0,231";"0,976";"0,000";"0,000";"0,000";
"16/09/2024 04:40";"0,867";"0,000";"0,378";"0,000";"0,231";"0,000";"1,476";"0,000";"0,005";"0,000";"0,000";"0,199";"0,867";"0,378";"0,231";"1,476";"0,000";"0,000";"0,000";
"16/09/2024 04:50";"0,729";"0,000";"0,393";"0,000";"0,230";"0,000";"1,353";"0,000";"0,000";"0,000";"0,000";"0,198";"0,729";"0,393";"0,230";"1,353";"0,000";"0,000";"0,000";
"16/09/2024 05:00";"0,343";"0,000";"0,405";"0,000";"0,232";"0,000";"0,980";"0,000";"0,000";"0,000";"0,000";"0,201";"0,343";"0,405";"0,232";"0,980";"0,000";"0,000";"0,000";
"16/09/2024 05:10";"0,344";"0,000";"0,389";"0,000";"0,233";"0,000";"0,966";"0,000";"0,000";"0,000";"0,000";"0,189";"0,344";"0,389";"0,233";"0,966";"0,000";"0,000";"0,000";
"16/09/2024 05:20";"0,711";"0,000";"0,376";"0,000";"0,231";"0,000";"1,317";"0,000";"0,000";"0,000";"0,000";"0,198";"0,711";"0,376";"0,231";"1,317";"0,000";"0,000";"0,000";
"16/09/2024 05:30";"1,250";"0,000";"0,747";"0,000";"0,483";"0,000";"2,480";"0,000";"0,048";"0,000";"0,000";"0,310";"1,250";"0,747";"0,483";"2,480";"0,000";"0,000";"0,000";
"16/09/2024 05:40";"1,858";"0,000";"1,701";"0,000";"1,439";"0,000";"4,998";"0,000";"0,059";"0,000";"0,000";"0,280";"1,858";"1,701";"1,439";"4,998";"0,000";"0,000";"0,000";
"16/09/2024 05:50";"1,934";"0,000";"1,477";"0,000";"1,252";"0,000";"4,662";"0,000";"0,073";"0,000";"0,000";"0,319";"1,934";"1,477";"1,252";"4,662";"0,000";"0,000";"0,000";
"16/09/2024 06:00";"3,385";"0,000";"2,671";"0,000";"2,747";"0,000";"8,803";"0,000";"0,850";"0,000";"0,000";"0,094";"3,385";"2,671";"2,747";"8,803";"0,000";"0,000";"0,000";
"16/09/2024 06:10";"7,880";"0,000";"6,381";"0,000";"6,896";"0,000";"21,157";"0,000";"0,600";"0,000";"0,000";"0,530";"7,880";"6,381";"6,896";"21,157";"0,000";"0,000";"0,000";
"16/09/2024 06:20";"7,622";"0,000";"6,243";"0,000";"6,697";"0,000";"20,563";"0,000";"0,737";"0,000";"0,000";"0,562";"7,622";"6,243";"6,697";"20,563";"0,000";"0,000";"0,000";
"16/09/2024 06:30";"7,503";"0,000";"6,297";"0,000";"6,847";"0,000";"20,648";"0,000";"0,727";"0,000";"0,000";"0,814";"7,503";"6,297";"6,847";"20,648";"0,000";"0,000";"0,000";
"16/09/2024 06:40";"7,774";"0,000";"6,738";"0,000";"7,412";"0,000";"21,923";"0,000";"1,025";"0,000";"0,000";"0,932";"7,774";"6,738";"7,412";"21,923";"0,000";"0,000";"0,000";
"16/09/2024 06:50";"8,574";"0,000";"7,340";"0,000";"7,927";"0,000";"23,841";"0,000";"0,749";"0,000";"0,000";"0,447";"8,574";"7,340";"7,927";"23,841";"0,000";"0,000";"0,000";
"16/09/2024 07:00";"9,886";"0,000";"8,367";"0,000";"8,872";"0,000";"27,126";"0,000";"1,877";"0,000";"0,000";"0,399";"9,886";"8,367";"8,872";"27,126";"0,000";"0,000";"0,000";
"16/09/2024 07:10";"9,164";"0,000";"8,178";"0,000";"8,775";"0,000";"26,118";"0,000";"2,183";"0,000";"0,000";"0,418";"9,164";"8,178";"8,775";"26,118";"0,000";"0,000";"0,000";
"16/09/2024 07:20";"8,038";"0,000";"7,231";"0,000";"7,632";"0,000";"22,901";"0,000";"1,883";"0,000";"0,000";"0,450";"8,038";"7,231";"7,632";"22,901";"0,000";"0,000";"0,000";
"16/09/2024 07:30";"7,143";"0,000";"6,350";"0,000";"6,870";"0,000";"20,363";"0,000";"1,430";"0,000";"0,000";"0,356";"7,143";"6,350";"6,870";"20,363";"0,000";"0,000";"0,000";
"16/09/2024 07:40";"6,642";"0,000";"5,449";"0,000";"5,728";"0,000";"17,818";"0,000";"0,370";"0,000";"0,000";"0,666";"6,642";"5,449";"5,728";"17,818";"0,000";"0,000";"0,000";
"16/09/2024 07:50";"6,550";"0,000";"5,236";"0,000";"5,702";"0,000";"17,488";"0,000";"0,442";"0,000";"0,000";"0,554";"6,550";"5,236";"5,702";"17,488";"0,000";"0,000";"0,000";
"16/09/2024 08:00";"6,432";"0,000";"5,526";"0,000";"5,897";"0,000";"17,855";"0,000";"0,929";"0,000";"0,000";"0,819";"6,432";"5,526";"5,897";"17,855";"0,000";"0,000";"0,000";
"16/09/2024 08:10";"6,874";"0,000";"6,049";"0,000";"6,476";"0,000";"19,399";"0,000";"1,296";"0,000";"0,000";"0,513";"6,874";"6,049";"6,476";"19,399";"0,000";"0,000";"0,000";
"16/09/2024 08:20";"6,813";"0,000";"5,654";"0,000";"6,388";"0,000";"18,855";"0,000";"0,743";"0,000";"0,000";"0,423";"6,813";"5,654";"6,388";"18,855";"0,000";"0,000";"0,000";
"16/09/2024 08:30";"6,919";"0,000";"5,796";"0,000";"6,198";"0,000";"18,913";"0,000";"0,757";"0,000";"0,000";"0,384";"6,919";"5,796";"6,198";"18,914";"0,000";"0,000";"0,000";
"16/09/2024 08:40";"6,648";"0,000";"5,490";"0,000";"6,017";"0,000";"18,154";"0,000";"0,754";"0,000";"0,000";"0,846";"6,648";"5,490";"6,017";"18,154";"0,000";"0,000";"0,000";
"16/09/2024 08:50";"6,512";"0,000";"5,488";"0,000";"5,984";"0,000";"17,984";"0,000";"1,175";"0,000";"0,000";"0,861";"6,512";"5,488";"5,984";"17,984";"0,000";"0,000";"0,000";
"16/09/2024 09:00";"6,939";"0,000";"5,927";"0,000";"6,459";"0,000";"19,325";"0,000";"1,468";"0,000";"0,000";"0,599";"6,939";"5,927";"6,459";"19,325";"0,000";"0,000";"0,000";
"16/09/2024 09:10";"7,368";"0,000";"6,316";"0,000";"6,776";"0,000";"20,459";"0,000";"1,087";"0,000";"0,000";"0,563";"7,368";"6,316";"6,776";"20,459";"0,000";"0,000";"0,000";
"16/09/2024 09:20";"7,272";"0,000";"6,022";"0,000";"6,558";"0,000";"19,852";"0,000";"1,076";"0,000";"0,000";"0,335";"7,272";"6,022";"6,558";"19,852";"0,000";"0,000";"0,000";
"16/09/2024 09:30";"7,210";"0,000";"6,357";"0,000";"6,776";"0,000";"20,343";"0,000";"1,352";"0,000";"0,000";"0,534";"7,210";"6,357";"6,776";"20,343";"0,000";"0,000";"0,000";
"16/09/2024 09:40";"7,512";"0,000";"6,659";"0,000";"7,117";"0,000";"21,288";"0,000";"1,804";"0,000";"0,000";"0,549";"7,512";"6,659";"7,117";"21,288";"0,000";"0,000";"0,000";
"16/09/2024 09:50";"6,222";"0,000";"5,410";"0,000";"5,713";"0,000";"17,346";"0,000";"1,009";"0,000";"0,000";"0,579";"6,222";"5,410";"5,713";"17,346";"0,000";"0,000";"0,000";
"16/09/2024 10:00";"6,149";"0,000";"4,817";"0,000";"5,160";"0,000";"16,126";"0,000";"0,294";"0,000";"0,000";"0,652";"6,708";"5,376";"5,719";"17,804";"1,678";"0,000";"1,678";
"16/09/2024 10:10";"6,111";"0,000";"4,651";"0,000";"4,998";"0,000";"15,759";"0,000";"0,486";"0,000";"0,000";"0,642";"6,835";"5,375";"5,722";"17,931";"2,172";"0,000";"2,172";
"16/09/2024 10:20";"6,269";"0,000";"5,097";"0,000";"5,507";"0,000";"16,872";"0,000";"0,649";"0,000";"0,000";"0,597";"7,051";"5,879";"6,289";"19,219";"2,347";"0,000";"2,347";
"16/09/2024 10:30";"7,014";"0,000";"6,088";"0,000";"6,577";"0,000";"19,678";"0,000";"0,625";"0,000";"0,000";"0,547";"7,753";"6,827";"7,316";"21,895";"2,217";"0,000";"2,217";
"16/09/2024 10:40";"8,042";"0,000";"7,235";"0,000";"7,541";"0,000";"22,818";"0,000";"1,971";"0,000";"0,000";"0,148";"8,897";"8,089";"8,395";"25,381";"2,563";"0,000";"2,563";
"16/09/2024 10:50";"8,654";"0,000";"7,846";"0,000";"8,159";"0,000";"24,659";"0,000";"4,664";"0,000";"0,000";"0,065";"9,592";"8,784";"9,097";"27,473";"2,814";"0,000";"2,814";
"16/09/2024 11:00";"8,297";"0,000";"7,587";"0,000";"7,953";"0,000";"23,837";"0,000";"1,499";"0,000";"0,000";"0,049";"9,270";"8,559";"8,925";"26,754";"2,917";"0,000";"2,917";
"16/09/2024 11:10";"7,720";"0,000";"6,994";"0,000";"7,424";"0,000";"22,138";"0,000";"0,796";"0,000";"0,000";"0,327";"8,663";"7,936";"8,366";"24,965";"2,827";"0,000";"2,827";
"16/09/2024 11:20";"7,469";"0,000";"6,635";"0,000";"7,138";"0,000";"21,242";"0,000";"2,090";"0,000";"0,000";"0,172";"8,536";"7,703";"8,205";"24,444";"3,202";"0,000";"3,202";
"16/09/2024 11:30";"7,074";"0,000";"6,098";"0,000";"6,676";"0,000";"19,848";"0,000";"0,827";"0,000";"0,000";"0,474";"8,234";"7,259";"7,837";"23,330";"3,482";"0,000";"3,482";
"16/09/2024 11:40";"7,789";"0,000";"6,791";"0,000";"7,373";"0,000";"21,953";"0,000";"1,162";"0,000";"0,000";"0,120";"8,990";"7,993";"8,575";"25,558";"3,605";"0,000";"3,605";
"16/09/2024 11:50";"5,537";"0,000";"4,638";"0,000";"5,122";"0,000";"15,298";"0,000";"0,643";"0,000";"0,000";"0,462";"6,782";"5,883";"6,366";"19,031";"3,733";"0,000";"3,733";
"16/09/2024 12:00";"3,368";"0,000";"2,729";"0,000";"3,255";"0,000";"9,352";"0,000";"0,850";"0,000";"0,000";"0,361";"4,654";"4,015";"4,540";"13,209";"3,857";"0,000";"3,857";
"16/09/2024 12:10";"3,453";"0,000";"2,751";"0,000";"3,236";"0,000";"9,440";"0,000";"1,218";"0,000";"0,000";"1,118";"4,779";"4,077";"4,562";"13,418";"3,978";"0,000";"3,978";
"16/09/2024 12:20";"3,427";"0,000";"2,647";"0,000";"3,220";"0,000";"9,294";"0,000";"0,576";"0,000";"0,000";"0,497";"4,789";"4,008";"4,582";"13,379";"4,085";"0,000";"4,085";
"16/09/2024 12:30";"3,414";"0,000";"2,632";"0,000";"3,233";"0,000";"9,279";"0,000";"1,030";"0,000";"0,000";"0,602";"4,813";"4,031";"4,632";"13,476";"4,197";"0,000";"4,197";
"16/09/2024 12:40";"3,519";"0,000";"2,713";"0,000";"3,232";"0,000";"9,465";"0,000";"0,663";"0,000";"0,000";"0,674";"4,943";"4,137";"4,656";"13,736";"4,271";"0,000";"4,271";
"16/09/2024 12:50";"2,984";"0,000";"2,694";"0,000";"3,324";"0,000";"9,002";"0,000";"0,933";"0,000";"0,000";"0,130";"4,423";"4,133";"4,764";"13,320";"4,318";"0,000";"4,318";
"16/09/2024 13:00";"3,863";"0,000";"3,370";"0,000";"4,009";"0,000";"11,241";"0,000";"0,499";"0,000";"0,000";"0,397";"5,310";"4,817";"5,456";"15,584";"4,343";"0,000";"4,343";
"16/09/2024 13:10";"3,364";"0,000";"2,717";"0,000";"3,170";"0,000";"9,251";"0,000";"0,878";"0,000";"0,000";"0,592";"4,851";"4,204";"4,657";"13,712";"4,461";"0,000";"4,461";
"16/09/2024 13:20";"2,828";"0,000";"2,221";"0,000";"2,706";"0,000";"7,755";"0,000";"1,379";"0,000";"0,000";"0,867";"4,326";"3,720";"4,205";"12,250";"4,495";"0,000";"4,495";
"16/09/2024 13:30";"2,786";"0,000";"2,103";"0,000";"2,498";"0,000";"7,388";"0,000";"1,213";"0,000";"0,000";"0,591";"4,291";"3,609";"4,004";"11,905";"4,517";"0,000";"4,517";
"16/09/2024 13:40";"1,964";"0,000";"1,347";"0,000";"1,692";"0,000";"5,003";"0,000";"0,481";"0,000";"0,000";"0,038";"3,485";"2,868";"3,213";"9,566";"4,563";"0,000";"4,563";
"16/09/2024 13:50";"1,805";"0,000";"1,172";"0,000";"1,379";"0,000";"4,357";"0,000";"0,034";"0,000";"0,000";"0,077";"3,317";"2,684";"2,891";"8,892";"4,535";"0,000";"4,535";
"16/09/2024 14:00";"1,249";"0,000";"0,759";"0,000";"1,097";"0,000";"3,105";"0,000";"0,037";"0,000";"0,000";"0,151";"2,749";"2,259";"2,597";"7,604";"4,499";"0,000";"4,499";
"16/09/2024 14:10";"1,071";"0,000";"0,538";"0,000";"0,877";"0,000";"2,486";"0,000";"0,008";"0,000";"0,000";"0,155";"2,575";"2,043";"2,382";"7,000";"4,514";"0,000";"4,514";
"16/09/2024 14:20";"1,058";"0,000";"0,573";"0,000";"0,676";"0,000";"2,307";"0,000";"0,017";"0,000";"0,000";"0,064";"2,544";"2,060";"2,162";"6,766";"4,459";"0,000";"4,459";
"16/09/2024 14:30";"0,867";"0,000";"0,458";"0,000";"0,167";"0,000";"1,493";"0,000";"0,000";"0,000";"0,000";"0,106";"2,384";"1,975";"1,684";"6,044";"4,551";"0,000";"4,551";
"16/09/2024 14:40";"0,886";"0,000";"0,423";"0,000";"0,164";"0,000";"1,473";"0,000";"0,001";"0,000";"0,000";"0,094";"2,373";"1,910";"1,651";"5,934";"4,461";"0,000";"4,461";
"16/09/2024 14:50";"1,008";"0,000";"0,542";"0,000";"0,311";"0,000";"1,862";"0,000";"0,130";"0,000";"0,000";"0,173";"2,493";"2,027";"1,796";"6,316";"4,454";"0,000";"4,454";
"16/09/2024 15:00";"0,842";"0,000";"0,470";"0,000";"0,200";"0,000";"1,512";"0,000";"0,025";"0,000";"0,000";"0,078";"2,319";"1,947";"1,677";"5,944";"4,432";"0,000";"4,432";
"16/09/2024 15:10";"0,810";"0,000";"0,337";"0,000";"0,142";"0,000";"1,289";"0,000";"0,002";"0,000";"0,000";"0,074";"2,285";"1,813";"1,618";"5,715";"4,426";"0,000";"4,426";
"16/09/2024 15:20";"0,733";"0,000";"0,363";"0,000";"0,139";"0,000";"1,235";"0,000";"0,004";"0,000";"0,000";"0,074";"2,207";"1,836";"1,613";"5,655";"4,420";"0,000";"4,420";
"16/09/2024 15:30";"0,716";"0,000";"0,425";"0,000";"0,164";"0,000";"1,305";"0,000";"0,001";"0,000";"0,000";"0,088";"2,170";"1,878";"1,617";"5,665";"4,360";"0,000";"4,360";
"16/09/2024 15:40";"0,866";"0,000";"0,570";"0,000";"0,331";"0,000";"1,767";"0,000";"0,056";"0,000";"0,000";"0,198";"2,297";"2,002";"1,762";"6,062";"4,295";"0,000";"4,295";
"16/09/2024 15:50";"0,696";"0,000";"0,428";"0,000";"0,167";"0,000";"1,291";"0,000";"0,000";"0,000";"0,000";"0,115";"2,100";"1,832";"1,570";"5,501";"4,210";"0,000";"4,210";
"16/09/2024 16:00";"0,661";"0,000";"0,416";"0,000";"0,164";"0,000";"1,241";"0,000";"0,000";"0,000";"0,000";"0,129";"2,035";"1,790";"1,538";"5,363";"4,122";"0,000";"4,122";
"16/09/2024 16:10";"0,713";"0,000";"0,421";"0,000";"0,177";"0,000";"1,310";"0,000";"0,002";"0,000";"0,000";"0,085";"2,066";"1,774";"1,530";"5,369";"4,059";"0,000";"4,059";
"16/09/2024 16:20";"0,857";"0,000";"0,558";"0,000";"0,268";"0,000";"1,684";"0,000";"0,158";"0,000";"0,000";"0,109";"2,161";"1,862";"1,572";"5,595";"3,911";"0,000";"3,911";
"16/09/2024 16:30";"0,643";"0,000";"0,408";"0,000";"0,122";"0,000";"1,173";"0,000";"0,000";"0,000";"0,000";"0,135";"1,889";"1,655";"1,368";"4,912";"3,739";"0,000";"3,739";
"16/09/2024 16:40";"0,722";"0,000";"0,433";"0,000";"0,169";"0,000";"1,324";"0,000";"0,000";"0,000";"0,000";"0,083";"1,905";"1,617";"1,352";"4,874";"3,550";"0,000";"3,550";
"16/09/2024 16:50";"0,686";"0,000";"0,429";"0,000";"0,126";"0,000";"1,240";"0,000";"0,000";"0,000";"0,000";"0,102";"1,842";"1,585";"1,282";"4,709";"3,469";"0,000";"3,469";
"16/09/2024 17:00";"0,649";"0,000";"0,395";"0,000";"0,122";"0,000";"1,166";"0,000";"0,001";"0,000";"0,000";"0,125";"1,795";"1,541";"1,267";"4,602";"3,436";"0,000";"3,436";
"16/09/2024 17:10";"0,857";"0,000";"0,586";"0,000";"0,293";"0,000";"1,735";"0,000";"0,145";"0,000";"0,000";"0,126";"1,954";"1,683";"1,390";"5,028";"3,293";"0,000";"3,293";
"16/09/2024 17:20";"0,695";"0,000";"0,462";"0,000";"0,150";"0,000";"1,306";"0,000";"0,000";"0,000";"0,000";"0,090";"1,739";"1,506";"1,194";"4,439";"3,133";"0,000";"3,133";
"16/09/2024 17:30";"0,668";"0,000";"0,372";"0,000";"0,126";"0,000";"1,165";"0,000";"0,003";"0,000";"0,000";"0,102";"1,655";"1,359";"1,113";"4,128";"2,963";"0,000";"2,963";
"16/09/2024 17:40";"0,680";"0,000";"0,423";"0,000";"0,121";"0,000";"1,224";"0,000";"0,000";"0,000";"0,000";"0,136";"1,612";"1,354";"1,053";"4,018";"2,794";"0,000";"2,794";
"16/09/2024 17:50";"0,858";"0,000";"0,599";"0,000";"0,317";"0,000";"1,774";"0,000";"0,181";"0,000";"0,000";"0,095";"1,735";"1,476";"1,194";"4,405";"2,631";"0,000";"2,631";
"16/09/2024 18:00";"0,677";"0,000";"0,394";"0,000";"0,151";"0,000";"1,223";"0,000";"0,000";"0,000";"0,000";"0,118";"1,495";"1,212";"0,969";"3,677";"2,454";"0,000";"2,454";
"16/09/2024 18:10";"0,706";"0,000";"0,405";"0,000";"0,153";"0,000";"1,264";"0,000";"0,000";"0,000";"0,000";"0,135";"1,451";"1,150";"0,898";"3,499";"2,235";"0,000";"2,235";
"16/09/2024 18:20";"0,695";"0,000";"0,443";"0,000";"0,189";"0,000";"1,327";"0,000";"0,004";"0,000";"0,000";"0,101";"1,363";"1,111";"0,857";"3,330";"2,003";"0,000";"2,003";
"16/09/2024 18:30";"0,701";"0,000";"0,374";"0,000";"0,163";"0,000";"1,239";"0,000";"0,001";"0,000";"0,000";"0,142";"1,291";"0,965";"0,754";"3,010";"1,771";"0,000";"1,771";
"16/09/2024 18:40";"0,607";"0,000";"0,553";"0,000";"0,316";"0,000";"1,476";"0,000";"0,037";"0,000";"0,000";"0,188";"1,139";"1,086";"0,848";"3,073";"1,597";"0,000";"1,597";
"16/09/2024 18:50";"0,398";"0,000";"0,316";"0,000";"0,123";"0,000";"0,838";"0,000";"0,000";"0,000";"0,000";"0,093";"0,862";"0,780";"0,587";"2,230";"1,392";"0,000";"1,392";
"16/09/2024 19:00";"0,394";"0,000";"0,373";"0,000";"0,156";"0,000";"0,923";"0,000";"0,002";"0,000";"0,000";"0,074";"0,786";"0,766";"0,548";"2,100";"1,177";"0,000";"1,177";
"16/09/2024 19:10";"0,385";"0,000";"0,321";"0,000";"0,127";"0,000";"0,833";"0,000";"0,007";"0,000";"0,000";"0,082";"0,708";"0,644";"0,449";"1,801";"0,968";"0,000";"0,968";
"16/09/2024 19:20";"0,601";"0,000";"0,434";"0,000";"0,304";"0,000";"1,340";"0,000";"0,038";"0,000";"0,000";"0,187";"0,859";"0,692";"0,562";"2,113";"0,773";"0,000";"0,773";
"16/09/2024 19:30";"0,604";"0,000";"0,324";"0,000";"0,118";"0,000";"1,046";"0,000";"0,000";"0,000";"0,000";"0,105";"0,798";"0,519";"0,312";"1,629";"0,583";"0,000";"0,583";
"16/09/2024 19:40";"0,450";"0,000";"0,329";"0,000";"0,155";"0,000";"0,933";"0,000";"0,012";"0,000";"0,000";"0,080";"0,591";"0,470";"0,296";"1,356";"0,423";"0,000";"0,423";
"16/09/2024 19:50";"0,378";"0,000";"0,322";"0,000";"0,130";"0,000";"0,831";"0,000";"0,007";"0,000";"0,000";"0,084";"0,474";"0,418";"0,226";"1,118";"0,287";"0,000";"0,287";
"16/09/2024 20:00";"0,348";"0,000";"0,305";"0,000";"0,118";"0,000";"0,771";"0,000";"0,000";"0,000";"0,000";"0,116";"0,408";"0,366";"0,178";"0,952";"0,181";"0,000";"0,181";
"16/09/2024 20:10";"0,582";"0,000";"0,486";"0,000";"0,328";"0,000";"1,397";"0,000";"0,195";"0,000";"0,000";"0,048";"0,618";"0,523";"0,365";"1,506";"0,109";"0,000";"0,109";
"16/09/2024 20:20";"0,355";"0,000";"0,313";"0,000";"0,118";"0,000";"0,787";"0,000";"0,002";"0,000";"0,000";"0,090";"0,374";"0,332";"0,137";"0,843";"0,056";"0,000";"0,056";
"16/09/2024 20:30";"0,406";"0,000";"0,368";"0,000";"0,172";"0,000";"0,946";"0,000";"0,010";"0,000";"0,000";"0,067";"0,415";"0,376";"0,180";"0,971";"0,025";"0,000";"0,025";
"16/09/2024 20:40";"0,365";"0,000";"0,278";"0,000";"0,123";"0,000";"0,767";"0,000";"0,000";"0,000";"0,000";"0,091";"0,366";"0,280";"0,125";"0,771";"0,004";"0,000";"0,004";
"16/09/2024 20:50";"0,754";"0,000";"0,511";"0,000";"0,349";"0,000";"1,615";"0,000";"0,039";"0,000";"0,000";"0,083";"0,754";"0,511";"0,349";"1,615";"0,000";"0,000";"0,000";
"16/09/2024 21:00";"0,560";"0,000";"0,348";"0,000";"0,152";"0,000";"1,059";"0,000";"0,012";"0,000";"0,000";"0,095";"0,560";"0,348";"0,152";"1,059";"0,000";"0,000";"0,000";
"16/09/2024 21:10";"0,533";"0,000";"0,487";"0,000";"0,297";"0,000";"1,316";"0,000";"0,000";"0,000";"0,000";"0,169";"0,533";"0,487";"0,297";"1,316";"0,000";"0,000";"0,000";
"16/09/2024 21:20";"0,510";"0,000";"0,509";"0,000";"0,278";"0,000";"1,297";"0,000";"0,000";"0,000";"0,000";"0,187";"0,510";"0,509";"0,278";"1,297";"0,000";"0,000";"0,000";
"16/09/2024 21:30";"0,502";"0,000";"0,459";"0,000";"0,260";"0,000";"1,220";"0,000";"0,000";"0,000";"0,000";"0,203";"0,502";"0,459";"0,260";"1,220";"0,000";"0,000";"0,000";
"16/09/2024 21:40";"0,714";"0,000";"0,688";"0,000";"0,493";"0,000";"1,896";"0,000";"0,134";"0,000";"0,000";"0,209";"0,714";"0,688";"0,493";"1,896";"0,000";"0,000";"0,000";
"16/09/2024 21:50";"0,495";"0,000";"0,491";"0,000";"0,262";"0,000";"1,248";"0,000";"0,000";"0,000";"0,000";"0,168";"0,495";"0,491";"0,262";"1,248";"0,000";"0,000";"0,000";
"16/09/2024 22:00";"0,495";"0,000";"0,454";"0,000";"0,263";"0,000";"1,213";"0,000";"0,000";"0,000";"0,000";"0,216";"0,495";"0,454";"0,263";"1,213";"0,000";"0,000";"0,000";
"16/09/2024 22:10";"0,492";"0,000";"0,451";"0,000";"0,259";"0,000";"1,202";"0,000";"0,000";"0,000";"0,000";"0,191";"0,492";"0,451";"0,259";"1,202";"0,000";"0,000";"0,000";
"16/09/2024 22:20";"0,673";"0,000";"0,734";"0,000";"0,524";"0,000";"1,931";"0,000";"0,039";"0,000";"0,000";"0,246";"0,673";"0,734";"0,524";"1,931";"0,000";"0,000";"0,000";
"16/09/2024 22:30";"0,515";"0,000";"0,444";"0,000";"0,260";"0,000";"1,219";"0,000";"0,000";"0,000";"0,000";"0,213";"0,515";"0,444";"0,260";"1,219";"0,000";"0,000";"0,000";
"16/09/2024 22:40";"0,643";"0,000";"0,453";"0,000";"0,260";"0,000";"1,355";"0,000";"0,000";"0,000";"0,000";"0,195";"0,643";"0,453";"0,260";"1,355";"0,000";"0,000";"0,000";
"16/09/2024 22:50";"0,768";"0,000";"0,561";"0,000";"0,328";"0,000";"1,657";"0,000";"0,000";"0,000";"0,000";"0,165";"0,768";"0,561";"0,328";"1,657";"0,000";"0,000";"0,000";
"16/09/2024 23:00";"0,515";"0,000";"0,438";"0,000";"0,266";"0,000";"1,219";"0,000";"0,000";"0,000";"0,000";"0,183";"0,515";"0,438";"0,266";"1,219";"0,000";"0,000";"0,000";
"16/09/2024 23:10";"0,615";"0,000";"0,615";"0,000";"0,453";"0,000";"1,682";"0,000";"0,035";"0,000";"0,000";"0,312";"0,615";"0,615";"0,453";"1,682";"0,000";"0,000";"0,000";
"16/09/2024 23:20";"0,532";"0,000";"0,543";"0,000";"0,306";"0,000";"1,381";"0,000";"0,000";"0,000";"0,000";"0,165";"0,532";"0,543";"0,306";"1,381";"0,000";"0,000";"0,000";
"16/09/2024 23:30";"0,522";"0,000";"0,476";"0,000";"0,290";"0,000";"1,288";"0,000";"0,000";"0,000";"0,000";"0,164";"0,522";"0,476";"0,290";"1,288";"0,000";"0,000";"0,000";
"16/09/2024 23:40";"0,504";"0,000";"0,469";"0,000";"0,261";"0,000";"1,233";"0,000";"0,000";"0,000";"0,000";"0,211";"0,504";"0,469";"0,261";"1,233";"0,000";"0,000";"0,000";
"16/09/2024 23:50";"0,614";"0,000";"0,645";"0,000";"0,453";"0,000";"1,712";"0,000";"0,035";"0,000";"0,000";"0,186";"0,614";"0,645";"0,453";"1,712";"0,000";"0,000";"0,000";
"17/09/2024 00:00";"0,526";"0,000";"0,522";"0,000";"0,336";"0,000";"1,383";"0,000";"0,000";"0,000";"0,000";"0,173";"0,526";"0,522";"0,336";"1,383";"0,000";"0,000";"0,000";
"17/09/2024 00:10";"0,516";"0,000";"0,468";"0,000";"0,259";"0,000";"1,242";"0,000";"0,000";"0,000";"0,000";"0,197";"0,516";"0,468";"0,259";"1,242";"0,000";"0,000";"0,000";
"17/09/2024 00:20";"0,468";"0,000";"0,470";"0,000";"0,259";"0,000";"1,197";"0,000";"0,000";"0,000";"0,000";"0,235";"0,468";"0,470";"0,259";"1,197";"0,000";"0,000";"0,000";
"17/09/2024 00:30";"0,560";"0,000";"0,528";"0,000";"0,333";"0,000";"1,421";"0,000";"0,001";"0,000";"0,000";"0,138";"0,560";"0,528";"0,333";"1,421";"0,000";"0,000";"0,000";
"17/09/2024 00:40";"0,635";"0,000";"0,633";"0,000";"0,460";"0,000";"1,728";"0,000";"0,034";"0,000";"0,000";"0,225";"0,635";"0,633";"0,460";"1,728";"0,000";"0,000";"0,000";
"17/09/2024 00:50";"0,471";"0,000";"0,469";"0,000";"0,261";"0,000";"1,202";"0,000";"0,000";"0,000";"0,000";"0,228";"0,471";"0,469";"0,261";"1,202";"0,000";"0,000";"0,000";
"17/09/2024 01:00";"0,554";"0,000";"0,509";"0,000";"0,323";"0,000";"1,385";"0,000";"0,012";"0,000";"0,000";"0,138";"0,554";"0,509";"0,323";"1,385";"0,000";"0,000";"0,000";
"17/09/2024 01:10";"0,706";"0,000";"0,483";"0,000";"0,273";"0,000";"1,463";"0,000";"0,000";"0,000";"0,000";"0,218";"0,706";"0,483";"0,273";"1,463";"0,000";"0,000";"0,000";
"17/09/2024 01:20";"0,720";"0,000";"0,530";"0,000";"0,315";"0,000";"1,565";"0,000";"0,051";"0,000";"0,000";"0,216";"0,720";"0,530";"0,315";"1,565";"0,000";"0,000";"0,000";
"17/09/2024 01:30";"0,595";"0,000";"0,571";"0,000";"0,381";"0,000";"1,547";"0,000";"0,059";"0,000";"0,000";"0,171";"0,595";"0,571";"0,381";"1,547";"0,000";"0,000";"0,000";
"17/09/2024 01:40";"0,558";"0,000";"0,522";"0,000";"0,315";"0,000";"1,395";"0,000";"0,000";"0,000";"0,000";"0,161";"0,558";"0,522";"0,315";"1,395";"0,000";"0,000";"0,000";
"17/09/2024 01:50";"0,490";"0,000";"0,476";"0,000";"0,259";"0,000";"1,225";"0,000";"0,000";"0,000";"0,000";"0,210";"0,490";"0,476";"0,259";"1,225";"0,000";"0,000";"0,000";
"17/09/2024 02:00";"0,494";"0,000";"0,448";"0,000";"0,262";"0,000";"1,205";"0,000";"0,000";"0,000";"0,000";"0,216";"0,494";"0,448";"0,262";"1,205";"0,000";"0,000";"0,000";
"17/09/2024 02:10";"0,696";"0,000";"0,703";"0,000";"0,525";"0,000";"1,925";"0,000";"0,038";"0,000";"0,000";"0,237";"0,696";"0,703";"0,525";"1,925";"0,000";"0,000";"0,000";
"17/09/2024 02:20";"0,494";"0,000";"0,471";"0,000";"0,259";"0,000";"1,225";"0,000";"0,000";"0,000";"0,000";"0,243";"0,494";"0,471";"0,259";"1,225";"0,000";"0,000";"0,000";
"17/09/2024 02:30";"0,476";"0,000";"0,444";"0,000";"0,258";"0,000";"1,179";"0,000";"0,000";"0,000";"0,000";"0,204";"0,476";"0,444";"0,258";"1,179";"0,000";"0,000";"0,000";
"17/09/2024 02:40";"0,558";"0,000";"0,558";"0,000";"0,342";"0,000";"1,458";"0,000";"0,000";"0,000";"0,000";"0,125";"0,558";"0,558";"0,342";"1,458";"0,000";"0,000";"0,000";
"17/09/2024 02:50";"0,502";"0,000";"0,471";"0,000";"0,262";"0,000";"1,235";"0,000";"0,000";"0,000";"0,000";"0,219";"0,502";"0,471";"0,262";"1,235";"0,000";"0,000";"0,000";
"17/09/2024 03:00";"0,596";"0,000";"0,612";"0,000";"0,463";"0,000";"1,671";"0,000";"0,042";"0,000";"0,000";"0,228";"0,596";"0,612";"0,463";"1,671";"0,000";"0,000";"0,000";
"17/09/2024 03:10";"0,515";"0,000";"0,501";"0,000";"0,305";"0,000";"1,322";"0,000";"0,000";"0,000";"0,000";"0,179";"0,515";"0,501";"0,305";"1,322";"0,000";"0,000";"0,000";
"17/09/2024 03:20";"0,568";"0,000";"0,515";"0,000";"0,303";"0,000";"1,385";"0,000";"0,000";"0,000";"0,000";"0,164";"0,568";"0,515";"0,303";"1,385";"0,000";"0,000";"0,000";
"17/09/2024 03:30";"0,455";"0,000";"0,462";"0,000";"0,258";"0,000";"1,176";"0,000";"0,000";"0,000";"0,000";"0,229";"0,455";"0,462";"0,258";"1,176";"0,000";"0,000";"0,000";
"17/09/2024 03:40";"0,628";"0,000";"0,602";"0,000";"0,415";"0,000";"1,645";"0,000";"0,153";"0,000";"0,000";"0,154";"0,628";"0,602";"0,415";"1,645";"0,000";"0,000";"0,000";
"17/09/2024 03:50";"0,582";"0,000";"0,588";"0,000";"0,346";"0,000";"1,516";"0,000";"0,000";"0,000";"0,000";"0,144";"0,582";"0,588";"0,346";"1,516";"0,000";"0,000";"0,000";
"17/09/2024 04:00";"0,597";"0,000";"0,459";"0,000";"0,260";"0,000";"1,316";"0,000";"0,000";"0,000";"0,000";"0,187";"0,597";"0,459";"0,260";"1,316";"0,000";"0,000";"0,000";
"17/09/2024 04:10";"0,824";"0,000";"0,441";"0,000";"0,264";"0,000";"1,528";"0,000";"0,000";"0,000";"0,000";"0,161";"0,824";"0,441";"0,264";"1,528";"0,000";"0,000";"0,000";
"17/09/2024 04:20";"0,685";"0,000";"0,533";"0,000";"0,299";"0,000";"1,516";"0,000";"0,012";"0,000";"0,000";"0,144";"0,685";"0,533";"0,299";"1,516";"0,000";"0,000";"0,000";
"17/09/2024 04:30";"0,755";"0,000";"0,673";"0,000";"0,505";"0,000";"1,933";"0,000";"0,039";"0,000";"0,000";"0,220";"0,755";"0,673";"0,505";"1,933";"0,000";"0,000";"0,000";
"17/09/2024 04:40";"0,563";"0,000";"0,433";"0,000";"0,263";"0,000";"1,258";"0,000";"0,000";"0,000";"0,000";"0,173";"0,563";"0,433";"0,263";"1,258";"0,000";"0,000";"0,000";
"17/09/2024 04:50";"0,623";"0,000";"0,476";"0,000";"0,262";"0,000";"1,360";"0,000";"0,000";"0,000";"0,000";"0,136";"0,623";"0,476";"0,262";"1,360";"0,000";"0,000";"0,000";
"17/09/2024 05:00";"0,615";"0,000";"0,572";"0,000";"0,349";"0,000";"1,536";"0,000";"0,000";"0,000";"0,000";"0,130";"0,615";"0,572";"0,349";"1,536";"0,000";"0,000";"0,000";
"17/09/2024 05:10";"0,601";"0,000";"0,588";"0,000";"0,461";"0,000";"1,650";"0,000";"0,033";"0,000";"0,000";"0,274";"0,601";"0,588";"0,461";"1,650";"0,000";"0,000";"0,000";
"17/09/2024 05:20";"0,510";"0,000";"0,468";"0,000";"0,262";"0,000";"1,240";"0,000";"0,000";"0,000";"0,000";"0,222";"0,510";"0,468";"0,262";"1,240";"0,000";"0,000";"0,000";
"17/09/2024 05:30";"1,457";"0,000";"1,201";"0,000";"0,937";"0,000";"3,594";"0,000";"0,019";"0,000";"0,000";"0,142";"1,457";"1,201";"0,937";"3,594";"0,000";"0,000";"0,000";
"17/09/2024 05:40";"1,818";"0,000";"1,397";"0,000";"1,651";"0,000";"4,867";"0,000";"0,000";"0,000";"0,000";"0,267";"1,818";"1,397";"1,651";"4,867";"0,000";"0,000";"0,000";
"17/09/2024 05:50";"1,957";"0,000";"1,522";"0,000";"1,771";"0,000";"5,249";"0,000";"0,045";"0,000";"0,000";"0,347";"1,957";"1,522";"1,771";"5,249";"0,000";"0,000";"0,000";
"17/09/2024 06:00";"2,840";"0,000";"2,431";"0,000";"2,919";"0,000";"8,190";"0,000";"0,421";"0,000";"0,000";"0,314";"2,840";"2,431";"2,919";"8,190";"0,000";"0,000";"0,000";
"17/09/2024 06:10";"2,558";"0,000";"2,139";"0,000";"2,629";"0,000";"7,327";"0,000";"1,084";"0,000";"0,000";"0,527";"2,558";"2,139";"2,629";"7,327";"0,000";"0,000";"0,000";
"17/09/2024 06:20";"2,705";"0,000";"2,422";"0,000";"2,860";"0,000";"7,986";"0,000";"0,773";"0,000";"0,000";"0,511";"2,705";"2,422";"2,860";"7,986";"0,000";"0,000";"0,000";
"17/09/2024 06:30";"3,208";"0,000";"3,110";"0,000";"3,357";"0,000";"9,676";"0,000";"0,646";"0,000";"0,000";"0,576";"3,208";"3,110";"3,357";"9,676";"0,000";"0,000";"0,000";
"17/09/2024 06:40";"3,205";"0,000";"2,969";"0,000";"3,152";"0,000";"9,325";"0,000";"0,714";"0,000";"0,000";"0,031";"3,205";"2,969";"3,152";"9,325";"0,000";"0,000";"0,000";
"17/09/2024 06:50";"3,692";"0,000";"2,943";"0,000";"3,035";"0,000";"9,670";"0,000";"1,321";"0,000";"0,000";"0,510";"3,692";"2,943";"3,035";"9,670";"0,000";"0,000";"0,000";
"17/09/2024 07:00";"3,738";"0,000";"2,938";"0,000";"2,910";"0,000";"9,586";"0,000";"0,871";"0,000";"0,000";"0,244";"3,738";"2,938";"2,910";"9,586";"0,000";"0,000";"0,000";
"17/09/2024 07:10";"2,923";"0,000";"2,457";"0,000";"2,604";"0,000";"7,983";"0,000";"1,232";"0,000";"0,000";"0,829";"2,923";"2,457";"2,604";"7,983";"0,000";"0,000";"0,000";
"17/09/2024 07:20";"3,092";"0,000";"2,583";"0,000";"3,076";"0,000";"8,751";"0,000";"1,255";"0,000";"0,000";"0,589";"3,092";"2,583";"3,076";"8,751";"0,000";"0,000";"0,000";
"17/09/2024 07:30";"3,516";"0,000";"3,070";"0,000";"3,407";"0,000";"9,992";"0,000";"0,931";"0,000";"0,000";"0,489";"3,516";"3,070";"3,407";"9,992";"0,000";"0,000";"0,000";
"17/09/2024 07:40";"3,207";"0,000";"2,492";"0,000";"2,798";"0,000";"8,497";"0,000";"0,481";"0,000";"0,000";"0,120";"3,207";"2,492";"2,798";"8,497";"0,000";"0,000";"0,000";
"17/09/2024 07:50";"2,793";"0,000";"2,096";"0,000";"2,412";"0,000";"7,301";"0,000";"1,137";"0,000";"0,000";"0,813";"2,793";"2,096";"2,412";"7,301";"0,000";"0,000";"0,000";
"17/09/2024 08:00";"2,879";"0,000";"2,558";"0,000";"2,893";"0,000";"8,330";"0,000";"0,877";"0,000";"0,000";"0,512";"2,879";"2,558";"2,893";"8,330";"0,000";"0,000";"0,000";
"17/09/2024 08:10";"3,067";"0,000";"2,801";"0,000";"3,059";"0,000";"8,927";"0,000";"1,695";"0,000";"0,000";"0,678";"3,067";"2,801";"3,059";"8,927";"0,000";"0,000";"0,000";
"17/09/2024 08:20";"3,230";"0,000";"2,288";"0,000";"2,769";"0,000";"8,288";"0,000";"1,365";"0,000";"0,000";"0,654";"3,230";"2,288";"2,769";"8,288";"0,000";"0,000";"0,000";
"17/09/2024 08:30";"3,225";"0,000";"2,254";"0,000";"2,566";"0,000";"8,045";"0,000";"1,223";"0,000";"0,000";"0,650";"3,225";"2,254";"2,566";"8,045";"0,000";"0,000";"0,000";
"17/09/2024 08:40";"3,159";"0,000";"3,197";"0,000";"3,306";"0,000";"9,661";"0,000";"1,112";"0,000";"0,000";"0,591";"3,159";"3,197";"3,306";"9,661";"0,000";"0,000";"0,000";
"17/09/2024 08:50";"3,001";"0,000";"2,762";"0,000";"3,055";"0,000";"8,818";"0,000";"1,160";"0,000";"0,000";"0,793";"3,001";"2,762";"3,055";"8,818";"0,000";"0,000";"0,000";
"17/09/2024 09:00";"2,847";"0,000";"2,245";"0,000";"2,554";"0,000";"7,646";"0,000";"0,706";"0,000";"0,000";"0,739";"2,871";"2,269";"2,578";"7,718";"0,072";"0,000";"0,072";
"17/09/2024 09:10";"3,119";"0,000";"2,557";"0,000";"2,874";"0,000";"8,550";"0,000";"0,675";"0,000";"0,000";"0,104";"3,355";"2,794";"3,111";"9,259";"0,709";"0,000";"0,709";
"17/09/2024 09:20";"2,931";"0,000";"2,536";"0,000";"2,830";"0,000";"8,297";"0,000";"0,440";"0,000";"0,000";"0,281";"3,236";"2,842";"3,135";"9,213";"0,916";"0,000";"0,916";
"17/09/2024 09:30";"3,423";"0,000";"2,886";"0,000";"3,388";"0,000";"9,698";"0,000";"0,581";"0,000";"0,000";"0,742";"3,807";"3,270";"3,772";"10,849";"1,151";"0,000";"1,151";
"17/09/2024 09:40";"4,138";"0,000";"3,794";"0,000";"3,968";"0,000";"11,900";"0,000";"1,361";"0,000";"0,000";"0,380";"4,597";"4,253";"4,426";"13,275";"1,375";"0,000";"1,375";
"17/09/2024 09:50";"3,443";"0,000";"3,302";"0,000";"3,650";"0,000";"10,395";"0,000";"0,729";"0,000";"0,000";"0,192";"3,970";"3,829";"4,177";"11,976";"1,581";"0,000";"1,581";
"17/09/2024 10:00";"2,656";"0,000";"2,522";"0,000";"3,025";"0,000";"8,202";"0,000";"0,087";"0,000";"0,000";"0,268";"3,254";"3,120";"3,623";"9,997";"1,795";"0,000";"1,795";
"17/09/2024 10:10";"2,798";"0,000";"2,513";"0,000";"2,738";"0,000";"8,050";"0,000";"0,485";"0,000";"0,000";"0,057";"3,467";"3,182";"3,407";"10,057";"2,007";"0,000";"2,007";
"17/09/2024 10:20";"3,378";"0,000";"3,137";"0,000";"3,462";"0,000";"9,978";"0,000";"1,181";"0,000";"0,000";"0,488";"4,118";"3,878";"4,203";"12,199";"2,221";"0,000";"2,221";
"17/09/2024 10:30";"3,931";"0,000";"3,643";"0,000";"4,279";"0,000";"11,853";"0,000";"1,577";"0,000";"0,000";"0,515";"4,741";"4,452";"5,089";"14,282";"2,429";"0,000";"2,429";
"17/09/2024 10:40";"3,946";"0,000";"3,563";"0,000";"3,900";"0,000";"11,410";"0,000";"1,321";"0,000";"0,000";"0,522";"4,822";"4,439";"4,776";"14,038";"2,628";"0,000";"2,628";
"17/09/2024 10:50";"3,173";"0,000";"2,953";"0,000";"3,392";"0,000";"9,519";"0,000";"1,276";"0,000";"0,000";"0,217";"4,109";"3,889";"4,328";"12,326";"2,807";"0,000";"2,807";
"17/09/2024 11:00";"3,632";"0,000";"3,764";"0,000";"4,118";"0,000";"11,515";"0,000";"1,304";"0,000";"0,000";"0,230";"4,633";"4,765";"5,119";"14,518";"3,003";"0,000";"3,003";
"17/09/2024 11:10";"4,544";"0,000";"4,032";"0,000";"4,454";"0,000";"13,030";"0,000";"1,720";"0,000";"0,000";"0,436";"5,604";"5,091";"5,514";"16,209";"3,179";"0,000";"3,179";
"17/09/2024 11:20";"3,807";"0,000";"3,257";"0,000";"3,912";"0,000";"10,976";"0,000";"0,787";"0,000";"0,000";"0,352";"4,924";"4,373";"5,028";"14,326";"3,350";"0,000";"3,350";
"17/09/2024 11:30";"3,607";"0,000";"3,216";"0,000";"3,733";"0,000";"10,556";"0,000";"0,774";"0,000";"0,000";"0,312";"4,778";"4,387";"4,904";"14,069";"3,513";"0,000";"3,513";
"17/09/2024 11:40";"4,784";"0,000";"4,509";"0,000";"4,697";"0,000";"13,991";"0,000";"1,052";"0,000";"0,000";"0,132";"5,989";"5,714";"5,902";"17,605";"3,614";"0,000";"3,614";
"17/09/2024 11:50";"3,971";"0,000";"3,627";"0,000";"4,085";"0,000";"11,683";"0,000";"0,580";"0,000";"0,000";"0,245";"5,203";"4,860";"5,317";"15,380";"3,697";"0,000";"3,697";
"17/09/2024 12:00";"3,085";"0,000";"2,691";"0,000";"3,197";"0,000";"8,973";"0,000";"0,659";"0,000";"0,000";"0,502";"4,358";"3,965";"4,470";"12,793";"3,820";"0,000";"3,820";
"17/09/2024 12:10";"2,799";"0,000";"2,599";"0,000";"2,748";"0,000";"8,147";"0,000";"1,184";"0,000";"0,000";"0,152";"4,134";"3,934";"4,083";"12,151";"4,004";"0,000";"4,004";
"17/09/2024 12:20";"2,742";"0,000";"2,719";"0,000";"3,080";"0,000";"8,541";"0,000";"1,052";"0,000";"0,000";"0,181";"4,102";"4,080";"4,440";"12,622";"4,081";"0,000";"4,081";
"17/09/2024 12:30";"3,304";"0,000";"2,741";"0,000";"3,172";"0,000";"9,217";"0,000";"0,720";"0,000";"0,000";"0,504";"4,705";"4,142";"4,573";"13,419";"4,202";"0,000";"4,202";
"17/09/2024 12:40";"2,993";"0,000";"2,794";"0,000";"3,161";"0,000";"8,948";"0,000";"0,814";"0,000";"0,000";"0,682";"4,421";"4,222";"4,588";"13,231";"4,283";"0,000";"4,283";
"17/09/2024 12:50";"2,709";"0,000";"2,534";"0,000";"2,915";"0,000";"8,158";"0,000";"0,951";"0,000";"0,000";"0,301";"4,157";"3,983";"4,363";"12,503";"4,345";"0,000";"4,345";
"17/09/2024 13:00";"3,371";"0,000";"3,026";"0,000";"3,247";"0,000";"9,644";"0,000";"1,559";"0,000";"0,000";"0,537";"4,845";"4,500";"4,721";"14,066";"4,422";"0,000";"4,422";
"17/09/2024 13:10";"3,326";"0,000";"3,021";"0,000";"3,241";"0,000";"9,588";"0,000";"0,754";"0,000";"0,000";"0,519";"4,828";"4,524";"4,744";"14,096";"4,508";"0,000";"4,508";
"17/09/2024 13:20";"3,208";"0,000";"2,545";"0,000";"3,079";"0,000";"8,832";"0,000";"0,984";"0,000";"0,000";"0,214";"4,716";"4,054";"4,587";"13,357";"4,525";"0,000";"4,525";
"17/09/2024 13:30";"3,170";"0,000";"2,646";"0,000";"3,153";"0,000";"8,969";"0,000";"0,595";"0,000";"0,000";"0,340";"4,700";"4,177";"4,683";"13,560";"4,591";"0,000";"4,591";
"17/09/2024 13:40";"1,650";"0,000";"1,287";"0,000";"1,586";"0,000";"4,523";"0,000";"0,081";"0,000";"0,000";"0,211";"3,200";"2,838";"3,136";"9,174";"4,651";"0,000";"4,651";
"17/09/2024 13:50";"1,714";"0,000";"1,180";"0,000";"1,494";"0,000";"4,388";"0,000";"0,016";"0,000";"0,000";"0,086";"3,262";"2,728";"3,042";"9,032";"4,644";"0,000";"4,644";
"17/09/2024 14:00";"1,625";"0,000";"1,087";"0,000";"1,391";"0,000";"4,104";"0,000";"0,000";"0,000";"0,000";"0,128";"3,163";"2,624";"2,929";"8,716";"4,612";"0,000";"4,612";
"17/09/2024 14:10";"1,531";"0,000";"1,016";"0,000";"1,218";"0,000";"3,765";"0,000";"0,002";"0,000";"0,000";"0,122";"3,063";"2,549";"2,751";"8,363";"4,598";"0,000";"4,598";
"17/09/2024 14:20";"1,514";"0,000";"1,124";"0,000";"0,772";"0,000";"3,410";"0,000";"0,146";"0,000";"0,000";"0,080";"3,052";"2,662";"2,311";"8,025";"4,615";"0,000";"4,615";
"17/09/2024 14:30";"0,801";"0,000";"0,466";"0,000";"0,157";"0,000";"1,424";"0,000";"0,002";"0,000";"0,000";"0,113";"2,339";"2,005";"1,696";"6,040";"4,616";"0,000";"4,616";
"17/09/2024 14:40";"0,751";"0,000";"0,465";"0,000";"0,152";"0,000";"1,367";"0,000";"0,000";"0,000";"0,000";"0,113";"2,285";"1,999";"1,686";"5,969";"4,602";"0,000";"4,602";
"17/09/2024 14:50";"0,760";"0,000";"0,430";"0,000";"0,204";"0,000";"1,393";"0,000";"0,029";"0,000";"0,000";"0,118";"2,269";"1,939";"1,714";"5,922";"4,529";"0,000";"4,529";
"17/09/2024 15:00";"0,844";"0,000";"0,492";"0,000";"0,276";"0,000";"1,612";"0,000";"0,128";"0,000";"0,000";"0,098";"2,351";"2,000";"1,783";"6,134";"4,522";"0,000";"4,522";
"17/09/2024 15:10";"0,728";"0,000";"0,364";"0,000";"0,145";"0,000";"1,237";"0,000";"0,006";"0,000";"0,000";"0,075";"2,219";"1,854";"1,635";"5,709";"4,472";"0,000";"4,472";
"17/09/2024 15:20";"0,758";"0,000";"0,410";"0,000";"0,190";"0,000";"1,359";"0,000";"0,024";"0,000";"0,000";"0,093";"2,146";"1,798";"1,577";"5,522";"4,163";"0,000";"4,163";
"17/09/2024 15:30";"0,746";"0,000";"0,340";"0,000";"0,141";"0,000";"1,228";"0,000";"0,009";"0,000";"0,000";"0,075";"2,168";"1,762";"1,563";"5,492";"4,264";"0,000";"4,264";
"17/09/2024 15:40";"0,739";"0,000";"0,326";"0,000";"0,178";"0,000";"1,243";"0,000";"0,002";"0,000";"0,000";"0,077";"2,161";"1,749";"1,600";"5,510";"4,267";"0,000";"4,267";
"17/09/2024 15:50";"0,963";"0,000";"0,614";"0,000";"0,422";"0,000";"2,000";"0,000";"0,165";"0,000";"0,000";"0,078";"2,365";"2,016";"1,824";"6,206";"4,206";"0,000";"4,206";
"17/09/2024 16:00";"0,838";"0,000";"0,418";"0,000";"0,223";"0,000";"1,479";"0,000";"0,000";"0,000";"0,000";"0,151";"2,220";"1,800";"1,605";"5,625";"4,146";"0,000";"4,146";
"17/09/2024 16:10";"0,815";"0,000";"0,440";"0,000";"0,201";"0,000";"1,455";"0,000";"0,000";"0,000";"0,000";"0,089";"2,164";"1,789";"1,550";"5,502";"4,047";"0,000";"4,047";
"17/09/2024 16:20";"0,844";"0,000";"0,475";"0,000";"0,200";"0,000";"1,519";"0,000";"0,002";"0,000";"0,000";"0,088";"2,171";"1,802";"1,528";"5,501";"3,982";"0,000";"3,982";
"17/09/2024 16:30";"0,940";"0,000";"0,624";"0,000";"0,385";"0,000";"1,950";"0,000";"0,061";"0,000";"0,000";"0,107";"2,230";"1,914";"1,675";"5,819";"3,869";"0,000";"3,869";
"17/09/2024 16:40";"0,870";"0,000";"0,396";"0,000";"0,178";"0,000";"1,443";"0,000";"0,000";"0,000";"0,000";"0,131";"2,107";"1,632";"1,414";"5,153";"3,710";"0,000";"3,710";
"17/09/2024 16:50";"0,849";"0,000";"0,441";"0,000";"0,179";"0,000";"1,469";"0,000";"0,001";"0,000";"0,000";"0,109";"2,070";"1,663";"1,401";"5,134";"3,665";"0,000";"3,665";
"17/09/2024 17:00";"0,888";"0,000";"0,492";"0,000";"0,226";"0,000";"1,607";"0,000";"0,012";"0,000";"0,000";"0,101";"2,071";"1,675";"1,409";"5,155";"3,548";"0,000";"3,548";
"17/09/2024 17:10";"0,838";"0,000";"0,403";"0,000";"0,175";"0,000";"1,416";"0,000";"0,000";"0,000";"0,000";"0,147";"1,961";"1,525";"1,298";"4,784";"3,368";"0,000";"3,368";
"17/09/2024 17:20";"0,948";"0,000";"0,550";"0,000";"0,369";"0,000";"1,868";"0,000";"0,030";"0,000";"0,000";"0,239";"2,065";"1,667";"1,486";"5,219";"3,351";"0,000";"3,351";
"17/09/2024 17:30";"0,892";"0,000";"0,506";"0,000";"0,231";"0,000";"1,629";"0,000";"0,001";"0,000";"0,000";"0,061";"1,819";"1,432";"1,157";"4,408";"2,779";"0,000";"2,779";
"17/09/2024 17:40";"0,891";"0,000";"0,422";"0,000";"0,187";"0,000";"1,500";"0,000";"0,000";"0,000";"0,000";"0,097";"1,841";"1,372";"1,137";"4,350";"2,850";"0,000";"2,850";
"17/09/2024 17:50";"0,805";"0,000";"0,410";"0,000";"0,180";"0,000";"1,396";"0,000";"0,000";"0,000";"0,000";"0,124";"1,878";"1,483";"1,253";"4,614";"3,218";"0,000";"3,218";
"17/09/2024 18:00";"0,997";"0,000";"0,594";"0,000";"0,398";"0,000";"1,988";"0,000";"0,033";"0,000";"0,000";"0,111";"1,891";"1,489";"1,292";"4,672";"2,684";"0,000";"2,684";
"17/09/2024 18:10";"0,936";"0,000";"0,463";"0,000";"0,210";"0,000";"1,609";"0,000";"0,001";"0,000";"0,000";"0,076";"1,746";"1,272";"1,020";"4,038";"2,429";"0,000";"2,429";
"17/09/2024 18:20";"0,873";"0,000";"0,346";"0,000";"0,185";"0,000";"1,404";"0,000";"0,000";"0,000";"0,000";"0,157";"1,558";"1,031";"0,870";"3,459";"2,055";"0,000";"2,055";
"17/09/2024 18:30";"0,804";"0,000";"0,460";"0,000";"0,198";"0,000";"1,463";"0,000";"0,004";"0,000";"0,000";"0,087";"1,413";"1,069";"0,807";"3,289";"1,826";"0,000";"1,826";
"17/09/2024 18:40";"0,761";"0,000";"0,428";"0,000";"0,171";"0,000";"1,360";"0,000";"0,000";"0,000";"0,000";"0,138";"1,292";"0,960";"0,703";"2,955";"1,595";"0,000";"1,595";
"17/09/2024 18:50";"0,885";"0,000";"0,533";"0,000";"0,306";"0,000";"1,724";"0,000";"0,153";"0,000";"0,000";"0,128";"1,346";"0,994";"0,767";"3,106";"1,382";"0,000";"1,382";
"17/09/2024 19:00";"0,697";"0,000";"0,317";"0,000";"0,139";"0,000";"1,154";"0,000";"0,000";"0,000";"0,000";"0,139";"1,083";"0,703";"0,525";"2,312";"1,158";"0,000";"1,158";
"17/09/2024 19:10";"0,510";"0,000";"0,402";"0,000";"0,184";"0,000";"1,096";"0,000";"0,002";"0,000";"0,000";"0,083";"0,825";"0,717";"0,499";"2,041";"0,945";"0,000";"0,945";
"17/09/2024 19:20";"0,417";"0,000";"0,282";"0,000";"0,126";"0,000";"0,825";"0,000";"0,000";"0,000";"0,000";"0,120";"0,661";"0,525";"0,369";"1,555";"0,730";"0,000";"0,730";
"17/09/2024 19:30";"0,557";"0,000";"0,474";"0,000";"0,280";"0,000";"1,311";"0,000";"0,132";"0,000";"0,000";"0,068";"0,737";"0,654";"0,459";"1,850";"0,539";"0,000";"0,539";
"17/09/2024 19:40";"0,522";"0,000";"0,388";"0,000";"0,177";"0,000";"1,087";"0,000";"0,022";"0,000";"0,000";"0,106";"0,649";"0,515";"0,304";"1,468";"0,381";"0,000";"0,381";
"17/09/2024 19:50";"0,674";"0,000";"0,290";"0,000";"0,125";"0,000";"1,090";"0,000";"0,000";"0,000";"0,000";"0,118";"0,761";"0,376";"0,212";"1,349";"0,259";"0,000";"0,259";
"17/09/2024 20:00";"0,518";"0,000";"0,318";"0,000";"0,153";"0,000";"0,988";"0,000";"0,019";"0,000";"0,000";"0,094";"0,571";"0,372";"0,206";"1,148";"0,160";"0,000";"0,160";
"17/09/2024 20:10";"0,446";"0,000";"0,360";"0,000";"0,158";"0,000";"0,964";"0,000";"0,014";"0,000";"0,000";"0,126";"0,477";"0,390";"0,188";"1,055";"0,091";"0,000";"0,091";
"17/09/2024 20:20";"0,507";"0,000";"0,441";"0,000";"0,326";"0,000";"1,274";"0,000";"0,043";"0,000";"0,000";"0,146";"0,521";"0,455";"0,340";"1,316";"0,042";"0,000";"0,042";
"17/09/2024 20:30";"0,449";"0,000";"0,360";"0,000";"0,182";"0,000";"0,992";"0,000";"0,014";"0,000";"0,000";"0,084";"0,453";"0,364";"0,186";"1,003";"0,011";"0,000";"0,011";
"17/09/2024 20:40";"0,376";"0,000";"0,334";"0,000";"0,126";"0,000";"0,836";"0,000";"0,000";"0,000";"0,000";"0,113";"0,376";"0,334";"0,126";"0,836";"0,000";"0,000";"0,000";
"17/09/2024 20:50";"0,484";"0,000";"0,370";"0,000";"0,177";"0,000";"1,030";"0,000";"0,020";"0,000";"0,000";"0,081";"0,484";"0,370";"0,177";"1,030";"0,000";"0,000";"0,000";
"17/09/2024 21:00";"0,767";"0,000";"0,526";"0,000";"0,386";"0,000";"1,679";"0,000";"0,034";"0,000";"0,000";"0,226";"0,767";"0,526";"0,386";"1,679";"0,000";"0,000";"0,000";
"17/09/2024 21:10";"0,722";"0,000";"0,471";"0,000";"0,268";"0,000";"1,460";"0,000";"0,000";"0,000";"0,000";"0,223";"0,722";"0,471";"0,268";"1,460";"0,000";"0,000";"0,000";
"17/09/2024 21:20";"0,639";"0,000";"0,572";"0,000";"0,340";"0,000";"1,550";"0,000";"0,000";"0,000";"0,000";"0,132";"0,639";"0,572";"0,340";"1,550";"0,000";"0,000";"0,000";
"17/09/2024 21:30";"0,516";"0,000";"0,436";"0,000";"0,268";"0,000";"1,219";"0,000";"0,000";"0,000";"0,000";"0,222";"0,516";"0,436";"0,268";"1,219";"0,000";"0,000";"0,000";
"17/09/2024 21:40";"0,536";"0,000";"0,480";"0,000";"0,267";"0,000";"1,282";"0,000";"0,000";"0,000";"0,000";"0,190";"0,536";"0,480";"0,267";"1,282";"0,000";"0,000";"0,000";
"17/09/2024 21:50";"0,704";"0,000";"0,720";"0,000";"0,519";"0,000";"1,944";"0,000";"0,039";"0,000";"0,000";"0,201";"0,704";"0,720";"0,519";"1,944";"0,000";"0,000";"0,000";
"17/09/2024 22:00";"0,529";"0,000";"0,443";"0,000";"0,273";"0,000";"1,244";"0,000";"0,000";"0,000";"0,000";"0,190";"0,529";"0,443";"0,273";"1,244";"0,000";"0,000";"0,000";
"17/09/2024 22:10";"0,539";"0,000";"0,482";"0,000";"0,269";"0,000";"1,290";"0,000";"0,000";"0,000";"0,000";"0,189";"0,539";"0,482";"0,269";"1,290";"0,000";"0,000";"0,000";
"17/09/2024 22:20";"0,615";"0,000";"0,546";"0,000";"0,325";"0,000";"1,485";"0,000";"0,000";"0,000";"0,000";"0,161";"0,615";"0,546";"0,325";"1,485";"0,000";"0,000";"0,000";
"17/09/2024 22:30";"0,708";"0,000";"0,653";"0,000";"0,443";"0,000";"1,803";"0,000";"0,184";"0,000";"0,000";"0,153";"0,708";"0,653";"0,443";"1,803";"0,000";"0,000";"0,000";
"17/09/2024 22:40";"0,622";"0,000";"0,457";"0,000";"0,269";"0,000";"1,348";"0,000";"0,000";"0,000";"0,000";"0,209";"0,622";"0,457";"0,269";"1,348";"0,000";"0,000";"0,000";
"17/09/2024 22:50";"0,842";"0,000";"0,475";"0,000";"0,279";"0,000";"1,596";"0,000";"0,000";"0,000";"0,000";"0,185";"0,842";"0,475";"0,279";"1,596";"0,000";"0,000";"0,000";
"17/09/2024 23:00";"0,591";"0,000";"0,567";"0,000";"0,332";"0,000";"1,489";"0,000";"0,000";"0,000";"0,000";"0,149";"0,591";"0,567";"0,332";"1,489";"0,000";"0,000";"0,000";
"17/09/2024 23:10";"0,532";"0,000";"0,462";"0,000";"0,269";"0,000";"1,263";"0,000";"0,000";"0,000";"0,000";"0,202";"0,532";"0,462";"0,269";"1,263";"0,000";"0,000";"0,000";
"17/09/2024 23:20";"0,665";"0,000";"0,607";"0,000";"0,469";"0,000";"1,741";"0,000";"0,034";"0,000";"0,000";"0,237";"0,665";"0,607";"0,469";"1,741";"0,000";"0,000";"0,000";
"17/09/2024 23:30";"0,593";"0,000";"0,554";"0,000";"0,336";"0,000";"1,483";"0,000";"0,000";"0,000";"0,000";"0,148";"0,593";"0,554";"0,336";"1,483";"0,000";"0,000";"0,000";
"17/09/2024 23:40";"0,529";"0,000";"0,484";"0,000";"0,269";"0,000";"1,281";"0,000";"0,000";"0,000";"0,000";"0,210";"0,529";"0,484";"0,269";"1,281";"0,000";"0,000";"0,000";
"17/09/2024 23:50";"0,539";"0,000";"0,465";"0,000";"0,271";"0,000";"1,274";"0,000";"0,000";"0,000";"0,000";"0,205";"0,539";"0,465";"0,271";"1,274";"0,000";"0,000";"0,000";
"18/09/2024 00:00";"0,758";"0,000";"0,677";"0,000";"0,499";"0,000";"1,934";"0,000";"0,120";"0,000";"0,000";"0,194";"0,758";"0,677";"0,499";"1,934";"0,000";"0,000";"0,000";
"18/09/2024 00:10";"0,516";"0,000";"0,483";"0,000";"0,269";"0,000";"1,268";"0,000";"0,000";"0,000";"0,000";"0,221";"0,516";"0,483";"0,269";"1,268";"0,000";"0,000";"0,000";
"18/09/2024 00:20";"0,570";"0,000";"0,486";"0,000";"0,268";"0,000";"1,324";"0,000";"0,000";"0,000";"0,000";"0,186";"0,570";"0,486";"0,268";"1,324";"0,000";"0,000";"0,000";
"18/09/2024 00:30";"0,591";"0,000";"0,529";"0,000";"0,340";"0,000";"1,461";"0,000";"0,000";"0,000";"0,000";"0,163";"0,591";"0,529";"0,340";"1,461";"0,000";"0,000";"0,000";
"18/09/2024 00:40";"0,530";"0,000";"0,461";"0,000";"0,269";"0,000";"1,259";"0,000";"0,000";"0,000";"0,000";"0,205";"0,530";"0,461";"0,269";"1,259";"0,000";"0,000";"0,000";
"18/09/2024 00:50";"0,817";"0,000";"0,637";"0,000";"0,429";"0,000";"1,883";"0,000";"0,116";"0,000";"0,000";"0,266";"0,817";"0,637";"0,429";"1,883";"0,000";"0,000";"0,000";
"18/09/2024 01:00";"0,806";"0,000";"0,519";"0,000";"0,305";"0,000";"1,630";"0,000";"0,000";"0,000";"0,000";"0,196";"0,806";"0,519";"0,305";"1,630";"0,000";"0,000";"0,000";
"18/09/2024 01:10";"0,614";"0,000";"0,503";"0,000";"0,305";"0,000";"1,421";"0,000";"0,000";"0,000";"0,000";"0,153";"0,614";"0,503";"0,305";"1,421";"0,000";"0,000";"0,000";
"18/09/2024 01:20";"0,540";"0,000";"0,482";"0,000";"0,269";"0,000";"1,292";"0,000";"0,000";"0,000";"0,000";"0,226";"0,540";"0,482";"0,269";"1,292";"0,000";"0,000";"0,000";
"18/09/2024 01:30";"0,719";"0,000";"0,649";"0,000";"0,437";"0,000";"1,805";"0,000";"0,116";"0,000";"0,000";"0,240";"0,719";"0,649";"0,437";"1,805";"0,000";"0,000";"0,000";
"18/09/2024 01:40";"0,587";"0,000";"0,528";"0,000";"0,340";"0,000";"1,455";"0,000";"0,011";"0,000";"0,000";"0,161";"0,587";"0,528";"0,340";"1,455";"0,000";"0,000";"0,000";
"18/09/2024 01:50";"0,531";"0,000";"0,468";"0,000";"0,269";"0,000";"1,268";"0,000";"0,000";"0,000";"0,000";"0,229";"0,531";"0,468";"0,269";"1,268";"0,000";"0,000";"0,000";
"18/09/2024 02:00";"0,536";"0,000";"0,484";"0,000";"0,270";"0,000";"1,291";"0,000";"0,000";"0,000";"0,000";"0,218";"0,536";"0,484";"0,270";"1,291";"0,000";"0,000";"0,000";
"18/09/2024 02:10";"0,608";"0,000";"0,539";"0,000";"0,345";"0,000";"1,492";"0,000";"0,001";"0,000";"0,000";"0,135";"0,608";"0,539";"0,345";"1,492";"0,000";"0,000";"0,000";
"18/09/2024 02:20";"0,654";"0,000";"0,621";"0,000";"0,461";"0,000";"1,736";"0,000";"0,034";"0,000";"0,000";"0,303";"0,654";"0,621";"0,461";"1,736";"0,000";"0,000";"0,000";
"18/09/2024 02:30";"0,543";"0,000";"0,485";"0,000";"0,266";"0,000";"1,294";"0,000";"0,000";"0,000";"0,000";"0,221";"0,543";"0,485";"0,266";"1,294";"0,000";"0,000";"0,000";
"18/09/2024 02:40";"0,616";"0,000";"0,536";"0,000";"0,342";"0,000";"1,494";"0,000";"0,002";"0,000";"0,000";"0,126";"0,616";"0,536";"0,342";"1,494";"0,000";"0,000";"0,000";
"18/09/2024 02:50";"0,511";"0,000";"0,463";"0,000";"0,267";"0,000";"1,241";"0,000";"0,000";"0,000";"0,000";"0,235";"0,511";"0,463";"0,267";"1,241";"0,000";"0,000";"0,000";
"18/09/2024 03:00";"0,667";"0,000";"0,634";"0,000";"0,448";"0,000";"1,749";"0,000";"0,036";"0,000";"0,000";"0,200";"0,667";"0,634";"0,448";"1,749";"0,000";"0,000";"0,000";
"18/09/2024 03:10";"0,578";"0,000";"0,526";"0,000";"0,349";"0,000";"1,454";"0,000";"0,000";"0,000";"0,000";"0,202";"0,578";"0,526";"0,349";"1,454";"0,000";"0,000";"0,000";
"18/09/2024 03:20";"0,544";"0,000";"0,470";"0,000";"0,286";"0,000";"1,300";"0,000";"0,000";"0,000";"0,000";"0,205";"0,544";"0,470";"0,286";"1,300";"0,000";"0,000";"0,000";
"18/09/2024 03:30";"0,594";"0,000";"0,495";"0,000";"0,267";"0,000";"1,355";"0,000";"0,000";"0,000";"0,000";"0,202";"0,594";"0,495";"0,267";"1,355";"0,000";"0,000";"0,000";
"18/09/2024 03:40";"0,801";"0,000";"0,491";"0,000";"0,289";"0,000";"1,581";"0,000";"0,004";"0,000";"0,000";"0,206";"0,801";"0,491";"0,289";"1,581";"0,000";"0,000";"0,000";
"18/09/2024 03:50";"0,810";"0,000";"0,657";"0,000";"0,524";"0,000";"1,991";"0,000";"0,039";"0,000";"0,000";"0,202";"0,810";"0,657";"0,524";"1,991";"0,000";"0,000";"0,000";
"18/09/2024 04:00";"0,544";"0,000";"0,488";"0,000";"0,271";"0,000";"1,303";"0,000";"0,000";"0,000";"0,000";"0,213";"0,544";"0,488";"0,271";"1,303";"0,000";"0,000";"0,000";
"18/09/2024 04:10";"0,531";"0,000";"0,471";"0,000";"0,267";"0,000";"1,269";"0,000";"0,000";"0,000";"0,000";"0,210";"0,531";"0,471";"0,267";"1,269";"0,000";"0,000";"0,000";
"18/09/2024 04:20";"0,601";"0,000";"0,527";"0,000";"0,348";"0,000";"1,476";"0,000";"0,000";"0,000";"0,000";"0,164";"0,601";"0,527";"0,348";"1,476";"0,000";"0,000";"0,000";
"18/09/2024 04:30";"0,673";"0,000";"0,629";"0,000";"0,460";"0,000";"1,761";"0,000";"0,035";"0,000";"0,000";"0,286";"0,673";"0,629";"0,460";"1,761";"0,000";"0,000";"0,000";
"18/09/2024 04:40";"0,540";"0,000";"0,484";"0,000";"0,266";"0,000";"1,290";"0,000";"0,000";"0,000";"0,000";"0,226";"0,540";"0,484";"0,266";"1,290";"0,000";"0,000";"0,000";
"18/09/2024 04:50";"0,602";"0,000";"0,509";"0,000";"0,330";"0,000";"1,441";"0,000";"0,000";"0,000";"0,000";"0,153";"0,602";"0,509";"0,330";"1,441";"0,000";"0,000";"0,000";
"18/09/2024 05:00";"0,540";"0,000";"0,507";"0,000";"0,294";"0,000";"1,340";"0,000";"0,002";"0,000";"0,000";"0,196";"0,540";"0,507";"0,294";"1,341";"0,000";"0,000";"0,000";
"18/09/2024 05:10";"0,666";"0,000";"0,632";"0,000";"0,456";"0,000";"1,754";"0,000";"0,034";"0,000";"0,000";"0,300";"0,666";"0,632";"0,456";"1,754";"0,000";"0,000";"0,000";
"18/09/2024 05:20";"0,533";"0,000";"0,452";"0,000";"0,281";"0,000";"1,267";"0,000";"0,000";"0,000";"0,000";"0,204";"0,533";"0,452";"0,281";"1,267";"0,000";"0,000";"0,000";
"18/09/2024 05:30";"1,020";"0,000";"0,978";"0,000";"0,609";"0,000";"2,607";"0,000";"0,034";"0,000";"0,000";"0,030";"1,020";"0,978";"0,609";"2,607";"0,000";"0,000";"0,000";
"18/09/2024 05:40";"1,604";"0,000";"1,269";"0,000";"1,150";"0,000";"4,023";"0,000";"0,013";"0,000";"0,000";"0,173";"1,604";"1,269";"1,150";"4,023";"0,000";"0,000";"0,000";
"18/09/2024 05:50";"1,955";"0,000";"1,596";"0,000";"1,885";"0,000";"5,436";"0,000";"0,034";"0,000";"0,000";"0,331";"1,955";"1,596";"1,885";"5,436";"0,000";"0,000";"0,000";
"18/09/2024 06:00";"2,911";"0,000";"2,245";"0,000";"2,775";"0,000";"7,931";"0,000";"0,377";"0,000";"0,000";"0,385";"2,911";"2,245";"2,775";"7,931";"0,000";"0,000";"0,000";
"18/09/2024 06:10";"3,033";"0,000";"2,675";"0,000";"2,918";"0,000";"8,625";"0,000";"0,663";"0,000";"0,000";"0,258";"3,033";"2,675";"2,918";"8,625";"0,000";"0,000";"0,000";
"18/09/2024 06:20";"4,443";"0,000";"4,179";"0,000";"4,492";"0,000";"13,114";"0,000";"1,049";"0,000";"0,000";"0,313";"4,443";"4,179";"4,492";"13,114";"0,000";"0,000";"0,000";
"18/09/2024 06:30";"4,026";"0,000";"3,850";"0,000";"4,178";"0,000";"12,054";"0,000";"0,720";"0,000";"0,000";"0,251";"4,026";"3,850";"4,178";"12,054";"0,000";"0,000";"0,000";
"18/09/2024 06:40";"4,021";"0,000";"3,824";"0,000";"3,948";"0,000";"11,792";"0,000";"1,393";"0,000";"0,000";"0,130";"4,021";"3,824";"3,948";"11,792";"0,000";"0,000";"0,000";
"18/09/2024 06:50";"3,249";"0,000";"2,965";"0,000";"3,332";"0,000";"9,545";"0,000";"0,728";"0,000";"0,000";"0,215";"3,249";"2,965";"3,332";"9,545";"0,000";"0,000";"0,000";
"18/09/2024 07:00";"8,391";"0,000";"7,528";"0,000";"7,784";"0,000";"23,703";"0,000";"1,236";"0,000";"0,000";"0,518";"8,391";"7,528";"7,784";"23,703";"0,000";"0,000";"0,000";
"18/09/2024 07:10";"8,572";"0,000";"8,066";"0,000";"7,629";"0,000";"24,267";"0,000";"1,119";"0,000";"0,000";"0,389";"8,572";"8,066";"7,629";"24,267";"0,000";"0,000";"0,000";
"18/09/2024 07:20";"8,442";"0,000";"8,314";"0,000";"7,564";"0,000";"24,320";"0,000";"0,997";"0,000";"0,000";"0,753";"8,442";"8,314";"7,564";"24,320";"0,000";"0,000";"0,000";
"18/09/2024 07:30";"7,928";"0,000";"8,179";"0,000";"7,352";"0,000";"23,459";"0,000";"0,674";"0,000";"0,000";"0,711";"7,928";"8,179";"7,352";"23,459";"0,000";"0,000";"0,000";
"18/09/2024 07:40";"9,011";"0,000";"9,470";"0,000";"8,389";"0,000";"26,870";"0,000";"1,022";"0,000";"0,000";"0,451";"9,011";"9,470";"8,389";"26,870";"0,000";"0,000";"0,000";
"18/09/2024 07:50";"8,728";"0,000";"8,864";"0,000";"8,113";"0,000";"25,706";"0,000";"0,780";"0,000";"0,000";"0,718";"8,728";"8,864";"8,113";"25,706";"0,000";"0,000";"0,000";
"18/09/2024 08:00";"8,831";"0,000";"8,960";"0,000";"8,238";"0,000";"26,029";"0,000";"0,480";"0,000";"0,000";"0,526";"8,831";"8,960";"8,238";"26,029";"0,000";"0,000";"0,000";
"18/09/2024 08:10";"9,066";"0,000";"9,012";"0,000";"8,466";"0,000";"26,543";"0,000";"0,368";"0,000";"0,000";"0,680";"9,069";"9,015";"8,469";"26,552";"0,009";"0,000";"0,009";
"18/09/2024 08:20";"9,183";"0,000";"9,237";"0,000";"8,614";"0,000";"27,034";"0,000";"0,789";"0,000";"0,000";"0,459";"9,196";"9,250";"8,627";"27,072";"0,038";"0,000";"0,038";
"18/09/2024 08:30";"8,924";"0,000";"9,116";"0,000";"8,469";"0,000";"26,509";"0,000";"0,492";"0,000";"0,000";"0,585";"8,950";"9,142";"8,494";"26,586";"0,077";"0,000";"0,077";
"18/09/2024 08:40";"7,854";"0,000";"8,173";"0,000";"7,595";"0,000";"23,622";"0,000";"0,564";"0,000";"0,000";"0,678";"7,897";"8,216";"7,638";"23,751";"0,129";"0,000";"0,129";
"18/09/2024 08:50";"8,166";"0,000";"8,611";"0,000";"7,921";"0,000";"24,698";"0,000";"1,547";"0,000";"0,000";"0,272";"8,255";"8,701";"8,010";"24,966";"0,268";"0,000";"0,268";
"18/09/2024 09:00";"7,940";"0,000";"8,258";"0,000";"7,693";"0,000";"23,891";"0,000";"2,364";"0,000";"0,000";"0,251";"8,092";"8,410";"7,846";"24,348";"0,457";"0,000";"0,457";
"18/09/2024 09:10";"7,982";"0,000";"8,273";"0,000";"7,866";"0,000";"24,121";"0,000";"0,964";"0,000";"0,000";"0,326";"8,198";"8,489";"8,082";"24,769";"0,648";"0,000";"0,648";
"18/09/2024 09:20";"8,054";"0,000";"8,157";"0,000";"7,603";"0,000";"23,814";"0,000";"0,741";"0,000";"0,000";"0,342";"8,333";"8,436";"7,882";"24,651";"0,837";"0,000";"0,837";
"18/09/2024 09:30";"7,829";"0,000";"8,074";"0,000";"7,309";"0,000";"23,211";"0,000";"1,092";"0,000";"0,000";"0,596";"8,159";"8,404";"7,639";"24,201";"0,990";"0,000";"0,990";
"18/09/2024 09:40";"8,152";"0,000";"8,564";"0,000";"7,712";"0,000";"24,428";"0,000";"1,318";"0,000";"0,000";"0,517";"8,571";"8,982";"8,131";"25,683";"1,255";"0,000";"1,255";
"18/09/2024 09:50";"6,659";"0,000";"6,946";"0,000";"6,138";"0,000";"19,743";"0,000";"0,823";"0,000";"0,000";"0,607";"7,155";"7,442";"6,634";"21,231";"1,488";"0,000";"1,488";
"18/09/2024 10:00";"6,585";"0,000";"6,830";"0,000";"6,026";"0,000";"19,441";"0,000";"0,431";"0,000";"0,000";"0,498";"7,137";"7,382";"6,577";"21,095";"1,654";"0,000";"1,654";
"18/09/2024 10:10";"6,314";"0,000";"6,571";"0,000";"5,760";"0,000";"18,645";"0,000";"0,541";"0,000";"0,000";"0,342";"6,929";"7,186";"6,375";"20,490";"1,845";"0,000";"1,845";
"18/09/2024 10:20";"6,500";"0,000";"6,518";"0,000";"5,997";"0,000";"19,016";"0,000";"0,404";"0,000";"0,000";"0,550";"7,188";"7,206";"6,685";"21,080";"2,064";"0,000";"2,064";
"18/09/2024 10:30";"7,542";"0,000";"6,939";"0,000";"6,892";"0,000";"21,373";"0,000";"0,931";"0,000";"0,000";"0,599";"8,314";"7,711";"7,665";"23,690";"2,317";"0,000";"2,317";
"18/09/2024 10:40";"8,182";"0,000";"7,859";"0,000";"7,894";"0,000";"23,935";"0,000";"0,885";"0,000";"0,000";"0,383";"9,026";"8,702";"8,737";"26,465";"2,530";"0,000";"2,530";
"18/09/2024 10:50";"7,925";"0,000";"7,173";"0,000";"7,442";"0,000";"22,540";"0,000";"0,589";"0,000";"0,000";"0,647";"8,831";"8,078";"8,347";"25,257";"2,717";"0,000";"2,717";
"18/09/2024 11:00";"8,627";"0,000";"7,952";"0,000";"8,145";"0,000";"24,723";"0,000";"2,017";"0,000";"0,000";"0,297";"9,588";"8,913";"9,106";"27,607";"2,884";"0,000";"2,884";
"18/09/2024 11:10";"8,857";"0,000";"8,112";"0,000";"8,443";"0,000";"25,411";"0,000";"1,566";"0,000";"0,000";"0,259";"9,869";"9,124";"9,455";"28,447";"3,036";"0,000";"3,036";
"18/09/2024 11:20";"6,382";"0,000";"5,861";"0,000";"6,174";"0,000";"18,417";"0,000";"0,853";"0,000";"0,000";"0,440";"7,451";"6,929";"7,243";"21,623";"3,206";"0,000";"3,206";
"18/09/2024 11:30";"6,902";"0,000";"6,483";"0,000";"6,639";"0,000";"20,024";"0,000";"2,748";"0,000";"0,000";"0,113";"8,017";"7,598";"7,753";"23,367";"3,343";"0,000";"3,343";
"18/09/2024 11:40";"7,235";"0,000";"7,022";"0,000";"7,082";"0,000";"21,339";"0,000";"1,911";"0,000";"0,000";"0,001";"8,401";"8,189";"8,249";"24,839";"3,500";"0,000";"3,500";
"18/09/2024 11:50";"7,207";"0,000";"6,981";"0,000";"7,094";"0,000";"21,283";"0,000";"2,367";"0,000";"0,000";"0,000";"8,424";"8,198";"8,310";"24,932";"3,649";"0,000";"3,649";
"18/09/2024 12:00";"6,312";"0,000";"6,106";"0,000";"6,441";"0,000";"18,859";"0,000";"0,994";"0,000";"0,000";"0,002";"7,562";"7,356";"7,692";"22,610";"3,751";"0,000";"3,751";
"18/09/2024 12:10";"6,546";"0,000";"6,362";"0,000";"6,540";"0,000";"19,448";"0,000";"2,686";"0,000";"0,000";"0,028";"7,831";"7,647";"7,826";"23,304";"3,856";"0,000";"3,856";
"18/09/2024 12:20";"6,211";"0,000";"5,990";"0,000";"6,249";"0,000";"18,450";"0,000";"1,971";"0,000";"0,000";"0,101";"7,534";"7,313";"7,572";"22,419";"3,969";"0,000";"3,969";
"18/09/2024 12:30";"6,783";"0,000";"7,328";"0,000";"6,652";"0,000";"20,763";"0,000";"1,697";"0,000";"0,000";"0,010";"8,129";"8,674";"7,998";"24,801";"4,038";"0,000";"4,038";
"18/09/2024 12:40";"6,299";"0,000";"7,012";"0,000";"6,160";"0,000";"19,471";"0,000";"1,138";"0,000";"0,000";"0,047";"7,665";"8,379";"7,527";"23,571";"4,100";"0,000";"4,100";
"18/09/2024 12:50";"7,139";"0,000";"7,463";"0,000";"6,813";"0,000";"21,415";"0,000";"3,821";"0,000";"0,000";"0,000";"8,540";"8,863";"8,214";"25,617";"4,202";"0,000";"4,202";
"18/09/2024 13:00";"3,980";"0,000";"4,157";"0,000";"3,233";"0,000";"11,370";"0,000";"1,944";"0,000";"0,000";"0,287";"5,400";"5,577";"4,653";"15,630";"4,260";"0,000";"4,260";
"18/09/2024 13:10";"2,682";"0,000";"3,099";"0,000";"2,061";"0,000";"7,842";"0,000";"0,604";"0,000";"0,000";"0,441";"4,114";"4,531";"3,493";"12,138";"4,296";"0,000";"4,296";
"18/09/2024 13:20";"2,323";"0,000";"3,095";"0,000";"1,974";"0,000";"7,391";"0,000";"0,627";"0,000";"0,000";"0,246";"3,756";"4,528";"3,407";"11,690";"4,299";"0,000";"4,299";
"18/09/2024 13:30";"2,164";"0,000";"2,468";"0,000";"1,815";"0,000";"6,447";"0,000";"0,339";"0,000";"0,000";"0,218";"3,622";"3,926";"3,273";"10,821";"4,374";"0,000";"4,374";
"18/09/2024 13:40";"1,752";"0,000";"1,792";"0,000";"1,294";"0,000";"4,839";"0,000";"0,201";"0,000";"0,000";"0,126";"3,230";"3,270";"2,772";"9,272";"4,433";"0,000";"4,433";
"18/09/2024 13:50";"1,605";"0,000";"1,195";"0,000";"0,775";"0,000";"3,575";"0,000";"0,007";"0,000";"0,000";"0,126";"3,087";"2,677";"2,257";"8,021";"4,446";"0,000";"4,446";
"18/09/2024 14:00";"0,982";"0,000";"0,692";"0,000";"0,338";"0,000";"2,013";"0,000";"0,017";"0,000";"0,000";"0,128";"2,481";"2,191";"1,837";"6,508";"4,495";"0,000";"4,495";
"18/09/2024 14:10";"0,911";"0,000";"0,717";"0,000";"0,391";"0,000";"2,019";"0,000";"0,032";"0,000";"0,000";"0,215";"2,416";"2,221";"1,895";"6,532";"4,513";"0,000";"4,513";
"18/09/2024 14:20";"0,757";"0,000";"0,467";"0,000";"0,191";"0,000";"1,415";"0,000";"0,000";"0,000";"0,000";"0,148";"2,252";"1,962";"1,686";"5,900";"4,485";"0,000";"4,485";
"18/09/2024 14:30";"0,756";"0,000";"0,467";"0,000";"0,195";"0,000";"1,418";"0,000";"0,000";"0,000";"0,000";"0,138";"2,245";"1,955";"1,684";"5,884";"4,466";"0,000";"4,466";
"18/09/2024 14:40";"0,820";"0,000";"0,542";"0,000";"0,214";"0,000";"1,576";"0,000";"0,007";"0,000";"0,000";"0,089";"2,311";"2,032";"1,705";"6,048";"4,472";"0,000";"4,472";
"18/09/2024 14:50";"0,745";"0,000";"0,392";"0,000";"0,155";"0,000";"1,291";"0,000";"0,002";"0,000";"0,000";"0,143";"2,227";"1,874";"1,637";"5,739";"4,448";"0,000";"4,448";
"18/09/2024 15:00";"0,793";"0,000";"0,483";"0,000";"0,292";"0,000";"1,568";"0,000";"0,046";"0,000";"0,000";"0,131";"2,266";"1,956";"1,765";"5,988";"4,420";"0,000";"4,420";
"18/09/2024 15:10";"0,758";"0,000";"0,451";"0,000";"0,241";"0,000";"1,451";"0,000";"0,000";"0,000";"0,000";"0,117";"2,207";"1,900";"1,690";"5,797";"4,346";"0,000";"4,346";
"18/09/2024 15:20";"0,693";"0,000";"0,351";"0,000";"0,182";"0,000";"1,226";"0,000";"0,004";"0,000";"0,000";"0,095";"2,126";"1,784";"1,615";"5,525";"4,299";"0,000";"4,299";
"18/09/2024 15:30";"0,647";"0,000";"0,384";"0,000";"0,180";"0,000";"1,212";"0,000";"0,000";"0,000";"0,000";"0,137";"2,060";"1,797";"1,593";"5,451";"4,239";"0,000";"4,239";
"18/09/2024 15:40";"0,688";"0,000";"0,408";"0,000";"0,250";"0,000";"1,346";"0,000";"0,032";"0,000";"0,000";"0,194";"2,072";"1,792";"1,634";"5,498";"4,152";"0,000";"4,152";
"18/09/2024 15:50";"0,765";"0,000";"0,496";"0,000";"0,353";"0,000";"1,614";"0,000";"0,018";"0,000";"0,000";"0,065";"2,127";"1,858";"1,715";"5,700";"4,086";"0,000";"4,086";
"18/09/2024 16:00";"0,714";"0,000";"0,435";"0,000";"0,196";"0,000";"1,344";"0,000";"0,000";"0,000";"0,000";"0,136";"2,046";"1,767";"1,528";"5,340";"3,996";"0,000";"3,996";
"18/09/2024 16:10";"0,713";"0,000";"0,458";"0,000";"0,210";"0,000";"1,381";"0,000";"0,000";"0,000";"0,000";"0,171";"2,013";"1,759";"1,510";"5,282";"3,901";"0,000";"3,901";
"18/09/2024 16:20";"0,755";"0,000";"0,442";"0,000";"0,260";"0,000";"1,457";"0,000";"0,001";"0,000";"0,000";"0,144";"2,019";"1,706";"1,523";"5,248";"3,791";"0,000";"3,791";
"18/09/2024 16:30";"0,710";"0,000";"0,432";"0,000";"0,224";"0,000";"1,367";"0,000";"0,001";"0,000";"0,000";"0,104";"1,944";"1,666";"1,458";"5,069";"3,702";"0,000";"3,702";
"18/09/2024 16:40";"0,874";"0,000";"0,560";"0,000";"0,382";"0,000";"1,816";"0,000";"0,043";"0,000";"0,000";"0,239";"2,061";"1,748";"1,569";"5,378";"3,562";"0,000";"3,562";
"18/09/2024 16:50";"0,737";"0,000";"0,414";"0,000";"0,165";"0,000";"1,316";"0,000";"0,000";"0,000";"0,000";"0,119";"1,883";"1,560";"1,311";"4,754";"3,438";"0,000";"3,438";
"18/09/2024 17:00";"0,767";"0,000";"0,424";"0,000";"0,209";"0,000";"1,401";"0,000";"0,000";"0,000";"0,000";"0,136";"1,862";"1,520";"1,305";"4,688";"3,287";"0,000";"3,287";
"18/09/2024 17:10";"0,700";"0,000";"0,417";"0,000";"0,173";"0,000";"1,290";"0,000";"0,000";"0,000";"0,000";"0,117";"1,745";"1,462";"1,218";"4,425";"3,135";"0,000";"3,135";
"18/09/2024 17:20";"0,705";"0,000";"0,392";"0,000";"0,163";"0,000";"1,260";"0,000";"0,000";"0,000";"0,000";"0,144";"1,697";"1,384";"1,155";"4,236";"2,976";"0,000";"2,976";
"18/09/2024 17:30";"0,917";"0,000";"0,606";"0,000";"0,366";"0,000";"1,889";"0,000";"0,144";"0,000";"0,000";"0,072";"1,857";"1,545";"1,305";"4,707";"2,818";"0,000";"2,818";
"18/09/2024 17:40";"0,726";"0,000";"0,379";"0,000";"0,146";"0,000";"1,251";"0,000";"0,000";"0,000";"0,000";"0,134";"1,602";"1,254";"1,022";"3,878";"2,627";"0,000";"2,627";
"18/09/2024 17:50";"0,680";"0,000";"0,434";"0,000";"0,141";"0,000";"1,255";"0,000";"0,000";"0,000";"0,000";"0,141";"1,497";"1,250";"0,957";"3,704";"2,449";"0,000";"2,449";
"18/09/2024 18:00";"0,703";"0,000";"0,374";"0,000";"0,143";"0,000";"1,220";"0,000";"0,000";"0,000";"0,000";"0,122";"1,458";"1,129";"0,898";"3,485";"2,265";"0,000";"2,265";
"18/09/2024 18:10";"0,776";"0,000";"0,446";"0,000";"0,203";"0,000";"1,425";"0,000";"0,020";"0,000";"0,000";"0,087";"1,465";"1,134";"0,892";"3,491";"2,066";"0,000";"2,066";
"18/09/2024 18:20";"0,862";"0,000";"0,580";"0,000";"0,307";"0,000";"1,749";"0,000";"0,158";"0,000";"0,000";"0,066";"1,483";"1,200";"0,927";"3,610";"1,861";"0,000";"1,861";
"18/09/2024 18:30";"0,648";"0,000";"0,382";"0,000";"0,138";"0,000";"1,169";"0,000";"0,000";"0,000";"0,000";"0,157";"1,204";"0,938";"0,694";"2,837";"1,668";"0,000";"1,668";
"18/09/2024 18:40";"0,746";"0,000";"0,417";"0,000";"0,181";"0,000";"1,345";"0,000";"0,003";"0,000";"0,000";"0,105";"1,235";"0,906";"0,670";"2,811";"1,466";"0,000";"1,466";
"18/09/2024 18:50";"0,718";"0,000";"0,376";"0,000";"0,141";"0,000";"1,235";"0,000";"0,000";"0,000";"0,000";"0,104";"1,136";"0,793";"0,559";"2,488";"1,253";"0,000";"1,253";
"18/09/2024 19:00";"0,648";"0,000";"0,331";"0,000";"0,132";"0,000";"1,111";"0,000";"0,000";"0,000";"0,000";"0,093";"0,997";"0,680";"0,481";"2,158";"1,047";"0,000";"1,047";
"18/09/2024 19:10";"0,537";"0,000";"0,456";"0,000";"0,292";"0,000";"1,284";"0,000";"0,136";"0,000";"0,000";"0,191";"0,820";"0,739";"0,575";"2,133";"0,849";"0,000";"0,849";
"18/09/2024 19:20";"0,429";"0,000";"0,404";"0,000";"0,169";"0,000";"1,001";"0,000";"0,015";"0,000";"0,000";"0,049";"0,648";"0,623";"0,388";"1,660";"0,659";"0,000";"0,659";
"18/09/2024 19:30";"0,374";"0,000";"0,306";"0,000";"0,117";"0,000";"0,797";"0,000";"0,003";"0,000";"0,000";"0,087";"0,539";"0,471";"0,282";"1,293";"0,496";"0,000";"0,496";
"18/09/2024 19:40";"0,350";"0,000";"0,294";"0,000";"0,116";"0,000";"0,761";"0,000";"0,000";"0,000";"0,000";"0,081";"0,466";"0,411";"0,233";"1,110";"0,349";"0,000";"0,349";
"18/09/2024 19:50";"0,671";"0,000";"0,516";"0,000";"0,355";"0,000";"1,542";"0,000";"0,041";"0,000";"0,000";"0,135";"0,748";"0,592";"0,432";"1,772";"0,230";"0,000";"0,230";
"18/09/2024 20:00";"0,578";"0,000";"0,321";"0,000";"0,121";"0,000";"1,021";"0,000";"0,002";"0,000";"0,000";"0,077";"0,625";"0,368";"0,168";"1,161";"0,140";"0,000";"0,140";
"18/09/2024 20:10";"0,424";"0,000";"0,326";"0,000";"0,165";"0,000";"0,915";"0,000";"0,006";"0,000";"0,000";"0,081";"0,450";"0,352";"0,192";"0,994";"0,079";"0,000";"0,079";
"18/09/2024 20:20";"0,324";"0,000";"0,348";"0,000";"0,116";"0,000";"0,789";"0,000";"0,000";"0,000";"0,000";"0,092";"0,337";"0,361";"0,128";"0,826";"0,037";"0,000";"0,037";
"18/09/2024 20:30";"0,364";"0,000";"0,310";"0,000";"0,130";"0,000";"0,804";"0,000";"0,003";"0,000";"0,000";"0,087";"0,367";"0,313";"0,133";"0,814";"0,010";"0,000";"0,010";
"18/09/2024 20:40";"0,504";"0,000";"0,498";"0,000";"0,346";"0,000";"1,349";"0,000";"0,044";"0,000";"0,000";"0,152";"0,504";"0,498";"0,346";"1,349";"0,000";"0,000";"0,000";
"18/09/2024 20:50";"0,362";"0,000";"0,318";"0,000";"0,118";"0,000";"0,798";"0,000";"0,000";"0,000";"0,000";"0,114";"0,362";"0,318";"0,118";"0,798";"0,000";"0,000";"0,000";
"18/09/2024 21:00";"0,507";"0,000";"0,482";"0,000";"0,254";"0,000";"1,243";"0,000";"0,003";"0,000";"0,000";"0,105";"0,507";"0,482";"0,254";"1,243";"0,000";"0,000";"0,000";
"18/09/2024 21:10";"0,559";"0,000";"0,432";"0,000";"0,258";"0,000";"1,249";"0,000";"0,000";"0,000";"0,000";"0,169";"0,559";"0,432";"0,258";"1,249";"0,000";"0,000";"0,000";
"18/09/2024 21:20";"0,956";"0,000";"0,627";"0,000";"0,410";"0,000";"1,994";"0,000";"0,092";"0,000";"0,000";"0,226";"0,956";"0,627";"0,410";"1,994";"0,000";"0,000";"0,000";
"18/09/2024 21:30";"0,792";"0,000";"0,554";"0,000";"0,317";"0,000";"1,664";"0,000";"0,010";"0,000";"0,000";"0,123";"0,792";"0,554";"0,317";"1,664";"0,000";"0,000";"0,000";
"18/09/2024 21:40";"0,555";"0,000";"0,446";"0,000";"0,258";"0,000";"1,259";"0,000";"0,000";"0,000";"0,000";"0,170";"0,555";"0,446";"0,258";"1,259";"0,000";"0,000";"0,000";
"18/09/2024 21:50";"0,568";"0,000";"0,461";"0,000";"0,261";"0,000";"1,290";"0,000";"0,000";"0,000";"0,000";"0,144";"0,568";"0,461";"0,261";"1,290";"0,000";"0,000";"0,000";
"18/09/2024 22:00";"0,616";"0,000";"0,471";"0,000";"0,259";"0,000";"1,346";"0,000";"0,000";"0,000";"0,000";"0,150";"0,616";"0,471";"0,259";"1,346";"0,000";"0,000";"0,000";
"18/09/2024 22:10";"0,743";"0,000";"0,705";"0,000";"0,527";"0,000";"1,974";"0,000";"0,036";"0,000";"0,000";"0,184";"0,743";"0,705";"0,527";"1,974";"0,000";"0,000";"0,000";
"18/09/2024 22:20";"0,577";"0,000";"0,433";"0,000";"0,258";"0,000";"1,269";"0,000";"0,000";"0,000";"0,000";"0,157";"0,577";"0,433";"0,258";"1,269";"0,000";"0,000";"0,000";
"18/09/2024 22:30";"0,615";"0,000";"0,506";"0,000";"0,276";"0,000";"1,398";"0,000";"0,000";"0,000";"0,000";"0,132";"0,615";"0,506";"0,276";"1,398";"0,000";"0,000";"0,000";
"18/09/2024 22:40";"0,518";"0,000";"0,517";"0,000";"0,299";"0,000";"1,333";"0,000";"0,000";"0,000";"0,000";"0,166";"0,518";"0,517";"0,299";"1,333";"0,000";"0,000";"0,000";
"18/09/2024 22:50";"0,657";"0,000";"0,577";"0,000";"0,415";"0,000";"1,648";"0,000";"0,138";"0,000";"0,000";"0,177";"0,657";"0,577";"0,415";"1,648";"0,000";"0,000";"0,000";
"18/09/2024 23:00";"0,460";"0,000";"0,480";"0,000";"0,259";"0,000";"1,199";"0,000";"0,000";"0,000";"0,000";"0,205";"0,460";"0,480";"0,259";"1,199";"0,000";"0,000";"0,000";
"18/09/2024 23:10";"0,598";"0,000";"0,542";"0,000";"0,328";"0,000";"1,468";"0,000";"0,003";"0,000";"0,000";"0,137";"0,598";"0,542";"0,328";"1,468";"0,000";"0,000";"0,000";
"18/09/2024 23:20";"0,728";"0,000";"0,443";"0,000";"0,260";"0,000";"1,431";"0,000";"0,000";"0,000";"0,000";"0,194";"0,728";"0,443";"0,260";"1,431";"0,000";"0,000";"0,000";
"18/09/2024 23:30";"0,586";"0,000";"0,459";"0,000";"0,261";"0,000";"1,305";"0,000";"0,000";"0,000";"0,000";"0,205";"0,586";"0,459";"0,261";"1,305";"0,000";"0,000";"0,000";
"18/09/2024 23:40";"0,661";"0,000";"0,720";"0,000";"0,526";"0,000";"1,908";"0,000";"0,040";"0,000";"0,000";"0,144";"0,661";"0,720";"0,526";"1,908";"0,000";"0,000";"0,000";
"18/09/2024 23:50";"0,511";"0,000";"0,454";"0,000";"0,263";"0,000";"1,227";"0,000";"0,000";"0,000";"0,000";"0,200";"0,511";"0,454";"0,263";"1,227";"0,000";"0,000";"0,000";
"19/09/2024 00:00";"0,489";"0,000";"0,434";"0,000";"0,259";"0,000";"1,182";"0,000";"0,000";"0,000";"0,000";"0,184";"0,489";"0,434";"0,259";"1,182";"0,000";"0,000";"0,000";
"19/09/2024 00:10";"0,545";"0,000";"0,570";"0,000";"0,329";"0,000";"1,444";"0,000";"0,000";"0,000";"0,000";"0,125";"0,545";"0,570";"0,329";"1,444";"0,000";"0,000";"0,000";
"19/09/2024 00:20";"0,595";"0,000";"0,606";"0,000";"0,449";"0,000";"1,650";"0,000";"0,035";"0,000";"0,000";"0,287";"0,595";"0,606";"0,449";"1,650";"0,000";"0,000";"0,000";
"19/09/2024 00:30";"0,513";"0,000";"0,439";"0,000";"0,259";"0,000";"1,211";"0,000";"0,000";"0,000";"0,000";"0,181";"0,513";"0,439";"0,259";"1,211";"0,000";"0,000";"0,000";
"19/09/2024 00:40";"0,478";"0,000";"0,474";"0,000";"0,280";"0,000";"1,232";"0,000";"0,000";"0,000";"0,000";"0,189";"0,478";"0,474";"0,280";"1,232";"0,000";"0,000";"0,000";
"19/09/2024 00:50";"0,552";"0,000";"0,535";"0,000";"0,314";"0,000";"1,402";"0,000";"0,003";"0,000";"0,000";"0,124";"0,552";"0,535";"0,314";"1,402";"0,000";"0,000";"0,000";
"19/09/2024 01:00";"0,477";"0,000";"0,476";"0,000";"0,260";"0,000";"1,213";"0,000";"0,000";"0,000";"0,000";"0,173";"0,477";"0,476";"0,260";"1,213";"0,000";"0,000";"0,000";
"19/09/2024 01:10";"0,620";"0,000";"0,574";"0,000";"0,454";"0,000";"1,648";"0,000";"0,036";"0,000";"0,000";"0,250";"0,620";"0,574";"0,454";"1,648";"0,000";"0,000";"0,000";
"19/09/2024 01:20";"0,560";"0,000";"0,562";"0,000";"0,324";"0,000";"1,446";"0,000";"0,001";"0,000";"0,000";"0,117";"0,560";"0,562";"0,324";"1,446";"0,000";"0,000";"0,000";
"19/09/2024 01:30";"0,486";"0,000";"0,499";"0,000";"0,289";"0,000";"1,274";"0,000";"0,000";"0,000";"0,000";"0,199";"0,486";"0,499";"0,289";"1,274";"0,000";"0,000";"0,000";
"19/09/2024 01:40";"0,568";"0,000";"0,428";"0,000";"0,265";"0,000";"1,261";"0,000";"0,000";"0,000";"0,000";"0,185";"0,568";"0,428";"0,265";"1,261";"0,000";"0,000";"0,000";
"19/09/2024 01:50";"0,871";"0,000";"0,640";"0,000";"0,456";"0,000";"1,968";"0,000";"0,033";"0,000";"0,000";"0,201";"0,871";"0,640";"0,456";"1,968";"0,000";"0,000";"0,000";
"19/09/2024 02:00";"0,604";"0,000";"0,558";"0,000";"0,338";"0,000";"1,500";"0,000";"0,001";"0,000";"0,000";"0,129";"0,604";"0,558";"0,338";"1,500";"0,000";"0,000";"0,000";
"19/09/2024 02:10";"0,478";"0,000";"0,437";"0,000";"0,258";"0,000";"1,173";"0,000";"0,000";"0,000";"0,000";"0,187";"0,478";"0,437";"0,258";"1,173";"0,000";"0,000";"0,000";
"19/09/2024 02:20";"0,485";"0,000";"0,449";"0,000";"0,258";"0,000";"1,192";"0,000";"0,000";"0,000";"0,000";"0,212";"0,485";"0,449";"0,258";"1,192";"0,000";"0,000";"0,000";
"19/09/2024 02:30";"0,543";"0,000";"0,547";"0,000";"0,315";"0,000";"1,404";"0,000";"0,000";"0,000";"0,000";"0,120";"0,543";"0,547";"0,315";"1,404";"0,000";"0,000";"0,000";
"19/09/2024 02:40";"0,599";"0,000";"0,651";"0,000";"0,472";"0,000";"1,722";"0,000";"0,031";"0,000";"0,000";"0,256";"0,599";"0,651";"0,472";"1,722";"0,000";"0,000";"0,000";
"19/09/2024 02:50";"0,502";"0,000";"0,431";"0,000";"0,259";"0,000";"1,192";"0,000";"0,000";"0,000";"0,000";"0,188";"0,502";"0,431";"0,259";"1,192";"0,000";"0,000";"0,000";
"19/09/2024 03:00";"0,516";"0,000";"0,498";"0,000";"0,268";"0,000";"1,282";"0,000";"0,000";"0,000";"0,000";"0,173";"0,516";"0,498";"0,268";"1,282";"0,000";"0,000";"0,000";
"19/09/2024 03:10";"0,532";"0,000";"0,552";"0,000";"0,324";"0,000";"1,409";"0,000";"0,000";"0,000";"0,000";"0,144";"0,532";"0,552";"0,324";"1,409";"0,000";"0,000";"0,000";
"19/09/2024 03:20";"0,585";"0,000";"0,568";"0,000";"0,409";"0,000";"1,562";"0,000";"0,031";"0,000";"0,000";"0,272";"0,585";"0,568";"0,409";"1,562";"0,000";"0,000";"0,000";
"19/09/2024 03:30";"0,514";"0,000";"0,469";"0,000";"0,295";"0,000";"1,279";"0,000";"0,000";"0,000";"0,000";"0,228";"0,514";"0,469";"0,295";"1,279";"0,000";"0,000";"0,000";
"19/09/2024 03:40";"0,553";"0,000";"0,563";"0,000";"0,338";"0,000";"1,454";"0,000";"0,000";"0,000";"0,000";"0,124";"0,553";"0,563";"0,338";"1,454";"0,000";"0,000";"0,000";
"19/09/2024 03:50";"0,476";"0,000";"0,472";"0,000";"0,258";"0,000";"1,205";"0,000";"0,000";"0,000";"0,000";"0,190";"0,476";"0,472";"0,258";"1,205";"0,000";"0,000";"0,000";
"19/09/2024 04:00";"0,492";"0,000";"0,433";"0,000";"0,258";"0,000";"1,182";"0,000";"0,000";"0,000";"0,000";"0,212";"0,492";"0,433";"0,258";"1,182";"0,000";"0,000";"0,000";
"19/09/2024 04:10";"0,690";"0,000";"0,684";"0,000";"0,515";"0,000";"1,889";"0,000";"0,046";"0,000";"0,000";"0,221";"0,690";"0,684";"0,515";"1,889";"0,000";"0,000";"0,000";
"19/09/2024 04:20";"0,477";"0,000";"0,487";"0,000";"0,276";"0,000";"1,240";"0,000";"0,000";"0,000";"0,000";"0,193";"0,477";"0,487";"0,276";"1,240";"0,000";"0,000";"0,000";
"19/09/2024 04:30";"0,482";"0,000";"0,466";"0,000";"0,258";"0,000";"1,206";"0,000";"0,000";"0,000";"0,000";"0,181";"0,482";"0,466";"0,258";"1,206";"0,000";"0,000";"0,000";
"19/09/2024 04:40";"0,726";"0,000";"0,446";"0,000";"0,275";"0,000";"1,447";"0,000";"0,000";"0,000";"0,000";"0,191";"0,726";"0,446";"0,275";"1,447";"0,000";"0,000";"0,000";
"19/09/2024 04:50";"0,731";"0,000";"0,568";"0,000";"0,358";"0,000";"1,658";"0,000";"0,028";"0,000";"0,000";"0,149";"0,731";"0,568";"0,358";"1,658";"0,000";"0,000";"0,000";
"19/09/2024 05:00";"0,574";"0,000";"0,596";"0,000";"0,421";"0,000";"1,591";"0,000";"0,004";"0,000";"0,000";"0,192";"0,574";"0,596";"0,421";"1,591";"0,000";"0,000";"0,000";
"19/09/2024 05:10";"0,496";"0,000";"0,451";"0,000";"0,257";"0,000";"1,204";"0,000";"0,000";"0,000";"0,000";"0,225";"0,496";"0,451";"0,257";"1,204";"0,000";"0,000";"0,000";
"19/09/2024 05:20";"0,588";"0,000";"0,549";"0,000";"0,348";"0,000";"1,485";"0,000";"0,008";"0,000";"0,000";"0,100";"0,588";"0,549";"0,348";"1,485";"0,000";"0,000";"0,000";
"19/09/2024 05:30";"0,687";"0,000";"0,642";"0,000";"0,389";"0,000";"1,718";"0,000";"0,019";"0,000";"0,000";"0,175";"0,687";"0,642";"0,389";"1,718";"0,000";"0,000";"0,000";
"19/09/2024 05:40";"1,769";"0,000";"1,400";"0,000";"1,114";"0,000";"4,282";"0,000";"0,051";"0,000";"0,000";"0,215";"1,769";"1,400";"1,114";"4,282";"0,000";"0,000";"0,000";
"19/09/2024 05:50";"1,908";"0,000";"1,443";"0,000";"1,217";"0,000";"4,568";"0,000";"0,000";"0,000";"0,000";"0,293";"1,908";"1,443";"1,217";"4,568";"0,000";"0,000";"0,000";
"19/09/2024 06:00";"3,341";"0,000";"2,608";"0,000";"2,512";"0,000";"8,460";"0,000";"0,645";"0,000";"0,000";"0,290";"3,341";"2,608";"2,512";"8,460";"0,000";"0,000";"0,000";
"19/09/2024 06:10";"3,673";"0,000";"2,970";"0,000";"2,925";"0,000";"9,568";"0,000";"0,795";"0,000";"0,000";"0,381";"3,673";"2,970";"2,925";"9,568";"0,000";"0,000";"0,000";
"19/09/2024 06:20";"3,252";"0,000";"3,022";"0,000";"3,176";"0,000";"9,451";"0,000";"1,223";"0,000";"0,000";"0,290";"3,252";"3,022";"3,176";"9,451";"0,000";"0,000";"0,000";
"19/09/2024 06:30";"3,231";"0,000";"3,184";"0,000";"3,074";"0,000";"9,488";"0,000";"1,540";"0,000";"0,000";"0,225";"3,231";"3,184";"3,074";"9,488";"0,000";"0,000";"0,000";
"19/09/2024 06:40";"7,724";"0,000";"7,064";"0,000";"7,310";"0,000";"22,099";"0,000";"2,318";"0,000";"0,000";"0,201";"7,724";"7,064";"7,310";"22,099";"0,000";"0,000";"0,000";
"19/09/2024 06:50";"8,153";"0,000";"7,068";"0,000";"7,482";"0,000";"22,703";"0,000";"2,365";"0,000";"0,000";"0,039";"8,153";"7,068";"7,482";"22,703";"0,000";"0,000";"0,000";
"19/09/2024 07:00";"7,395";"0,000";"6,544";"0,000";"6,745";"0,000";"20,685";"0,000";"1,053";"0,000";"0,000";"0,162";"7,395";"6,544";"6,745";"20,685";"0,000";"0,000";"0,000";
"19/09/2024 07:10";"7,691";"0,000";"7,089";"0,000";"7,049";"0,000";"21,829";"0,000";"1,372";"0,000";"0,000";"0,109";"7,691";"7,089";"7,049";"21,829";"0,000";"0,000";"0,000";
"19/09/2024 07:20";"7,446";"0,000";"7,007";"0,000";"7,210";"0,000";"21,664";"0,000";"1,357";"0,000";"0,000";"0,098";"7,446";"7,007";"7,210";"21,664";"0,000";"0,000";"0,000";
"19/09/2024 07:30";"7,269";"0,000";"6,724";"0,000";"6,978";"0,000";"20,971";"0,000";"1,159";"0,000";"0,000";"0,135";"7,269";"6,724";"6,978";"20,971";"0,000";"0,000";"0,000";
"19/09/2024 07:40";"7,242";"0,000";"6,514";"0,000";"6,758";"0,000";"20,515";"0,000";"0,565";"0,000";"0,000";"0,347";"7,242";"6,514";"6,758";"20,515";"0,000";"0,000";"0,000";
"19/09/2024 07:50";"7,439";"0,000";"6,882";"0,000";"6,860";"0,000";"21,181";"0,000";"0,874";"0,000";"0,000";"0,326";"7,439";"6,882";"6,860";"21,181";"0,000";"0,000";"0,000";
"19/09/2024 08:00";"7,890";"0,000";"7,402";"0,000";"7,370";"0,000";"22,663";"0,000";"1,444";"0,000";"0,000";"0,104";"7,890";"7,402";"7,370";"22,663";"0,000";"0,000";"0,000";
"19/09/2024 08:10";"9,033";"0,000";"8,564";"0,000";"8,945";"0,000";"26,542";"0,000";"2,530";"0,000";"0,000";"0,028";"9,033";"8,564";"8,945";"26,542";"0,000";"0,000";"0,000";
"19/09/2024 08:20";"9,600";"0,000";"8,814";"0,000";"9,121";"0,000";"27,535";"0,000";"3,873";"0,000";"0,000";"0,003";"9,604";"8,818";"9,125";"27,547";"0,012";"0,000";"0,012";
"19/09/2024 08:30";"7,712";"0,000";"6,954";"0,000";"7,047";"0,000";"21,713";"0,000";"1,689";"0,000";"0,000";"0,085";"7,726";"6,968";"7,061";"21,756";"0,043";"0,000";"0,043";
"19/09/2024 08:40";"7,181";"0,000";"6,562";"0,000";"6,582";"0,000";"20,326";"0,000";"3,069";"0,000";"0,000";"0,070";"7,211";"6,593";"6,613";"20,417";"0,091";"0,000";"0,091";
"19/09/2024 08:50";"5,993";"0,000";"5,738";"0,000";"6,196";"0,000";"17,927";"0,000";"0,826";"0,000";"0,000";"0,214";"6,043";"5,787";"6,246";"18,076";"0,149";"0,000";"0,149";
"19/09/2024 09:00";"6,139";"0,000";"5,898";"0,000";"6,251";"0,000";"18,288";"0,000";"0,962";"0,000";"0,000";"0,170";"6,210";"5,968";"6,322";"18,500";"0,212";"0,000";"0,212";
"19/09/2024 09:10";"7,113";"0,000";"6,252";"0,000";"6,424";"0,000";"19,789";"0,000";"1,201";"0,000";"0,000";"0,211";"7,209";"6,349";"6,521";"20,079";"0,290";"0,000";"0,290";
"19/09/2024 09:20";"7,810";"0,000";"6,787";"0,000";"6,758";"0,000";"21,355";"0,000";"2,228";"0,000";"0,000";"0,125";"7,937";"6,915";"6,886";"21,737";"0,382";"0,000";"0,382";
"19/09/2024 09:30";"6,925";"0,000";"6,133";"0,000";"6,526";"0,000";"19,584";"0,000";"1,447";"0,000";"0,000";"0,251";"7,078";"6,286";"6,679";"20,043";"0,459";"0,000";"0,459";
"19/09/2024 09:40";"6,719";"0,000";"6,271";"0,000";"6,702";"0,000";"19,692";"0,000";"1,232";"0,000";"0,000";"0,244";"6,893";"6,444";"6,876";"20,213";"0,521";"0,000";"0,521";
"19/09/2024 09:50";"6,124";"0,000";"5,780";"0,000";"5,897";"0,000";"17,801";"0,000";"1,314";"0,000";"0,000";"0,418";"6,340";"5,997";"6,113";"18,450";"0,649";"0,000";"0,649";
"19/09/2024 10:00";"6,508";"0,000";"5,742";"0,000";"5,636";"0,000";"17,886";"0,000";"1,856";"0,000";"0,000";"0,121";"6,776";"6,010";"5,904";"18,690";"0,804";"0,000";"0,804";
"19/09/2024 10:10";"6,399";"0,000";"5,317";"0,000";"5,663";"0,000";"17,379";"0,000";"0,244";"0,000";"0,000";"0,823";"6,725";"5,642";"5,988";"18,355";"0,976";"0,000";"0,976";
"19/09/2024 10:20";"6,183";"0,000";"5,743";"0,000";"6,170";"0,000";"18,096";"0,000";"0,444";"0,000";"0,000";"0,667";"6,572";"6,132";"6,559";"19,263";"1,167";"0,000";"1,167";
"19/09/2024 10:30";"6,938";"0,000";"6,346";"0,000";"6,603";"0,000";"19,888";"0,000";"0,942";"0,000";"0,000";"0,297";"7,386";"6,795";"7,052";"21,233";"1,345";"0,000";"1,345";
"19/09/2024 10:40";"8,386";"0,000";"8,012";"0,000";"7,945";"0,000";"24,343";"0,000";"3,245";"0,000";"0,000";"0,044";"8,880";"8,506";"8,439";"25,825";"1,482";"0,000";"1,482";
"19/09/2024 10:50";"8,666";"0,000";"8,278";"0,000";"8,465";"0,000";"25,409";"0,000";"2,687";"0,000";"0,000";"0,028";"9,206";"8,818";"9,005";"27,029";"1,620";"0,000";"1,620";
"19/09/2024 11:00";"8,480";"0,000";"7,913";"0,000";"8,229";"0,000";"24,622";"0,000";"4,150";"0,000";"0,000";"0,021";"9,011";"8,445";"8,761";"26,217";"1,595";"0,000";"1,595";
"19/09/2024 11:10";"8,170";"0,000";"7,582";"0,000";"7,780";"0,000";"23,532";"0,000";"3,127";"0,000";"0,000";"0,015";"8,714";"8,126";"8,324";"25,164";"1,632";"0,000";"1,632";
"19/09/2024 11:20";"7,541";"0,000";"6,989";"0,000";"7,048";"0,000";"21,578";"0,000";"4,948";"0,000";"0,000";"0,017";"8,101";"7,550";"7,608";"23,259";"1,681";"0,000";"1,681";
"19/09/2024 11:30";"8,211";"0,000";"7,724";"0,000";"8,061";"0,000";"23,995";"0,000";"3,188";"0,000";"0,000";"0,001";"8,736";"8,249";"8,586";"25,570";"1,575";"0,000";"1,575";
"19/09/2024 11:40";"9,066";"0,000";"8,722";"0,000";"8,796";"0,000";"26,584";"0,000";"7,127";"0,000";"0,000";"0,000";"9,580";"9,236";"9,310";"28,127";"1,543";"0,000";"1,543";
"19/09/2024 11:50";"8,609";"0,000";"8,388";"0,000";"8,538";"0,000";"25,535";"0,000";"6,055";"0,000";"0,000";"0,000";"9,168";"8,947";"9,096";"27,211";"1,676";"0,000";"1,676";
"19/09/2024 12:00";"9,620";"0,000";"9,280";"0,000";"9,422";"0,000";"28,321";"0,000";"5,590";"0,000";"0,000";"0,000";"10,216";"9,876";"10,018";"30,109";"1,788";"0,000";"1,788";
"19/09/2024 12:10";"8,858";"0,000";"8,538";"0,000";"8,491";"0,000";"25,887";"0,000";"4,033";"0,000";"0,000";"0,000";"9,481";"9,161";"9,114";"27,756";"1,869";"0,000";"1,869";
"19/09/2024 12:20";"8,279";"0,000";"7,713";"0,000";"7,905";"0,000";"23,897";"0,000";"3,442";"0,000";"0,000";"0,001";"8,933";"8,367";"8,559";"25,859";"1,962";"0,000";"1,962";
"19/09/2024 12:30";"8,203";"0,000";"7,417";"0,000";"7,809";"0,000";"23,429";"0,000";"3,214";"0,000";"0,000";"0,003";"8,891";"8,105";"8,497";"25,494";"2,065";"0,000";"2,065";
"19/09/2024 12:40";"7,481";"0,000";"7,350";"0,000";"7,326";"0,000";"22,157";"0,000";"1,572";"0,000";"0,000";"0,010";"8,172";"8,041";"8,016";"24,229";"2,072";"0,000";"2,072";
"19/09/2024 12:50";"6,006";"0,000";"5,629";"0,000";"5,440";"0,000";"17,075";"0,000";"0,974";"0,000";"0,000";"0,153";"6,724";"6,347";"6,159";"19,231";"2,156";"0,000";"2,156";
"19/09/2024 13:00";"3,302";"0,000";"3,010";"0,000";"2,882";"0,000";"9,194";"0,000";"1,328";"0,000";"0,000";"0,250";"4,054";"3,762";"3,634";"11,450";"2,256";"0,000";"2,256";
"19/09/2024 13:10";"3,529";"0,000";"3,134";"0,000";"3,277";"0,000";"9,941";"0,000";"0,975";"0,000";"0,000";"0,353";"4,328";"3,933";"4,076";"12,337";"2,396";"0,000";"2,396";
"19/09/2024 13:20";"3,854";"0,000";"3,432";"0,000";"3,392";"0,000";"10,678";"0,000";"0,643";"0,000";"0,000";"0,291";"4,685";"4,263";"4,223";"13,172";"2,494";"0,000";"2,494";
"19/09/2024 13:30";"3,255";"0,000";"3,075";"0,000";"2,933";"0,000";"9,262";"0,000";"1,303";"0,000";"0,000";"0,054";"4,120";"3,940";"3,798";"11,858";"2,596";"0,000";"2,596";
"19/09/2024 13:40";"1,877";"0,000";"1,482";"0,000";"1,397";"0,000";"4,756";"0,000";"0,205";"0,000";"0,000";"0,189";"2,833";"2,437";"2,352";"7,622";"2,866";"0,000";"2,866";
"19/09/2024 13:50";"1,539";"0,000";"1,173";"0,000";"1,026";"0,000";"3,737";"0,000";"0,052";"0,000";"0,000";"0,031";"2,471";"2,105";"1,958";"6,534";"2,797";"0,000";"2,797";
"19/09/2024 14:00";"1,044";"0,000";"0,622";"0,000";"0,506";"0,000";"2,172";"0,000";"0,020";"0,000";"0,000";"0,191";"1,938";"1,516";"1,400";"4,854";"2,682";"0,000";"2,682";
"19/09/2024 14:10";"0,932";"0,000";"0,600";"0,000";"0,474";"0,000";"2,005";"0,000";"0,000";"0,000";"0,000";"0,215";"1,869";"1,537";"1,411";"4,818";"2,813";"0,000";"2,813";
"19/09/2024 14:20";"0,900";"0,000";"0,576";"0,000";"0,503";"0,000";"1,979";"0,000";"0,000";"0,000";"0,000";"0,211";"1,860";"1,535";"1,463";"4,857";"2,878";"0,000";"2,878";
"19/09/2024 14:30";"0,963";"0,000";"0,706";"0,000";"0,451";"0,000";"2,120";"0,000";"0,054";"0,000";"0,000";"0,258";"1,914";"1,657";"1,402";"4,973";"2,853";"0,000";"2,853";
"19/09/2024 14:40";"0,768";"0,000";"0,467";"0,000";"0,203";"0,000";"1,439";"0,000";"0,000";"0,000";"0,000";"0,161";"1,693";"1,392";"1,128";"4,212";"2,773";"0,000";"2,773";
"19/09/2024 14:50";"0,734";"0,000";"0,393";"0,000";"0,189";"0,000";"1,316";"0,000";"0,000";"0,000";"0,000";"0,148";"1,612";"1,272";"1,067";"3,951";"2,635";"0,000";"2,635";
"19/09/2024 15:00";"0,748";"0,000";"0,481";"0,000";"0,238";"0,000";"1,466";"0,000";"0,001";"0,000";"0,000";"0,100";"1,588";"1,321";"1,078";"3,987";"2,521";"0,000";"2,521";
"19/09/2024 15:10";"0,700";"0,000";"0,337";"0,000";"0,190";"0,000";"1,226";"0,000";"0,000";"0,000";"0,000";"0,135";"1,610";"1,247";"1,100";"3,956";"2,730";"0,000";"2,730";
"19/09/2024 15:20";"0,766";"0,000";"0,512";"0,000";"0,380";"0,000";"1,659";"0,000";"0,036";"0,000";"0,000";"0,167";"1,648";"1,394";"1,261";"4,303";"2,644";"0,000";"2,644";
"19/09/2024 15:30";"0,655";"0,000";"0,390";"0,000";"0,210";"0,000";"1,255";"0,000";"0,003";"0,000";"0,000";"0,140";"1,522";"1,258";"1,077";"3,857";"2,602";"0,000";"2,602";
"19/09/2024 15:40";"0,703";"0,000";"0,379";"0,000";"0,223";"0,000";"1,305";"0,000";"0,025";"0,000";"0,000";"0,087";"1,554";"1,229";"1,074";"3,856";"2,551";"0,000";"2,551";
"19/09/2024 15:50";"0,696";"0,000";"0,378";"0,000";"0,208";"0,000";"1,283";"0,000";"0,000";"0,000";"0,000";"0,147";"1,415";"1,097";"0,927";"3,438";"2,155";"0,000";"2,155";
"19/09/2024 16:00";"0,893";"0,000";"0,635";"0,000";"0,428";"0,000";"1,957";"0,000";"0,033";"0,000";"0,000";"0,220";"1,414";"1,156";"0,948";"3,518";"1,561";"0,000";"1,561";
"19/09/2024 16:10";"0,790";"0,000";"0,419";"0,000";"0,199";"0,000";"1,408";"0,000";"0,009";"0,000";"0,000";"0,167";"1,276";"0,904";"0,684";"2,864";"1,456";"0,000";"1,456";
"19/09/2024 16:20";"0,718";"0,000";"0,458";"0,000";"0,175";"0,000";"1,351";"0,000";"0,000";"0,000";"0,000";"0,135";"1,207";"0,947";"0,664";"2,817";"1,466";"0,000";"1,466";
"19/09/2024 16:30";"0,756";"0,000";"0,504";"0,000";"0,224";"0,000";"1,484";"0,000";"0,000";"0,000";"0,000";"0,152";"1,216";"0,963";"0,683";"2,862";"1,378";"0,000";"1,378";
"19/09/2024 16:40";"0,740";"0,000";"0,392";"0,000";"0,174";"0,000";"1,306";"0,000";"0,000";"0,000";"0,000";"0,162";"1,173";"0,825";"0,607";"2,605";"1,299";"0,000";"1,299";
"19/09/2024 16:50";"0,895";"0,000";"0,610";"0,000";"0,359";"0,000";"1,864";"0,000";"0,035";"0,000";"0,000";"0,253";"1,324";"1,039";"0,788";"3,150";"1,286";"0,000";"1,286";
"19/09/2024 17:00";"0,777";"0,000";"0,509";"0,000";"0,228";"0,000";"1,515";"0,000";"0,000";"0,000";"0,000";"0,139";"1,167";"0,899";"0,618";"2,684";"1,169";"0,000";"1,169";
"19/09/2024 17:10";"0,729";"0,000";"0,422";"0,000";"0,177";"0,000";"1,328";"0,000";"0,000";"0,000";"0,000";"0,141";"1,129";"0,822";"0,577";"2,528";"1,200";"0,000";"1,200";
"19/09/2024 17:20";"0,799";"0,000";"0,433";"0,000";"0,182";"0,000";"1,414";"0,000";"0,000";"0,000";"0,000";"0,183";"1,203";"0,837";"0,586";"2,626";"1,212";"0,000";"1,212";
"19/09/2024 17:30";"0,878";"0,000";"0,560";"0,000";"0,267";"0,000";"1,705";"0,000";"0,095";"0,000";"0,000";"0,130";"1,274";"0,956";"0,662";"2,892";"1,187";"0,000";"1,187";
"19/09/2024 17:40";"0,909";"0,000";"0,550";"0,000";"0,288";"0,000";"1,747";"0,000";"0,055";"0,000";"0,000";"0,109";"1,259";"0,900";"0,638";"2,797";"1,050";"0,000";"1,050";
"19/09/2024 17:50";"0,815";"0,000";"0,437";"0,000";"0,177";"0,000";"1,429";"0,000";"0,000";"0,000";"0,000";"0,161";"1,124";"0,746";"0,486";"2,355";"0,926";"0,000";"0,926";
"19/09/2024 18:00";"0,792";"0,000";"0,456";"0,000";"0,196";"0,000";"1,444";"0,000";"0,003";"0,000";"0,000";"0,190";"1,096";"0,759";"0,500";"2,355";"0,911";"0,000";"0,911";
"19/09/2024 18:10";"0,849";"0,000";"0,436";"0,000";"0,217";"0,000";"1,501";"0,000";"0,005";"0,000";"0,000";"0,154";"1,134";"0,721";"0,502";"2,357";"0,856";"0,000";"0,856";
"19/09/2024 18:20";"0,909";"0,000";"0,597";"0,000";"0,325";"0,000";"1,831";"0,000";"0,046";"0,000";"0,000";"0,191";"1,154";"0,841";"0,570";"2,564";"0,733";"0,000";"0,733";
"19/09/2024 18:30";"0,877";"0,000";"0,492";"0,000";"0,237";"0,000";"1,606";"0,000";"0,012";"0,000";"0,000";"0,144";"1,083";"0,698";"0,443";"2,224";"0,618";"0,000";"0,618";
"19/09/2024 18:40";"0,757";"0,000";"0,319";"0,000";"0,137";"0,000";"1,213";"0,000";"0,009";"0,000";"0,000";"0,072";"0,927";"0,490";"0,308";"1,725";"0,512";"0,000";"0,512";
"19/09/2024 18:50";"0,754";"0,000";"0,323";"0,000";"0,129";"0,000";"1,205";"0,000";"0,000";"0,000";"0,000";"0,090";"0,878";"0,447";"0,254";"1,579";"0,374";"0,000";"0,374";
"19/09/2024 19:00";"0,654";"0,000";"0,403";"0,000";"0,189";"0,000";"1,246";"0,000";"0,017";"0,000";"0,000";"0,066";"0,732";"0,481";"0,267";"1,480";"0,234";"0,000";"0,234";
"19/09/2024 19:10";"0,608";"0,000";"0,463";"0,000";"0,325";"0,000";"1,397";"0,000";"0,054";"0,000";"0,000";"0,096";"0,669";"0,524";"0,386";"1,579";"0,182";"0,000";"0,182";
"19/09/2024 19:20";"0,506";"0,000";"0,406";"0,000";"0,179";"0,000";"1,090";"0,000";"0,048";"0,000";"0,000";"0,053";"0,574";"0,474";"0,247";"1,295";"0,205";"0,000";"0,205";
"19/09/2024 19:30";"0,494";"0,000";"0,314";"0,000";"0,126";"0,000";"0,934";"0,000";"0,006";"0,000";"0,000";"0,077";"0,549";"0,368";"0,181";"1,098";"0,164";"0,000";"0,164";
"19/09/2024 19:40";"0,711";"0,000";"0,279";"0,000";"0,134";"0,000";"1,124";"0,000";"0,008";"0,000";"0,000";"0,062";"0,748";"0,316";"0,171";"1,235";"0,111";"0,000";"0,111";
"19/09/2024 19:50";"0,689";"0,000";"0,542";"0,000";"0,364";"0,000";"1,594";"0,000";"0,078";"0,000";"0,000";"0,087";"0,717";"0,570";"0,392";"1,678";"0,084";"0,000";"0,084";
"19/09/2024 20:00";"0,434";"0,000";"0,315";"0,000";"0,147";"0,000";"0,897";"0,000";"0,001";"0,000";"0,000";"0,111";"0,455";"0,336";"0,168";"0,960";"0,063";"0,000";"0,063";
"19/09/2024 20:10";"0,507";"0,000";"0,334";"0,000";"0,157";"0,000";"0,998";"0,000";"0,024";"0,000";"0,000";"0,023";"0,518";"0,346";"0,169";"1,033";"0,035";"0,000";"0,035";
"19/09/2024 20:20";"0,476";"0,000";"0,367";"0,000";"0,169";"0,000";"1,012";"0,000";"0,015";"0,000";"0,000";"0,042";"0,479";"0,370";"0,172";"1,021";"0,009";"0,000";"0,009";
"19/09/2024 20:30";"0,449";"0,000";"0,329";"0,000";"0,125";"0,000";"0,904";"0,000";"0,012";"0,000";"0,000";"0,066";"0,449";"0,329";"0,125";"0,904";"0,000";"0,000";"0,000";
"19/09/2024 20:40";"0,583";"0,000";"0,460";"0,000";"0,327";"0,000";"1,371";"0,000";"0,037";"0,000";"0,000";"0,176";"0,583";"0,460";"0,327";"1,371";"0,000";"0,000";"0,000";
"19/09/2024 20:50";"0,653";"0,000";"0,550";"0,000";"0,340";"0,000";"1,543";"0,000";"0,010";"0,000";"0,000";"0,147";"0,653";"0,550";"0,340";"1,543";"0,000";"0,000";"0,000";
"19/09/2024 21:00";"0,735";"0,000";"0,503";"0,000";"0,271";"0,000";"1,509";"0,000";"0,001";"0,000";"0,000";"0,187";"0,735";"0,503";"0,271";"1,509";"0,000";"0,000";"0,000";
"19/09/2024 21:10";"0,488";"0,000";"0,444";"0,000";"0,265";"0,000";"1,197";"0,000";"0,000";"0,000";"0,000";"0,196";"0,488";"0,444";"0,265";"1,197";"0,000";"0,000";"0,000";
"19/09/2024 21:20";"0,608";"0,000";"0,631";"0,000";"0,400";"0,000";"1,639";"0,000";"0,122";"0,000";"0,000";"0,154";"0,608";"0,631";"0,400";"1,639";"0,000";"0,000";"0,000";
"19/09/2024 21:30";"0,590";"0,000";"0,591";"0,000";"0,370";"0,000";"1,552";"0,000";"0,049";"0,000";"0,000";"0,128";"0,590";"0,591";"0,370";"1,552";"0,000";"0,000";"0,000";
"19/09/2024 21:40";"0,494";"0,000";"0,454";"0,000";"0,266";"0,000";"1,214";"0,000";"0,000";"0,000";"0,000";"0,227";"0,494";"0,454";"0,266";"1,214";"0,000";"0,000";"0,000";
"19/09/2024 21:50";"0,491";"0,000";"0,477";"0,000";"0,265";"0,000";"1,233";"0,000";"0,000";"0,000";"0,000";"0,170";"0,491";"0,477";"0,265";"1,233";"0,000";"0,000";"0,000";
"19/09/2024 22:00";"0,510";"0,000";"0,531";"0,000";"0,302";"0,000";"1,343";"0,000";"0,002";"0,000";"0,000";"0,169";"0,510";"0,531";"0,302";"1,343";"0,000";"0,000";"0,000";
"19/09/2024 22:10";"0,645";"0,000";"0,664";"0,000";"0,509";"0,000";"1,818";"0,000";"0,035";"0,000";"0,000";"0,261";"0,645";"0,664";"0,509";"1,818";"0,000";"0,000";"0,000";
"19/09/2024 22:20";"0,521";"0,000";"0,465";"0,000";"0,267";"0,000";"1,253";"0,000";"0,000";"0,000";"0,000";"0,187";"0,521";"0,465";"0,267";"1,253";"0,000";"0,000";"0,000";
"19/09/2024 22:30";"0,457";"0,000";"0,477";"0,000";"0,266";"0,000";"1,200";"0,000";"0,000";"0,000";"0,000";"0,231";"0,457";"0,477";"0,266";"1,200";"0,000";"0,000";"0,000";
"19/09/2024 22:40";"0,780";"0,000";"0,569";"0,000";"0,357";"0,000";"1,706";"0,000";"0,000";"0,000";"0,000";"0,103";"0,780";"0,569";"0,357";"1,706";"0,000";"0,000";"0,000";
"19/09/2024 22:50";"0,700";"0,000";"0,519";"0,000";"0,324";"0,000";"1,544";"0,000";"0,030";"0,000";"0,000";"0,188";"0,700";"0,519";"0,324";"1,544";"0,000";"0,000";"0,000";
"19/09/2024 23:00";"0,721";"0,000";"0,658";"0,000";"0,475";"0,000";"1,854";"0,000";"0,013";"0,000";"0,000";"0,204";"0,721";"0,658";"0,475";"1,854";"0,000";"0,000";"0,000";
"19/09/2024 23:10";"0,479";"0,000";"0,471";"0,000";"0,268";"0,000";"1,217";"0,000";"0,000";"0,000";"0,000";"0,182";"0,479";"0,471";"0,268";"1,217";"0,000";"0,000";"0,000";
"19/09/2024 23:20";"0,454";"0,000";"0,463";"0,000";"0,268";"0,000";"1,185";"0,000";"0,000";"0,000";"0,000";"0,216";"0,454";"0,463";"0,268";"1,185";"0,000";"0,000";"0,000";
"19/09/2024 23:30";"0,575";"0,000";"0,544";"0,000";"0,319";"0,000";"1,438";"0,000";"0,005";"0,000";"0,000";"0,142";"0,575";"0,544";"0,319";"1,438";"0,000";"0,000";"0,000";
"19/09/2024 23:40";"0,701";"0,000";"0,681";"0,000";"0,466";"0,000";"1,848";"0,000";"0,107";"0,000";"0,000";"0,213";"0,701";"0,681";"0,466";"1,848";"0,000";"0,000";"0,000";
"19/09/2024 23:50";"0,718";"0,000";"0,524";"0,000";"0,333";"0,000";"1,575";"0,000";"0,000";"0,000";"0,000";"0,139";"0,718";"0,524";"0,333";"1,575";"0,000";"0,000";"0,000";
"20/09/2024 00:00";"0,527";"0,000";"0,453";"0,000";"0,270";"0,000";"1,250";"0,000";"0,000";"0,000";"0,000";"0,209";"0,527";"0,453";"0,270";"1,250";"0,000";"0,000";"0,000";
"20/09/2024 00:10";"0,501";"0,000";"0,494";"0,000";"0,266";"0,000";"1,261";"0,000";"0,000";"0,000";"0,000";"0,206";"0,501";"0,494";"0,266";"1,261";"0,000";"0,000";"0,000";
"20/09/2024 00:20";"0,508";"0,000";"0,492";"0,000";"0,302";"0,000";"1,302";"0,000";"0,033";"0,000";"0,000";"0,287";"0,508";"0,492";"0,302";"1,302";"0,000";"0,000";"0,000";
"20/09/2024 00:30";"0,694";"0,000";"0,631";"0,000";"0,436";"0,000";"1,762";"0,000";"0,083";"0,000";"0,000";"0,162";"0,694";"0,631";"0,436";"1,762";"0,000";"0,000";"0,000";
"20/09/2024 00:40";"0,533";"0,000";"0,550";"0,000";"0,305";"0,000";"1,388";"0,000";"0,005";"0,000";"0,000";"0,149";"0,533";"0,550";"0,305";"1,388";"0,000";"0,000";"0,000";
"20/09/2024 00:50";"0,724";"0,000";"0,520";"0,000";"0,333";"0,000";"1,577";"0,000";"0,000";"0,000";"0,000";"0,162";"0,724";"0,520";"0,333";"1,577";"0,000";"0,000";"0,000";
"20/09/2024 01:00";"0,930";"0,000";"0,469";"0,000";"0,273";"0,000";"1,672";"0,000";"0,000";"0,000";"0,000";"0,201";"0,930";"0,469";"0,273";"1,672";"0,000";"0,000";"0,000";
"20/09/2024 01:10";"0,633";"0,000";"0,636";"0,000";"0,423";"0,000";"1,692";"0,000";"0,116";"0,000";"0,000";"0,272";"0,633";"0,636";"0,423";"1,692";"0,000";"0,000";"0,000";
"20/09/2024 01:20";"0,505";"0,000";"0,457";"0,000";"0,266";"0,000";"1,228";"0,000";"0,000";"0,000";"0,000";"0,202";"0,505";"0,457";"0,266";"1,228";"0,000";"0,000";"0,000";
"20/09/2024 01:30";"0,784";"0,000";"0,460";"0,000";"0,267";"0,000";"1,511";"0,000";"0,000";"0,000";"0,000";"0,225";"0,784";"0,460";"0,267";"1,511";"0,000";"0,000";"0,000";
"20/09/2024 01:40";"0,976";"0,000";"0,487";"0,000";"0,268";"0,000";"1,731";"0,000";"0,000";"0,000";"0,000";"0,233";"0,976";"0,487";"0,268";"1,731";"0,000";"0,000";"0,000";
"20/09/2024 01:50";"0,762";"0,000";"0,445";"0,000";"0,267";"0,000";"1,475";"0,000";"0,000";"0,000";"0,000";"0,188";"0,762";"0,445";"0,267";"1,475";"0,000";"0,000";"0,000";
"20/09/2024 02:00";"0,603";"0,000";"0,631";"0,000";"0,456";"0,000";"1,690";"0,000";"0,035";"0,000";"0,000";"0,323";"0,603";"0,631";"0,456";"1,690";"0,000";"0,000";"0,000";
"20/09/2024 02:10";"0,491";"0,000";"0,484";"0,000";"0,271";"0,000";"1,246";"0,000";"0,000";"0,000";"0,000";"0,188";"0,491";"0,484";"0,271";"1,246";"0,000";"0,000";"0,000";
"20/09/2024 02:20";"0,973";"0,000";"0,448";"0,000";"0,268";"0,000";"1,689";"0,000";"0,000";"0,000";"0,000";"0,226";"0,973";"0,448";"0,268";"1,689";"0,000";"0,000";"0,000";
"20/09/2024 02:30";"0,913";"0,000";"0,461";"0,000";"0,268";"0,000";"1,642";"0,000";"0,000";"0,000";"0,000";"0,214";"0,913";"0,461";"0,268";"1,642";"0,000";"0,000";"0,000";
"20/09/2024 02:40";"0,659";"0,000";"0,633";"0,000";"0,423";"0,000";"1,715";"0,000";"0,101";"0,000";"0,000";"0,260";"0,659";"0,633";"0,423";"1,715";"0,000";"0,000";"0,000";
"20/09/2024 02:50";"0,464";"0,000";"0,474";"0,000";"0,266";"0,000";"1,205";"0,000";"0,000";"0,000";"0,000";"0,190";"0,464";"0,474";"0,266";"1,205";"0,000";"0,000";"0,000";
"20/09/2024 03:00";"0,755";"0,000";"0,459";"0,000";"0,267";"0,005";"1,480";"0,004";"0,000";"0,000";"0,001";"0,201";"0,755";"0,459";"0,262";"1,476";"0,000";"0,000";"0,000";
"20/09/2024 03:10";"1,025";"0,000";"0,460";"0,000";"0,272";"0,000";"1,757";"0,000";"0,000";"0,000";"0,000";"0,242";"1,025";"0,460";"0,272";"1,757";"0,000";"0,000";"0,000";
"20/09/2024 03:20";"0,626";"0,000";"0,488";"0,000";"0,267";"0,000";"1,381";"0,000";"0,000";"0,000";"0,000";"0,203";"0,626";"0,488";"0,267";"1,381";"0,000";"0,000";"0,000";
"20/09/2024 03:30";"0,751";"0,000";"0,596";"0,000";"0,454";"0,000";"1,801";"0,000";"0,033";"0,000";"0,000";"0,324";"0,751";"0,596";"0,454";"1,801";"0,000";"0,000";"0,000";
"20/09/2024 03:40";"0,795";"0,000";"0,468";"0,000";"0,267";"0,000";"1,529";"0,000";"0,000";"0,000";"0,000";"0,207";"0,795";"0,468";"0,267";"1,529";"0,000";"0,000";"0,000";
"20/09/2024 03:50";"1,013";"0,000";"0,492";"0,000";"0,268";"0,000";"1,772";"0,000";"0,000";"0,000";"0,000";"0,237";"1,013";"0,492";"0,268";"1,772";"0,000";"0,000";"0,000";
"20/09/2024 04:00";"0,825";"0,000";"0,449";"0,000";"0,268";"0,000";"1,542";"0,000";"0,000";"0,000";"0,000";"0,195";"0,825";"0,449";"0,268";"1,542";"0,000";"0,000";"0,000";
"20/09/2024 04:10";"0,582";"0,000";"0,633";"0,000";"0,454";"0,000";"1,670";"0,000";"0,034";"0,000";"0,000";"0,324";"0,582";"0,633";"0,454";"1,670";"0,000";"0,000";"0,000";
"20/09/2024 04:20";"0,507";"0,000";"0,475";"0,000";"0,270";"0,000";"1,253";"0,000";"0,000";"0,000";"0,000";"0,211";"0,507";"0,475";"0,270";"1,253";"0,000";"0,000";"0,000";
"20/09/2024 04:30";"0,826";"0,000";"0,443";"0,000";"0,268";"0,000";"1,537";"0,000";"0,000";"0,000";"0,000";"0,227";"0,826";"0,443";"0,268";"1,537";"0,000";"0,000";"0,000";
"20/09/2024 04:40";"1,100";"0,000";"0,613";"0,000";"0,447";"0,000";"2,159";"0,000";"0,033";"0,000";"0,000";"0,313";"1,100";"0,613";"0,447";"2,159";"0,000";"0,000";"0,000";
"20/09/2024 04:50";"0,655";"0,000";"0,487";"0,000";"0,268";"0,000";"1,409";"0,000";"0,000";"0,000";"0,000";"0,239";"0,655";"0,487";"0,268";"1,409";"0,000";"0,000";"0,000";
"20/09/2024 05:00";"0,465";"0,000";"0,453";"0,000";"0,266";"0,000";"1,184";"0,000";"0,000";"0,000";"0,000";"0,219";"0,465";"0,453";"0,266";"1,184";"0,000";"0,000";"0,000";
"20/09/2024 05:10";"0,477";"0,000";"0,469";"0,000";"0,266";"0,000";"1,211";"0,000";"0,000";"0,000";"0,000";"0,192";"0,477";"0,469";"0,266";"1,211";"0,000";"0,000";"0,000";
"20/09/2024 05:20";"1,010";"0,000";"0,489";"0,000";"0,267";"0,000";"1,766";"0,000";"0,000";"0,000";"0,000";"0,238";"1,010";"0,489";"0,267";"1,766";"0,000";"0,000";"0,000";
"20/09/2024 05:30";"1,778";"0,000";"1,062";"0,000";"0,728";"0,000";"3,568";"0,000";"0,113";"0,000";"0,000";"0,325";"1,778";"1,062";"0,728";"3,568";"0,000";"0,000";"0,000";
"20/09/2024 05:40";"1,460";"0,000";"1,112";"0,000";"0,772";"0,000";"3,344";"0,000";"0,000";"0,000";"0,000";"0,390";"1,460";"1,112";"0,772";"3,344";"0,000";"0,000";"0,000";
"20/09/2024 05:50";"1,821";"0,000";"1,447";"0,000";"1,164";"0,000";"4,432";"0,000";"0,000";"0,000";"0,000";"0,485";"1,821";"1,447";"1,164";"4,432";"0,000";"0,000";"0,000";
"20/09/2024 06:00";"3,200";"0,000";"2,729";"0,000";"2,586";"0,000";"8,514";"0,000";"0,535";"0,000";"0,000";"0,211";"3,200";"2,729";"2,586";"8,514";"0,000";"0,000";"0,000";
"20/09/2024 06:10";"5,706";"0,000";"4,772";"0,000";"4,713";"0,000";"15,190";"0,000";"1,499";"0,000";"0,000";"0,243";"5,706";"4,772";"4,713";"15,190";"0,000";"0,000";"0,000";
"20/09/2024 06:20";"8,106";"0,000";"7,337";"0,000";"7,267";"0,000";"22,711";"0,000";"1,244";"0,000";"0,000";"0,187";"8,106";"7,337";"7,267";"22,711";"0,000";"0,000";"0,000";
"20/09/2024 06:30";"7,608";"0,000";"6,985";"0,000";"7,202";"0,000";"21,795";"0,000";"0,724";"0,000";"0,000";"0,455";"7,608";"6,985";"7,202";"21,795";"0,000";"0,000";"0,000";
"20/09/2024 06:40";"7,591";"0,000";"7,228";"0,000";"7,560";"0,000";"22,379";"0,000";"0,976";"0,000";"0,000";"0,225";"7,591";"7,228";"7,560";"22,379";"0,000";"0,000";"0,000";
"20/09/2024 06:50";"8,081";"0,000";"7,912";"0,000";"7,966";"0,000";"23,960";"0,000";"4,890";"0,000";"0,000";"0,045";"8,081";"7,912";"7,966";"23,960";"0,000";"0,000";"0,000";
"20/09/2024 07:00";"7,950";"0,000";"7,019";"0,000";"6,952";"0,000";"21,920";"0,000";"1,289";"0,000";"0,000";"0,161";"7,950";"7,019";"6,952";"21,920";"0,000";"0,000";"0,000";
"20/09/2024 07:10";"7,704";"0,000";"6,894";"0,000";"6,975";"0,000";"21,573";"0,000";"1,157";"0,000";"0,000";"0,364";"7,704";"6,894";"6,975";"21,573";"0,000";"0,000";"0,000";
"20/09/2024 07:20";"6,900";"0,000";"6,585";"0,000";"6,992";"0,000";"20,477";"0,000";"0,421";"0,000";"0,000";"0,481";"6,900";"6,585";"6,992";"20,477";"0,000";"0,000";"0,000";
"20/09/2024 07:30";"6,753";"0,000";"6,230";"0,000";"6,510";"0,000";"19,494";"0,000";"0,584";"0,000";"0,000";"0,366";"6,753";"6,230";"6,510";"19,494";"0,000";"0,000";"0,000";
"20/09/2024 07:40";"7,158";"0,000";"6,652";"0,000";"6,452";"0,000";"20,262";"0,000";"1,037";"0,000";"0,000";"0,227";"7,158";"6,652";"6,452";"20,262";"0,000";"0,000";"0,000";
"20/09/2024 07:50";"7,338";"0,000";"7,751";"0,000";"6,881";"0,000";"21,970";"0,000";"0,563";"0,000";"0,000";"0,447";"7,338";"7,751";"6,881";"21,970";"0,000";"0,000";"0,000";
"20/09/2024 08:00";"6,916";"0,000";"7,259";"0,000";"6,704";"0,000";"20,878";"0,000";"0,341";"0,000";"0,000";"0,496";"6,916";"7,259";"6,704";"20,878";"0,000";"0,000";"0,000";
"20/09/2024 08:10";"7,192";"0,000";"7,581";"0,000";"6,806";"0,000";"21,580";"0,000";"1,009";"0,000";"0,000";"0,083";"7,192";"7,581";"6,806";"21,580";"0,000";"0,000";"0,000";
"20/09/2024 08:20";"8,188";"0,000";"8,959";"0,000";"8,027";"0,000";"25,174";"0,000";"2,430";"0,000";"0,000";"0,006";"8,193";"8,965";"8,033";"25,190";"0,016";"0,000";"0,016";
"20/09/2024 08:30";"9,205";"0,000";"9,863";"0,000";"9,027";"0,000";"28,095";"0,000";"6,682";"0,000";"0,000";"0,000";"9,221";"9,878";"9,043";"28,142";"0,047";"0,000";"0,047";
"20/09/2024 08:40";"8,710";"0,000";"9,206";"0,000";"8,675";"0,000";"26,591";"0,000";"3,181";"0,000";"0,000";"0,000";"8,737";"9,233";"8,702";"26,671";"0,080";"0,000";"0,080";
"20/09/2024 08:50";"9,694";"0,000";"10,375";"0,000";"9,380";"0,000";"29,448";"0,000";"5,076";"0,000";"0,000";"0,000";"9,734";"10,416";"9,420";"29,569";"0,121";"0,000";"0,121";
"20/09/2024 09:00";"8,693";"0,000";"9,400";"0,000";"8,464";"0,000";"26,557";"0,000";"6,160";"0,000";"0,000";"0,002";"8,773";"9,480";"8,543";"26,796";"0,239";"0,000";"0,239";
"20/09/2024 09:10";"6,946";"0,000";"7,356";"0,000";"6,707";"0,000";"21,010";"0,000";"1,459";"0,000";"0,000";"0,246";"7,059";"7,469";"6,820";"21,348";"0,338";"0,000";"0,338";
"20/09/2024 09:20";"7,532";"0,000";"8,033";"0,000";"7,314";"0,000";"22,880";"0,000";"0,905";"0,000";"0,000";"0,204";"7,651";"8,152";"7,433";"23,237";"0,357";"0,000";"0,357";
"20/09/2024 09:30";"8,958";"0,000";"9,144";"0,000";"8,241";"0,000";"26,343";"0,000";"2,263";"0,000";"0,000";"0,069";"9,130";"9,316";"8,412";"26,858";"0,515";"0,000";"0,515";
"20/09/2024 09:40";"9,658";"0,000";"9,753";"0,000";"8,859";"0,000";"28,269";"0,000";"1,505";"0,000";"0,000";"0,123";"9,834";"9,929";"9,035";"28,798";"0,529";"0,000";"0,529";
"20/09/2024 09:50";"9,599";"0,000";"9,755";"0,000";"9,019";"0,000";"28,373";"0,000";"0,806";"0,000";"0,000";"0,269";"9,804";"9,960";"9,224";"28,988";"0,615";"0,000";"0,615";
"20/09/2024 10:00";"9,049";"0,000";"9,407";"0,000";"8,693";"0,000";"27,149";"0,000";"0,434";"0,000";"0,000";"0,484";"9,293";"9,651";"8,937";"27,880";"0,731";"0,000";"0,731";
"20/09/2024 10:10";"8,927";"0,000";"8,732";"0,000";"8,279";"0,000";"25,938";"0,000";"0,486";"0,000";"0,000";"0,410";"9,194";"8,998";"8,546";"26,738";"0,800";"0,000";"0,800";
"20/09/2024 10:20";"9,390";"0,000";"9,200";"0,000";"8,948";"0,000";"27,538";"0,000";"2,142";"0,000";"0,000";"0,140";"9,713";"9,523";"9,271";"28,507";"0,969";"0,000";"0,969";
"20/09/2024 10:30";"9,294";"0,000";"9,363";"0,000";"9,311";"0,000";"27,969";"0,000";"3,112";"0,000";"0,000";"0,003";"9,619";"9,688";"9,636";"28,943";"0,974";"0,000";"0,974";
"20/09/2024 10:40";"9,620";"0,000";"9,080";"0,000";"9,160";"0,000";"27,860";"0,000";"1,609";"0,000";"0,000";"0,084";"9,979";"9,438";"9,519";"28,936";"1,076";"0,000";"1,076";
"20/09/2024 10:50";"10,507";"0,000";"9,573";"0,000";"9,672";"0,000";"29,752";"0,000";"2,208";"0,000";"0,000";"0,037";"10,843";"9,909";"10,008";"30,760";"1,008";"0,000";"1,008";
"20/09/2024 11:00";"9,795";"0,000";"9,428";"0,000";"9,552";"0,000";"28,775";"0,000";"4,297";"0,000";"0,000";"0,023";"10,125";"9,759";"9,883";"29,767";"0,992";"0,000";"0,992";
"20/09/2024 11:10";"9,429";"0,000";"9,536";"0,000";"9,609";"0,000";"28,574";"0,000";"7,856";"0,000";"0,000";"0,000";"9,855";"9,962";"10,035";"29,853";"1,279";"0,000";"1,279";
"20/09/2024 11:20";"9,481";"0,000";"9,027";"0,000";"9,250";"0,000";"27,757";"0,000";"6,808";"0,000";"0,000";"0,000";"9,951";"9,497";"9,720";"29,168";"1,411";"0,000";"1,411";
"20/09/2024 11:30";"10,574";"0,000";"9,810";"0,000";"9,859";"0,000";"30,243";"0,000";"7,358";"0,000";"0,000";"0,000";"11,181";"10,417";"10,467";"32,065";"1,822";"0,000";"1,822";
"20/09/2024 11:40";"10,091";"0,000";"9,883";"0,000";"9,784";"0,000";"29,758";"0,000";"6,166";"0,000";"0,000";"0,000";"11,078";"10,870";"10,771";"32,718";"2,960";"0,000";"2,960";
"20/09/2024 11:50";"9,348";"0,000";"9,288";"0,000";"8,909";"0,000";"27,546";"0,000";"5,613";"0,000";"0,000";"0,000";"10,180";"10,120";"9,741";"30,042";"2,496";"0,000";"2,496";
"20/09/2024 12:00";"8,617";"0,000";"8,422";"0,000";"8,024";"0,000";"25,062";"0,000";"5,262";"0,000";"0,000";"0,000";"9,079";"8,884";"8,486";"26,448";"1,386";"0,000";"1,386";
"20/09/2024 12:10";"6,213";"0,000";"5,629";"0,000";"5,538";"0,000";"17,380";"0,000";"5,327";"0,000";"0,000";"0,099";"6,641";"6,056";"5,966";"18,663";"1,283";"0,000";"1,283";
"20/09/2024 12:20";"3,443";"0,000";"3,031";"0,000";"3,129";"0,000";"9,603";"0,000";"0,899";"0,000";"0,000";"0,373";"3,830";"3,417";"3,516";"10,762";"1,159";"0,000";"1,159";
"20/09/2024 12:30";"3,453";"0,000";"3,167";"0,000";"3,164";"0,000";"9,784";"0,000";"1,139";"0,000";"0,000";"0,233";"3,871";"3,586";"3,582";"11,039";"1,255";"0,000";"1,255";
"20/09/2024 12:40";"3,546";"0,000";"3,112";"0,000";"3,082";"0,000";"9,740";"0,000";"0,827";"0,000";"0,000";"0,578";"4,030";"3,596";"3,566";"11,192";"1,452";"0,000";"1,452";
"20/09/2024 12:50";"3,933";"0,000";"3,643";"0,000";"3,454";"0,000";"11,030";"0,000";"0,705";"0,000";"0,000";"0,405";"4,346";"4,057";"3,867";"12,270";"1,240";"0,000";"1,240";
"20/09/2024 13:00";"4,550";"0,000";"4,092";"0,000";"4,187";"0,000";"12,829";"0,000";"0,974";"0,000";"0,000";"0,788";"4,939";"4,481";"4,576";"13,997";"1,168";"0,000";"1,168";
"20/09/2024 13:10";"3,232";"0,000";"2,728";"0,000";"2,927";"0,000";"8,888";"0,000";"0,445";"0,000";"0,000";"0,434";"3,679";"3,176";"3,375";"10,231";"1,343";"0,000";"1,343";
"20/09/2024 13:20";"3,613";"0,000";"3,134";"0,000";"3,162";"0,000";"9,908";"0,000";"0,870";"0,000";"0,000";"0,310";"4,098";"3,619";"3,647";"11,364";"1,456";"0,000";"1,456";
"20/09/2024 13:30";"2,914";"0,000";"2,644";"0,000";"2,590";"0,000";"8,148";"0,000";"1,894";"0,000";"0,000";"0,359";"3,751";"3,481";"3,428";"10,660";"2,512";"0,000";"2,512";
"20/09/2024 13:40";"2,433";"0,000";"2,317";"0,000";"2,211";"0,000";"6,961";"0,000";"1,181";"0,000";"0,000";"0,214";"3,162";"3,045";"2,939";"9,146";"2,185";"0,000";"2,185";
"20/09/2024 13:50";"2,011";"0,000";"1,735";"0,000";"1,641";"0,000";"5,387";"0,000";"0,291";"0,000";"0,000";"0,035";"2,416";"2,140";"2,045";"6,601";"1,214";"0,000";"1,214";
"20/09/2024 14:00";"0,918";"0,000";"0,585";"0,000";"0,509";"0,000";"2,013";"0,000";"0,030";"0,000";"0,000";"0,187";"1,305";"0,971";"0,896";"3,172";"1,159";"0,000";"1,159";
"20/09/2024 14:10";"0,724";"0,000";"0,487";"0,000";"0,136";"0,000";"1,346";"0,000";"0,000";"0,000";"0,000";"0,153";"1,129";"0,892";"0,541";"2,561";"1,215";"0,000";"1,215";
"20/09/2024 14:20";"0,693";"0,000";"0,510";"0,000";"0,191";"0,000";"1,394";"0,000";"0,000";"0,000";"0,000";"0,134";"1,160";"0,977";"0,658";"2,796";"1,402";"0,000";"1,402";
"20/09/2024 14:30";"0,635";"0,000";"0,424";"0,000";"0,145";"0,000";"1,204";"0,000";"0,000";"0,000";"0,000";"0,146";"1,147";"0,936";"0,657";"2,740";"1,536";"0,000";"1,536";
"20/09/2024 14:40";"0,644";"0,000";"0,386";"0,000";"0,119";"0,000";"1,149";"0,000";"0,000";"0,000";"0,000";"0,149";"1,234";"0,976";"0,710";"2,920";"1,771";"0,000";"1,771";
"20/09/2024 14:50";"0,649";"0,000";"0,390";"0,000";"0,160";"0,000";"1,199";"0,000";"0,027";"0,000";"0,000";"0,107";"1,226";"0,967";"0,737";"2,930";"1,731";"0,000";"1,731";
"20/09/2024 15:00";"0,537";"0,000";"0,332";"0,000";"0,102";"0,000";"0,970";"0,000";"0,000";"0,000";"0,000";"0,117";"1,147";"0,941";"0,711";"2,799";"1,829";"0,000";"1,829";
"20/09/2024 15:10";"0,563";"0,000";"0,324";"0,000";"0,101";"0,000";"0,988";"0,000";"0,000";"0,000";"0,000";"0,112";"1,067";"0,829";"0,606";"2,502";"1,514";"0,000";"1,514";
"20/09/2024 15:20";"0,575";"0,000";"0,375";"0,000";"0,147";"0,000";"1,096";"0,000";"0,026";"0,000";"0,000";"0,083";"1,071";"0,871";"0,643";"2,584";"1,488";"0,000";"1,488";
"20/09/2024 15:30";"0,522";"0,000";"0,290";"0,000";"0,110";"0,000";"0,922";"0,000";"0,000";"0,000";"0,000";"0,124";"1,100";"0,868";"0,688";"2,656";"1,734";"0,000";"1,734";
"20/09/2024 15:40";"0,508";"0,000";"0,315";"0,000";"0,140";"0,000";"0,964";"0,000";"0,000";"0,000";"0,000";"0,099";"1,101";"0,908";"0,733";"2,743";"1,779";"0,000";"1,779";
"20/09/2024 15:50";"0,515";"0,000";"0,335";"0,000";"0,186";"0,000";"1,036";"0,000";"0,013";"0,000";"0,000";"0,076";"1,081";"0,901";"0,752";"2,734";"1,698";"0,000";"1,698";
"20/09/2024 16:00";"0,496";"0,000";"0,306";"0,000";"0,164";"0,000";"0,965";"0,000";"0,009";"0,000";"0,000";"0,103";"0,995";"0,805";"0,663";"2,462";"1,497";"0,000";"1,497";
"20/09/2024 16:10";"0,482";"0,000";"0,249";"0,000";"0,100";"0,000";"0,831";"0,000";"0,000";"0,000";"0,000";"0,106";"1,041";"0,808";"0,659";"2,508";"1,677";"0,000";"1,677";
"20/09/2024 16:20";"0,480";"0,000";"0,280";"0,000";"0,101";"0,000";"0,861";"0,000";"0,002";"0,000";"0,000";"0,094";"1,133";"0,933";"0,755";"2,821";"1,960";"0,000";"1,960";
"20/09/2024 16:30";"0,527";"0,000";"0,347";"0,000";"0,154";"0,000";"1,028";"0,000";"0,034";"0,000";"0,000";"0,096";"1,073";"0,894";"0,701";"2,668";"1,640";"0,000";"1,640";
"20/09/2024 16:40";"0,465";"0,000";"0,289";"0,000";"0,106";"0,000";"0,860";"0,000";"0,007";"0,000";"0,000";"0,083";"0,894";"0,718";"0,535";"2,147";"1,287";"0,000";"1,287";
"20/09/2024 16:50";"0,512";"0,000";"0,247";"0,000";"0,101";"0,000";"0,860";"0,000";"0,000";"0,000";"0,000";"0,093";"0,874";"0,609";"0,463";"1,946";"1,086";"0,000";"1,086";
"20/09/2024 17:00";"0,516";"0,000";"0,340";"0,000";"0,151";"0,000";"1,008";"0,000";"0,005";"0,000";"0,000";"0,081";"0,930";"0,754";"0,564";"2,248";"1,240";"0,000";"1,240";
"20/09/2024 17:10";"0,461";"0,000";"0,289";"0,000";"0,101";"0,000";"0,852";"0,000";"0,001";"0,000";"0,000";"0,089";"0,935";"0,763";"0,575";"2,273";"1,421";"0,000";"1,421";
"20/09/2024 17:20";"0,508";"0,000";"0,271";"0,000";"0,103";"0,000";"0,882";"0,000";"0,000";"0,000";"0,000";"0,099";"1,105";"0,868";"0,701";"2,674";"1,792";"0,000";"1,792";
"20/09/2024 17:30";"0,464";"0,000";"0,268";"0,000";"0,101";"0,000";"0,833";"0,000";"0,002";"0,000";"0,000";"0,080";"0,946";"0,751";"0,583";"2,280";"1,447";"0,000";"1,447";
"20/09/2024 17:40";"0,517";"0,000";"0,326";"0,000";"0,154";"0,000";"0,998";"0,000";"0,013";"0,000";"0,000";"0,077";"1,082";"0,890";"0,719";"2,691";"1,693";"0,000";"1,693";
"20/09/2024 17:50";"0,488";"0,000";"0,285";"0,000";"0,100";"0,000";"0,873";"0,000";"0,000";"0,000";"0,000";"0,089";"0,865";"0,662";"0,477";"2,004";"1,132";"0,000";"1,132";
"20/09/2024 18:00";"0,484";"0,000";"0,274";"0,000";"0,108";"0,000";"0,866";"0,000";"0,007";"0,000";"0,000";"0,109";"0,756";"0,546";"0,381";"1,684";"0,818";"0,000";"0,818";
"20/09/2024 18:10";"0,505";"0,000";"0,312";"0,000";"0,145";"0,000";"0,961";"0,000";"0,027";"0,000";"0,000";"0,081";"0,771";"0,578";"0,411";"1,760";"0,799";"0,000";"0,799";
"20/09/2024 18:20";"0,459";"0,000";"0,283";"0,000";"0,101";"0,000";"0,843";"0,000";"0,000";"0,000";"0,000";"0,100";"0,720";"0,544";"0,362";"1,625";"0,782";"0,000";"0,782";
"20/09/2024 18:30";"0,545";"0,000";"0,358";"0,000";"0,156";"0,000";"1,060";"0,000";"0,018";"0,000";"0,000";"0,078";"0,788";"0,601";"0,399";"1,789";"0,729";"0,000";"0,729";
"20/09/2024 18:40";"0,463";"0,000";"0,260";"0,000";"0,100";"0,000";"0,824";"0,000";"0,000";"0,000";"0,000";"0,090";"0,716";"0,514";"0,354";"1,584";"0,760";"0,000";"0,760";
"20/09/2024 18:50";"0,330";"0,000";"0,302";"0,000";"0,131";"0,000";"0,763";"0,000";"0,009";"0,000";"0,000";"0,082";"0,551";"0,523";"0,352";"1,426";"0,663";"0,000";"0,663";
"20/09/2024 19:00";"0,273";"0,000";"0,320";"0,000";"0,133";"0,000";"0,725";"0,000";"0,002";"0,000";"0,000";"0,080";"0,458";"0,504";"0,317";"1,279";"0,554";"0,000";"0,554";
"20/09/2024 19:10";"0,206";"0,000";"0,263";"0,000";"0,101";"0,000";"0,571";"0,000";"0,003";"0,000";"0,000";"0,105";"0,332";"0,389";"0,227";"0,948";"0,377";"0,000";"0,377";
"20/09/2024 19:20";"0,286";"0,000";"0,358";"0,000";"0,174";"0,000";"0,817";"0,000";"0,028";"0,000";"0,000";"0,043";"0,365";"0,437";"0,253";"1,056";"0,239";"0,000";"0,239";
"20/09/2024 19:30";"0,416";"0,000";"0,246";"0,000";"0,103";"0,000";"0,765";"0,000";"0,000";"0,000";"0,000";"0,099";"0,469";"0,299";"0,156";"0,924";"0,159";"0,000";"0,159";
"20/09/2024 19:40";"0,474";"0,000";"0,288";"0,000";"0,101";"0,000";"0,863";"0,000";"0,000";"0,000";"0,000";"0,084";"0,514";"0,328";"0,142";"0,984";"0,121";"0,000";"0,121";
"20/09/2024 19:50";"0,335";"0,000";"0,379";"0,000";"0,179";"0,000";"0,893";"0,000";"0,022";"0,000";"0,000";"0,040";"0,367";"0,411";"0,211";"0,988";"0,095";"0,000";"0,095";
"20/09/2024 20:00";"0,206";"0,000";"0,279";"0,000";"0,100";"0,000";"0,585";"0,000";"0,000";"0,000";"0,000";"0,093";"0,227";"0,301";"0,122";"0,649";"0,064";"0,000";"0,064";
"20/09/2024 20:10";"0,241";"0,000";"0,251";"0,000";"0,100";"0,000";"0,591";"0,000";"0,002";"0,000";"0,000";"0,093";"0,250";"0,260";"0,109";"0,619";"0,028";"0,000";"0,028";
"20/09/2024 20:20";"0,254";"0,000";"0,307";"0,000";"0,143";"0,000";"0,704";"0,000";"0,008";"0,000";"0,000";"0,074";"0,256";"0,308";"0,144";"0,708";"0,004";"0,000";"0,004";
"20/09/2024 20:30";"0,262";"0,000";"0,334";"0,000";"0,144";"0,000";"0,740";"0,000";"0,006";"0,000";"0,000";"0,058";"0,262";"0,334";"0,144";"0,740";"0,000";"0,000";"0,000";
"20/09/2024 20:40";"0,330";"0,000";"0,395";"0,000";"0,201";"0,000";"0,925";"0,000";"0,000";"0,000";"0,000";"0,184";"0,330";"0,395";"0,201";"0,925";"0,000";"0,000";"0,000";
"20/09/2024 20:50";"0,420";"0,000";"0,429";"0,000";"0,250";"0,000";"1,099";"0,000";"0,000";"0,000";"0,000";"0,182";"0,420";"0,429";"0,250";"1,099";"0,000";"0,000";"0,000";
"20/09/2024 21:00";"0,667";"0,000";"0,519";"0,000";"0,310";"0,000";"1,496";"0,000";"0,001";"0,000";"0,000";"0,136";"0,667";"0,519";"0,310";"1,496";"0,000";"0,000";"0,000";
"20/09/2024 21:10";"0,437";"0,000";"0,437";"0,000";"0,240";"0,000";"1,115";"0,000";"0,000";"0,000";"0,000";"0,202";"0,437";"0,437";"0,240";"1,115";"0,000";"0,000";"0,000";
"20/09/2024 21:20";"0,379";"0,000";"0,454";"0,000";"0,244";"0,000";"1,077";"0,000";"0,000";"0,000";"0,000";"0,177";"0,379";"0,454";"0,244";"1,077";"0,000";"0,000";"0,000";
"20/09/2024 21:30";"0,467";"0,000";"0,505";"0,000";"0,308";"0,000";"1,280";"0,000";"0,006";"0,000";"0,000";"0,108";"0,467";"0,505";"0,308";"1,280";"0,000";"0,000";"0,000";
"20/09/2024 21:40";"0,463";"0,000";"0,439";"0,000";"0,262";"0,000";"1,164";"0,000";"0,000";"0,000";"0,000";"0,134";"0,463";"0,439";"0,262";"1,164";"0,000";"0,000";"0,000";
"20/09/2024 21:50";"0,421";"0,000";"0,451";"0,000";"0,240";"0,000";"1,113";"0,000";"0,000";"0,000";"0,000";"0,147";"0,421";"0,451";"0,240";"1,113";"0,000";"0,000";"0,000";
"20/09/2024 22:00";"0,447";"0,000";"0,434";"0,000";"0,241";"0,000";"1,123";"0,000";"0,000";"0,000";"0,000";"0,170";"0,447";"0,434";"0,241";"1,123";"0,000";"0,000";"0,000";
"20/09/2024 22:10";"0,461";"0,000";"0,451";"0,000";"0,261";"0,000";"1,173";"0,000";"0,000";"0,000";"0,000";"0,128";"0,461";"0,451";"0,261";"1,173";"0,000";"0,000";"0,000";
"20/09/2024 22:20";"0,507";"0,000";"0,505";"0,000";"0,314";"0,000";"1,326";"0,000";"0,015";"0,000";"0,000";"0,099";"0,507";"0,505";"0,314";"1,326";"0,000";"0,000";"0,000";
"20/09/2024 22:30";"0,439";"0,000";"0,451";"0,000";"0,241";"0,000";"1,131";"0,000";"0,000";"0,000";"0,000";"0,146";"0,439";"0,451";"0,241";"1,131";"0,000";"0,000";"0,000";
"20/09/2024 22:40";"0,411";"0,000";"0,447";"0,000";"0,240";"0,000";"1,099";"0,000";"0,000";"0,000";"0,000";"0,187";"0,411";"0,447";"0,240";"1,099";"0,000";"0,000";"0,000";
"20/09/2024 22:50";"0,652";"0,000";"0,474";"0,000";"0,294";"0,000";"1,420";"0,000";"0,000";"0,000";"0,000";"0,153";"0,652";"0,474";"0,294";"1,420";"0,000";"0,000";"0,000";
"20/09/2024 23:00";"0,467";"0,000";"0,466";"0,000";"0,265";"0,000";"1,198";"0,000";"0,000";"0,000";"0,000";"0,179";"0,467";"0,466";"0,265";"1,198";"0,000";"0,000";"0,000";
"20/09/2024 23:10";"0,445";"0,000";"0,451";"0,000";"0,242";"0,000";"1,138";"0,000";"0,000";"0,000";"0,000";"0,154";"0,445";"0,451";"0,242";"1,138";"0,000";"0,000";"0,000";
"20/09/2024 23:20";"0,462";"0,000";"0,443";"0,000";"0,261";"0,000";"1,166";"0,000";"0,003";"0,000";"0,000";"0,133";"0,462";"0,443";"0,261";"1,166";"0,000";"0,000";"0,000";
"20/09/2024 23:30";"0,519";"0,000";"0,505";"0,000";"0,306";"0,000";"1,331";"0,000";"0,011";"0,000";"0,000";"0,081";"0,519";"0,505";"0,306";"1,331";"0,000";"0,000";"0,000";
"20/09/2024 23:40";"0,445";"0,000";"0,453";"0,000";"0,242";"0,000";"1,140";"0,000";"0,000";"0,000";"0,000";"0,143";"0,445";"0,453";"0,242";"1,140";"0,000";"0,000";"0,000";
"20/09/2024 23:50";"0,474";"0,000";"0,440";"0,000";"0,243";"0,000";"1,157";"0,000";"0,000";"0,000";"0,000";"0,155";"0,474";"0,440";"0,243";"1,157";"0,000";"0,000";"0,000";
"21/09/2024 00:00";"0,520";"0,000";"0,510";"0,000";"0,311";"0,000";"1,340";"0,000";"0,000";"0,000";"0,000";"0,078";"0,520";"0,510";"0,311";"1,340";"0,000";"0,000";"0,000";
"21/09/2024 00:10";"0,453";"0,000";"0,443";"0,000";"0,254";"0,000";"1,151";"0,000";"0,000";"0,000";"0,000";"0,140";"0,453";"0,443";"0,254";"1,151";"0,000";"0,000";"0,000";
"21/09/2024 00:20";"0,473";"0,000";"0,443";"0,000";"0,244";"0,000";"1,160";"0,000";"0,000";"0,000";"0,000";"0,152";"0,473";"0,443";"0,244";"1,160";"0,000";"0,000";"0,000";
"21/09/2024 00:30";"0,406";"0,000";"0,484";"0,000";"0,268";"0,000";"1,158";"0,000";"0,000";"0,000";"0,000";"0,152";"0,406";"0,484";"0,268";"1,158";"0,000";"0,000";"0,000";
"21/09/2024 00:40";"0,397";"0,000";"0,458";"0,000";"0,291";"0,000";"1,146";"0,000";"0,001";"0,000";"0,000";"0,152";"0,397";"0,458";"0,291";"1,146";"0,000";"0,000";"0,000";
"21/09/2024 00:50";"0,373";"0,000";"0,453";"0,000";"0,240";"0,000";"1,066";"0,000";"0,000";"0,000";"0,000";"0,193";"0,373";"0,453";"0,240";"1,066";"0,000";"0,000";"0,000";
"21/09/2024 01:00";"0,331";"0,000";"0,448";"0,000";"0,240";"0,000";"1,019";"0,000";"0,000";"0,000";"0,000";"0,192";"0,331";"0,448";"0,240";"1,019";"0,000";"0,000";"0,000";
"21/09/2024 01:10";"0,679";"0,000";"0,507";"0,000";"0,326";"0,000";"1,512";"0,000";"0,003";"0,000";"0,000";"0,137";"0,679";"0,507";"0,326";"1,512";"0,000";"0,000";"0,000";
"21/09/2024 01:20";"0,522";"0,000";"0,420";"0,000";"0,245";"0,000";"1,187";"0,000";"0,000";"0,000";"0,000";"0,190";"0,522";"0,420";"0,245";"1,187";"0,000";"0,000";"0,000";
"21/09/2024 01:30";"0,349";"0,000";"0,451";"0,000";"0,240";"0,000";"1,040";"0,000";"0,000";"0,000";"0,000";"0,189";"0,349";"0,451";"0,240";"1,040";"0,000";"0,000";"0,000";
"21/09/2024 01:40";"0,374";"0,000";"0,479";"0,000";"0,271";"0,000";"1,125";"0,000";"0,000";"0,000";"0,000";"0,180";"0,374";"0,479";"0,271";"1,125";"0,000";"0,000";"0,000";
"21/09/2024 01:50";"0,430";"0,000";"0,480";"0,000";"0,294";"0,000";"1,204";"0,000";"0,003";"0,000";"0,000";"0,141";"0,430";"0,480";"0,294";"1,204";"0,000";"0,000";"0,000";
"21/09/2024 02:00";"0,341";"0,000";"0,443";"0,000";"0,241";"0,000";"1,025";"0,000";"0,000";"0,000";"0,000";"0,193";"0,341";"0,443";"0,241";"1,025";"0,000";"0,000";"0,000";
"21/09/2024 02:10";"0,341";"0,000";"0,441";"0,000";"0,241";"0,000";"1,022";"0,000";"0,000";"0,000";"0,000";"0,205";"0,341";"0,441";"0,241";"1,022";"0,000";"0,000";"0,000";
"21/09/2024 02:20";"0,468";"0,000";"0,539";"0,000";"0,329";"0,000";"1,336";"0,000";"0,006";"0,000";"0,000";"0,104";"0,468";"0,539";"0,329";"1,336";"0,000";"0,000";"0,000";
"21/09/2024 02:30";"0,351";"0,000";"0,422";"0,000";"0,241";"0,000";"1,014";"0,000";"0,000";"0,000";"0,000";"0,190";"0,351";"0,422";"0,241";"1,014";"0,000";"0,000";"0,000";
"21/09/2024 02:40";"0,341";"0,000";"0,444";"0,000";"0,241";"0,000";"1,026";"0,000";"0,000";"0,000";"0,000";"0,200";"0,341";"0,444";"0,241";"1,026";"0,000";"0,000";"0,000";
"21/09/2024 02:50";"0,473";"0,000";"0,557";"0,000";"0,328";"0,000";"1,358";"0,000";"0,002";"0,000";"0,000";"0,112";"0,473";"0,557";"0,328";"1,358";"0,000";"0,000";"0,000";
"21/09/2024 03:00";"0,552";"0,000";"0,418";"0,000";"0,243";"0,000";"1,213";"0,000";"0,000";"0,000";"0,000";"0,202";"0,552";"0,418";"0,243";"1,213";"0,000";"0,000";"0,000";
"21/09/2024 03:10";"0,343";"0,000";"0,411";"0,000";"0,242";"0,000";"0,996";"0,000";"0,000";"0,000";"0,000";"0,209";"0,343";"0,411";"0,242";"0,996";"0,000";"0,000";"0,000";
"21/09/2024 03:20";"0,348";"0,000";"0,442";"0,000";"0,246";"0,000";"1,036";"0,000";"0,000";"0,000";"0,000";"0,187";"0,348";"0,442";"0,246";"1,036";"0,000";"0,000";"0,000";
"21/09/2024 03:30";"0,524";"0,000";"0,528";"0,000";"0,311";"0,000";"1,363";"0,000";"0,002";"0,000";"0,000";"0,132";"0,524";"0,528";"0,311";"1,363";"0,000";"0,000";"0,000";
"21/09/2024 03:40";"0,409";"0,000";"0,497";"0,000";"0,298";"0,000";"1,204";"0,000";"0,000";"0,000";"0,000";"0,154";"0,409";"0,497";"0,298";"1,204";"0,000";"0,000";"0,000";
"21/09/2024 03:50";"0,794";"0,000";"0,436";"0,000";"0,247";"0,000";"1,477";"0,000";"0,000";"0,000";"0,000";"0,196";"0,794";"0,436";"0,247";"1,477";"0,000";"0,000";"0,000";
"21/09/2024 04:00";"0,555";"0,000";"0,426";"0,000";"0,244";"0,000";"1,224";"0,000";"0,000";"0,000";"0,000";"0,191";"0,555";"0,426";"0,244";"1,224";"0,000";"0,000";"0,000";
"21/09/2024 04:10";"0,344";"0,000";"0,441";"0,000";"0,242";"0,000";"1,028";"0,000";"0,000";"0,000";"0,000";"0,195";"0,344";"0,441";"0,242";"1,028";"0,000";"0,000";"0,000";
"21/09/2024 04:20";"0,348";"0,000";"0,446";"0,000";"0,246";"0,000";"1,040";"0,000";"0,000";"0,000";"0,000";"0,181";"0,348";"0,446";"0,246";"1,040";"0,000";"0,000";"0,000";
"21/09/2024 04:30";"0,529";"0,000";"0,543";"0,000";"0,329";"0,000";"1,401";"0,000";"0,003";"0,000";"0,000";"0,115";"0,529";"0,543";"0,329";"1,401";"0,000";"0,000";"0,000";
"21/09/2024 04:40";"0,525";"0,000";"0,414";"0,000";"0,242";"0,000";"1,182";"0,000";"0,000";"0,000";"0,000";"0,210";"0,525";"0,414";"0,242";"1,182";"0,000";"0,000";"0,000";
"21/09/2024 04:50";"0,338";"0,000";"0,419";"0,000";"0,242";"0,000";"0,998";"0,000";"0,000";"0,000";"0,000";"0,195";"0,338";"0,419";"0,242";"0,998";"0,000";"0,000";"0,000";
"21/09/2024 05:00";"0,372";"0,000";"0,430";"0,000";"0,242";"0,000";"1,043";"0,000";"0,000";"0,000";"0,000";"0,191";"0,372";"0,430";"0,242";"1,043";"0,000";"0,000";"0,000";
"21/09/2024 05:10";"0,444";"0,000";"0,502";"0,000";"0,295";"0,000";"1,242";"0,000";"0,000";"0,000";"0,000";"0,152";"0,444";"0,502";"0,295";"1,242";"0,000";"0,000";"0,000";
"21/09/2024 05:20";"0,409";"0,000";"0,499";"0,000";"0,294";"0,000";"1,202";"0,000";"0,000";"0,000";"0,000";"0,145";"0,409";"0,499";"0,294";"1,202";"0,000";"0,000";"0,000";
"21/09/2024 05:30";"0,530";"0,000";"0,479";"0,000";"0,268";"0,000";"1,277";"0,000";"0,001";"0,000";"0,000";"0,169";"0,530";"0,479";"0,268";"1,277";"0,000";"0,000";"0,000";
"21/09/2024 05:40";"0,368";"0,000";"0,411";"0,000";"0,242";"0,000";"1,021";"0,000";"0,000";"0,000";"0,000";"0,203";"0,368";"0,411";"0,242";"1,021";"0,000";"0,000";"0,000";
"21/09/2024 05:50";"0,446";"0,000";"0,427";"0,000";"0,242";"0,000";"1,114";"0,000";"0,000";"0,000";"0,000";"0,195";"0,446";"0,427";"0,242";"1,114";"0,000";"0,000";"0,000";
"21/09/2024 06:00";"0,860";"0,000";"0,440";"0,000";"0,241";"0,000";"1,542";"0,000";"0,000";"0,000";"0,000";"0,212";"0,860";"0,440";"0,241";"1,542";"0,000";"0,000";"0,000";
"21/09/2024 06:10";"0,719";"0,000";"0,433";"0,000";"0,241";"0,000";"1,393";"0,000";"0,000";"0,000";"0,000";"0,218";"0,719";"0,433";"0,241";"1,393";"0,000";"0,000";"0,000";
"21/09/2024 06:20";"0,344";"0,000";"0,439";"0,000";"0,241";"0,000";"1,023";"0,000";"0,000";"0,000";"0,000";"0,200";"0,344";"0,439";"0,241";"1,023";"0,000";"0,000";"0,000";
"21/09/2024 06:30";"0,346";"0,000";"0,419";"0,000";"0,245";"0,000";"1,010";"0,000";"0,000";"0,000";"0,000";"0,189";"0,346";"0,419";"0,245";"1,010";"0,000";"0,000";"0,000";
"21/09/2024 06:40";"0,793";"0,000";"0,428";"0,000";"0,242";"0,000";"1,463";"0,000";"0,000";"0,000";"0,000";"0,217";"0,793";"0,428";"0,242";"1,463";"0,000";"0,000";"0,000";
"21/09/2024 06:50";"0,884";"0,000";"0,456";"0,000";"0,242";"0,000";"1,582";"0,000";"0,000";"0,000";"0,000";"0,207";"0,884";"0,456";"0,242";"1,582";"0,000";"0,000";"0,000";
"21/09/2024 07:00";"0,615";"0,000";"0,446";"0,000";"0,242";"0,000";"1,303";"0,000";"0,000";"0,000";"0,000";"0,199";"0,615";"0,446";"0,242";"1,303";"0,000";"0,000";"0,000";
"21/09/2024 07:10";"0,564";"0,000";"0,413";"0,000";"0,241";"0,000";"1,218";"0,000";"0,000";"0,000";"0,000";"0,204";"0,564";"0,413";"0,241";"1,218";"0,000";"0,000";"0,000";
"21/09/2024 07:20";"0,442";"0,000";"0,427";"0,000";"0,241";"0,000";"1,111";"0,000";"0,000";"0,000";"0,000";"0,211";"0,442";"0,427";"0,241";"1,111";"0,000";"0,000";"0,000";
"21/09/2024 07:30";"0,853";"0,000";"0,451";"0,000";"0,246";"0,000";"1,550";"0,000";"0,000";"0,000";"0,000";"0,209";"0,853";"0,451";"0,246";"1,550";"0,000";"0,000";"0,000";
"21/09/2024 07:40";"0,829";"0,000";"0,435";"0,000";"0,242";"0,000";"1,506";"0,000";"0,000";"0,000";"0,000";"0,217";"0,829";"0,435";"0,242";"1,506";"0,000";"0,000";"0,000";
"21/09/2024 07:50";"0,344";"0,000";"0,403";"0,000";"0,241";"0,000";"0,988";"0,000";"0,000";"0,000";"0,000";"0,214";"0,344";"0,403";"0,241";"0,988";"0,000";"0,000";"0,000";
"21/09/2024 08:00";"0,342";"0,000";"0,429";"0,000";"0,240";"0,000";"1,012";"0,000";"0,000";"0,000";"0,000";"0,196";"0,342";"0,429";"0,240";"1,012";"0,000";"0,000";"0,000";
"21/09/2024 08:10";"0,426";"0,000";"0,381";"0,000";"0,178";"0,000";"0,985";"0,000";"0,000";"0,000";"0,000";"0,160";"0,426";"0,381";"0,178";"0,985";"0,000";"0,000";"0,000";
"21/09/2024 08:20";"0,770";"0,000";"0,307";"0,000";"0,121";"0,000";"1,197";"0,000";"0,000";"0,000";"0,000";"0,142";"0,770";"0,307";"0,121";"1,197";"0,000";"0,000";"0,000";
"21/09/2024 08:30";"0,669";"0,000";"0,312";"0,000";"0,126";"0,000";"1,107";"0,000";"0,000";"0,000";"0,000";"0,132";"0,671";"0,314";"0,128";"1,113";"0,006";"0,000";"0,006";
"21/09/2024 08:40";"0,233";"0,000";"0,277";"0,000";"0,106";"0,000";"0,617";"0,000";"0,000";"0,000";"0,000";"0,095";"0,241";"0,285";"0,114";"0,641";"0,024";"0,000";"0,024";
"21/09/2024 08:50";"0,216";"0,000";"0,249";"0,000";"0,101";"0,000";"0,567";"0,000";"0,000";"0,000";"0,000";"0,111";"0,246";"0,279";"0,130";"0,655";"0,088";"0,000";"0,088";
"21/09/2024 09:00";"0,441";"0,000";"0,272";"0,000";"0,101";"0,000";"0,814";"0,000";"0,000";"0,000";"0,000";"0,117";"0,514";"0,344";"0,173";"1,031";"0,217";"0,000";"0,217";
"21/09/2024 09:10";"0,759";"0,000";"0,276";"0,000";"0,101";"0,000";"1,135";"0,000";"0,000";"0,000";"0,000";"0,116";"0,876";"0,393";"0,218";"1,488";"0,353";"0,000";"0,353";
"21/09/2024 09:20";"0,484";"0,000";"0,261";"0,000";"0,101";"0,000";"0,846";"0,000";"0,000";"0,000";"0,000";"0,115";"0,619";"0,397";"0,236";"1,252";"0,406";"0,000";"0,406";
"21/09/2024 09:30";"0,208";"0,000";"0,246";"0,000";"0,103";"0,000";"0,557";"0,000";"0,000";"0,000";"0,000";"0,110";"0,345";"0,383";"0,240";"0,968";"0,411";"0,000";"0,411";
"21/09/2024 09:40";"0,213";"0,000";"0,270";"0,000";"0,102";"0,000";"0,585";"0,000";"0,001";"0,000";"0,000";"0,087";"0,353";"0,411";"0,243";"1,006";"0,421";"0,000";"0,421";
"21/09/2024 09:50";"0,462";"0,000";"0,285";"0,000";"0,100";"0,000";"0,847";"0,000";"0,000";"0,000";"0,000";"0,105";"0,625";"0,447";"0,263";"1,334";"0,487";"0,000";"0,487";
"21/09/2024 10:00";"0,722";"0,000";"0,265";"0,000";"0,100";"0,000";"1,087";"0,000";"0,000";"0,000";"0,000";"0,135";"0,885";"0,427";"0,263";"1,574";"0,487";"0,000";"0,487";
"21/09/2024 10:10";"0,501";"0,000";"0,260";"0,000";"0,100";"0,000";"0,861";"0,000";"0,000";"0,000";"0,000";"0,117";"0,635";"0,395";"0,235";"1,265";"0,404";"0,000";"0,404";
"21/09/2024 10:20";"0,245";"0,000";"0,252";"0,000";"0,102";"0,000";"0,598";"0,000";"0,000";"0,000";"0,000";"0,100";"0,391";"0,397";"0,247";"1,035";"0,437";"0,000";"0,437";
"21/09/2024 10:30";"0,456";"0,000";"0,271";"0,000";"0,100";"0,000";"0,826";"0,000";"0,000";"0,000";"0,000";"0,120";"0,740";"0,555";"0,384";"1,678";"0,852";"0,000";"0,852";
"21/09/2024 10:40";"0,607";"0,000";"0,263";"0,000";"0,104";"0,000";"0,974";"0,000";"0,000";"0,000";"0,000";"0,120";"1,357";"1,013";"0,855";"3,226";"2,252";"0,000";"2,252";
"21/09/2024 10:50";"0,754";"0,000";"0,291";"0,000";"0,100";"0,000";"1,146";"0,000";"0,000";"0,000";"0,000";"0,102";"1,660";"1,197";"1,006";"3,863";"2,717";"0,000";"2,717";
"21/09/2024 11:00";"0,425";"0,000";"0,250";"0,000";"0,100";"0,000";"0,775";"0,000";"0,001";"0,000";"0,000";"0,102";"0,853";"0,678";"0,528";"2,058";"1,283";"0,000";"1,283";
"21/09/2024 11:10";"0,208";"0,000";"0,264";"0,000";"0,100";"0,000";"0,572";"0,000";"0,000";"0,000";"0,000";"0,112";"0,831";"0,888";"0,723";"2,442";"1,870";"0,000";"1,870";
"21/09/2024 11:20";"0,247";"0,000";"0,288";"0,000";"0,101";"0,000";"0,636";"0,000";"0,001";"0,000";"0,000";"0,095";"1,223";"1,264";"1,076";"3,563";"2,927";"0,000";"2,927";
"21/09/2024 11:30";"0,450";"0,000";"0,255";"0,000";"0,102";"0,000";"0,806";"0,000";"0,003";"0,000";"0,000";"0,106";"1,436";"1,242";"1,088";"3,766";"2,960";"0,000";"2,960";
"21/09/2024 11:40";"0,722";"0,000";"0,243";"0,000";"0,104";"0,000";"1,069";"0,000";"0,000";"0,000";"0,000";"0,118";"1,778";"1,299";"1,160";"4,237";"3,168";"0,000";"3,168";
"21/09/2024 11:50";"0,406";"0,000";"0,296";"0,000";"0,101";"0,000";"0,803";"0,000";"0,001";"0,000";"0,000";"0,083";"1,513";"1,404";"1,208";"4,125";"3,322";"0,000";"3,322";
"21/09/2024 12:00";"0,209";"0,000";"0,282";"0,000";"0,100";"0,000";"0,591";"0,000";"0,000";"0,000";"0,000";"0,095";"1,377";"1,450";"1,268";"4,094";"3,503";"0,000";"3,503";
"21/09/2024 12:10";"0,215";"0,000";"0,249";"0,000";"0,101";"0,000";"0,564";"0,000";"0,004";"0,000";"0,000";"0,110";"1,483";"1,517";"1,369";"4,368";"3,804";"0,000";"3,804";
"21/09/2024 12:20";"0,256";"0,000";"0,263";"0,000";"0,102";"0,000";"0,621";"0,000";"0,001";"0,000";"0,000";"0,088";"1,556";"1,562";"1,401";"4,519";"3,898";"0,000";"3,898";
"21/09/2024 12:30";"0,341";"0,000";"0,402";"0,000";"0,196";"0,000";"0,939";"0,000";"0,021";"0,000";"0,000";"0,035";"1,189";"1,249";"1,043";"3,481";"2,542";"0,000";"2,542";
"21/09/2024 12:40";"0,208";"0,000";"0,283";"0,000";"0,105";"0,000";"0,597";"0,000";"0,002";"0,000";"0,000";"0,090";"1,431";"1,506";"1,328";"4,265";"3,668";"0,000";"3,668";
"21/09/2024 12:50";"0,281";"0,000";"0,249";"0,000";"0,101";"0,000";"0,631";"0,000";"0,005";"0,000";"0,000";"0,058";"1,690";"1,658";"1,510";"4,858";"4,227";"0,000";"4,227";
"21/09/2024 13:00";"0,336";"0,000";"0,266";"0,000";"0,101";"0,000";"0,702";"0,000";"0,014";"0,000";"0,000";"0,064";"1,616";"1,546";"1,381";"4,542";"3,840";"0,000";"3,840";
"21/09/2024 13:10";"0,370";"0,000";"0,360";"0,000";"0,160";"0,000";"0,891";"0,000";"0,024";"0,000";"0,000";"0,045";"1,686";"1,675";"1,476";"4,837";"3,946";"0,000";"3,946";
"21/09/2024 13:20";"0,311";"0,000";"0,285";"0,000";"0,101";"0,000";"0,697";"0,000";"0,020";"0,000";"0,000";"0,050";"1,717";"1,692";"1,508";"4,916";"4,219";"0,000";"4,219";
"21/09/2024 13:30";"0,337";"0,000";"0,249";"0,000";"0,100";"0,000";"0,687";"0,000";"0,002";"0,000";"0,000";"0,054";"1,817";"1,728";"1,580";"5,125";"4,438";"0,000";"4,438";
"21/09/2024 13:40";"0,337";"0,000";"0,362";"0,000";"0,166";"0,000";"0,865";"0,000";"0,042";"0,000";"0,000";"0,078";"1,157";"1,182";"0,986";"3,325";"2,460";"0,000";"2,460";
"21/09/2024 13:50";"0,202";"0,000";"0,278";"0,000";"0,102";"0,000";"0,581";"0,000";"0,000";"0,000";"0,000";"0,095";"0,965";"1,041";"0,865";"2,870";"2,289";"0,000";"2,289";
"21/09/2024 14:00";"0,238";"0,000";"0,239";"0,000";"0,100";"0,000";"0,577";"0,000";"0,001";"0,000";"0,000";"0,101";"0,986";"0,987";"0,848";"2,821";"2,244";"0,000";"2,244";
"21/09/2024 14:10";"0,266";"0,000";"0,359";"0,000";"0,156";"0,000";"0,781";"0,000";"0,004";"0,000";"0,000";"0,047";"1,054";"1,147";"0,944";"3,145";"2,364";"0,000";"2,364";
"21/09/2024 14:20";"0,325";"0,000";"0,288";"0,000";"0,101";"0,000";"0,714";"0,000";"0,000";"0,000";"0,000";"0,090";"1,430";"1,394";"1,207";"4,031";"3,317";"0,000";"3,317";
"21/09/2024 14:30";"0,485";"0,000";"0,262";"0,000";"0,101";"0,000";"0,848";"0,000";"0,002";"0,000";"0,000";"0,104";"1,857";"1,633";"1,472";"4,962";"4,114";"0,000";"4,114";
"21/09/2024 14:40";"0,363";"0,000";"0,331";"0,000";"0,166";"0,000";"0,860";"0,000";"0,013";"0,000";"0,000";"0,074";"1,745";"1,712";"1,547";"5,004";"4,144";"0,000";"4,144";
"21/09/2024 14:50";"0,232";"0,000";"0,289";"0,000";"0,102";"0,000";"0,623";"0,000";"0,001";"0,000";"0,000";"0,085";"1,596";"1,653";"1,466";"4,715";"4,092";"0,000";"4,092";
"21/09/2024 15:00";"0,212";"0,000";"0,293";"0,000";"0,100";"0,000";"0,606";"0,000";"0,002";"0,000";"0,000";"0,083";"1,604";"1,686";"1,493";"4,783";"4,177";"0,000";"4,177";
"21/09/2024 15:10";"0,271";"0,000";"0,302";"0,000";"0,154";"0,000";"0,727";"0,000";"0,009";"0,000";"0,000";"0,076";"1,661";"1,693";"1,544";"4,898";"4,171";"0,000";"4,171";
"21/09/2024 15:20";"0,237";"0,000";"0,274";"0,000";"0,101";"0,000";"0,612";"0,000";"0,001";"0,000";"0,000";"0,095";"1,553";"1,590";"1,417";"4,559";"3,947";"0,000";"3,947";
"21/09/2024 15:30";"0,203";"0,000";"0,297";"0,000";"0,104";"0,000";"0,605";"0,000";"0,005";"0,000";"0,000";"0,074";"1,488";"1,581";"1,388";"4,458";"3,853";"0,000";"3,853";
"21/09/2024 15:40";"0,263";"0,000";"0,333";"0,000";"0,157";"0,000";"0,753";"0,000";"0,006";"0,000";"0,000";"0,070";"1,562";"1,632";"1,455";"4,649";"3,896";"0,000";"3,896";
"21/09/2024 15:50";"0,239";"0,000";"0,264";"0,000";"0,101";"0,000";"0,604";"0,000";"0,002";"0,000";"0,000";"0,086";"1,495";"1,520";"1,357";"4,371";"3,767";"0,000";"3,767";
"21/09/2024 16:00";"0,209";"0,000";"0,285";"0,000";"0,101";"0,000";"0,595";"0,000";"0,002";"0,000";"0,000";"0,094";"1,445";"1,520";"1,336";"4,301";"3,706";"0,000";"3,706";
"21/09/2024 16:10";"0,270";"0,000";"0,340";"0,000";"0,155";"0,000";"0,765";"0,000";"0,021";"0,000";"0,000";"0,081";"1,457";"1,528";"1,342";"4,327";"3,562";"0,000";"3,562";
"21/09/2024 16:20";"0,239";"0,000";"0,256";"0,000";"0,102";"0,000";"0,597";"0,000";"0,002";"0,000";"0,000";"0,087";"1,209";"1,226";"1,072";"3,507";"2,910";"0,000";"2,910";
"21/09/2024 16:30";"0,246";"0,000";"0,328";"0,000";"0,136";"0,000";"0,710";"0,000";"0,013";"0,000";"0,000";"0,070";"1,340";"1,422";"1,230";"3,992";"3,282";"0,000";"3,282";
"21/09/2024 16:40";"0,231";"0,000";"0,322";"0,000";"0,124";"0,000";"0,677";"0,000";"0,004";"0,000";"0,000";"0,086";"1,288";"1,379";"1,181";"3,848";"3,171";"0,000";"3,171";
"21/09/2024 16:50";"0,210";"0,000";"0,245";"0,000";"0,101";"0,000";"0,555";"0,000";"0,002";"0,000";"0,000";"0,102";"0,793";"0,828";"0,684";"2,305";"1,750";"0,000";"1,750";
"21/09/2024 17:00";"0,311";"0,000";"0,347";"0,000";"0,156";"0,000";"0,814";"0,000";"0,022";"0,000";"0,000";"0,078";"0,919";"0,956";"0,765";"2,640";"1,826";"0,000";"1,826";
"21/09/2024 17:10";"0,203";"0,000";"0,276";"0,000";"0,100";"0,000";"0,580";"0,000";"0,000";"0,000";"0,000";"0,094";"1,227";"1,300";"1,124";"3,651";"3,071";"0,000";"3,071";
"21/09/2024 17:20";"0,206";"0,000";"0,271";"0,000";"0,104";"0,000";"0,581";"0,000";"0,000";"0,000";"0,000";"0,092";"1,169";"1,234";"1,067";"3,470";"2,889";"0,000";"2,889";
"21/09/2024 17:30";"0,284";"0,000";"0,321";"0,000";"0,141";"0,000";"0,746";"0,000";"0,028";"0,000";"0,000";"0,065";"0,749";"0,786";"0,607";"2,142";"1,396";"0,000";"1,396";
"21/09/2024 17:40";"0,227";"0,000";"0,286";"0,000";"0,123";"0,000";"0,635";"0,000";"0,000";"0,000";"0,000";"0,103";"0,702";"0,762";"0,598";"2,062";"1,427";"0,000";"1,427";
"21/09/2024 17:50";"0,212";"0,000";"0,285";"0,000";"0,100";"0,000";"0,597";"0,000";"0,001";"0,000";"0,000";"0,084";"0,484";"0,557";"0,372";"1,413";"0,816";"0,000";"0,816";
"21/09/2024 18:00";"0,297";"0,000";"0,342";"0,000";"0,155";"0,000";"0,793";"0,000";"0,014";"0,000";"0,000";"0,066";"0,599";"0,644";"0,457";"1,699";"0,906";"0,000";"0,906";
"21/09/2024 18:10";"0,203";"0,000";"0,256";"0,000";"0,104";"0,000";"0,563";"0,000";"0,001";"0,000";"0,000";"0,084";"0,546";"0,600";"0,448";"1,594";"1,031";"0,000";"1,031";
"21/09/2024 18:20";"0,223";"0,000";"0,282";"0,000";"0,111";"0,000";"0,617";"0,000";"0,004";"0,000";"0,000";"0,090";"0,421";"0,480";"0,309";"1,211";"0,594";"0,000";"0,594";
"21/09/2024 18:30";"0,547";"0,000";"0,340";"0,000";"0,152";"0,000";"1,039";"0,000";"0,011";"0,000";"0,000";"0,102";"0,760";"0,554";"0,366";"1,679";"0,640";"0,000";"0,640";
"21/09/2024 18:40";"0,433";"0,000";"0,296";"0,000";"0,100";"0,000";"0,830";"0,000";"0,001";"0,000";"0,000";"0,081";"0,747";"0,610";"0,414";"1,771";"0,941";"0,000";"0,941";
"21/09/2024 18:50";"0,229";"0,000";"0,262";"0,000";"0,115";"0,000";"0,606";"0,000";"0,006";"0,000";"0,000";"0,090";"0,480";"0,513";"0,366";"1,358";"0,752";"0,000";"0,752";
"21/09/2024 19:00";"0,282";"0,000";"0,333";"0,000";"0,144";"0,000";"0,758";"0,000";"0,014";"0,000";"0,000";"0,086";"0,552";"0,603";"0,414";"1,569";"0,811";"0,000";"0,811";
"21/09/2024 19:10";"0,206";"0,000";"0,274";"0,000";"0,104";"0,000";"0,584";"0,000";"0,001";"0,000";"0,000";"0,096";"0,413";"0,481";"0,311";"1,205";"0,621";"0,000";"0,621";
"21/09/2024 19:20";"0,271";"0,000";"0,347";"0,000";"0,160";"0,000";"0,778";"0,000";"0,011";"0,000";"0,000";"0,079";"0,425";"0,502";"0,315";"1,242";"0,464";"0,000";"0,464";
"21/09/2024 19:30";"0,235";"0,000";"0,257";"0,000";"0,101";"0,000";"0,593";"0,000";"0,002";"0,000";"0,000";"0,084";"0,338";"0,360";"0,204";"0,901";"0,308";"0,000";"0,308";
"21/09/2024 19:40";"0,242";"0,000";"0,316";"0,000";"0,130";"0,000";"0,689";"0,000";"0,013";"0,000";"0,000";"0,076";"0,320";"0,394";"0,208";"0,921";"0,232";"0,000";"0,232";
"21/09/2024 19:50";"0,251";"0,000";"0,337";"0,000";"0,139";"0,000";"0,728";"0,000";"0,015";"0,000";"0,000";"0,063";"0,311";"0,397";"0,199";"0,908";"0,180";"0,000";"0,180";
"21/09/2024 20:00";"0,234";"0,000";"0,255";"0,000";"0,104";"0,000";"0,592";"0,000";"0,003";"0,000";"0,000";"0,103";"0,271";"0,292";"0,141";"0,703";"0,111";"0,000";"0,111";
"21/09/2024 20:10";"0,293";"0,000";"0,336";"0,000";"0,168";"0,000";"0,798";"0,000";"0,018";"0,000";"0,000";"0,053";"0,313";"0,356";"0,188";"0,858";"0,060";"0,000";"0,060";
"21/09/2024 20:20";"0,214";"0,000";"0,302";"0,000";"0,108";"0,000";"0,624";"0,000";"0,001";"0,000";"0,000";"0,077";"0,222";"0,310";"0,115";"0,647";"0,023";"0,000";"0,023";
"21/09/2024 20:30";"0,206";"0,000";"0,277";"0,000";"0,099";"0,000";"0,582";"0,000";"0,000";"0,000";"0,000";"0,099";"0,207";"0,278";"0,100";"0,584";"0,002";"0,000";"0,002";
"21/09/2024 20:40";"0,329";"0,000";"0,343";"0,000";"0,173";"0,000";"0,845";"0,000";"0,031";"0,000";"0,000";"0,052";"0,329";"0,343";"0,173";"0,845";"0,000";"0,000";"0,000";
"21/09/2024 20:50";"0,307";"0,000";"0,370";"0,000";"0,190";"0,000";"0,867";"0,000";"0,000";"0,000";"0,000";"0,148";"0,307";"0,370";"0,190";"0,867";"0,000";"0,000";"0,000";
"21/09/2024 21:00";"0,346";"0,000";"0,439";"0,000";"0,244";"0,000";"1,029";"0,000";"0,000";"0,000";"0,000";"0,200";"0,346";"0,439";"0,244";"1,029";"0,000";"0,000";"0,000";
"21/09/2024 21:10";"0,425";"0,000";"0,530";"0,000";"0,309";"0,000";"1,264";"0,000";"0,005";"0,000";"0,000";"0,133";"0,425";"0,530";"0,309";"1,264";"0,000";"0,000";"0,000";
"21/09/2024 21:20";"0,444";"0,000";"0,485";"0,000";"0,294";"0,000";"1,224";"0,000";"0,001";"0,000";"0,000";"0,145";"0,444";"0,485";"0,294";"1,224";"0,000";"0,000";"0,000";
"21/09/2024 21:30";"0,531";"0,000";"0,442";"0,000";"0,252";"0,000";"1,225";"0,000";"0,001";"0,000";"0,000";"0,186";"0,531";"0,442";"0,252";"1,225";"0,000";"0,000";"0,000";
"21/09/2024 21:40";"0,349";"0,000";"0,453";"0,000";"0,241";"0,000";"1,043";"0,000";"0,000";"0,000";"0,000";"0,191";"0,349";"0,453";"0,241";"1,043";"0,000";"0,000";"0,000";
"21/09/2024 21:50";"0,386";"0,000";"0,426";"0,000";"0,243";"0,000";"1,055";"0,000";"0,000";"0,000";"0,000";"0,208";"0,386";"0,426";"0,243";"1,055";"0,000";"0,000";"0,000";
"21/09/2024 22:00";"0,342";"0,000";"0,414";"0,000";"0,243";"0,000";"0,999";"0,000";"0,000";"0,000";"0,000";"0,188";"0,342";"0,414";"0,243";"0,999";"0,000";"0,000";"0,000";
"21/09/2024 22:10";"0,451";"0,000";"0,511";"0,000";"0,288";"0,000";"1,250";"0,000";"0,001";"0,000";"0,000";"0,145";"0,451";"0,511";"0,288";"1,250";"0,000";"0,000";"0,000";
"21/09/2024 22:20";"0,642";"0,000";"0,489";"0,000";"0,285";"0,000";"1,416";"0,000";"0,000";"0,000";"0,000";"0,167";"0,642";"0,489";"0,285";"1,416";"0,000";"0,000";"0,000";
"21/09/2024 22:30";"0,571";"0,000";"0,440";"0,000";"0,242";"0,000";"1,253";"0,000";"0,000";"0,000";"0,000";"0,190";"0,571";"0,440";"0,242";"1,253";"0,000";"0,000";"0,000";
"21/09/2024 22:40";"0,349";"0,000";"0,414";"0,000";"0,242";"0,000";"1,004";"0,000";"0,000";"0,000";"0,000";"0,195";"0,349";"0,414";"0,242";"1,004";"0,000";"0,000";"0,000";
"21/09/2024 22:50";"0,441";"0,000";"0,544";"0,000";"0,334";"0,000";"1,320";"0,000";"0,000";"0,000";"0,000";"0,119";"0,441";"0,544";"0,334";"1,320";"0,000";"0,000";"0,000";
"21/09/2024 23:00";"0,350";"0,000";"0,462";"0,000";"0,243";"0,000";"1,055";"0,000";"0,000";"0,000";"0,000";"0,175";"0,350";"0,462";"0,243";"1,055";"0,000";"0,000";"0,000";
"21/09/2024 23:10";"0,367";"0,000";"0,428";"0,000";"0,241";"0,000";"1,035";"0,000";"0,000";"0,000";"0,000";"0,193";"0,367";"0,428";"0,241";"1,035";"0,000";"0,000";"0,000";
"21/09/2024 23:20";"0,349";"0,000";"0,413";"0,000";"0,241";"0,000";"1,004";"0,000";"0,000";"0,000";"0,000";"0,206";"0,349";"0,413";"0,241";"1,004";"0,000";"0,000";"0,000";
"21/09/2024 23:30";"0,358";"0,000";"0,446";"0,000";"0,241";"0,000";"1,045";"0,000";"0,000";"0,000";"0,000";"0,195";"0,358";"0,446";"0,241";"1,045";"0,000";"0,000";"0,000";
"21/09/2024 23:40";"0,388";"0,000";"0,440";"0,000";"0,241";"0,000";"1,070";"0,000";"0,000";"0,000";"0,000";"0,207";"0,388";"0,440";"0,241";"1,070";"0,000";"0,000";"0,000";
"21/09/2024 23:50";"0,497";"0,000";"0,429";"0,000";"0,246";"0,000";"1,172";"0,000";"0,000";"0,000";"0,000";"0,191";"0,497";"0,429";"0,246";"1,172";"0,000";"0,000";"0,000";
"22/09/2024 00:00";"0,866";"0,000";"0,848";"0,000";"0,241";"0,000";"1,954";"0,000";"0,000";"0,000";"0,000";"0,211";"0,866";"0,848";"0,241";"1,954";"0,000";"0,000";"0,000";
"22/09/2024 00:10";"0,534";"0,000";"0,430";"0,000";"0,241";"0,000";"1,206";"0,000";"0,000";"0,000";"0,000";"0,210";"0,534";"0,430";"0,241";"1,206";"0,000";"0,000";"0,000";
"22/09/2024 00:20";"0,364";"0,000";"0,440";"0,000";"0,241";"0,000";"1,045";"0,000";"0,000";"0,000";"0,000";"0,200";"0,364";"0,440";"0,241";"1,045";"0,000";"0,000";"0,000";
"22/09/2024 00:30";"0,338";"0,000";"0,442";"0,000";"0,241";"0,000";"1,022";"0,000";"0,000";"0,000";"0,000";"0,193";"0,338";"0,442";"0,241";"1,022";"0,000";"0,000";"0,000";
"22/09/2024 00:40";"0,341";"0,000";"0,405";"0,000";"0,241";"0,000";"0,987";"0,000";"0,000";"0,000";"0,000";"0,204";"0,341";"0,405";"0,241";"0,987";"0,000";"0,000";"0,000";
"22/09/2024 00:50";"0,508";"0,000";"0,574";"0,000";"0,352";"0,000";"1,434";"0,000";"0,001";"0,000";"0,000";"0,083";"0,508";"0,574";"0,352";"1,434";"0,000";"0,000";"0,000";
"22/09/2024 01:00";"0,510";"0,000";"0,450";"0,000";"0,242";"0,000";"1,203";"0,000";"0,000";"0,000";"0,000";"0,193";"0,510";"0,450";"0,242";"1,203";"0,000";"0,000";"0,000";
"22/09/2024 01:10";"0,345";"0,000";"0,431";"0,000";"0,241";"0,000";"1,017";"0,000";"0,000";"0,000";"0,000";"0,207";"0,345";"0,431";"0,241";"1,017";"0,000";"0,000";"0,000";
"22/09/2024 01:20";"0,357";"0,000";"0,414";"0,000";"0,241";"0,000";"1,012";"0,000";"0,000";"0,000";"0,000";"0,196";"0,357";"0,414";"0,241";"1,012";"0,000";"0,000";"0,000";
"22/09/2024 01:30";"0,475";"0,000";"0,512";"0,000";"0,310";"0,000";"1,297";"0,000";"0,000";"0,000";"0,000";"0,131";"0,475";"0,512";"0,310";"1,297";"0,000";"0,000";"0,000";
"22/09/2024 01:40";"0,407";"0,000";"0,512";"0,000";"0,295";"0,000";"1,214";"0,000";"0,002";"0,000";"0,000";"0,143";"0,407";"0,512";"0,295";"1,214";"0,000";"0,000";"0,000";
"22/09/2024 01:50";"0,541";"0,000";"0,459";"0,000";"0,255";"0,000";"1,254";"0,000";"0,001";"0,000";"0,000";"0,186";"0,541";"0,459";"0,255";"1,254";"0,000";"0,000";"0,000";
"22/09/2024 02:00";"0,550";"0,000";"0,430";"0,000";"0,242";"0,000";"1,222";"0,000";"0,000";"0,000";"0,000";"0,193";"0,550";"0,430";"0,242";"1,222";"0,000";"0,000";"0,000";
"22/09/2024 02:10";"0,599";"0,000";"0,411";"0,000";"0,241";"0,000";"1,252";"0,000";"0,000";"0,000";"0,000";"0,211";"0,599";"0,411";"0,241";"1,252";"0,000";"0,000";"0,000";
"22/09/2024 02:20";"0,770";"0,000";"0,447";"0,000";"0,241";"0,000";"1,458";"0,000";"0,000";"0,000";"0,000";"0,199";"0,770";"0,447";"0,241";"1,458";"0,000";"0,000";"0,000";
"22/09/2024 02:30";"0,979";"0,000";"0,451";"0,000";"0,240";"0,000";"1,671";"0,000";"0,000";"0,000";"0,000";"0,169";"0,979";"0,451";"0,240";"1,671";"0,000";"0,000";"0,000";
"22/09/2024 02:40";"0,629";"0,000";"0,401";"0,000";"0,240";"0,000";"1,270";"0,000";"0,000";"0,000";"0,000";"0,176";"0,629";"0,401";"0,240";"1,270";"0,000";"0,000";"0,000";
"22/09/2024 02:50";"0,443";"0,000";"0,429";"0,000";"0,243";"0,000";"1,115";"0,000";"0,000";"0,000";"0,000";"0,164";"0,443";"0,429";"0,243";"1,115";"0,000";"0,000";"0,000";
"22/09/2024 03:00";"0,644";"0,000";"0,449";"0,000";"0,242";"0,000";"1,335";"0,000";"0,000";"0,000";"0,000";"0,157";"0,644";"0,449";"0,242";"1,335";"0,000";"0,000";"0,000";
"22/09/2024 03:10";"0,939";"0,000";"0,442";"0,000";"0,241";"0,000";"1,622";"0,000";"0,000";"0,000";"0,000";"0,174";"0,939";"0,442";"0,241";"1,622";"0,000";"0,000";"0,000";
"22/09/2024 03:20";"0,638";"0,000";"0,409";"0,000";"0,241";"0,000";"1,288";"0,000";"0,000";"0,000";"0,000";"0,215";"0,638";"0,409";"0,241";"1,288";"0,000";"0,000";"0,000";
"22/09/2024 03:30";"0,379";"0,000";"0,429";"0,000";"0,240";"0,000";"1,048";"0,000";"0,000";"0,000";"0,000";"0,201";"0,379";"0,429";"0,240";"1,048";"0,000";"0,000";"0,000";
"22/09/2024 03:40";"0,418";"0,000";"0,453";"0,000";"0,240";"0,000";"1,112";"0,000";"0,000";"0,000";"0,000";"0,196";"0,418";"0,453";"0,240";"1,112";"0,000";"0,000";"0,000";
"22/09/2024 03:50";"0,856";"0,000";"0,429";"0,000";"0,240";"0,000";"1,525";"0,000";"0,000";"0,000";"0,000";"0,224";"0,856";"0,429";"0,240";"1,525";"0,000";"0,000";"0,000";
"22/09/2024 04:00";"0,837";"0,000";"0,416";"0,000";"0,245";"0,000";"1,497";"0,000";"0,000";"0,000";"0,000";"0,212";"0,837";"0,416";"0,245";"1,497";"0,000";"0,000";"0,000";
"22/09/2024 04:10";"0,341";"0,000";"0,424";"0,000";"0,241";"0,000";"1,006";"0,000";"0,000";"0,000";"0,000";"0,192";"0,341";"0,424";"0,241";"1,006";"0,000";"0,000";"0,000";
"22/09/2024 04:20";"0,339";"0,000";"0,441";"0,000";"0,240";"0,000";"1,020";"0,000";"0,000";"0,000";"0,000";"0,207";"0,339";"0,441";"0,240";"1,020";"0,000";"0,000";"0,000";
"22/09/2024 04:30";"0,483";"0,000";"0,428";"0,000";"0,240";"0,000";"1,151";"0,000";"0,000";"0,000";"0,000";"0,217";"0,483";"0,428";"0,240";"1,151";"0,000";"0,000";"0,000";
"22/09/2024 04:40";"0,857";"0,000";"0,437";"0,000";"0,241";"0,000";"1,535";"0,000";"0,000";"0,000";"0,000";"0,213";"0,857";"0,437";"0,241";"1,535";"0,000";"0,000";"0,000";
"22/09/2024 04:50";"0,794";"0,000";"0,414";"0,000";"0,241";"0,000";"1,450";"0,000";"0,000";"0,000";"0,000";"0,213";"0,794";"0,414";"0,241";"1,450";"0,000";"0,000";"0,000";
"22/09/2024 05:00";"0,381";"0,000";"0,429";"0,000";"0,245";"0,000";"1,055";"0,000";"0,000";"0,000";"0,000";"0,203";"0,381";"0,429";"0,245";"1,055";"0,000";"0,000";"0,000";
"22/09/2024 05:10";"0,339";"0,000";"0,436";"0,000";"0,240";"0,000";"1,015";"0,000";"0,000";"0,000";"0,000";"0,207";"0,339";"0,436";"0,240";"1,015";"0,000";"0,000";"0,000";
"22/09/2024 05:20";"0,426";"0,000";"0,442";"0,000";"0,240";"0,000";"1,109";"0,000";"0,000";"0,000";"0,000";"0,200";"0,426";"0,442";"0,240";"1,109";"0,000";"0,000";"0,000";
"22/09/2024 05:30";"0,956";"0,000";"0,412";"0,000";"0,240";"0,000";"1,609";"0,000";"0,000";"0,000";"0,000";"0,219";"0,956";"0,412";"0,240";"1,609";"0,000";"0,000";"0,000";
"22/09/2024 05:40";"1,079";"0,000";"0,419";"0,000";"0,240";"0,000";"1,739";"0,000";"0,000";"0,000";"0,000";"0,233";"1,079";"0,419";"0,240";"1,739";"0,000";"0,000";"0,000";
"22/09/2024 05:50";"0,525";"0,000";"0,450";"0,000";"0,241";"0,000";"1,215";"0,000";"0,000";"0,000";"0,000";"0,207";"0,525";"0,450";"0,241";"1,215";"0,000";"0,000";"0,000";
"22/09/2024 06:00";"0,379";"0,000";"0,440";"0,000";"0,240";"0,000";"1,060";"0,000";"0,000";"0,000";"0,000";"0,201";"0,379";"0,440";"0,240";"1,060";"0,000";"0,000";"0,000";
"22/09/2024 06:10";"0,729";"0,000";"0,406";"0,000";"0,244";"0,000";"1,379";"0,000";"0,000";"0,000";"0,000";"0,218";"0,729";"0,406";"0,244";"1,379";"0,000";"0,000";"0,000";
"22/09/2024 06:20";"0,856";"0,000";"0,414";"0,000";"0,240";"0,000";"1,511";"0,000";"0,000";"0,000";"0,000";"0,221";"0,856";"0,414";"0,240";"1,511";"0,000";"0,000";"0,000";
"22/09/2024 06:30";"0,469";"0,000";"0,446";"0,000";"0,240";"0,000";"1,155";"0,000";"0,000";"0,000";"0,000";"0,200";"0,469";"0,446";"0,240";"1,155";"0,000";"0,000";"0,000";
"22/09/2024 06:40";"0,354";"0,000";"0,445";"0,000";"0,240";"0,000";"1,039";"0,000";"0,000";"0,000";"0,000";"0,203";"0,354";"0,445";"0,240";"1,039";"0,000";"0,000";"0,000";
"22/09/2024 06:50";"0,423";"0,000";"0,417";"0,000";"0,241";"0,000";"1,081";"0,000";"0,000";"0,000";"0,000";"0,212";"0,423";"0,417";"0,241";"1,081";"0,000";"0,000";"0,000";
"22/09/2024 07:00";"0,873";"0,000";"0,414";"0,000";"0,240";"0,000";"1,527";"0,000";"0,000";"0,000";"0,000";"0,217";"0,873";"0,414";"0,240";"1,527";"0,000";"0,000";"0,000";
"22/09/2024 07:10";"0,875";"0,000";"0,453";"0,000";"0,245";"0,000";"1,572";"0,000";"0,000";"0,000";"0,000";"0,203";"0,875";"0,453";"0,245";"1,572";"0,000";"0,000";"0,000";
"22/09/2024 07:20";"0,340";"0,000";"0,435";"0,000";"0,240";"0,000";"1,015";"0,000";"0,000";"0,000";"0,000";"0,201";"0,340";"0,435";"0,240";"1,015";"0,000";"0,000";"0,000";
"22/09/2024 07:30";"0,345";"0,000";"0,436";"0,000";"0,241";"0,000";"1,022";"0,000";"0,000";"0,000";"0,000";"0,209";"0,345";"0,436";"0,241";"1,022";"0,000";"0,000";"0,000";
"22/09/2024 07:40";"0,467";"0,000";"0,422";"0,000";"0,241";"0,000";"1,129";"0,000";"0,000";"0,000";"0,000";"0,199";"0,467";"0,422";"0,241";"1,129";"0,000";"0,000";"0,000";
"22/09/2024 07:50";"0,850";"0,000";"0,423";"0,000";"0,240";"0,000";"1,514";"0,000";"0,000";"0,000";"0,000";"0,217";"0,850";"0,423";"0,240";"1,514";"0,000";"0,000";"0,000";
"22/09/2024 08:00";"0,854";"0,000";"0,427";"0,000";"0,241";"0,000";"1,522";"0,000";"0,000";"0,000";"0,000";"0,227";"0,854";"0,427";"0,241";"1,522";"0,000";"0,000";"0,000";
"22/09/2024 08:10";"0,316";"0,000";"0,409";"0,000";"0,211";"0,000";"0,935";"0,000";"0,000";"0,000";"0,000";"0,188";"0,316";"0,409";"0,211";"0,935";"0,000";"0,000";"0,000";
"22/09/2024 08:20";"0,237";"0,000";"0,313";"0,000";"0,125";"0,000";"0,675";"0,000";"0,000";"0,000";"0,000";"0,113";"0,238";"0,314";"0,126";"0,678";"0,003";"0,000";"0,003";
"22/09/2024 08:30";"0,426";"0,000";"0,289";"0,000";"0,122";"0,000";"0,837";"0,000";"0,000";"0,000";"0,000";"0,132";"0,437";"0,299";"0,132";"0,868";"0,031";"0,000";"0,031";
"22/09/2024 08:40";"0,726";"0,000";"0,245";"0,000";"0,102";"0,000";"1,073";"0,000";"0,000";"0,000";"0,000";"0,132";"0,749";"0,268";"0,125";"1,142";"0,069";"0,000";"0,069";
"22/09/2024 08:50";"0,593";"0,000";"0,282";"0,000";"0,101";"0,000";"0,976";"0,000";"0,000";"0,000";"0,000";"0,107";"0,628";"0,318";"0,136";"1,082";"0,106";"0,000";"0,106";
"22/09/2024 09:00";"0,243";"0,000";"0,281";"0,000";"0,101";"0,000";"0,625";"0,000";"0,002";"0,000";"0,000";"0,095";"0,326";"0,364";"0,184";"0,874";"0,249";"0,000";"0,249";
"22/09/2024 09:10";"0,204";"0,000";"0,271";"0,000";"0,100";"0,000";"0,576";"0,000";"0,001";"0,000";"0,000";"0,109";"0,323";"0,391";"0,220";"0,934";"0,358";"0,000";"0,358";
"22/09/2024 09:20";"0,417";"0,000";"0,248";"0,000";"0,104";"0,000";"0,770";"0,000";"0,001";"0,000";"0,000";"0,105";"0,481";"0,312";"0,168";"0,961";"0,191";"0,000";"0,191";
"22/09/2024 09:30";"0,760";"0,000";"0,266";"0,000";"0,100";"0,000";"1,126";"0,000";"0,000";"0,000";"0,000";"0,117";"0,846";"0,353";"0,186";"1,385";"0,259";"0,000";"0,259";
"22/09/2024 09:40";"0,649";"0,000";"0,271";"0,000";"0,100";"0,000";"1,020";"0,000";"0,000";"0,000";"0,000";"0,123";"0,807";"0,430";"0,258";"1,495";"0,475";"0,000";"0,475";
"22/09/2024 09:50";"0,463";"0,000";"0,270";"0,000";"0,100";"0,000";"0,832";"0,000";"0,000";"0,000";"0,000";"0,118";"0,611";"0,418";"0,248";"1,277";"0,445";"0,000";"0,445";
"22/09/2024 10:00";"0,390";"0,000";"0,264";"0,000";"0,100";"0,000";"0,754";"0,000";"0,000";"0,000";"0,000";"0,106";"0,551";"0,425";"0,261";"1,236";"0,482";"0,000";"0,482";
"22/09/2024 10:10";"0,406";"0,000";"0,249";"0,000";"0,100";"0,000";"0,754";"0,000";"0,000";"0,000";"0,000";"0,110";"0,677";"0,521";"0,371";"1,568";"0,814";"0,000";"0,814";
"22/09/2024 10:20";"0,717";"0,000";"0,255";"0,000";"0,100";"0,000";"1,073";"0,000";"0,000";"0,000";"0,000";"0,131";"1,110";"0,648";"0,493";"2,251";"1,178";"0,000";"1,178";
"22/09/2024 10:30";"0,546";"0,000";"0,279";"0,000";"0,105";"0,000";"0,930";"0,000";"0,000";"0,000";"0,000";"0,116";"0,865";"0,598";"0,424";"1,888";"0,958";"0,000";"0,958";
"22/09/2024 10:40";"0,224";"0,000";"0,283";"0,000";"0,100";"0,000";"0,608";"0,000";"0,002";"0,000";"0,000";"0,099";"0,489";"0,548";"0,365";"1,401";"0,793";"0,000";"0,793";
"22/09/2024 10:50";"0,213";"0,000";"0,255";"0,000";"0,101";"0,000";"0,568";"0,000";"0,000";"0,000";"0,000";"0,094";"0,482";"0,525";"0,370";"1,377";"0,809";"0,000";"0,809";
"22/09/2024 11:00";"0,372";"0,000";"0,260";"0,000";"0,101";"0,000";"0,733";"0,000";"0,000";"0,000";"0,000";"0,109";"0,645";"0,534";"0,374";"1,553";"0,820";"0,000";"0,820";
"22/09/2024 11:10";"0,735";"0,000";"0,282";"0,000";"0,099";"0,000";"1,117";"0,000";"0,000";"0,000";"0,000";"0,112";"0,986";"0,533";"0,350";"1,870";"0,753";"0,000";"0,753";
"22/09/2024 11:20";"0,541";"0,000";"0,283";"0,000";"0,100";"0,000";"0,923";"0,000";"0,000";"0,000";"0,000";"0,113";"0,647";"0,389";"0,206";"1,241";"0,318";"0,000";"0,318";
"22/09/2024 11:30";"0,244";"0,000";"0,231";"0,000";"0,105";"0,000";"0,580";"0,000";"0,003";"0,000";"0,000";"0,112";"0,455";"0,442";"0,315";"1,212";"0,632";"0,000";"0,632";
"22/09/2024 11:40";"0,207";"0,000";"0,274";"0,000";"0,100";"0,000";"0,580";"0,000";"0,000";"0,000";"0,000";"0,103";"0,476";"0,543";"0,369";"1,387";"0,807";"0,000";"0,807";
"22/09/2024 11:50";"0,473";"0,000";"0,290";"0,000";"0,101";"0,000";"0,864";"0,000";"0,002";"0,000";"0,000";"0,092";"1,592";"1,410";"1,221";"4,222";"3,358";"0,000";"3,358";
"22/09/2024 12:00";"0,759";"0,000";"0,272";"0,000";"0,101";"0,000";"1,132";"0,000";"0,000";"0,000";"0,000";"0,113";"1,473";"0,986";"0,815";"3,274";"2,142";"0,000";"2,142";
"22/09/2024 12:10";"0,330";"0,000";"0,241";"0,000";"0,100";"0,000";"0,671";"0,000";"0,000";"0,000";"0,000";"0,110";"0,597";"0,508";"0,368";"1,474";"0,803";"0,000";"0,803";
"22/09/2024 12:20";"0,203";"0,000";"0,270";"0,000";"0,101";"0,000";"0,574";"0,000";"0,001";"0,000";"0,000";"0,092";"0,728";"0,795";"0,626";"2,149";"1,575";"0,000";"1,575";
"22/09/2024 12:30";"0,245";"0,000";"0,277";"0,000";"0,104";"0,000";"0,625";"0,000";"0,001";"0,000";"0,000";"0,100";"1,440";"1,472";"1,299";"4,210";"3,585";"0,000";"3,585";
"22/09/2024 12:40";"0,302";"0,000";"0,329";"0,000";"0,151";"0,000";"0,781";"0,000";"0,012";"0,000";"0,000";"0,078";"0,621";"0,647";"0,469";"1,737";"0,956";"0,000";"0,956";
"22/09/2024 12:50";"0,280";"0,000";"0,322";"0,000";"0,154";"0,000";"0,756";"0,000";"0,012";"0,000";"0,000";"0,060";"1,334";"1,377";"1,208";"3,919";"3,163";"0,000";"3,163";
"22/09/2024 13:00";"0,271";"0,000";"0,306";"0,000";"0,145";"0,000";"0,722";"0,000";"0,017";"0,000";"0,000";"0,122";"1,840";"1,876";"1,715";"5,431";"4,709";"0,000";"4,709";
"22/09/2024 13:10";"0,243";"0,000";"0,267";"0,000";"0,099";"0,000";"0,609";"0,000";"0,000";"0,000";"0,000";"0,107";"1,115";"1,140";"0,972";"3,227";"2,618";"0,000";"2,618";
"22/09/2024 13:20";"0,209";"0,000";"0,283";"0,000";"0,099";"0,000";"0,592";"0,000";"0,001";"0,000";"0,000";"0,094";"1,650";"1,724";"1,540";"4,915";"4,323";"0,000";"4,323";
"22/09/2024 13:30";"0,263";"0,000";"0,318";"0,000";"0,131";"0,000";"0,712";"0,000";"0,028";"0,000";"0,000";"0,086";"1,554";"1,609";"1,422";"4,585";"3,873";"0,000";"3,873";
"22/09/2024 13:40";"0,283";"0,000";"0,280";"0,000";"0,137";"0,000";"0,700";"0,000";"0,006";"0,000";"0,000";"0,110";"1,656";"1,653";"1,510";"4,819";"4,119";"0,000";"4,119";
"22/09/2024 13:50";"0,202";"0,000";"0,276";"0,000";"0,100";"0,000";"0,579";"0,000";"0,002";"0,000";"0,000";"0,100";"1,438";"1,512";"1,336";"4,286";"3,707";"0,000";"3,707";
"22/09/2024 14:00";"0,262";"0,000";"0,314";"0,000";"0,119";"0,000";"0,695";"0,000";"0,007";"0,000";"0,000";"0,078";"1,766";"1,818";"1,623";"5,207";"4,512";"0,000";"4,512";
"22/09/2024 14:10";"0,313";"0,000";"0,304";"0,000";"0,151";"0,000";"0,769";"0,000";"0,005";"0,000";"0,000";"0,113";"1,484";"1,475";"1,322";"4,281";"3,512";"0,000";"3,512";
"22/09/2024 14:20";"0,465";"0,000";"0,253";"0,000";"0,101";"0,000";"0,819";"0,000";"0,000";"0,000";"0,000";"0,097";"1,961";"1,750";"1,597";"5,308";"4,489";"0,000";"4,489";
"22/09/2024 14:30";"0,491";"0,000";"0,338";"0,000";"0,145";"0,000";"0,974";"0,000";"0,024";"0,000";"0,000";"0,071";"2,032";"1,879";"1,686";"5,598";"4,624";"0,000";"4,624";
"22/09/2024 14:40";"0,258";"0,000";"0,296";"0,000";"0,123";"0,000";"0,676";"0,000";"0,008";"0,000";"0,000";"0,095";"1,559";"1,597";"1,424";"4,580";"3,904";"0,000";"3,904";
"22/09/2024 14:50";"0,208";"0,000";"0,267";"0,000";"0,100";"0,000";"0,575";"0,000";"0,001";"0,000";"0,000";"0,090";"1,337";"1,396";"1,229";"3,962";"3,387";"0,000";"3,387";
"22/09/2024 15:00";"0,276";"0,000";"0,342";"0,000";"0,160";"0,000";"0,778";"0,000";"0,007";"0,000";"0,000";"0,067";"1,869";"1,936";"1,754";"5,559";"4,781";"0,000";"4,781";
"22/09/2024 15:10";"0,238";"0,000";"0,278";"0,000";"0,101";"0,000";"0,617";"0,000";"0,001";"0,000";"0,000";"0,098";"1,800";"1,841";"1,664";"5,305";"4,688";"0,000";"4,688";
"22/09/2024 15:20";"0,227";"0,000";"0,283";"0,000";"0,101";"0,000";"0,610";"0,000";"0,000";"0,000";"0,000";"0,089";"1,542";"1,598";"1,416";"4,555";"3,945";"0,000";"3,945";
"22/09/2024 15:30";"0,371";"0,000";"0,319";"0,000";"0,169";"0,000";"0,859";"0,000";"0,029";"0,000";"0,000";"0,053";"1,385";"1,334";"1,183";"3,902";"3,043";"0,000";"3,043";
"22/09/2024 15:40";"0,305";"0,000";"0,279";"0,000";"0,101";"0,000";"0,686";"0,000";"0,013";"0,000";"0,000";"0,066";"1,041";"1,015";"0,837";"2,893";"2,207";"0,000";"2,207";
"22/09/2024 15:50";"0,358";"0,000";"0,296";"0,000";"0,107";"0,000";"0,760";"0,000";"0,003";"0,000";"0,000";"0,042";"1,578";"1,516";"1,327";"4,420";"3,660";"0,000";"3,660";
"22/09/2024 16:00";"0,375";"0,000";"0,312";"0,000";"0,156";"0,000";"0,844";"0,000";"0,016";"0,000";"0,000";"0,054";"1,594";"1,531";"1,375";"4,501";"3,657";"0,000";"3,657";
"22/09/2024 16:10";"0,309";"0,000";"0,258";"0,000";"0,101";"0,000";"0,667";"0,000";"0,000";"0,000";"0,000";"0,050";"1,508";"1,457";"1,300";"4,265";"3,598";"0,000";"3,598";
"22/09/2024 16:20";"0,294";"0,000";"0,345";"0,000";"0,148";"0,000";"0,787";"0,000";"0,016";"0,000";"0,000";"0,064";"1,460";"1,511";"1,314";"4,285";"3,498";"0,000";"3,498";
"22/09/2024 16:30";"0,233";"0,000";"0,289";"0,000";"0,118";"0,000";"0,641";"0,000";"0,000";"0,000";"0,000";"0,098";"1,471";"1,527";"1,356";"4,353";"3,712";"0,000";"3,712";
"22/09/2024 16:40";"0,207";"0,000";"0,269";"0,000";"0,101";"0,000";"0,578";"0,000";"0,003";"0,000";"0,000";"0,083";"1,444";"1,506";"1,338";"4,288";"3,710";"0,000";"3,710";
"22/09/2024 16:50";"0,289";"0,000";"0,343";"0,000";"0,162";"0,000";"0,794";"0,000";"0,010";"0,000";"0,000";"0,045";"1,524";"1,577";"1,396";"4,498";"3,704";"0,000";"3,704";
"22/09/2024 17:00";"0,225";"0,000";"0,277";"0,000";"0,100";"0,000";"0,603";"0,000";"0,000";"0,000";"0,000";"0,100";"1,110";"1,162";"0,985";"3,258";"2,655";"0,000";"2,655";
"22/09/2024 17:10";"0,220";"0,000";"0,294";"0,000";"0,110";"0,000";"0,624";"0,000";"0,008";"0,000";"0,000";"0,083";"1,274";"1,348";"1,164";"3,786";"3,162";"0,000";"3,162";
"22/09/2024 17:20";"0,291";"0,000";"0,300";"0,000";"0,154";"0,000";"0,745";"0,000";"0,005";"0,000";"0,000";"0,082";"1,005";"1,014";"0,868";"2,887";"2,142";"0,000";"2,142";
"22/09/2024 17:30";"0,207";"0,000";"0,280";"0,000";"0,100";"0,000";"0,587";"0,000";"0,002";"0,000";"0,000";"0,092";"0,816";"0,889";"0,709";"2,414";"1,827";"0,000";"1,827";
"22/09/2024 17:40";"0,272";"0,000";"0,358";"0,000";"0,162";"0,000";"0,793";"0,000";"0,013";"0,000";"0,000";"0,074";"0,822";"0,908";"0,712";"2,442";"1,649";"0,000";"1,649";
"22/09/2024 17:50";"0,248";"0,000";"0,262";"0,000";"0,100";"0,000";"0,610";"0,000";"0,000";"0,000";"0,000";"0,103";"0,843";"0,857";"0,695";"2,395";"1,785";"0,000";"1,785";
"22/09/2024 18:00";"0,213";"0,000";"0,254";"0,000";"0,099";"0,000";"0,567";"0,000";"0,000";"0,000";"0,000";"0,086";"0,897";"0,938";"0,783";"2,617";"2,050";"0,000";"2,050";
"22/09/2024 18:10";"0,285";"0,000";"0,347";"0,000";"0,164";"0,000";"0,796";"0,000";"0,008";"0,000";"0,000";"0,091";"0,958";"1,019";"0,837";"2,814";"2,018";"0,000";"2,018";
"22/09/2024 18:20";"0,207";"0,000";"0,280";"0,000";"0,104";"0,000";"0,591";"0,000";"0,001";"0,000";"0,000";"0,091";"0,836";"0,910";"0,734";"2,480";"1,889";"0,000";"1,889";
"22/09/2024 18:30";"0,245";"0,000";"0,271";"0,000";"0,100";"0,000";"0,617";"0,000";"0,000";"0,000";"0,000";"0,092";"0,784";"0,810";"0,639";"2,232";"1,615";"0,000";"1,615";
"22/09/2024 18:40";"0,295";"0,000";"0,311";"0,000";"0,163";"0,000";"0,769";"0,000";"0,033";"0,000";"0,000";"0,085";"0,745";"0,761";"0,612";"2,118";"1,349";"0,000";"1,349";
"22/09/2024 18:50";"0,460";"0,000";"0,285";"0,000";"0,101";"0,000";"0,845";"0,000";"0,000";"0,000";"0,000";"0,097";"0,823";"0,649";"0,464";"1,936";"1,091";"0,000";"1,091";
"22/09/2024 19:00";"0,493";"0,000";"0,276";"0,000";"0,101";"0,000";"0,869";"0,000";"0,001";"0,000";"0,000";"0,109";"0,786";"0,569";"0,394";"1,748";"0,879";"0,000";"0,879";
"22/09/2024 19:10";"0,270";"0,000";"0,308";"0,000";"0,130";"0,000";"0,708";"0,000";"0,003";"0,000";"0,000";"0,070";"0,470";"0,509";"0,331";"1,310";"0,602";"0,000";"0,602";
"22/09/2024 19:20";"0,244";"0,000";"0,293";"0,000";"0,136";"0,000";"0,672";"0,000";"0,005";"0,000";"0,000";"0,094";"0,363";"0,412";"0,255";"1,030";"0,358";"0,000";"0,358";
"22/09/2024 19:30";"0,226";"0,000";"0,293";"0,000";"0,116";"0,000";"0,636";"0,000";"0,006";"0,000";"0,000";"0,096";"0,318";"0,385";"0,208";"0,911";"0,275";"0,000";"0,275";
"22/09/2024 19:40";"0,304";"0,000";"0,360";"0,000";"0,158";"0,000";"0,821";"0,000";"0,019";"0,000";"0,000";"0,052";"0,382";"0,438";"0,237";"1,056";"0,235";"0,000";"0,235";
"22/09/2024 19:50";"0,207";"0,000";"0,267";"0,000";"0,100";"0,000";"0,574";"0,000";"0,000";"0,000";"0,000";"0,102";"0,262";"0,322";"0,155";"0,739";"0,165";"0,000";"0,165";
"22/09/2024 20:00";"0,280";"0,000";"0,321";"0,000";"0,160";"0,000";"0,761";"0,000";"0,024";"0,000";"0,000";"0,066";"0,319";"0,359";"0,198";"0,877";"0,116";"0,000";"0,116";
"22/09/2024 20:10";"0,258";"0,000";"0,306";"0,000";"0,121";"0,000";"0,685";"0,000";"0,004";"0,000";"0,000";"0,078";"0,275";"0,323";"0,138";"0,735";"0,050";"0,000";"0,050";
"22/09/2024 20:20";"0,207";"0,000";"0,274";"0,000";"0,100";"0,000";"0,581";"0,000";"0,000";"0,000";"0,000";"0,109";"0,211";"0,278";"0,104";"0,594";"0,013";"0,000";"0,013";
"22/09/2024 20:30";"0,281";"0,000";"0,336";"0,000";"0,164";"0,000";"0,781";"0,000";"0,034";"0,000";"0,000";"0,076";"0,281";"0,336";"0,164";"0,781";"0,000";"0,000";"0,000";
"22/09/2024 20:40";"0,263";"0,000";"0,295";"0,000";"0,123";"0,000";"0,681";"0,000";"0,000";"0,000";"0,000";"0,086";"0,263";"0,295";"0,123";"0,681";"0,000";"0,000";"0,000";
"22/09/2024 20:50";"0,350";"0,000";"0,429";"0,000";"0,232";"0,000";"1,011";"0,000";"0,000";"0,000";"0,000";"0,203";"0,350";"0,429";"0,232";"1,011";"0,000";"0,000";"0,000";
"22/09/2024 21:00";"0,403";"0,000";"0,506";"0,000";"0,292";"0,000";"1,202";"0,000";"0,003";"0,000";"0,000";"0,150";"0,403";"0,506";"0,292";"1,202";"0,000";"0,000";"0,000";
"22/09/2024 21:10";"0,391";"0,000";"0,451";"0,000";"0,282";"0,000";"1,124";"0,000";"0,001";"0,000";"0,000";"0,158";"0,391";"0,451";"0,282";"1,124";"0,000";"0,000";"0,000";
"22/09/2024 21:20";"0,373";"0,000";"0,433";"0,000";"0,240";"0,000";"1,047";"0,000";"0,000";"0,000";"0,000";"0,208";"0,373";"0,433";"0,240";"1,047";"0,000";"0,000";"0,000";
"22/09/2024 21:30";"0,337";"0,000";"0,446";"0,000";"0,240";"0,000";"1,023";"0,000";"0,000";"0,000";"0,000";"0,196";"0,337";"0,446";"0,240";"1,023";"0,000";"0,000";"0,000";
"22/09/2024 21:40";"0,450";"0,000";"0,541";"0,000";"0,332";"0,000";"1,322";"0,000";"0,003";"0,000";"0,000";"0,119";"0,450";"0,541";"0,332";"1,322";"0,000";"0,000";"0,000";
"22/09/2024 21:50";"0,431";"0,000";"0,455";"0,000";"0,282";"0,000";"1,169";"0,000";"0,000";"0,000";"0,000";"0,166";"0,431";"0,455";"0,282";"1,169";"0,000";"0,000";"0,000";
"22/09/2024 22:00";"0,342";"0,000";"0,446";"0,000";"0,241";"0,000";"1,029";"0,000";"0,000";"0,000";"0,000";"0,189";"0,342";"0,446";"0,241";"1,029";"0,000";"0,000";"0,000";
"22/09/2024 22:10";"0,339";"0,000";"0,444";"0,000";"0,244";"0,000";"1,027";"0,000";"0,000";"0,000";"0,000";"0,198";"0,339";"0,444";"0,244";"1,027";"0,000";"0,000";"0,000";
"22/09/2024 22:20";"0,438";"0,000";"0,515";"0,000";"0,307";"0,000";"1,260";"0,000";"0,000";"0,000";"0,000";"0,142";"0,438";"0,515";"0,307";"1,260";"0,000";"0,000";"0,000";
"22/09/2024 22:30";"0,374";"0,000";"0,447";"0,000";"0,266";"0,000";"1,087";"0,000";"0,002";"0,000";"0,000";"0,171";"0,374";"0,447";"0,266";"1,087";"0,000";"0,000";"0,000";
"22/09/2024 22:40";"0,648";"0,000";"0,507";"0,000";"0,295";"0,000";"1,450";"0,000";"0,000";"0,000";"0,000";"0,146";"0,648";"0,507";"0,295";"1,450";"0,000";"0,000";"0,000";
"22/09/2024 22:50";"0,595";"0,000";"0,432";"0,000";"0,241";"0,000";"1,268";"0,000";"0,000";"0,000";"0,000";"0,216";"0,595";"0,432";"0,241";"1,268";"0,000";"0,000";"0,000";
"22/09/2024 23:00";"0,594";"0,000";"0,446";"0,000";"0,241";"0,000";"1,281";"0,000";"0,000";"0,000";"0,000";"0,206";"0,594";"0,446";"0,241";"1,281";"0,000";"0,000";"0,000";
"22/09/2024 23:10";"0,424";"0,000";"0,418";"0,000";"0,245";"0,000";"1,087";"0,000";"0,000";"0,000";"0,000";"0,196";"0,424";"0,418";"0,245";"1,087";"0,000";"0,000";"0,000";
"22/09/2024 23:20";"0,441";"0,000";"0,520";"0,000";"0,332";"0,000";"1,294";"0,000";"0,001";"0,000";"0,000";"0,130";"0,441";"0,520";"0,332";"1,294";"0,000";"0,000";"0,000";
"22/09/2024 23:30";"0,390";"0,000";"0,496";"0,000";"0,283";"0,000";"1,168";"0,000";"0,000";"0,000";"0,000";"0,160";"0,390";"0,496";"0,283";"1,168";"0,000";"0,000";"0,000";
"22/09/2024 23:40";"0,585";"0,000";"0,471";"0,000";"0,265";"0,000";"1,321";"0,000";"0,000";"0,000";"0,000";"0,178";"0,585";"0,471";"0,265";"1,321";"0,000";"0,000";"0,000";
"22/09/2024 23:50";"0,344";"0,000";"0,421";"0,000";"0,243";"0,000";"1,007";"0,000";"0,000";"0,000";"0,000";"0,210";"0,344";"0,421";"0,243";"1,007";"0,000";"0,000";"0,000";
"23/09/2024 00:00";"0,340";"0,000";"0,421";"0,000";"0,241";"0,000";"1,002";"0,000";"0,000";"0,000";"0,000";"0,194";"0,340";"0,421";"0,241";"1,002";"0,000";"0,000";"0,000";
"23/09/2024 00:10";"0,417";"0,000";"0,457";"0,000";"0,255";"0,000";"1,129";"0,000";"0,002";"0,000";"0,000";"0,185";"0,417";"0,457";"0,255";"1,129";"0,000";"0,000";"0,000";
"23/09/2024 00:20";"0,440";"0,000";"0,541";"0,000";"0,322";"0,000";"1,304";"0,000";"0,000";"0,000";"0,000";"0,133";"0,440";"0,541";"0,322";"1,304";"0,000";"0,000";"0,000";
"23/09/2024 00:30";"0,436";"0,000";"0,514";"0,000";"0,301";"0,000";"1,251";"0,000";"0,000";"0,000";"0,000";"0,141";"0,436";"0,514";"0,301";"1,251";"0,000";"0,000";"0,000";
"23/09/2024 00:40";"0,678";"0,000";"0,423";"0,000";"0,243";"0,000";"1,343";"0,000";"0,000";"0,000";"0,000";"0,202";"0,678";"0,423";"0,243";"1,343";"0,000";"0,000";"0,000";
"23/09/2024 00:50";"0,359";"0,000";"0,424";"0,000";"0,242";"0,000";"1,025";"0,000";"0,000";"0,000";"0,000";"0,207";"0,359";"0,424";"0,242";"1,025";"0,000";"0,000";"0,000";
"23/09/2024 01:00";"0,343";"0,000";"0,445";"0,000";"0,242";"0,000";"1,029";"0,000";"0,000";"0,000";"0,000";"0,207";"0,343";"0,445";"0,242";"1,029";"0,000";"0,000";"0,000";
"23/09/2024 01:10";"0,634";"0,000";"0,443";"0,000";"0,244";"0,000";"1,321";"0,000";"0,000";"0,000";"0,000";"0,207";"0,634";"0,443";"0,244";"1,321";"0,000";"0,000";"0,000";
"23/09/2024 01:20";"0,900";"0,000";"0,422";"0,000";"0,243";"0,000";"1,565";"0,000";"0,000";"0,000";"0,000";"0,220";"0,900";"0,422";"0,243";"1,565";"0,000";"0,000";"0,000";
"23/09/2024 01:30";"0,682";"0,000";"0,406";"0,000";"0,242";"0,000";"1,330";"0,000";"0,000";"0,000";"0,000";"0,223";"0,682";"0,406";"0,242";"1,330";"0,000";"0,000";"0,000";
"23/09/2024 01:40";"0,349";"0,000";"0,437";"0,000";"0,242";"0,000";"1,029";"0,000";"0,000";"0,000";"0,000";"0,199";"0,349";"0,437";"0,242";"1,029";"0,000";"0,000";"0,000";
"23/09/2024 01:50";"0,374";"0,000";"0,441";"0,000";"0,242";"0,000";"1,057";"0,000";"0,000";"0,000";"0,000";"0,203";"0,374";"0,441";"0,242";"1,057";"0,000";"0,000";"0,000";
"23/09/2024 02:00";"0,828";"0,000";"0,447";"0,000";"0,242";"0,000";"1,516";"0,000";"0,000";"0,000";"0,000";"0,217";"0,828";"0,447";"0,242";"1,516";"0,000";"0,000";"0,000";
"23/09/2024 02:10";"0,875";"0,000";"0,430";"0,000";"0,242";"0,000";"1,547";"0,000";"0,000";"0,000";"0,000";"0,213";"0,875";"0,430";"0,242";"1,547";"0,000";"0,000";"0,000";
"23/09/2024 02:20";"0,402";"0,000";"0,422";"0,000";"0,246";"0,000";"1,071";"0,000";"0,000";"0,000";"0,000";"0,200";"0,402";"0,422";"0,246";"1,071";"0,000";"0,000";"0,000";
"23/09/2024 02:30";"0,340";"0,000";"0,450";"0,000";"0,242";"0,000";"1,031";"0,000";"0,000";"0,000";"0,000";"0,204";"0,340";"0,450";"0,242";"1,031";"0,000";"0,000";"0,000";
"23/09/2024 02:40";"0,521";"0,000";"0,440";"0,000";"0,242";"0,000";"1,203";"0,000";"0,000";"0,000";"0,000";"0,216";"0,521";"0,440";"0,242";"1,203";"0,000";"0,000";"0,000";
"23/09/2024 02:50";"1,078";"0,000";"0,423";"0,000";"0,242";"0,000";"1,743";"0,000";"0,000";"0,000";"0,000";"0,223";"1,078";"0,423";"0,242";"1,743";"0,000";"0,000";"0,000";
"23/09/2024 03:00";"1,030";"0,000";"0,425";"0,000";"0,242";"0,000";"1,696";"0,000";"0,000";"0,000";"0,000";"0,220";"1,030";"0,425";"0,242";"1,696";"0,000";"0,000";"0,000";
"23/09/2024 03:10";"0,451";"0,000";"0,450";"0,000";"0,242";"0,000";"1,143";"0,000";"0,000";"0,000";"0,000";"0,210";"0,451";"0,450";"0,242";"1,143";"0,000";"0,000";"0,000";
"23/09/2024 03:20";"0,361";"0,000";"0,442";"0,000";"0,242";"0,000";"1,045";"0,000";"0,000";"0,000";"0,000";"0,213";"0,361";"0,442";"0,242";"1,045";"0,000";"0,000";"0,000";
"23/09/2024 03:30";"0,665";"0,000";"0,418";"0,000";"0,246";"0,000";"1,329";"0,000";"0,000";"0,000";"0,000";"0,204";"0,665";"0,418";"0,246";"1,329";"0,000";"0,000";"0,000";
"23/09/2024 03:40";"0,872";"0,000";"0,432";"0,000";"0,242";"0,000";"1,546";"0,000";"0,000";"0,000";"0,000";"0,217";"0,872";"0,432";"0,242";"1,546";"0,000";"0,000";"0,000";
"23/09/2024 03:50";"0,628";"0,000";"0,438";"0,000";"0,243";"0,000";"1,308";"0,000";"0,000";"0,000";"0,000";"0,220";"0,628";"0,438";"0,243";"1,308";"0,000";"0,000";"0,000";
"23/09/2024 04:00";"0,344";"0,000";"0,449";"0,000";"0,242";"0,000";"1,035";"0,000";"0,000";"0,000";"0,000";"0,206";"0,344";"0,449";"0,242";"1,035";"0,000";"0,000";"0,000";
"23/09/2024 04:10";"0,342";"0,000";"0,423";"0,000";"0,242";"0,000";"1,007";"0,000";"0,000";"0,000";"0,000";"0,196";"0,342";"0,423";"0,242";"1,007";"0,000";"0,000";"0,000";
"23/09/2024 04:20";"0,868";"0,000";"0,430";"0,000";"0,242";"0,000";"1,541";"0,000";"0,000";"0,000";"0,000";"0,211";"0,868";"0,430";"0,242";"1,541";"0,000";"0,000";"0,000";
"23/09/2024 04:30";"0,890";"0,000";"0,448";"0,000";"0,243";"0,000";"1,580";"0,000";"0,000";"0,000";"0,000";"0,206";"0,890";"0,448";"0,243";"1,580";"0,000";"0,000";"0,000";
"23/09/2024 04:40";"0,446";"0,000";"0,447";"0,000";"0,246";"0,000";"1,139";"0,000";"0,000";"0,000";"0,000";"0,151";"0,446";"0,447";"0,246";"1,139";"0,000";"0,000";"0,000";
"23/09/2024 04:50";"0,471";"0,000";"0,429";"0,000";"0,242";"0,000";"1,142";"0,000";"0,000";"0,000";"0,000";"0,156";"0,471";"0,429";"0,242";"1,142";"0,000";"0,000";"0,000";
"23/09/2024 05:00";"0,667";"0,000";"0,422";"0,000";"0,242";"0,000";"1,330";"0,000";"0,000";"0,000";"0,000";"0,164";"0,667";"0,422";"0,242";"1,330";"0,000";"0,000";"0,000";
"23/09/2024 05:10";"0,964";"0,000";"0,436";"0,000";"0,242";"0,000";"1,642";"0,000";"0,000";"0,000";"0,000";"0,185";"0,964";"0,436";"0,242";"1,642";"0,000";"0,000";"0,000";
"23/09/2024 05:20";"0,864";"0,000";"0,516";"0,000";"0,282";"0,000";"1,662";"0,000";"0,031";"0,000";"0,000";"0,165";"0,864";"0,516";"0,282";"1,662";"0,000";"0,000";"0,000";
"23/09/2024 05:30";"1,729";"0,000";"1,653";"0,000";"1,397";"0,000";"4,779";"0,000";"0,276";"0,000";"0,000";"0,085";"1,729";"1,653";"1,397";"4,779";"0,000";"0,000";"0,000";
"23/09/2024 05:40";"1,670";"0,000";"1,376";"0,000";"1,131";"0,000";"4,177";"0,000";"0,101";"0,000";"0,000";"0,000";"1,670";"1,376";"1,131";"4,177";"0,000";"0,000";"0,000";
"23/09/2024 05:50";"2,134";"0,000";"1,511";"0,000";"1,245";"0,000";"4,890";"0,000";"0,037";"0,000";"0,000";"0,042";"2,134";"1,511";"1,245";"4,890";"0,000";"0,000";"0,000";
"23/09/2024 06:00";"3,491";"0,000";"2,527";"0,000";"2,457";"0,000";"8,475";"0,000";"0,643";"0,000";"0,000";"0,161";"3,491";"2,527";"2,457";"8,475";"0,000";"0,000";"0,000";
"23/09/2024 06:10";"4,801";"0,000";"4,348";"0,000";"4,030";"0,000";"13,179";"0,000";"1,897";"0,000";"0,000";"0,545";"4,801";"4,348";"4,030";"13,179";"0,000";"0,000";"0,000";
"23/09/2024 06:20";"6,746";"0,000";"6,705";"0,000";"5,893";"0,000";"19,344";"0,000";"1,000";"0,000";"0,000";"0,281";"6,746";"6,705";"5,893";"19,344";"0,000";"0,000";"0,000";
"23/09/2024 06:30";"7,470";"0,000";"6,830";"0,000";"6,402";"0,000";"20,702";"0,000";"1,223";"0,000";"0,000";"0,346";"7,470";"6,830";"6,402";"20,702";"0,000";"0,000";"0,000";
"23/09/2024 06:40";"7,786";"0,000";"6,571";"0,000";"6,211";"0,000";"20,568";"0,000";"1,069";"0,000";"0,000";"0,409";"7,786";"6,571";"6,211";"20,568";"0,000";"0,000";"0,000";
"23/09/2024 06:50";"7,299";"0,000";"6,247";"0,000";"6,140";"0,000";"19,686";"0,000";"1,049";"0,000";"0,000";"0,640";"7,299";"6,247";"6,140";"19,686";"0,000";"0,000";"0,000";
"23/09/2024 07:00";"6,687";"0,000";"6,238";"0,000";"5,949";"0,000";"18,875";"0,000";"1,214";"0,000";"0,000";"0,459";"6,687";"6,238";"5,949";"18,875";"0,000";"0,000";"0,000";
"23/09/2024 07:10";"6,373";"0,000";"5,913";"0,000";"6,041";"0,000";"18,327";"0,000";"1,228";"0,000";"0,000";"0,570";"6,373";"5,913";"6,041";"18,327";"0,000";"0,000";"0,000";
"23/09/2024 07:20";"7,117";"0,000";"6,525";"0,000";"6,878";"0,000";"20,520";"0,000";"1,971";"0,000";"0,000";"0,422";"7,117";"6,525";"6,878";"20,520";"0,000";"0,000";"0,000";
"23/09/2024 07:30";"7,675";"0,000";"6,608";"0,000";"6,894";"0,000";"21,177";"0,000";"1,752";"0,000";"0,000";"0,440";"7,675";"6,608";"6,894";"21,177";"0,000";"0,000";"0,000";
"23/09/2024 07:40";"7,881";"0,000";"6,652";"0,000";"6,910";"0,000";"21,443";"0,000";"0,612";"0,000";"0,000";"0,758";"7,881";"6,652";"6,910";"21,443";"0,000";"0,000";"0,000";
"23/09/2024 07:50";"11,373";"0,000";"10,952";"0,000";"11,063";"0,000";"33,387";"0,000";"1,757";"0,000";"0,000";"0,290";"11,373";"10,952";"11,063";"33,387";"0,000";"0,000";"0,000";
"23/09/2024 08:00";"11,335";"0,000";"10,970";"0,000";"11,204";"0,000";"33,510";"0,000";"1,573";"0,000";"0,000";"0,202";"11,335";"10,970";"11,204";"33,510";"0,000";"0,000";"0,000";
"23/09/2024 08:10";"10,734";"0,000";"10,269";"0,000";"10,416";"0,000";"31,419";"0,000";"1,484";"0,000";"0,000";"0,294";"10,734";"10,269";"10,416";"31,419";"0,000";"0,000";"0,000";
"23/09/2024 08:20";"10,841";"0,000";"9,688";"0,000";"9,928";"0,000";"30,457";"0,000";"2,657";"0,000";"0,000";"0,234";"10,841";"9,688";"9,928";"30,457";"0,000";"0,000";"0,000";
"23/09/2024 08:30";"10,289";"0,000";"8,877";"0,000";"9,315";"0,000";"28,482";"0,000";"1,085";"0,000";"0,000";"0,390";"10,299";"8,888";"9,326";"28,513";"0,031";"0,000";"0,031";
"23/09/2024 08:40";"8,741";"0,000";"7,859";"0,000";"8,310";"0,000";"24,911";"0,000";"0,967";"0,000";"0,000";"0,650";"8,775";"7,894";"8,345";"25,015";"0,104";"0,000";"0,104";
"23/09/2024 08:50";"8,847";"0,000";"8,402";"0,000";"8,703";"0,000";"25,952";"0,000";"1,414";"0,000";"0,000";"0,400";"8,904";"8,458";"8,760";"26,122";"0,170";"0,000";"0,170";
"23/09/2024 09:00";"9,606";"0,000";"9,235";"0,000";"9,248";"0,000";"28,089";"0,000";"2,781";"0,000";"0,000";"0,059";"9,689";"9,318";"9,331";"28,337";"0,248";"0,000";"0,248";
"23/09/2024 09:10";"9,364";"0,000";"8,912";"0,000";"9,009";"0,000";"27,286";"0,000";"1,895";"0,000";"0,000";"0,303";"9,526";"9,074";"9,171";"27,771";"0,485";"0,000";"0,485";
"23/09/2024 09:20";"9,627";"0,000";"9,201";"0,000";"9,132";"0,000";"27,960";"0,000";"1,661";"0,000";"0,000";"0,465";"9,793";"9,367";"9,298";"28,457";"0,497";"0,000";"0,497";
"23/09/2024 09:30";"8,896";"0,000";"8,250";"0,000";"8,535";"0,000";"25,682";"0,000";"1,175";"0,000";"0,000";"0,524";"9,241";"8,596";"8,881";"26,718";"1,036";"0,000";"1,036";
"23/09/2024 09:40";"9,131";"0,000";"8,313";"0,000";"8,893";"0,000";"26,337";"0,000";"1,485";"0,000";"0,000";"0,456";"9,428";"8,611";"9,190";"27,229";"0,892";"0,000";"0,892";
"23/09/2024 09:50";"9,163";"0,000";"8,728";"0,000";"8,869";"0,000";"26,759";"0,000";"1,285";"0,000";"0,000";"0,579";"9,461";"9,026";"9,167";"27,653";"0,894";"0,000";"0,894";
"23/09/2024 10:00";"8,477";"0,000";"7,659";"0,000";"7,940";"0,000";"24,075";"0,000";"0,670";"0,000";"0,000";"0,292";"8,945";"8,127";"8,408";"25,480";"1,405";"0,000";"1,405";
"23/09/2024 10:10";"8,163";"0,000";"7,433";"0,000";"7,876";"0,000";"23,472";"0,000";"0,653";"0,000";"0,000";"0,500";"8,815";"8,085";"8,528";"25,429";"1,957";"0,000";"1,957";
"23/09/2024 10:20";"9,015";"0,000";"8,573";"0,000";"8,576";"0,000";"26,164";"0,000";"1,121";"0,000";"0,000";"0,518";"9,450";"9,007";"9,010";"27,467";"1,303";"0,000";"1,303";
"23/09/2024 10:30";"9,268";"0,000";"8,613";"0,000";"9,163";"0,000";"27,044";"0,000";"1,133";"0,000";"0,000";"0,537";"9,623";"8,968";"9,518";"28,110";"1,066";"0,000";"1,066";
"23/09/2024 10:40";"9,679";"0,000";"8,761";"0,000";"9,307";"0,000";"27,747";"0,000";"1,088";"0,000";"0,000";"0,498";"9,813";"8,895";"9,441";"28,150";"0,403";"0,000";"0,403";
"23/09/2024 10:50";"9,992";"0,000";"9,289";"0,000";"9,502";"0,000";"28,782";"0,000";"1,357";"0,000";"0,000";"0,508";"10,661";"9,958";"10,171";"30,790";"2,008";"0,000";"2,008";
"23/09/2024 11:00";"9,322";"0,000";"8,905";"0,000";"8,935";"0,000";"27,162";"0,000";"1,627";"0,000";"0,000";"0,309";"10,206";"9,789";"9,819";"29,814";"2,652";"0,000";"2,652";
"23/09/2024 11:10";"8,424";"0,000";"7,936";"0,000";"8,333";"0,000";"24,693";"0,000";"1,190";"0,000";"0,000";"0,664";"9,246";"8,758";"9,155";"27,159";"2,466";"0,000";"2,466";
"23/09/2024 11:20";"9,054";"0,000";"8,343";"0,000";"8,553";"0,000";"25,950";"0,000";"1,353";"0,000";"0,000";"0,354";"9,839";"9,129";"9,338";"28,307";"2,357";"0,000";"2,357";
"23/09/2024 11:30";"9,209";"0,000";"8,366";"0,000";"8,665";"0,000";"26,239";"0,000";"2,235";"0,000";"0,000";"0,174";"9,890";"9,047";"9,346";"28,282";"2,043";"0,000";"2,043";
"23/09/2024 11:40";"9,140";"0,000";"8,017";"0,000";"8,391";"0,000";"25,547";"0,000";"2,133";"0,000";"0,000";"0,370";"9,948";"8,824";"9,198";"27,970";"2,423";"0,000";"2,423";
"23/09/2024 11:50";"9,076";"0,000";"8,025";"0,000";"8,145";"0,000";"25,246";"0,000";"1,069";"0,000";"0,000";"0,462";"10,122";"9,071";"9,191";"28,384";"3,138";"0,000";"3,138";
"23/09/2024 12:00";"9,099";"0,000";"8,387";"0,000";"8,550";"0,000";"26,035";"0,000";"1,576";"0,000";"0,000";"0,350";"10,302";"9,590";"9,753";"29,646";"3,611";"0,000";"3,611";
"23/09/2024 12:10";"8,981";"0,000";"8,229";"0,000";"8,460";"0,000";"25,670";"0,000";"1,009";"0,000";"0,000";"0,431";"9,913";"9,160";"9,392";"28,465";"2,795";"0,000";"2,795";
"23/09/2024 12:20";"8,755";"0,000";"7,641";"0,000";"8,024";"0,000";"24,420";"0,000";"0,880";"0,000";"0,000";"0,661";"10,013";"8,900";"9,282";"28,196";"3,776";"0,000";"3,776";
"23/09/2024 12:30";"8,612";"0,000";"7,878";"0,000";"8,147";"0,000";"24,638";"0,000";"0,927";"0,000";"0,000";"0,557";"9,957";"9,223";"9,492";"28,672";"4,034";"0,000";"4,034";
"23/09/2024 12:40";"8,439";"0,000";"7,512";"0,000";"7,712";"0,000";"23,663";"0,000";"1,344";"0,000";"0,000";"0,624";"9,138";"8,210";"8,411";"25,759";"2,096";"0,000";"2,096";
"23/09/2024 12:50";"8,403";"0,000";"7,428";"0,000";"7,703";"0,000";"23,535";"0,000";"1,128";"0,000";"0,000";"0,404";"9,120";"8,145";"8,420";"25,685";"2,150";"0,000";"2,150";
"23/09/2024 13:00";"8,435";"0,000";"7,603";"0,000";"7,997";"0,000";"24,035";"0,000";"1,035";"0,000";"0,000";"0,594";"9,315";"8,483";"8,877";"26,674";"2,639";"0,000";"2,639";
"23/09/2024 13:10";"8,989";"0,000";"7,980";"0,000";"8,403";"0,000";"25,373";"0,000";"0,723";"0,000";"0,000";"0,563";"10,221";"9,212";"9,635";"29,068";"3,695";"0,000";"3,695";
"23/09/2024 13:20";"8,441";"0,000";"7,691";"0,000";"8,062";"0,000";"24,194";"0,000";"1,023";"0,000";"0,000";"0,598";"9,124";"8,374";"8,744";"26,241";"2,047";"0,000";"2,047";
"23/09/2024 13:30";"3,336";"0,000";"2,598";"0,000";"2,785";"0,000";"8,719";"0,000";"0,883";"0,000";"0,000";"0,879";"4,188";"3,450";"3,637";"11,276";"2,557";"0,000";"2,557";
"23/09/2024 13:40";"2,012";"0,000";"1,612";"0,000";"1,644";"0,000";"5,267";"0,000";"0,816";"0,000";"0,000";"0,271";"2,647";"2,247";"2,279";"7,173";"1,906";"0,000";"1,906";
"23/09/2024 13:50";"1,687";"0,000";"1,241";"0,000";"1,030";"0,000";"3,958";"0,000";"0,008";"0,000";"0,000";"0,184";"2,363";"1,917";"1,706";"5,985";"2,027";"0,000";"2,027";
"23/09/2024 14:00";"1,603";"0,000";"1,043";"0,000";"0,876";"0,000";"3,522";"0,000";"0,000";"0,000";"0,000";"0,204";"2,261";"1,701";"1,535";"5,497";"1,975";"0,000";"1,975";
"23/09/2024 14:10";"1,544";"0,000";"1,045";"0,000";"0,832";"0,000";"3,421";"0,000";"0,004";"0,000";"0,000";"0,192";"2,369";"1,869";"1,657";"5,894";"2,473";"0,000";"2,473";
"23/09/2024 14:20";"1,816";"0,000";"1,386";"0,000";"1,206";"0,000";"4,409";"0,000";"0,399";"0,000";"0,000";"0,073";"3,076";"2,646";"2,466";"8,188";"3,780";"0,000";"3,780";
"23/09/2024 14:30";"1,800";"0,000";"1,312";"0,000";"1,160";"0,000";"4,272";"0,000";"0,092";"0,000";"0,000";"0,250";"3,146";"2,657";"2,506";"8,309";"4,037";"0,000";"4,037";
"23/09/2024 14:40";"1,279";"0,000";"0,917";"0,000";"0,733";"0,000";"2,929";"0,000";"0,005";"0,000";"0,000";"0,159";"2,727";"2,366";"2,182";"7,275";"4,346";"0,000";"4,346";
"23/09/2024 14:50";"1,091";"0,000";"0,866";"0,000";"0,572";"0,000";"2,528";"0,000";"0,005";"0,000";"0,000";"0,133";"2,483";"2,258";"1,964";"6,704";"4,176";"0,000";"4,176";
"23/09/2024 15:00";"1,193";"0,000";"0,935";"0,000";"0,677";"0,000";"2,805";"0,000";"0,278";"0,000";"0,000";"0,057";"2,578";"2,320";"2,062";"6,959";"4,154";"0,000";"4,154";
"23/09/2024 15:10";"1,409";"0,000";"1,200";"0,000";"1,124";"0,000";"3,733";"0,000";"0,317";"0,000";"0,000";"0,292";"2,778";"2,569";"2,493";"7,841";"4,108";"0,000";"4,108";
"23/09/2024 15:20";"1,310";"0,000";"1,082";"0,000";"0,957";"0,000";"3,349";"0,000";"0,287";"0,000";"0,000";"0,127";"2,675";"2,448";"2,323";"7,445";"4,096";"0,000";"4,096";
"23/09/2024 15:30";"1,666";"0,000";"1,354";"0,000";"1,391";"0,000";"4,411";"0,000";"0,691";"0,000";"0,000";"0,525";"3,017";"2,705";"2,742";"8,464";"4,053";"0,000";"4,053";
"23/09/2024 15:40";"2,156";"0,000";"2,001";"0,000";"2,027";"0,000";"6,184";"0,000";"0,857";"0,000";"0,000";"0,324";"3,502";"3,347";"3,374";"10,223";"4,039";"0,000";"4,039";
"23/09/2024 15:50";"2,134";"0,000";"1,987";"0,000";"2,003";"0,000";"6,124";"0,000";"0,600";"0,000";"0,000";"0,387";"3,470";"3,322";"3,339";"10,131";"4,007";"0,000";"4,007";
"23/09/2024 16:00";"2,253";"0,000";"2,064";"0,000";"2,021";"0,000";"6,337";"0,000";"1,076";"0,000";"0,000";"0,217";"3,533";"3,345";"3,302";"10,179";"3,842";"0,000";"3,842";
"23/09/2024 16:10";"1,552";"0,000";"1,474";"0,000";"1,451";"0,000";"4,477";"0,000";"0,572";"0,000";"0,000";"0,376";"2,440";"2,362";"2,340";"7,143";"2,666";"0,000";"2,666";
"23/09/2024 16:20";"1,785";"0,000";"1,660";"0,000";"1,591";"0,000";"5,036";"0,000";"0,902";"0,000";"0,000";"0,753";"2,874";"2,749";"2,680";"8,303";"3,267";"0,000";"3,267";
"23/09/2024 16:30";"1,386";"0,000";"1,289";"0,000";"1,164";"0,000";"3,839";"0,000";"0,886";"0,000";"0,000";"0,550";"2,453";"2,356";"2,231";"7,040";"3,201";"0,000";"3,201";
"23/09/2024 16:40";"1,247";"0,000";"1,199";"0,000";"1,043";"0,000";"3,489";"0,000";"0,498";"0,000";"0,000";"0,000";"2,138";"2,089";"1,934";"6,161";"2,672";"0,000";"2,672";
"23/09/2024 16:50";"1,534";"0,000";"1,403";"0,000";"1,263";"0,000";"4,200";"0,000";"0,556";"0,000";"0,000";"0,296";"2,450";"2,318";"2,178";"6,946";"2,746";"0,000";"2,746";
"23/09/2024 17:00";"1,399";"0,000";"1,195";"0,000";"1,050";"0,000";"3,643";"0,000";"0,041";"0,000";"0,000";"0,481";"2,221";"2,017";"1,872";"6,110";"2,467";"0,000";"2,467";
"23/09/2024 17:10";"1,455";"0,000";"1,179";"0,000";"1,043";"0,000";"3,677";"0,000";"0,056";"0,000";"0,000";"0,410";"2,104";"1,828";"1,692";"5,623";"1,946";"0,000";"1,946";
"23/09/2024 17:20";"1,621";"0,000";"1,391";"0,000";"1,208";"0,000";"4,220";"0,000";"0,524";"0,000";"0,000";"0,410";"2,112";"1,882";"1,699";"5,694";"1,474";"0,000";"1,474";
"23/09/2024 17:30";"1,820";"0,000";"1,507";"0,000";"1,356";"0,000";"4,683";"0,000";"0,437";"0,000";"0,000";"0,424";"2,254";"1,941";"1,791";"5,986";"1,304";"0,000";"1,304";
"23/09/2024 17:40";"1,983";"0,000";"1,541";"0,000";"1,299";"0,000";"4,823";"0,000";"1,187";"0,000";"0,000";"0,509";"2,288";"1,846";"1,605";"5,739";"0,916";"0,000";"0,916";
"23/09/2024 17:50";"1,717";"0,000";"1,319";"0,000";"1,248";"0,000";"4,284";"0,000";"0,914";"0,000";"0,000";"0,499";"1,946";"1,548";"1,478";"4,973";"0,689";"0,000";"0,689";
"23/09/2024 18:00";"1,814";"0,000";"1,433";"0,000";"1,394";"0,000";"4,641";"0,000";"0,139";"0,000";"0,000";"0,229";"1,950";"1,569";"1,530";"5,049";"0,408";"0,000";"0,408";
"23/09/2024 18:10";"1,551";"0,000";"1,342";"0,000";"1,261";"0,000";"4,153";"0,000";"0,343";"0,000";"0,000";"0,423";"1,658";"1,449";"1,368";"4,475";"0,322";"0,000";"0,322";
"23/09/2024 18:20";"1,228";"0,000";"1,039";"0,000";"0,801";"0,000";"3,068";"0,000";"0,148";"0,000";"0,000";"0,303";"1,361";"1,172";"0,934";"3,468";"0,400";"0,000";"0,400";
"23/09/2024 18:30";"1,674";"0,000";"1,191";"0,000";"0,922";"0,000";"3,786";"0,000";"0,136";"0,000";"0,000";"0,155";"1,814";"1,331";"1,062";"4,206";"0,420";"0,000";"0,420";
"23/09/2024 18:40";"1,476";"0,000";"0,978";"0,000";"0,634";"0,000";"3,088";"0,000";"0,018";"0,000";"0,000";"0,087";"1,572";"1,075";"0,730";"3,377";"0,289";"0,000";"0,289";
"23/09/2024 18:50";"1,455";"0,000";"0,882";"0,000";"0,591";"0,000";"2,928";"0,000";"0,000";"0,000";"0,000";"0,099";"1,522";"0,950";"0,658";"3,130";"0,202";"0,000";"0,202";
"23/09/2024 19:00";"1,367";"0,000";"0,813";"0,000";"0,564";"0,000";"2,745";"0,000";"0,000";"0,000";"0,000";"0,098";"1,419";"0,864";"0,616";"2,899";"0,154";"0,000";"0,154";
"23/09/2024 19:10";"1,424";"0,000";"0,917";"0,000";"0,637";"0,000";"2,979";"0,000";"0,038";"0,000";"0,000";"0,083";"1,463";"0,957";"0,677";"3,097";"0,118";"0,000";"0,118";
"23/09/2024 19:20";"1,342";"0,000";"0,881";"0,000";"0,561";"0,000";"2,783";"0,000";"0,000";"0,000";"0,000";"0,137";"1,378";"0,917";"0,597";"2,892";"0,109";"0,000";"0,109";
"23/09/2024 19:30";"1,279";"0,000";"0,792";"0,000";"0,563";"0,000";"2,634";"0,000";"0,023";"0,000";"0,000";"0,140";"1,306";"0,819";"0,590";"2,715";"0,081";"0,000";"0,081";
"23/09/2024 19:40";"1,220";"0,000";"0,840";"0,000";"0,590";"0,000";"2,650";"0,000";"0,018";"0,000";"0,000";"0,103";"1,238";"0,857";"0,607";"2,702";"0,052";"0,000";"0,052";
"23/09/2024 19:50";"0,577";"0,000";"0,273";"0,000";"0,150";"0,000";"1,000";"0,000";"0,000";"0,000";"0,000";"0,145";"0,588";"0,284";"0,161";"1,033";"0,033";"0,000";"0,033";
"23/09/2024 20:00";"0,545";"0,000";"0,284";"0,000";"0,156";"0,000";"0,984";"0,000";"0,000";"0,000";"0,000";"0,152";"0,555";"0,294";"0,166";"1,015";"0,031";"0,000";"0,031";
"23/09/2024 20:10";"0,544";"0,000";"0,256";"0,000";"0,162";"0,000";"0,961";"0,000";"0,000";"0,000";"0,000";"0,145";"0,547";"0,259";"0,166";"0,972";"0,011";"0,000";"0,011";
"23/09/2024 20:20";"0,578";"0,000";"0,316";"0,000";"0,163";"0,000";"1,058";"0,000";"0,000";"0,000";"0,000";"0,204";"0,578";"0,316";"0,163";"1,058";"0,000";"0,000";"0,000";
"23/09/2024 20:30";"0,628";"0,000";"0,423";"0,000";"0,257";"0,000";"1,307";"0,000";"0,000";"0,000";"0,000";"0,270";"0,628";"0,423";"0,257";"1,307";"0,000";"0,000";"0,000";
"23/09/2024 20:40";"0,734";"0,000";"0,484";"0,000";"0,331";"0,000";"1,550";"0,000";"0,000";"0,000";"0,000";"0,217";"0,734";"0,484";"0,331";"1,550";"0,000";"0,000";"0,000";
"23/09/2024 20:50";"0,621";"0,000";"0,388";"0,000";"0,258";"0,000";"1,268";"0,000";"0,000";"0,000";"0,000";"0,277";"0,621";"0,388";"0,258";"1,268";"0,000";"0,000";"0,000";
"23/09/2024 21:00";"0,631";"0,000";"0,417";"0,000";"0,258";"0,000";"1,305";"0,000";"0,000";"0,000";"0,000";"0,279";"0,631";"0,417";"0,258";"1,305";"0,000";"0,000";"0,000";
"23/09/2024 21:10";"0,775";"0,000";"0,518";"0,000";"0,340";"0,000";"1,633";"0,000";"0,000";"0,000";"0,000";"0,189";"0,775";"0,518";"0,340";"1,633";"0,000";"0,000";"0,000";
"23/09/2024 21:20";"0,645";"0,000";"0,398";"0,000";"0,267";"0,000";"1,310";"0,000";"0,000";"0,000";"0,000";"0,269";"0,645";"0,398";"0,267";"1,310";"0,000";"0,000";"0,000";
"23/09/2024 21:30";"0,640";"0,000";"0,401";"0,000";"0,259";"0,000";"1,300";"0,000";"0,000";"0,000";"0,000";"0,280";"0,640";"0,401";"0,259";"1,300";"0,000";"0,000";"0,000";
"23/09/2024 21:40";"0,690";"0,000";"0,453";"0,000";"0,282";"0,000";"1,424";"0,000";"0,000";"0,000";"0,000";"0,272";"0,690";"0,453";"0,282";"1,424";"0,000";"0,000";"0,000";
"23/09/2024 21:50";"0,718";"0,000";"0,481";"0,000";"0,325";"0,000";"1,523";"0,000";"0,000";"0,000";"0,000";"0,209";"0,718";"0,481";"0,325";"1,523";"0,000";"0,000";"0,000";
"23/09/2024 22:00";"0,649";"0,000";"0,392";"0,000";"0,259";"0,000";"1,300";"0,000";"0,000";"0,000";"0,000";"0,266";"0,649";"0,392";"0,259";"1,300";"0,000";"0,000";"0,000";
"23/09/2024 22:10";"0,656";"0,000";"0,407";"0,000";"0,259";"0,000";"1,322";"0,000";"0,000";"0,000";"0,000";"0,292";"0,656";"0,407";"0,259";"1,322";"0,000";"0,000";"0,000";
"23/09/2024 22:20";"0,647";"0,000";"0,423";"0,000";"0,261";"0,000";"1,331";"0,000";"0,000";"0,000";"0,000";"0,279";"0,647";"0,423";"0,261";"1,331";"0,000";"0,000";"0,000";
"23/09/2024 22:30";"0,765";"0,000";"0,511";"0,000";"0,346";"0,000";"1,622";"0,000";"0,000";"0,000";"0,000";"0,199";"0,765";"0,511";"0,346";"1,622";"0,000";"0,000";"0,000";
"23/09/2024 22:40";"0,640";"0,000";"0,383";"0,000";"0,260";"0,000";"1,283";"0,000";"0,000";"0,000";"0,000";"0,289";"0,640";"0,383";"0,260";"1,283";"0,000";"0,000";"0,000";
"23/09/2024 22:50";"0,684";"0,000";"0,475";"0,000";"0,289";"0,000";"1,448";"0,000";"0,000";"0,000";"0,000";"0,229";"0,684";"0,475";"0,289";"1,448";"0,000";"0,000";"0,000";
"23/09/2024 23:00";"0,632";"0,000";"0,468";"0,000";"0,300";"0,000";"1,400";"0,000";"0,000";"0,000";"0,000";"0,241";"0,632";"0,468";"0,300";"1,400";"0,000";"0,000";"0,000";
"23/09/2024 23:10";"0,563";"0,000";"0,452";"0,000";"0,315";"0,000";"1,330";"0,000";"0,000";"0,000";"0,000";"0,227";"0,563";"0,452";"0,315";"1,330";"0,000";"0,000";"0,000";
"23/09/2024 23:20";"0,374";"0,000";"0,439";"0,000";"0,262";"0,000";"1,075";"0,000";"0,000";"0,000";"0,000";"0,270";"0,374";"0,439";"0,262";"1,075";"0,000";"0,000";"0,000";
"23/09/2024 23:30";"0,410";"0,000";"0,417";"0,000";"0,259";"0,000";"1,086";"0,000";"0,000";"0,000";"0,000";"0,276";"0,410";"0,417";"0,259";"1,086";"0,000";"0,000";"0,000";
"23/09/2024 23:40";"0,560";"0,000";"0,385";"0,000";"0,260";"0,000";"1,205";"0,000";"0,000";"0,000";"0,000";"0,289";"0,560";"0,385";"0,260";"1,205";"0,000";"0,000";"0,000";
"23/09/2024 23:50";"0,803";"0,000";"0,507";"0,000";"0,347";"0,000";"1,657";"0,000";"0,000";"0,000";"0,000";"0,184";"0,803";"0,507";"0,347";"1,657";"0,000";"0,000";"0,000";
"24/09/2024 00:00";"0,538";"0,000";"0,438";"0,000";"0,261";"0,000";"1,237";"0,000";"0,000";"0,000";"0,000";"0,279";"0,538";"0,438";"0,261";"1,237";"0,000";"0,000";"0,000";
"24/09/2024 00:10";"0,370";"0,000";"0,404";"0,000";"0,258";"0,000";"1,032";"0,000";"0,000";"0,000";"0,000";"0,281";"0,370";"0,404";"0,258";"1,032";"0,000";"0,000";"0,000";
"24/09/2024 00:20";"0,426";"0,000";"0,394";"0,000";"0,263";"0,000";"1,083";"0,000";"0,000";"0,000";"0,000";"0,284";"0,426";"0,394";"0,263";"1,083";"0,000";"0,000";"0,000";
"24/09/2024 00:30";"0,905";"0,000";"0,434";"0,000";"0,259";"0,000";"1,599";"0,000";"0,000";"0,000";"0,000";"0,294";"0,905";"0,434";"0,259";"1,599";"0,000";"0,000";"0,000";
"24/09/2024 00:40";"0,792";"0,000";"0,402";"0,000";"0,260";"0,000";"1,454";"0,000";"0,000";"0,000";"0,000";"0,289";"0,792";"0,402";"0,260";"1,454";"0,000";"0,000";"0,000";
"24/09/2024 00:50";"0,529";"0,000";"0,386";"0,000";"0,259";"0,000";"1,174";"0,000";"0,000";"0,000";"0,000";"0,293";"0,529";"0,386";"0,259";"1,174";"0,000";"0,000";"0,000";
"24/09/2024 01:00";"0,649";"0,000";"0,431";"0,000";"0,258";"0,000";"1,338";"0,000";"0,000";"0,000";"0,000";"0,265";"0,649";"0,431";"0,258";"1,338";"0,000";"0,000";"0,000";
"24/09/2024 01:10";"0,452";"0,000";"0,411";"0,000";"0,258";"0,000";"1,121";"0,000";"0,000";"0,000";"0,000";"0,278";"0,452";"0,411";"0,258";"1,121";"0,000";"0,000";"0,000";
"24/09/2024 01:20";"0,581";"0,000";"0,508";"0,000";"0,351";"0,000";"1,439";"0,000";"0,000";"0,000";"0,000";"0,193";"0,581";"0,508";"0,351";"1,439";"0,000";"0,000";"0,000";
"24/09/2024 01:30";"0,506";"0,000";"0,425";"0,000";"0,258";"0,000";"1,189";"0,000";"0,000";"0,000";"0,000";"0,279";"0,506";"0,425";"0,258";"1,189";"0,000";"0,000";"0,000";
"24/09/2024 01:40";"0,378";"0,000";"0,415";"0,000";"0,257";"0,000";"1,050";"0,000";"0,000";"0,000";"0,000";"0,277";"0,378";"0,415";"0,257";"1,050";"0,000";"0,000";"0,000";
"24/09/2024 01:50";"0,418";"0,000";"0,380";"0,000";"0,257";"0,000";"1,055";"0,000";"0,000";"0,000";"0,000";"0,285";"0,418";"0,380";"0,257";"1,055";"0,000";"0,000";"0,000";
"24/09/2024 02:00";"0,464";"0,000";"0,475";"0,000";"0,308";"0,000";"1,247";"0,000";"0,000";"0,000";"0,000";"0,238";"0,464";"0,475";"0,308";"1,247";"0,000";"0,000";"0,000";
"24/09/2024 02:10";"0,607";"0,000";"0,467";"0,000";"0,295";"0,000";"1,369";"0,000";"0,000";"0,000";"0,000";"0,232";"0,607";"0,467";"0,295";"1,369";"0,000";"0,000";"0,000";
"24/09/2024 02:20";"0,396";"0,000";"0,393";"0,000";"0,257";"0,000";"1,045";"0,000";"0,000";"0,000";"0,000";"0,280";"0,396";"0,393";"0,257";"1,045";"0,000";"0,000";"0,000";
"24/09/2024 02:30";"0,601";"0,000";"0,388";"0,000";"0,260";"0,000";"1,249";"0,000";"0,000";"0,000";"0,000";"0,294";"0,601";"0,388";"0,260";"1,249";"0,000";"0,000";"0,000";
"24/09/2024 02:40";"0,584";"0,000";"0,452";"0,000";"0,270";"0,000";"1,306";"0,000";"0,000";"0,000";"0,000";"0,271";"0,584";"0,452";"0,270";"1,306";"0,000";"0,000";"0,000";
"24/09/2024 02:50";"0,448";"0,000";"0,470";"0,000";"0,312";"0,000";"1,230";"0,000";"0,000";"0,000";"0,000";"0,226";"0,448";"0,470";"0,312";"1,230";"0,000";"0,000";"0,000";
"24/09/2024 03:00";"0,589";"0,000";"0,457";"0,000";"0,319";"0,000";"1,365";"0,000";"0,000";"0,000";"0,000";"0,229";"0,589";"0,457";"0,319";"1,365";"0,000";"0,000";"0,000";
"24/09/2024 03:10";"0,377";"0,000";"0,420";"0,000";"0,257";"0,000";"1,054";"0,000";"0,000";"0,000";"0,000";"0,288";"0,377";"0,420";"0,257";"1,054";"0,000";"0,000";"0,000";
"24/09/2024 03:20";"0,391";"0,000";"0,425";"0,000";"0,256";"0,000";"1,072";"0,000";"0,000";"0,000";"0,000";"0,262";"0,391";"0,425";"0,256";"1,072";"0,000";"0,000";"0,000";
"24/09/2024 03:30";"0,406";"0,000";"0,383";"0,000";"0,260";"0,000";"1,048";"0,000";"0,000";"0,000";"0,000";"0,278";"0,406";"0,383";"0,260";"1,048";"0,000";"0,000";"0,000";
"24/09/2024 03:40";"0,891";"0,000";"0,403";"0,000";"0,257";"0,000";"1,551";"0,000";"0,000";"0,000";"0,000";"0,308";"0,891";"0,403";"0,257";"1,551";"0,000";"0,000";"0,000";
"24/09/2024 03:50";"0,781";"0,000";"0,432";"0,000";"0,257";"0,000";"1,470";"0,000";"0,000";"0,000";"0,000";"0,288";"0,781";"0,432";"0,257";"1,470";"0,000";"0,000";"0,000";
"24/09/2024 04:00";"0,380";"0,000";"0,391";"0,000";"0,257";"0,000";"1,029";"0,000";"0,000";"0,000";"0,000";"0,279";"0,380";"0,391";"0,257";"1,029";"0,000";"0,000";"0,000";
"24/09/2024 04:10";"0,375";"0,000";"0,396";"0,000";"0,257";"0,000";"1,028";"0,000";"0,000";"0,000";"0,000";"0,290";"0,375";"0,396";"0,257";"1,028";"0,000";"0,000";"0,000";
"24/09/2024 04:20";"0,451";"0,000";"0,437";"0,000";"0,271";"0,000";"1,159";"0,000";"0,000";"0,000";"0,000";"0,277";"0,451";"0,437";"0,271";"1,159";"0,000";"0,000";"0,000";
"24/09/2024 04:30";"0,562";"0,000";"0,502";"0,000";"0,340";"0,000";"1,405";"0,000";"0,000";"0,000";"0,000";"0,195";"0,562";"0,502";"0,340";"1,405";"0,000";"0,000";"0,000";
"24/09/2024 04:40";"0,672";"0,000";"0,388";"0,000";"0,257";"0,000";"1,318";"0,000";"0,000";"0,000";"0,000";"0,265";"0,672";"0,388";"0,257";"1,318";"0,000";"0,000";"0,000";
"24/09/2024 04:50";"0,399";"0,000";"0,411";"0,000";"0,256";"0,000";"1,066";"0,000";"0,000";"0,000";"0,000";"0,294";"0,399";"0,411";"0,256";"1,066";"0,000";"0,000";"0,000";
"24/09/2024 05:00";"0,455";"0,000";"0,511";"0,000";"0,324";"0,000";"1,290";"0,000";"0,000";"0,000";"0,000";"0,211";"0,455";"0,511";"0,324";"1,290";"0,000";"0,000";"0,000";
"24/09/2024 05:10";"0,604";"0,000";"0,452";"0,000";"0,309";"0,000";"1,366";"0,000";"0,000";"0,000";"0,000";"0,308";"0,604";"0,452";"0,309";"1,365";"0,000";"0,000";"0,000";
"24/09/2024 05:20";"0,379";"0,000";"0,392";"0,000";"0,256";"0,000";"1,027";"0,000";"0,000";"0,000";"0,000";"0,290";"0,379";"0,392";"0,256";"1,027";"0,000";"0,000";"0,000";
"24/09/2024 05:30";"0,686";"0,000";"0,680";"0,000";"0,413";"0,000";"1,778";"0,000";"0,006";"0,000";"0,000";"0,249";"0,686";"0,680";"0,413";"1,778";"0,000";"0,000";"0,000";
"24/09/2024 05:40";"1,255";"0,000";"1,060";"0,000";"0,691";"0,000";"3,007";"0,000";"0,000";"0,000";"0,000";"0,270";"1,255";"1,060";"0,691";"3,007";"0,000";"0,000";"0,000";
"24/09/2024 05:50";"1,798";"0,000";"1,439";"0,000";"1,449";"0,000";"4,686";"0,000";"0,000";"0,000";"0,000";"0,400";"1,798";"1,439";"1,449";"4,686";"0,000";"0,000";"0,000";
"24/09/2024 06:00";"3,816";"0,000";"3,067";"0,000";"3,437";"0,000";"10,320";"0,000";"0,935";"0,000";"0,000";"0,239";"3,816";"3,067";"3,437";"10,319";"0,000";"0,000";"0,000";
"24/09/2024 06:10";"7,771";"0,000";"7,634";"0,000";"8,113";"0,000";"23,518";"0,000";"2,221";"0,000";"0,000";"0,072";"7,771";"7,634";"8,113";"23,518";"0,000";"0,000";"0,000";
"24/09/2024 06:20";"8,264";"0,000";"8,205";"0,000";"8,558";"0,000";"25,027";"0,000";"2,481";"0,000";"0,000";"0,027";"8,264";"8,205";"8,558";"25,027";"0,000";"0,000";"0,000";
"24/09/2024 06:30";"8,695";"0,000";"8,510";"0,000";"8,984";"0,000";"26,190";"0,000";"6,218";"0,000";"0,000";"0,000";"8,695";"8,510";"8,984";"26,190";"0,000";"0,000";"0,000";
"24/09/2024 06:40";"8,752";"0,000";"7,931";"0,000";"8,353";"0,000";"25,037";"0,000";"5,080";"0,000";"0,000";"0,006";"8,752";"7,931";"8,353";"25,037";"0,000";"0,000";"0,000";
"24/09/2024 06:50";"7,894";"0,000";"7,736";"0,000";"8,067";"0,000";"23,697";"0,000";"1,706";"0,000";"0,000";"0,172";"7,894";"7,736";"8,067";"23,697";"0,000";"0,000";"0,000";
"24/09/2024 07:00";"6,891";"0,000";"6,620";"0,000";"7,106";"0,000";"20,617";"0,000";"0,845";"0,000";"0,000";"0,297";"6,891";"6,620";"7,106";"20,617";"0,000";"0,000";"0,000";
"24/09/2024 07:10";"7,570";"0,000";"7,338";"0,000";"7,558";"0,000";"22,465";"0,000";"5,126";"0,000";"0,000";"0,019";"7,570";"7,338";"7,558";"22,465";"0,000";"0,000";"0,000";
"24/09/2024 07:20";"7,248";"0,000";"6,790";"0,000";"7,326";"0,000";"21,364";"0,000";"3,393";"0,000";"0,000";"0,008";"7,248";"6,790";"7,326";"21,364";"0,000";"0,000";"0,000";
"24/09/2024 07:30";"8,929";"0,000";"8,576";"0,000";"9,030";"0,000";"26,534";"0,000";"3,711";"0,000";"0,000";"0,005";"8,929";"8,576";"9,030";"26,534";"0,000";"0,000";"0,000";
"24/09/2024 07:40";"9,159";"0,000";"8,561";"0,000";"8,972";"0,000";"26,692";"0,000";"1,894";"0,000";"0,000";"0,037";"9,159";"8,561";"8,972";"26,692";"0,000";"0,000";"0,000";
"24/09/2024 07:50";"7,945";"0,000";"7,510";"0,000";"8,122";"0,000";"23,577";"0,000";"0,747";"0,000";"0,000";"0,141";"7,945";"7,510";"8,122";"23,577";"0,000";"0,000";"0,000";
"24/09/2024 08:00";"7,758";"0,000";"7,303";"0,000";"7,719";"0,000";"22,780";"0,000";"1,945";"0,000";"0,000";"0,060";"7,758";"7,303";"7,719";"22,780";"0,000";"0,000";"0,000";
"24/09/2024 08:10";"8,256";"0,000";"7,320";"0,000";"7,838";"0,000";"23,414";"0,000";"1,293";"0,000";"0,000";"0,213";"8,256";"7,320";"7,838";"23,414";"0,000";"0,000";"0,000";
"24/09/2024 08:20";"7,496";"0,000";"6,562";"0,000";"7,331";"0,000";"21,389";"0,000";"1,539";"0,000";"0,000";"0,201";"7,496";"6,562";"7,331";"21,389";"0,000";"0,000";"0,000";
"24/09/2024 08:30";"8,283";"0,000";"7,503";"0,000";"8,164";"0,000";"23,950";"0,000";"3,046";"0,000";"0,000";"0,095";"8,283";"7,503";"8,164";"23,950";"0,000";"0,000";"0,000";
"24/09/2024 08:40";"7,569";"0,000";"7,247";"0,000";"7,557";"0,000";"22,373";"0,000";"1,199";"0,000";"0,000";"0,186";"7,569";"7,247";"7,557";"22,373";"0,000";"0,000";"0,000";
"24/09/2024 08:50";"7,176";"0,000";"6,946";"0,000";"7,553";"0,000";"21,675";"0,000";"1,474";"0,000";"0,000";"0,068";"7,176";"6,946";"7,553";"21,675";"0,000";"0,000";"0,000";
"24/09/2024 09:00";"8,069";"0,000";"7,821";"0,000";"8,316";"0,000";"24,206";"0,000";"2,414";"0,000";"0,000";"0,063";"8,106";"7,857";"8,353";"24,316";"0,110";"0,000";"0,110";
"24/09/2024 09:10";"8,556";"0,000";"8,539";"0,000";"8,870";"0,000";"25,965";"0,000";"1,985";"0,000";"0,000";"0,013";"8,644";"8,627";"8,958";"26,230";"0,265";"0,000";"0,265";
"24/09/2024 09:20";"8,585";"0,000";"8,396";"0,000";"8,730";"0,000";"25,710";"0,000";"2,702";"0,000";"0,000";"0,004";"8,748";"8,559";"8,893";"26,199";"0,489";"0,000";"0,489";
"24/09/2024 09:30";"7,781";"0,000";"7,654";"0,000";"8,063";"0,000";"23,498";"0,000";"1,705";"0,000";"0,000";"0,053";"7,984";"7,857";"8,266";"24,106";"0,608";"0,000";"0,608";
"24/09/2024 09:40";"2,922";"0,000";"2,773";"0,000";"3,321";"0,000";"9,015";"0,000";"0,838";"0,000";"0,000";"0,138";"3,163";"3,013";"3,561";"9,737";"0,722";"0,000";"0,722";
"24/09/2024 09:50";"2,272";"0,000";"1,921";"0,000";"2,477";"0,000";"6,669";"0,000";"0,181";"0,000";"0,000";"0,080";"2,600";"2,248";"2,804";"7,651";"0,982";"0,000";"0,982";
"24/09/2024 10:00";"2,284";"0,000";"1,963";"0,000";"2,211";"0,000";"6,458";"0,000";"0,808";"0,000";"0,000";"0,000";"3,007";"2,687";"2,934";"8,628";"2,170";"0,000";"2,170";
"24/09/2024 10:10";"2,150";"0,000";"1,773";"0,000";"2,152";"0,000";"6,075";"0,000";"0,672";"0,000";"0,000";"0,000";"2,777";"2,401";"2,780";"7,958";"1,883";"0,000";"1,883";
"24/09/2024 10:20";"6,503";"0,000";"5,847";"0,000";"6,394";"0,000";"18,744";"0,000";"0,901";"0,000";"0,000";"0,331";"7,110";"6,454";"7,001";"20,565";"1,821";"0,000";"1,821";
"24/09/2024 10:30";"8,826";"0,000";"8,156";"0,000";"8,655";"0,000";"25,638";"0,000";"1,299";"0,000";"0,000";"0,405";"9,741";"9,071";"9,569";"28,381";"2,743";"0,000";"2,743";
"24/09/2024 10:40";"8,644";"0,000";"8,111";"0,000";"8,763";"0,000";"25,518";"0,000";"1,453";"0,000";"0,000";"0,296";"9,498";"8,966";"9,617";"28,081";"2,563";"0,000";"2,563";
"24/09/2024 10:50";"8,179";"0,000";"7,773";"0,000";"8,367";"0,000";"24,319";"0,000";"1,415";"0,000";"0,000";"0,312";"9,003";"8,596";"9,191";"26,790";"2,471";"0,000";"2,471";
"24/09/2024 11:00";"7,508";"0,000";"7,137";"0,000";"7,507";"0,000";"22,152";"0,000";"1,434";"0,000";"0,000";"0,361";"8,269";"7,899";"8,268";"24,437";"2,285";"0,000";"2,285";
"24/09/2024 11:10";"8,077";"0,000";"7,664";"0,000";"8,172";"0,000";"23,913";"0,000";"1,404";"0,000";"0,000";"0,146";"8,908";"8,495";"9,004";"26,408";"2,495";"0,000";"2,495";
"24/09/2024 11:20";"7,949";"0,000";"7,324";"0,000";"7,874";"0,000";"23,148";"0,000";"0,885";"0,000";"0,000";"0,433";"8,946";"8,321";"8,871";"26,138";"2,990";"0,000";"2,990";
"24/09/2024 11:30";"7,867";"0,000";"7,394";"0,000";"7,803";"0,000";"23,063";"0,000";"1,181";"0,000";"0,000";"0,414";"8,901";"8,428";"8,837";"26,165";"3,102";"0,000";"3,102";
"24/09/2024 11:40";"7,740";"0,000";"7,349";"0,000";"7,990";"0,000";"23,078";"0,000";"0,791";"0,000";"0,000";"0,576";"8,760";"8,369";"9,011";"26,139";"3,061";"0,000";"3,061";
"24/09/2024 11:50";"8,939";"0,000";"8,513";"0,000";"9,073";"0,000";"26,525";"0,000";"0,932";"0,000";"0,000";"0,194";"10,158";"9,733";"10,292";"30,183";"3,658";"0,000";"3,658";
"24/09/2024 12:00";"8,779";"0,000";"8,147";"0,000";"8,815";"0,000";"25,741";"0,000";"1,135";"0,000";"0,000";"0,250";"10,119";"9,488";"10,155";"29,762";"4,021";"0,000";"4,021";
"24/09/2024 12:10";"9,037";"0,000";"8,511";"0,000";"9,109";"0,000";"26,657";"0,000";"3,476";"0,000";"0,000";"0,031";"10,435";"9,909";"10,507";"30,851";"4,194";"0,000";"4,194";
"24/09/2024 12:20";"7,789";"0,000";"7,195";"0,000";"7,748";"0,000";"22,731";"0,000";"1,198";"0,000";"0,000";"0,358";"9,173";"8,579";"9,132";"26,883";"4,152";"0,000";"4,152";
"24/09/2024 12:30";"8,016";"0,000";"7,355";"0,000";"8,036";"0,000";"23,407";"0,000";"0,786";"0,000";"0,000";"0,429";"8,982";"8,322";"9,002";"26,306";"2,899";"0,000";"2,899";
"24/09/2024 12:40";"8,685";"0,000";"7,961";"0,000";"8,502";"0,000";"25,149";"0,000";"1,058";"0,000";"0,000";"0,285";"9,426";"8,702";"9,243";"27,372";"2,223";"0,000";"2,223";
"24/09/2024 12:50";"8,485";"0,000";"7,689";"0,000";"8,260";"0,000";"24,434";"0,000";"1,928";"0,000";"0,000";"0,340";"9,048";"8,252";"8,823";"26,122";"1,688";"0,000";"1,688";
"24/09/2024 13:00";"7,463";"0,000";"6,791";"0,000";"7,587";"0,000";"21,842";"0,000";"1,679";"0,000";"0,000";"0,311";"8,387";"7,714";"8,511";"24,612";"2,770";"0,000";"2,770";
"24/09/2024 13:10";"8,486";"0,000";"7,729";"0,000";"8,539";"0,000";"24,753";"0,000";"1,431";"0,000";"0,000";"0,322";"9,936";"9,178";"9,988";"29,102";"4,349";"0,000";"4,349";
"24/09/2024 13:20";"7,898";"0,000";"7,254";"0,000";"8,020";"0,000";"23,173";"0,000";"0,809";"0,000";"0,000";"0,386";"9,389";"8,744";"9,511";"27,644";"4,471";"0,000";"4,471";
"24/09/2024 13:30";"2,367";"0,000";"2,042";"0,000";"2,357";"0,000";"6,765";"0,000";"0,483";"0,000";"0,000";"0,599";"3,871";"3,546";"3,861";"11,277";"4,512";"0,000";"4,512";
"24/09/2024 13:40";"1,729";"0,000";"1,310";"0,000";"1,630";"0,000";"4,669";"0,000";"0,338";"0,000";"0,000";"0,103";"3,211";"2,792";"3,111";"9,114";"4,445";"0,000";"4,445";
"24/09/2024 13:50";"1,953";"0,000";"1,470";"0,000";"1,666";"0,000";"5,089";"0,000";"0,243";"0,000";"0,000";"0,141";"3,422";"2,939";"3,135";"9,497";"4,408";"0,000";"4,408";
"24/09/2024 14:00";"1,530";"0,000";"1,172";"0,000";"1,142";"0,000";"3,844";"0,000";"0,234";"0,000";"0,000";"0,000";"2,990";"2,632";"2,602";"8,223";"4,379";"0,000";"4,379";
"24/09/2024 14:10";"1,457";"0,000";"1,048";"0,000";"1,072";"0,000";"3,578";"0,000";"0,190";"0,000";"0,000";"0,000";"2,911";"2,502";"2,526";"7,940";"4,362";"0,000";"4,362";
"24/09/2024 14:20";"1,404";"0,000";"1,017";"0,000";"1,003";"0,000";"3,423";"0,000";"0,157";"0,000";"0,000";"0,003";"2,854";"2,466";"2,452";"7,772";"4,349";"0,000";"4,349";
"24/09/2024 14:30";"1,288";"0,000";"1,000";"0,000";"0,801";"0,000";"3,089";"0,000";"0,125";"0,000";"0,000";"0,006";"2,723";"2,435";"2,236";"7,394";"4,305";"0,000";"4,305";
"24/09/2024 14:40";"1,285";"0,000";"1,002";"0,000";"0,783";"0,000";"3,070";"0,000";"0,091";"0,000";"0,000";"0,001";"2,715";"2,432";"2,213";"7,359";"4,289";"0,000";"4,289";
"24/09/2024 14:50";"1,218";"0,000";"0,929";"0,000";"0,759";"0,000";"2,905";"0,000";"0,088";"0,000";"0,000";"0,000";"2,667";"2,377";"2,207";"7,251";"4,346";"0,000";"4,346";
"24/09/2024 15:00";"1,233";"0,000";"0,970";"0,000";"0,768";"0,000";"2,972";"0,000";"0,168";"0,000";"0,000";"0,000";"2,663";"2,401";"2,198";"7,263";"4,291";"0,000";"4,291";
"24/09/2024 15:10";"1,211";"0,000";"0,917";"0,000";"0,511";"0,000";"2,639";"0,000";"0,147";"0,000";"0,000";"0,000";"2,616";"2,321";"1,916";"6,852";"4,213";"0,000";"4,213";
"24/09/2024 15:20";"1,220";"0,000";"0,981";"0,000";"0,536";"0,000";"2,737";"0,000";"0,123";"0,000";"0,000";"0,000";"2,609";"2,370";"1,924";"6,903";"4,166";"0,000";"4,166";
"24/09/2024 15:30";"1,425";"0,000";"1,121";"0,000";"0,696";"0,000";"3,241";"0,000";"0,186";"0,000";"0,000";"0,000";"2,782";"2,477";"2,052";"7,311";"4,070";"0,000";"4,070";
"24/09/2024 15:40";"1,325";"0,000";"1,203";"0,000";"1,208";"0,000";"3,736";"0,000";"0,344";"0,000";"0,000";"0,144";"2,617";"2,496";"2,501";"7,614";"3,878";"0,000";"3,878";
"24/09/2024 15:50";"1,848";"0,000";"1,654";"0,000";"1,481";"0,000";"4,983";"0,000";"0,492";"0,000";"0,000";"0,340";"3,206";"3,012";"2,839";"9,057";"4,074";"0,000";"4,074";
"24/09/2024 16:00";"1,730";"0,000";"1,462";"0,000";"1,191";"0,000";"4,383";"0,000";"0,280";"0,000";"0,000";"0,155";"2,886";"2,618";"2,347";"7,851";"3,468";"0,000";"3,468";
"24/09/2024 16:10";"1,958";"0,000";"1,533";"0,000";"1,389";"0,000";"4,880";"0,000";"0,838";"0,000";"0,000";"0,115";"3,177";"2,753";"2,608";"8,538";"3,658";"0,000";"3,658";
"24/09/2024 16:20";"1,635";"0,000";"1,252";"0,000";"1,158";"0,000";"4,044";"0,000";"0,384";"0,000";"0,000";"0,092";"2,782";"2,398";"2,304";"7,484";"3,440";"0,000";"3,440";
"24/09/2024 16:30";"1,694";"0,000";"1,377";"0,000";"1,312";"0,000";"4,384";"0,000";"0,413";"0,000";"0,000";"0,123";"2,809";"2,492";"2,427";"7,729";"3,345";"0,000";"3,345";
"24/09/2024 16:40";"1,751";"0,000";"1,423";"0,000";"1,354";"0,000";"4,529";"0,000";"0,689";"0,000";"0,000";"0,061";"2,658";"2,331";"2,262";"7,252";"2,723";"0,000";"2,723";
"24/09/2024 16:50";"1,624";"0,000";"1,447";"0,000";"1,208";"0,000";"4,280";"0,000";"0,563";"0,000";"0,000";"0,035";"2,607";"2,430";"2,191";"7,229";"2,949";"0,000";"2,949";
"24/09/2024 17:00";"1,933";"0,000";"1,596";"0,000";"1,337";"0,000";"4,866";"0,000";"0,515";"0,000";"0,000";"0,103";"2,787";"2,449";"2,190";"7,426";"2,560";"0,000";"2,560";
"24/09/2024 17:10";"1,674";"0,000";"1,292";"0,000";"1,279";"0,000";"4,245";"0,000";"0,556";"0,000";"0,000";"0,111";"2,581";"2,199";"2,186";"6,966";"2,721";"0,000";"2,721";
"24/09/2024 17:20";"1,639";"0,000";"1,439";"0,000";"1,303";"0,000";"4,382";"0,000";"0,421";"0,000";"0,000";"0,069";"2,506";"2,306";"2,170";"6,982";"2,600";"0,000";"2,600";
"24/09/2024 17:30";"1,475";"0,000";"1,227";"0,000";"1,133";"0,000";"3,835";"0,000";"0,320";"0,000";"0,000";"0,051";"2,160";"1,912";"1,818";"5,890";"2,055";"0,000";"2,055";
"24/09/2024 17:40";"1,558";"0,000";"1,273";"0,000";"1,221";"0,000";"4,052";"0,000";"0,463";"0,000";"0,000";"0,031";"2,143";"1,858";"1,807";"5,808";"1,756";"0,000";"1,756";
"24/09/2024 17:50";"1,706";"0,000";"1,211";"0,000";"0,898";"0,000";"3,815";"0,000";"0,361";"0,000";"0,000";"0,075";"2,283";"1,788";"1,475";"5,546";"1,731";"0,000";"1,731";
"24/09/2024 18:00";"1,798";"0,000";"1,331";"0,000";"1,027";"0,000";"4,157";"0,000";"0,399";"0,000";"0,000";"0,000";"2,306";"1,839";"1,535";"5,681";"1,524";"0,000";"1,524";
"24/09/2024 18:10";"1,623";"0,000";"1,194";"0,000";"0,931";"0,000";"3,749";"0,000";"0,370";"0,000";"0,000";"0,040";"2,094";"1,666";"1,403";"5,163";"1,414";"0,000";"1,414";
"24/09/2024 18:20";"1,279";"0,000";"0,919";"0,000";"0,615";"0,000";"2,813";"0,000";"0,052";"0,000";"0,000";"0,066";"1,734";"1,374";"1,070";"4,178";"1,365";"0,000";"1,365";
"24/09/2024 18:30";"1,217";"0,000";"0,885";"0,000";"0,550";"0,000";"2,651";"0,000";"0,007";"0,000";"0,000";"0,098";"1,673";"1,340";"1,005";"4,018";"1,367";"0,000";"1,367";
"24/09/2024 18:40";"1,159";"0,000";"0,931";"0,000";"0,564";"0,000";"2,654";"0,000";"0,029";"0,000";"0,000";"0,065";"1,604";"1,376";"1,008";"3,987";"1,333";"0,000";"1,333";
"24/09/2024 18:50";"0,568";"0,000";"0,345";"0,000";"0,127";"0,000";"1,040";"0,000";"0,005";"0,000";"0,000";"0,092";"0,851";"0,627";"0,409";"1,887";"0,847";"0,000";"0,847";
"24/09/2024 19:00";"0,476";"0,000";"0,243";"0,000";"0,093";"0,000";"0,812";"0,000";"0,004";"0,000";"0,000";"0,036";"0,660";"0,427";"0,277";"1,364";"0,552";"0,000";"0,552";
"24/09/2024 19:10";"0,510";"0,000";"0,266";"0,000";"0,086";"0,000";"0,862";"0,000";"0,018";"0,000";"0,000";"0,054";"0,660";"0,417";"0,237";"1,314";"0,452";"0,000";"0,452";
"24/09/2024 19:20";"0,470";"0,000";"0,257";"0,000";"0,085";"0,000";"0,812";"0,000";"0,011";"0,000";"0,000";"0,061";"0,564";"0,350";"0,179";"1,092";"0,280";"0,000";"0,280";
"24/09/2024 19:30";"0,602";"0,000";"0,218";"0,000";"0,088";"0,000";"0,908";"0,000";"0,009";"0,000";"0,000";"0,067";"0,654";"0,269";"0,139";"1,062";"0,154";"0,000";"0,154";
"24/09/2024 19:40";"1,001";"0,000";"0,616";"0,000";"0,085";"0,000";"1,703";"0,000";"0,003";"0,000";"0,000";"0,078";"1,042";"0,656";"0,126";"1,824";"0,121";"0,000";"0,121";
"24/09/2024 19:50";"0,576";"0,000";"0,256";"0,000";"0,089";"0,000";"0,922";"0,000";"0,000";"0,000";"0,000";"0,051";"0,610";"0,290";"0,123";"1,024";"0,102";"0,000";"0,102";
"24/09/2024 20:00";"0,563";"0,000";"0,230";"0,000";"0,085";"0,000";"0,878";"0,000";"0,036";"0,000";"0,000";"0,025";"0,580";"0,248";"0,103";"0,931";"0,053";"0,000";"0,053";
"24/09/2024 20:10";"0,541";"0,000";"0,246";"0,000";"0,085";"0,000";"0,871";"0,000";"0,019";"0,000";"0,000";"0,027";"0,549";"0,254";"0,093";"0,896";"0,025";"0,000";"0,025";
"24/09/2024 20:20";"0,532";"0,000";"0,273";"0,000";"0,085";"0,000";"0,890";"0,000";"0,018";"0,000";"0,000";"0,012";"0,532";"0,273";"0,085";"0,890";"0,000";"0,000";"0,000";
"24/09/2024 20:30";"0,675";"0,000";"0,358";"0,000";"0,184";"0,000";"1,217";"0,000";"0,053";"0,000";"0,000";"0,063";"0,675";"0,358";"0,184";"1,217";"0,000";"0,000";"0,000";
"24/09/2024 20:40";"0,659";"0,000";"0,405";"0,000";"0,408";"0,000";"1,473";"0,000";"0,000";"0,000";"0,000";"0,106";"0,659";"0,405";"0,408";"1,473";"0,000";"0,000";"0,000";
"24/09/2024 20:50";"0,700";"0,000";"0,412";"0,000";"0,567";"0,000";"1,679";"0,000";"0,000";"0,000";"0,000";"0,141";"0,700";"0,412";"0,567";"1,679";"0,000";"0,000";"0,000";
"24/09/2024 21:00";"0,792";"0,000";"0,521";"0,000";"0,560";"0,000";"1,874";"0,000";"0,009";"0,000";"0,000";"0,052";"0,792";"0,521";"0,560";"1,874";"0,000";"0,000";"0,000";
"24/09/2024 21:10";"0,682";"0,000";"0,371";"0,000";"0,497";"0,000";"1,550";"0,000";"0,000";"0,000";"0,000";"0,143";"0,682";"0,371";"0,497";"1,550";"0,000";"0,000";"0,000";
"24/09/2024 21:20";"0,677";"0,000";"0,426";"0,000";"0,511";"0,000";"1,614";"0,000";"0,000";"0,000";"0,000";"0,121";"0,677";"0,426";"0,511";"1,614";"0,000";"0,000";"0,000";
"24/09/2024 21:30";"0,790";"0,000";"0,502";"0,000";"0,569";"0,000";"1,861";"0,000";"0,011";"0,000";"0,000";"0,075";"0,790";"0,502";"0,569";"1,861";"0,000";"0,000";"0,000";
"24/09/2024 21:40";"0,719";"0,000";"0,447";"0,000";"0,507";"0,000";"1,672";"0,000";"0,002";"0,000";"0,000";"0,106";"0,719";"0,447";"0,507";"1,672";"0,000";"0,000";"0,000";
"24/09/2024 21:50";"0,799";"0,000";"0,475";"0,000";"0,563";"0,000";"1,836";"0,000";"0,015";"0,000";"0,000";"0,069";"0,799";"0,475";"0,563";"1,836";"0,000";"0,000";"0,000";
"24/09/2024 22:00";"0,707";"0,000";"0,427";"0,000";"0,519";"0,000";"1,652";"0,000";"0,000";"0,000";"0,000";"0,117";"0,707";"0,427";"0,519";"1,652";"0,000";"0,000";"0,000";
"24/09/2024 22:10";"0,763";"0,000";"0,488";"0,000";"0,607";"0,000";"1,859";"0,000";"0,000";"0,000";"0,000";"0,146";"0,763";"0,488";"0,607";"1,859";"0,000";"0,000";"0,000";
"24/09/2024 22:20";"0,683";"0,000";"0,406";"0,000";"0,495";"0,000";"1,583";"0,000";"0,000";"0,000";"0,000";"0,140";"0,683";"0,406";"0,495";"1,583";"0,000";"0,000";"0,000";
"24/09/2024 22:30";"0,587";"0,000";"0,398";"0,000";"0,496";"0,000";"1,481";"0,000";"0,000";"0,000";"0,000";"0,160";"0,587";"0,398";"0,496";"1,481";"0,000";"0,000";"0,000";
"24/09/2024 22:40";"0,670";"0,000";"0,471";"0,000";"0,546";"0,000";"1,687";"0,000";"0,000";"0,000";"0,000";"0,139";"0,670";"0,471";"0,546";"1,687";"0,000";"0,000";"0,000";
"24/09/2024 22:50";"0,649";"0,000";"0,482";"0,000";"0,550";"0,000";"1,681";"0,000";"0,000";"0,000";"0,000";"0,117";"0,649";"0,482";"0,550";"1,681";"0,000";"0,000";"0,000";
"24/09/2024 23:00";"0,529";"0,000";"0,446";"0,000";"0,536";"0,000";"1,511";"0,000";"0,000";"0,000";"0,000";"0,125";"0,529";"0,446";"0,536";"1,511";"0,000";"0,000";"0,000";
"24/09/2024 23:10";"0,340";"0,000";"0,404";"0,000";"0,497";"0,000";"1,240";"0,000";"0,000";"0,000";"0,000";"0,169";"0,340";"0,404";"0,497";"1,240";"0,000";"0,000";"0,000";
"24/09/2024 23:20";"0,339";"0,000";"0,431";"0,000";"0,496";"0,000";"1,266";"0,000";"0,000";"0,000";"0,000";"0,159";"0,339";"0,431";"0,496";"1,266";"0,000";"0,000";"0,000";
"24/09/2024 23:30";"0,450";"0,000";"0,486";"0,000";"0,571";"0,000";"1,507";"0,000";"0,000";"0,000";"0,000";"0,111";"0,450";"0,486";"0,571";"1,507";"0,000";"0,000";"0,000";
"24/09/2024 23:40";"0,508";"0,000";"0,417";"0,000";"0,525";"0,000";"1,450";"0,000";"0,008";"0,000";"0,000";"0,151";"0,508";"0,417";"0,525";"1,450";"0,000";"0,000";"0,000";
"24/09/2024 23:50";"0,777";"0,000";"0,488";"0,000";"0,552";"0,000";"1,817";"0,000";"0,001";"0,000";"0,000";"0,122";"0,777";"0,488";"0,552";"1,817";"0,000";"0,000";"0,000";
"25/09/2024 00:00";"0,440";"0,000";"0,426";"0,000";"0,487";"0,000";"1,353";"0,000";"0,000";"0,000";"0,000";"0,166";"0,440";"0,426";"0,487";"1,353";"0,000";"0,000";"0,000";
"25/09/2024 00:10";"0,342";"0,000";"0,406";"0,000";"0,504";"0,000";"1,252";"0,000";"0,000";"0,000";"0,000";"0,159";"0,342";"0,406";"0,504";"1,252";"0,000";"0,000";"0,000";
"25/09/2024 00:20";"0,340";"0,000";"0,390";"0,000";"0,501";"0,000";"1,232";"0,000";"0,000";"0,000";"0,000";"0,176";"0,340";"0,390";"0,501";"1,232";"0,000";"0,000";"0,000";
"25/09/2024 00:30";"0,445";"0,000";"0,487";"0,000";"0,534";"0,000";"1,466";"0,000";"0,000";"0,000";"0,000";"0,116";"0,445";"0,487";"0,534";"1,466";"0,000";"0,000";"0,000";
"25/09/2024 00:40";"0,409";"0,000";"0,482";"0,000";"0,534";"0,000";"1,425";"0,000";"0,009";"0,000";"0,000";"0,129";"0,409";"0,482";"0,534";"1,425";"0,000";"0,000";"0,000";
"25/09/2024 00:50";"0,390";"0,000";"0,442";"0,000";"0,542";"0,000";"1,375";"0,000";"0,000";"0,000";"0,000";"0,180";"0,390";"0,442";"0,542";"1,375";"0,000";"0,000";"0,000";
"25/09/2024 01:00";"0,398";"0,000";"0,414";"0,000";"0,504";"0,000";"1,316";"0,000";"0,000";"0,000";"0,000";"0,159";"0,398";"0,414";"0,504";"1,316";"0,000";"0,000";"0,000";
"25/09/2024 01:10";"0,592";"0,000";"0,418";"0,000";"0,499";"0,000";"1,509";"0,000";"0,000";"0,000";"0,000";"0,179";"0,592";"0,418";"0,499";"1,509";"0,000";"0,000";"0,000";
"25/09/2024 01:20";"0,547";"0,000";"0,510";"0,000";"0,553";"0,000";"1,610";"0,000";"0,011";"0,000";"0,000";"0,109";"0,547";"0,510";"0,553";"1,610";"0,000";"0,000";"0,000";
"25/09/2024 01:30";"0,406";"0,000";"0,417";"0,000";"0,513";"0,000";"1,336";"0,000";"0,000";"0,000";"0,000";"0,142";"0,406";"0,417";"0,513";"1,336";"0,000";"0,000";"0,000";
"25/09/2024 01:40";"0,339";"0,000";"0,415";"0,000";"0,506";"0,000";"1,260";"0,000";"0,000";"0,000";"0,000";"0,170";"0,339";"0,415";"0,506";"1,260";"0,000";"0,000";"0,000";
"25/09/2024 01:50";"0,355";"0,000";"0,439";"0,000";"0,499";"0,000";"1,292";"0,000";"0,000";"0,000";"0,000";"0,166";"0,355";"0,439";"0,499";"1,292";"0,000";"0,000";"0,000";
"25/09/2024 02:00";"0,455";"0,000";"0,474";"0,000";"0,576";"0,000";"1,505";"0,000";"0,000";"0,000";"0,000";"0,103";"0,455";"0,474";"0,576";"1,505";"0,000";"0,000";"0,000";
"25/09/2024 02:10";"0,341";"0,000";"0,421";"0,000";"0,574";"0,000";"1,335";"0,000";"0,000";"0,000";"0,000";"0,165";"0,341";"0,421";"0,574";"1,335";"0,000";"0,000";"0,000";
"25/09/2024 02:20";"0,379";"0,000";"0,439";"0,000";"0,504";"0,000";"1,323";"0,000";"0,000";"0,000";"0,000";"0,156";"0,379";"0,439";"0,504";"1,323";"0,000";"0,000";"0,000";
"25/09/2024 02:30";"0,393";"0,000";"0,442";"0,000";"0,548";"0,000";"1,384";"0,000";"0,003";"0,000";"0,000";"0,138";"0,393";"0,442";"0,548";"1,384";"0,000";"0,000";"0,000";
"25/09/2024 02:40";"0,384";"0,000";"0,451";"0,000";"0,536";"0,000";"1,372";"0,000";"0,008";"0,000";"0,000";"0,135";"0,384";"0,451";"0,536";"1,372";"0,000";"0,000";"0,000";
"25/09/2024 02:50";"0,374";"0,000";"0,426";"0,000";"0,496";"0,000";"1,296";"0,000";"0,000";"0,000";"0,000";"0,163";"0,374";"0,426";"0,496";"1,296";"0,000";"0,000";"0,000";
"25/09/2024 03:00";"0,467";"0,000";"0,415";"0,000";"0,494";"0,000";"1,376";"0,000";"0,000";"0,000";"0,000";"0,175";"0,467";"0,415";"0,494";"1,376";"0,000";"0,000";"0,000";
"25/09/2024 03:10";"0,677";"0,000";"0,492";"0,000";"0,580";"0,000";"1,749";"0,000";"0,000";"0,000";"0,000";"0,089";"0,677";"0,492";"0,580";"1,749";"0,000";"0,000";"0,000";
"25/09/2024 03:20";"0,383";"0,000";"0,406";"0,000";"0,491";"0,000";"1,281";"0,000";"0,000";"0,000";"0,000";"0,165";"0,383";"0,406";"0,491";"1,281";"0,000";"0,000";"0,000";
"25/09/2024 03:30";"0,345";"0,000";"0,426";"0,000";"0,496";"0,000";"1,267";"0,000";"0,000";"0,000";"0,000";"0,169";"0,345";"0,426";"0,496";"1,267";"0,000";"0,000";"0,000";
"25/09/2024 03:40";"0,379";"0,000";"0,463";"0,000";"0,511";"0,000";"1,354";"0,000";"0,000";"0,000";"0,000";"0,129";"0,379";"0,463";"0,511";"1,354";"0,000";"0,000";"0,000";
"25/09/2024 03:50";"0,426";"0,000";"0,439";"0,000";"0,540";"0,000";"1,405";"0,000";"0,000";"0,000";"0,000";"0,116";"0,426";"0,439";"0,540";"1,405";"0,000";"0,000";"0,000";
"25/09/2024 04:00";"0,339";"0,000";"0,428";"0,000";"0,501";"0,000";"1,268";"0,000";"0,000";"0,000";"0,000";"0,160";"0,339";"0,428";"0,501";"1,268";"0,000";"0,000";"0,000";
"25/09/2024 04:10";"0,347";"0,000";"0,441";"0,000";"0,492";"0,000";"1,279";"0,000";"0,000";"0,000";"0,000";"0,147";"0,347";"0,441";"0,492";"1,279";"0,000";"0,000";"0,000";
"25/09/2024 04:20";"0,468";"0,000";"0,486";"0,000";"0,560";"0,000";"1,514";"0,000";"0,000";"0,000";"0,000";"0,102";"0,468";"0,486";"0,560";"1,514";"0,000";"0,000";"0,000";
"25/09/2024 04:30";"0,344";"0,000";"0,397";"0,000";"0,483";"0,000";"1,223";"0,000";"0,000";"0,000";"0,000";"0,158";"0,344";"0,397";"0,483";"1,223";"0,000";"0,000";"0,000";
"25/09/2024 04:40";"0,342";"0,000";"0,417";"0,000";"0,499";"0,000";"1,258";"0,000";"0,000";"0,000";"0,000";"0,163";"0,342";"0,417";"0,499";"1,258";"0,000";"0,000";"0,000";
"25/09/2024 04:50";"0,421";"0,000";"0,479";"0,000";"0,536";"0,000";"1,436";"0,000";"0,001";"0,000";"0,000";"0,132";"0,421";"0,479";"0,536";"1,436";"0,000";"0,000";"0,000";
"25/09/2024 05:00";"0,383";"0,000";"0,451";"0,000";"0,523";"0,000";"1,357";"0,000";"0,000";"0,000";"0,000";"0,128";"0,383";"0,451";"0,523";"1,357";"0,000";"0,000";"0,000";
"25/09/2024 05:10";"0,354";"0,000";"0,392";"0,000";"0,480";"0,000";"1,226";"0,000";"0,000";"0,000";"0,000";"0,165";"0,354";"0,392";"0,480";"1,226";"0,000";"0,000";"0,000";
"25/09/2024 05:20";"0,384";"0,000";"0,426";"0,000";"0,494";"0,000";"1,305";"0,000";"0,000";"0,000";"0,000";"0,168";"0,384";"0,426";"0,494";"1,305";"0,000";"0,000";"0,000";
"25/09/2024 05:30";"1,151";"0,000";"0,901";"0,000";"0,820";"0,000";"2,872";"0,000";"0,021";"0,000";"0,000";"0,106";"1,151";"0,901";"0,820";"2,872";"0,000";"0,000";"0,000";
"25/09/2024 05:40";"1,672";"0,000";"1,255";"0,000";"1,273";"0,000";"4,201";"0,000";"0,000";"0,000";"0,000";"0,166";"1,672";"1,255";"1,273";"4,201";"0,000";"0,000";"0,000";
"25/09/2024 05:50";"1,745";"0,000";"1,475";"0,000";"1,483";"0,000";"4,703";"0,000";"0,002";"0,000";"0,000";"0,193";"1,745";"1,475";"1,483";"4,703";"0,000";"0,000";"0,000";
"25/09/2024 06:00";"5,601";"0,000";"6,237";"0,000";"5,506";"0,000";"17,344";"0,000";"2,314";"0,000";"0,000";"0,064";"5,601";"6,237";"5,506";"17,344";"0,000";"0,000";"0,000";
"25/09/2024 06:10";"7,285";"0,000";"7,958";"0,000";"7,316";"0,000";"22,559";"0,000";"0,878";"0,000";"0,000";"0,337";"7,285";"7,958";"7,316";"22,559";"0,000";"0,000";"0,000";
"25/09/2024 06:20";"6,982";"0,000";"7,772";"0,000";"7,157";"0,000";"21,911";"0,000";"0,622";"0,000";"0,000";"0,371";"6,982";"7,772";"7,157";"21,911";"0,000";"0,000";"0,000";
"25/09/2024 06:30";"7,492";"0,000";"8,373";"0,000";"7,812";"0,000";"23,678";"0,000";"3,046";"0,000";"0,000";"0,109";"7,492";"8,373";"7,812";"23,678";"0,000";"0,000";"0,000";
"25/09/2024 06:40";"7,388";"0,000";"8,447";"0,000";"7,897";"0,000";"23,732";"0,000";"0,994";"0,000";"0,000";"0,172";"7,388";"8,447";"7,897";"23,732";"0,000";"0,000";"0,000";
"25/09/2024 06:50";"7,587";"0,000";"8,433";"0,000";"7,939";"0,000";"23,959";"0,000";"1,034";"0,000";"0,000";"0,246";"7,587";"8,433";"7,939";"23,959";"0,000";"0,000";"0,000";
"25/09/2024 07:00";"8,477";"0,000";"9,420";"0,000";"8,909";"0,000";"26,806";"0,000";"1,619";"0,000";"0,000";"0,153";"8,477";"9,420";"8,909";"26,806";"0,000";"0,000";"0,000";
"25/09/2024 07:10";"8,387";"0,000";"9,062";"0,000";"8,376";"0,000";"25,825";"0,000";"3,079";"0,000";"0,000";"0,173";"8,387";"9,062";"8,376";"25,825";"0,000";"0,000";"0,000";
"25/09/2024 07:20";"7,633";"0,000";"8,100";"0,000";"7,579";"0,000";"23,312";"0,000";"0,837";"0,000";"0,000";"0,318";"7,633";"8,100";"7,579";"23,312";"0,000";"0,000";"0,000";
"25/09/2024 07:30";"8,467";"0,000";"8,975";"0,000";"8,535";"0,000";"25,977";"0,000";"3,262";"0,000";"0,000";"0,119";"8,467";"8,975";"8,535";"25,977";"0,000";"0,000";"0,000";
"25/09/2024 07:40";"7,722";"0,000";"8,398";"0,000";"7,964";"0,000";"24,085";"0,000";"0,635";"0,000";"0,000";"0,370";"7,722";"8,398";"7,964";"24,085";"0,000";"0,000";"0,000";
"25/09/2024 07:50";"7,574";"0,000";"8,164";"0,000";"7,579";"0,000";"23,318";"0,000";"0,403";"0,000";"0,000";"0,516";"7,574";"8,164";"7,579";"23,318";"0,000";"0,000";"0,000";
"25/09/2024 08:00";"7,330";"0,000";"7,773";"0,000";"7,378";"0,000";"22,480";"0,000";"0,346";"0,000";"0,000";"0,643";"7,330";"7,773";"7,378";"22,480";"0,000";"0,000";"0,000";
"25/09/2024 08:10";"7,133";"0,000";"7,816";"0,000";"7,505";"0,000";"22,454";"0,000";"0,506";"0,000";"0,000";"0,549";"7,133";"7,816";"7,505";"22,454";"0,000";"0,000";"0,000";
"25/09/2024 08:20";"6,928";"0,000";"7,531";"0,000";"7,244";"0,000";"21,703";"0,000";"0,520";"0,000";"0,000";"0,604";"6,928";"7,531";"7,244";"21,703";"0,000";"0,000";"0,000";
"25/09/2024 08:30";"6,327";"0,000";"7,114";"0,000";"6,433";"0,000";"19,874";"0,000";"0,477";"0,000";"0,000";"0,551";"6,327";"7,114";"6,433";"19,874";"0,000";"0,000";"0,000";
"25/09/2024 08:40";"7,415";"0,000";"8,201";"0,000";"7,522";"0,000";"23,138";"0,000";"1,110";"0,000";"0,000";"0,420";"7,416";"8,202";"7,523";"23,140";"0,002";"0,000";"0,002";
"25/09/2024 08:50";"7,320";"0,000";"8,066";"0,000";"7,494";"0,000";"22,880";"0,000";"1,773";"0,000";"0,000";"0,263";"7,350";"8,096";"7,525";"22,972";"0,092";"0,000";"0,092";
"25/09/2024 09:00";"6,953";"0,000";"7,812";"0,000";"7,338";"0,000";"22,103";"0,000";"0,585";"0,000";"0,000";"0,425";"7,022";"7,882";"7,408";"22,311";"0,208";"0,000";"0,208";
"25/09/2024 09:10";"7,027";"0,000";"7,957";"0,000";"7,362";"0,000";"22,347";"0,000";"0,687";"0,000";"0,000";"0,502";"7,075";"8,005";"7,410";"22,489";"0,142";"0,000";"0,142";
"25/09/2024 09:20";"7,355";"0,000";"8,163";"0,000";"7,594";"0,000";"23,111";"0,000";"0,696";"0,000";"0,000";"0,379";"7,387";"8,194";"7,625";"23,206";"0,095";"0,000";"0,095";
"25/09/2024 09:30";"7,594";"0,000";"8,270";"0,000";"7,841";"0,000";"23,705";"0,000";"2,610";"0,000";"0,000";"0,243";"7,618";"8,294";"7,865";"23,778";"0,073";"0,000";"0,073";
"25/09/2024 09:40";"7,201";"0,000";"7,731";"0,000";"7,681";"0,000";"22,613";"0,000";"1,821";"0,000";"0,000";"0,104";"7,257";"7,786";"7,737";"22,780";"0,167";"0,000";"0,167";
"25/09/2024 09:50";"6,459";"0,000";"6,673";"0,000";"6,840";"0,000";"19,972";"0,000";"0,647";"0,000";"0,000";"0,306";"6,524";"6,739";"6,906";"20,169";"0,197";"0,000";"0,197";
"25/09/2024 10:00";"3,291";"0,000";"3,346";"0,000";"3,576";"0,000";"10,213";"0,000";"0,455";"0,000";"0,000";"0,258";"3,335";"3,390";"3,620";"10,345";"0,132";"0,000";"0,132";
"25/09/2024 10:10";"2,436";"0,000";"2,455";"0,000";"2,906";"0,000";"7,797";"0,000";"0,024";"0,000";"0,000";"0,061";"2,525";"2,545";"2,996";"8,066";"0,269";"0,000";"0,269";
"25/09/2024 10:20";"5,445";"0,000";"5,321";"0,000";"5,711";"0,000";"16,477";"0,000";"0,734";"0,000";"0,000";"0,335";"5,512";"5,388";"5,778";"16,679";"0,202";"0,000";"0,202";
"25/09/2024 10:30";"7,023";"0,000";"6,859";"0,000";"7,313";"0,000";"21,194";"0,000";"0,965";"0,000";"0,000";"0,357";"7,148";"6,985";"7,438";"21,571";"0,377";"0,000";"0,377";
"25/09/2024 10:40";"7,469";"0,000";"7,342";"0,000";"7,585";"0,000";"22,395";"0,000";"1,467";"0,000";"0,000";"0,225";"7,613";"7,486";"7,729";"22,828";"0,433";"0,000";"0,433";
"25/09/2024 10:50";"6,965";"0,000";"7,009";"0,000";"7,449";"0,000";"21,423";"0,000";"1,811";"0,000";"0,000";"0,155";"7,237";"7,281";"7,721";"22,239";"0,816";"0,000";"0,816";
"25/09/2024 11:00";"7,519";"0,000";"7,549";"0,000";"7,785";"0,000";"22,854";"0,000";"0,827";"0,000";"0,000";"0,309";"7,827";"7,857";"8,093";"23,778";"0,924";"0,000";"0,924";
"25/09/2024 11:10";"6,407";"0,000";"6,348";"0,000";"6,526";"0,000";"19,281";"0,000";"0,691";"0,000";"0,000";"0,501";"6,620";"6,561";"6,739";"19,920";"0,639";"0,000";"0,639";
"25/09/2024 11:20";"6,051";"0,000";"5,990";"0,000";"6,419";"0,000";"18,460";"0,000";"0,792";"0,000";"0,000";"0,365";"6,220";"6,160";"6,589";"18,969";"0,509";"0,000";"0,509";
"25/09/2024 11:30";"5,986";"0,000";"6,027";"0,000";"6,352";"0,000";"18,365";"0,000";"0,809";"0,000";"0,000";"0,271";"6,197";"6,237";"6,562";"18,996";"0,631";"0,000";"0,631";
"25/09/2024 11:40";"6,211";"0,000";"6,079";"0,000";"6,499";"0,000";"18,789";"0,000";"0,669";"0,000";"0,000";"0,284";"6,457";"6,326";"6,746";"19,529";"0,740";"0,000";"0,740";
"25/09/2024 11:50";"6,319";"0,000";"6,208";"0,000";"6,615";"0,000";"19,142";"0,000";"1,052";"0,000";"0,000";"0,316";"6,610";"6,500";"6,907";"20,017";"0,875";"0,000";"0,875";
"25/09/2024 12:00";"6,912";"0,000";"6,530";"0,000";"7,008";"0,000";"20,450";"0,000";"1,942";"0,000";"0,000";"0,249";"7,152";"6,770";"7,248";"21,170";"0,720";"0,000";"0,720";
"25/09/2024 12:10";"6,900";"0,000";"6,833";"0,000";"7,362";"0,000";"21,095";"0,000";"2,171";"0,000";"0,000";"0,099";"7,579";"7,512";"8,040";"23,130";"2,035";"0,000";"2,035";
"25/09/2024 12:20";"7,353";"0,000";"7,327";"0,000";"7,930";"0,000";"22,610";"0,000";"0,903";"0,000";"0,000";"0,206";"7,758";"7,733";"8,336";"23,827";"1,217";"0,000";"1,217";
"25/09/2024 12:30";"9,120";"0,000";"8,954";"0,000";"9,322";"0,000";"27,396";"0,000";"4,762";"0,000";"0,000";"0,063";"9,430";"9,264";"9,632";"28,326";"0,930";"0,000";"0,930";
"25/09/2024 12:40";"9,470";"0,000";"8,981";"0,000";"9,365";"0,000";"27,816";"0,000";"2,203";"0,000";"0,000";"0,041";"9,777";"9,288";"9,672";"28,737";"0,921";"0,000";"0,921";
"25/09/2024 12:50";"7,486";"0,000";"7,388";"0,000";"7,616";"0,000";"22,490";"0,000";"1,642";"0,000";"0,000";"0,073";"7,956";"7,857";"8,086";"23,899";"1,409";"0,000";"1,409";
"25/09/2024 13:00";"6,844";"0,000";"6,739";"0,000";"7,229";"0,000";"20,812";"0,000";"1,737";"0,000";"0,000";"0,059";"7,494";"7,390";"7,880";"22,764";"1,952";"0,000";"1,952";
"25/09/2024 13:10";"6,893";"0,000";"6,745";"0,000";"7,343";"0,000";"20,981";"0,000";"2,696";"0,000";"0,000";"0,015";"7,353";"7,205";"7,803";"22,360";"1,379";"0,000";"1,379";
"25/09/2024 13:20";"6,608";"0,000";"6,587";"0,000";"7,027";"0,000";"20,222";"0,000";"1,649";"0,000";"0,000";"0,043";"7,049";"7,028";"7,468";"21,546";"1,324";"0,000";"1,324";
"25/09/2024 13:30";"6,800";"0,000";"6,748";"0,000";"7,184";"0,000";"20,732";"0,000";"1,580";"0,000";"0,000";"0,068";"7,174";"7,122";"7,559";"21,856";"1,124";"0,000";"1,124";
"25/09/2024 13:40";"5,282";"0,000";"4,983";"0,000";"5,535";"0,000";"15,800";"0,000";"0,551";"0,000";"0,000";"0,584";"5,988";"5,689";"6,241";"17,918";"2,118";"0,000";"2,118";
"25/09/2024 13:50";"2,029";"0,000";"1,571";"0,000";"2,037";"0,000";"5,637";"0,000";"0,071";"0,000";"0,000";"0,402";"2,866";"2,407";"2,873";"8,146";"2,509";"0,000";"2,509";
"25/09/2024 14:00";"1,797";"0,000";"1,391";"0,000";"1,633";"0,000";"4,822";"0,000";"0,029";"0,000";"0,000";"0,260";"2,631";"2,224";"2,467";"7,322";"2,500";"0,000";"2,500";
"25/09/2024 14:10";"1,668";"0,000";"1,197";"0,000";"1,409";"0,000";"4,275";"0,000";"0,000";"0,000";"0,000";"0,218";"2,288";"1,817";"2,029";"6,135";"1,860";"0,000";"1,860";
"25/09/2024 14:20";"2,153";"0,000";"1,645";"0,000";"1,963";"0,000";"5,762";"0,000";"0,559";"0,000";"0,000";"0,102";"2,740";"2,232";"2,550";"7,523";"1,761";"0,000";"1,761";
"25/09/2024 14:30";"1,636";"0,000";"1,186";"0,000";"1,446";"0,000";"4,269";"0,000";"0,010";"0,000";"0,000";"0,168";"2,044";"1,595";"1,855";"5,494";"1,225";"0,000";"1,225";
"25/09/2024 14:40";"1,776";"0,000";"1,338";"0,000";"1,559";"0,000";"4,672";"0,000";"0,037";"0,000";"0,000";"0,248";"1,988";"1,550";"1,771";"5,308";"0,636";"0,000";"0,636";
"25/09/2024 14:50";"1,745";"0,000";"1,237";"0,000";"1,504";"0,000";"4,486";"0,000";"0,020";"0,000";"0,000";"0,105";"1,886";"1,377";"1,645";"4,907";"0,421";"0,000";"0,421";
"25/09/2024 15:00";"1,642";"0,000";"1,109";"0,000";"1,409";"0,000";"4,160";"0,000";"0,024";"0,000";"0,000";"0,132";"1,848";"1,314";"1,615";"4,777";"0,617";"0,000";"0,617";
"25/09/2024 15:10";"1,661";"0,000";"1,264";"0,000";"1,459";"0,000";"4,384";"0,000";"0,029";"0,000";"0,000";"0,123";"1,774";"1,377";"1,573";"4,725";"0,341";"0,000";"0,341";
"25/09/2024 15:20";"1,690";"0,000";"1,220";"0,000";"1,420";"0,000";"4,329";"0,000";"0,004";"0,000";"0,000";"0,129";"1,780";"1,310";"1,511";"4,601";"0,272";"0,000";"0,272";
"25/09/2024 15:30";"1,764";"0,000";"1,404";"0,000";"1,643";"0,000";"4,811";"0,000";"0,051";"0,000";"0,000";"0,245";"1,831";"1,471";"1,711";"5,013";"0,202";"0,000";"0,202";
"25/09/2024 15:40";"1,819";"0,000";"1,453";"0,000";"1,603";"0,000";"4,876";"0,000";"0,136";"0,000";"0,000";"0,131";"1,981";"1,615";"1,765";"5,361";"0,485";"0,000";"0,485";
"25/09/2024 15:50";"1,997";"0,000";"1,518";"0,000";"1,737";"0,000";"5,251";"0,000";"0,720";"0,000";"0,000";"0,481";"2,136";"1,657";"1,876";"5,669";"0,418";"0,000";"0,418";
"25/09/2024 16:00";"1,968";"0,000";"1,454";"0,000";"1,708";"0,000";"5,131";"0,000";"0,510";"0,000";"0,000";"0,363";"2,130";"1,616";"1,870";"5,617";"0,486";"0,000";"0,486";
"25/09/2024 16:10";"2,059";"0,000";"1,704";"0,000";"1,881";"0,000";"5,645";"0,000";"0,516";"0,000";"0,000";"0,118";"2,146";"1,791";"1,968";"5,905";"0,260";"0,000";"0,260";
"25/09/2024 16:20";"1,929";"0,000";"1,500";"0,000";"1,639";"0,000";"5,068";"0,000";"0,016";"0,000";"0,000";"0,183";"2,006";"1,577";"1,716";"5,299";"0,231";"0,000";"0,231";
"25/09/2024 16:30";"1,886";"0,000";"1,435";"0,000";"1,640";"0,000";"4,962";"0,000";"0,032";"0,000";"0,000";"0,280";"1,981";"1,530";"1,735";"5,247";"0,285";"0,000";"0,285";
"25/09/2024 16:40";"1,937";"0,000";"1,422";"0,000";"1,636";"0,000";"4,994";"0,000";"0,013";"0,000";"0,000";"0,202";"2,050";"1,535";"1,750";"5,335";"0,341";"0,000";"0,341";
"25/09/2024 16:50";"2,017";"0,000";"1,574";"0,000";"1,684";"0,000";"5,275";"0,000";"0,201";"0,000";"0,000";"0,109";"2,094";"1,650";"1,761";"5,504";"0,229";"0,000";"0,229";
"25/09/2024 17:00";"1,929";"0,000";"1,472";"0,000";"1,562";"0,000";"4,962";"0,000";"0,053";"0,000";"0,000";"0,188";"2,032";"1,575";"1,665";"5,272";"0,310";"0,000";"0,310";
"25/09/2024 17:10";"1,783";"0,000";"1,397";"0,000";"1,449";"0,000";"4,629";"0,000";"0,019";"0,000";"0,000";"0,191";"1,871";"1,485";"1,537";"4,893";"0,264";"0,000";"0,264";
"25/09/2024 17:20";"1,745";"0,000";"1,474";"0,000";"1,432";"0,000";"4,651";"0,000";"0,000";"0,000";"0,000";"0,164";"1,813";"1,541";"1,500";"4,854";"0,203";"0,000";"0,203";
"25/09/2024 17:30";"1,980";"0,000";"1,703";"0,000";"1,701";"0,000";"5,383";"0,000";"0,234";"0,000";"0,000";"0,167";"2,053";"1,776";"1,774";"5,603";"0,220";"0,000";"0,220";
"25/09/2024 17:40";"1,888";"0,000";"1,532";"0,000";"1,545";"0,000";"4,964";"0,000";"0,319";"0,000";"0,000";"0,125";"1,932";"1,577";"1,589";"5,098";"0,134";"0,000";"0,134";
"25/09/2024 17:50";"1,841";"0,000";"1,442";"0,000";"1,443";"0,000";"4,725";"0,000";"0,148";"0,000";"0,000";"0,037";"1,881";"1,482";"1,483";"4,845";"0,120";"0,000";"0,120";
"25/09/2024 18:00";"1,814";"0,000";"1,495";"0,000";"1,483";"0,000";"4,792";"0,000";"0,437";"0,000";"0,000";"0,150";"1,878";"1,559";"1,547";"4,984";"0,192";"0,000";"0,192";
"25/09/2024 18:10";"1,902";"0,000";"1,640";"0,000";"1,688";"0,000";"5,230";"0,000";"0,320";"0,000";"0,000";"0,114";"1,945";"1,683";"1,731";"5,360";"0,130";"0,000";"0,130";
"25/09/2024 18:20";"1,841";"0,000";"1,316";"0,000";"1,443";"0,000";"4,600";"0,000";"0,272";"0,000";"0,000";"0,124";"1,865";"1,341";"1,467";"4,674";"0,074";"0,000";"0,074";
"25/09/2024 18:30";"1,859";"0,000";"1,331";"0,000";"1,412";"0,000";"4,602";"0,000";"0,010";"0,000";"0,000";"0,084";"1,884";"1,356";"1,437";"4,677";"0,075";"0,000";"0,075";
"25/09/2024 18:40";"1,193";"0,000";"0,840";"0,000";"0,925";"0,000";"2,958";"0,000";"0,007";"0,000";"0,000";"0,131";"1,219";"0,866";"0,951";"3,036";"0,078";"0,000";"0,078";
"25/09/2024 18:50";"0,774";"0,000";"0,552";"0,000";"0,377";"0,000";"1,703";"0,000";"0,034";"0,000";"0,000";"0,170";"0,799";"0,577";"0,402";"1,778";"0,075";"0,000";"0,075";
"25/09/2024 19:00";"0,679";"0,000";"0,421";"0,000";"0,229";"0,000";"1,330";"0,000";"0,027";"0,000";"0,000";"0,051";"0,703";"0,445";"0,253";"1,401";"0,071";"0,000";"0,071";
"25/09/2024 19:10";"0,605";"0,000";"0,347";"0,000";"0,168";"0,000";"1,120";"0,000";"0,000";"0,000";"0,000";"0,116";"0,626";"0,368";"0,189";"1,183";"0,063";"0,000";"0,063";
"25/09/2024 19:20";"0,554";"0,000";"0,364";"0,000";"0,167";"0,000";"1,085";"0,000";"0,000";"0,000";"0,000";"0,124";"0,566";"0,376";"0,179";"1,121";"0,036";"0,000";"0,036";
"25/09/2024 19:30";"0,767";"0,000";"0,531";"0,000";"0,415";"0,000";"1,712";"0,000";"0,061";"0,000";"0,000";"0,214";"0,774";"0,538";"0,423";"1,735";"0,023";"0,000";"0,023";
"25/09/2024 19:40";"0,597";"0,000";"0,352";"0,000";"0,170";"0,000";"1,119";"0,000";"0,000";"0,000";"0,000";"0,096";"0,608";"0,363";"0,181";"1,152";"0,033";"0,000";"0,033";
"25/09/2024 19:50";"0,554";"0,000";"0,353";"0,000";"0,171";"0,000";"1,079";"0,000";"0,000";"0,000";"0,000";"0,133";"0,566";"0,365";"0,182";"1,114";"0,035";"0,000";"0,035";
"25/09/2024 20:00";"0,499";"0,000";"0,436";"0,000";"0,223";"0,000";"1,158";"0,000";"0,007";"0,000";"0,000";"0,055";"0,499";"0,436";"0,223";"1,159";"0,001";"0,000";"0,001";
"25/09/2024 20:10";"0,410";"0,000";"0,389";"0,000";"0,233";"0,000";"1,032";"0,000";"0,001";"0,000";"0,000";"0,149";"0,410";"0,389";"0,233";"1,032";"0,000";"0,000";"0,000";
"25/09/2024 20:20";"0,578";"0,000";"0,719";"0,000";"0,522";"0,000";"1,819";"0,000";"0,032";"0,000";"0,000";"0,282";"0,578";"0,719";"0,522";"1,819";"0,000";"0,000";"0,000";
"25/09/2024 20:30";"0,681";"0,000";"0,549";"0,000";"0,339";"0,000";"1,569";"0,000";"0,000";"0,000";"0,000";"0,164";"0,681";"0,549";"0,339";"1,569";"0,000";"0,000";"0,000";
"25/09/2024 20:40";"0,698";"0,000";"0,525";"0,000";"0,318";"0,000";"1,541";"0,000";"0,000";"0,000";"0,000";"0,184";"0,698";"0,525";"0,318";"1,541";"0,000";"0,000";"0,000";
"25/09/2024 20:50";"0,615";"0,000";"0,711";"0,000";"0,669";"0,000";"1,995";"0,000";"0,035";"0,000";"0,000";"0,328";"0,615";"0,711";"0,669";"1,995";"0,000";"0,000";"0,000";
"25/09/2024 21:00";"0,484";"0,000";"0,530";"0,000";"0,651";"0,000";"1,666";"0,000";"0,000";"0,000";"0,000";"0,213";"0,484";"0,530";"0,651";"1,666";"0,000";"0,000";"0,000";
"25/09/2024 21:10";"0,488";"0,000";"0,524";"0,000";"0,624";"0,000";"1,636";"0,000";"0,000";"0,000";"0,000";"0,220";"0,488";"0,524";"0,624";"1,636";"0,000";"0,000";"0,000";
"25/09/2024 21:20";"0,528";"0,000";"0,578";"0,000";"0,600";"0,000";"1,706";"0,000";"0,000";"0,000";"0,000";"0,150";"0,528";"0,578";"0,600";"1,706";"0,000";"0,000";"0,000";
"25/09/2024 21:30";"0,634";"0,000";"0,619";"0,000";"0,450";"0,000";"1,704";"0,000";"0,028";"0,000";"0,000";"0,277";"0,634";"0,619";"0,450";"1,704";"0,000";"0,000";"0,000";
"25/09/2024 21:40";"0,744";"0,000";"0,577";"0,000";"0,370";"0,000";"1,691";"0,000";"0,000";"0,000";"0,000";"0,234";"0,744";"0,577";"0,370";"1,691";"0,000";"0,000";"0,000";
"25/09/2024 21:50";"0,568";"0,000";"0,589";"0,000";"0,376";"0,000";"1,533";"0,000";"0,000";"0,000";"0,000";"0,147";"0,568";"0,589";"0,376";"1,533";"0,000";"0,000";"0,000";
"25/09/2024 22:00";"0,489";"0,000";"0,503";"0,000";"0,311";"0,000";"1,302";"0,000";"0,000";"0,000";"0,000";"0,178";"0,489";"0,503";"0,311";"1,302";"0,000";"0,000";"0,000";
"25/09/2024 22:10";"0,465";"0,000";"0,496";"0,000";"0,309";"0,000";"1,270";"0,000";"0,000";"0,000";"0,000";"0,220";"0,465";"0,496";"0,309";"1,270";"0,000";"0,000";"0,000";
"25/09/2024 22:20";"0,610";"0,000";"0,666";"0,000";"0,473";"0,000";"1,749";"0,000";"0,113";"0,000";"0,000";"0,255";"0,610";"0,666";"0,473";"1,749";"0,000";"0,000";"0,000";
"25/09/2024 22:30";"0,557";"0,000";"0,599";"0,000";"0,375";"0,000";"1,531";"0,000";"0,000";"0,000";"0,000";"0,193";"0,557";"0,599";"0,375";"1,531";"0,000";"0,000";"0,000";
"25/09/2024 22:40";"0,449";"0,000";"0,510";"0,000";"0,309";"0,000";"1,269";"0,000";"0,000";"0,000";"0,000";"0,215";"0,449";"0,510";"0,309";"1,269";"0,000";"0,000";"0,000";
"25/09/2024 22:50";"0,640";"0,000";"0,644";"0,000";"0,460";"0,000";"1,744";"0,000";"0,155";"0,000";"0,000";"0,144";"0,640";"0,644";"0,460";"1,744";"0,000";"0,000";"0,000";
"25/09/2024 23:00";"0,526";"0,000";"0,571";"0,000";"0,361";"0,000";"1,458";"0,000";"0,000";"0,000";"0,000";"0,168";"0,526";"0,571";"0,361";"1,458";"0,000";"0,000";"0,000";
"25/09/2024 23:10";"0,615";"0,000";"0,515";"0,000";"0,313";"0,000";"1,443";"0,000";"0,000";"0,000";"0,000";"0,212";"0,615";"0,515";"0,313";"1,443";"0,000";"0,000";"0,000";
"25/09/2024 23:20";"0,667";"0,000";"0,504";"0,000";"0,308";"0,000";"1,479";"0,000";"0,000";"0,000";"0,000";"0,215";"0,667";"0,504";"0,308";"1,479";"0,000";"0,000";"0,000";
"25/09/2024 23:30";"0,578";"0,000";"0,632";"0,000";"0,421";"0,000";"1,631";"0,000";"0,035";"0,000";"0,000";"0,229";"0,578";"0,632";"0,421";"1,631";"0,000";"0,000";"0,000";
"25/09/2024 23:40";"0,572";"0,000";"0,594";"0,000";"0,421";"0,000";"1,588";"0,000";"0,057";"0,000";"0,000";"0,165";"0,572";"0,594";"0,421";"1,588";"0,000";"0,000";"0,000";
"25/09/2024 23:50";"0,475";"0,000";"0,512";"0,000";"0,308";"0,000";"1,295";"0,000";"0,000";"0,000";"0,000";"0,222";"0,475";"0,512";"0,308";"1,295";"0,000";"0,000";"0,000";
"26/09/2024 00:00";"0,534";"0,000";"0,613";"0,000";"0,375";"0,000";"1,522";"0,000";"0,000";"0,000";"0,000";"0,134";"0,534";"0,613";"0,375";"1,522";"0,000";"0,000";"0,000";
"26/09/2024 00:10";"0,463";"0,000";"0,470";"0,000";"0,310";"0,000";"1,243";"0,000";"0,000";"0,000";"0,000";"0,210";"0,463";"0,470";"0,310";"1,243";"0,000";"0,000";"0,000";
"26/09/2024 00:20";"0,570";"0,000";"0,664";"0,000";"0,508";"0,000";"1,742";"0,000";"0,036";"0,000";"0,000";"0,250";"0,570";"0,664";"0,508";"1,742";"0,000";"0,000";"0,000";
"26/09/2024 00:30";"0,534";"0,000";"0,579";"0,000";"0,356";"0,000";"1,470";"0,000";"0,000";"0,000";"0,000";"0,149";"0,534";"0,579";"0,356";"1,470";"0,000";"0,000";"0,000";
"26/09/2024 00:40";"0,466";"0,000";"0,534";"0,000";"0,325";"0,000";"1,325";"0,000";"0,000";"0,000";"0,000";"0,207";"0,466";"0,534";"0,325";"1,325";"0,000";"0,000";"0,000";
"26/09/2024 00:50";"0,664";"0,000";"0,651";"0,000";"0,495";"0,000";"1,811";"0,000";"0,048";"0,000";"0,000";"0,231";"0,664";"0,651";"0,495";"1,811";"0,000";"0,000";"0,000";
"26/09/2024 01:00";"0,605";"0,000";"0,548";"0,000";"0,357";"0,000";"1,509";"0,000";"0,000";"0,000";"0,000";"0,118";"0,605";"0,548";"0,357";"1,509";"0,000";"0,000";"0,000";
"26/09/2024 01:10";"0,546";"0,000";"0,555";"0,000";"0,339";"0,000";"1,441";"0,000";"0,002";"0,000";"0,000";"0,138";"0,546";"0,555";"0,339";"1,441";"0,000";"0,000";"0,000";
"26/09/2024 01:20";"0,787";"0,000";"0,500";"0,000";"0,568";"0,000";"1,855";"0,000";"0,000";"0,000";"0,000";"0,199";"0,787";"0,500";"0,568";"1,855";"0,000";"0,000";"0,000";
"26/09/2024 01:30";"0,691";"0,000";"0,515";"0,000";"0,619";"0,000";"1,824";"0,000";"0,000";"0,000";"0,000";"0,180";"0,691";"0,515";"0,619";"1,824";"0,000";"0,000";"0,000";
"26/09/2024 01:40";"0,758";"0,000";"0,743";"0,000";"0,822";"0,000";"2,323";"0,000";"0,034";"0,000";"0,000";"0,218";"0,758";"0,743";"0,822";"2,323";"0,000";"0,000";"0,000";
"26/09/2024 01:50";"0,580";"0,000";"0,522";"0,000";"0,570";"0,000";"1,672";"0,000";"0,000";"0,000";"0,000";"0,204";"0,580";"0,522";"0,570";"1,672";"0,000";"0,000";"0,000";
"26/09/2024 02:00";"0,556";"0,000";"0,498";"0,000";"0,568";"0,000";"1,623";"0,000";"0,000";"0,000";"0,000";"0,194";"0,556";"0,498";"0,568";"1,623";"0,000";"0,000";"0,000";
"26/09/2024 02:10";"0,603";"0,000";"0,492";"0,000";"0,578";"0,000";"1,672";"0,000";"0,000";"0,000";"0,000";"0,192";"0,603";"0,492";"0,578";"1,672";"0,000";"0,000";"0,000";
"26/09/2024 02:20";"0,740";"0,000";"0,751";"0,000";"0,818";"0,000";"2,309";"0,000";"0,038";"0,000";"0,000";"0,227";"0,740";"0,751";"0,818";"2,309";"0,000";"0,000";"0,000";
"26/09/2024 02:30";"0,588";"0,000";"0,520";"0,000";"0,556";"0,000";"1,664";"0,000";"0,000";"0,000";"0,000";"0,180";"0,588";"0,520";"0,556";"1,664";"0,000";"0,000";"0,000";
"26/09/2024 02:40";"0,481";"0,000";"0,486";"0,000";"0,564";"0,000";"1,531";"0,000";"0,000";"0,000";"0,000";"0,254";"0,481";"0,486";"0,564";"1,531";"0,000";"0,000";"0,000";
"26/09/2024 02:50";"0,649";"0,000";"0,695";"0,000";"0,770";"0,000";"2,113";"0,000";"0,032";"0,000";"0,000";"0,255";"0,649";"0,695";"0,770";"2,113";"0,000";"0,000";"0,000";
"26/09/2024 03:00";"0,492";"0,000";"0,537";"0,000";"0,608";"0,000";"1,637";"0,000";"0,000";"0,000";"0,000";"0,249";"0,492";"0,537";"0,608";"1,637";"0,000";"0,000";"0,000";
"26/09/2024 03:10";"0,446";"0,000";"0,529";"0,000";"0,556";"0,000";"1,531";"0,000";"0,000";"0,000";"0,000";"0,228";"0,446";"0,529";"0,556";"1,531";"0,000";"0,000";"0,000";
"26/09/2024 03:20";"0,546";"0,000";"0,562";"0,000";"0,617";"0,000";"1,726";"0,000";"0,000";"0,000";"0,000";"0,197";"0,546";"0,562";"0,617";"1,726";"0,000";"0,000";"0,000";
"26/09/2024 03:30";"0,455";"0,000";"0,481";"0,000";"0,570";"0,000";"1,506";"0,000";"0,000";"0,000";"0,000";"0,262";"0,455";"0,481";"0,570";"1,506";"0,000";"0,000";"0,000";
"26/09/2024 03:40";"0,607";"0,000";"0,678";"0,000";"0,758";"0,000";"2,043";"0,000";"0,035";"0,000";"0,000";"0,284";"0,607";"0,678";"0,758";"2,043";"0,000";"0,000";"0,000";
"26/09/2024 03:50";"0,782";"0,000";"0,600";"0,000";"0,616";"0,000";"1,997";"0,000";"0,000";"0,000";"0,000";"0,187";"0,782";"0,600";"0,616";"1,997";"0,000";"0,000";"0,000";
"26/09/2024 04:00";"0,590";"0,000";"0,484";"0,000";"0,557";"0,000";"1,631";"0,000";"0,000";"0,000";"0,000";"0,225";"0,590";"0,484";"0,557";"1,631";"0,000";"0,000";"0,000";
"26/09/2024 04:10";"0,481";"0,000";"0,500";"0,000";"0,566";"0,000";"1,547";"0,000";"0,000";"0,000";"0,000";"0,231";"0,481";"0,500";"0,566";"1,547";"0,000";"0,000";"0,000";
"26/09/2024 04:20";"0,625";"0,000";"0,752";"0,000";"0,826";"0,000";"2,203";"0,000";"0,043";"0,000";"0,000";"0,200";"0,625";"0,752";"0,826";"2,203";"0,000";"0,000";"0,000";
"26/09/2024 04:30";"0,476";"0,000";"0,521";"0,000";"0,561";"0,000";"1,557";"0,000";"0,000";"0,000";"0,000";"0,216";"0,476";"0,521";"0,561";"1,557";"0,000";"0,000";"0,000";
"26/09/2024 04:40";"0,463";"0,000";"0,493";"0,000";"0,560";"0,000";"1,517";"0,000";"0,000";"0,000";"0,000";"0,248";"0,463";"0,493";"0,560";"1,517";"0,000";"0,000";"0,000";
"26/09/2024 04:50";"0,535";"0,000";"0,548";"0,000";"0,624";"0,000";"1,707";"0,000";"0,001";"0,000";"0,000";"0,181";"0,535";"0,548";"0,624";"1,707";"0,000";"0,000";"0,000";
"26/09/2024 05:00";"0,579";"0,000";"0,666";"0,000";"0,765";"0,000";"2,010";"0,000";"0,033";"0,000";"0,000";"0,282";"0,579";"0,666";"0,765";"2,010";"0,000";"0,000";"0,000";
"26/09/2024 05:10";"0,461";"0,000";"0,505";"0,000";"0,632";"0,000";"1,598";"0,000";"0,000";"0,000";"0,000";"0,245";"0,461";"0,505";"0,632";"1,598";"0,000";"0,000";"0,000";
"26/09/2024 05:20";"0,532";"0,000";"0,563";"0,000";"0,368";"0,000";"1,463";"0,000";"0,000";"0,000";"0,000";"0,196";"0,532";"0,563";"0,368";"1,463";"0,000";"0,000";"0,000";
"26/09/2024 05:30";"0,805";"0,000";"0,775";"0,000";"0,487";"0,000";"2,068";"0,000";"0,005";"0,000";"0,000";"0,188";"0,805";"0,775";"0,487";"2,068";"0,000";"0,000";"0,000";
"26/09/2024 05:40";"1,736";"0,000";"1,496";"0,000";"1,535";"0,000";"4,767";"0,000";"0,045";"0,000";"0,000";"0,347";"1,736";"1,496";"1,535";"4,767";"0,000";"0,000";"0,000";
"26/09/2024 05:50";"1,909";"0,000";"1,590";"0,000";"1,751";"0,000";"5,250";"0,000";"0,000";"0,000";"0,000";"0,292";"1,909";"1,590";"1,751";"5,250";"0,000";"0,000";"0,000";
"26/09/2024 06:00";"2,583";"0,000";"2,152";"0,000";"2,499";"0,000";"7,234";"0,000";"0,382";"0,000";"0,000";"0,370";"2,583";"2,152";"2,499";"7,234";"0,000";"0,000";"0,000";
"26/09/2024 06:10";"4,727";"0,000";"4,410";"0,000";"4,764";"0,000";"13,900";"0,000";"1,028";"0,000";"0,000";"0,402";"4,727";"4,410";"4,764";"13,900";"0,000";"0,000";"0,000";
"26/09/2024 06:20";"7,561";"0,000";"7,292";"0,000";"7,596";"0,000";"22,449";"0,000";"0,935";"0,000";"0,000";"0,358";"7,561";"7,292";"7,596";"22,449";"0,000";"0,000";"0,000";
"26/09/2024 06:30";"8,038";"0,000";"7,771";"0,000";"7,970";"0,000";"23,779";"0,000";"1,499";"0,000";"0,000";"0,300";"8,038";"7,771";"7,970";"23,779";"0,000";"0,000";"0,000";
"26/09/2024 06:40";"6,923";"0,000";"6,385";"0,000";"6,675";"0,000";"19,984";"0,000";"1,243";"0,000";"0,000";"0,436";"6,923";"6,385";"6,675";"19,984";"0,000";"0,000";"0,000";
"26/09/2024 06:50";"7,597";"0,000";"7,141";"0,000";"7,459";"0,000";"22,197";"0,000";"0,974";"0,000";"0,000";"0,300";"7,597";"7,141";"7,459";"22,197";"0,000";"0,000";"0,000";
"26/09/2024 07:00";"8,006";"0,000";"7,788";"0,000";"8,100";"0,000";"23,894";"0,000";"3,154";"0,000";"0,000";"0,087";"8,006";"7,788";"8,100";"23,894";"0,000";"0,000";"0,000";
"26/09/2024 07:10";"7,571";"0,000";"7,247";"0,000";"7,699";"0,000";"22,517";"0,000";"1,875";"0,000";"0,000";"0,112";"7,571";"7,247";"7,699";"22,517";"0,000";"0,000";"0,000";
"26/09/2024 07:20";"8,575";"0,000";"8,432";"0,000";"8,703";"0,000";"25,710";"0,000";"3,486";"0,000";"0,000";"0,023";"8,575";"8,432";"8,703";"25,710";"0,000";"0,000";"0,000";
"26/09/2024 07:30";"8,320";"0,000";"8,125";"0,000";"8,366";"0,000";"24,812";"0,000";"1,665";"0,000";"0,000";"0,106";"8,320";"8,125";"8,366";"24,812";"0,000";"0,000";"0,000";
"26/09/2024 07:40";"7,760";"0,000";"7,557";"0,000";"7,869";"0,000";"23,187";"0,000";"1,195";"0,000";"0,000";"0,195";"7,760";"7,557";"7,869";"23,187";"0,000";"0,000";"0,000";
"26/09/2024 07:50";"7,575";"0,000";"7,352";"0,000";"7,687";"0,000";"22,614";"0,000";"2,237";"0,000";"0,000";"0,114";"7,575";"7,352";"7,687";"22,614";"0,000";"0,000";"0,000";
"26/09/2024 08:00";"7,765";"0,000";"7,523";"0,000";"7,818";"0,000";"23,106";"0,000";"2,038";"0,000";"0,000";"0,109";"7,765";"7,523";"7,818";"23,106";"0,000";"0,000";"0,000";
"26/09/2024 08:10";"7,348";"0,000";"7,165";"0,000";"7,410";"0,000";"21,924";"0,000";"1,169";"0,000";"0,000";"0,334";"7,348";"7,165";"7,410";"21,924";"0,000";"0,000";"0,000";
"26/09/2024 08:20";"6,873";"0,000";"6,655";"0,000";"6,982";"0,000";"20,510";"0,000";"1,129";"0,000";"0,000";"0,275";"6,873";"6,655";"6,982";"20,510";"0,000";"0,000";"0,000";
"26/09/2024 08:30";"6,769";"0,000";"6,491";"0,000";"6,874";"0,000";"20,134";"0,000";"1,047";"0,000";"0,000";"0,296";"6,769";"6,491";"6,874";"20,134";"0,000";"0,000";"0,000";
"26/09/2024 08:40";"8,006";"0,000";"7,337";"0,000";"7,731";"0,000";"23,073";"0,000";"0,987";"0,000";"0,000";"0,266";"8,006";"7,337";"7,731";"23,073";"0,000";"0,000";"0,000";
"26/09/2024 08:50";"7,751";"0,000";"7,022";"0,000";"7,430";"0,000";"22,203";"0,000";"0,840";"0,000";"0,000";"0,349";"7,751";"7,022";"7,430";"22,203";"0,000";"0,000";"0,000";
"26/09/2024 09:00";"7,595";"0,000";"7,038";"0,000";"7,371";"0,000";"22,004";"0,000";"0,970";"0,000";"0,000";"0,276";"7,595";"7,038";"7,371";"22,004";"0,000";"0,000";"0,000";
"26/09/2024 09:10";"7,688";"0,000";"7,245";"0,000";"7,579";"0,000";"22,513";"0,000";"1,064";"0,000";"0,000";"0,219";"7,688";"7,245";"7,579";"22,513";"0,000";"0,000";"0,000";
"26/09/2024 09:20";"6,950";"0,000";"6,597";"0,000";"6,920";"0,000";"20,468";"0,000";"0,763";"0,000";"0,000";"0,288";"6,950";"6,597";"6,920";"20,468";"0,000";"0,000";"0,000";
"26/09/2024 09:30";"6,218";"0,000";"5,900";"0,000";"6,402";"0,000";"18,520";"0,000";"0,712";"0,000";"0,000";"0,383";"6,218";"5,900";"6,402";"18,520";"0,000";"0,000";"0,000";
"26/09/2024 09:40";"2,991";"0,000";"2,300";"0,000";"2,774";"0,000";"8,065";"0,000";"0,227";"0,000";"0,000";"0,313";"2,991";"2,300";"2,774";"8,065";"0,000";"0,000";"0,000";
"26/09/2024 09:50";"2,543";"0,000";"2,051";"0,000";"2,658";"0,000";"7,252";"0,000";"0,414";"0,000";"0,000";"0,393";"2,543";"2,051";"2,658";"7,252";"0,000";"0,000";"0,000";
"26/09/2024 10:00";"2,411";"0,000";"1,987";"0,000";"2,554";"0,000";"6,952";"0,000";"0,226";"0,000";"0,000";"0,246";"2,560";"2,137";"2,704";"7,401";"0,449";"0,000";"0,449";
"26/09/2024 10:10";"2,074";"0,000";"1,607";"0,000";"2,109";"0,000";"5,790";"0,000";"0,266";"0,000";"0,000";"0,000";"2,288";"1,821";"2,324";"6,433";"0,643";"0,000";"0,643";
"26/09/2024 10:20";"5,996";"0,000";"5,510";"0,000";"6,047";"0,000";"17,553";"0,000";"1,133";"0,000";"0,000";"0,266";"6,231";"5,744";"6,282";"18,256";"0,703";"0,000";"0,703";
"26/09/2024 10:30";"7,953";"0,000";"7,672";"0,000";"8,229";"0,000";"23,854";"0,000";"1,302";"0,000";"0,000";"0,165";"8,622";"8,341";"8,898";"25,860";"2,006";"0,000";"2,006";
"26/09/2024 10:40";"8,418";"0,000";"8,104";"0,000";"8,660";"0,000";"25,182";"0,000";"1,879";"0,000";"0,000";"0,010";"9,045";"8,731";"9,286";"27,062";"1,880";"0,000";"1,880";
"26/09/2024 10:50";"8,115";"0,000";"7,820";"0,000";"8,363";"0,000";"24,298";"0,000";"1,551";"0,000";"0,000";"0,080";"8,786";"8,491";"9,035";"26,312";"2,014";"0,000";"2,014";
"26/09/2024 11:00";"7,795";"0,000";"7,291";"0,000";"7,891";"0,000";"22,977";"0,000";"1,519";"0,000";"0,000";"0,287";"8,716";"8,212";"8,811";"25,739";"2,762";"0,000";"2,762";
"26/09/2024 11:10";"7,785";"0,000";"7,307";"0,000";"7,858";"0,000";"22,950";"0,000";"2,096";"0,000";"0,000";"0,196";"8,764";"8,286";"8,837";"25,886";"2,936";"0,000";"2,936";
"26/09/2024 11:20";"7,060";"0,000";"6,949";"0,000";"7,267";"0,000";"21,276";"0,000";"0,896";"0,000";"0,000";"0,372";"8,089";"7,978";"8,297";"24,364";"3,088";"0,000";"3,088";
"26/09/2024 11:30";"7,677";"0,000";"7,601";"0,000";"7,953";"0,000";"23,231";"0,000";"1,583";"0,000";"0,000";"0,151";"8,262";"8,185";"8,538";"24,984";"1,753";"0,000";"1,753";
"26/09/2024 11:40";"6,619";"0,000";"6,379";"0,000";"6,812";"0,000";"19,810";"0,000";"1,469";"0,000";"0,000";"0,291";"7,065";"6,825";"7,258";"21,147";"1,337";"0,000";"1,337";
"26/09/2024 11:50";"7,377";"0,000";"7,144";"0,000";"7,522";"0,000";"22,043";"0,000";"1,654";"0,000";"0,000";"0,250";"7,741";"7,508";"7,886";"23,135";"1,092";"0,000";"1,092";
"26/09/2024 12:00";"7,895";"0,000";"7,937";"0,000";"8,305";"0,000";"24,137";"0,000";"1,867";"0,000";"0,000";"0,097";"8,437";"8,479";"8,847";"25,764";"1,627";"0,000";"1,627";
"26/09/2024 12:10";"6,099";"0,000";"5,948";"0,000";"6,434";"0,000";"18,482";"0,000";"0,550";"0,000";"0,000";"0,224";"6,864";"6,713";"7,198";"20,776";"2,294";"0,000";"2,294";
"26/09/2024 12:20";"7,361";"0,000";"7,187";"0,000";"7,562";"0,000";"22,110";"0,000";"3,135";"0,000";"0,000";"0,095";"8,253";"8,079";"8,454";"24,786";"2,676";"0,000";"2,676";
"26/09/2024 12:30";"7,612";"0,000";"7,522";"0,000";"7,962";"0,000";"23,096";"0,000";"1,405";"0,000";"0,000";"0,088";"8,962";"8,872";"9,312";"27,146";"4,050";"0,000";"4,050";
"26/09/2024 12:40";"8,349";"0,000";"8,083";"0,000";"8,640";"0,000";"25,073";"0,000";"4,248";"0,000";"0,000";"0,029";"9,741";"9,475";"10,032";"29,248";"4,175";"0,000";"4,175";
"26/09/2024 12:50";"6,674";"0,000";"6,369";"0,000";"6,992";"0,000";"20,035";"0,000";"0,562";"0,000";"0,000";"0,394";"8,068";"7,764";"8,387";"24,219";"4,184";"0,000";"4,184";
"26/09/2024 13:00";"6,878";"0,000";"6,643";"0,000";"7,108";"0,000";"20,629";"0,000";"0,578";"0,000";"0,000";"0,401";"8,313";"8,078";"8,543";"24,935";"4,306";"0,000";"4,306";
"26/09/2024 13:10";"6,845";"0,000";"6,533";"0,000";"7,171";"0,000";"20,549";"0,000";"0,771";"0,000";"0,000";"0,319";"8,310";"7,997";"8,635";"24,942";"4,393";"0,000";"4,393";
"26/09/2024 13:20";"6,192";"0,000";"5,967";"0,000";"6,559";"0,000";"18,718";"0,000";"0,948";"0,000";"0,000";"0,289";"7,648";"7,423";"8,015";"23,087";"4,369";"0,000";"4,369";
"26/09/2024 13:30";"6,284";"0,000";"5,739";"0,000";"6,077";"0,000";"18,100";"0,000";"0,559";"0,000";"0,000";"0,428";"7,767";"7,222";"7,560";"22,550";"4,449";"0,000";"4,449";
"26/09/2024 13:40";"4,203";"0,000";"3,983";"0,000";"4,300";"0,000";"12,486";"0,000";"1,486";"0,000";"0,000";"0,348";"5,672";"5,451";"5,769";"16,891";"4,405";"0,000";"4,405";
"26/09/2024 13:50";"2,920";"0,000";"2,725";"0,000";"3,094";"0,000";"8,739";"0,000";"0,293";"0,000";"0,000";"0,192";"4,475";"4,280";"4,648";"13,403";"4,664";"0,000";"4,664";
"26/09/2024 14:00";"1,601";"0,000";"1,151";"0,000";"1,311";"0,000";"4,063";"0,000";"0,069";"0,000";"0,000";"0,007";"3,079";"2,629";"2,789";"8,497";"4,434";"0,000";"4,434";
"26/09/2024 14:10";"1,556";"0,000";"1,172";"0,000";"1,294";"0,000";"4,022";"0,000";"0,082";"0,000";"0,000";"0,009";"3,052";"2,668";"2,790";"8,510";"4,488";"0,000";"4,488";
"26/09/2024 14:20";"1,790";"0,000";"1,377";"0,000";"1,549";"0,000";"4,716";"0,000";"0,214";"0,000";"0,000";"0,107";"3,264";"2,851";"3,023";"9,138";"4,422";"0,000";"4,422";
"26/09/2024 14:30";"1,605";"0,000";"1,142";"0,000";"1,308";"0,000";"4,056";"0,000";"0,100";"0,000";"0,000";"0,003";"3,083";"2,620";"2,786";"8,488";"4,432";"0,000";"4,432";
"26/09/2024 14:40";"1,618";"0,000";"1,131";"0,000";"1,306";"0,000";"4,055";"0,000";"0,132";"0,000";"0,000";"0,000";"3,089";"2,602";"2,777";"8,468";"4,413";"0,000";"4,413";
"26/09/2024 14:50";"1,562";"0,000";"1,130";"0,000";"1,341";"0,000";"4,033";"0,000";"0,095";"0,000";"0,000";"0,008";"2,787";"2,355";"2,566";"7,707";"3,674";"0,000";"3,674";
"26/09/2024 15:00";"1,624";"0,000";"1,247";"0,000";"1,465";"0,000";"4,337";"0,000";"0,112";"0,000";"0,000";"0,011";"3,117";"2,740";"2,958";"8,815";"4,478";"0,000";"4,478";
"26/09/2024 15:10";"1,535";"0,000";"1,045";"0,000";"1,302";"0,000";"3,882";"0,000";"0,098";"0,000";"0,000";"0,031";"2,888";"2,398";"2,655";"7,942";"4,060";"0,000";"4,060";
"26/09/2024 15:20";"1,578";"0,000";"1,141";"0,000";"1,359";"0,000";"4,079";"0,000";"0,099";"0,000";"0,000";"0,015";"2,236";"1,800";"2,018";"6,054";"1,975";"0,000";"1,975";
"26/09/2024 15:30";"1,657";"0,000";"1,179";"0,000";"1,304";"0,000";"4,140";"0,000";"0,207";"0,000";"0,000";"0,000";"2,355";"1,877";"2,001";"6,232";"2,092";"0,000";"2,092";
"26/09/2024 15:40";"1,952";"0,000";"1,282";"0,000";"1,577";"0,000";"4,812";"0,000";"0,145";"0,000";"0,000";"0,006";"2,868";"2,198";"2,493";"7,558";"2,746";"0,000";"2,746";
"26/09/2024 15:50";"2,496";"0,000";"1,805";"0,000";"2,151";"0,000";"6,452";"0,000";"0,301";"0,000";"0,000";"0,145";"3,800";"3,109";"3,455";"10,364";"3,912";"0,000";"3,912";
"26/09/2024 16:00";"4,328";"0,000";"3,439";"0,000";"3,822";"0,000";"11,589";"0,000";"0,298";"0,000";"0,000";"0,416";"5,650";"4,761";"5,144";"15,556";"3,967";"0,000";"3,967";
"26/09/2024 16:10";"7,243";"0,000";"6,231";"0,000";"6,596";"0,000";"20,070";"0,000";"0,285";"0,000";"0,000";"0,608";"8,362";"7,351";"7,716";"23,429";"3,359";"0,000";"3,359";
"26/09/2024 16:20";"7,352";"0,000";"6,418";"0,000";"6,742";"0,000";"20,511";"0,000";"0,736";"0,000";"0,000";"0,468";"8,173";"7,239";"7,563";"22,975";"2,464";"0,000";"2,464";
"26/09/2024 16:30";"7,269";"0,000";"6,089";"0,000";"6,507";"0,000";"19,865";"0,000";"0,178";"0,000";"0,000";"0,791";"8,008";"6,828";"7,246";"22,082";"2,217";"0,000";"2,217";
"26/09/2024 16:40";"7,195";"0,000";"6,150";"0,000";"6,508";"0,000";"19,853";"0,000";"0,295";"0,000";"0,000";"0,610";"8,265";"7,219";"7,578";"23,062";"3,209";"0,000";"3,209";
"26/09/2024 16:50";"6,972";"0,000";"5,981";"0,000";"6,304";"0,000";"19,256";"0,000";"0,314";"0,000";"0,000";"0,623";"7,406";"6,415";"6,738";"20,558";"1,302";"0,000";"1,302";
"26/09/2024 17:00";"7,336";"0,000";"6,338";"0,000";"6,775";"0,000";"20,450";"0,000";"0,341";"0,000";"0,000";"0,597";"8,321";"7,323";"7,760";"23,405";"2,955";"0,000";"2,955";
"26/09/2024 17:10";"6,751";"0,000";"5,879";"0,000";"6,263";"0,000";"18,893";"0,000";"0,646";"0,000";"0,000";"0,492";"7,654";"6,782";"7,166";"21,602";"2,709";"0,000";"2,709";
"26/09/2024 17:20";"6,199";"0,000";"5,330";"0,000";"5,737";"0,000";"17,266";"0,000";"0,831";"0,000";"0,000";"0,609";"7,162";"6,293";"6,700";"20,154";"2,888";"0,000";"2,888";
"26/09/2024 17:30";"6,538";"0,000";"5,575";"0,000";"6,013";"0,000";"18,127";"0,000";"0,597";"0,000";"0,000";"0,575";"7,426";"6,463";"6,901";"20,791";"2,664";"0,000";"2,664";
"26/09/2024 17:40";"7,151";"0,000";"6,206";"0,000";"6,563";"0,000";"19,920";"0,000";"0,357";"0,000";"0,000";"0,636";"7,980";"7,034";"7,391";"22,406";"2,486";"0,000";"2,486";
"26/09/2024 17:50";"7,094";"0,000";"6,144";"0,000";"6,501";"0,000";"19,739";"0,000";"0,309";"0,000";"0,000";"0,662";"7,854";"6,905";"7,261";"22,021";"2,282";"0,000";"2,282";
"26/09/2024 18:00";"6,794";"0,000";"5,948";"0,000";"6,375";"0,000";"19,117";"0,000";"0,405";"0,000";"0,000";"0,648";"7,484";"6,638";"7,065";"21,188";"2,071";"0,000";"2,071";
"26/09/2024 18:10";"6,562";"0,000";"5,712";"0,000";"6,296";"0,000";"18,570";"0,000";"1,043";"0,000";"0,000";"0,476";"7,177";"6,327";"6,911";"20,415";"1,845";"0,000";"1,845";
"26/09/2024 18:20";"6,611";"0,000";"5,929";"0,000";"6,628";"0,000";"19,168";"0,000";"0,961";"0,000";"0,000";"0,453";"7,125";"6,443";"7,141";"20,709";"1,541";"0,000";"1,541";
"26/09/2024 18:30";"5,919";"0,000";"5,344";"0,000";"5,939";"0,000";"17,202";"0,000";"0,840";"0,000";"0,000";"0,520";"6,332";"5,758";"6,352";"18,442";"1,240";"0,000";"1,240";
"26/09/2024 18:40";"5,622";"0,000";"5,033";"0,000";"5,727";"0,000";"16,382";"0,000";"0,874";"0,000";"0,000";"0,508";"5,928";"5,339";"6,034";"17,301";"0,919";"0,000";"0,919";
"26/09/2024 18:50";"4,427";"0,000";"3,869";"0,000";"4,512";"0,000";"12,809";"0,000";"0,735";"0,000";"0,000";"1,039";"4,746";"4,188";"4,831";"13,766";"0,957";"0,000";"0,957";
"26/09/2024 19:00";"0,934";"0,000";"0,643";"0,000";"1,243";"0,000";"2,820";"0,000";"0,059";"0,000";"0,000";"0,056";"1,177";"0,885";"1,486";"3,548";"0,728";"0,000";"0,728";
"26/09/2024 19:10";"0,754";"0,000";"0,392";"0,000";"0,909";"0,000";"2,054";"0,000";"0,017";"0,000";"0,000";"0,112";"0,963";"0,601";"1,118";"2,681";"0,627";"0,000";"0,627";
"26/09/2024 19:20";"0,597";"0,000";"0,240";"0,000";"0,372";"0,000";"1,209";"0,000";"0,000";"0,000";"0,000";"0,168";"0,759";"0,402";"0,534";"1,695";"0,486";"0,000";"0,486";
"26/09/2024 19:30";"0,632";"0,000";"0,342";"0,000";"0,468";"0,000";"1,442";"0,000";"0,001";"0,000";"0,000";"0,136";"0,750";"0,460";"0,586";"1,796";"0,354";"0,000";"0,354";
"26/09/2024 19:40";"0,560";"0,000";"0,275";"0,000";"0,384";"0,000";"1,220";"0,000";"0,000";"0,000";"0,000";"0,163";"0,628";"0,343";"0,452";"1,424";"0,204";"0,000";"0,204";
"26/09/2024 19:50";"0,593";"0,000";"0,291";"0,000";"0,406";"0,000";"1,290";"0,000";"0,000";"0,000";"0,000";"0,152";"0,633";"0,331";"0,446";"1,410";"0,120";"0,000";"0,120";
"26/09/2024 20:00";"0,601";"0,000";"0,281";"0,000";"0,417";"0,000";"1,299";"0,000";"0,000";"0,000";"0,000";"0,148";"0,619";"0,299";"0,435";"1,353";"0,054";"0,000";"0,054";
"26/09/2024 20:10";"0,554";"0,000";"0,268";"0,000";"0,391";"0,000";"1,213";"0,000";"0,000";"0,000";"0,000";"0,172";"0,561";"0,274";"0,397";"1,232";"0,019";"0,000";"0,019";
"26/09/2024 20:20";"0,615";"0,000";"0,340";"0,000";"0,450";"0,000";"1,405";"0,000";"0,002";"0,000";"0,000";"0,142";"0,616";"0,341";"0,450";"1,407";"0,002";"0,000";"0,002";
"26/09/2024 20:30";"0,793";"0,000";"0,278";"0,000";"0,408";"0,000";"1,478";"0,000";"0,000";"0,000";"0,000";"0,163";"0,793";"0,278";"0,408";"1,478";"0,000";"0,000";"0,000";
"26/09/2024 20:40";"0,630";"0,000";"0,389";"0,000";"0,490";"0,000";"1,509";"0,000";"0,000";"0,000";"0,000";"0,270";"0,630";"0,389";"0,490";"1,509";"0,000";"0,000";"0,000";
"26/09/2024 20:50";"0,694";"0,000";"0,420";"0,000";"0,519";"0,000";"1,634";"0,000";"0,000";"0,000";"0,000";"0,278";"0,694";"0,420";"0,519";"1,634";"0,000";"0,000";"0,000";
"26/09/2024 21:00";"0,802";"0,000";"0,491";"0,000";"0,577";"0,000";"1,870";"0,000";"0,000";"0,000";"0,000";"0,249";"0,802";"0,491";"0,577";"1,870";"0,000";"0,000";"0,000";
"26/09/2024 21:10";"0,754";"0,000";"0,480";"0,000";"0,568";"0,000";"1,801";"0,000";"0,000";"0,000";"0,000";"0,251";"0,754";"0,480";"0,568";"1,801";"0,000";"0,000";"0,000";
"26/09/2024 21:20";"0,902";"0,000";"0,426";"0,000";"0,542";"0,000";"1,870";"0,000";"0,000";"0,000";"0,000";"0,325";"0,902";"0,426";"0,542";"1,870";"0,000";"0,000";"0,000";
"26/09/2024 21:30";"0,488";"0,000";"0,418";"0,000";"0,514";"0,000";"1,420";"0,000";"0,000";"0,000";"0,000";"0,274";"0,488";"0,418";"0,514";"1,420";"0,000";"0,000";"0,000";
"26/09/2024 21:40";"0,425";"0,000";"0,430";"0,000";"0,536";"0,000";"1,391";"0,000";"0,000";"0,000";"0,000";"0,280";"0,425";"0,430";"0,536";"1,391";"0,000";"0,000";"0,000";
"26/09/2024 21:50";"0,771";"0,000";"0,414";"0,000";"0,528";"0,000";"1,714";"0,000";"0,000";"0,000";"0,000";"0,304";"0,771";"0,414";"0,528";"1,714";"0,000";"0,000";"0,000";
"26/09/2024 22:00";"0,878";"0,000";"0,389";"0,000";"0,586";"0,000";"1,853";"0,000";"0,000";"0,000";"0,000";"0,308";"0,878";"0,389";"0,586";"1,853";"0,000";"0,000";"0,000";
"26/09/2024 22:10";"0,683";"0,000";"0,412";"0,000";"0,527";"0,000";"1,622";"0,000";"0,000";"0,000";"0,000";"0,287";"0,683";"0,412";"0,527";"1,622";"0,000";"0,000";"0,000";
"26/09/2024 22:20";"0,551";"0,000";"0,423";"0,000";"0,387";"0,000";"1,361";"0,000";"0,000";"0,000";"0,000";"0,278";"0,551";"0,423";"0,387";"1,361";"0,000";"0,000";"0,000";
"26/09/2024 22:30";"0,532";"0,000";"0,428";"0,000";"0,258";"0,000";"1,217";"0,000";"0,000";"0,000";"0,000";"0,267";"0,532";"0,428";"0,258";"1,217";"0,000";"0,000";"0,000";
"26/09/2024 22:40";"0,542";"0,000";"0,512";"0,000";"0,352";"0,000";"1,406";"0,000";"0,000";"0,000";"0,000";"0,165";"0,542";"0,512";"0,352";"1,406";"0,000";"0,000";"0,000";
"26/09/2024 22:50";"0,466";"0,000";"0,449";"0,000";"0,285";"0,000";"1,201";"0,000";"0,000";"0,000";"0,000";"0,245";"0,466";"0,449";"0,285";"1,201";"0,000";"0,000";"0,000";
"26/09/2024 23:00";"0,804";"0,000";"0,480";"0,000";"0,297";"0,000";"1,581";"0,000";"0,000";"0,000";"0,000";"0,228";"0,804";"0,480";"0,297";"1,581";"0,000";"0,000";"0,000";
"26/09/2024 23:10";"0,418";"0,000";"0,423";"0,000";"0,256";"0,000";"1,098";"0,000";"0,000";"0,000";"0,000";"0,270";"0,418";"0,423";"0,256";"1,098";"0,000";"0,000";"0,000";
"26/09/2024 23:20";"0,664";"0,000";"0,395";"0,000";"0,258";"0,000";"1,317";"0,000";"0,000";"0,000";"0,000";"0,253";"0,664";"0,395";"0,258";"1,317";"0,000";"0,000";"0,000";
"26/09/2024 23:30";"0,578";"0,000";"0,413";"0,000";"0,257";"0,000";"1,248";"0,000";"0,000";"0,000";"0,000";"0,291";"0,578";"0,413";"0,257";"1,248";"0,000";"0,000";"0,000";
"26/09/2024 23:40";"0,972";"0,000";"0,432";"0,000";"0,260";"0,000";"1,664";"0,000";"0,000";"0,000";"0,000";"0,257";"0,972";"0,432";"0,260";"1,664";"0,000";"0,000";"0,000";
"26/09/2024 23:50";"0,950";"0,000";"0,427";"0,000";"0,259";"0,000";"1,636";"0,000";"0,000";"0,000";"0,000";"0,287";"0,950";"0,427";"0,259";"1,636";"0,000";"0,000";"0,000";
"27/09/2024 00:00";"0,437";"0,000";"0,396";"0,000";"0,257";"0,000";"1,090";"0,000";"0,000";"0,000";"0,000";"0,261";"0,437";"0,396";"0,257";"1,090";"0,000";"0,000";"0,000";
"27/09/2024 00:10";"0,422";"0,000";"0,401";"0,000";"0,257";"0,000";"1,080";"0,000";"0,000";"0,000";"0,000";"0,274";"0,422";"0,401";"0,257";"1,080";"0,000";"0,000";"0,000";
"27/09/2024 00:20";"0,450";"0,000";"0,430";"0,000";"0,257";"0,000";"1,137";"0,000";"0,000";"0,000";"0,000";"0,247";"0,450";"0,430";"0,257";"1,137";"0,000";"0,000";"0,000";
"27/09/2024 00:30";"0,804";"0,000";"0,425";"0,000";"0,257";"0,000";"1,487";"0,000";"0,000";"0,000";"0,000";"0,288";"0,804";"0,425";"0,257";"1,487";"0,000";"0,000";"0,000";
"27/09/2024 00:40";"0,962";"0,000";"0,415";"0,000";"0,257";"0,000";"1,634";"0,000";"0,000";"0,000";"0,000";"0,279";"0,962";"0,415";"0,257";"1,634";"0,000";"0,000";"0,000";
"27/09/2024 00:50";"0,469";"0,000";"0,404";"0,000";"0,261";"0,000";"1,135";"0,000";"0,000";"0,000";"0,000";"0,260";"0,469";"0,404";"0,261";"1,135";"0,000";"0,000";"0,000";
"27/09/2024 01:00";"0,631";"0,000";"0,428";"0,000";"0,256";"0,000";"1,314";"0,000";"0,000";"0,000";"0,000";"0,254";"0,631";"0,428";"0,256";"1,314";"0,000";"0,000";"0,000";
"27/09/2024 01:10";"0,625";"0,000";"0,428";"0,000";"0,255";"0,000";"1,308";"0,000";"0,000";"0,000";"0,000";"0,286";"0,625";"0,428";"0,255";"1,308";"0,000";"0,000";"0,000";
"27/09/2024 01:20";"0,950";"0,000";"0,390";"0,000";"0,256";"0,000";"1,595";"0,000";"0,000";"0,000";"0,000";"0,289";"0,950";"0,390";"0,256";"1,595";"0,000";"0,000";"0,000";
"27/09/2024 01:30";"0,862";"0,000";"0,401";"0,000";"0,256";"0,000";"1,518";"0,000";"0,000";"0,000";"0,000";"0,286";"0,862";"0,401";"0,256";"1,518";"0,000";"0,000";"0,000";
"27/09/2024 01:40";"0,429";"0,000";"0,431";"0,000";"0,255";"0,000";"1,115";"0,000";"0,000";"0,000";"0,000";"0,272";"0,429";"0,431";"0,255";"1,115";"0,000";"0,000";"0,000";
"27/09/2024 01:50";"0,419";"0,000";"0,421";"0,000";"0,263";"0,000";"1,104";"0,000";"0,000";"0,000";"0,000";"0,269";"0,419";"0,421";"0,263";"1,104";"0,000";"0,000";"0,000";
"27/09/2024 02:00";"0,605";"0,000";"0,395";"0,000";"0,447";"0,000";"1,446";"0,000";"0,000";"0,000";"0,000";"0,294";"0,605";"0,395";"0,447";"1,446";"0,000";"0,000";"0,000";
"27/09/2024 02:10";"0,982";"0,000";"0,436";"0,000";"0,623";"0,000";"2,041";"0,000";"0,000";"0,000";"0,000";"0,294";"0,982";"0,436";"0,623";"2,041";"0,000";"0,000";"0,000";
"27/09/2024 02:20";"0,723";"0,000";"0,433";"0,000";"0,530";"0,000";"1,687";"0,000";"0,000";"0,000";"0,000";"0,310";"0,723";"0,433";"0,530";"1,687";"0,000";"0,000";"0,000";
"27/09/2024 02:30";"0,437";"0,000";"0,400";"0,000";"0,548";"0,000";"1,385";"0,000";"0,000";"0,000";"0,000";"0,280";"0,437";"0,400";"0,548";"1,385";"0,000";"0,000";"0,000";
"27/09/2024 02:40";"0,532";"0,000";"0,422";"0,000";"0,552";"0,000";"1,506";"0,000";"0,000";"0,000";"0,000";"0,302";"0,532";"0,422";"0,552";"1,506";"0,000";"0,000";"0,000";
"27/09/2024 02:50";"0,962";"0,000";"0,431";"0,000";"0,540";"0,000";"1,933";"0,000";"0,000";"0,000";"0,000";"0,297";"0,962";"0,431";"0,540";"1,933";"0,000";"0,000";"0,000";
"27/09/2024 03:00";"0,967";"0,000";"0,425";"0,000";"0,543";"0,000";"1,935";"0,000";"0,000";"0,000";"0,000";"0,311";"0,967";"0,425";"0,543";"1,935";"0,000";"0,000";"0,000";
"27/09/2024 03:10";"0,609";"0,000";"0,393";"0,000";"0,540";"0,000";"1,542";"0,000";"0,000";"0,000";"0,000";"0,299";"0,609";"0,393";"0,540";"1,542";"0,000";"0,000";"0,000";
"27/09/2024 03:20";"0,428";"0,000";"0,410";"0,000";"0,548";"0,000";"1,386";"0,000";"0,000";"0,000";"0,000";"0,290";"0,428";"0,410";"0,548";"1,386";"0,000";"0,000";"0,000";
"27/09/2024 03:30";"0,738";"0,000";"0,432";"0,000";"0,544";"0,000";"1,714";"0,000";"0,000";"0,000";"0,000";"0,306";"0,738";"0,432";"0,544";"1,714";"0,000";"0,000";"0,000";
"27/09/2024 03:40";"0,962";"0,000";"0,421";"0,000";"0,532";"0,000";"1,915";"0,000";"0,000";"0,000";"0,000";"0,306";"0,962";"0,421";"0,532";"1,915";"0,000";"0,000";"0,000";
"27/09/2024 03:50";"0,659";"0,000";"0,395";"0,000";"0,543";"0,000";"1,598";"0,000";"0,000";"0,000";"0,000";"0,323";"0,659";"0,395";"0,543";"1,598";"0,000";"0,000";"0,000";
"27/09/2024 04:00";"0,457";"0,000";"0,401";"0,000";"0,550";"0,000";"1,408";"0,000";"0,000";"0,000";"0,000";"0,280";"0,457";"0,401";"0,550";"1,408";"0,000";"0,000";"0,000";
"27/09/2024 04:10";"0,444";"0,000";"0,425";"0,000";"0,560";"0,000";"1,430";"0,000";"0,000";"0,000";"0,000";"0,296";"0,444";"0,425";"0,560";"1,430";"0,000";"0,000";"0,000";
"27/09/2024 04:20";"0,964";"0,000";"0,432";"0,000";"0,546";"0,000";"1,942";"0,000";"0,000";"0,000";"0,000";"0,295";"0,964";"0,432";"0,546";"1,942";"0,000";"0,000";"0,000";
"27/09/2024 04:30";"0,941";"0,000";"0,411";"0,000";"0,538";"0,000";"1,890";"0,000";"0,000";"0,000";"0,000";"0,324";"0,941";"0,411";"0,538";"1,890";"0,000";"0,000";"0,000";
"27/09/2024 04:40";"0,471";"0,000";"0,397";"0,000";"0,550";"0,000";"1,418";"0,000";"0,000";"0,000";"0,000";"0,288";"0,471";"0,397";"0,550";"1,418";"0,000";"0,000";"0,000";
"27/09/2024 04:50";"0,412";"0,000";"0,408";"0,000";"0,553";"0,000";"1,373";"0,000";"0,000";"0,000";"0,000";"0,294";"0,412";"0,408";"0,553";"1,373";"0,000";"0,000";"0,000";
"27/09/2024 05:00";"0,583";"0,000";"0,429";"0,000";"0,541";"0,000";"1,553";"0,000";"0,000";"0,000";"0,000";"0,285";"0,583";"0,429";"0,541";"1,553";"0,000";"0,000";"0,000";
"27/09/2024 05:10";"0,958";"0,000";"0,417";"0,000";"0,540";"0,000";"1,914";"0,000";"0,000";"0,000";"0,000";"0,317";"0,958";"0,417";"0,540";"1,914";"0,000";"0,000";"0,000";
"27/09/2024 05:20";"1,087";"0,000";"0,407";"0,000";"0,535";"0,000";"2,029";"0,000";"0,000";"0,000";"0,000";"0,314";"1,087";"0,407";"0,535";"2,029";"0,000";"0,000";"0,000";
"27/09/2024 05:30";"1,165";"0,000";"0,888";"0,000";"0,912";"0,000";"2,965";"0,000";"0,022";"0,000";"0,000";"0,168";"1,165";"0,888";"0,912";"2,965";"0,000";"0,000";"0,000";
"27/09/2024 05:40";"1,742";"0,000";"1,331";"0,000";"1,899";"0,000";"4,971";"0,000";"0,000";"0,000";"0,000";"0,159";"1,742";"1,331";"1,899";"4,971";"0,000";"0,000";"0,000";
"27/09/2024 05:50";"2,099";"0,000";"1,456";"0,000";"1,938";"0,000";"5,493";"0,000";"0,000";"0,000";"0,000";"0,257";"2,099";"1,456";"1,938";"5,493";"0,000";"0,000";"0,000";
"27/09/2024 06:00";"3,315";"0,000";"2,386";"0,000";"3,061";"0,000";"8,762";"0,000";"0,719";"0,000";"0,000";"0,541";"3,315";"2,386";"3,061";"8,762";"0,000";"0,000";"0,000";
"27/09/2024 06:10";"6,733";"0,000";"6,035";"0,000";"6,536";"0,000";"19,304";"0,000";"1,619";"0,000";"0,000";"0,233";"6,733";"6,035";"6,536";"19,304";"0,000";"0,000";"0,000";
"27/09/2024 06:20";"7,869";"0,000";"7,484";"0,000";"8,089";"0,000";"23,442";"0,000";"1,275";"0,000";"0,000";"0,239";"7,869";"7,484";"8,089";"23,442";"0,000";"0,000";"0,000";
"27/09/2024 06:30";"8,171";"0,000";"7,707";"0,000";"8,591";"0,000";"24,468";"0,000";"1,857";"0,000";"0,000";"0,113";"8,171";"7,707";"8,591";"24,468";"0,000";"0,000";"0,000";
"27/09/2024 06:40";"8,556";"0,000";"7,972";"0,000";"8,566";"0,000";"25,094";"0,000";"2,621";"0,000";"0,000";"0,155";"8,556";"7,972";"8,566";"25,094";"0,000";"0,000";"0,000";
"27/09/2024 06:50";"8,446";"0,000";"7,225";"0,000";"7,783";"0,000";"23,454";"0,000";"1,813";"0,000";"0,000";"0,220";"8,446";"7,225";"7,783";"23,454";"0,000";"0,000";"0,000";
"27/09/2024 07:00";"7,899";"0,000";"7,012";"0,000";"7,659";"0,000";"22,570";"0,000";"1,835";"0,000";"0,000";"0,218";"7,899";"7,012";"7,659";"22,570";"0,000";"0,000";"0,000";
"27/09/2024 07:10";"6,543";"0,000";"6,117";"0,000";"6,761";"0,000";"19,421";"0,000";"0,876";"0,000";"0,000";"0,375";"6,543";"6,117";"6,761";"19,421";"0,000";"0,000";"0,000";
"27/09/2024 07:20";"6,662";"0,000";"6,114";"0,000";"6,861";"0,000";"19,636";"0,000";"1,185";"0,000";"0,000";"0,363";"6,662";"6,114";"6,861";"19,636";"0,000";"0,000";"0,000";
"27/09/2024 07:30";"6,728";"0,000";"5,819";"0,000";"6,438";"0,000";"18,985";"0,000";"0,395";"0,000";"0,000";"0,677";"6,728";"5,819";"6,438";"18,985";"0,000";"0,000";"0,000";
"27/09/2024 07:40";"6,998";"0,000";"6,007";"0,000";"6,515";"0,000";"19,520";"0,000";"1,593";"0,000";"0,000";"0,463";"6,998";"6,007";"6,515";"19,520";"0,000";"0,000";"0,000";
"27/09/2024 07:50";"7,517";"0,000";"6,835";"0,000";"7,401";"0,000";"21,753";"0,000";"1,733";"0,000";"0,000";"0,280";"7,517";"6,835";"7,401";"21,753";"0,000";"0,000";"0,000";
"27/09/2024 08:00";"7,287";"0,000";"6,968";"0,000";"7,552";"0,000";"21,808";"0,000";"0,892";"0,000";"0,000";"0,417";"7,287";"6,968";"7,552";"21,808";"0,000";"0,000";"0,000";
"27/09/2024 08:10";"7,445";"0,000";"7,032";"0,000";"7,554";"0,000";"22,031";"0,000";"0,705";"0,000";"0,000";"0,416";"7,445";"7,032";"7,554";"22,031";"0,000";"0,000";"0,000";
"27/09/2024 08:20";"8,654";"0,000";"7,719";"0,000";"8,214";"0,000";"24,587";"0,000";"3,574";"0,000";"0,000";"0,097";"8,654";"7,719";"8,214";"24,587";"0,000";"0,000";"0,000";
"27/09/2024 08:30";"7,476";"0,000";"6,230";"0,000";"6,904";"0,000";"20,610";"0,000";"1,015";"0,000";"0,000";"0,444";"7,476";"6,230";"6,904";"20,610";"0,000";"0,000";"0,000";
"27/09/2024 08:40";"8,526";"0,000";"7,850";"0,000";"8,280";"0,000";"24,656";"0,000";"2,453";"0,000";"0,000";"0,094";"8,526";"7,850";"8,280";"24,656";"0,000";"0,000";"0,000";
"27/09/2024 08:50";"8,289";"0,000";"8,025";"0,000";"8,607";"0,000";"24,922";"0,000";"3,203";"0,000";"0,000";"0,006";"8,289";"8,025";"8,607";"24,922";"0,000";"0,000";"0,000";
"27/09/2024 09:00";"8,326";"0,000";"7,911";"0,000";"8,403";"0,000";"24,640";"0,000";"3,120";"0,000";"0,000";"0,018";"8,390";"7,975";"8,467";"24,831";"0,191";"0,000";"0,191";
"27/09/2024 09:10";"8,293";"0,000";"7,912";"0,000";"8,370";"0,000";"24,575";"0,000";"2,234";"0,000";"0,000";"0,104";"8,404";"8,023";"8,480";"24,907";"0,332";"0,000";"0,332";
"27/09/2024 09:20";"8,918";"0,000";"8,074";"0,000";"8,642";"0,000";"25,635";"0,000";"1,688";"0,000";"0,000";"0,118";"9,018";"8,174";"8,742";"25,935";"0,300";"0,000";"0,300";
"27/09/2024 09:30";"8,081";"0,000";"7,301";"0,000";"7,848";"0,000";"23,230";"0,000";"0,897";"0,000";"0,000";"0,205";"8,233";"7,453";"8,001";"23,687";"0,457";"0,000";"0,457";
"27/09/2024 09:40";"7,075";"0,000";"6,842";"0,000";"7,460";"0,000";"21,376";"0,000";"1,211";"0,000";"0,000";"0,235";"7,203";"6,970";"7,588";"21,760";"0,384";"0,000";"0,384";
"27/09/2024 09:50";"7,578";"0,000";"7,414";"0,000";"7,702";"0,000";"22,694";"0,000";"1,223";"0,000";"0,000";"0,120";"7,740";"7,576";"7,864";"23,180";"0,486";"0,000";"0,486";
"27/09/2024 10:00";"7,557";"0,000";"6,935";"0,000";"7,076";"0,000";"21,568";"0,000";"0,711";"0,000";"0,000";"0,147";"7,682";"7,060";"7,201";"21,943";"0,375";"0,000";"0,375";
"27/09/2024 10:10";"7,758";"0,000";"6,959";"0,000";"7,070";"0,000";"21,786";"0,000";"0,786";"0,000";"0,000";"0,169";"7,865";"7,066";"7,177";"22,109";"0,323";"0,000";"0,323";
"27/09/2024 10:20";"8,313";"0,000";"7,509";"0,000";"7,603";"0,000";"23,425";"0,000";"1,070";"0,000";"0,000";"0,164";"8,466";"7,661";"7,755";"23,882";"0,457";"0,000";"0,457";
"27/09/2024 10:30";"9,130";"0,000";"8,646";"0,000";"8,862";"0,000";"26,638";"0,000";"3,249";"0,000";"0,000";"0,015";"9,665";"9,181";"9,397";"28,243";"1,605";"0,000";"1,605";
"27/09/2024 10:40";"7,351";"0,000";"6,972";"0,000";"7,371";"0,000";"21,694";"0,000";"2,369";"0,000";"0,000";"0,174";"7,954";"7,576";"7,974";"23,504";"1,810";"0,000";"1,810";
"27/09/2024 10:50";"9,107";"0,000";"8,418";"0,000";"8,665";"0,000";"26,190";"0,000";"4,520";"0,000";"0,000";"0,010";"9,855";"9,165";"9,413";"28,433";"2,243";"0,000";"2,243";
"27/09/2024 11:00";"10,048";"0,000";"8,978";"0,000";"9,064";"0,000";"28,090";"0,000";"3,093";"0,000";"0,000";"0,000";"11,210";"10,139";"10,226";"31,575";"3,485";"0,000";"3,485";
"27/09/2024 11:10";"9,692";"0,000";"9,107";"0,000";"9,496";"0,000";"28,295";"0,000";"5,377";"0,000";"0,000";"0,000";"9,892";"9,307";"9,695";"28,894";"0,599";"0,000";"0,599";
"27/09/2024 11:20";"9,495";"0,000";"8,936";"0,000";"9,347";"0,000";"27,778";"0,000";"5,117";"0,000";"0,000";"0,000";"9,626";"9,067";"9,478";"28,171";"0,393";"0,000";"0,393";
"27/09/2024 11:30";"8,767";"0,000";"8,014";"0,000";"8,395";"0,000";"25,176";"0,000";"3,247";"0,000";"0,000";"0,026";"9,851";"9,098";"9,479";"28,429";"3,253";"0,000";"3,253";
"27/09/2024 11:40";"9,787";"0,000";"9,149";"0,000";"9,114";"0,000";"28,049";"0,000";"6,719";"0,000";"0,000";"0,000";"10,858";"10,220";"10,185";"31,262";"3,213";"0,000";"3,213";
"27/09/2024 11:50";"9,475";"0,000";"8,613";"0,000";"8,768";"0,000";"26,855";"0,000";"4,963";"0,000";"0,000";"0,000";"9,579";"8,717";"8,872";"27,168";"0,312";"0,000";"0,312";
"27/09/2024 12:00";"8,449";"0,000";"7,649";"0,000";"8,137";"0,000";"24,234";"0,000";"2,074";"0,000";"0,000";"0,081";"8,650";"7,850";"8,339";"24,839";"0,605";"0,000";"0,605";
"27/09/2024 12:10";"7,587";"0,000";"6,706";"0,000";"7,195";"0,000";"21,488";"0,000";"1,234";"0,000";"0,000";"0,155";"8,070";"7,189";"7,677";"22,936";"1,448";"0,000";"1,448";
"27/09/2024 12:20";"9,472";"0,000";"9,083";"0,000";"9,211";"0,000";"27,766";"0,000";"5,472";"0,000";"0,000";"0,026";"10,553";"10,164";"10,291";"31,008";"3,242";"0,000";"3,242";
"27/09/2024 12:30";"8,551";"0,000";"8,150";"0,000";"8,526";"0,000";"25,227";"0,000";"2,379";"0,000";"0,000";"0,007";"9,717";"9,315";"9,692";"28,724";"3,497";"0,000";"3,497";
"27/09/2024 12:40";"9,155";"0,000";"8,555";"0,000";"9,028";"0,000";"26,739";"0,000";"2,267";"0,000";"0,000";"0,025";"10,450";"9,850";"10,322";"30,622";"3,883";"0,000";"3,883";
"27/09/2024 12:50";"10,455";"0,000";"9,646";"0,000";"9,954";"0,000";"30,055";"0,000";"1,741";"0,000";"0,000";"0,055";"11,711";"10,902";"11,210";"33,823";"3,768";"0,000";"3,768";
"27/09/2024 13:00";"10,723";"0,000";"10,404";"0,000";"10,471";"0,000";"31,598";"0,000";"3,758";"0,000";"0,000";"0,024";"12,127";"11,808";"11,874";"35,809";"4,211";"0,000";"4,211";
"27/09/2024 13:10";"9,391";"0,000";"9,152";"0,000";"9,277";"0,000";"27,819";"0,000";"4,312";"0,000";"0,000";"0,001";"10,828";"10,590";"10,715";"32,132";"4,313";"0,000";"4,313";
"27/09/2024 13:20";"8,983";"0,000";"8,140";"0,000";"8,392";"0,000";"25,516";"0,000";"4,267";"0,000";"0,000";"0,050";"10,374";"9,530";"9,783";"29,687";"4,171";"0,000";"4,171";
"27/09/2024 13:30";"7,302";"0,000";"6,263";"0,000";"6,655";"0,000";"20,220";"0,000";"0,865";"0,000";"0,000";"0,350";"8,961";"7,923";"8,315";"25,199";"4,979";"0,000";"4,979";
"27/09/2024 13:40";"7,605";"0,000";"6,722";"0,000";"7,036";"0,000";"21,364";"0,000";"1,560";"0,000";"0,000";"0,226";"8,306";"7,424";"7,738";"23,468";"2,104";"0,000";"2,104";
"27/09/2024 13:50";"7,503";"0,000";"6,864";"0,000";"7,243";"0,000";"21,610";"0,000";"1,404";"0,000";"0,000";"0,206";"8,882";"8,243";"8,622";"25,747";"4,137";"0,000";"4,137";
"27/09/2024 14:00";"6,862";"0,000";"6,318";"0,000";"6,671";"0,000";"19,851";"0,000";"1,468";"0,000";"0,000";"0,213";"8,196";"7,653";"8,005";"23,854";"4,003";"0,000";"4,003";
"27/09/2024 14:10";"7,587";"0,000";"6,696";"0,000";"7,039";"0,000";"21,321";"0,000";"1,415";"0,000";"0,000";"0,218";"9,004";"8,113";"8,457";"25,573";"4,252";"0,000";"4,252";
"27/09/2024 14:20";"7,323";"0,000";"6,375";"0,000";"6,738";"0,000";"20,435";"0,000";"0,944";"0,000";"0,000";"0,397";"8,779";"7,832";"8,194";"24,805";"4,370";"0,000";"4,370";
"27/09/2024 14:30";"6,937";"0,000";"6,306";"0,000";"6,621";"0,000";"19,864";"0,000";"1,625";"0,000";"0,000";"0,209";"8,417";"7,786";"8,102";"24,305";"4,441";"0,000";"4,441";
"27/09/2024 14:40";"7,148";"0,000";"6,540";"0,000";"6,784";"0,000";"20,471";"0,000";"0,804";"0,000";"0,000";"0,377";"8,548";"7,940";"8,184";"24,671";"4,200";"0,000";"4,200";
"27/09/2024 14:50";"3,907";"0,000";"3,443";"0,000";"3,332";"0,000";"10,681";"0,000";"1,014";"0,000";"0,000";"0,280";"5,211";"4,747";"4,637";"14,595";"3,914";"0,000";"3,914";
"27/09/2024 15:00";"2,307";"0,000";"1,680";"0,000";"1,493";"0,000";"5,480";"0,000";"1,082";"0,000";"0,000";"0,000";"3,721";"3,094";"2,907";"9,722";"4,242";"0,000";"4,242";
"27/09/2024 15:10";"2,639";"0,000";"1,881";"0,000";"1,682";"0,000";"6,203";"0,000";"0,852";"0,000";"0,000";"0,073";"3,985";"3,227";"3,028";"10,241";"4,038";"0,000";"4,038";
"27/09/2024 15:20";"2,626";"0,000";"1,891";"0,000";"1,637";"0,000";"6,154";"0,000";"0,883";"0,000";"0,000";"0,061";"3,543";"2,808";"2,554";"8,905";"2,751";"0,000";"2,751";
"27/09/2024 15:30";"2,207";"0,000";"1,989";"0,000";"1,541";"0,000";"5,737";"0,000";"0,818";"0,000";"0,000";"0,013";"2,769";"2,551";"2,104";"7,424";"1,687";"0,000";"1,687";
"27/09/2024 15:40";"3,038";"0,000";"2,653";"0,000";"2,292";"0,000";"7,983";"0,000";"0,772";"0,000";"0,000";"0,073";"3,585";"3,200";"2,839";"9,624";"1,641";"0,000";"1,641";
"27/09/2024 15:50";"3,041";"0,000";"2,056";"0,000";"1,850";"0,000";"6,947";"0,000";"0,447";"0,000";"0,000";"0,055";"4,177";"3,191";"2,985";"10,352";"3,405";"0,000";"3,405";
"27/09/2024 16:00";"3,294";"0,000";"2,308";"0,000";"2,141";"0,000";"7,743";"0,000";"0,632";"0,000";"0,000";"0,023";"4,623";"3,637";"3,470";"11,729";"3,986";"0,000";"3,986";
"27/09/2024 16:10";"2,592";"0,000";"2,288";"0,000";"1,916";"0,000";"6,797";"0,000";"0,556";"0,000";"0,000";"0,018";"3,493";"3,189";"2,817";"9,500";"2,703";"0,000";"2,703";
"27/09/2024 16:20";"2,456";"0,000";"2,064";"0,000";"1,698";"0,000";"6,219";"0,000";"0,451";"0,000";"0,000";"0,053";"3,246";"2,854";"2,487";"8,587";"2,368";"0,000";"2,368";
"27/09/2024 16:30";"2,897";"0,000";"2,303";"0,000";"1,958";"0,000";"7,158";"0,000";"0,425";"0,000";"0,000";"0,111";"3,667";"3,073";"2,728";"9,469";"2,311";"0,000";"2,311";
"27/09/2024 16:40";"2,902";"0,000";"2,035";"0,000";"1,669";"0,000";"6,606";"0,000";"0,644";"0,000";"0,000";"0,027";"4,061";"3,193";"2,827";"10,081";"3,475";"0,000";"3,475";
"27/09/2024 16:50";"3,028";"0,000";"2,432";"0,000";"2,077";"0,000";"7,537";"0,000";"0,526";"0,000";"0,000";"0,040";"4,113";"3,517";"3,161";"10,791";"3,254";"0,000";"3,254";
"27/09/2024 17:00";"2,714";"0,000";"2,312";"0,000";"2,016";"0,000";"7,042";"0,000";"0,454";"0,000";"0,000";"0,035";"3,730";"3,328";"3,032";"10,089";"3,047";"0,000";"3,047";
"27/09/2024 17:10";"2,647";"0,000";"2,106";"0,000";"1,771";"0,000";"6,524";"0,000";"0,327";"0,000";"0,000";"0,016";"3,642";"3,101";"2,766";"9,509";"2,985";"0,000";"2,985";
"27/09/2024 17:20";"2,653";"0,000";"2,197";"0,000";"1,923";"0,000";"6,773";"0,000";"0,344";"0,000";"0,000";"0,146";"3,575";"3,119";"2,845";"9,539";"2,766";"0,000";"2,766";
"27/09/2024 17:30";"3,135";"0,000";"2,633";"0,000";"2,506";"0,000";"8,274";"0,000";"0,309";"0,000";"0,000";"0,227";"4,003";"3,502";"3,374";"10,879";"2,605";"0,000";"2,605";
"27/09/2024 17:40";"2,610";"0,000";"2,266";"0,000";"2,078";"0,000";"6,954";"0,000";"0,600";"0,000";"0,000";"0,196";"3,418";"3,074";"2,886";"9,377";"2,423";"0,000";"2,423";
"27/09/2024 17:50";"2,657";"0,000";"2,358";"0,000";"2,156";"0,000";"7,171";"0,000";"0,216";"0,000";"0,000";"0,270";"3,395";"3,097";"2,894";"9,387";"2,216";"0,000";"2,216";
"27/09/2024 18:00";"2,562";"0,000";"2,343";"0,000";"2,162";"0,000";"7,067";"0,000";"0,556";"0,000";"0,000";"0,069";"3,244";"3,025";"2,843";"9,112";"2,045";"0,000";"2,045";
"27/09/2024 18:10";"2,512";"0,000";"2,238";"0,000";"2,284";"0,000";"7,034";"0,000";"0,251";"0,000";"0,000";"0,156";"3,149";"2,876";"2,922";"8,947";"1,913";"0,000";"1,913";
"27/09/2024 18:20";"2,323";"0,000";"1,824";"0,000";"1,923";"0,000";"6,071";"0,000";"0,766";"0,000";"0,000";"0,045";"2,852";"2,353";"2,452";"7,658";"1,587";"0,000";"1,587";
"27/09/2024 18:30";"2,716";"0,000";"1,889";"0,000";"1,966";"0,000";"6,571";"0,000";"0,398";"0,000";"0,000";"0,024";"3,177";"2,350";"2,428";"7,955";"1,384";"0,000";"1,384";
"27/09/2024 18:40";"1,785";"0,000";"1,047";"0,000";"1,226";"0,000";"4,058";"0,000";"0,213";"0,000";"0,000";"0,078";"2,183";"1,445";"1,624";"5,252";"1,194";"0,000";"1,194";
"27/09/2024 18:50";"0,748";"0,000";"0,308";"0,000";"0,532";"0,000";"1,588";"0,000";"0,000";"0,000";"0,000";"0,161";"1,077";"0,638";"0,862";"2,577";"0,989";"0,000";"0,989";
"27/09/2024 19:00";"0,623";"0,000";"0,234";"0,000";"0,368";"0,000";"1,225";"0,000";"0,000";"0,000";"0,000";"0,168";"0,886";"0,497";"0,632";"2,015";"0,790";"0,000";"0,790";
"27/09/2024 19:10";"0,641";"0,000";"0,260";"0,000";"0,381";"0,000";"1,283";"0,000";"0,000";"0,000";"0,000";"0,142";"0,815";"0,434";"0,555";"1,804";"0,521";"0,000";"0,521";
"27/09/2024 19:20";"0,724";"0,000";"0,384";"0,000";"0,478";"0,000";"1,586";"0,000";"0,003";"0,000";"0,000";"0,066";"0,849";"0,509";"0,603";"1,961";"0,375";"0,000";"0,375";
"27/09/2024 19:30";"0,717";"0,000";"0,323";"0,000";"0,441";"0,000";"1,481";"0,000";"0,013";"0,000";"0,000";"0,122";"0,803";"0,409";"0,527";"1,739";"0,258";"0,000";"0,258";
"27/09/2024 19:40";"0,799";"0,000";"0,266";"0,000";"0,374";"0,000";"1,440";"0,000";"0,000";"0,000";"0,000";"0,141";"0,873";"0,340";"0,448";"1,662";"0,222";"0,000";"0,222";
"27/09/2024 19:50";"0,634";"0,000";"0,250";"0,000";"0,376";"0,000";"1,260";"0,000";"0,000";"0,000";"0,000";"0,157";"0,675";"0,291";"0,417";"1,383";"0,123";"0,000";"0,123";
"27/09/2024 20:00";"0,773";"0,000";"0,238";"0,000";"0,399";"0,000";"1,410";"0,000";"0,000";"0,000";"0,000";"0,161";"0,794";"0,260";"0,420";"1,474";"0,064";"0,000";"0,064";
"27/09/2024 20:10";"1,140";"0,000";"0,266";"0,000";"0,394";"0,000";"1,801";"0,000";"0,000";"0,000";"0,000";"0,177";"1,147";"0,272";"0,400";"1,820";"0,019";"0,000";"0,019";
"27/09/2024 20:20";"1,041";"0,000";"0,268";"0,000";"0,376";"0,000";"1,684";"0,000";"0,000";"0,000";"0,000";"0,146";"1,041";"0,268";"0,376";"1,685";"0,001";"0,000";"0,001";
"27/09/2024 20:30";"0,632";"0,000";"0,263";"0,000";"0,393";"0,000";"1,288";"0,000";"0,000";"0,000";"0,000";"0,174";"0,632";"0,263";"0,393";"1,288";"0,000";"0,000";"0,000";
"27/09/2024 20:40";"0,704";"0,000";"0,329";"0,000";"0,471";"0,000";"1,504";"0,000";"0,000";"0,000";"0,000";"0,195";"0,704";"0,329";"0,471";"1,504";"0,000";"0,000";"0,000";
"27/09/2024 20:50";"1,232";"0,000";"0,408";"0,000";"0,551";"0,000";"2,191";"0,000";"0,000";"0,000";"0,000";"0,278";"1,232";"0,408";"0,551";"2,191";"0,000";"0,000";"0,000";
"27/09/2024 21:00";"1,295";"0,000";"0,424";"0,000";"0,532";"0,000";"2,251";"0,000";"0,000";"0,000";"0,000";"0,258";"1,295";"0,424";"0,532";"2,251";"0,000";"0,000";"0,000";
"27/09/2024 21:10";"0,845";"0,000";"0,417";"0,000";"0,542";"0,000";"1,804";"0,000";"0,000";"0,000";"0,000";"0,278";"0,845";"0,417";"0,542";"1,804";"0,000";"0,000";"0,000";
"27/09/2024 21:20";"0,654";"0,000";"0,427";"0,000";"0,611";"0,000";"1,692";"0,000";"0,000";"0,000";"0,000";"0,285";"0,654";"0,427";"0,611";"1,692";"0,000";"0,000";"0,000";
"27/09/2024 21:30";"0,802";"0,000";"0,426";"0,000";"0,524";"0,000";"1,752";"0,000";"0,000";"0,000";"0,000";"0,306";"0,802";"0,426";"0,524";"1,752";"0,000";"0,000";"0,000";
"27/09/2024 21:40";"1,215";"0,000";"0,400";"0,000";"0,534";"0,000";"2,149";"0,000";"0,000";"0,000";"0,000";"0,303";"1,215";"0,400";"0,534";"2,149";"0,000";"0,000";"0,000";
"27/09/2024 21:50";"1,124";"0,000";"0,409";"0,000";"0,532";"0,000";"2,065";"0,000";"0,000";"0,000";"0,000";"0,317";"1,124";"0,409";"0,532";"2,065";"0,000";"0,000";"0,000";
"27/09/2024 22:00";"0,662";"0,000";"0,435";"0,000";"0,527";"0,000";"1,625";"0,000";"0,000";"0,000";"0,000";"0,280";"0,662";"0,435";"0,527";"1,625";"0,000";"0,000";"0,000";
"27/09/2024 22:10";"0,678";"0,000";"0,434";"0,000";"0,536";"0,000";"1,647";"0,000";"0,000";"0,000";"0,000";"0,306";"0,678";"0,434";"0,536";"1,647";"0,000";"0,000";"0,000";
"27/09/2024 22:20";"0,923";"0,000";"0,428";"0,000";"0,529";"0,000";"1,881";"0,000";"0,000";"0,000";"0,000";"0,299";"0,923";"0,428";"0,529";"1,881";"0,000";"0,000";"0,000";
"27/09/2024 22:30";"1,198";"0,000";"0,415";"0,000";"0,530";"0,000";"2,143";"0,000";"0,000";"0,000";"0,000";"0,314";"1,198";"0,415";"0,530";"2,143";"0,000";"0,000";"0,000";
"27/09/2024 22:40";"1,020";"0,000";"0,412";"0,000";"0,526";"0,000";"1,957";"0,000";"0,000";"0,000";"0,000";"0,293";"1,020";"0,412";"0,526";"1,957";"0,000";"0,000";"0,000";
"27/09/2024 22:50";"0,686";"0,000";"0,415";"0,000";"0,526";"0,000";"1,626";"0,000";"0,000";"0,000";"0,000";"0,298";"0,686";"0,415";"0,526";"1,626";"0,000";"0,000";"0,000";
"27/09/2024 23:00";"0,686";"0,000";"0,428";"0,000";"0,537";"0,000";"1,651";"0,000";"0,000";"0,000";"0,000";"0,290";"0,686";"0,428";"0,537";"1,651";"0,000";"0,000";"0,000";
"27/09/2024 23:10";"1,032";"0,000";"0,436";"0,000";"0,536";"0,000";"2,004";"0,000";"0,000";"0,000";"0,000";"0,304";"1,032";"0,436";"0,536";"2,004";"0,000";"0,000";"0,000";
"27/09/2024 23:20";"1,195";"0,000";"0,434";"0,000";"0,532";"0,000";"2,160";"0,000";"0,000";"0,000";"0,000";"0,305";"1,195";"0,434";"0,532";"2,160";"0,000";"0,000";"0,000";
"27/09/2024 23:30";"0,871";"0,000";"0,423";"0,000";"0,544";"0,000";"1,839";"0,000";"0,000";"0,000";"0,000";"0,299";"0,871";"0,423";"0,544";"1,839";"0,000";"0,000";"0,000";
"27/09/2024 23:40";"0,682";"0,000";"0,404";"0,000";"0,530";"0,000";"1,616";"0,000";"0,000";"0,000";"0,000";"0,304";"0,682";"0,404";"0,530";"1,616";"0,000";"0,000";"0,000";
"27/09/2024 23:50";"0,685";"0,000";"0,420";"0,000";"0,546";"0,000";"1,651";"0,000";"0,000";"0,000";"0,000";"0,291";"0,685";"0,420";"0,546";"1,651";"0,000";"0,000";"0,000";
"28/09/2024 00:00";"1,168";"0,000";"0,428";"0,000";"0,542";"0,000";"2,137";"0,000";"0,000";"0,000";"0,000";"0,310";"1,168";"0,428";"0,542";"2,138";"0,000";"0,000";"0,000";
"28/09/2024 00:10";"1,163";"0,000";"0,421";"0,000";"0,544";"0,000";"2,127";"0,000";"0,000";"0,000";"0,000";"0,306";"1,163";"0,421";"0,544";"2,127";"0,000";"0,000";"0,000";
"28/09/2024 00:20";"0,546";"0,000";"0,417";"0,000";"0,543";"0,000";"1,507";"0,000";"0,000";"0,000";"0,000";"0,318";"0,546";"0,417";"0,543";"1,507";"0,000";"0,000";"0,000";
"28/09/2024 00:30";"0,438";"0,000";"0,420";"0,000";"0,555";"0,000";"1,413";"0,000";"0,000";"0,000";"0,000";"0,282";"0,438";"0,420";"0,555";"1,413";"0,000";"0,000";"0,000";
"28/09/2024 00:40";"0,463";"0,000";"0,418";"0,000";"0,559";"0,000";"1,440";"0,000";"0,000";"0,000";"0,000";"0,291";"0,463";"0,418";"0,559";"1,440";"0,000";"0,000";"0,000";
"28/09/2024 00:50";"0,953";"0,000";"0,415";"0,000";"0,553";"0,000";"1,921";"0,000";"0,000";"0,000";"0,000";"0,291";"0,953";"0,415";"0,553";"1,921";"0,000";"0,000";"0,000";
"28/09/2024 01:00";"1,057";"0,000";"0,416";"0,000";"0,550";"0,000";"2,023";"0,000";"0,000";"0,000";"0,000";"0,325";"1,057";"0,416";"0,550";"2,022";"0,000";"0,000";"0,000";
"28/09/2024 01:10";"0,759";"0,000";"0,423";"0,000";"0,547";"0,000";"1,729";"0,000";"0,000";"0,000";"0,000";"0,290";"0,759";"0,423";"0,547";"1,729";"0,000";"0,000";"0,000";
"28/09/2024 01:20";"0,450";"0,000";"0,454";"0,000";"0,567";"0,000";"1,470";"0,000";"0,000";"0,000";"0,000";"0,292";"0,450";"0,454";"0,567";"1,470";"0,000";"0,000";"0,000";
"28/09/2024 01:30";"0,554";"0,000";"0,417";"0,000";"0,636";"0,000";"1,607";"0,000";"0,000";"0,000";"0,000";"0,287";"0,554";"0,417";"0,636";"1,607";"0,000";"0,000";"0,000";
"28/09/2024 01:40";"0,931";"0,000";"0,411";"0,000";"0,571";"0,000";"1,913";"0,000";"0,000";"0,000";"0,000";"0,317";"0,931";"0,411";"0,571";"1,913";"0,000";"0,000";"0,000";
"28/09/2024 01:50";"0,896";"0,000";"0,413";"0,000";"0,524";"0,000";"1,833";"0,000";"0,000";"0,000";"0,000";"0,307";"0,896";"0,413";"0,524";"1,833";"0,000";"0,000";"0,000";
"28/09/2024 02:00";"0,425";"0,000";"0,428";"0,000";"0,529";"0,000";"1,382";"0,000";"0,000";"0,000";"0,000";"0,296";"0,425";"0,428";"0,529";"1,382";"0,000";"0,000";"0,000";
"28/09/2024 02:10";"0,410";"0,000";"0,432";"0,000";"0,538";"0,000";"1,380";"0,000";"0,000";"0,000";"0,000";"0,297";"0,410";"0,432";"0,538";"1,380";"0,000";"0,000";"0,000";
"28/09/2024 02:20";"0,726";"0,000";"0,424";"0,000";"0,553";"0,000";"1,703";"0,000";"0,000";"0,000";"0,000";"0,305";"0,726";"0,424";"0,553";"1,703";"0,000";"0,000";"0,000";
"28/09/2024 02:30";"1,195";"0,000";"0,423";"0,000";"0,557";"0,000";"2,175";"0,000";"0,000";"0,000";"0,000";"0,320";"1,195";"0,423";"0,557";"2,175";"0,000";"0,000";"0,000";
"28/09/2024 02:40";"0,890";"0,000";"0,418";"0,000";"0,549";"0,000";"1,857";"0,000";"0,000";"0,000";"0,000";"0,288";"0,890";"0,418";"0,549";"1,857";"0,000";"0,000";"0,000";
"28/09/2024 02:50";"0,398";"0,000";"0,417";"0,000";"0,542";"0,000";"1,357";"0,000";"0,000";"0,000";"0,000";"0,298";"0,398";"0,417";"0,542";"1,357";"0,000";"0,000";"0,000";
"28/09/2024 03:00";"0,433";"0,000";"0,440";"0,000";"0,552";"0,000";"1,425";"0,000";"0,000";"0,000";"0,000";"0,280";"0,433";"0,440";"0,552";"1,425";"0,000";"0,000";"0,000";
"28/09/2024 03:10";"0,842";"0,000";"0,433";"0,000";"0,555";"0,000";"1,830";"0,000";"0,000";"0,000";"0,000";"0,312";"0,842";"0,433";"0,555";"1,830";"0,000";"0,000";"0,000";
"28/09/2024 03:20";"0,959";"0,000";"0,434";"0,000";"0,559";"0,000";"1,951";"0,000";"0,000";"0,000";"0,000";"0,298";"0,959";"0,434";"0,559";"1,951";"0,000";"0,000";"0,000";
"28/09/2024 03:30";"0,574";"0,000";"0,413";"0,000";"0,563";"0,000";"1,549";"0,000";"0,000";"0,000";"0,000";"0,303";"0,574";"0,413";"0,563";"1,549";"0,000";"0,000";"0,000";
"28/09/2024 03:40";"0,427";"0,000";"0,418";"0,000";"0,566";"0,000";"1,411";"0,000";"0,000";"0,000";"0,000";"0,275";"0,427";"0,418";"0,566";"1,411";"0,000";"0,000";"0,000";
"28/09/2024 03:50";"0,469";"0,000";"0,435";"0,000";"0,568";"0,000";"1,472";"0,000";"0,000";"0,000";"0,000";"0,310";"0,469";"0,435";"0,568";"1,472";"0,000";"0,000";"0,000";
"28/09/2024 04:00";"0,946";"0,000";"0,432";"0,000";"0,563";"0,000";"1,940";"0,000";"0,000";"0,000";"0,000";"0,324";"0,946";"0,432";"0,563";"1,940";"0,000";"0,000";"0,000";
"28/09/2024 04:10";"1,094";"0,000";"0,413";"0,000";"0,563";"0,000";"2,069";"0,000";"0,000";"0,000";"0,000";"0,301";"1,094";"0,413";"0,563";"2,069";"0,000";"0,000";"0,000";
"28/09/2024 04:20";"0,673";"0,000";"0,427";"0,000";"0,565";"0,000";"1,665";"0,000";"0,000";"0,000";"0,000";"0,300";"0,673";"0,427";"0,565";"1,665";"0,000";"0,000";"0,000";
"28/09/2024 04:30";"0,425";"0,000";"0,430";"0,000";"0,566";"0,000";"1,421";"0,000";"0,000";"0,000";"0,000";"0,293";"0,425";"0,430";"0,566";"1,421";"0,000";"0,000";"0,000";
"28/09/2024 04:40";"0,600";"0,000";"0,448";"0,000";"0,561";"0,000";"1,609";"0,000";"0,000";"0,000";"0,000";"0,301";"0,600";"0,448";"0,561";"1,609";"0,000";"0,000";"0,000";
"28/09/2024 04:50";"0,955";"0,000";"0,409";"0,000";"0,563";"0,000";"1,927";"0,000";"0,000";"0,000";"0,000";"0,304";"0,955";"0,409";"0,563";"1,927";"0,000";"0,000";"0,000";
"28/09/2024 05:00";"0,848";"0,000";"0,403";"0,000";"0,568";"0,000";"1,819";"0,000";"0,000";"0,000";"0,000";"0,327";"0,848";"0,403";"0,568";"1,819";"0,000";"0,000";"0,000";
"28/09/2024 05:10";"0,411";"0,000";"0,432";"0,000";"0,576";"0,000";"1,419";"0,000";"0,000";"0,000";"0,000";"0,284";"0,411";"0,432";"0,576";"1,419";"0,000";"0,000";"0,000";
"28/09/2024 05:20";"1,295";"0,000";"1,282";"0,000";"1,302";"0,000";"3,879";"0,000";"0,053";"0,000";"0,000";"0,344";"1,295";"1,282";"1,302";"3,879";"0,000";"0,000";"0,000";
"28/09/2024 05:30";"2,341";"0,000";"1,711";"0,000";"1,855";"0,000";"5,907";"0,000";"0,310";"0,000";"0,000";"0,082";"2,341";"1,711";"1,855";"5,907";"0,000";"0,000";"0,000";
"28/09/2024 05:40";"2,032";"0,000";"1,257";"0,000";"1,441";"0,000";"4,730";"0,000";"0,000";"0,000";"0,000";"0,490";"2,032";"1,257";"1,441";"4,730";"0,000";"0,000";"0,000";
"28/09/2024 05:50";"1,993";"0,000";"1,499";"0,000";"1,508";"0,000";"5,000";"0,000";"0,028";"0,000";"0,000";"0,527";"1,993";"1,499";"1,508";"5,000";"0,000";"0,000";"0,000";
"28/09/2024 06:00";"1,595";"0,000";"1,348";"0,000";"1,396";"0,000";"4,339";"0,000";"0,002";"0,000";"0,000";"0,463";"1,595";"1,348";"1,396";"4,339";"0,000";"0,000";"0,000";
"28/09/2024 06:10";"2,032";"0,000";"1,717";"0,000";"1,780";"0,000";"5,529";"0,000";"0,060";"0,000";"0,000";"0,336";"2,032";"1,717";"1,780";"5,529";"0,000";"0,000";"0,000";
"28/09/2024 06:20";"2,565";"0,000";"1,664";"0,000";"1,725";"0,000";"5,954";"0,000";"0,121";"0,000";"0,000";"0,226";"2,565";"1,664";"1,725";"5,954";"0,000";"0,000";"0,000";
"28/09/2024 06:30";"2,711";"0,000";"1,804";"0,000";"1,862";"0,000";"6,377";"0,000";"0,469";"0,000";"0,000";"0,512";"2,711";"1,804";"1,862";"6,377";"0,000";"0,000";"0,000";
"28/09/2024 06:40";"2,268";"0,000";"1,632";"0,000";"1,674";"0,000";"5,574";"0,000";"0,344";"0,000";"0,000";"0,308";"2,268";"1,632";"1,674";"5,574";"0,000";"0,000";"0,000";
"28/09/2024 06:50";"2,068";"0,000";"1,781";"0,000";"1,808";"0,000";"5,657";"0,000";"0,276";"0,000";"0,000";"0,189";"2,068";"1,781";"1,808";"5,657";"0,000";"0,000";"0,000";
"28/09/2024 07:00";"1,696";"0,000";"1,394";"0,000";"1,445";"0,000";"4,534";"0,000";"0,003";"0,000";"0,000";"0,340";"1,696";"1,394";"1,445";"4,534";"0,000";"0,000";"0,000";
"28/09/2024 07:10";"2,197";"0,000";"1,490";"0,000";"1,539";"0,000";"5,226";"0,000";"0,005";"0,000";"0,000";"0,448";"2,197";"1,490";"1,539";"5,226";"0,000";"0,000";"0,000";
"28/09/2024 07:20";"2,475";"0,000";"1,707";"0,000";"1,700";"0,000";"5,882";"0,000";"0,100";"0,000";"0,000";"0,389";"2,475";"1,707";"1,700";"5,882";"0,000";"0,000";"0,000";
"28/09/2024 07:30";"2,169";"0,000";"1,732";"0,000";"1,728";"0,000";"5,628";"0,000";"0,019";"0,000";"0,000";"0,317";"2,169";"1,732";"1,728";"5,628";"0,000";"0,000";"0,000";
"28/09/2024 07:40";"2,200";"0,000";"1,757";"0,000";"1,857";"0,000";"5,814";"0,000";"0,254";"0,000";"0,000";"0,304";"2,200";"1,757";"1,857";"5,814";"0,000";"0,000";"0,000";
"28/09/2024 07:50";"2,284";"0,000";"2,068";"0,000";"2,194";"0,000";"6,547";"0,000";"0,462";"0,000";"0,000";"0,138";"2,284";"2,068";"2,194";"6,547";"0,000";"0,000";"0,000";
"28/09/2024 08:00";"2,999";"0,000";"2,342";"0,000";"2,745";"0,000";"8,086";"0,000";"0,176";"0,000";"0,000";"0,028";"2,999";"2,342";"2,745";"8,086";"0,000";"0,000";"0,000";
"28/09/2024 08:10";"2,489";"0,000";"1,718";"0,000";"2,396";"0,000";"6,604";"0,000";"0,196";"0,000";"0,000";"0,110";"2,489";"1,718";"2,396";"6,604";"0,000";"0,000";"0,000";
"28/09/2024 08:20";"3,876";"0,000";"3,319";"0,000";"3,969";"0,000";"11,164";"0,000";"0,929";"0,000";"0,000";"0,158";"3,878";"3,320";"3,971";"11,169";"0,005";"0,000";"0,005";
"28/09/2024 08:30";"2,154";"0,000";"1,554";"0,000";"2,168";"0,000";"5,875";"0,000";"0,194";"0,000";"0,000";"0,000";"2,164";"1,564";"2,178";"5,905";"0,030";"0,000";"0,030";
"28/09/2024 08:40";"1,988";"0,000";"1,368";"0,000";"1,950";"0,000";"5,307";"0,000";"0,083";"0,000";"0,000";"0,275";"2,016";"1,395";"1,978";"5,389";"0,082";"0,000";"0,082";
"28/09/2024 08:50";"2,352";"0,000";"1,555";"0,000";"2,119";"0,000";"6,026";"0,000";"0,338";"0,000";"0,000";"0,561";"2,400";"1,603";"2,167";"6,170";"0,144";"0,000";"0,144";
"28/09/2024 09:00";"2,446";"0,000";"1,527";"0,000";"2,188";"0,000";"6,161";"0,000";"1,257";"0,000";"0,000";"0,603";"2,519";"1,600";"2,261";"6,380";"0,219";"0,000";"0,219";
"28/09/2024 09:10";"1,893";"0,000";"1,365";"0,000";"2,051";"0,000";"5,309";"0,000";"0,900";"0,000";"0,000";"0,357";"2,025";"1,498";"2,184";"5,707";"0,398";"0,000";"0,398";
"28/09/2024 09:20";"1,988";"0,000";"1,461";"0,000";"2,112";"0,000";"5,562";"0,000";"0,206";"0,000";"0,000";"0,357";"2,184";"1,657";"2,308";"6,150";"0,588";"0,000";"0,588";
"28/09/2024 09:30";"1,949";"0,000";"1,556";"0,000";"2,050";"0,000";"5,555";"0,000";"0,003";"0,000";"0,000";"0,309";"2,196";"1,804";"2,298";"6,298";"0,743";"0,000";"0,743";
"28/09/2024 09:40";"2,453";"0,000";"2,414";"0,000";"1,964";"0,000";"6,831";"0,000";"0,020";"0,000";"0,000";"0,426";"2,758";"2,718";"2,269";"7,745";"0,914";"0,000";"0,914";
"28/09/2024 09:50";"2,510";"0,000";"2,394";"0,000";"1,830";"0,000";"6,734";"0,000";"0,017";"0,000";"0,000";"0,441";"2,909";"2,792";"2,229";"7,930";"1,196";"0,000";"1,196";
"28/09/2024 10:00";"1,912";"0,000";"2,452";"0,000";"1,867";"0,000";"6,231";"0,000";"0,096";"0,000";"0,000";"0,389";"2,432";"2,972";"2,388";"7,792";"1,561";"0,000";"1,561";
"28/09/2024 10:10";"1,741";"0,000";"2,265";"0,000";"1,713";"0,000";"5,719";"0,000";"0,000";"0,000";"0,000";"0,468";"2,322";"2,847";"2,294";"7,463";"1,744";"0,000";"1,744";
"28/09/2024 10:20";"3,127";"0,000";"3,548";"0,000";"2,973";"0,000";"9,648";"0,000";"0,600";"0,000";"0,000";"0,377";"3,759";"4,181";"3,606";"11,546";"1,898";"0,000";"1,898";
"28/09/2024 10:30";"6,104";"0,000";"6,082";"0,000";"5,425";"0,000";"17,610";"0,000";"0,945";"0,000";"0,000";"0,387";"6,818";"6,796";"6,140";"19,754";"2,144";"0,000";"2,144";
"28/09/2024 10:40";"6,004";"0,000";"5,925";"0,000";"5,266";"0,000";"17,195";"0,000";"1,278";"0,000";"0,000";"0,260";"6,783";"6,704";"6,046";"19,534";"2,339";"0,000";"2,339";
"28/09/2024 10:50";"5,395";"0,000";"5,907";"0,000";"5,253";"0,000";"16,555";"0,000";"1,311";"0,000";"0,000";"0,178";"6,241";"6,752";"6,099";"19,091";"2,536";"0,000";"2,536";
"28/09/2024 11:00";"5,625";"0,000";"6,153";"0,000";"5,476";"0,000";"17,254";"0,000";"1,249";"0,000";"0,000";"0,235";"6,532";"7,060";"6,383";"19,975";"2,721";"0,000";"2,721";
"28/09/2024 11:10";"5,653";"0,000";"5,993";"0,000";"5,233";"0,000";"16,879";"0,000";"1,191";"0,000";"0,000";"0,269";"6,618";"6,957";"6,197";"19,772";"2,893";"0,000";"2,893";
"28/09/2024 11:20";"5,904";"0,000";"6,040";"0,000";"5,173";"0,000";"17,117";"0,000";"1,157";"0,000";"0,000";"0,219";"6,922";"7,058";"6,190";"20,169";"3,052";"0,000";"3,052";
"28/09/2024 11:30";"5,955";"0,000";"6,004";"0,000";"5,250";"0,000";"17,209";"0,000";"1,053";"0,000";"0,000";"0,298";"6,997";"7,045";"6,292";"20,334";"3,125";"0,000";"3,125";
"28/09/2024 11:40";"6,091";"0,000";"6,317";"0,000";"5,555";"0,000";"17,964";"0,000";"1,436";"0,000";"0,000";"0,189";"7,099";"7,325";"6,563";"20,987";"3,023";"0,000";"3,023";
"28/09/2024 11:50";"2,296";"0,000";"3,061";"0,000";"2,413";"0,000";"7,769";"0,000";"0,132";"0,000";"0,000";"0,177";"3,447";"4,211";"3,563";"11,221";"3,452";"0,000";"3,452";
"28/09/2024 12:00";"1,585";"0,000";"2,038";"0,000";"1,677";"0,000";"5,300";"0,000";"0,083";"0,000";"0,000";"0,086";"2,789";"3,242";"2,881";"8,912";"3,612";"0,000";"3,612";
"28/09/2024 12:10";"1,946";"0,000";"1,826";"0,000";"1,669";"0,000";"5,441";"0,000";"0,036";"0,000";"0,000";"0,079";"3,161";"3,040";"2,883";"9,084";"3,643";"0,000";"3,643";
"28/09/2024 12:20";"2,120";"0,000";"1,770";"0,000";"1,703";"0,000";"5,593";"0,000";"0,362";"0,000";"0,000";"0,086";"3,328";"2,978";"2,911";"9,216";"3,623";"0,000";"3,623";
"28/09/2024 12:30";"1,955";"0,000";"1,645";"0,000";"1,517";"0,000";"5,117";"0,000";"0,476";"0,000";"0,000";"0,129";"3,243";"2,933";"2,805";"8,981";"3,864";"0,000";"3,864";
"28/09/2024 12:40";"1,823";"0,000";"1,413";"0,000";"1,293";"0,000";"4,529";"0,000";"0,428";"0,000";"0,000";"0,217";"3,116";"2,707";"2,586";"8,409";"3,880";"0,000";"3,880";
"28/09/2024 12:50";"1,445";"0,000";"0,969";"0,000";"0,879";"0,000";"3,292";"0,000";"0,161";"0,000";"0,000";"0,246";"2,743";"2,267";"2,177";"7,186";"3,894";"0,000";"3,894";
"28/09/2024 13:00";"1,192";"0,000";"0,326";"0,000";"0,386";"0,000";"1,903";"0,000";"0,000";"0,000";"0,000";"0,183";"2,559";"1,693";"1,753";"6,004";"4,101";"0,000";"4,101";
"28/09/2024 13:10";"1,003";"0,000";"0,322";"0,000";"0,358";"0,000";"1,683";"0,000";"0,000";"0,000";"0,000";"0,158";"2,375";"1,694";"1,730";"5,799";"4,116";"0,000";"4,116";
"28/09/2024 13:20";"0,571";"0,000";"0,288";"0,000";"0,337";"0,000";"1,197";"0,000";"0,000";"0,000";"0,000";"0,145";"2,003";"1,720";"1,769";"5,491";"4,294";"0,000";"4,294";
"28/09/2024 13:30";"0,543";"0,000";"0,241";"0,000";"0,340";"0,000";"1,124";"0,000";"0,000";"0,000";"0,000";"0,152";"2,009";"1,707";"1,806";"5,522";"4,398";"0,000";"4,398";
"28/09/2024 13:40";"0,813";"0,000";"0,249";"0,000";"0,428";"0,000";"1,490";"0,000";"0,000";"0,000";"0,000";"0,147";"2,220";"1,657";"1,835";"5,712";"4,222";"0,000";"4,222";
"28/09/2024 13:50";"1,067";"0,000";"0,268";"0,000";"0,364";"0,000";"1,699";"0,000";"0,000";"0,000";"0,000";"0,161";"2,492";"1,694";"1,789";"5,976";"4,277";"0,000";"4,277";
"28/09/2024 14:00";"0,888";"0,000";"0,274";"0,000";"0,370";"0,000";"1,532";"0,000";"0,000";"0,000";"0,000";"0,148";"2,392";"1,779";"1,875";"6,046";"4,514";"0,000";"4,514";
"28/09/2024 14:10";"0,563";"0,000";"0,239";"0,000";"0,367";"0,000";"1,168";"0,000";"0,000";"0,000";"0,000";"0,139";"1,819";"1,495";"1,623";"4,937";"3,769";"0,000";"3,769";
"28/09/2024 14:20";"0,531";"0,000";"0,248";"0,000";"0,340";"0,000";"1,119";"0,000";"0,000";"0,000";"0,000";"0,146";"1,728";"1,445";"1,537";"4,710";"3,591";"0,000";"3,591";
"28/09/2024 14:30";"0,762";"0,000";"0,285";"0,000";"0,352";"0,000";"1,399";"0,000";"0,000";"0,000";"0,000";"0,141";"1,968";"1,491";"1,558";"5,018";"3,619";"0,000";"3,619";
"28/09/2024 14:40";"1,078";"0,000";"0,267";"0,000";"0,343";"0,000";"1,687";"0,000";"0,000";"0,000";"0,000";"0,152";"2,205";"1,394";"1,470";"5,069";"3,382";"0,000";"3,382";
"28/09/2024 14:50";"0,878";"0,000";"0,236";"0,000";"0,357";"0,000";"1,471";"0,000";"0,000";"0,000";"0,000";"0,147";"2,237";"1,594";"1,716";"5,546";"4,075";"0,000";"4,075";
"28/09/2024 15:00";"0,551";"0,000";"0,270";"0,000";"0,356";"0,000";"1,176";"0,000";"0,000";"0,000";"0,000";"0,145";"1,929";"1,648";"1,734";"5,310";"4,134";"0,000";"4,134";
"28/09/2024 15:10";"0,544";"0,000";"0,282";"0,000";"0,349";"0,000";"1,176";"0,000";"0,000";"0,000";"0,000";"0,137";"1,920";"1,658";"1,725";"5,304";"4,128";"0,000";"4,128";
"28/09/2024 15:20";"0,641";"0,000";"0,255";"0,000";"0,347";"0,000";"1,243";"0,000";"0,000";"0,000";"0,000";"0,137";"1,369";"0,983";"1,075";"3,428";"2,185";"0,000";"2,185";
"28/09/2024 15:30";"1,045";"0,000";"0,256";"0,000";"0,351";"0,000";"1,653";"0,000";"0,000";"0,000";"0,000";"0,155";"2,313";"1,524";"1,619";"5,456";"3,803";"0,000";"3,803";
"28/09/2024 15:40";"0,993";"0,000";"0,278";"0,000";"0,358";"0,000";"1,629";"0,000";"0,000";"0,000";"0,000";"0,157";"2,234";"1,519";"1,598";"5,350";"3,721";"0,000";"3,721";
"28/09/2024 15:50";"0,555";"0,000";"0,249";"0,000";"0,345";"0,000";"1,149";"0,000";"0,000";"0,000";"0,000";"0,148";"1,855";"1,549";"1,645";"5,049";"3,900";"0,000";"3,900";
"28/09/2024 16:00";"0,552";"0,000";"0,245";"0,000";"0,349";"0,000";"1,145";"0,000";"0,000";"0,000";"0,000";"0,144";"1,846";"1,539";"1,643";"5,027";"3,882";"0,000";"3,882";
"28/09/2024 16:10";"0,556";"0,000";"0,278";"0,000";"0,344";"0,000";"1,177";"0,000";"0,000";"0,000";"0,000";"0,147";"1,391";"1,112";"1,178";"3,681";"2,504";"0,000";"2,504";
"28/09/2024 16:20";"0,657";"0,000";"0,381";"0,000";"0,447";"0,000";"1,485";"0,000";"0,009";"0,000";"0,000";"0,075";"1,317";"1,041";"1,107";"3,465";"1,980";"0,000";"1,980";
"28/09/2024 16:30";"0,587";"0,000";"0,255";"0,000";"0,375";"0,000";"1,217";"0,000";"0,008";"0,000";"0,000";"0,131";"1,439";"1,107";"1,228";"3,775";"2,558";"0,000";"2,558";
"28/09/2024 16:40";"0,712";"0,000";"0,337";"0,000";"0,400";"0,000";"1,449";"0,000";"0,007";"0,000";"0,000";"0,155";"1,538";"1,163";"1,226";"3,927";"2,478";"0,000";"2,478";
"28/09/2024 16:50";"0,553";"0,000";"0,284";"0,000";"0,148";"0,000";"0,985";"0,000";"0,000";"0,000";"0,000";"0,119";"1,170";"0,901";"0,765";"2,836";"1,851";"0,000";"1,851";
"28/09/2024 17:00";"0,558";"0,000";"0,243";"0,000";"0,092";"0,000";"0,893";"0,000";"0,000";"0,000";"0,000";"0,123";"1,098";"0,783";"0,632";"2,513";"1,620";"0,000";"1,620";
"28/09/2024 17:10";"0,900";"0,000";"0,248";"0,000";"0,093";"0,000";"1,241";"0,000";"0,000";"0,000";"0,000";"0,124";"1,417";"0,766";"0,610";"2,793";"1,552";"0,000";"1,552";
"28/09/2024 17:20";"1,050";"0,000";"0,280";"0,000";"0,092";"0,000";"1,422";"0,000";"0,000";"0,000";"0,000";"0,122";"1,574";"0,804";"0,615";"2,993";"1,571";"0,000";"1,571";
"28/09/2024 17:30";"0,637";"0,000";"0,283";"0,000";"0,093";"0,000";"1,013";"0,000";"0,002";"0,000";"0,000";"0,110";"1,153";"0,800";"0,609";"2,562";"1,549";"0,000";"1,549";
"28/09/2024 17:40";"0,554";"0,000";"0,234";"0,000";"0,096";"0,000";"0,884";"0,000";"0,000";"0,000";"0,000";"0,121";"1,050";"0,731";"0,592";"2,374";"1,490";"0,000";"1,490";
"28/09/2024 17:50";"0,559";"0,000";"0,242";"0,000";"0,092";"0,000";"0,893";"0,000";"0,000";"0,000";"0,000";"0,122";"1,043";"0,725";"0,576";"2,343";"1,450";"0,000";"1,450";
"28/09/2024 18:00";"0,708";"0,000";"0,370";"0,000";"0,172";"0,000";"1,250";"0,000";"0,004";"0,000";"0,000";"0,045";"1,156";"0,818";"0,620";"2,595";"1,345";"0,000";"1,345";
"28/09/2024 18:10";"0,558";"0,000";"0,292";"0,000";"0,104";"0,000";"0,953";"0,000";"0,002";"0,000";"0,000";"0,098";"0,876";"0,610";"0,422";"1,908";"0,955";"0,000";"0,955";
"28/09/2024 18:20";"0,410";"0,000";"0,259";"0,000";"0,092";"0,000";"0,761";"0,000";"0,000";"0,000";"0,000";"0,123";"0,690";"0,540";"0,372";"1,602";"0,841";"0,000";"0,841";
"28/09/2024 18:30";"0,314";"0,000";"0,275";"0,000";"0,119";"0,000";"0,708";"0,000";"0,004";"0,000";"0,000";"0,099";"0,543";"0,504";"0,348";"1,395";"0,687";"0,000";"0,687";
"28/09/2024 18:40";"0,341";"0,000";"0,300";"0,000";"0,140";"0,000";"0,781";"0,000";"0,020";"0,000";"0,000";"0,095";"0,533";"0,492";"0,332";"1,357";"0,576";"0,000";"0,576";
"28/09/2024 18:50";"0,358";"0,000";"0,335";"0,000";"0,141";"0,000";"0,834";"0,000";"0,002";"0,000";"0,000";"0,144";"0,525";"0,502";"0,308";"1,335";"0,501";"0,000";"0,501";
"28/09/2024 19:00";"0,425";"0,000";"0,273";"0,000";"0,091";"0,000";"0,789";"0,000";"0,000";"0,000";"0,000";"0,122";"0,538";"0,386";"0,204";"1,128";"0,339";"0,000";"0,339";
"28/09/2024 19:10";"0,599";"0,000";"0,263";"0,000";"0,091";"0,000";"0,953";"0,000";"0,000";"0,000";"0,000";"0,127";"0,678";"0,343";"0,170";"1,191";"0,238";"0,000";"0,238";
"28/09/2024 19:20";"0,894";"0,000";"0,249";"0,000";"0,091";"0,000";"1,233";"0,000";"0,000";"0,000";"0,000";"0,133";"0,963";"0,318";"0,160";"1,440";"0,207";"0,000";"0,207";
"28/09/2024 19:30";"0,696";"0,000";"0,259";"0,000";"0,091";"0,000";"1,046";"0,000";"0,000";"0,000";"0,000";"0,123";"0,756";"0,318";"0,151";"1,225";"0,179";"0,000";"0,179";
"28/09/2024 19:40";"0,291";"0,000";"0,265";"0,000";"0,091";"0,000";"0,647";"0,000";"0,000";"0,000";"0,000";"0,125";"0,331";"0,305";"0,132";"0,769";"0,122";"0,000";"0,122";
"28/09/2024 19:50";"0,269";"0,000";"0,265";"0,000";"0,095";"0,000";"0,629";"0,000";"0,000";"0,000";"0,000";"0,113";"0,287";"0,283";"0,114";"0,684";"0,055";"0,000";"0,055";
"28/09/2024 20:00";"0,660";"0,000";"0,254";"0,000";"0,091";"0,000";"1,005";"0,000";"0,000";"0,000";"0,000";"0,136";"0,668";"0,261";"0,099";"1,028";"0,023";"0,000";"0,023";
"28/09/2024 20:10";"0,829";"0,000";"0,244";"0,000";"0,091";"0,000";"1,163";"0,000";"0,000";"0,000";"0,000";"0,139";"0,829";"0,244";"0,091";"1,164";"0,001";"0,000";"0,001";
"28/09/2024 20:20";"0,533";"0,000";"0,313";"0,000";"0,143";"0,000";"0,989";"0,000";"0,000";"0,000";"0,000";"0,165";"0,533";"0,313";"0,143";"0,989";"0,000";"0,000";"0,000";
"28/09/2024 20:30";"0,649";"0,000";"0,434";"0,000";"0,224";"0,000";"1,307";"0,000";"0,000";"0,000";"0,000";"0,220";"0,649";"0,434";"0,224";"1,307";"0,000";"0,000";"0,000";
"28/09/2024 20:40";"0,689";"0,000";"0,444";"0,000";"0,232";"0,000";"1,365";"0,000";"0,000";"0,000";"0,000";"0,217";"0,689";"0,444";"0,232";"1,365";"0,000";"0,000";"0,000";
"28/09/2024 20:50";"0,938";"0,000";"0,421";"0,000";"0,412";"0,000";"1,770";"0,000";"0,000";"0,000";"0,000";"0,245";"0,938";"0,421";"0,412";"1,770";"0,000";"0,000";"0,000";
"28/09/2024 21:00";"0,885";"0,000";"0,400";"0,000";"0,579";"0,000";"1,863";"0,000";"0,000";"0,000";"0,000";"0,254";"0,885";"0,400";"0,579";"1,863";"0,000";"0,000";"0,000";
"28/09/2024 21:10";"0,431";"0,000";"0,431";"0,000";"0,491";"0,000";"1,353";"0,000";"0,000";"0,000";"0,000";"0,248";"0,431";"0,431";"0,491";"1,353";"0,000";"0,000";"0,000";
"28/09/2024 21:20";"0,415";"0,000";"0,430";"0,000";"0,505";"0,000";"1,349";"0,000";"0,000";"0,000";"0,000";"0,242";"0,415";"0,430";"0,505";"1,349";"0,000";"0,000";"0,000";
"28/09/2024 21:30";"0,622";"0,000";"0,422";"0,000";"0,516";"0,000";"1,560";"0,000";"0,000";"0,000";"0,000";"0,241";"0,622";"0,422";"0,516";"1,560";"0,000";"0,000";"0,000";
"28/09/2024 21:40";"0,947";"0,000";"0,405";"0,000";"0,558";"0,000";"1,910";"0,000";"0,000";"0,000";"0,000";"0,259";"0,947";"0,405";"0,558";"1,910";"0,000";"0,000";"0,000";
"28/09/2024 21:50";"0,840";"0,000";"0,434";"0,000";"0,504";"0,000";"1,778";"0,000";"0,000";"0,000";"0,000";"0,260";"0,840";"0,434";"0,504";"1,778";"0,000";"0,000";"0,000";
"28/09/2024 22:00";"0,426";"0,000";"0,437";"0,000";"0,518";"0,000";"1,380";"0,000";"0,000";"0,000";"0,000";"0,234";"0,426";"0,437";"0,518";"1,380";"0,000";"0,000";"0,000";
"28/09/2024 22:10";"0,470";"0,000";"0,407";"0,000";"0,510";"0,000";"1,387";"0,000";"0,000";"0,000";"0,000";"0,231";"0,470";"0,407";"0,510";"1,387";"0,000";"0,000";"0,000";
"28/09/2024 22:20";"0,678";"0,000";"0,422";"0,000";"0,503";"0,000";"1,604";"0,000";"0,000";"0,000";"0,000";"0,251";"0,678";"0,422";"0,503";"1,604";"0,000";"0,000";"0,000";
"28/09/2024 22:30";"0,602";"0,000";"0,511";"0,000";"0,561";"0,000";"1,673";"0,000";"0,000";"0,000";"0,000";"0,190";"0,602";"0,511";"0,561";"1,673";"0,000";"0,000";"0,000";
"28/09/2024 22:40";"0,473";"0,000";"0,479";"0,000";"0,555";"0,000";"1,506";"0,000";"0,000";"0,000";"0,000";"0,191";"0,473";"0,479";"0,555";"1,506";"0,000";"0,000";"0,000";
"28/09/2024 22:50";"0,655";"0,000";"0,481";"0,000";"0,567";"0,000";"1,703";"0,000";"0,000";"0,000";"0,000";"0,180";"0,655";"0,481";"0,567";"1,703";"0,000";"0,000";"0,000";
"28/09/2024 23:00";"0,568";"0,000";"0,430";"0,000";"0,505";"0,000";"1,503";"0,000";"0,000";"0,000";"0,000";"0,241";"0,568";"0,430";"0,505";"1,503";"0,000";"0,000";"0,000";
"28/09/2024 23:10";"0,438";"0,000";"0,433";"0,000";"0,499";"0,000";"1,369";"0,000";"0,000";"0,000";"0,000";"0,235";"0,438";"0,433";"0,499";"1,369";"0,000";"0,000";"0,000";
"28/09/2024 23:20";"0,443";"0,000";"0,429";"0,000";"0,498";"0,000";"1,370";"0,000";"0,000";"0,000";"0,000";"0,230";"0,443";"0,429";"0,498";"1,370";"0,000";"0,000";"0,000";
"28/09/2024 23:30";"0,880";"0,000";"0,412";"0,000";"0,516";"0,000";"1,808";"0,000";"0,000";"0,000";"0,000";"0,202";"0,880";"0,412";"0,516";"1,808";"0,000";"0,000";"0,000";
"28/09/2024 23:40";"1,048";"0,000";"0,424";"0,000";"0,511";"0,000";"1,983";"0,000";"0,000";"0,000";"0,000";"0,210";"1,048";"0,424";"0,511";"1,983";"0,000";"0,000";"0,000";
"28/09/2024 23:50";"0,712";"0,000";"0,441";"0,000";"0,501";"0,000";"1,654";"0,000";"0,000";"0,000";"0,000";"0,206";"0,712";"0,441";"0,501";"1,654";"0,000";"0,000";"0,000";
"29/09/2024 00:00";"0,527";"0,000";"0,421";"0,000";"0,495";"0,000";"1,444";"0,000";"0,000";"0,000";"0,000";"0,202";"0,527";"0,421";"0,495";"1,444";"0,000";"0,000";"0,000";
"29/09/2024 00:10";"0,557";"0,000";"0,407";"0,000";"0,515";"0,000";"1,478";"0,000";"0,000";"0,000";"0,000";"0,199";"0,557";"0,407";"0,515";"1,478";"0,000";"0,000";"0,000";
"29/09/2024 00:20";"1,046";"0,000";"0,443";"0,000";"0,521";"0,000";"2,009";"0,000";"0,000";"0,000";"0,000";"0,211";"1,046";"0,443";"0,521";"2,009";"0,000";"0,000";"0,000";
"29/09/2024 00:30";"1,262";"0,000";"0,439";"0,000";"0,506";"0,000";"2,207";"0,000";"0,000";"0,000";"0,000";"0,223";"1,262";"0,439";"0,506";"2,207";"0,000";"0,000";"0,000";
"29/09/2024 00:40";"0,628";"0,000";"0,399";"0,000";"0,493";"0,000";"1,520";"0,000";"0,000";"0,000";"0,000";"0,227";"0,628";"0,399";"0,493";"1,520";"0,000";"0,000";"0,000";
"29/09/2024 00:50";"0,434";"0,000";"0,411";"0,000";"0,499";"0,000";"1,344";"0,000";"0,000";"0,000";"0,000";"0,252";"0,434";"0,411";"0,499";"1,344";"0,000";"0,000";"0,000";
"29/09/2024 01:00";"0,644";"0,000";"0,437";"0,000";"0,524";"0,000";"1,605";"0,000";"0,000";"0,000";"0,000";"0,248";"0,644";"0,437";"0,524";"1,605";"0,000";"0,000";"0,000";
"29/09/2024 01:10";"0,957";"0,000";"0,432";"0,000";"0,511";"0,000";"1,900";"0,000";"0,000";"0,000";"0,000";"0,261";"0,957";"0,432";"0,511";"1,900";"0,000";"0,000";"0,000";
"29/09/2024 01:20";"0,715";"0,000";"0,403";"0,000";"0,496";"0,000";"1,614";"0,000";"0,000";"0,000";"0,000";"0,259";"0,715";"0,403";"0,496";"1,614";"0,000";"0,000";"0,000";
"29/09/2024 01:30";"0,433";"0,000";"0,412";"0,000";"0,502";"0,000";"1,347";"0,000";"0,000";"0,000";"0,000";"0,241";"0,433";"0,412";"0,502";"1,347";"0,000";"0,000";"0,000";
"29/09/2024 01:40";"0,427";"0,000";"0,435";"0,000";"0,597";"0,000";"1,459";"0,000";"0,000";"0,000";"0,000";"0,238";"0,427";"0,435";"0,597";"1,459";"0,000";"0,000";"0,000";
"29/09/2024 01:50";"0,907";"0,000";"0,446";"0,000";"0,505";"0,000";"1,858";"0,000";"0,000";"0,000";"0,000";"0,257";"0,907";"0,446";"0,505";"1,858";"0,000";"0,000";"0,000";
"29/09/2024 02:00";"0,936";"0,000";"0,410";"0,000";"0,507";"0,000";"1,853";"0,000";"0,000";"0,000";"0,000";"0,255";"0,936";"0,410";"0,507";"1,853";"0,000";"0,000";"0,000";
"29/09/2024 02:10";"0,425";"0,000";"0,413";"0,000";"0,505";"0,000";"1,344";"0,000";"0,000";"0,000";"0,000";"0,244";"0,425";"0,413";"0,505";"1,344";"0,000";"0,000";"0,000";
"29/09/2024 02:20";"0,425";"0,000";"0,441";"0,000";"0,514";"0,000";"1,380";"0,000";"0,000";"0,000";"0,000";"0,240";"0,425";"0,441";"0,514";"1,380";"0,000";"0,000";"0,000";
"29/09/2024 02:30";"0,601";"0,000";"0,443";"0,000";"0,513";"0,000";"1,557";"0,000";"0,000";"0,000";"0,000";"0,236";"0,601";"0,443";"0,513";"1,557";"0,000";"0,000";"0,000";
"29/09/2024 02:40";"0,959";"0,000";"0,412";"0,000";"0,507";"0,000";"1,878";"0,000";"0,000";"0,000";"0,000";"0,248";"0,959";"0,412";"0,507";"1,878";"0,000";"0,000";"0,000";
"29/09/2024 02:50";"0,774";"0,000";"0,412";"0,000";"0,503";"0,000";"1,689";"0,000";"0,000";"0,000";"0,000";"0,252";"0,774";"0,412";"0,503";"1,689";"0,000";"0,000";"0,000";
"29/09/2024 03:00";"0,444";"0,000";"0,440";"0,000";"0,499";"0,000";"1,383";"0,000";"0,000";"0,000";"0,000";"0,245";"0,444";"0,440";"0,499";"1,383";"0,000";"0,000";"0,000";
"29/09/2024 03:10";"0,681";"0,000";"0,438";"0,000";"0,514";"0,000";"1,633";"0,000";"0,000";"0,000";"0,000";"0,243";"0,681";"0,438";"0,514";"1,633";"0,000";"0,000";"0,000";
"29/09/2024 03:20";"0,891";"0,000";"0,408";"0,000";"0,515";"0,000";"1,813";"0,000";"0,000";"0,000";"0,000";"0,252";"0,891";"0,408";"0,515";"1,813";"0,000";"0,000";"0,000";
"29/09/2024 03:30";"0,967";"0,000";"0,431";"0,000";"0,499";"0,000";"1,897";"0,000";"0,000";"0,000";"0,000";"0,251";"0,967";"0,431";"0,499";"1,897";"0,000";"0,000";"0,000";
"29/09/2024 03:40";"0,678";"0,000";"0,433";"0,000";"0,502";"0,000";"1,614";"0,000";"0,000";"0,000";"0,000";"0,255";"0,678";"0,433";"0,502";"1,614";"0,000";"0,000";"0,000";
"29/09/2024 03:50";"0,429";"0,000";"0,428";"0,000";"0,511";"0,000";"1,368";"0,000";"0,000";"0,000";"0,000";"0,243";"0,429";"0,428";"0,511";"1,368";"0,000";"0,000";"0,000";
"29/09/2024 04:00";"0,411";"0,000";"0,412";"0,000";"0,514";"0,000";"1,337";"0,000";"0,000";"0,000";"0,000";"0,231";"0,411";"0,412";"0,514";"1,337";"0,000";"0,000";"0,000";
"29/09/2024 04:10";"0,767";"0,000";"0,429";"0,000";"0,502";"0,000";"1,697";"0,000";"0,000";"0,000";"0,000";"0,250";"0,767";"0,429";"0,502";"1,697";"0,000";"0,000";"0,000";
"29/09/2024 04:20";"0,954";"0,000";"0,429";"0,000";"0,488";"0,000";"1,871";"0,000";"0,000";"0,000";"0,000";"0,262";"0,954";"0,429";"0,488";"1,871";"0,000";"0,000";"0,000";
"29/09/2024 04:30";"0,603";"0,000";"0,425";"0,000";"0,499";"0,000";"1,527";"0,000";"0,000";"0,000";"0,000";"0,256";"0,603";"0,425";"0,499";"1,527";"0,000";"0,000";"0,000";
"29/09/2024 04:40";"0,429";"0,000";"0,408";"0,000";"0,502";"0,000";"1,339";"0,000";"0,000";"0,000";"0,000";"0,240";"0,429";"0,408";"0,502";"1,339";"0,000";"0,000";"0,000";
"29/09/2024 04:50";"0,419";"0,000";"0,420";"0,000";"0,496";"0,000";"1,336";"0,000";"0,000";"0,000";"0,000";"0,241";"0,419";"0,420";"0,496";"1,336";"0,000";"0,000";"0,000";
"29/09/2024 05:00";"0,546";"0,000";"0,473";"0,000";"0,507";"0,000";"1,527";"0,000";"0,000";"0,000";"0,000";"0,224";"0,546";"0,473";"0,507";"1,527";"0,000";"0,000";"0,000";
"29/09/2024 05:10";"0,516";"0,000";"0,524";"0,000";"0,583";"0,000";"1,622";"0,000";"0,000";"0,000";"0,000";"0,164";"0,516";"0,524";"0,583";"1,622";"0,000";"0,000";"0,000";
"29/09/2024 05:20";"0,467";"0,000";"0,443";"0,000";"0,532";"0,000";"1,442";"0,000";"0,000";"0,000";"0,000";"0,218";"0,467";"0,443";"0,532";"1,442";"0,000";"0,000";"0,000";
"29/09/2024 05:30";"0,605";"0,000";"0,446";"0,000";"0,529";"0,000";"1,580";"0,000";"0,000";"0,000";"0,000";"0,215";"0,605";"0,446";"0,529";"1,580";"0,000";"0,000";"0,000";
"29/09/2024 05:40";"0,423";"0,000";"0,438";"0,000";"0,518";"0,000";"1,380";"0,000";"0,000";"0,000";"0,000";"0,244";"0,423";"0,438";"0,518";"1,380";"0,000";"0,000";"0,000";
"29/09/2024 05:50";"0,539";"0,000";"0,449";"0,000";"0,545";"0,000";"1,533";"0,000";"0,000";"0,000";"0,000";"0,241";"0,539";"0,449";"0,545";"1,533";"0,000";"0,000";"0,000";
"29/09/2024 06:00";"0,944";"0,000";"0,398";"0,000";"0,519";"0,000";"1,861";"0,000";"0,000";"0,000";"0,000";"0,269";"0,944";"0,398";"0,519";"1,861";"0,000";"0,000";"0,000";
"29/09/2024 06:10";"0,931";"0,000";"0,430";"0,000";"0,507";"0,000";"1,868";"0,000";"0,000";"0,000";"0,000";"0,250";"0,931";"0,430";"0,507";"1,868";"0,000";"0,000";"0,000";
"29/09/2024 06:20";"0,697";"0,000";"0,445";"0,000";"0,268";"0,000";"1,410";"0,000";"0,000";"0,000";"0,000";"0,215";"0,697";"0,445";"0,268";"1,410";"0,000";"0,000";"0,000";
"29/09/2024 06:30";"0,439";"0,000";"0,438";"0,000";"0,235";"0,000";"1,111";"0,000";"0,000";"0,000";"0,000";"0,204";"0,439";"0,438";"0,235";"1,111";"0,000";"0,000";"0,000";
"29/09/2024 06:40";"0,683";"0,000";"0,407";"0,000";"0,234";"0,000";"1,323";"0,000";"0,000";"0,000";"0,000";"0,230";"0,683";"0,407";"0,234";"1,323";"0,000";"0,000";"0,000";
"29/09/2024 06:50";"0,948";"0,000";"0,404";"0,000";"0,234";"0,000";"1,586";"0,000";"0,000";"0,000";"0,000";"0,239";"0,948";"0,404";"0,234";"1,586";"0,000";"0,000";"0,000";
"29/09/2024 07:00";"0,720";"0,000";"0,434";"0,000";"0,233";"0,000";"1,386";"0,000";"0,000";"0,000";"0,000";"0,224";"0,720";"0,434";"0,233";"1,386";"0,000";"0,000";"0,000";
"29/09/2024 07:10";"0,430";"0,000";"0,429";"0,000";"0,233";"0,000";"1,091";"0,000";"0,000";"0,000";"0,000";"0,219";"0,430";"0,429";"0,233";"1,091";"0,000";"0,000";"0,000";
"29/09/2024 07:20";"0,432";"0,000";"0,406";"0,000";"0,233";"0,000";"1,070";"0,000";"0,000";"0,000";"0,000";"0,226";"0,432";"0,406";"0,233";"1,070";"0,000";"0,000";"0,000";
"29/09/2024 07:30";"0,725";"0,000";"0,389";"0,000";"0,237";"0,000";"1,351";"0,000";"0,000";"0,000";"0,000";"0,235";"0,725";"0,389";"0,237";"1,351";"0,000";"0,000";"0,000";
"29/09/2024 07:40";"0,930";"0,000";"0,418";"0,000";"0,233";"0,000";"1,581";"0,000";"0,000";"0,000";"0,000";"0,237";"0,930";"0,418";"0,233";"1,581";"0,000";"0,000";"0,000";
"29/09/2024 07:50";"0,683";"0,000";"0,430";"0,000";"0,233";"0,000";"1,346";"0,000";"0,000";"0,000";"0,000";"0,226";"0,683";"0,430";"0,233";"1,346";"0,000";"0,000";"0,000";
"29/09/2024 08:00";"0,415";"0,000";"0,421";"0,000";"0,232";"0,000";"1,069";"0,000";"0,000";"0,000";"0,000";"0,232";"0,415";"0,421";"0,232";"1,069";"0,000";"0,000";"0,000";
"29/09/2024 08:10";"0,415";"0,000";"0,408";"0,000";"0,228";"0,000";"1,051";"0,000";"0,000";"0,000";"0,000";"0,212";"0,415";"0,408";"0,228";"1,051";"0,000";"0,000";"0,000";
"29/09/2024 08:20";"0,702";"0,000";"0,354";"0,000";"0,179";"0,000";"1,235";"0,000";"0,000";"0,000";"0,000";"0,187";"0,702";"0,354";"0,179";"1,235";"0,000";"0,000";"0,000";
"29/09/2024 08:30";"0,839";"0,000";"0,307";"0,000";"0,113";"0,000";"1,259";"0,000";"0,000";"0,000";"0,000";"0,166";"0,840";"0,308";"0,114";"1,262";"0,003";"0,000";"0,003";
"29/09/2024 08:40";"0,486";"0,000";"0,294";"0,000";"0,117";"0,000";"0,897";"0,000";"0,000";"0,000";"0,000";"0,146";"0,490";"0,299";"0,121";"0,911";"0,014";"0,000";"0,014";
"29/09/2024 08:50";"0,303";"0,000";"0,256";"0,000";"0,101";"0,000";"0,660";"0,000";"0,000";"0,000";"0,000";"0,125";"0,316";"0,269";"0,114";"0,699";"0,039";"0,000";"0,039";
"29/09/2024 09:00";"0,300";"0,000";"0,246";"0,000";"0,093";"0,000";"0,639";"0,000";"0,000";"0,000";"0,000";"0,111";"0,325";"0,270";"0,118";"0,713";"0,074";"0,000";"0,074";
"29/09/2024 09:10";"0,900";"0,000";"0,269";"0,000";"0,093";"0,000";"1,263";"0,000";"0,000";"0,000";"0,000";"0,140";"0,919";"0,289";"0,113";"1,321";"0,058";"0,000";"0,058";
"29/09/2024 09:20";"1,047";"0,000";"0,259";"0,000";"0,188";"0,000";"1,494";"0,000";"0,000";"0,000";"0,000";"0,153";"1,074";"0,287";"0,216";"1,577";"0,083";"0,000";"0,083";
"29/09/2024 09:30";"0,383";"0,000";"0,243";"0,000";"0,416";"0,000";"1,042";"0,000";"0,000";"0,000";"0,000";"0,141";"0,449";"0,308";"0,481";"1,239";"0,197";"0,000";"0,197";
"29/09/2024 09:40";"0,293";"0,000";"0,239";"0,000";"0,365";"0,000";"0,896";"0,000";"0,001";"0,000";"0,000";"0,148";"0,414";"0,360";"0,487";"1,260";"0,364";"0,000";"0,364";
"29/09/2024 09:50";"0,277";"0,000";"0,258";"0,000";"0,358";"0,000";"0,893";"0,000";"0,000";"0,000";"0,000";"0,152";"0,426";"0,407";"0,506";"1,339";"0,446";"0,000";"0,446";
"29/09/2024 10:00";"0,787";"0,000";"0,268";"0,000";"0,365";"0,000";"1,421";"0,000";"0,000";"0,000";"0,000";"0,158";"0,982";"0,464";"0,561";"2,007";"0,586";"0,000";"0,586";
"29/09/2024 10:10";"0,795";"0,000";"0,237";"0,000";"0,344";"0,000";"1,376";"0,000";"0,000";"0,000";"0,000";"0,169";"0,974";"0,416";"0,523";"1,914";"0,538";"0,000";"0,538";
"29/09/2024 10:20";"0,322";"0,000";"0,237";"0,000";"0,354";"0,000";"0,913";"0,000";"0,000";"0,000";"0,000";"0,152";"0,506";"0,421";"0,537";"1,463";"0,550";"0,000";"0,550";
"29/09/2024 10:30";"0,304";"0,000";"0,274";"0,000";"0,363";"0,000";"0,941";"0,000";"0,000";"0,000";"0,000";"0,143";"0,504";"0,474";"0,563";"1,541";"0,600";"0,000";"0,600";
"29/09/2024 10:40";"0,310";"0,000";"0,256";"0,000";"0,354";"0,000";"0,921";"0,000";"0,000";"0,000";"0,000";"0,145";"0,505";"0,450";"0,548";"1,504";"0,583";"0,000";"0,583";
"29/09/2024 10:50";"0,774";"0,000";"0,220";"0,000";"0,343";"0,000";"1,338";"0,000";"0,000";"0,000";"0,000";"0,174";"1,037";"0,483";"0,606";"2,127";"0,789";"0,000";"0,789";
"29/09/2024 11:00";"0,808";"0,000";"0,270";"0,000";"0,357";"0,000";"1,435";"0,000";"0,000";"0,000";"0,000";"0,154";"1,165";"0,627";"0,715";"2,507";"1,072";"0,000";"1,072";
"29/09/2024 11:10";"0,281";"0,000";"0,264";"0,000";"0,362";"0,000";"0,907";"0,000";"0,000";"0,000";"0,000";"0,138";"0,621";"0,604";"0,702";"1,927";"1,020";"0,000";"1,020";
"29/09/2024 11:20";"0,289";"0,000";"0,240";"0,000";"0,356";"0,000";"0,885";"0,000";"0,000";"0,000";"0,000";"0,150";"0,787";"0,739";"0,855";"2,381";"1,496";"0,000";"1,496";
"29/09/2024 11:30";"0,283";"0,000";"0,228";"0,000";"0,344";"0,000";"0,855";"0,000";"0,000";"0,000";"0,000";"0,144";"0,746";"0,691";"0,806";"2,243";"1,388";"0,000";"1,388";
"29/09/2024 11:40";"0,370";"0,000";"0,335";"0,000";"0,406";"0,000";"1,111";"0,000";"0,008";"0,000";"0,000";"0,123";"0,714";"0,679";"0,750";"2,143";"1,032";"0,000";"1,032";
"29/09/2024 11:50";"0,348";"0,000";"0,300";"0,000";"0,398";"0,000";"1,047";"0,000";"0,000";"0,000";"0,000";"0,171";"0,774";"0,726";"0,824";"2,325";"1,278";"0,000";"1,278";
"29/09/2024 12:00";"0,293";"0,000";"0,250";"0,000";"0,350";"0,000";"0,892";"0,000";"0,000";"0,000";"0,000";"0,142";"0,833";"0,790";"0,890";"2,514";"1,622";"0,000";"1,622";
"29/09/2024 12:10";"0,290";"0,000";"0,231";"0,000";"0,339";"0,000";"0,860";"0,000";"0,000";"0,000";"0,000";"0,140";"0,797";"0,738";"0,846";"2,380";"1,520";"0,000";"1,520";
"29/09/2024 12:20";"0,367";"0,000";"0,336";"0,000";"0,404";"0,000";"1,106";"0,000";"0,003";"0,000";"0,000";"0,112";"0,967";"0,936";"1,004";"2,907";"1,801";"0,000";"1,801";
"29/09/2024 12:30";"0,295";"0,000";"0,256";"0,000";"0,349";"0,000";"0,899";"0,000";"0,000";"0,000";"0,000";"0,146";"1,084";"1,046";"1,138";"3,268";"2,369";"0,000";"2,369";
"29/09/2024 12:40";"0,531";"0,000";"0,254";"0,000";"0,334";"0,000";"1,120";"0,000";"0,000";"0,000";"0,000";"0,141";"1,901";"1,625";"1,704";"5,231";"4,111";"0,000";"4,111";
"29/09/2024 12:50";"0,573";"0,000";"0,322";"0,000";"0,477";"0,000";"1,373";"0,000";"0,001";"0,000";"0,000";"0,115";"2,041";"1,790";"1,945";"5,777";"4,404";"0,000";"4,404";
"29/09/2024 13:00";"0,299";"0,000";"0,234";"0,000";"0,215";"0,000";"0,748";"0,000";"0,000";"0,000";"0,000";"0,121";"1,837";"1,773";"1,754";"5,364";"4,616";"0,000";"4,616";
"29/09/2024 13:10";"0,291";"0,000";"0,257";"0,000";"0,092";"0,000";"0,639";"0,000";"0,000";"0,000";"0,000";"0,120";"1,344";"1,310";"1,145";"3,799";"3,160";"0,000";"3,160";
"29/09/2024 13:20";"0,358";"0,000";"0,312";"0,000";"0,122";"0,000";"0,792";"0,000";"0,014";"0,000";"0,000";"0,081";"1,584";"1,539";"1,349";"4,472";"3,680";"0,000";"3,680";
"29/09/2024 13:30";"0,397";"0,000";"0,277";"0,000";"0,120";"0,000";"0,794";"0,000";"0,007";"0,000";"0,000";"0,082";"1,469";"1,349";"1,193";"4,012";"3,218";"0,000";"3,218";
"29/09/2024 13:40";"0,384";"0,000";"0,240";"0,000";"0,096";"0,000";"0,720";"0,000";"0,006";"0,000";"0,000";"0,073";"1,582";"1,437";"1,293";"4,312";"3,592";"0,000";"3,592";
"29/09/2024 13:50";"0,443";"0,000";"0,317";"0,000";"0,144";"0,000";"0,903";"0,000";"0,010";"0,000";"0,000";"0,070";"1,477";"1,351";"1,178";"4,006";"3,103";"0,000";"3,103";
"29/09/2024 14:00";"0,391";"0,000";"0,263";"0,000";"0,096";"0,000";"0,750";"0,000";"0,003";"0,000";"0,000";"0,084";"1,405";"1,277";"1,110";"3,792";"3,042";"0,000";"3,042";
"29/09/2024 14:10";"0,389";"0,000";"0,237";"0,000";"0,092";"0,000";"0,718";"0,000";"0,004";"0,000";"0,000";"0,074";"1,310";"1,159";"1,014";"3,482";"2,764";"0,000";"2,764";
"29/09/2024 14:20";"0,396";"0,000";"0,324";"0,000";"0,151";"0,000";"0,871";"0,000";"0,004";"0,000";"0,000";"0,062";"1,256";"1,184";"1,010";"3,450";"2,579";"0,000";"2,579";
"29/09/2024 14:30";"0,296";"0,000";"0,263";"0,000";"0,093";"0,000";"0,653";"0,000";"0,000";"0,000";"0,000";"0,112";"0,757";"0,724";"0,554";"2,036";"1,383";"0,000";"1,383";
"29/09/2024 14:40";"0,292";"0,000";"0,264";"0,000";"0,092";"0,000";"0,647";"0,000";"0,000";"0,000";"0,000";"0,118";"0,708";"0,680";"0,508";"1,896";"1,249";"0,000";"1,249";
"29/09/2024 14:50";"0,359";"0,000";"0,304";"0,000";"0,153";"0,000";"0,816";"0,000";"0,007";"0,000";"0,000";"0,059";"0,612";"0,557";"0,406";"1,575";"0,759";"0,000";"0,759";
"29/09/2024 15:00";"0,303";"0,000";"0,268";"0,000";"0,093";"0,000";"0,663";"0,000";"0,000";"0,000";"0,000";"0,103";"0,611";"0,576";"0,401";"1,588";"0,925";"0,000";"0,925";
"29/09/2024 15:10";"0,354";"0,000";"0,332";"0,000";"0,153";"0,000";"0,839";"0,000";"0,012";"0,000";"0,000";"0,107";"0,589";"0,568";"0,389";"1,546";"0,707";"0,000";"0,707";
"29/09/2024 15:20";"0,285";"0,000";"0,243";"0,000";"0,093";"0,000";"0,621";"0,000";"0,001";"0,000";"0,000";"0,119";"0,423";"0,382";"0,232";"1,037";"0,416";"0,000";"0,416";
"29/09/2024 15:30";"0,352";"0,000";"0,301";"0,000";"0,145";"0,000";"0,798";"0,000";"0,009";"0,000";"0,000";"0,086";"0,497";"0,446";"0,289";"1,232";"0,434";"0,000";"0,434";
"29/09/2024 15:40";"0,295";"0,000";"0,289";"0,000";"0,105";"0,000";"0,689";"0,000";"0,002";"0,000";"0,000";"0,116";"0,511";"0,505";"0,321";"1,337";"0,648";"0,000";"0,648";
"29/09/2024 15:50";"0,288";"0,000";"0,261";"0,000";"0,097";"0,000";"0,646";"0,000";"0,000";"0,000";"0,000";"0,116";"0,564";"0,537";"0,372";"1,473";"0,827";"0,000";"0,827";
"29/09/2024 16:00";"0,371";"0,000";"0,320";"0,000";"0,158";"0,000";"0,850";"0,000";"0,009";"0,000";"0,000";"0,093";"0,618";"0,567";"0,405";"1,591";"0,741";"0,000";"0,741";
"29/09/2024 16:10";"0,304";"0,000";"0,265";"0,000";"0,094";"0,000";"0,663";"0,000";"0,001";"0,000";"0,000";"0,104";"0,491";"0,452";"0,281";"1,224";"0,561";"0,000";"0,561";
"29/09/2024 16:20";"0,532";"0,000";"0,273";"0,000";"0,091";"0,000";"0,896";"0,000";"0,000";"0,000";"0,000";"0,125";"0,680";"0,421";"0,239";"1,340";"0,444";"0,000";"0,444";
"29/09/2024 16:30";"0,544";"0,000";"0,323";"0,000";"0,154";"0,000";"1,020";"0,000";"0,011";"0,000";"0,000";"0,090";"0,696";"0,474";"0,305";"1,475";"0,455";"0,000";"0,455";
"29/09/2024 16:40";"0,301";"0,000";"0,230";"0,000";"0,245";"0,000";"0,776";"0,000";"0,000";"0,000";"0,000";"0,134";"0,464";"0,393";"0,408";"1,265";"0,489";"0,000";"0,489";
"29/09/2024 16:50";"0,300";"0,000";"0,273";"0,000";"0,397";"0,000";"0,970";"0,000";"0,000";"0,000";"0,000";"0,138";"0,474";"0,447";"0,571";"1,492";"0,522";"0,000";"0,522";
"29/09/2024 17:00";"0,366";"0,000";"0,344";"0,000";"0,423";"0,000";"1,133";"0,000";"0,003";"0,000";"0,000";"0,107";"0,546";"0,524";"0,604";"1,675";"0,542";"0,000";"0,542";
"29/09/2024 17:10";"0,282";"0,000";"0,222";"0,000";"0,353";"0,000";"0,856";"0,000";"0,000";"0,000";"0,000";"0,147";"0,419";"0,359";"0,490";"1,268";"0,412";"0,000";"0,412";
"29/09/2024 17:20";"0,351";"0,000";"0,327";"0,000";"0,405";"0,000";"1,082";"0,000";"0,019";"0,000";"0,000";"0,107";"0,521";"0,498";"0,575";"1,594";"0,512";"0,000";"0,512";
"29/09/2024 17:30";"0,332";"0,000";"0,297";"0,000";"0,378";"0,000";"1,007";"0,000";"0,000";"0,000";"0,000";"0,112";"0,469";"0,434";"0,515";"1,418";"0,411";"0,000";"0,411";
"29/09/2024 17:40";"0,309";"0,000";"0,233";"0,000";"0,343";"0,000";"0,885";"0,000";"0,000";"0,000";"0,000";"0,151";"0,448";"0,372";"0,482";"1,302";"0,417";"0,000";"0,417";
"29/09/2024 17:50";"0,378";"0,000";"0,323";"0,000";"0,427";"0,000";"1,128";"0,000";"0,007";"0,000";"0,000";"0,086";"0,499";"0,444";"0,549";"1,492";"0,364";"0,000";"0,364";
"29/09/2024 18:00";"0,456";"0,000";"0,340";"0,000";"0,419";"0,000";"1,216";"0,000";"0,003";"0,000";"0,000";"0,079";"0,531";"0,416";"0,495";"1,442";"0,226";"0,000";"0,226";
"29/09/2024 18:10";"0,301";"0,000";"0,278";"0,000";"0,355";"0,000";"0,934";"0,000";"0,000";"0,000";"0,000";"0,122";"0,390";"0,367";"0,444";"1,200";"0,266";"0,000";"0,266";
"29/09/2024 18:20";"0,305";"0,000";"0,237";"0,000";"0,345";"0,000";"0,887";"0,000";"0,000";"0,000";"0,000";"0,152";"0,391";"0,322";"0,431";"1,144";"0,257";"0,000";"0,257";
"29/09/2024 18:30";"0,390";"0,000";"0,236";"0,000";"0,351";"0,000";"0,978";"0,000";"0,000";"0,000";"0,000";"0,144";"0,465";"0,311";"0,426";"1,203";"0,225";"0,000";"0,225";
"29/09/2024 18:40";"0,822";"0,000";"0,259";"0,000";"0,364";"0,000";"1,446";"0,000";"0,000";"0,000";"0,000";"0,150";"0,887";"0,324";"0,429";"1,640";"0,194";"0,000";"0,194";
"29/09/2024 18:50";"0,620";"0,000";"0,272";"0,000";"0,355";"0,000";"1,247";"0,000";"0,000";"0,000";"0,000";"0,149";"0,669";"0,321";"0,403";"1,393";"0,146";"0,000";"0,146";
"29/09/2024 19:00";"0,282";"0,000";"0,263";"0,000";"0,353";"0,000";"0,899";"0,000";"0,000";"0,000";"0,000";"0,136";"0,327";"0,308";"0,398";"1,033";"0,134";"0,000";"0,134";
"29/09/2024 19:10";"0,689";"0,000";"0,738";"0,000";"0,920";"0,000";"2,347";"0,000";"0,089";"0,000";"0,000";"0,201";"0,715";"0,765";"0,947";"2,427";"0,080";"0,000";"0,080";
"29/09/2024 19:20";"0,793";"0,000";"0,926";"0,000";"1,144";"0,000";"2,864";"0,000";"0,081";"0,000";"0,000";"0,186";"0,809";"0,942";"1,160";"2,910";"0,046";"0,000";"0,046";
"29/09/2024 19:30";"0,830";"0,000";"0,797";"0,000";"0,994";"0,000";"2,620";"0,000";"0,075";"0,000";"0,000";"0,173";"0,840";"0,807";"1,004";"2,651";"0,031";"0,000";"0,031";
"29/09/2024 19:40";"0,805";"0,000";"0,854";"0,000";"1,008";"0,000";"2,667";"0,000";"0,346";"0,000";"0,000";"0,137";"0,808";"0,857";"1,011";"2,676";"0,009";"0,000";"0,009";
"29/09/2024 19:50";"0,438";"0,000";"0,526";"0,000";"0,718";"0,000";"1,682";"0,000";"0,013";"0,000";"0,000";"0,142";"0,439";"0,527";"0,719";"1,685";"0,003";"0,000";"0,003";
"29/09/2024 20:00";"0,375";"0,000";"0,271";"0,000";"0,405";"0,000";"1,051";"0,000";"0,013";"0,000";"0,000";"0,089";"0,375";"0,271";"0,405";"1,051";"0,000";"0,000";"0,000";
"29/09/2024 20:10";"0,333";"0,000";"0,291";"0,000";"0,423";"0,000";"1,047";"0,000";"0,001";"0,000";"0,000";"0,139";"0,333";"0,291";"0,423";"1,047";"0,000";"0,000";"0,000";
"29/09/2024 20:20";"0,879";"0,000";"0,443";"0,000";"0,536";"0,000";"1,857";"0,000";"0,004";"0,000";"0,000";"0,163";"0,879";"0,443";"0,536";"1,857";"0,000";"0,000";"0,000";
"29/09/2024 20:30";"0,587";"0,000";"0,374";"0,000";"0,559";"0,000";"1,520";"0,000";"0,000";"0,000";"0,000";"0,205";"0,587";"0,374";"0,559";"1,520";"0,000";"0,000";"0,000";
"29/09/2024 20:40";"0,388";"0,000";"0,369";"0,000";"0,342";"0,000";"1,099";"0,000";"0,000";"0,000";"0,000";"0,207";"0,388";"0,369";"0,342";"1,099";"0,000";"0,000";"0,000";
"29/09/2024 20:50";"0,518";"0,000";"0,388";"0,000";"0,236";"0,000";"1,142";"0,000";"0,000";"0,000";"0,000";"0,206";"0,518";"0,388";"0,236";"1,142";"0,000";"0,000";"0,000";
"29/09/2024 21:00";"0,897";"0,000";"0,404";"0,000";"0,237";"0,000";"1,538";"0,000";"0,000";"0,000";"0,000";"0,189";"0,897";"0,404";"0,237";"1,538";"0,000";"0,000";"0,000";
"29/09/2024 21:10";"0,728";"0,000";"0,364";"0,000";"0,237";"0,000";"1,330";"0,000";"0,000";"0,000";"0,000";"0,203";"0,728";"0,364";"0,237";"1,330";"0,000";"0,000";"0,000";
"29/09/2024 21:20";"0,383";"0,000";"0,354";"0,000";"0,236";"0,000";"0,973";"0,000";"0,000";"0,000";"0,000";"0,202";"0,383";"0,354";"0,236";"0,973";"0,000";"0,000";"0,000";
"29/09/2024 21:30";"0,386";"0,000";"0,408";"0,000";"0,235";"0,000";"1,028";"0,000";"0,000";"0,000";"0,000";"0,176";"0,386";"0,408";"0,235";"1,028";"0,000";"0,000";"0,000";
"29/09/2024 21:40";"0,665";"0,000";"0,392";"0,000";"0,235";"0,000";"1,292";"0,000";"0,000";"0,000";"0,000";"0,202";"0,665";"0,392";"0,235";"1,292";"0,000";"0,000";"0,000";
"29/09/2024 21:50";"0,878";"0,000";"0,371";"0,000";"0,235";"0,000";"1,484";"0,000";"0,000";"0,000";"0,000";"0,216";"0,878";"0,371";"0,235";"1,484";"0,000";"0,000";"0,000";
"29/09/2024 22:00";"0,371";"0,000";"0,365";"0,000";"0,235";"0,000";"0,971";"0,000";"0,000";"0,000";"0,000";"0,192";"0,371";"0,365";"0,235";"0,971";"0,000";"0,000";"0,000";
"29/09/2024 22:10";"0,358";"0,000";"0,395";"0,000";"0,239";"0,000";"0,991";"0,000";"0,000";"0,000";"0,000";"0,184";"0,358";"0,395";"0,239";"0,991";"0,000";"0,000";"0,000";
"29/09/2024 22:20";"0,405";"0,000";"0,397";"0,000";"0,236";"0,000";"1,037";"0,000";"0,000";"0,000";"0,000";"0,198";"0,405";"0,397";"0,236";"1,037";"0,000";"0,000";"0,000";
"29/09/2024 22:30";"0,482";"0,000";"0,470";"0,000";"0,324";"0,000";"1,276";"0,000";"0,001";"0,000";"0,000";"0,124";"0,482";"0,470";"0,324";"1,276";"0,000";"0,000";"0,000";
"29/09/2024 22:40";"0,382";"0,000";"0,369";"0,000";"0,235";"0,000";"0,986";"0,000";"0,000";"0,000";"0,000";"0,186";"0,382";"0,369";"0,235";"0,986";"0,000";"0,000";"0,000";
"29/09/2024 22:50";"0,384";"0,000";"0,400";"0,000";"0,234";"0,000";"1,019";"0,000";"0,000";"0,000";"0,000";"0,197";"0,384";"0,400";"0,234";"1,019";"0,000";"0,000";"0,000";
"29/09/2024 23:00";"0,432";"0,000";"0,469";"0,000";"0,299";"0,000";"1,200";"0,000";"0,000";"0,000";"0,000";"0,135";"0,432";"0,469";"0,299";"1,200";"0,000";"0,000";"0,000";
"29/09/2024 23:10";"0,386";"0,000";"0,384";"0,000";"0,263";"0,000";"1,033";"0,000";"0,000";"0,000";"0,000";"0,165";"0,386";"0,384";"0,263";"1,033";"0,000";"0,000";"0,000";
"29/09/2024 23:20";"0,372";"0,000";"0,380";"0,000";"0,235";"0,000";"0,987";"0,000";"0,000";"0,000";"0,000";"0,197";"0,372";"0,380";"0,235";"0,987";"0,000";"0,000";"0,000";
"29/09/2024 23:30";"0,391";"0,000";"0,429";"0,000";"0,253";"0,000";"1,072";"0,000";"0,005";"0,000";"0,000";"0,170";"0,391";"0,429";"0,253";"1,072";"0,000";"0,000";"0,000";
"29/09/2024 23:40";"0,450";"0,000";"0,459";"0,000";"0,300";"0,000";"1,209";"0,000";"0,003";"0,000";"0,000";"0,142";"0,450";"0,459";"0,300";"1,209";"0,000";"0,000";"0,000";
"29/09/2024 23:50";"0,382";"0,000";"0,354";"0,000";"0,236";"0,000";"0,972";"0,000";"0,000";"0,000";"0,000";"0,201";"0,382";"0,354";"0,236";"0,972";"0,000";"0,000";"0,000";
"30/09/2024 00:00";"0,386";"0,000";"0,399";"0,000";"0,235";"0,000";"1,020";"0,000";"0,000";"0,000";"0,000";"0,180";"0,386";"0,399";"0,235";"1,020";"0,000";"0,000";"0,000";
"30/09/2024 00:10";"0,571";"0,000";"0,475";"0,000";"0,309";"0,000";"1,355";"0,000";"0,000";"0,000";"0,000";"0,130";"0,571";"0,475";"0,309";"1,355";"0,000";"0,000";"0,000";
"30/09/2024 00:20";"0,677";"0,000";"0,440";"0,000";"0,363";"0,000";"1,480";"0,000";"0,002";"0,000";"0,000";"0,167";"0,677";"0,440";"0,363";"1,480";"0,000";"0,000";"0,000";
"30/09/2024 00:30";"0,533";"0,000";"0,370";"0,000";"0,539";"0,000";"1,442";"0,000";"0,000";"0,000";"0,000";"0,209";"0,533";"0,370";"0,539";"1,442";"0,000";"0,000";"0,000";
"30/09/2024 00:40";"0,383";"0,000";"0,388";"0,000";"0,544";"0,000";"1,314";"0,000";"0,000";"0,000";"0,000";"0,222";"0,383";"0,388";"0,544";"1,314";"0,000";"0,000";"0,000";
"30/09/2024 00:50";"0,465";"0,000";"0,471";"0,000";"0,564";"0,000";"1,500";"0,000";"0,000";"0,000";"0,000";"0,156";"0,465";"0,471";"0,564";"1,500";"0,000";"0,000";"0,000";
"30/09/2024 01:00";"0,414";"0,000";"0,448";"0,000";"0,548";"0,000";"1,410";"0,000";"0,002";"0,000";"0,000";"0,172";"0,414";"0,448";"0,548";"1,410";"0,000";"0,000";"0,000";
"30/09/2024 01:10";"0,407";"0,000";"0,371";"0,000";"0,500";"0,000";"1,279";"0,000";"0,000";"0,000";"0,000";"0,206";"0,407";"0,371";"0,500";"1,279";"0,000";"0,000";"0,000";
"30/09/2024 01:20";"0,376";"0,000";"0,391";"0,000";"0,508";"0,000";"1,274";"0,000";"0,000";"0,000";"0,000";"0,202";"0,376";"0,391";"0,508";"1,274";"0,000";"0,000";"0,000";
"30/09/2024 01:30";"0,434";"0,000";"0,388";"0,000";"0,508";"0,000";"1,331";"0,000";"0,000";"0,000";"0,000";"0,229";"0,434";"0,388";"0,508";"1,331";"0,000";"0,000";"0,000";
"30/09/2024 01:40";"0,458";"0,000";"0,465";"0,000";"0,568";"0,000";"1,491";"0,000";"0,000";"0,000";"0,000";"0,155";"0,458";"0,465";"0,568";"1,491";"0,000";"0,000";"0,000";
"30/09/2024 01:50";"0,435";"0,000";"0,441";"0,000";"0,545";"0,000";"1,421";"0,000";"0,000";"0,000";"0,000";"0,150";"0,435";"0,441";"0,545";"1,421";"0,000";"0,000";"0,000";
"30/09/2024 02:00";"0,366";"0,000";"0,378";"0,000";"0,500";"0,000";"1,245";"0,000";"0,000";"0,000";"0,000";"0,221";"0,366";"0,378";"0,500";"1,245";"0,000";"0,000";"0,000";
"30/09/2024 02:10";"0,387";"0,000";"0,399";"0,000";"0,505";"0,000";"1,291";"0,000";"0,000";"0,000";"0,000";"0,216";"0,387";"0,399";"0,505";"1,291";"0,000";"0,000";"0,000";
"30/09/2024 02:20";"0,496";"0,000";"0,446";"0,000";"0,556";"0,000";"1,498";"0,000";"0,000";"0,000";"0,000";"0,163";"0,496";"0,446";"0,556";"1,498";"0,000";"0,000";"0,000";
"30/09/2024 02:30";"0,439";"0,000";"0,425";"0,000";"0,539";"0,000";"1,402";"0,000";"0,002";"0,000";"0,000";"0,169";"0,439";"0,425";"0,539";"1,402";"0,000";"0,000";"0,000";
"30/09/2024 02:40";"0,405";"0,000";"0,416";"0,000";"0,512";"0,000";"1,332";"0,000";"0,000";"0,000";"0,000";"0,197";"0,405";"0,416";"0,512";"1,332";"0,000";"0,000";"0,000";
"30/09/2024 02:50";"0,357";"0,000";"0,392";"0,000";"0,509";"0,000";"1,258";"0,000";"0,000";"0,000";"0,000";"0,224";"0,357";"0,392";"0,509";"1,258";"0,000";"0,000";"0,000";
"30/09/2024 03:00";"0,407";"0,000";"0,378";"0,000";"0,497";"0,000";"1,282";"0,000";"0,000";"0,000";"0,000";"0,216";"0,407";"0,378";"0,497";"1,282";"0,000";"0,000";"0,000";
"30/09/2024 03:10";"0,456";"0,000";"0,453";"0,000";"0,564";"0,000";"1,472";"0,000";"0,000";"0,000";"0,000";"0,145";"0,456";"0,453";"0,564";"1,472";"0,000";"0,000";"0,000";
"30/09/2024 03:20";"0,478";"0,000";"0,451";"0,000";"0,544";"0,000";"1,473";"0,000";"0,000";"0,000";"0,000";"0,158";"0,478";"0,451";"0,544";"1,473";"0,000";"0,000";"0,000";
"30/09/2024 03:30";"0,473";"0,000";"0,389";"0,000";"0,501";"0,000";"1,362";"0,000";"0,000";"0,000";"0,000";"0,180";"0,473";"0,389";"0,501";"1,362";"0,000";"0,000";"0,000";
"30/09/2024 03:40";"0,480";"0,000";"0,364";"0,000";"0,502";"0,000";"1,345";"0,000";"0,000";"0,000";"0,000";"0,189";"0,480";"0,364";"0,502";"1,345";"0,000";"0,000";"0,000";
"30/09/2024 03:50";"0,602";"0,000";"0,422";"0,000";"0,546";"0,000";"1,569";"0,000";"0,008";"0,000";"0,000";"0,143";"0,602";"0,422";"0,546";"1,569";"0,000";"0,000";"0,000";
"30/09/2024 04:00";"0,600";"0,000";"0,449";"0,000";"0,535";"0,000";"1,584";"0,000";"0,003";"0,000";"0,000";"0,144";"0,600";"0,449";"0,535";"1,584";"0,000";"0,000";"0,000";
"30/09/2024 04:10";"0,799";"0,000";"0,424";"0,000";"0,526";"0,000";"1,749";"0,000";"0,000";"0,000";"0,000";"0,184";"0,799";"0,424";"0,526";"1,749";"0,000";"0,000";"0,000";
"30/09/2024 04:20";"0,559";"0,000";"0,363";"0,000";"0,587";"0,000";"1,509";"0,000";"0,000";"0,000";"0,000";"0,227";"0,559";"0,363";"0,587";"1,509";"0,000";"0,000";"0,000";
"30/09/2024 04:30";"0,377";"0,000";"0,372";"0,000";"0,265";"0,000";"1,014";"0,000";"0,000";"0,000";"0,000";"0,190";"0,377";"0,372";"0,265";"1,014";"0,000";"0,000";"0,000";
"30/09/2024 04:40";"0,487";"0,000";"0,438";"0,000";"0,275";"0,000";"1,201";"0,000";"0,000";"0,000";"0,000";"0,160";"0,487";"0,438";"0,275";"1,201";"0,000";"0,000";"0,000";
"30/09/2024 04:50";"0,479";"0,000";"0,491";"0,000";"0,303";"0,000";"1,273";"0,000";"0,007";"0,000";"0,000";"0,157";"0,479";"0,491";"0,303";"1,273";"0,000";"0,000";"0,000";
"30/09/2024 05:00";"1,190";"0,000";"0,935";"0,000";"0,649";"0,000";"2,774";"0,000";"0,001";"0,000";"0,000";"0,244";"1,190";"0,935";"0,649";"2,774";"0,000";"0,000";"0,000";
"30/09/2024 05:10";"1,038";"0,000";"0,918";"0,000";"0,605";"0,000";"2,561";"0,000";"0,000";"0,000";"0,000";"0,302";"1,038";"0,918";"0,605";"2,561";"0,000";"0,000";"0,000";
"30/09/2024 05:20";"1,768";"0,000";"1,743";"0,000";"1,411";"0,000";"4,922";"0,000";"0,151";"0,000";"0,000";"0,211";"1,768";"1,743";"1,411";"4,922";"0,000";"0,000";"0,000";
"30/09/2024 05:30";"1,624";"0,000";"1,334";"0,000";"1,079";"0,000";"4,036";"0,000";"0,013";"0,000";"0,000";"0,335";"1,624";"1,334";"1,079";"4,036";"0,000";"0,000";"0,000";
"30/09/2024 05:40";"1,856";"0,000";"1,543";"0,000";"1,410";"0,000";"4,810";"0,000";"0,046";"0,000";"0,000";"0,375";"1,856";"1,543";"1,410";"4,810";"0,000";"0,000";"0,000";
"30/09/2024 05:50";"1,751";"0,000";"1,400";"0,000";"1,215";"0,000";"4,365";"0,000";"0,001";"0,000";"0,000";"0,464";"1,751";"1,400";"1,215";"4,365";"0,000";"0,000";"0,000";
"30/09/2024 06:00";"2,364";"0,000";"1,677";"0,000";"1,570";"0,000";"5,611";"0,000";"0,164";"0,000";"0,000";"0,054";"2,364";"1,677";"1,570";"5,611";"0,000";"0,000";"0,000";
"30/09/2024 06:10";"3,324";"0,000";"2,848";"0,000";"2,975";"0,000";"9,147";"0,000";"0,896";"0,000";"0,000";"0,074";"3,324";"2,848";"2,975";"9,147";"0,000";"0,000";"0,000";
"30/09/2024 06:20";"3,698";"0,000";"3,515";"0,000";"3,570";"0,000";"10,783";"0,000";"1,470";"0,000";"0,000";"0,278";"3,698";"3,515";"3,570";"10,783";"0,000";"0,000";"0,000";
"30/09/2024 06:30";"4,515";"0,000";"4,331";"0,000";"4,341";"0,000";"13,186";"0,000";"1,064";"0,000";"0,000";"0,157";"4,515";"4,331";"4,341";"13,186";"0,000";"0,000";"0,000";
"30/09/2024 06:40";"3,765";"0,000";"3,582";"0,000";"3,244";"0,000";"10,591";"0,000";"1,380";"0,000";"0,000";"0,273";"3,765";"3,582";"3,244";"10,591";"0,000";"0,000";"0,000";
"30/09/2024 06:50";"3,194";"0,000";"2,717";"0,000";"2,806";"0,000";"8,717";"0,000";"0,825";"0,000";"0,000";"0,124";"3,194";"2,717";"2,806";"8,717";"0,000";"0,000";"0,000";
"30/09/2024 07:00";"3,308";"0,000";"2,650";"0,000";"3,024";"0,000";"8,982";"0,000";"0,905";"0,000";"0,000";"0,563";"3,308";"2,650";"3,024";"8,982";"0,000";"0,000";"0,000";
"30/09/2024 07:10";"3,513";"0,000";"3,427";"0,000";"3,317";"0,000";"10,257";"0,000";"1,063";"0,000";"0,000";"0,279";"3,513";"3,427";"3,317";"10,257";"0,000";"0,000";"0,000";
"30/09/2024 07:20";"2,971";"0,000";"3,224";"0,000";"2,944";"0,000";"9,138";"0,000";"0,691";"0,000";"0,000";"0,032";"2,971";"3,224";"2,944";"9,138";"0,000";"0,000";"0,000";
"30/09/2024 07:30";"3,099";"0,000";"2,575";"0,000";"2,866";"0,000";"8,539";"0,000";"0,306";"0,000";"0,000";"0,197";"3,099";"2,575";"2,866";"8,539";"0,000";"0,000";"0,000";
"30/09/2024 07:40";"3,065";"0,000";"2,498";"0,000";"2,911";"0,000";"8,474";"0,000";"0,193";"0,000";"0,000";"0,169";"3,065";"2,498";"2,911";"8,474";"0,000";"0,000";"0,000";
"30/09/2024 07:50";"3,085";"0,000";"3,350";"0,000";"3,723";"0,000";"10,158";"0,000";"0,678";"0,000";"0,000";"0,136";"3,085";"3,350";"3,723";"10,158";"0,000";"0,000";"0,000";
"30/09/2024 08:00";"3,327";"0,000";"3,570";"0,000";"3,944";"0,000";"10,841";"0,000";"0,790";"0,000";"0,000";"0,264";"3,327";"3,570";"3,944";"10,841";"0,000";"0,000";"0,000";
"30/09/2024 08:10";"2,995";"0,000";"2,522";"0,000";"2,796";"0,000";"8,313";"0,000";"0,900";"0,000";"0,000";"0,192";"2,995";"2,522";"2,796";"8,313";"0,000";"0,000";"0,000";
"30/09/2024 08:20";"3,767";"0,000";"2,877";"0,000";"3,529";"0,000";"10,174";"0,000";"0,507";"0,000";"0,000";"0,253";"3,767";"2,877";"3,529";"10,174";"0,000";"0,000";"0,000";
"30/09/2024 08:30";"2,946";"0,000";"2,319";"0,000";"2,887";"0,000";"8,152";"0,000";"0,409";"0,000";"0,000";"0,468";"2,946";"2,319";"2,887";"8,152";"0,000";"0,000";"0,000";
"30/09/2024 08:40";"3,784";"0,000";"3,272";"0,000";"3,722";"0,000";"10,778";"0,000";"1,074";"0,000";"0,000";"0,382";"3,784";"3,272";"3,722";"10,778";"0,000";"0,000";"0,000";
"30/09/2024 08:50";"3,718";"0,000";"3,484";"0,000";"3,691";"0,000";"10,892";"0,000";"1,027";"0,000";"0,000";"0,308";"3,718";"3,484";"3,691";"10,892";"0,000";"0,000";"0,000";
"30/09/2024 09:00";"2,934";"0,000";"2,904";"0,000";"3,370";"0,000";"9,208";"0,000";"1,197";"0,000";"0,000";"0,315";"2,942";"2,913";"3,379";"9,234";"0,026";"0,000";"0,026";
"30/09/2024 09:10";"3,711";"0,000";"2,956";"0,000";"3,504";"0,000";"10,171";"0,000";"1,237";"0,000";"0,000";"0,538";"3,732";"2,977";"3,524";"10,232";"0,061";"0,000";"0,061";
"30/09/2024 09:20";"3,385";"0,000";"3,319";"0,000";"3,460";"0,000";"10,164";"0,000";"1,601";"0,000";"0,000";"0,492";"3,412";"3,346";"3,487";"10,244";"0,080";"0,000";"0,080";
"30/09/2024 09:30";"2,701";"0,000";"2,826";"0,000";"2,943";"0,000";"8,471";"0,000";"0,739";"0,000";"0,000";"0,124";"2,746";"2,871";"2,988";"8,606";"0,135";"0,000";"0,135";
"30/09/2024 09:40";"2,726";"0,000";"2,915";"0,000";"3,294";"0,000";"8,934";"0,000";"0,397";"0,000";"0,000";"0,410";"2,805";"2,994";"3,373";"9,171";"0,237";"0,000";"0,237";
"30/09/2024 09:50";"3,243";"0,000";"2,927";"0,000";"3,241";"0,000";"9,411";"0,000";"0,702";"0,000";"0,000";"0,152";"3,307";"2,991";"3,304";"9,601";"0,190";"0,000";"0,190";
"30/09/2024 10:00";"2,705";"0,000";"2,419";"0,000";"2,601";"0,000";"7,725";"0,000";"0,840";"0,000";"0,000";"0,001";"2,786";"2,500";"2,682";"7,969";"0,244";"0,000";"0,244";
"30/09/2024 10:10";"2,260";"0,000";"1,834";"0,000";"2,300";"0,000";"6,394";"0,000";"0,342";"0,000";"0,000";"0,003";"2,364";"1,937";"2,404";"6,705";"0,311";"0,000";"0,311";
"30/09/2024 10:20";"2,368";"0,000";"2,457";"0,000";"3,061";"0,000";"7,886";"0,000";"0,585";"0,000";"0,000";"0,087";"2,498";"2,588";"3,191";"8,277";"0,391";"0,000";"0,391";
"30/09/2024 10:30";"4,289";"0,000";"4,170";"0,000";"4,473";"0,000";"12,932";"0,000";"1,115";"0,000";"0,000";"0,237";"4,420";"4,301";"4,603";"13,324";"0,392";"0,000";"0,392";
"30/09/2024 10:40";"4,907";"0,000";"4,634";"0,000";"5,071";"0,000";"14,612";"0,000";"1,578";"0,000";"0,000";"0,133";"5,074";"4,801";"5,238";"15,112";"0,500";"0,000";"0,500";
"30/09/2024 10:50";"3,684";"0,000";"3,477";"0,000";"4,245";"0,000";"11,406";"0,000";"0,820";"0,000";"0,000";"0,390";"3,903";"3,696";"4,464";"12,062";"0,656";"0,000";"0,656";
"30/09/2024 11:00";"4,003";"0,000";"3,955";"0,000";"4,462";"0,000";"12,421";"0,000";"1,038";"0,000";"0,000";"0,211";"4,223";"4,176";"4,683";"13,082";"0,661";"0,000";"0,661";
"30/09/2024 11:10";"3,966";"0,000";"3,776";"0,000";"4,148";"0,000";"11,890";"0,000";"1,093";"0,000";"0,000";"0,182";"4,204";"4,014";"4,386";"12,604";"0,714";"0,000";"0,714";
"30/09/2024 11:20";"3,090";"0,000";"3,291";"0,000";"3,883";"0,000";"10,264";"0,000";"1,325";"0,000";"0,000";"0,099";"3,355";"3,556";"4,148";"11,059";"0,795";"0,000";"0,795";
"30/09/2024 11:30";"3,494";"0,000";"3,299";"0,000";"3,799";"0,000";"10,592";"0,000";"0,811";"0,000";"0,000";"0,300";"3,789";"3,594";"4,094";"11,477";"0,885";"0,000";"0,885";
"30/09/2024 11:40";"3,904";"0,000";"3,667";"0,000";"4,062";"0,000";"11,632";"0,000";"1,172";"0,000";"0,000";"0,374";"4,108";"3,870";"4,266";"12,244";"0,611";"0,000";"0,611";
"30/09/2024 11:50";"3,639";"0,000";"3,556";"0,000";"3,478";"0,000";"10,672";"0,000";"1,446";"0,000";"0,000";"0,274";"3,795";"3,712";"3,634";"11,141";"0,469";"0,000";"0,469";
"30/09/2024 12:00";"4,020";"0,000";"3,745";"0,000";"4,210";"0,000";"11,975";"0,000";"1,786";"0,000";"0,000";"0,202";"4,194";"3,920";"4,384";"12,498";"0,523";"0,000";"0,523";
"30/09/2024 12:10";"3,668";"0,000";"3,570";"0,000";"3,889";"0,000";"11,127";"0,000";"0,417";"0,000";"0,000";"0,531";"3,889";"3,791";"4,110";"11,791";"0,664";"0,000";"0,664";
"30/09/2024 12:20";"3,649";"0,000";"3,697";"0,000";"3,702";"0,000";"11,048";"0,000";"1,086";"0,000";"0,000";"0,171";"3,952";"3,999";"4,004";"11,955";"0,907";"0,000";"0,907";
"30/09/2024 12:30";"3,364";"0,000";"3,220";"0,000";"3,251";"0,000";"9,835";"0,000";"1,463";"0,000";"0,000";"0,191";"3,756";"3,612";"3,642";"11,010";"1,175";"0,000";"1,175";
"30/09/2024 12:40";"3,511";"0,000";"3,112";"0,000";"3,555";"0,000";"10,178";"0,000";"0,964";"0,000";"0,000";"0,453";"3,966";"3,567";"4,010";"11,543";"1,365";"0,000";"1,365";
"30/09/2024 12:50";"3,326";"0,000";"3,330";"0,000";"3,554";"0,000";"10,210";"0,000";"1,094";"0,000";"0,000";"0,212";"3,815";"3,819";"4,043";"11,677";"1,467";"0,000";"1,467";
"30/09/2024 13:00";"3,697";"0,000";"3,318";"0,000";"3,433";"0,000";"10,448";"0,000";"1,591";"0,000";"0,000";"0,407";"4,011";"3,632";"3,748";"11,391";"0,943";"0,000";"0,943";
"30/09/2024 13:10";"3,192";"0,000";"2,554";"0,000";"2,941";"0,000";"8,686";"0,000";"1,218";"0,000";"0,000";"0,262";"3,396";"2,758";"3,145";"9,299";"0,613";"0,000";"0,613";
"30/09/2024 13:20";"2,862";"0,000";"2,628";"0,000";"2,920";"0,000";"8,411";"0,000";"0,751";"0,000";"0,000";"0,108";"3,057";"2,823";"3,115";"8,996";"0,585";"0,000";"0,585";
"30/09/2024 13:30";"2,287";"0,000";"1,931";"0,000";"2,199";"0,000";"6,417";"0,000";"0,600";"0,000";"0,000";"0,053";"2,587";"2,231";"2,499";"7,317";"0,900";"0,000";"0,900";
"30/09/2024 13:40";"1,762";"0,000";"1,297";"0,000";"1,523";"0,000";"4,581";"0,000";"0,024";"0,000";"0,000";"0,395";"1,991";"1,526";"1,752";"5,269";"0,688";"0,000";"0,688";
"30/09/2024 13:50";"1,817";"0,000";"1,352";"0,000";"1,595";"0,000";"4,764";"0,000";"0,043";"0,000";"0,000";"0,498";"2,043";"1,578";"1,820";"5,441";"0,677";"0,000";"0,677";
"30/09/2024 14:00";"1,442";"0,000";"1,047";"0,000";"0,947";"0,000";"3,436";"0,000";"0,000";"0,000";"0,000";"0,384";"1,782";"1,386";"1,287";"4,454";"1,018";"0,000";"1,018";
"30/09/2024 14:10";"1,242";"0,000";"0,961";"0,000";"0,515";"0,000";"2,717";"0,000";"0,004";"0,000";"0,000";"0,271";"1,520";"1,239";"0,793";"3,552";"0,835";"0,000";"0,835";
"30/09/2024 14:20";"0,755";"0,000";"0,495";"0,000";"0,259";"0,000";"1,509";"0,000";"0,003";"0,000";"0,000";"0,159";"1,086";"0,826";"0,591";"2,503";"0,994";"0,000";"0,994";
"30/09/2024 14:30";"0,808";"0,000";"0,614";"0,000";"0,371";"0,000";"1,793";"0,000";"0,047";"0,000";"0,000";"0,267";"1,156";"0,962";"0,719";"2,837";"1,044";"0,000";"1,044";
"30/09/2024 14:40";"0,710";"0,000";"0,469";"0,000";"0,194";"0,000";"1,373";"0,000";"0,000";"0,000";"0,000";"0,171";"1,059";"0,818";"0,543";"2,419";"1,046";"0,000";"1,046";
"30/09/2024 14:50";"0,736";"0,000";"0,475";"0,000";"0,237";"0,000";"1,448";"0,000";"0,000";"0,000";"0,000";"0,114";"0,989";"0,728";"0,490";"2,206";"0,758";"0,000";"0,758";
"30/09/2024 15:00";"0,622";"0,000";"0,349";"0,000";"0,183";"0,000";"1,154";"0,000";"0,000";"0,000";"0,000";"0,162";"0,862";"0,590";"0,424";"1,875";"0,721";"0,000";"0,721";
"30/09/2024 15:10";"0,627";"0,000";"0,385";"0,000";"0,184";"0,000";"1,196";"0,000";"0,000";"0,000";"0,000";"0,121";"0,911";"0,670";"0,468";"2,050";"0,854";"0,000";"0,854";
"30/09/2024 15:20";"0,746";"0,000";"0,587";"0,000";"0,422";"0,000";"1,755";"0,000";"0,032";"0,000";"0,000";"0,203";"1,095";"0,936";"0,771";"2,802";"1,047";"0,000";"1,047";
"30/09/2024 15:30";"0,591";"0,000";"0,347";"0,000";"0,187";"0,000";"1,124";"0,000";"0,000";"0,000";"0,000";"0,147";"1,142";"0,898";"0,738";"2,778";"1,654";"0,000";"1,654";
"30/09/2024 15:40";"0,569";"0,000";"0,331";"0,000";"0,335";"0,000";"1,235";"0,000";"0,000";"0,000";"0,000";"0,138";"1,060";"0,822";"0,827";"2,709";"1,474";"0,000";"1,474";
"30/09/2024 15:50";"0,643";"0,000";"0,407";"0,000";"0,506";"0,000";"1,556";"0,000";"0,000";"0,000";"0,000";"0,174";"1,255";"1,019";"1,118";"3,393";"1,837";"0,000";"1,837";
"30/09/2024 16:00";"0,857";"0,000";"0,647";"0,000";"0,758";"0,000";"2,261";"0,000";"0,058";"0,000";"0,000";"0,260";"1,234";"1,024";"1,136";"3,394";"1,133";"0,000";"1,133";
"30/09/2024 16:10";"0,638";"0,000";"0,434";"0,000";"0,489";"0,000";"1,562";"0,000";"0,000";"0,000";"0,000";"0,200";"0,845";"0,641";"0,696";"2,183";"0,621";"0,000";"0,621";
"30/09/2024 16:20";"0,679";"0,000";"0,439";"0,000";"0,475";"0,000";"1,593";"0,000";"0,000";"0,000";"0,000";"0,184";"0,887";"0,647";"0,684";"2,218";"0,625";"0,000";"0,625";
"30/09/2024 16:30";"0,710";"0,000";"0,498";"0,000";"0,509";"0,000";"1,717";"0,000";"0,006";"0,000";"0,000";"0,199";"1,122";"0,910";"0,922";"2,954";"1,237";"0,000";"1,237";
"30/09/2024 16:40";"0,722";"0,000";"0,442";"0,000";"0,472";"0,000";"1,636";"0,000";"0,004";"0,000";"0,000";"0,207";"1,043";"0,763";"0,793";"2,600";"0,964";"0,000";"0,964";
"30/09/2024 16:50";"0,896";"0,000";"0,629";"0,000";"0,681";"0,000";"2,206";"0,000";"0,058";"0,000";"0,000";"0,223";"1,239";"0,972";"1,024";"3,235";"1,029";"0,000";"1,029";
"30/09/2024 17:00";"0,653";"0,000";"0,433";"0,000";"0,447";"0,000";"1,533";"0,000";"0,000";"0,000";"0,000";"0,212";"0,982";"0,763";"0,777";"2,522";"0,989";"0,000";"0,989";
"30/09/2024 17:10";"0,682";"0,000";"0,439";"0,000";"0,444";"0,000";"1,564";"0,000";"0,000";"0,000";"0,000";"0,195";"0,948";"0,705";"0,710";"2,362";"0,798";"0,000";"0,798";
"30/09/2024 17:20";"0,898";"0,000";"0,643";"0,000";"0,666";"0,000";"2,208";"0,000";"0,034";"0,000";"0,000";"0,244";"1,173";"0,918";"0,941";"3,033";"0,825";"0,000";"0,825";
"30/09/2024 17:30";"0,790";"0,000";"0,424";"0,000";"0,462";"0,000";"1,676";"0,000";"0,000";"0,000";"0,000";"0,132";"1,037";"0,670";"0,709";"2,416";"0,740";"0,000";"0,740";
"30/09/2024 17:40";"0,722";"0,000";"0,448";"0,000";"0,454";"0,000";"1,625";"0,000";"0,000";"0,000";"0,000";"0,134";"0,916";"0,642";"0,648";"2,206";"0,581";"0,000";"0,581";
"30/09/2024 17:50";"0,806";"0,000";"0,472";"0,000";"0,481";"0,000";"1,759";"0,000";"0,000";"0,000";"0,000";"0,138";"1,026";"0,692";"0,701";"2,419";"0,660";"0,000";"0,660";
"30/09/2024 18:00";"0,803";"0,000";"0,475";"0,000";"0,469";"0,000";"1,748";"0,000";"0,006";"0,000";"0,000";"0,114";"0,945";"0,617";"0,611";"2,172";"0,424";"0,000";"0,424";
"30/09/2024 18:10";"0,862";"0,000";"0,546";"0,000";"0,636";"0,000";"2,044";"0,000";"0,030";"0,000";"0,000";"0,278";"1,062";"0,746";"0,836";"2,643";"0,599";"0,000";"0,599";
"30/09/2024 18:20";"0,845";"0,000";"0,520";"0,000";"0,506";"0,000";"1,872";"0,000";"0,010";"0,000";"0,000";"0,121";"1,010";"0,684";"0,671";"2,366";"0,494";"0,000";"0,494";
"30/09/2024 18:30";"0,727";"0,000";"0,444";"0,000";"0,449";"0,000";"1,620";"0,000";"0,000";"0,000";"0,000";"0,159";"0,802";"0,518";"0,523";"1,843";"0,223";"0,000";"0,223";
"30/09/2024 18:40";"0,729";"0,000";"0,412";"0,000";"0,447";"0,000";"1,588";"0,000";"0,011";"0,000";"0,000";"0,141";"0,812";"0,495";"0,530";"1,837";"0,249";"0,000";"0,249";
"30/09/2024 18:50";"0,852";"0,000";"0,636";"0,000";"0,597";"0,000";"2,084";"0,000";"0,055";"0,000";"0,000";"0,249";"0,944";"0,728";"0,689";"2,361";"0,277";"0,000";"0,277";
"30/09/2024 19:00";"0,603";"0,000";"0,379";"0,000";"0,179";"0,000";"1,161";"0,000";"0,000";"0,000";"0,000";"0,130";"0,669";"0,446";"0,245";"1,361";"0,200";"0,000";"0,200";
"30/09/2024 19:10";"0,585";"0,000";"0,331";"0,000";"0,173";"0,000";"1,088";"0,000";"0,000";"0,000";"0,000";"0,122";"0,629";"0,375";"0,217";"1,220";"0,132";"0,000";"0,132";
"30/09/2024 19:20";"0,587";"0,000";"0,371";"0,000";"0,223";"0,000";"1,181";"0,000";"0,004";"0,000";"0,000";"0,101";"0,640";"0,424";"0,276";"1,340";"0,159";"0,000";"0,159";
"30/09/2024 19:30";"0,356";"0,000";"0,294";"0,000";"0,173";"0,000";"0,823";"0,000";"0,003";"0,000";"0,000";"0,114";"0,398";"0,337";"0,216";"0,951";"0,128";"0,000";"0,128";
"30/09/2024 19:40";"0,405";"0,000";"0,475";"0,000";"0,355";"0,000";"1,235";"0,000";"0,055";"0,000";"0,000";"0,201";"0,427";"0,497";"0,377";"1,301";"0,066";"0,000";"0,066";
"30/09/2024 19:50";"0,344";"0,000";"0,397";"0,000";"0,227";"0,000";"0,968";"0,000";"0,002";"0,000";"0,000";"0,093";"0,349";"0,403";"0,232";"0,984";"0,016";"0,000";"0,016";
"30/09/2024 20:00";"0,271";"0,000";"0,302";"0,000";"0,167";"0,000";"0,739";"0,000";"0,000";"0,000";"0,000";"0,110";"0,272";"0,303";"0,168";"0,744";"0,005";"0,000";"0,005";
"30/09/2024 20:10";"0,504";"0,000";"0,293";"0,000";"0,167";"0,000";"0,964";"0,000";"0,000";"0,000";"0,000";"0,136";"0,504";"0,293";"0,167";"0,964";"0,000";"0,000";"0,000";
"30/09/2024 20:20";"0,756";"0,000";"0,681";"0,000";"0,534";"0,000";"1,970";"0,000";"0,032";"0,000";"0,000";"0,235";"0,756";"0,681";"0,534";"1,970";"0,000";"0,000";"0,000";
"30/09/2024 20:30";"0,420";"0,000";"0,472";"0,000";"0,307";"0,000";"1,198";"0,000";"0,000";"0,000";"0,000";"0,226";"0,420";"0,472";"0,307";"1,198";"0,000";"0,000";"0,000";
"30/09/2024 20:40";"0,469";"0,000";"0,539";"0,000";"0,342";"0,000";"1,349";"0,000";"0,000";"0,000";"0,000";"0,176";"0,469";"0,539";"0,342";"1,349";"0,000";"0,000";"0,000";
"30/09/2024 20:50";"0,432";"0,000";"0,488";"0,000";"0,330";"0,000";"1,249";"0,000";"0,000";"0,000";"0,000";"0,206";"0,432";"0,488";"0,330";"1,249";"0,000";"0,000";"0,000";
"30/09/2024 21:00";"0,486";"0,000";"0,548";"0,000";"0,418";"0,000";"1,451";"0,000";"0,031";"0,000";"0,000";"0,313";"0,486";"0,548";"0,418";"1,451";"0,000";"0,000";"0,000";
"30/09/2024 21:10";"0,523";"0,000";"0,609";"0,000";"0,438";"0,000";"1,571";"0,000";"0,000";"0,000";"0,000";"0,175";"0,523";"0,609";"0,438";"1,571";"0,000";"0,000";"0,000";
"30/09/2024 21:20";"0,435";"0,000";"0,485";"0,000";"0,322";"0,000";"1,243";"0,000";"0,000";"0,000";"0,000";"0,230";"0,435";"0,485";"0,322";"1,243";"0,000";"0,000";"0,000";
"30/09/2024 21:30";"0,674";"0,000";"0,479";"0,000";"0,306";"0,000";"1,459";"0,000";"0,000";"0,000";"0,000";"0,219";"0,674";"0,479";"0,306";"1,459";"0,000";"0,000";"0,000";
"30/09/2024 21:40";"0,585";"0,000";"0,545";"0,000";"0,365";"0,000";"1,495";"0,000";"0,000";"0,000";"0,000";"0,182";"0,585";"0,545";"0,365";"1,495";"0,000";"0,000";"0,000";
"30/09/2024 21:50";"0,570";"0,000";"0,612";"0,000";"0,466";"0,000";"1,648";"0,000";"0,110";"0,000";"0,000";"0,201";"0,570";"0,612";"0,466";"1,648";"0,000";"0,000";"0,000";
"30/09/2024 22:00";"0,442";"0,000";"0,470";"0,000";"0,305";"0,000";"1,217";"0,000";"0,000";"0,000";"0,000";"0,204";"0,442";"0,470";"0,305";"1,217";"0,000";"0,000";"0,000";
"30/09/2024 22:10";"0,421";"0,000";"0,499";"0,000";"0,306";"0,000";"1,226";"0,000";"0,000";"0,000";"0,000";"0,216";"0,421";"0,499";"0,306";"1,226";"0,000";"0,000";"0,000";
"30/09/2024 22:20";"0,575";"0,000";"0,688";"0,000";"0,554";"0,000";"1,817";"0,000";"0,029";"0,000";"0,000";"0,280";"0,575";"0,688";"0,554";"1,817";"0,000";"0,000";"0,000";
"30/09/2024 22:30";"0,422";"0,000";"0,472";"0,000";"0,309";"0,000";"1,203";"0,000";"0,000";"0,000";"0,000";"0,239";"0,422";"0,472";"0,309";"1,203";"0,000";"0,000";"0,000";
"30/09/2024 22:40";"0,411";"0,000";"0,467";"0,000";"0,306";"0,000";"1,184";"0,000";"0,000";"0,000";"0,000";"0,217";"0,411";"0,467";"0,306";"1,184";"0,000";"0,000";"0,000";
"30/09/2024 22:50";"0,489";"0,000";"0,539";"0,000";"0,364";"0,000";"1,391";"0,000";"0,004";"0,000";"0,000";"0,173";"0,489";"0,539";"0,364";"1,391";"0,000";"0,000";"0,000";
"30/09/2024 23:00";"0,412";"0,000";"0,487";"0,000";"0,306";"0,000";"1,205";"0,000";"0,000";"0,000";"0,000";"0,217";"0,412";"0,487";"0,306";"1,205";"0,000";"0,000";"0,000";
"30/09/2024 23:10";"0,669";"0,000";"0,651";"0,000";"0,480";"0,000";"1,800";"0,000";"0,095";"0,000";"0,000";"0,236";"0,669";"0,651";"0,480";"1,800";"0,000";"0,000";"0,000";
"30/09/2024 23:20";"0,699";"0,000";"0,515";"0,000";"0,357";"0,000";"1,571";"0,000";"0,000";"0,000";"0,000";"0,233";"0,699";"0,515";"0,357";"1,571";"0,000";"0,000";"0,000";
"30/09/2024 23:30";"0,458";"0,000";"0,471";"0,000";"0,535";"0,000";"1,464";"0,000";"0,000";"0,000";"0,000";"0,217";"0,458";"0,471";"0,535";"1,464";"0,000";"0,000";"0,000";
"30/09/2024 23:40";"0,445";"0,000";"0,493";"0,000";"0,665";"0,000";"1,602";"0,000";"0,000";"0,000";"0,000";"0,230";"0,445";"0,493";"0,665";"1,602";"0,000";"0,000";"0,000";
"30/09/2024 23:50";"0,553";"0,000";"0,621";"0,000";"0,694";"0,000";"1,868";"0,000";"0,070";"0,000";"0,000";"0,299";"0,553";"0,621";"0,694";"1,868";"0,000";"0,000";"0,000";
