Date;Time;Val;INV2+3;INV3;;TOTAL;
1/10/24;0:00:00;1,614;0;0;0;1,614;0
1/10/24;0:15:00;2,498;0;0;0;2,498;0
1/10/24;0:30:00;2,164;0;0;0;2,164;0
1/10/24;0:45:00;2,8175;0;0;0;2,8175;0
1/10/24;1:00:00;2,1855;0;0;0;2,1855;0
1/10/24;1:15:00;2,611;0;0;0;2,611;0
1/10/24;1:30:00;2,489;0;0;0;2,489;0
1/10/24;1:45:00;2,6;0;0;0;2,6;0
1/10/24;2:00:00;2,826;0;0;0;2,826;0
1/10/24;2:15:00;2,308;0;0;0;2,308;0
1/10/24;2:30:00;2,327;0;0;0;2,327;0
1/10/24;2:45:00;2,662;0;0;0;2,662;0
1/10/24;3:00:00;2,388;0;0;0;2,388;0
1/10/24;3:15:00;2,135;0;0;0;2,135;0
1/10/24;3:30:00;2,853;0;0;0;2,853;0
1/10/24;3:45:00;2,1735;0;0;0;2,1735;0
1/10/24;4:00:00;2,3505;0;0;0;2,3505;0
1/10/24;4:15:00;2,6125;0;0;0;2,6125;0
1/10/24;4:30:00;2,0185;0;0;0;2,0185;0
1/10/24;4:45:00;2,281;0;0;0;2,281;0
1/10/24;5:00:00;2,339;0;0;0;2,339;0
1/10/24;5:15:00;2,2145;0;0;0;2,2145;0
1/10/24;5:30:00;5,4805;0;0;0;5,4805;0
1/10/24;5:45:00;6,9925;0;0;0;6,9925;0
1/10/24;6:00:00;9,7885;0;0;0;9,7885;0
1/10/24;6:15:00;10,4515;0;0;0;10,4515;0
1/10/24;6:30:00;10,0915;0;0;0;10,0915;0
1/10/24;6:45:00;12,163;0;0;0;12,163;0
1/10/24;7:00:00;11,539;0;0;0;11,539;0
1/10/24;7:15:00;14,4025;0;0;0;14,4025;0
1/10/24;7:30:00;15,8815;0;0;0;15,8815;0
1/10/24;7:45:00;16,118;0;0;0;16,118;0
1/10/24;8:00:00;14,162;0;0;0;14,162;0
1/10/24;8:15:00;20,096;0;0,1125;0,1125;20,096;0
1/10/24;8:30:00;24,773;0;0,219;0,219;24,773;0
1/10/24;8:45:00;18,782;0;0,26825;0,26825;18,782;0
1/10/24;9:00:00;20,627;0,033;0,268583333;0,301583333;20,66;-0,033
1/10/24;9:15:00;19,756;0,111;0,167166667;0,278166667;19,867;-0,111
1/10/24;9:30:00;19,547;0,151;0,509916667;0,660916667;19,743;-0,196
1/10/24;9:45:00;16,3155;0,261;0,527;0,788;16,5765;-0,261
1/10/24;10:00:00;12,1885;0,29;0,498;0,788;12,5595;-0,371
1/10/24;10:15:00;11,3765;0,2975;0,710916667;1,008416667;11,674;-0,2975
1/10/24;10:30:00;10,6015;0,289;0,6475;0,9365;11,017;-0,4155
1/10/24;10:45:00;15,1695;0,5995;0,43525;1,03475;15,769;-0,5995
1/10/24;11:00:00;13,7355;0,464;0,686333333;1,150333333;14,441;-0,7055
1/10/24;11:15:00;15,133;0,8355;0,41;1,2455;15,9685;-0,8355
1/10/24;11:30:00;13,078;0,557;0,221083333;0,778083333;13,9395;-0,8615
1/10/24;11:45:00;13,725;0,617;0,98375;1,60075;14,342;-0,617
1/10/24;12:00:00;12,954;0,575;1,731666667;2,306666667;13,773;-0,819
1/10/24;12:15:00;12,686;0,697;1,386583333;2,083583333;13,383;-0,697
1/10/24;12:30:00;11,621;0,275;1,981916667;2,256916667;12,142;-0,521
1/10/24;12:45:00;13,234;1,247;0,88775;2,13475;14,481;-1,247
1/10/24;13:00:00;17,834;0,741;1,10475;1,84575;19,067;-1,233
1/10/24;13:15:00;12,7175;1,7025;0,703;2,4055;14,42;-1,7025
1/10/24;13:30:00;12,3825;0,898;1,429083333;2,327083333;14,066;-1,6835
1/10/24;13:45:00;8,741;0,954;1,23425;2,18825;9,695;-0,954
1/10/24;14:00:00;8,298;0,584;1,22075;1,80475;9,22;-0,922
1/10/24;14:15:00;8,2915;1,032;1,034666667;2,066666667;9,3235;-1,032
1/10/24;14:30:00;6,3455;0,927;1,26625;2,19325;7,7115;-1,366
1/10/24;14:45:00;2,223;1,367;2,110166667;3,477166667;3,59;-1,367
1/10/24;15:00:00;2,498;1,051;1,669583333;2,720583333;4,09;-1,592
1/10/24;15:15:00;2,334;1,0885;1,438416667;2,526916667;3,4225;-1,0885
1/10/24;15:30:00;2,286;1,245;1,307583333;2,552583333;3,8545;-1,5685
1/10/24;15:45:00;2,351;1,9535;0,74075;2,69425;4,3045;-1,9535
1/10/24;16:00:00;2,575;1,216;0,999666667;2,215666667;4,3915;-1,8165
1/10/24;16:15:00;2,4495;1,3845;1,340333333;2,724833333;3,834;-1,3845
1/10/24;16:30:00;2,6595;0,898;1,668166667;2,566166667;4,003;-1,3435
1/10/24;16:45:00;2,8825;0,77;0,67375;1,44375;3,6525;-0,77
1/10/24;17:00:00;2,3715;1,067;1,177166667;2,244166667;3,7145;-1,343
1/10/24;17:15:00;2,313;1,561;0,652;2,213;3,874;-1,561
1/10/24;17:30:00;2,536;0,857;0,817833333;1,674833333;3,969;-1,433
1/10/24;17:45:00;2,1125;0,886;0,63875;1,52475;2,9985;-0,886
1/10/24;18:00:00;2,2835;0,493;0,4585;0,9515;3,1135;-0,83
1/10/24;18:15:00;2,6975;0,758;0,278083333;1,036083333;3,4555;-0,758
1/10/24;18:30:00;2,0935;0,802;0,108083333;0,910083333;3,1565;-1,063
1/10/24;18:45:00;2,2995;0,5155;0,02925;0,54475;2,815;-0,5155
1/10/24;19:00:00;2,1145;0,324;0;0,324;2,563;-0,4485
1/10/24;19:15:00;1,8225;0,2305;0;0,2305;2,053;-0,2305
1/10/24;19:30:00;1,7815;0,035;0;0,035;1,875;-0,0935
1/10/24;19:45:00;1,971;0,0265;0;0,0265;1,9975;-0,0265
1/10/24;20:00:00;1,386;0;0;0;1,3905;-0,0045
1/10/24;20:15:00;2,3885;0;0;0;2,3885;0
1/10/24;20:30:00;2,5865;0;0;0;2,5865;0
1/10/24;20:45:00;2,272;0;0;0;2,272;0
1/10/24;21:00:00;2,162;0;0;0;2,162;0
1/10/24;21:15:00;2,944;0;0;0;2,944;0
1/10/24;21:30:00;2,742;0;0;0;2,742;0
1/10/24;21:45:00;3,058;0;0;0;3,058;0
1/10/24;22:00:00;2,845;0;0;0;2,845;0
1/10/24;22:15:00;2,482;0;0;0;2,482;0
1/10/24;22:30:00;2,074;0;0;0;2,074;0
1/10/24;22:45:00;2,5825;0;0;0;2,5825;0
1/10/24;23:00:00;1,9695;0;0;0;1,9695;0
1/10/24;23:15:00;2,282;0;0;0;2,282;0
1/10/24;23:30:00;2,638;0;0;0;2,638;0
1/10/24;23:45:00;2,242;0;0;0;2,242;0
2/10/24;0:00:00;1,944;0;0;0;1,944;0
2/10/24;0:15:00;2,631;0;0;0;2,631;0
2/10/24;0:30:00;1,98;0;0;0;1,98;0
2/10/24;0:45:00;2,126;0;0;0;2,126;0
2/10/24;1:00:00;2,505;0;0;0;2,505;0
2/10/24;1:15:00;2,0795;0;0;0;2,0795;0
2/10/24;1:30:00;1,9895;0;0;0;1,9895;0
2/10/24;1:45:00;2,6975;0;0;0;2,6975;0
2/10/24;2:00:00;2,3755;0;0;0;2,3755;0
2/10/24;2:15:00;2,6895;0;0;0;2,6895;0
2/10/24;2:30:00;2,7555;0;0;0;2,7555;0
2/10/24;2:45:00;2,5255;0;0;0;2,5255;0
2/10/24;3:00:00;2,8835;0;0;0;2,8835;0
2/10/24;3:15:00;2,469;0;0;0;2,469;0
2/10/24;3:30:00;2,511;0;0;0;2,511;0
2/10/24;3:45:00;2,752;0;0;0;2,752;0
2/10/24;4:00:00;2,564;0;0;0;2,564;0
2/10/24;4:15:00;2,3205;0;0;0;2,3205;0
2/10/24;4:30:00;2,9705;0;0;0;2,9705;0
2/10/24;4:45:00;2,574;0;0;0;2,574;0
2/10/24;5:00:00;2,532;0;0;0;2,532;0
2/10/24;5:15:00;4,101;0;0;0;4,101;0
2/10/24;5:30:00;6,577;0;0;0;6,577;0
2/10/24;5:45:00;7,0625;0;0;0;7,0625;0
2/10/24;6:00:00;9,7115;0;0;0;9,7115;0
2/10/24;6:15:00;10,191;0;0;0;10,191;0
2/10/24;6:30:00;12,567;0;0;0;12,567;0
2/10/24;6:45:00;11,88;0;0;0;11,88;0
2/10/24;7:00:00;13,233;0;0;0;13,233;0
2/10/24;7:15:00;12,5935;0;0;0;12,5935;0
2/10/24;7:30:00;11,7125;0;0;0;11,7125;0
2/10/24;7:45:00;10,9335;0;0;0;10,9335;0
2/10/24;8:00:00;12,9315;0;0;0;12,9315;0
2/10/24;8:15:00;11,856;0;0,002333333;0,002333333;11,856;0
2/10/24;8:30:00;12,852;0;0,005666667;0,005666667;12,852;0
2/10/24;8:45:00;13,164;0;0,107583333;0,107583333;13,164;0
2/10/24;9:00:00;12,721;0,003;0,092416667;0,095416667;12,724;-0,003
2/10/24;9:15:00;11,373;0,0055;0,035916667;0,041416667;11,3785;-0,0055
2/10/24;9:30:00;13,907;0,016;0,06525;0,08125;13,9255;-0,0185
2/10/24;9:45:00;30,8065;0,1085;0,134;0,2425;30,915;-0,1085
2/10/24;10:00:00;25,8425;0,037;0,120833333;0,157833333;25,917;-0,0745
2/10/24;10:15:00;24,91;0,056;0,21925;0,27525;24,966;-0,056
2/10/24;10:30:00;28,319;0,055;0,309583333;0,364583333;28,395;-0,076
2/10/24;10:45:00;30,3715;0,1225;0,478916667;0,601416667;30,494;-0,1225
2/10/24;11:00:00;29,8725;0,113;0,58825;0,70125;30,025;-0,1525
2/10/24;11:15:00;35,0975;0,287;0,433166667;0,720166667;35,3845;-0,287
2/10/24;11:30:00;35,3315;0,324;0,557083333;0,881083333;35,7735;-0,442
2/10/24;11:45:00;32,6705;0,558;1,019333333;1,577333333;33,2285;-0,558
2/10/24;12:00:00;34,2195;0,352;0,511333333;0,863333333;34,7775;-0,558
2/10/24;12:15:00;36,6745;0,47;1,184;1,654;37,1445;-0,47
2/10/24;12:30:00;35,4135;0,762;0,908916667;1,670916667;36,3745;-0,961
2/10/24;12:45:00;31,396;0,975;0,999166667;1,974166667;32,371;-0,975
2/10/24;13:00:00;29,139;0,507;1,935;2,442;29,862;-0,723
2/10/24;13:15:00;14,56;1,221;1,852583333;3,073583333;15,781;-1,221
2/10/24;13:30:00;11,128;0,842;2,230666667;3,072666667;12,354;-1,226
2/10/24;13:45:00;7,573;1,568;1,07075;2,63875;9,141;-1,568
2/10/24;14:00:00;6,338;1,281;1,2305;2,5115;8,344;-2,006
2/10/24;14:15:00;6,0855;1,687;0,89675;2,58375;7,7725;-1,687
2/10/24;14:30:00;4,6975;1,327;1,023583333;2,350583333;6,6445;-1,947
2/10/24;14:45:00;3,575;0,9715;0,83875;1,81025;4,5465;-0,9715
2/10/24;15:00:00;2,605;0,921;1,7295;2,6505;3,8605;-1,2555
2/10/24;15:15:00;2,487;1,1395;1,302333333;2,441833333;3,6265;-1,1395
2/10/24;15:30:00;2,754;0,734;0,662833333;1,396833333;3,8405;-1,0865
2/10/24;15:45:00;2,257;1,001;0,863;1,864;3,258;-1,001
2/10/24;16:00:00;2,699;1,08;0,978583333;2,058583333;4,199;-1,5
2/10/24;16:15:00;3,1475;1,3525;2,122416667;3,474916667;4,5;-1,3525
2/10/24;16:30:00;2,8505;0,47;1,5015;1,9715;3,692;-0,8415
2/10/24;16:45:00;2,857;0,9995;1,747083333;2,746583333;3,8565;-0,9995
2/10/24;17:00:00;2,959;1,409;1,557333333;2,966333333;4,8035;-1,8445
2/10/24;17:15:00;2,5625;1,7365;0,636416667;2,372916667;4,299;-1,7365
2/10/24;17:30:00;2,7175;1,768;0,523833333;2,291833333;4,927;-2,2095
2/10/24;17:45:00;2,626;1,676;0,37575;2,05175;4,302;-1,676
2/10/24;18:00:00;2,365;0,864;0,207666667;1,071666667;3,698;-1,333
2/10/24;18:15:00;2,5975;0,732;0,175083333;0,907083333;3,3295;-0,732
2/10/24;18:30:00;2,2765;0,502;0,133;0,635;2,9395;-0,663
2/10/24;18:45:00;1,9195;0,3605;0,079666667;0,440166667;2,28;-0,3605
2/10/24;19:00:00;2,2785;0,117;0,038166667;0,155166667;2,473;-0,1945
2/10/24;19:15:00;1,5835;0,1815;0,000583333;0,182083333;1,765;-0,1815
2/10/24;19:30:00;1,8275;0,076;0;0,076;1,964;-0,1365
2/10/24;19:45:00;1,709;0,097;0;0,097;1,806;-0,097
2/10/24;20:00:00;1,461;0,015;0;0,015;1,504;-0,043
2/10/24;20:15:00;1,3955;0;0;0;1,3955;0
2/10/24;20:30:00;2,2805;0;0;0;2,2805;0
2/10/24;20:45:00;1,9635;0;0;0;1,9635;0
2/10/24;21:00:00;1,9535;0;0;0;1,9535;0
2/10/24;21:15:00;2,6665;0;0;0;2,6665;0
2/10/24;21:30:00;2,2155;0;0;0;2,2155;0
2/10/24;21:45:00;2,3495;0;0;0;2,3495;0
2/10/24;22:00:00;2,5395;0;0;0;2,5395;0
2/10/24;22:15:00;2,602;0;0;0;2,602;0
2/10/24;22:30:00;2,262;0;0;0;2,262;0
2/10/24;22:45:00;3,1405;0;0;0;3,1405;0
2/10/24;23:00:00;2,4905;0;0;0;2,4905;0
2/10/24;23:15:00;3,004;0;0;0;3,004;0
2/10/24;23:30:00;2,729;0;0;0;2,729;0
2/10/24;23:45:00;2,494;0;0;0;2,494;0
3/10/24;0:00:00;2,886;0;0;0;2,886;0
3/10/24;0:15:00;2,3515;0;0;0;2,3515;0
3/10/24;0:30:00;2,6625;0;0;0;2,6625;0
3/10/24;0:45:00;3,172;0;0;0;3,172;0
3/10/24;1:00:00;2,468;0;0;0;2,468;0
3/10/24;1:15:00;3,0005;0;0;0;3,0005;0
3/10/24;1:30:00;3,0195;0;0;0;3,0195;0
3/10/24;1:45:00;2,7195;0;0;0;2,7195;0
3/10/24;2:00:00;2,9355;0;0;0;2,9355;0
3/10/24;2:15:00;2,4545;0;0;0;2,4545;0
3/10/24;2:30:00;2,6195;0;0;0;2,6195;0
3/10/24;2:45:00;3,0205;0;0;0;3,0205;0
3/10/24;3:00:00;2,4235;0;0;0;2,4235;0
3/10/24;3:15:00;2,5125;0;0;0;2,5125;0
3/10/24;3:30:00;2,5695;0;0;0;2,5695;0
3/10/24;3:45:00;1,995;0;0;0;1,995;0
3/10/24;4:00:00;2,657;0;0;0;2,657;0
3/10/24;4:15:00;2,3195;0;0;0;2,3195;0
3/10/24;4:30:00;1,8865;0;0;0;1,8865;0
3/10/24;4:45:00;2,4115;0;0;0;2,4115;0
3/10/24;5:00:00;2,0935;0;0;0;2,0935;0
3/10/24;5:15:00;2,4155;0;0;0;2,4155;0
3/10/24;5:30:00;3,2295;0;0;0;3,2295;0
3/10/24;5:45:00;6,276;0;0;0;6,276;0
3/10/24;6:00:00;11,043;0;0;0;11,043;0
3/10/24;6:15:00;14,8465;0;0;0;14,8465;0
3/10/24;6:30:00;17,2425;0;0;0;17,2425;0
3/10/24;6:45:00;15,409;0;0;0;15,409;0
3/10/24;7:00:00;14,045;0;0;0;14,045;0
3/10/24;7:15:00;14,4635;0;0;0;14,4635;0
3/10/24;7:30:00;14,6565;0;0;0;14,6565;0
3/10/24;7:45:00;16,3905;0;0,01975;0,01975;16,3905;0
3/10/24;8:00:00;13,2615;0;0,058583333;0,058583333;13,2615;0
3/10/24;8:15:00;14,339;0;0,240333333;0,240333333;14,339;0
3/10/24;8:30:00;17,095;0,001;0,318;0,319;17,096;-0,001
3/10/24;8:45:00;16,017;0,029;0,406583333;0,435583333;16,046;-0,029
3/10/24;9:00:00;12,713;0,086;0,587083333;0,673083333;12,813;-0,1
3/10/24;9:15:00;14,5945;0,2435;0,829916667;1,073416667;14,838;-0,2435
3/10/24;9:30:00;13,3175;0,29;0,960083333;1,250083333;13,694;-0,3765
3/10/24;9:45:00;12,64;0,524;1,625;2,149;13,164;-0,524
3/10/24;10:00:00;9,994;0,349;2,669333333;3,018333333;10,529;-0,535
3/10/24;10:15:00;9,823;0,9405;3,353416667;4,293916667;10,7635;-0,9405
3/10/24;10:30:00;15,462;1,101;3,0205;4,1215;16,9255;-1,4635
3/10/24;10:45:00;13,925;1,727;2,31225;4,03925;15,652;-1,727
3/10/24;11:00:00;14,721;1,5;5,442333333;6,942333333;16,845;-2,124
3/10/24;11:15:00;17,6845;2,4245;1,728916667;4,153416667;20,109;-2,4245
3/10/24;11:30:00;18,4155;2,474;2,328666667;4,802666667;21,905;-3,4895
3/10/24;11:45:00;15,96;3,053;6,064083333;9,117083333;19,013;-3,053
3/10/24;12:00:00;14,601;4,417;2,033083333;6,450083333;20,459;-5,858
3/10/24;12:15:00;18,05;1,8255;1,924583333;3,750083333;19,8755;-1,8255
3/10/24;12:30:00;16,66;2,162;6,681583333;8,843583333;19,4125;-2,7525
3/10/24;12:45:00;20,476;5,2495;2,576416667;7,825916667;25,7255;-5,2495
3/10/24;13:00:00;32,048;2,205;2,4385;4,6435;35,4495;-3,4015
3/10/24;13:15:00;29,597;2,8975;7,295916667;10,19341667;32,4945;-2,8975
3/10/24;13:30:00;27,625;4,697;2,8005;7,4975;33,3385;-5,7135
3/10/24;13:45:00;19,403;4,2915;3,844833333;8,136333333;23,6945;-4,2915
3/10/24;14:00:00;7,949;2,823;4,418166667;7,241166667;12,2835;-4,3345
3/10/24;14:15:00;6,773;5,435;1,361083333;6,796083333;0;6,773
3/10/24;14:30:00;7,255;2,434;2,029833333;4,463833333;10,718;-3,463
3/10/24;14:45:00;6,0645;4,2075;5,941916667;10,14941667;10,272;-4,2075
3/10/24;15:00:00;6,0125;2,455;5,34325;7,79825;9,903;-3,8905
3/10/24;15:15:00;6,56;2,9565;5,006333333;7,962833333;9,5165;-2,9565
3/10/24;15:30:00;5,871;2,368;5,10575;7,47375;9,6015;-3,7305
3/10/24;15:45:00;6,1565;5,9755;3,806;9,7815;12,132;-5,9755
3/10/24;16:00:00;6,8165;3,775;3,357916667;7,132916667;12,569;-5,7525
3/10/24;16:15:00;7,112;5,2515;3,56775;8,81925;12,3635;-5,2515
3/10/24;16:30:00;6,794;3,39;1,826166667;5,216166667;11,9205;-5,1265
3/10/24;16:45:00;7,602;4,1385;1,62275;5,76125;11,7405;-4,1385
3/10/24;17:00:00;6,507;1,48;1,303083333;2,783083333;9,2555;-2,7485
3/10/24;17:15:00;6,4525;3,4;1,057666667;4,457666667;9,8525;-3,4
3/10/24;17:30:00;6,8025;1,433;1,162083333;2,595083333;9,2175;-2,415
3/10/24;17:45:00;6,7205;1,5525;0,6875;2,24;8,273;-1,5525
3/10/24;18:00:00;6,2535;0,908;0,34625;1,25425;7,599;-1,3455
3/10/24;18:15:00;6,735;1,2165;0,359166667;1,575666667;7,9515;-1,2165
3/10/24;18:30:00;6,128;0,676;0,187083333;0,863083333;7,2475;-1,1195
3/10/24;18:45:00;6,171;0,6375;0,127666667;0,765166667;6,8085;-0,6375
3/10/24;19:00:00;5,874;0,254;0,04;0,294;6,2915;-0,4175
3/10/24;19:15:00;4,8625;0,318;0;0,318;5,1805;-0,318
3/10/24;19:30:00;4,4955;0,177;0;0,177;4,7495;-0,254
3/10/24;19:45:00;5,212;0,1185;0;0,1185;5,3305;-0,1185
3/10/24;20:00:00;4,682;0,017;0;0,017;4,7265;-0,0445
3/10/24;20:15:00;4,209;0;0;0;4,209;0
3/10/24;20:30:00;5,057;0;0;0;5,057;0
3/10/24;20:45:00;5,5415;0;0;0;5,5415;0
3/10/24;21:00:00;5,7655;0;0;0;5,7655;0
3/10/24;21:15:00;5,1515;0;0;0;5,1515;0
3/10/24;21:30:00;4,9365;0;0;0;4,9365;0
3/10/24;21:45:00;5,6585;0;0;0;5,6585;0
3/10/24;22:00:00;5,5335;0;0;0;5,5335;0
3/10/24;22:15:00;5,2435;0;0;0;5,2435;0
3/10/24;22:30:00;5,9035;0;0;0;5,9035;0
3/10/24;22:45:00;5,4005;0;0;0;5,4005;0
3/10/24;23:00:00;5,7135;0;0;0;5,7135;0
3/10/24;23:15:00;5,592;0;0;0;5,592;0
3/10/24;23:30:00;5,598;0;0;0;5,598;0
3/10/24;23:45:00;5,6175;0;0;0;5,6175;0
4/10/24;0:00:00;5,4775;0;0;0;5,4775;0
4/10/24;0:15:00;5,407;0;0;0;5,407;0
4/10/24;0:30:00;5,925;0;0;0;5,925;0
4/10/24;0:45:00;5,2025;0;0;0;5,2025;0
4/10/24;1:00:00;6,0545;0;0;0;6,0545;0
4/10/24;1:15:00;5,8425;0;0;0;5,8425;0
4/10/24;1:30:00;5,3435;0;0;0;5,3435;0
4/10/24;1:45:00;5,618;0;0;0;5,618;0
4/10/24;2:00:00;5,706;0;0;0;5,706;0
4/10/24;2:15:00;5,3535;0;0;0;5,3535;0
4/10/24;2:30:00;5,6605;0;0;0;5,6605;0
4/10/24;2:45:00;5,5035;0;0;0;5,5035;0
4/10/24;3:00:00;5,8125;0;0;0;5,8125;0
4/10/24;3:15:00;5,296;0;0;0;5,296;0
4/10/24;3:30:00;5,711;0;0;0;5,711;0
4/10/24;3:45:00;5,7765;0;0;0;5,7765;0
4/10/24;4:00:00;5,6255;0;0;0;5,6255;0
4/10/24;4:15:00;5,3855;0;0;0;5,3855;0
4/10/24;4:30:00;6,2195;0;0;0;6,2195;0
4/10/24;4:45:00;5,397;0;0;0;5,397;0
4/10/24;5:00:00;5,272;0;0;0;5,272;0
4/10/24;5:15:00;6,4515;0;0;0;6,4515;0
4/10/24;5:30:00;7,7615;0;0;0;7,7615;0
4/10/24;5:45:00;9,7145;0;0;0;9,7145;0
4/10/24;6:00:00;14,0955;0;0;0;14,0955;0
4/10/24;6:15:00;14,0575;0;0;0;14,0575;0
4/10/24;6:30:00;16,7675;0;0;0;16,7675;0
4/10/24;6:45:00;18,201;0;0;0;18,201;0
4/10/24;7:00:00;30,188;0;0;0;30,188;0
4/10/24;7:15:00;38,9825;0;0;0;38,9825;0
4/10/24;7:30:00;39,8835;0;0,00125;0,00125;39,8835;0
4/10/24;7:45:00;36,7315;0;0,027166667;0,027166667;36,7315;0
4/10/24;8:00:00;37,2285;0;0,106833333;0,106833333;37,2285;0
4/10/24;8:15:00;38,5045;0;0,254083333;0,254083333;38,5045;0
4/10/24;8:30:00;39,3895;0,001;0,295833333;0,296833333;39,3905;-0,001
4/10/24;8:45:00;38,439;0,048;0,470166667;0,518166667;38,487;-0,048
4/10/24;9:00:00;41,692;0,11;0,3725;0,4825;41,828;-0,136
4/10/24;9:15:00;42,79;0,278;0,62175;0,89975;43,068;-0,278
4/10/24;9:30:00;42,227;0,239;0,903;1,142;42,565;-0,338
4/10/24;9:45:00;36,0955;0,484;1,571416667;2,055416667;36,5795;-0,484
4/10/24;10:00:00;30,8015;0,277;1,8995;2,1765;31,2375;-0,436
4/10/24;10:15:00;30,071;0,802;4,649833333;5,451833333;30,873;-0,802
4/10/24;10:30:00;32,538;0,909;2,3795;3,2885;33,75;-1,212
4/10/24;10:45:00;33,5705;1,579;1,916;3,495;35,1495;-1,579
4/10/24;11:00:00;40,9805;1,582;2,0085;3,5905;43,1085;-2,128
4/10/24;11:15:00;35,504;4,146;4,62625;8,77225;39,65;-4,146
4/10/24;11:30:00;31,843;1,501;3,069;4,57;34,178;-2,335
4/10/24;11:45:00;32,5055;2,0345;3,837083333;5,871583333;34,54;-2,0345
4/10/24;12:00:00;35,2665;1,238;4,06425;5,30225;37,199;-1,9325
4/10/24;12:15:00;33,333;3,866;6,212583333;10,07858333;37,199;-3,866
4/10/24;12:30:00;31,568;2,376;3,946666667;6,322666667;34,981;-3,413
4/10/24;12:45:00;32,7425;3,9365;4,246083333;8,182583333;36,679;-3,9365
4/10/24;13:00:00;31,0545;2,911;3,705833333;6,616833333;35,252;-4,1975
4/10/24;13:15:00;37,244;4,342;4,362833333;8,704833333;41,586;-4,342
4/10/24;13:30:00;22,902;2,669;5,761833333;8,430833333;26,894;-3,992
4/10/24;13:45:00;9,817;4,653;1,0055;5,6585;14,47;-4,653
4/10/24;14:00:00;8,24;2,672;2,070833333;4,742833333;12,48;-4,24
4/10/24;14:15:00;5,733;4,128;5,465916667;9,593916667;9,861;-4,128
4/10/24;14:30:00;3,636;2,614;2,259083333;4,873083333;0;3,636
4/10/24;14:45:00;3,728;2,142;2,103833333;4,245833333;5,87;-2,142
4/10/24;15:00:00;2,048;3,446;1,386583333;4,832583333;0;2,048
4/10/24;15:15:00;1,6025;4,924;1,837333333;6,761333333;0;1,6025
4/10/24;15:30:00;2,0735;1,531;1,334666667;2,865666667;0;2,0735
4/10/24;15:45:00;1,7215;1,9745;5,046416667;7,020916667;0;1,7215
4/10/24;16:00:00;1,5385;1,189;4,560916667;5,749916667;3,242;-1,7035
4/10/24;16:15:00;2,254;1,827;4,174583333;6,001583333;4,081;-1,827
4/10/24;16:30:00;1,837;1,295;0,852166667;2,147166667;3,731;-1,894
4/10/24;16:45:00;1,841;3,272;1,800916667;5,072916667;0;1,841
4/10/24;17:00:00;2,035;2,05;2,269583333;4,319583333;0;2,035
4/10/24;17:15:00;1,6715;2,102;2,331416667;4,433416667;0;1,6715
4/10/24;17:30:00;1,8575;0,661;2,176916667;2,837916667;3,2115;-1,354
4/10/24;17:45:00;2,1265;1,8235;1,229333333;3,052833333;3,95;-1,8235
4/10/24;18:00:00;1,8635;1,79;1,100833333;2,890833333;0;1,8635
4/10/24;18:15:00;2,099;2,2305;0,333833333;2,564333333;0;2,099
4/10/24;18:30:00;1,83;1,338;0,1725;1,5105;0;1,83
4/10/24;18:45:00;1,746;1,3235;0,08025;1,40375;3,0695;-1,3235
4/10/24;19:00:00;1,74;0,55;0,01775;0,56775;2,6815;-0,9415
4/10/24;19:15:00;1,723;0,4215;0;0,4215;2,1445;-0,4215
4/10/24;19:30:00;1,73;0,104;0;0,104;1,9125;-0,1825
4/10/24;19:45:00;1,9075;0,0745;0;0,0745;1,982;-0,0745
4/10/24;20:00:00;1,4635;0,004;0;0,004;1,479;-0,0155
4/10/24;20:15:00;2,1085;0;0;0;2,1085;0
4/10/24;20:30:00;2,0775;0;0;0;2,0775;0
4/10/24;20:45:00;2,3285;0;0;0;2,3285;0
4/10/24;21:00:00;2,3555;0;0;0;2,3555;0
4/10/24;21:15:00;2,0815;0;0;0;2,0815;0
4/10/24;21:30:00;2,4755;0;0;0;2,4755;0
4/10/24;21:45:00;2,2595;0;0;0;2,2595;0
4/10/24;22:00:00;1,8065;0;0;0;1,8065;0
4/10/24;22:15:00;1,859;0;0;0;1,859;0
4/10/24;22:30:00;1,944;0;0;0;1,944;0
4/10/24;22:45:00;1,4875;0;0;0;1,4875;0
4/10/24;23:00:00;1,6115;0;0;0;1,6115;0
4/10/24;23:15:00;1,8785;0;0;0;1,8785;0
4/10/24;23:30:00;1,9205;0;0;0;1,9205;0
4/10/24;23:45:00;2,208;0;0;0;2,208;0
5/10/24;0:00:00;2,386;0;0;0;2,386;0
5/10/24;0:15:00;2,3005;0;0;0;2,3005;0
5/10/24;0:30:00;2,2435;0;0;0;2,2435;0
5/10/24;0:45:00;2,381;0;0;0;2,381;0
5/10/24;1:00:00;2,219;0;0;0;2,219;0
5/10/24;1:15:00;2,1265;0;0;0;2,1265;0
5/10/24;1:30:00;1,5655;0;0;0;1,5655;0
5/10/24;1:45:00;1,97;0;0;0;1,97;0
5/10/24;2:00:00;1,838;0;0;0;1,838;0
5/10/24;2:15:00;2,0275;0;0;0;2,0275;0
5/10/24;2:30:00;1,8095;0;0;0;1,8095;0
5/10/24;2:45:00;2,0175;0;0;0;2,0175;0
5/10/24;3:00:00;1,8445;0;0;0;1,8445;0
5/10/24;3:15:00;1,959;0;0;0;1,959;0
5/10/24;3:30:00;1,699;0;0;0;1,699;0
5/10/24;3:45:00;1,7905;0;0;0;1,7905;0
5/10/24;4:00:00;1,9625;0;0;0;1,9625;0
5/10/24;4:15:00;1,925;0;0;0;1,925;0
5/10/24;4:30:00;1,926;0;0;0;1,926;0
5/10/24;4:45:00;1,903;0;0;0;1,903;0
5/10/24;5:00:00;1,815;0;0;0;1,815;0
5/10/24;5:15:00;1,7495;0;0;0;1,7495;0
5/10/24;5:30:00;1,7895;0;0;0;1,7895;0
5/10/24;5:45:00;2,0145;0;0;0;2,0145;0
5/10/24;6:00:00;2,1425;0;0;0;2,1425;0
5/10/24;6:15:00;1,9315;0;0;0;1,9315;0
5/10/24;6:30:00;2,1425;0;0;0;2,1425;0
5/10/24;6:45:00;1,9745;0;0;0;1,9745;0
5/10/24;7:00:00;2,1605;0;0;0;2,1605;0
5/10/24;7:15:00;1,8585;0;0;0;1,8585;0
5/10/24;7:30:00;2,0105;0;0;0;2,0105;0
5/10/24;7:45:00;2,0115;0;0,004333333;0,004333333;2,0115;0
5/10/24;8:00:00;1,9015;0;0,035666667;0,035666667;1,9015;0
5/10/24;8:15:00;2,081;0;0,2005;0,2005;2,081;0
5/10/24;8:30:00;1,768;0;0,331916667;0,331916667;1,768;0
5/10/24;8:45:00;1,637;0,0175;0,1175;0,135;1,6545;-0,0175
5/10/24;9:00:00;1,148;0,053;0,506833333;0,559833333;1,2125;-0,0645
5/10/24;9:15:00;1,074;0,255;0,162666667;0,417666667;1,329;-0,255
5/10/24;9:30:00;0,857;0,223;0,193333333;0,416333333;1,189;-0,332
5/10/24;9:45:00;1,054;0,1865;0,424166667;0,610666667;1,2405;-0,1865
5/10/24;10:00:00;0,846;0,276;0,993916667;1,269916667;1,2125;-0,3665
5/10/24;10:15:00;1,0375;0,2015;0,576416667;0,777916667;1,239;-0,2015
5/10/24;10:30:00;0,9015;0,13;0,479666667;0,609666667;1,117;-0,2155
5/10/24;10:45:00;1,041;0,5185;0,720583333;1,239083333;1,5595;-0,5185
5/10/24;11:00:00;0,951;0,582;0,8335;1,4155;0;0,951
5/10/24;11:15:00;1,194;0,528;0,369333333;0,897333333;1,722;-0,528
5/10/24;11:30:00;1,006;0,393;0,71575;1,10875;1,545;-0,539
5/10/24;11:45:00;1,1505;0,7855;1,531916667;2,317416667;1,936;-0,7855
5/10/24;12:00:00;0,9085;0,381;1,694833333;2,075833333;1,609;-0,7005
5/10/24;12:15:00;0,9865;0,597;2,113;2,71;1,5835;-0,597
5/10/24;12:30:00;0,8705;0,536;1,590166667;2,126166667;1,6755;-0,805
5/10/24;12:45:00;0,9695;1,434;1,35825;2,79225;0;0,9695
5/10/24;13:00:00;0,8445;1,122;2,017583333;3,139583333;0;0,8445
5/10/24;13:15:00;1,0315;3,0285;2,39425;5,42275;0;1,0315
5/10/24;13:30:00;0,8305;1,169;2,912916667;4,081916667;0;0,8305
5/10/24;13:45:00;1,2495;2,1855;3,18475;5,37025;0;1,2495
5/10/24;14:00:00;1,3075;1,714;2,0355;3,7495;0;1,3075
5/10/24;14:15:00;1,335;2,8625;1,46825;4,33075;0;1,335
5/10/24;14:30:00;1,264;1,939;0,847333333;2,786333333;0;1,264
5/10/24;14:45:00;0,9435;3,0345;0,704083333;3,738583333;0;0,9435
5/10/24;15:00:00;0,9285;1,383;0,8845;2,2675;0;0,9285
5/10/24;15:15:00;0,9355;1,123;0,861916667;1,984916667;0;0,9355
5/10/24;15:30:00;0,9515;0,522;1,68575;2,20775;1,7355;-0,784
5/10/24;15:45:00;0,996;0,7375;1,572416667;2,309916667;1,7335;-0,7375
5/10/24;16:00:00;0,917;0,563;0,764916667;1,327916667;1,7995;-0,8825
5/10/24;16:15:00;1;1,1;0,251666667;1,351666667;2,1;-1,1
5/10/24;16:30:00;0,832;1,107;0,429666667;1,536666667;0;0,832
5/10/24;16:45:00;1,006;1,4095;0,163583333;1,573083333;0;1,006
5/10/24;17:00:00;0,883;0,295;0,103;0,398;1,5505;-0,6675
5/10/24;17:15:00;1,007;0,3685;0,1395;0,508;1,3755;-0,3685
5/10/24;17:30:00;0,86;0,35;0,294833333;0,644833333;1,3515;-0,4915
5/10/24;17:45:00;1,0245;0,195;0,377833333;0,572833333;1,2195;-0,195
5/10/24;18:00:00;0,9035;0,124;0,389083333;0,513083333;1,0625;-0,159
5/10/24;18:15:00;0,96;0,187;0,224416667;0,411416667;1,147;-0,187
5/10/24;18:30:00;1,06;0,175;0,120916667;0,295916667;1,296;-0,236
5/10/24;18:45:00;0,828;0,341;0,103666667;0,444666667;1,169;-0,341
5/10/24;19:00:00;0,984;0,144;0,042;0,186;1,236;-0,252
5/10/24;19:15:00;0,9035;0,262;0,011166667;0,273166667;1,1655;-0,262
5/10/24;19:30:00;1,0015;0,103;0;0,103;1,1705;-0,169
5/10/24;19:45:00;1,1565;0,1045;0;0,1045;1,261;-0,1045
5/10/24;20:00:00;1,4815;0,015;0;0,015;1,519;-0,0375
5/10/24;20:15:00;1,445;0,006;0;0,006;1,451;-0,006
5/10/24;20:30:00;2,055;0;0;0;2,055;0
5/10/24;20:45:00;1,9845;0;0;0;1,9845;0
5/10/24;21:00:00;1,9775;0;0;0;1,9775;0
5/10/24;21:15:00;1,9755;0;0;0;1,9755;0
5/10/24;21:30:00;1,9745;0;0;0;1,9745;0
5/10/24;21:45:00;1,9705;0;0;0;1,9705;0
5/10/24;22:00:00;1,9705;0;0;0;1,9705;0
5/10/24;22:15:00;1,565;0;0;0;1,566;-0,001
5/10/24;22:30:00;1,678;0;0;0;1,678;0
5/10/24;22:45:00;1,5605;0;0;0;1,5605;0
5/10/24;23:00:00;1,6315;0;0;0;1,6315;0
5/10/24;23:15:00;1,589;0;0;0;1,589;0
5/10/24;23:30:00;1,569;0;0;0;1,569;0
5/10/24;23:45:00;1,614;0;0;0;1,614;0
6/10/24;0:00:00;1,588;0;0;0;1,588;0
6/10/24;0:15:00;1,5945;0;0;0;1,5945;0
6/10/24;0:30:00;1,5995;0;0;0;1,5995;0
6/10/24;0:45:00;1,5915;0;0;0;1,5915;0
6/10/24;1:00:00;1,6815;0;0;0;1,6815;0
6/10/24;1:15:00;1,7515;0;0;0;1,7515;0
6/10/24;1:30:00;1,7355;0;0;0;1,7355;0
6/10/24;1:45:00;1,557;0;0;0;1,557;0
6/10/24;2:00:00;1,587;0;0;0;1,587;0
6/10/24;2:15:00;1,606;0;0;0;1,606;0
6/10/24;2:30:00;1,583;0;0;0;1,583;0
6/10/24;2:45:00;1,958;0;0;0;1,958;0
6/10/24;3:00:00;2,086;0;0;0;2,086;0
6/10/24;3:15:00;1,9525;0;0;0;1,9525;0
6/10/24;3:30:00;1,9765;0;0;0;1,9765;0
6/10/24;3:45:00;1,997;0;0;0;1,997;0
6/10/24;4:00:00;1,975;0;0;0;1,975;0
6/10/24;4:15:00;1,949;0;0;0;1,949;0
6/10/24;4:30:00;2,041;0;0;0;2,041;0
6/10/24;4:45:00;1,974;0;0;0;1,974;0
6/10/24;5:00:00;2,058;0;0;0;2,058;0
6/10/24;5:15:00;1,69;0;0;0;1,69;0
6/10/24;5:30:00;1,701;0;0;0;1,701;0
6/10/24;5:45:00;1,549;0;0;0;1,549;0
6/10/24;6:00:00;1,757;0;0;0;1,757;0
6/10/24;6:15:00;1,518;0;0;0;1,518;0
6/10/24;6:30:00;1,72;0;0;0;1,72;0
6/10/24;6:45:00;1,637;0;0;0;1,637;0
6/10/24;7:00:00;1,536;0;0;0;1,536;0
6/10/24;7:15:00;1,7985;0;0;0;1,7985;0
6/10/24;7:30:00;1,5615;0;0;0;1,5615;0
6/10/24;7:45:00;1,6215;0;0;0;1,6215;0
6/10/24;8:00:00;1,9375;0;0,035666667;0,035666667;1,9375;0
6/10/24;8:15:00;1,444;0;0,219833333;0,219833333;1,444;0
6/10/24;8:30:00;1,37;0;0,336333333;0,336333333;1,37;0
6/10/24;8:45:00;1,0205;0;0,21925;0,21925;1,0205;0
6/10/24;9:00:00;0,8985;0,047;0,293666667;0,340666667;0,9455;-0,047
6/10/24;9:15:00;1,7175;0,222;0,424;0,646;1,9395;-0,222
6/10/24;9:30:00;1,8285;0,16;0,246833333;0,406833333;2,0785;-0,25
6/10/24;9:45:00;1,2925;0,3185;0,35725;0,67575;1,611;-0,3185
6/10/24;10:00:00;1,2845;0,24;0,707333333;0,947333333;1,648;-0,3635
6/10/24;10:15:00;1,24;0,38;0,7955;1,1755;1,62;-0,38
6/10/24;10:30:00;1,589;0,33;0,760916667;1,090916667;2,023;-0,434
6/10/24;10:45:00;1,4985;0,569;1,388666667;1,957666667;2,0675;-0,569
6/10/24;11:00:00;1,2345;0,588;1,86075;2,44875;2,0345;-0,8
6/10/24;11:15:00;1,4635;0,848;1,7365;2,5845;2,3115;-0,848
6/10/24;11:30:00;1,2835;0,474;1,3925;1,8665;2,0385;-0,755
6/10/24;11:45:00;1,3515;1,389;1,52725;2,91625;0;1,3515
6/10/24;12:00:00;1,4815;1,929;0,839083333;2,768083333;0;1,4815
6/10/24;12:15:00;1,237;1,8655;3,054083333;4,919583333;0;1,237
6/10/24;12:30:00;1,323;1,566;2,39725;3,96325;0;1,323
6/10/24;12:45:00;1,3805;1,424;3,197;4,621;0;1,3805
6/10/24;13:00:00;1,2875;1,697;3,135083333;4,832083333;3,5145;-2,227
6/10/24;13:15:00;1,4845;3,032;4,190916667;7,222916667;0;1,4845
6/10/24;13:30:00;1,2375;2,404;2,202;4,606;0;1,2375
6/10/24;13:45:00;1,498;3,558;1,738916667;5,296916667;0;1,498
6/10/24;14:00:00;1,218;2,624;3,33225;5,95625;0;1,218
6/10/24;14:15:00;1,395;3,899;3,899833333;7,798833333;0;1,395
6/10/24;14:30:00;1,239;1,901;3,745583333;5,646583333;0;1,239
6/10/24;14:45:00;1,3045;2,7665;3,757666667;6,524166667;0;1,3045
6/10/24;15:00:00;0,9685;2,173;1,093083333;3,266083333;0;0,9685
6/10/24;15:15:00;1,2325;3,292;6,392916667;9,684916667;0;1,2325
6/10/24;15:30:00;0,9875;2,307;3,54825;5,85525;0;0,9875
6/10/24;15:45:00;1,0685;3,285;2,53875;5,82375;0;1,0685
6/10/24;16:00:00;0,8645;1,12;2,182833333;3,302833333;0;0,8645
6/10/24;16:15:00;1,0365;4,8055;1,818416667;6,623916667;0;1,0365
6/10/24;16:30:00;0,8725;2,58;1,77025;4,35025;0;0,8725
6/10/24;16:45:00;1,0505;3,9205;0,960916667;4,881416667;0;1,0505
6/10/24;17:00:00;0,8655;2,047;1,749;3,796;0;0,8655
6/10/24;17:15:00;1,0315;2,843;0,856;3,699;0;1,0315
6/10/24;17:30:00;1,0465;1,513;0,550333333;2,063333333;0;1,0465
6/10/24;17:45:00;0,831;1,367;0,313083333;1,680083333;0;0,831
6/10/24;18:00:00;1,055;1,002;0,094333333;1,096333333;0;1,055
6/10/24;18:15:00;0,9225;0,826;0,176666667;1,002666667;1,7485;-0,826
6/10/24;18:30:00;0,9395;0,319;0,081833333;0,400833333;1,5015;-0,562
6/10/24;18:45:00;1,0365;0,268;0,112333333;0,380333333;1,305;-0,2685
6/10/24;19:00:00;0,9545;0,182;0,002083333;0,184083333;1,192;-0,2375
6/10/24;19:15:00;1,0225;0,1585;0;0,1585;1,181;-0,1585
6/10/24;19:30:00;0,8615;0,052;0;0,052;0,953;-0,0915
6/10/24;19:45:00;1,104;0,077;0;0,077;1,181;-0,077
6/10/24;20:00:00;0,976;0;0;0;0,981;-0,005
6/10/24;20:15:00;2,11;0;0;0;2,11;0
6/10/24;20:30:00;1,915;0;0;0;1,915;0
6/10/24;20:45:00;2,12;0;0;0;2,12;0
6/10/24;21:00:00;1,949;0;0;0;1,949;0
6/10/24;21:15:00;2,023;0;0;0;2,023;0
6/10/24;21:30:00;2,153;0;0;0;2,153;0
6/10/24;21:45:00;1,8775;0;0;0;1,8775;0
6/10/24;22:00:00;1,8775;0;0;0;1,8775;0
6/10/24;22:15:00;2,239;0;0;0;2,239;0
6/10/24;22:30:00;1,919;0;0;0;1,919;0
6/10/24;22:45:00;2,1785;0;0;0;2,1785;0
6/10/24;23:00:00;1,8935;0;0;0;1,8935;0
6/10/24;23:15:00;2,119;0;0;0;2,119;0
6/10/24;23:30:00;1,895;0;0;0;1,895;0
6/10/24;23:45:00;2,074;0;0;0;2,074;0
7/10/24;0:00:00;1,962;0;0;0;1,962;0
7/10/24;0:15:00;2,044;0;0;0;2,044;0
7/10/24;0:30:00;2,023;0;0;0;2,023;0
7/10/24;0:45:00;2,04;0;0;0;2,04;0
7/10/24;1:00:00;2,258;0;0;0;2,258;0
7/10/24;1:15:00;1,8925;0;0;0;1,8925;0
7/10/24;1:30:00;2,3505;0;0;0;2,3505;0
7/10/24;1:45:00;2,407;0;0;0;2,407;0
7/10/24;2:00:00;1,861;0;0;0;1,861;0
7/10/24;2:15:00;2,353;0;0;0;2,353;0
7/10/24;2:30:00;2,514;0;0;0;2,514;0
7/10/24;2:45:00;1,8965;0;0;0;1,8965;0
7/10/24;3:00:00;2,3045;0;0;0;2,3045;0
7/10/24;3:15:00;2,431;0;0;0;2,431;0
7/10/24;3:30:00;1,895;0;0;0;1,895;0
7/10/24;3:45:00;2,28;0;0;0;2,28;0
7/10/24;4:00:00;2,438;0;0;0;2,438;0
7/10/24;4:15:00;1,895;0;0;0;1,895;0
7/10/24;4:30:00;2,324;0;0;0;2,324;0
7/10/24;4:45:00;2,4555;0;0;0;2,4555;0
7/10/24;5:00:00;2,0585;0;0;0;2,0585;0
7/10/24;5:15:00;4,807;0;0;0;4,807;0
7/10/24;5:30:00;8,683;0;0;0;8,683;0
7/10/24;5:45:00;7,071;0;0;0;7,071;0
7/10/24;6:00:00;13,344;0;0;0;13,344;0
7/10/24;6:15:00;33,763;0;0;0;33,763;0
7/10/24;6:30:00;39,398;0;0;0;39,398;0
7/10/24;6:45:00;40,636;0;0;0;40,636;0
7/10/24;7:00:00;35,874;0;0;0;35,874;0
7/10/24;7:15:00;34,863;0;0;0;34,863;0
7/10/24;7:30:00;36,401;0;0;0;36,401;0
7/10/24;7:45:00;36,2215;0;0;0;36,2215;0
7/10/24;8:00:00;35,9695;0;0;0;35,9695;0
7/10/24;8:15:00;35,6635;0;0,023833333;0,023833333;35,6635;0
7/10/24;8:30:00;41,0865;0;0,068916667;0,068916667;41,0865;0
7/10/24;8:45:00;41,317;0;0,059666667;0,059666667;41,317;0
7/10/24;9:00:00;38,172;0,012;0,0245;0,0365;38,184;-0,012
7/10/24;9:15:00;34,656;0,1055;0,402333333;0,507833333;34,7615;-0,1055
7/10/24;9:30:00;33,633;0,04;0,8635;0,9035;33,7225;-0,0895
7/10/24;9:45:00;28,2035;0,04;0,918;0,958;28,243;-0,0395
7/10/24;10:00:00;26,1475;0,101;0,519333333;0,620333333;26,254;-0,1065
7/10/24;10:15:00;26,265;0,574;3,53025;4,10425;26,839;-0,574
7/10/24;10:30:00;32,409;0,495;1,600166667;2,095166667;33,182;-0,773
7/10/24;10:45:00;35,558;0,7415;0,9075;1,649;36,2995;-0,7415
7/10/24;11:00:00;35,493;0,458;0,846416667;1,304416667;36,1255;-0,6325
7/10/24;11:15:00;34,1675;2,674;5,109333333;7,783333333;36,8415;-2,674
7/10/24;11:30:00;39,5955;0,908;5,21875;6,12675;41,1725;-1,577
7/10/24;11:45:00;39,008;2,224;5,439833333;7,663833333;41,232;-2,224
7/10/24;12:00:00;42,963;2,734;5,577;8,311;46,724;-3,761
7/10/24;12:15:00;40,701;5,0625;5,699416667;10,76191667;45,7635;-5,0625
7/10/24;12:30:00;38,75;3,73;5,781833333;9,511833333;44,2675;-5,5175
7/10/24;12:45:00;39,694;5,7565;5,872583333;11,62908333;45,4505;-5,7565
7/10/24;13:00:00;34,348;3,945;5,883666667;9,828666667;40,2355;-5,8875
7/10/24;13:15:00;32,2455;6,033;5,904666667;11,93766667;38,2785;-6,033
7/10/24;13:30:00;17,4755;4,094;5,928083333;10,02208333;23,5985;-6,123
7/10/24;13:45:00;7,8165;6,226;5,9085;12,1345;14,0425;-6,226
7/10/24;14:00:00;6,5135;4,163;5,9045;10,0675;12,7495;-6,236
7/10/24;14:15:00;5,321;6,2065;5,972583333;12,17908333;0;5,321
7/10/24;14:30:00;5,571;4,102;5,701083333;9,803083333;0;5,571
7/10/24;14:45:00;4,8925;6,135;0,969333333;7,104333333;0;4,8925
7/10/24;15:00:00;5,1035;3,301;5,136;8,437;0;5,1035
7/10/24;15:15:00;4,6225;6,052;5,14275;11,19475;0;4,6225
7/10/24;15:30:00;5,0565;3,848;4,807916667;8,655916667;0;5,0565
7/10/24;15:45:00;5,1245;5,1455;4,350166667;9,495666667;10,27;-5,1455
7/10/24;16:00:00;5,9465;3,484;3,92425;7,40825;11,301;-5,3545
7/10/24;16:15:00;5,8325;5,164;3,82325;8,98725;10,9965;-5,164
7/10/24;16:30:00;5,7745;3,189;0,448166667;3,637166667;10,6405;-4,866
7/10/24;16:45:00;5,687;4,472;0,653166667;5,125166667;10,159;-4,472
7/10/24;17:00:00;6,242;2,682;0,143416667;2,825416667;10,323;-4,081
7/10/24;17:15:00;5,1115;2,7005;0,044083333;2,744583333;7,812;-2,7005
7/10/24;17:30:00;5,2125;0,358;0,015583333;0,373583333;6,13;-0,9175
7/10/24;17:45:00;5,3095;0,537;0,105583333;0,642583333;5,8465;-0,537
7/10/24;18:00:00;5,7555;0,059;0,082916667;0,141916667;5,9145;-0,159
7/10/24;18:15:00;5,0855;0,0425;0,107916667;0,150416667;5,128;-0,0425
7/10/24;18:30:00;5,0965;0,016;0,00275;0,01875;5,122;-0,0255
7/10/24;18:45:00;4,6255;0,08;0;0,08;4,7055;-0,08
7/10/24;19:00:00;4,3045;0,131;0;0,131;4,4625;-0,158
7/10/24;19:15:00;4,449;0,09;0;0,09;4,539;-0,09
7/10/24;19:30:00;4,282;0;0;0;4,29;-0,008
7/10/24;19:45:00;4,24;0;0;0;4,24;0
7/10/24;20:00:00;3,208;0;0;0;3,208;0
7/10/24;20:15:00;2,541;0;0;0;2,541;0
7/10/24;20:30:00;3,246;0;0;0;3,246;0
7/10/24;20:45:00;2,7395;0;0;0;2,7395;0
7/10/24;21:00:00;2,3565;0;0;0;2,3565;0
7/10/24;21:15:00;3,4815;0;0;0;3,4815;0
7/10/24;21:30:00;2,7425;0;0;0;2,7425;0
7/10/24;21:45:00;2,7995;0;0;0;2,7995;0
7/10/24;22:00:00;2,3215;0;0;0;2,3215;0
7/10/24;22:15:00;3,4065;0;0;0;3,4065;0
7/10/24;22:30:00;2,5385;0;0;0;2,5385;0
7/10/24;22:45:00;2,852;0;0;0;2,852;0
7/10/24;23:00:00;2,573;0;0;0;2,573;0
7/10/24;23:15:00;2,7425;0;0;0;2,7425;0
7/10/24;23:30:00;2,4655;0;0;0;2,4655;0
7/10/24;23:45:00;2,7865;0;0;0;2,7865;0
8/10/24;0:00:00;2,3885;0;0;0;2,3885;0
8/10/24;0:15:00;2,9215;0;0;0;2,9215;0
8/10/24;0:30:00;2,3545;0;0;0;2,3545;0
8/10/24;0:45:00;2,919;0;0;0;2,919;0
8/10/24;1:00:00;2,901;0;0;0;2,901;0
8/10/24;1:15:00;2,84;0;0;0;2,84;0
8/10/24;1:30:00;2,258;0;0;0;2,258;0
8/10/24;1:45:00;3,0355;0;0;0;3,0355;0
8/10/24;2:00:00;2,6765;0;0;0;2,6765;0
8/10/24;2:15:00;2,7555;0;0;0;2,7555;0
8/10/24;2:30:00;2,2245;0;0;0;2,2245;0
8/10/24;2:45:00;3,46;0;0;0;3,46;0
8/10/24;3:00:00;2,558;0;0;0;2,558;0
8/10/24;3:15:00;2,7415;0;0;0;2,7415;0
8/10/24;3:30:00;2,8335;0;0;0;2,8335;0
8/10/24;3:45:00;3,0865;0;0;0;3,0865;0
8/10/24;4:00:00;2,2595;0;0;0;2,2595;0
8/10/24;4:15:00;3,579;0;0;0;3,579;0
8/10/24;4:30:00;2,732;0;0;0;2,732;0
8/10/24;4:45:00;2,736;0;0;0;2,736;0
8/10/24;5:00:00;2,806;0;0;0;2,806;0
8/10/24;5:15:00;3,392;0;0;0;3,392;0
8/10/24;5:30:00;4,683;0;0;0;4,683;0
8/10/24;5:45:00;7,657;0;0;0;7,657;0
8/10/24;6:00:00;9,87;0;0;0;9,87;0
8/10/24;6:15:00;29,882;0;0;0;29,882;0
8/10/24;6:30:00;40,392;0;0;0;40,392;0
8/10/24;6:45:00;39,8055;0;0;0;39,8055;0
8/10/24;7:00:00;35,9465;0;0;0;35,9465;0
8/10/24;7:15:00;36,489;0;0;0;36,489;0
8/10/24;7:30:00;37,59;0;0;0;37,589;0,001
8/10/24;7:45:00;42,922;0;0;0;42,922;0
8/10/24;8:00:00;44,701;0;0;0;44,701;0
8/10/24;8:15:00;44,4435;0;0,036416667;0,036416667;44,4435;0
8/10/24;8:30:00;42,2035;0;0,168666667;0,168666667;42,2035;0
8/10/24;8:45:00;41,6545;0;0,384416667;0,384416667;41,6545;0
8/10/24;9:00:00;42,6695;0,01;0,385833333;0,395833333;42,6795;-0,01
8/10/24;9:15:00;43,2705;0,054;0,695;0,749;43,3245;-0,054
8/10/24;9:30:00;38,1895;0,107;1,042;1,149;38,3185;-0,129
8/10/24;9:45:00;32,2495;0,3785;1,276166667;1,654666667;32,628;-0,3785
8/10/24;10:00:00;29,4225;0,355;1,6625;2,0175;29,911;-0,4885
8/10/24;10:15:00;29,3575;0,746;2,674583333;3,420583333;30,1035;-0,746
8/10/24;10:30:00;34,5135;0,916;2,211916667;3,127916667;35,7135;-1,2
8/10/24;10:45:00;37,5175;1,488;2,88075;4,36875;39,0055;-1,488
8/10/24;11:00:00;36,9615;1,163;1,218166667;2,381166667;38,6765;-1,715
8/10/24;11:15:00;38,889;3,1985;1,151;4,3495;42,0875;-3,1985
8/10/24;11:30:00;37,258;3,533;1,66075;5,19375;42,2455;-4,9875
8/10/24;11:45:00;35,202;3,166;1,517916667;4,683916667;38,368;-3,166
8/10/24;12:00:00;36,308;0,77;1,914083333;2,684083333;37,656;-1,348
8/10/24;12:15:00;33,6285;1,287;1,809166667;3,096166667;34,9155;-1,287
8/10/24;12:30:00;34,7755;1,12;1,769666667;2,889666667;36,3965;-1,621
8/10/24;12:45:00;32,454;1,97;1,754333333;3,724333333;34,424;-1,97
8/10/24;13:00:00;31,752;1,163;2,075666667;3,238666667;33,751;-1,999
8/10/24;13:15:00;34,8625;1,8935;2,041;3,9345;36,756;-1,8935
8/10/24;13:30:00;35,0035;1,053;2,563416667;3,616416667;36,705;-1,7015
8/10/24;13:45:00;14,507;2,0205;1,733583333;3,754083333;16,5275;-2,0205
8/10/24;14:00:00;6,255;1,186;2,767666667;3,953666667;8,2225;-1,9675
8/10/24;14:15:00;5,8145;2,2675;7,45275;9,72025;8,082;-2,2675
8/10/24;14:30:00;4,5575;1,48;2,894;4,374;6,875;-2,3175
8/10/24;14:45:00;2,3405;2,0995;1,63775;3,73725;4,44;-2,0995
8/10/24;15:00:00;2,8575;2,875;2,901;5,776;6,594;-3,7365
8/10/24;15:15:00;2,228;4,743;1,195916667;5,938916667;0;2,228
8/10/24;15:30:00;2,313;1,979;0,738833333;2,717833333;0;2,313
8/10/24;15:45:00;2,8895;2,23;0,663333333;2,893333333;5,1195;-2,23
8/10/24;16:00:00;2,6185;1,346;0,665833333;2,011833333;0;2,6185
8/10/24;16:15:00;2,7345;1,0025;0,3795;1,382;3,737;-1,0025
8/10/24;16:30:00;2,9245;0,443;0,304333333;0,747333333;3,654;-0,7295
8/10/24;16:45:00;2,815;0,535;0,399833333;0,934833333;3,35;-0,535
8/10/24;17:00:00;3,183;0,467;1,23625;1,70325;3,819;-0,636
8/10/24;17:15:00;2,798;0,338;0,478333333;0,816333333;3,136;-0,338
8/10/24;17:30:00;2,687;0,356;0,22175;0,57775;3,132;-0,445
8/10/24;17:45:00;3,463;0,617;0,035833333;0,652833333;4,08;-0,617
8/10/24;18:00:00;3,088;0,596;0,021583333;0,617583333;3,91;-0,822
8/10/24;18:15:00;2,7175;0,3165;0,026583333;0,343083333;3,034;-0,3165
8/10/24;18:30:00;3,0195;0,127;0,041166667;0,168166667;3,204;-0,1845
8/10/24;18:45:00;2,9665;0,0625;0,031416667;0,093916667;3,029;-0,0625
8/10/24;19:00:00;2,4505;0,013;0,002583333;0,015583333;2,473;-0,0225
8/10/24;19:15:00;2,466;0,0585;0;0,0585;2,5245;-0,0585
8/10/24;19:30:00;3,316;0,027;0;0,027;3,3615;-0,0455
8/10/24;19:45:00;1,862;0,0165;0;0,0165;1,8785;-0,0165
8/10/24;20:00:00;1,819;0;0;0;1,8225;-0,0035
8/10/24;20:15:00;3,55;0;0;0;3,55;0
8/10/24;20:30:00;2,879;0;0;0;2,879;0
8/10/24;20:45:00;2,64;0;0;0;2,64;0
8/10/24;21:00:00;3,18;0;0;0;3,18;0
8/10/24;21:15:00;2,95;0;0;0;2,95;0
8/10/24;21:30:00;2,69;0;0;0;2,69;0
8/10/24;21:45:00;3,041;0;0;0;3,041;0
8/10/24;22:00:00;3,051;0;0;0;3,051;0
8/10/24;22:15:00;2,495;0;0;0;2,495;0
8/10/24;22:30:00;2,525;0;0;0;2,525;0
8/10/24;22:45:00;2,9615;0;0;0;2,9615;0
8/10/24;23:00:00;2,4225;0;0;0;2,4225;0
8/10/24;23:15:00;2,688;0;0;0;2,688;0
8/10/24;23:30:00;2,939;0;0;0;2,939;0
8/10/24;23:45:00;2,452;0;0;0;2,452;0
9/10/24;0:00:00;2,97;0;0;0;2,97;0
9/10/24;0:15:00;2,478;0;0;0;2,478;0
9/10/24;0:30:00;2,498;0;0;0;2,498;0
9/10/24;0:45:00;2,998;0;0;0;2,998;0
9/10/24;1:00:00;2,456;0;0;0;2,456;0
9/10/24;1:15:00;2,596;0;0;0;2,596;0
9/10/24;1:30:00;2,61;0;0;0;2,61;0
9/10/24;1:45:00;2,567;0;0;0;2,567;0
9/10/24;2:00:00;3,041;0;0;0;3,041;0
9/10/24;2:15:00;2,376;0;0;0;2,376;0
9/10/24;2:30:00;2,823;0;0;0;2,823;0
9/10/24;2:45:00;2,397;0;0;0;2,397;0
9/10/24;3:00:00;2,294;0;0;0;2,294;0
9/10/24;3:15:00;2,917;0;0;0;2,917;0
9/10/24;3:30:00;2,302;0;0;0;2,302;0
9/10/24;3:45:00;2,6505;0;0;0;2,6505;0
9/10/24;4:00:00;2,4925;0;0;0;2,4925;0
9/10/24;4:15:00;2,4165;0;0;0;2,4165;0
9/10/24;4:30:00;2,7855;0;0;0;2,7855;0
9/10/24;4:45:00;2,6685;0;0;0;2,6685;0
9/10/24;5:00:00;2,2865;0;0;0;2,2865;0
9/10/24;5:15:00;2,946;0;0;0;2,946;0
9/10/24;5:30:00;4,269;0;0;0;4,269;0
9/10/24;5:45:00;7,309;0;0;0;7,309;0
9/10/24;6:00:00;9,875;0;0;0;9,875;0
9/10/24;6:15:00;35,314;0;0;0;35,314;0
9/10/24;6:30:00;38,681;0;0;0;38,681;0
9/10/24;6:45:00;35,9885;0;0;0;35,9885;0
9/10/24;7:00:00;35,9285;0;0;0;35,9285;0
9/10/24;7:15:00;33,946;0;0;0;33,946;0
9/10/24;7:30:00;33,794;0;0;0;33,794;0
9/10/24;7:45:00;35,734;0;0;0;35,734;0
9/10/24;8:00:00;38,724;0;0,0115;0,0115;38,724;0
9/10/24;8:15:00;40,561;0;0,015083333;0,015083333;40,561;0
9/10/24;8:30:00;41,798;0;0,078833333;0,078833333;41,798;0
9/10/24;8:45:00;34,967;0,001;0,1565;0,1575;34,968;-0,001
9/10/24;9:00:00;37,715;0,011;0,3095;0,3205;37,727;-0,012
9/10/24;9:15:00;35,739;0,0455;0,188416667;0,233916667;35,7845;-0,0455
9/10/24;9:30:00;34,273;0,09;0,195666667;0,285666667;34,3915;-0,1185
9/10/24;9:45:00;16,5185;0,193;0,385916667;0,578916667;16,7115;-0,193
9/10/24;10:00:00;12,7815;0,134;0,787083333;0,921083333;13,0085;-0,227
9/10/24;10:15:00;11,325;0,261;0,29075;0,55175;11,586;-0,261
9/10/24;10:30:00;15,367;0,15;0,8035;0,9535;15,617;-0,25
9/10/24;10:45:00;17,6165;0,4085;1,053083333;1,461583333;18,025;-0,4085
9/10/24;11:00:00;30,1575;0,511;1,577666667;2,088666667;30,814;-0,6565
9/10/24;11:15:00;36,2895;0,4815;0,765083333;1,246583333;36,771;-0,4815
9/10/24;11:30:00;38,2255;0,649;0,98625;1,63525;39,115;-0,8895
9/10/24;11:45:00;38,0735;1,171;1,523166667;2,694166667;39,2445;-1,171
9/10/24;12:00:00;36,7405;0,729;1,797;2,526;37,9115;-1,171
9/10/24;12:15:00;38,7045;0,953;1,841583333;2,794583333;39,6575;-0,953
9/10/24;12:30:00;38,8535;0,607;1,4405;2,0475;39,7775;-0,924
9/10/24;12:45:00;30,4565;1,6205;2,243583333;3,864083333;32,077;-1,6205
9/10/24;13:00:00;28,2325;1,248;2,141916667;3,389916667;30,089;-1,8565
9/10/24;13:15:00;10,5115;1,6855;2,872583333;4,558083333;12,197;-1,6855
9/10/24;13:30:00;11,6745;0,936;3,466166667;4,402166667;13,044;-1,3695
9/10/24;13:45:00;7,473;2,4265;3,116333333;5,542833333;9,8995;-2,4265
9/10/24;14:00:00;6,889;1,301;3,126833333;4,427833333;9,0255;-2,1365
9/10/24;14:15:00;4,118;2,915;2,144333333;5,059333333;7,033;-2,915
9/10/24;14:30:00;3,523;1,868;0,77075;2,63875;6,486;-2,963
9/10/24;14:45:00;2,913;3,711;3,323666667;7,034666667;0;2,913
9/10/24;15:00:00;3,777;2,038;5,468333333;7,506333333;7,232;-3,455
9/10/24;15:15:00;2,5065;1,375;4,538083333;5,913083333;3,8815;-1,375
9/10/24;15:30:00;2,9355;0,647;4,77475;5,42175;3,9035;-0,968
9/10/24;15:45:00;3,265;4,0295;5,034666667;9,064166667;0;3,265
9/10/24;16:00:00;3,378;3,592;1,500916667;5,092916667;0;3,378
9/10/24;16:15:00;2,755;5,056;2,482583333;7,538583333;0;2,755
9/10/24;16:30:00;3,122;3,1;1,305583333;4,405583333;0;3,122
9/10/24;16:45:00;2,895;3,2545;1,165666667;4,420166667;0;2,895
9/10/24;17:00:00;2,031;2,434;1,068583333;3,502583333;5,1685;-3,1375
9/10/24;17:15:00;2,8755;2,488;0,96325;3,45125;5,3635;-2,488
9/10/24;17:30:00;2,7575;1,719;1,016583333;2,735583333;5,1795;-2,422
9/10/24;17:45:00;2,4505;1,5665;0,565;2,1315;4,017;-1,5665
9/10/24;18:00:00;2,3275;0,638;0,312833333;0,950833333;3,364;-1,0365
9/10/24;18:15:00;3,039;1,177;0,10425;1,28125;4,216;-1,177
9/10/24;18:30:00;2,015;0,642;0,111916667;0,753916667;3,153;-1,138
9/10/24;18:45:00;2,468;0,6335;0,065666667;0,699166667;3,1015;-0,6335
9/10/24;19:00:00;2,481;0,165;0,004666667;0,169666667;2,7895;-0,3085
9/10/24;19:15:00;2,6285;0,1;0;0,1;2,7285;-0,1
9/10/24;19:30:00;1,8315;0,072;0;0,072;1,9305;-0,099
9/10/24;19:45:00;2,6975;0,0515;0;0,0515;2,749;-0,0515
9/10/24;20:00:00;2,0955;0;0;0;2,101;-0,0055
9/10/24;20:15:00;2,379;0;0;0;2,379;0
9/10/24;20:30:00;2,742;0;0;0;2,742;0
9/10/24;20:45:00;3,417;0;0;0;3,417;0
9/10/24;21:00:00;2,651;0;0;0;2,651;0
9/10/24;21:15:00;2,932;0;0;0;2,932;0
9/10/24;21:30:00;3,02;0;0;0;3,02;0
9/10/24;21:45:00;2,8355;0;0;0;2,8355;0
9/10/24;22:00:00;2,3645;0;0;0;2,3645;0
9/10/24;22:15:00;3,2285;0;0;0;3,2285;0
9/10/24;22:30:00;2,4625;0;0;0;2,4625;0
9/10/24;22:45:00;3,057;0;0;0;3,057;0
9/10/24;23:00:00;2,265;0;0;0;2,265;0
9/10/24;23:15:00;2,9215;0;0;0;2,9215;0
9/10/24;23:30:00;2,4795;0;0;0;2,4795;0
9/10/24;23:45:00;3,2395;0;0;0;3,2395;0
10/10/24;0:00:00;2,4355;0;0;0;2,4355;0
10/10/24;0:15:00;3,1755;0;0;0;3,1755;0
10/10/24;0:30:00;2,7775;0;0;0;2,7775;0
10/10/24;0:45:00;2,632;0;0;0;2,632;0
10/10/24;1:00:00;2,82;0;0;0;2,82;0
10/10/24;1:15:00;3,1315;0;0;0;3,1315;0
10/10/24;1:30:00;2,4325;0;0;0;2,4325;0
10/10/24;1:45:00;2,8985;0;0;0;2,8985;0
10/10/24;2:00:00;3,4615;0;0;0;3,4615;0
10/10/24;2:15:00;2,5285;0;0;0;2,5285;0
10/10/24;2:30:00;2,6895;0;0;0;2,6895;0
10/10/24;2:45:00;3,154;0;0;0;3,154;0
10/10/24;3:00:00;2,649;0;0;0;2,649;0
10/10/24;3:15:00;2,7085;0;0;0;2,7085;0
10/10/24;3:30:00;3,3015;0;0;0;3,3015;0
10/10/24;3:45:00;2,491;0;0;0;2,491;0
10/10/24;4:00:00;2,716;0;0;0;2,716;0
10/10/24;4:15:00;3,3085;0;0;0;3,3085;0
10/10/24;4:30:00;2,9305;0;0;0;2,9305;0
10/10/24;4:45:00;2,623;0;0;0;2,623;0
10/10/24;5:00:00;3,198;0;0;0;3,198;0
10/10/24;5:15:00;2,8325;0;0;0;2,8325;0
10/10/24;5:30:00;3,8555;0;0;0;3,8555;0
10/10/24;5:45:00;7,7915;0;0;0;7,7915;0
10/10/24;6:00:00;14,8705;0;0;0;14,8705;0
10/10/24;6:15:00;36,871;0;0;0;36,871;0
10/10/24;6:30:00;40,313;0;0;0;40,313;0
10/10/24;6:45:00;37,74;0;0;0;37,74;0
10/10/24;7:00:00;35,243;0;0;0;35,243;0
10/10/24;7:15:00;36,094;0;0;0;36,094;0
10/10/24;7:30:00;40,758;0;0;0;40,758;0
10/10/24;7:45:00;36,042;0;0,009083333;0,009083333;36,042;0
10/10/24;8:00:00;33,022;0;0,055;0,055;33,022;0
10/10/24;8:15:00;39,2075;0;0,184083333;0,184083333;39,2075;0
10/10/24;8:30:00;46,9555;0;0,41275;0,41275;46,9555;0
10/10/24;8:45:00;42,225;0,0245;0,5235;0,548;42,2495;-0,0245
10/10/24;9:00:00;41,432;0,064;0,8265;0,8905;41,5135;-0,0815
10/10/24;9:15:00;37,8045;0,249;0,818916667;1,067916667;38,0535;-0,249
10/10/24;9:30:00;40,7795;0,354;1,160583333;1,514583333;41,2525;-0,473
10/10/24;9:45:00;37,0345;0,66;0,955166667;1,615166667;37,6945;-0,66
10/10/24;10:00:00;32,2585;0,822;3,62575;4,44775;33,3555;-1,097
10/10/24;10:15:00;27,9055;0,949;1,474166667;2,423166667;28,8545;-0,949
10/10/24;10:30:00;36,4835;1,367;0,728666667;2,095666667;38,2355;-1,752
10/10/24;10:45:00;39,3145;2,01;4,929333333;6,939333333;41,3245;-2,01
10/10/24;11:00:00;37,1875;1,845;5,24025;7,08525;39,9205;-2,733
10/10/24;11:15:00;35,142;2,4995;2,598583333;5,098083333;37,6415;-2,4995
10/10/24;11:30:00;32,567;1,884;2,520166667;4,404166667;35,4285;-2,8615
10/10/24;11:45:00;34,4525;3,6695;3,014333333;6,683833333;38,122;-3,6695
10/10/24;12:00:00;33,4625;4,084;1,132666667;5,216666667;39,324;-5,8615
10/10/24;12:15:00;31,3975;4,398;6,162166667;10,56016667;35,7955;-4,398
10/10/24;12:30:00;30,7525;2,46;4,216083333;6,676083333;34,7435;-3,991
10/10/24;12:45:00;31,4115;3,3875;6,120416667;9,507916667;34,799;-3,3875
10/10/24;13:00:00;22,0715;0,753;6,284;7,037;23,267;-1,1955
10/10/24;13:15:00;13,2875;4,1905;6,25025;10,44075;17,478;-4,1905
10/10/24;13:30:00;12,2175;2,538;6,025333333;8,563333333;15,386;-3,1685
10/10/24;13:45:00;6,5305;5,347;5,929416667;11,27641667;11,8775;-5,347
10/10/24;14:00:00;5,5905;3,425;5,799666667;9,224666667;0;5,5905
10/10/24;14:15:00;5,5505;6,4345;2,762916667;9,197416667;0;5,5505
10/10/24;14:30:00;5,8265;3,943;2,832916667;6,775916667;0;5,8265
10/10/24;14:45:00;5,1515;5,431;2,789583333;8,220583333;0;5,1515
10/10/24;15:00:00;5,1825;3,638;2,756083333;6,394083333;0;5,1825
10/10/24;15:15:00;4,425;2,869;2,07375;4,94275;7,294;-2,869
10/10/24;15:30:00;2,599;2,65;2,499416667;5,149416667;0;2,599
10/10/24;15:45:00;2,8245;3,9425;2,28525;6,22775;6,767;-3,9425
10/10/24;16:00:00;1,9225;3,305;1,950833333;5,255833333;0;1,9225
10/10/24;16:15:00;2,2615;2,404;1,243416667;3,647416667;4,6655;-2,404
10/10/24;16:30:00;2,3625;1,608;1,32775;2,93575;0;2,3625
10/10/24;16:45:00;2,4505;2,4185;1,702583333;4,121083333;4,869;-2,4185
10/10/24;17:00:00;2,3465;1,071;1,39875;2,46975;4,166;-1,8195
10/10/24;17:15:00;2,5675;1,341;2,505333333;3,846333333;3,9085;-1,341
10/10/24;17:30:00;2,3325;1,114;0,872583333;1,986583333;3,9175;-1,585
10/10/24;17:45:00;2,353;1,7235;1,394166667;3,117666667;4,0765;-1,7235
10/10/24;18:00:00;2,329;1,177;0,845333333;2,022333333;4,0355;-1,7065
10/10/24;18:15:00;2,4445;1,9195;0,430083333;2,349583333;0;2,4445
10/10/24;18:30:00;2,4125;0,81;0,127083333;0,937083333;3,691;-1,2785
10/10/24;18:45:00;2,1205;1,1775;0,060083333;1,237583333;3,298;-1,1775
10/10/24;19:00:00;2,2365;0,446;0,006833333;0,452833333;3,031;-0,7945
10/10/24;19:15:00;2,0345;0,282;0;0,282;2,3165;-0,282
10/10/24;19:30:00;2,1445;0,066;0;0,066;2,2785;-0,134
10/10/24;19:45:00;1,9765;0,049;0;0,049;2,0255;-0,049
10/10/24;20:00:00;1,9685;0;0;0;1,9755;-0,007
10/10/24;20:15:00;2,719;0;0;0;2,719;0
10/10/24;20:30:00;2,159;0;0;0;2,159;0
10/10/24;20:45:00;2,4635;0;0;0;2,4635;0
10/10/24;21:00:00;2,8125;0;0;0;2,8125;0
10/10/24;21:15:00;2,374;0;0;0;2,374;0
10/10/24;21:30:00;2,378;0;0;0;2,378;0
10/10/24;21:45:00;2,751;0;0;0;2,751;0
10/10/24;22:00:00;2,267;0;0;0;2,267;0
10/10/24;22:15:00;2,3105;0;0;0;2,3105;0
10/10/24;22:30:00;3,0775;0;0;0;3,0775;0
10/10/24;22:45:00;2,326;0;0;0;2,326;0
10/10/24;23:00:00;2,117;0;0;0;2,117;0
10/10/24;23:15:00;2,881;0;0;0;2,881;0
10/10/24;23:30:00;2,365;0;0;0;2,365;0
10/10/24;23:45:00;2,181;0;0;0;2,181;0
11/10/24;0:00:00;2,816;0;0;0;2,816;0
11/10/24;0:15:00;2,8435;0;0;0;2,8435;0
11/10/24;0:30:00;2,1215;0;0;0;2,1215;0
11/10/24;0:45:00;2,64;0;0;0;2,64;0
11/10/24;1:00:00;2,616;0;0;0;2,616;0
11/10/24;1:15:00;2,097;0;0;0;2,097;0
11/10/24;1:30:00;2,521;0;0;0;2,521;0
11/10/24;1:45:00;2,7;0;0;0;2,7;0
11/10/24;2:00:00;2,15;0;0;0;2,15;0
11/10/24;2:15:00;2,6185;0;0;0;2,6185;0
11/10/24;2:30:00;3,0515;0;0;0;3,0515;0
11/10/24;2:45:00;2,0935;0;0;0;2,0935;0
11/10/24;3:00:00;2,2975;0;0;0;2,2975;0
11/10/24;3:15:00;2,8625;0;0;0;2,8625;0
11/10/24;3:30:00;2,3185;0;0;0;2,3185;0
11/10/24;3:45:00;2,2175;0;0;0;2,2175;0
11/10/24;4:00:00;2,7605;0;0;0;2,7605;0
11/10/24;4:15:00;2,5215;0;0;0;2,5215;0
11/10/24;4:30:00;2,1045;0;0;0;2,1045;0
11/10/24;4:45:00;2,8445;0;0;0;2,8445;0
11/10/24;5:00:00;2,8365;0;0;0;2,8365;0
11/10/24;5:15:00;2,0945;0;0;0;2,0945;0
11/10/24;5:30:00;4,3595;0;0;0;4,3595;0
11/10/24;5:45:00;6,919;0;0;0;6,919;0
11/10/24;6:00:00;9,672;0;0;0;9,672;0
11/10/24;6:15:00;15,571;0;0;0;15,571;0
11/10/24;6:30:00;15,28;0;0;0;15,28;0
11/10/24;6:45:00;13,652;0;0;0;13,652;0
11/10/24;7:00:00;15,344;0;0;0;15,344;0
11/10/24;7:15:00;15,4405;0;0;0;15,4405;0
11/10/24;7:30:00;18,2735;0;0;0;18,2735;0
11/10/24;7:45:00;17,8695;0;0;0;17,8695;0
11/10/24;8:00:00;23,5655;0;0;0;23,5655;0
11/10/24;8:15:00;33,9095;0;0,850833333;0,850833333;33,9095;0
11/10/24;8:30:00;39,5855;0;0,382;0,382;39,5855;0
11/10/24;8:45:00;37,745;0;0,182166667;0,182166667;37,745;0
11/10/24;9:00:00;39,68;0,129;0,356916667;0,485916667;39,809;-0,129
11/10/24;9:15:00;39,8625;0,705;1,080166667;1,785166667;40,5675;-0,705
11/10/24;9:30:00;36,5985;0,151;0,794666667;0,945666667;36,9485;-0,35
11/10/24;9:45:00;35,4195;0,2225;0,61125;0,83375;35,642;-0,2225
11/10/24;10:00:00;34,3625;0,413;1,551083333;1,964083333;34,873;-0,5105
11/10/24;10:15:00;30,895;0,9675;1,416833333;2,384333333;31,8625;-0,9675
11/10/24;10:30:00;35,49;0,374;0,963833333;1,337833333;36,1475;-0,6575
11/10/24;10:45:00;34,2615;0,854;0,796833333;1,650833333;35,1155;-0,854
11/10/24;11:00:00;36,8045;1,177;1,782916667;2,959916667;38,4045;-1,6
11/10/24;11:15:00;40,384;1,5555;1,052;2,6075;41,9395;-1,5555
11/10/24;11:30:00;39,274;0,508;2,54475;3,05275;40,1945;-0,9205
11/10/24;11:45:00;35,986;1,1735;6,22975;7,40325;37,1595;-1,1735
11/10/24;12:00:00;31,24;1,423;2,411416667;3,834416667;33,2575;-2,0175
11/10/24;12:15:00;23,67;1,319;1,116416667;2,435416667;24,989;-1,319
11/10/24;12:30:00;13,589;3,719;1,416;5,135;17,849;-4,26
11/10/24;12:45:00;12,1675;4,7595;0,408333333;5,167833333;16,927;-4,7595
11/10/24;13:00:00;14,6395;1,522;0,595166667;2,117166667;17,038;-2,3985
11/10/24;13:15:00;13,254;1,2905;0;1,2905;14,5445;-1,2905
11/10/24;13:30:00;10,073;0,693;0;0,693;11,1715;-1,0985
11/10/24;13:45:00;6,5185;0,4335;0;0,4335;6,952;-0,4335
11/10/24;14:00:00;3,1675;0,759;0;0,759;4,05;-0,8825
11/10/24;14:15:00;0;0;0;0;0;0
11/10/24;14:30:00;0;0;0;0;0;0
11/10/24;14:45:00;0;0;0,103583333;0,103583333;0;0
11/10/24;15:00:00;0;0;0,420916667;0,420916667;0;0
11/10/24;15:15:00;0,466;0;1,488583333;1,488583333;0,466;0
11/10/24;15:30:00;1,608;0,01;1,166666667;1,176666667;1,618;-0,01
11/10/24;15:45:00;1,609;0,3485;3,487666667;3,836166667;1,9575;-0,3485
11/10/24;16:00:00;2,187;0,789;1,447833333;2,236833333;3,1705;-0,9835
11/10/24;16:15:00;1,4935;2,5555;3,97875;6,53425;4,049;-2,5555
11/10/24;16:30:00;1,4495;3,927;1,784333333;5,711333333;6,159;-4,7095
11/10/24;16:45:00;1,669;5,75;0,852666667;6,602666667;0;1,669
11/10/24;17:00:00;1,525;3,085;3,21375;6,29875;6,569;-5,044
11/10/24;17:15:00;1,525;7,063;0,335416667;7,398416667;0;1,525
11/10/24;17:30:00;1,53;0,963;0,106083333;1,069083333;0;1,53
11/10/24;17:45:00;1,551;2,0345;0,0815;2,116;3,5855;-2,0345
11/10/24;18:00:00;1,527;2,38;0,562166667;2,942166667;0;1,527
11/10/24;18:15:00;1,397;0,7145;0,439166667;1,153666667;2,1115;-0,7145
11/10/24;18:30:00;1,723;0,212;0,164083333;0,376083333;2,0705;-0,3475
11/10/24;18:45:00;1,4285;0,4405;0,003666667;0,444166667;1,869;-0,4405
11/10/24;19:00:00;1,5275;0,878;0;0,878;2,688;-1,1605
11/10/24;19:15:00;1,471;0,8045;0;0,8045;2,2755;-0,8045
11/10/24;19:30:00;1,585;0,173;0;0,173;1,8935;-0,3085
11/10/24;19:45:00;1,528;0,004;0;0,004;1,5315;-0,0035
11/10/24;20:00:00;1,237;0;0;0;1,2365;0,0005
11/10/24;20:15:00;1,754;0;0;0;1,754;0
11/10/24;20:30:00;1,747;0;0;0;1,747;0
11/10/24;20:45:00;1,563;0;0;0;1,563;0
11/10/24;21:00:00;1,385;0;0;0;1,385;0
11/10/24;21:15:00;1,509;0;0;0;1,5085;0,0005
11/10/24;21:30:00;1,595;0;0;0;1,5945;0,0005
11/10/24;21:45:00;1,6165;0;0;0;1,6165;0
11/10/24;22:00:00;1,2685;0;0;0;1,2685;0
11/10/24;22:15:00;1,4105;0;0;0;1,4105;0
11/10/24;22:30:00;1,3935;0;0;0;1,3935;0
11/10/24;22:45:00;1,5195;0;0;0;1,5195;0
11/10/24;23:00:00;1,6355;0;0;0;1,6345;0,001
11/10/24;23:15:00;1,456;0;0;0;1,456;0
11/10/24;23:30:00;1,497;0;0;0;1,497;0
11/10/24;23:45:00;1,9565;0;0;0;1,9565;0
12/10/24;0:00:00;1,8925;0;0;0;1,8925;0
12/10/24;0:15:00;1,989;0;0;0;1,989;0
12/10/24;0:30:00;1,875;0;0;0;1,875;0
12/10/24;0:45:00;2,204;0;0;0;2,204;0
12/10/24;1:00:00;1,704;0;0;0;1,704;0
12/10/24;1:15:00;1,857;0;0;0;1,857;0
12/10/24;1:30:00;1,618;0;0;0;1,618;0
12/10/24;1:45:00;1,895;0;0;0;1,895;0
12/10/24;2:00:00;1,669;0;0;0;1,669;0
12/10/24;2:15:00;1,846;0;0;0;1,846;0
12/10/24;2:30:00;1,789;0;0;0;1,789;0
12/10/24;2:45:00;1,788;0;0;0;1,788;0
12/10/24;3:00:00;2,146;0;0;0;2,146;0
12/10/24;3:15:00;1,7735;0;0;0;1,7735;0
12/10/24;3:30:00;1,9895;0;0;0;1,9895;0
12/10/24;3:45:00;1,341;0;0;0;1,341;0
12/10/24;4:00:00;1,504;0;0;0;1,504;0
12/10/24;4:15:00;1,3095;0;0;0;1,3095;0
12/10/24;4:30:00;1,5085;0;0;0;1,5085;0
12/10/24;4:45:00;1,311;0;0;0;1,311;0
12/10/24;5:00:00;1,395;0;0;0;1,395;0
12/10/24;5:15:00;1,417;0;0;0;1,417;0
12/10/24;5:30:00;1,383;0;0;0;1,383;0
12/10/24;5:45:00;1,745;0;0;0;1,745;0
12/10/24;6:00:00;1,597;0;0;0;1,597;0
12/10/24;6:15:00;1,435;0;0;0;1,435;0
12/10/24;6:30:00;1,299;0;0;0;1,299;0
12/10/24;6:45:00;1,5985;0;0;0;1,5985;0
12/10/24;7:00:00;1,3565;0;0;0;1,3565;0
12/10/24;7:15:00;1,5395;0;0;0;1,5395;0
12/10/24;7:30:00;1,8825;0;0;0;1,8825;0
12/10/24;7:45:00;1,763;0;0;0;1,763;0
12/10/24;8:00:00;1,872;0;0,00125;0,00125;1,872;0
12/10/24;8:15:00;1,7735;0;0,138083333;0,138083333;1,7735;0
12/10/24;8:30:00;1,9525;0;0,292083333;0,292083333;1,9525;0
12/10/24;8:45:00;1,5955;0;0,27375;0,27375;1,5955;0
12/10/24;9:00:00;1,2825;0,027;0,506416667;0,533416667;1,3095;-0,027
12/10/24;9:15:00;1,801;0,3225;1,743416667;2,065916667;2,1235;-0,3225
12/10/24;9:30:00;1,297;0,415;2,18525;2,60025;1,8515;-0,5545
12/10/24;9:45:00;1,1775;0,6885;2,569;3,2575;1,866;-0,6885
12/10/24;10:00:00;1,6795;1,469;2,952666667;4,421666667;3,436;-1,7565
12/10/24;10:15:00;1,3015;2,4965;3,28975;5,78625;0;1,3015
12/10/24;10:30:00;1,0415;3,237;3,68275;6,91975;0;1,0415
12/10/24;10:45:00;1,6465;5,587;3,962166667;9,549166667;0;1,6465
12/10/24;11:00:00;1,3755;4,316;4,188166667;8,504166667;0;1,3755
12/10/24;11:15:00;1,1465;7,1675;4,429166667;11,59666667;0;1,1465
12/10/24;11:30:00;1,1935;5,339;4,749;10,088;0;1,1935
12/10/24;11:45:00;1,2975;8,074;4,83375;12,90775;0;1,2975
12/10/24;12:00:00;1,1115;6,011;4,978333333;10,98933333;0;1,1115
12/10/24;12:15:00;1,456;9,529;5,097916667;14,62691667;0;1,456
12/10/24;12:30:00;1,238;6,743;5,189166667;11,93216667;0;1,238
12/10/24;12:45:00;0,9455;10,3125;5,336666667;15,64916667;0;0,9455
12/10/24;13:00:00;0,8185;6,987;5,354666667;12,34166667;0;0,8185
12/10/24;13:15:00;0,682;10,839;5,330833333;16,16983333;0;0,682
12/10/24;13:30:00;0,834;7,354;5,326833333;12,68083333;0;0,834
12/10/24;13:45:00;0,753;11,301;5,325166667;16,62616667;0;0,753
12/10/24;14:00:00;0,971;7,52;5,185583333;12,70558333;0;0,971
12/10/24;14:15:00;0,815;11,245;5,095083333;16,34008333;0;0,815
12/10/24;14:30:00;0,974;7,481;2,3885;9,8695;0;0,974
12/10/24;14:45:00;0,7185;11,123;4,514666667;15,63766667;0;0,7185
12/10/24;15:00:00;0,6825;7,254;4,686666667;11,94066667;0;0,6825
12/10/24;15:15:00;0,8155;9,7335;4,53175;14,26525;0;0,8155
12/10/24;15:30:00;0,6725;3,307;4,32175;7,62875;0;0,6725
12/10/24;15:45:00;0,9035;7,8625;4,0435;11,906;0;0,9035
12/10/24;16:00:00;1,0305;6,55;3,66375;10,21375;0;1,0305
12/10/24;16:15:00;0,837;9,412;3,325666667;12,73766667;0;0,837
12/10/24;16:30:00;0,696;5,823;0,78625;6,60925;0;0,696
12/10/24;16:45:00;0,845;7,7525;3,5085;11,261;0;0,845
12/10/24;17:00:00;0,77;4,976;1,448916667;6,424916667;0;0,77
12/10/24;17:15:00;0,7605;4,3065;1,300416667;5,606916667;0;0,7605
12/10/24;17:30:00;0,7615;2,896;1,562666667;4,458666667;0;0,7615
12/10/24;17:45:00;0,681;5,8985;0,991333333;6,889833333;0;0,681
12/10/24;18:00:00;0,84;1,999;0,600166667;2,599166667;0;0,84
12/10/24;18:15:00;0,68;2,9655;0,345916667;3,311416667;0;0,68
12/10/24;18:30:00;0,813;1,845;0,16325;2,00825;0;0,813
12/10/24;18:45:00;0,7245;1,8685;0,051583333;1,920083333;0;0,7245
12/10/24;19:00:00;0,7415;0,687;0;0,687;1,936;-1,1945
12/10/24;19:15:00;0,811;0,6465;0;0,6465;1,4575;-0,6465
12/10/24;19:30:00;0,832;0,165;0;0,165;1,1505;-0,3185
12/10/24;19:45:00;1,231;0,0785;0;0,0785;1,3095;-0,0785
12/10/24;20:00:00;1,203;0;0;0;1,2095;-0,0065
12/10/24;20:15:00;1,4205;0;0;0;1,4205;0
12/10/24;20:30:00;1,9295;0;0;0;1,9295;0
12/10/24;20:45:00;1,6405;0;0;0;1,6405;0
12/10/24;21:00:00;1,9635;0;0;0;1,9635;0
12/10/24;21:15:00;1,642;0;0;0;1,642;0
12/10/24;21:30:00;1,947;0;0;0;1,947;0
12/10/24;21:45:00;1,707;0;0;0;1,707;0
12/10/24;22:00:00;1,688;0;0;0;1,688;0
12/10/24;22:15:00;1,965;0;0;0;1,965;0
12/10/24;22:30:00;1,337;0;0;0;1,337;0
12/10/24;22:45:00;1,551;0;0;0;1,551;0
12/10/24;23:00:00;1,264;0;0;0;1,264;0
12/10/24;23:15:00;1,747;0;0;0;1,747;0
12/10/24;23:30:00;1,626;0;0;0;1,626;0
12/10/24;23:45:00;1,4975;0;0;0;1,4975;0
13/10/24;0:00:00;1,3045;0;0;0;1,3045;0
13/10/24;0:15:00;1,5905;0;0;0;1,5905;0
13/10/24;0:30:00;1,3405;0;0;0;1,3405;0
13/10/24;0:45:00;1,3195;0;0;0;1,3195;0
13/10/24;1:00:00;1,5355;0;0;0;1,5355;0
13/10/24;1:15:00;1,3085;0;0;0;1,3085;0
13/10/24;1:30:00;1,5585;0;0;0;1,5585;0
13/10/24;1:45:00;1,268;0;0;0;1,268;0
13/10/24;2:00:00;1,474;0;0;0;1,474;0
13/10/24;2:15:00;1,3715;0;0;0;1,3715;0
13/10/24;2:30:00;1,3965;0;0;0;1,3965;0
13/10/24;2:45:00;2,021;0;0;0;2,021;0
13/10/24;3:00:00;1,695;0;0;0;1,695;0
13/10/24;3:15:00;2,186;0;0;0;2,186;0
13/10/24;3:30:00;1,906;0;0;0;1,906;0
13/10/24;3:45:00;2,0215;0;0;0;2,0215;0
13/10/24;4:00:00;1,8875;0;0;0;1,8875;0
13/10/24;4:15:00;2,005;0;0;0;2,005;0
13/10/24;4:30:00;2,062;0;0;0;2,062;0
13/10/24;4:45:00;1,676;0;0;0;1,676;0
13/10/24;5:00:00;2,145;0;0;0;2,145;0
13/10/24;5:15:00;2,1925;0;0;0;2,1925;0
13/10/24;5:30:00;1,6945;0;0;0;1,6945;0
13/10/24;5:45:00;2,09;0;0;0;2,09;0
13/10/24;6:00:00;2,483;0;0;0;2,483;0
13/10/24;6:15:00;1,7805;0;0;0;1,7805;0
13/10/24;6:30:00;1,8615;0;0;0;1,8615;0
13/10/24;6:45:00;2,5125;0;0;0;2,5125;0
13/10/24;7:00:00;2,2945;0;0;0;2,2945;0
13/10/24;7:15:00;1,91;0;0;0;1,91;0
13/10/24;7:30:00;2,261;0;0;0;2,261;0
13/10/24;7:45:00;2,178;0;0,0125;0,0125;2,178;0
13/10/24;8:00:00;1,697;0;0,110916667;0,110916667;1,697;0
13/10/24;8:15:00;2,2045;0;0,288583333;0,288583333;2,2045;0
13/10/24;8:30:00;2,0915;0;0,539916667;0,539916667;2,0915;0
13/10/24;8:45:00;1,166;0,061;0,932666667;0,993666667;1,227;-0,061
13/10/24;9:00:00;1,361;0,182;1,321583333;1,503583333;1,584;-0,223
13/10/24;9:15:00;1,7655;0,5725;1,839833333;2,412333333;2,338;-0,5725
13/10/24;9:30:00;1,2675;0,888;2,2825;3,1705;2,406;-1,1385
13/10/24;9:45:00;1,2355;2,049;2,715416667;4,764416667;3,2845;-2,049
13/10/24;10:00:00;1,7825;1,959;2,918166667;4,877166667;4,5355;-2,753
13/10/24;10:15:00;1,276;3,9875;3,4725;7,46;0;1,276
13/10/24;10:30:00;1,15;3,396;3,714083333;7,110083333;0;1,15
13/10/24;10:45:00;1,8465;5,93;3,5005;9,4305;0;1,8465
13/10/24;11:00:00;1,6895;4,498;4,334083333;8,832083333;0;1,6895
13/10/24;11:15:00;1,131;7,3865;4,595;11,9815;0;1,131
13/10/24;11:30:00;1,071;5,208;4,845916667;10,05391667;0;1,071
13/10/24;11:45:00;1,3465;7,403;4,898916667;12,30191667;0;1,3465
13/10/24;12:00:00;1,0285;6,257;5,186583333;11,44358333;0;1,0285
13/10/24;12:15:00;0,787;9,769;5,200083333;14,96908333;0;0,787
13/10/24;12:30:00;0,82;6,853;4,773666667;11,62666667;0;0,82
13/10/24;12:45:00;0,6345;10,517;4,708416667;15,22541667;0;0,6345
13/10/24;13:00:00;0,8665;7,231;5,203083333;12,43408333;0;0,8665
13/10/24;13:15:00;0,661;10,96;5,451916667;16,41191667;0;0,661
13/10/24;13:30:00;0,948;7,317;4,938;12,255;0;0,948
13/10/24;13:45:00;0,928;9,9955;4,778333333;14,77383333;0;0,928
13/10/24;14:00:00;0,919;7,537;4,97425;12,51125;0;0,919
13/10/24;14:15:00;0,782;11,3825;4,516083333;15,89858333;0;0,782
13/10/24;14:30:00;0,79;6,506;2,3245;8,8305;0;0,79
13/10/24;14:45:00;0,709;10,0445;4,087583333;14,13208333;0;0,709
13/10/24;15:00:00;0,748;6,759;4,313333333;11,07233333;0;0,748
13/10/24;15:15:00;0,698;8,9955;4,740833333;13,73633333;0;0,698
13/10/24;15:30:00;1,02;5,599;3,895333333;9,494333333;0;1,02
13/10/24;15:45:00;0,9365;8,4555;3,150916667;11,60641667;0;0,9365
13/10/24;16:00:00;0,8105;6,534;2,20775;8,74175;0;0,8105
13/10/24;16:15:00;0,666;9,3825;1,970416667;11,35291667;0;0,666
13/10/24;16:30:00;0,713;5,381;2,788333333;8,169333333;0;0,713
13/10/24;16:45:00;0,7765;6,1675;1,728666667;7,896166667;0;0,7765
13/10/24;17:00:00;0,7395;3,7;1,48625;5,18625;0;0,7395
13/10/24;17:15:00;0,7075;5,013;1,126583333;6,139583333;0;0,7075
13/10/24;17:30:00;0,7805;3,326;0,763166667;4,089166667;0;0,7805
13/10/24;17:45:00;0,916;3,715;0,592333333;4,307333333;0;0,916
13/10/24;18:00:00;0,965;2,072;0,437416667;2,509416667;0;0,965
13/10/24;18:15:00;0,833;2,151;0,261083333;2,412083333;0;0,833
13/10/24;18:30:00;0,768;0,989;0,100583333;1,089583333;2,347;-1,579
13/10/24;18:45:00;0,726;1,1935;0,000166667;1,193666667;1,9195;-1,1935
13/10/24;19:00:00;0,748;0,536;0;0,536;1,6365;-0,8885
13/10/24;19:15:00;0,7445;0,481;0;0,481;1,2255;-0,481
13/10/24;19:30:00;0,7075;0,072;0;0,072;0,8895;-0,182
13/10/24;19:45:00;0,8785;0,002;0;0,002;0,8805;-0,002
13/10/24;20:00:00;1,2725;0;0;0;1,2725;0
13/10/24;20:15:00;1,763;0;0;0;1,763;0
13/10/24;20:30:00;1,314;0;0;0;1,314;0
13/10/24;20:45:00;1,483;0;0;0;1,483;0
13/10/24;21:00:00;1,29;0;0;0;1,29;0
13/10/24;21:15:00;1,4815;0;0;0;1,4815;0
13/10/24;21:30:00;1,2755;0;0;0;1,2755;0
13/10/24;21:45:00;1,765;0;0;0;1,765;0
13/10/24;22:00:00;1,725;0;0;0;1,725;0
13/10/24;22:15:00;1,738;0;0;0;1,738;0
13/10/24;22:30:00;1,881;0;0;0;1,881;0
13/10/24;22:45:00;1,702;0;0;0;1,702;0
13/10/24;23:00:00;1,849;0;0;0;1,849;0
13/10/24;23:15:00;1,653;0;0;0;1,653;0
13/10/24;23:30:00;1,937;0;0;0;1,937;0
13/10/24;23:45:00;1,694;0;0;0;1,694;0
14/10/24;0:00:00;1,909;0;0;0;1,909;0
14/10/24;0:15:00;1,7285;0;0;0;1,7285;0
14/10/24;0:30:00;1,5795;0;0;0;1,5795;0
14/10/24;0:45:00;1,4215;0;0;0;1,4215;0
14/10/24;1:00:00;1,2685;0;0;0;1,2685;0
14/10/24;1:15:00;1,5295;0;0;0;1,5295;0
14/10/24;1:30:00;1,2835;0;0;0;1,2835;0
14/10/24;1:45:00;1,4495;0;0;0;1,45;-0,0005
14/10/24;2:00:00;1,3475;0;0;0;1,348;-0,0005
14/10/24;2:15:00;1,4075;0;0;0;1,4075;0
14/10/24;2:30:00;1,4275;0;0;0;1,4275;0
14/10/24;2:45:00;1,3215;0;0;0;1,3215;0
14/10/24;3:00:00;1,4825;0;0;0;1,4825;0
14/10/24;3:15:00;1,284;0;0;0;1,284;0
14/10/24;3:30:00;1,514;0;0;0;1,514;0
14/10/24;3:45:00;1,2815;0;0;0;1,2815;0
14/10/24;4:00:00;1,5095;0;0;0;1,5095;0
14/10/24;4:15:00;1,2905;0;0;0;1,2905;0
14/10/24;4:30:00;1,5995;0;0;0;1,5995;0
14/10/24;4:45:00;2,031;0;0;0;2,031;0
14/10/24;5:00:00;1,748;0;0;0;1,748;0
14/10/24;5:15:00;2,7645;0;0;0;2,7645;0
14/10/24;5:30:00;5,0455;0;0;0;5,0455;0
14/10/24;5:45:00;6,6905;0;0;0;6,6905;0
14/10/24;6:00:00;14,2785;0;0;0;14,2785;0
14/10/24;6:15:00;36,5695;0;0;0;36,5695;0
14/10/24;6:30:00;35,5145;0;0;0;35,5145;0
14/10/24;6:45:00;36,8555;0;0;0;36,8555;0
14/10/24;7:00:00;36,0955;0;0;0;36,0955;0
14/10/24;7:15:00;35,7975;0;0;0;35,7975;0
14/10/24;7:30:00;37,0305;0;0;0;37,0305;0
14/10/24;7:45:00;30,742;0;0;0;30,742;0
14/10/24;8:00:00;35,177;0;0;0;35,177;0
14/10/24;8:15:00;35,4525;0;0;0;35,4525;0
14/10/24;8:30:00;40,4445;0;0;0;40,4445;0
14/10/24;8:45:00;44,185;0;0;0;44,186;-0,001
14/10/24;9:00:00;37,905;0;0;0;37,905;0
14/10/24;9:15:00;36,3475;0;0;0;36,3475;0
14/10/24;9:30:00;37,2855;0;0;0;37,2855;0
14/10/24;9:45:00;37,714;0;0;0;37,714;0
14/10/24;10:00:00;34,002;0;0;0;34,002;0
14/10/24;10:15:00;33,4785;0;2,871916667;2,871916667;33,4785;0
14/10/24;10:30:00;38,2935;0;1,6215;1,6215;38,2935;0
14/10/24;10:45:00;42,246;0;1,558166667;1,558166667;42,246;0
14/10/24;11:00:00;45,414;1,765;1,956666667;3,721666667;47,179;-1,765
14/10/24;11:15:00;31,185;4,5335;1,615333333;6,148833333;35,7185;-4,5335
14/10/24;11:30:00;26,864;2,381;1,319083333;3,700083333;30,4455;-3,5815
14/10/24;11:45:00;33,133;3,475;1,694333333;5,169333333;36,609;-3,476
14/10/24;12:00:00;33,641;2,474;2,093333333;4,567333333;37,282;-3,641
14/10/24;12:15:00;36,2985;2,99;1,914583333;4,904583333;39,2885;-2,99
14/10/24;12:30:00;37,4005;1,97;2,050416667;4,020416667;40,2675;-2,867
14/10/24;12:45:00;40,4235;3,611;1,984416667;5,595416667;44,0345;-3,611
14/10/24;13:00:00;39,6725;2,823;1,657416667;4,480416667;43,7645;-4,092
14/10/24;13:15:00;31,13;4,3195;1,905916667;6,225416667;35,4495;-4,3195
14/10/24;13:30:00;20,226;2,529;1,52875;4,05775;24,2685;-4,0425
14/10/24;13:45:00;6,0255;4,0205;1,828166667;5,848666667;10,046;-4,0205
14/10/24;14:00:00;2,3665;2,577;1,39125;3,96825;6,207;-3,8405
14/10/24;14:15:00;2,1055;3,8065;1,877;5,6835;5,912;-3,8065
14/10/24;14:30:00;1,7515;2,28;1,796333333;4,076333333;5,17;-3,4185
14/10/24;14:45:00;1,8625;3,624;2,139583333;5,763583333;5,4865;-3,624
14/10/24;15:00:00;1,6845;2,049;2,106416667;4,155416667;4,8065;-3,122
14/10/24;15:15:00;1,827;4,0285;3,303833333;7,332333333;0;1,827
14/10/24;15:30:00;1,673;2,41;2,06325;4,47325;0;1,673
14/10/24;15:45:00;1,8015;5,1945;3,109416667;8,303916667;0;1,8015
14/10/24;16:00:00;1,8735;3,314;1,578416667;4,892416667;0;1,8735
14/10/24;16:15:00;1,9775;6,5145;1,684666667;8,199166667;0;1,9775
14/10/24;16:30:00;2,0305;3,255;3,511666667;6,766666667;0;2,0305
14/10/24;16:45:00;1,9675;6,8495;1,2945;8,144;0;1,9675
14/10/24;17:00:00;2,0405;2,826;0,872416667;3,698416667;6,567;-4,5265
14/10/24;17:15:00;1,865;4,463;0,886166667;5,349166667;6,328;-4,463
14/10/24;17:30:00;2,042;3,065;0,730083333;3,795083333;0;2,042
14/10/24;17:45:00;1,9505;2,5595;0,5165;3,076;4,51;-2,5595
14/10/24;18:00:00;2,0465;1,192;0,4135;1,6055;3,923;-1,8765
14/10/24;18:15:00;1,8105;1,85;0,294;2,144;3,6605;-1,85
14/10/24;18:30:00;1,7875;0,953;0,121333333;1,074333333;3,3275;-1,54
14/10/24;18:45:00;1,6575;1,067;0,000166667;1,067166667;2,7245;-1,067
14/10/24;19:00:00;1,6465;0,568;0;0,568;2,5345;-0,888
14/10/24;19:15:00;1,243;0,564;0;0,564;1,807;-0,564
14/10/24;19:30:00;1,387;0,085;0;0,085;1,591;-0,204
14/10/24;19:45:00;1,5555;0,006;0;0,006;1,5615;-0,006
14/10/24;20:00:00;1,9355;0;0;0;1,9355;0
14/10/24;20:15:00;2,3245;0;0;0;2,3245;0
14/10/24;20:30:00;2,2785;0;0;0;2,2785;0
14/10/24;20:45:00;2,302;0;0;0;2,302;0
14/10/24;21:00:00;2,575;0;0;0;2,575;0
14/10/24;21:15:00;2,434;0;0;0;2,434;0
14/10/24;21:30:00;1,864;0;0;0;1,864;0
14/10/24;21:45:00;1,853;0;0;0;1,853;0
14/10/24;22:00:00;1,793;0;0;0;1,793;0
14/10/24;22:15:00;1,809;0;0;0;1,809;0
14/10/24;22:30:00;1,823;0;0;0;1,823;0
14/10/24;22:45:00;1,8495;0;0;0;1,8495;0
14/10/24;23:00:00;1,8805;0;0;0;1,8805;0
14/10/24;23:15:00;1,6655;0;0;0;1,6655;0
14/10/24;23:30:00;1,7345;0;0;0;1,7345;0
14/10/24;23:45:00;1,6005;0;0;0;1,6005;0
15/10/24;0:00:00;1,8375;0;0;0;1,8375;0
15/10/24;0:15:00;1,5755;0;0;0;1,5755;0
15/10/24;0:30:00;1,7645;0;0;0;1,7645;0
15/10/24;0:45:00;1,693;0;0;0;1,693;0
15/10/24;1:00:00;1,785;0;0;0;1,785;0
15/10/24;1:15:00;2,027;0;0;0;2,027;0
15/10/24;1:30:00;1,672;0;0;0;1,672;0
15/10/24;1:45:00;2,168;0;0;0;2,168;0
15/10/24;2:00:00;2,106;0;0;0;2,106;0
15/10/24;2:15:00;2,072;0;0;0;2,072;0
15/10/24;2:30:00;2,221;0;0;0;2,221;0
15/10/24;2:45:00;2,1215;0;0;0;2,1215;0
15/10/24;3:00:00;1,9985;0;0;0;1,9985;0
15/10/24;3:15:00;2,272;0;0;0;2,272;0
15/10/24;3:30:00;2,011;0;0;0;2,011;0
15/10/24;3:45:00;2,5325;0;0;0;2,5325;0
15/10/24;4:00:00;2,3265;0;0;0;2,3265;0
15/10/24;4:15:00;2,0125;0;0;0;2,0125;0
15/10/24;4:30:00;2,0515;0;0;0;2,0515;0
15/10/24;4:45:00;2,22;0;0;0;2,22;0
15/10/24;5:00:00;1,996;0;0;0;1,996;0
15/10/24;5:15:00;2,2985;0;0;0;2,2985;0
15/10/24;5:30:00;3,0745;0;0;0;3,0745;0
15/10/24;5:45:00;7,4885;0;0;0;7,4885;0
15/10/24;6:00:00;10,3775;0;0;0;10,3775;0
15/10/24;6:15:00;31,559;0;0;0;31,559;0
15/10/24;6:30:00;35,732;0;0;0;35,732;0
15/10/24;6:45:00;30,9765;0;0;0;30,9765;0
15/10/24;7:00:00;30,5135;0;0;0;30,5135;0
15/10/24;7:15:00;33,0645;0;0;0;33,0645;0
15/10/24;7:30:00;36,3785;0;0;0;36,3785;0
15/10/24;7:45:00;36,2895;0;0;0;36,2895;0
15/10/24;8:00:00;35,4805;0;0;0;35,4805;0
15/10/24;8:15:00;36,006;0;0;0;36,006;0
15/10/24;8:30:00;38,437;0;0;0;38,437;0
15/10/24;8:45:00;37,176;0;0;0;37,176;0
15/10/24;9:00:00;35,435;0;0;0;35,435;0
15/10/24;9:15:00;31,959;0;0,3645;0,3645;31,959;0
15/10/24;9:30:00;29,012;0;0,63175;0,63175;29,012;0
15/10/24;9:45:00;32,7295;0;0,874916667;0,874916667;32,7295;0
15/10/24;10:00:00;35,3555;0,174;0,754416667;0,928416667;35,5295;-0,174
15/10/24;10:15:00;35,72;0,9025;0,380333333;1,282833333;36,6225;-0,9025
15/10/24;10:30:00;41,936;0,967;0,235916667;1,202916667;43,2865;-1,3505
15/10/24;10:45:00;41,396;1,7695;0,331416667;2,100916667;43,1655;-1,7695
15/10/24;11:00:00;45,763;0,739;0,31025;1,04925;47,1305;-1,3675
15/10/24;11:15:00;41,398;0,7625;0,2;0,9625;42,1605;-0,7625
15/10/24;11:30:00;33,526;0,424;0,23425;0,65825;34,1455;-0,6195
15/10/24;11:45:00;36,1015;0,6925;0,736416667;1,428916667;36,794;-0,6925
15/10/24;12:00:00;36,9815;0,314;0,410916667;0,724916667;37,498;-0,5165
15/10/24;12:15:00;36,793;0,372;0,193666667;0,565666667;37,165;-0,372
15/10/24;12:30:00;37,575;0,402;0,546333333;0,948333333;38,084;-0,509
15/10/24;12:45:00;35,297;1,2535;0,366083333;1,619583333;36,5505;-1,2535
15/10/24;13:00:00;32,708;0,332;0,954083333;1,286083333;33,3795;-0,6715
15/10/24;13:15:00;31,509;0,5365;1,647833333;2,184333333;32,0455;-0,5365
15/10/24;13:30:00;27,76;0,678;0,928583333;1,606583333;28,6795;-0,9195
15/10/24;13:45:00;10,6885;0,926;1,713833333;2,639833333;11,6145;-0,926
15/10/24;14:00:00;5,4295;1,938;2,099333333;4,037333333;7,7585;-2,329
15/10/24;14:15:00;4,674;3,023;2,941416667;5,964416667;7,697;-3,023
15/10/24;14:30:00;3,844;1,503;2,241333333;3,744333333;6,094;-2,25
15/10/24;14:45:00;1,658;3,685;1,748666667;5,433666667;0;1,658
15/10/24;15:00:00;1,843;3,153;1,66825;4,82125;0;1,843
15/10/24;15:15:00;1,584;6,6385;1,816583333;8,455083333;0;1,584
15/10/24;15:30:00;1,591;2,73;1,769083333;4,499083333;0;1,591
15/10/24;15:45:00;1,5555;3,7365;2,392333333;6,128833333;0;1,5555
15/10/24;16:00:00;1,5235;2,631;1,98825;4,61925;0;1,5235
15/10/24;16:15:00;1,9375;3,829;1,283166667;5,112166667;5,7665;-3,829
15/10/24;16:30:00;1,7895;2,522;1,087;3,609;5,5685;-3,779
15/10/24;16:45:00;1,9945;5,0495;1,067083333;6,116583333;0;1,9945
15/10/24;17:00:00;1,7685;2,493;0,896083333;3,389083333;0;1,7685
15/10/24;17:15:00;1,9255;2,5865;0,694;3,2805;4,512;-2,5865
15/10/24;17:30:00;1,7755;1,577;0,4525;2,0295;4,125;-2,3495
15/10/24;17:45:00;2,0465;2,174;0,325333333;2,499333333;4,2205;-2,174
15/10/24;18:00:00;1,9015;1,216;0,282666667;1,498666667;3,7815;-1,88
15/10/24;18:15:00;2,0695;1,3525;0,167833333;1,520333333;3,422;-1,3525
15/10/24;18:30:00;1,8115;0,564;0,03325;0,59725;2,74;-0,9285
15/10/24;18:45:00;1,944;0,659;0;0,659;2,603;-0,659
15/10/24;19:00:00;1,978;0,373;0;0,373;2,552;-0,574
15/10/24;19:15:00;1,835;0,298;0;0,298;2,133;-0,298
15/10/24;19:30:00;1,591;0,01;0;0,01;1,657;-0,066
15/10/24;19:45:00;1,709;0;0;0;1,709;0
15/10/24;20:00:00;2,615;0;0;0;2,615;0
15/10/24;20:15:00;2,444;0;0;0;2,444;0
15/10/24;20:30:00;2,48;0;0;0;2,48;0
15/10/24;20:45:00;2,067;0;0;0;2,067;0
15/10/24;21:00:00;2,207;0;0;0;2,207;0
15/10/24;21:15:00;2,2485;0;0;0;2,2485;0
15/10/24;21:30:00;1,9615;0;0;0;1,9615;0
15/10/24;21:45:00;1,72;0;0;0;1,72;0
15/10/24;22:00:00;1,581;0;0;0;1,581;0
15/10/24;22:15:00;1,7455;0;0;0;1,7455;0
15/10/24;22:30:00;1,6465;0;0;0;1,6465;0
15/10/24;22:45:00;1,8505;0;0;0;1,8505;0
15/10/24;23:00:00;1,8565;0;0;0;1,8565;0
15/10/24;23:15:00;1,7085;0;0;0;1,7085;0
15/10/24;23:30:00;1,6605;0;0;0;1,6605;0
15/10/24;23:45:00;1,773;0;0;0;1,773;0
16/10/24;0:00:00;1,599;0;0;0;1,599;0
16/10/24;0:15:00;1,803;0;0;0;1,803;0
16/10/24;0:30:00;1,603;0;0;0;1,603;0
16/10/24;0:45:00;1,819;0;0;0;1,819;0
16/10/24;1:00:00;1,823;0;0;0;1,823;0
16/10/24;1:15:00;2,0335;0;0;0;2,0335;0
16/10/24;1:30:00;1,8135;0;0;0;1,8135;0
16/10/24;1:45:00;1,892;0;0;0;1,892;0
16/10/24;2:00:00;1,858;0;0;0;1,858;0
16/10/24;2:15:00;2,3335;0;0;0;2,3335;0
16/10/24;2:30:00;2,1925;0;0;0;2,1925;0
16/10/24;2:45:00;2,1105;0;0;0;2,1105;0
16/10/24;3:00:00;2,0515;0;0;0;2,0515;0
16/10/24;3:15:00;2,1785;0;0;0;2,1785;0
16/10/24;3:30:00;2,0255;0;0;0;2,0255;0
16/10/24;3:45:00;1,9315;0;0;0;1,9315;0
16/10/24;4:00:00;1,8685;0;0;0;1,8685;0
16/10/24;4:15:00;1,5585;0;0;0;1,5585;0
16/10/24;4:30:00;1,8165;0;0;0;1,8165;0
16/10/24;4:45:00;1,583;0;0;0;1,583;0
16/10/24;5:00:00;1,733;0;0;0;1,733;0
16/10/24;5:15:00;1,6515;0;0;0;1,6515;0
16/10/24;5:30:00;2,9305;0;0;0;2,9305;0
16/10/24;5:45:00;6,243;0;0;0;6,243;0
16/10/24;6:00:00;18,515;0;0;0;18,515;0
16/10/24;6:15:00;28,3985;0;0;0;28,3985;0
16/10/24;6:30:00;38,4615;0;0;0;38,4615;0
16/10/24;6:45:00;40,902;0;0;0;40,902;0
16/10/24;7:00:00;41,09;0;0;0;41,09;0
16/10/24;7:15:00;38,5625;0;0;0;38,5625;0
16/10/24;7:30:00;36,8325;0;0;0;36,8325;0
16/10/24;7:45:00;42,3685;0;0;0;42,3685;0
16/10/24;8:00:00;40,4205;0;0;0;40,4195;0,001
16/10/24;8:15:00;42,3385;0;0,093833333;0,093833333;42,3385;0
16/10/24;8:30:00;41,5305;0;0,123416667;0,123416667;41,5305;0
16/10/24;8:45:00;42,2505;0;0,225416667;0,225416667;42,2505;0
16/10/24;9:00:00;39,6455;0,007;0,311;0,318;39,6525;-0,007
16/10/24;9:15:00;36,4705;0,1775;0,110916667;0,288416667;36,648;-0,1775
16/10/24;9:30:00;40,9005;0,237;0,2155;0,4525;41,209;-0,3085
16/10/24;9:45:00;41,389;0,513;0,446833333;0,959833333;41,902;-0,513
16/10/24;10:00:00;31,647;0,399;0,446833333;0,845833333;32,253;-0,606
16/10/24;10:15:00;29,3845;0,331;0,962083333;1,293083333;29,7155;-0,331
16/10/24;10:30:00;34,7855;0,286;0,84575;1,13175;35,1705;-0,385
16/10/24;10:45:00;39,6635;0,9205;0,65725;1,57775;40,584;-0,9205
16/10/24;11:00:00;41,0115;0,998;1,754416667;2,752416667;42,317;-1,3055
16/10/24;11:15:00;43,8215;1,929;1,30425;3,23325;45,7505;-1,929
16/10/24;11:30:00;39,9925;1,641;1,80575;3,44675;42,1295;-2,137
16/10/24;11:45:00;39,3725;3,2815;1,680416667;4,961916667;42,654;-3,2815
16/10/24;12:00:00;37,4585;2,143;1,974583333;4,117583333;41,53;-4,0715
16/10/24;12:15:00;36,969;3,1455;2,304833333;5,450333333;40,1145;-3,1455
16/10/24;12:30:00;31,496;2,569;2,698666667;5,267666667;35,2545;-3,7585
16/10/24;12:45:00;36,5075;3,732;5,1455;8,8775;40,2395;-3,732
16/10/24;13:00:00;38,8625;2,569;5,32075;7,88975;42,6935;-3,831
16/10/24;13:15:00;34;4,554;4,489166667;9,043166667;38,554;-4,554
16/10/24;13:30:00;25,566;3,504;5,768583333;9,272583333;30,79;-5,224
16/10/24;13:45:00;6,624;6,5685;5,572916667;12,14141667;13,1925;-6,5685
16/10/24;14:00:00;3,453;8,704;5,534083333;14,23808333;0;3,453
16/10/24;14:15:00;2,3405;10,7035;6,21575;16,91925;0;2,3405
16/10/24;14:30:00;2,4475;7,04;5,235416667;12,27541667;0;2,4475
16/10/24;14:45:00;2,29;11,251;4,995583333;16,24658333;0;2,29
16/10/24;15:00:00;2,052;7,605;3,726416667;11,33141667;0;2,052
16/10/24;15:15:00;2,468;8,1275;4,580166667;12,70766667;0;2,468
16/10/24;15:30:00;2,3;6,83;4,229083333;11,05908333;0;2,3
16/10/24;15:45:00;2,74;10,34;4,084583333;14,42458333;0;2,74
16/10/24;16:00:00;2,602;6,476;4,032;10,508;0;2,602
16/10/24;16:15:00;3,0585;9,224;2,39475;11,61875;0;3,0585
16/10/24;16:30:00;2,6515;5,864;3,606083333;9,470083333;0;2,6515
16/10/24;16:45:00;3,0015;8,939;3,169083333;12,10808333;0;3,0015
16/10/24;17:00:00;2,5605;4,324;2,480833333;6,804833333;0;2,5605
16/10/24;17:15:00;2,964;5,715;1,825166667;7,540166667;8,679;-5,715
16/10/24;17:30:00;2,569;4,888;1,229333333;6,117333333;0;2,569
16/10/24;17:45:00;2,845;6,3725;0,80975;7,18225;0;2,845
16/10/24;18:00:00;2,383;3,167;0,4675;3,6345;0;2,383
16/10/24;18:15:00;2,8915;3,531;0,275333333;3,806333333;6,4225;-3,531
16/10/24;18:30:00;2,2015;1,509;0,099916667;1,608916667;4,6945;-2,493
16/10/24;18:45:00;2,466;1,5175;0,030416667;1,547916667;3,9835;-1,5175
16/10/24;19:00:00;1,658;0,529;0;0,529;2,5825;-0,9245
16/10/24;19:15:00;2,096;0,497;0;0,497;2,593;-0,497
16/10/24;19:30:00;1,21;0,108;0;0,108;1,425;-0,215
16/10/24;19:45:00;1,9565;0,04;0;0,04;1,9965;-0,04
16/10/24;20:00:00;1,6615;0;0;0;1,6615;0
16/10/24;20:15:00;3,023;0;0;0;3,023;0
16/10/24;20:30:00;2,441;0;0;0;2,441;0
16/10/24;20:45:00;2,2135;0;0;0;2,2135;0
16/10/24;21:00:00;2,3105;0;0;0;2,3105;0
16/10/24;21:15:00;2,995;0;0;0;2,995;0
16/10/24;21:30:00;1,816;0;0;0;1,816;0
16/10/24;21:45:00;2,543;0;0;0;2,543;0
16/10/24;22:00:00;2,238;0;0;0;2,238;0
16/10/24;22:15:00;2,2735;0;0;0;2,2735;0
16/10/24;22:30:00;2,3025;0;0;0;2,3025;0
16/10/24;22:45:00;2,822;0;0;0;2,822;0
16/10/24;23:00:00;2,402;0;0;0;2,402;0
16/10/24;23:15:00;2,9245;0;0;0;2,9245;0
16/10/24;23:30:00;2,6435;0;0;0;2,6435;0
16/10/24;23:45:00;2,6395;0;0;0;2,6395;0
17/10/24;0:00:00;2,2525;0;0;0;2,2525;0
17/10/24;0:15:00;3,0565;0;0;0;3,0565;0
17/10/24;0:30:00;2,5335;0;0;0;2,5335;0
17/10/24;0:45:00;2,621;0;0;0;2,621;0
17/10/24;1:00:00;3,275;0;0;0;3,275;0
17/10/24;1:15:00;2,7875;0;0;0;2,7875;0
17/10/24;1:30:00;2,7405;0;0;0;2,7405;0
17/10/24;1:45:00;2,648;0;0;0;2,648;0
17/10/24;2:00:00;3,139;0;0;0;3,139;0
17/10/24;2:15:00;2,664;0;0;0;2,664;0
17/10/24;2:30:00;2,301;0;0;0;2,301;0
17/10/24;2:45:00;3,384;0;0;0;3,384;0
17/10/24;3:00:00;2,851;0;0;0;2,851;0
17/10/24;3:15:00;2,3845;0;0;0;2,3845;0
17/10/24;3:30:00;3,6015;0;0;0;3,6015;0
17/10/24;3:45:00;2,7075;0;0;0;2,7075;0
17/10/24;4:00:00;2,3845;0;0;0;2,3845;0
17/10/24;4:15:00;3,149;0;0;0;3,149;0
17/10/24;4:30:00;2,713;0;0;0;2,713;0
17/10/24;4:45:00;2,6615;0;0;0;2,6615;0
17/10/24;5:00:00;3,0625;0;0;0;3,0625;0
17/10/24;5:15:00;3,0265;0;0;0;3,0265;0
17/10/24;5:30:00;3,6685;0;0;0;3,6685;0
17/10/24;5:45:00;7,1615;0;0;0;7,1615;0
17/10/24;6:00:00;16,4665;0;0;0;16,4665;0
17/10/24;6:15:00;32,5615;0;0;0;32,5615;0
17/10/24;6:30:00;33,3085;0;0;0;33,3085;0
17/10/24;6:45:00;38,1245;0;0;0;38,1245;0
17/10/24;7:00:00;41,3825;0;0;0;41,3825;0
17/10/24;7:15:00;37,3435;0;0;0;37,3435;0
17/10/24;7:30:00;36,9715;0;0;0;36,9715;0
17/10/24;7:45:00;33,1375;0;0;0;33,1375;0
17/10/24;8:00:00;36,2115;0;0;0;36,2115;0
17/10/24;8:15:00;39,2895;0;0;0;39,2895;0
17/10/24;8:30:00;41,4055;0;0;0;41,4055;0
17/10/24;8:45:00;40,394;0;0;0;40,394;0
17/10/24;9:00:00;39,714;0;0;0;39,714;0
17/10/24;9:15:00;43,7325;0;0;0;43,7325;0
17/10/24;9:30:00;40,9075;0;0;0;40,9075;0
17/10/24;9:45:00;35,7175;0;0;0;35,7175;0
17/10/24;10:00:00;35,1955;0;0;0;35,1955;0
17/10/24;10:15:00;32,2135;0;3,2495;3,2495;32,2135;0
17/10/24;10:30:00;34,8975;0;0,63925;0,63925;34,8975;0
17/10/24;10:45:00;35,4015;0;0,897083333;0,897083333;35,4015;0
17/10/24;11:00:00;37,1275;0,8;1,844083333;2,644083333;37,9275;-0,8
17/10/24;11:15:00;39,5445;3,9845;2,185666667;6,170166667;43,529;-3,9845
17/10/24;11:30:00;43,3295;0,919;1,4725;2,3915;44,933;-1,6035
17/10/24;11:45:00;44,0935;3,672;5,315166667;8,987166667;47,7655;-3,672
17/10/24;12:00:00;40,3435;4,23;6,400416667;10,63041667;46,7515;-6,408
17/10/24;12:15:00;42,1005;4,817;6,859833333;11,67683333;46,9175;-4,817
17/10/24;12:30:00;44,2325;3,411;2,100583333;5,511583333;49,0065;-4,774
17/10/24;12:45:00;46,087;10,935;6,239666667;17,17466667;57,022;-10,935
17/10/24;13:00:00;45,477;6,098;6,422833333;12,52083333;55,248;-9,771
17/10/24;13:15:00;38,5;9,6825;5,839583333;15,52208333;48,1825;-9,6825
17/10/24;13:30:00;30,248;4,563;6,753833333;11,31683333;36,4355;-6,1875
17/10/24;13:45:00;6,351;11,2955;3,002166667;14,29766667;17,6465;-11,2955
17/10/24;14:00:00;2,477;8,679;5,901583333;14,58058333;0;2,477
17/10/24;14:15:00;2,5355;12,0905;0,920333333;13,01083333;0;2,5355
17/10/24;14:30:00;2,9735;9,08;4,34;13,42;0;2,9735
17/10/24;14:45:00;2,199;9,4235;5,2995;14,723;0;2,199
17/10/24;15:00:00;2,061;8,195;5,01325;13,20825;0;2,061
17/10/24;15:15:00;2,492;2,636;4,61175;7,24775;5,128;-2,636
17/10/24;15:30:00;2,327;2,598;4,965166667;7,563166667;0;2,327
17/10/24;15:45:00;2,0345;9,7555;3,995166667;13,75066667;0;2,0345
17/10/24;16:00:00;2,5155;6,671;3,6525;10,3235;0;2,5155
17/10/24;16:15:00;1,8185;9,6795;3,568166667;13,24766667;0;1,8185
17/10/24;16:30:00;1,7215;6,513;2,945583333;9,458583333;0;1,7215
17/10/24;16:45:00;2,217;8,2535;1,350083333;9,603583333;0;2,217
17/10/24;17:00:00;1,842;4,927;1,134583333;6,061583333;0;1,842
17/10/24;17:15:00;1,9075;7,1525;0,845083333;7,997583333;0;1,9075
17/10/24;17:30:00;2,1415;3,867;0,795666667;4,662666667;0;2,1415
17/10/24;17:45:00;1,697;3,597;0,468666667;4,065666667;5,294;-3,597
17/10/24;18:00:00;2,229;1,05;0,639666667;1,689666667;4,226;-1,997
17/10/24;18:15:00;2,175;1,856;0,274666667;2,130666667;4,031;-1,856
17/10/24;18:30:00;1,633;0,984;0,08625;1,07025;3,266;-1,633
17/10/24;18:45:00;1,99;1,1685;0,000916667;1,169416667;3,1585;-1,1685
17/10/24;19:00:00;1,905;0,775;0;0,775;3,1535;-1,2485
17/10/24;19:15:00;1,2025;0,4625;0;0,4625;1,665;-0,4625
17/10/24;19:30:00;1,6925;0,076;0;0,076;1,851;-0,1585
17/10/24;19:45:00;2,1925;0,005;0;0,005;2,1975;-0,005
17/10/24;20:00:00;1,9705;0;0;0;1,9705;0
17/10/24;20:15:00;2,9325;0;0;0;2,9325;0
17/10/24;20:30:00;2,9625;0;0;0;2,9625;0
17/10/24;20:45:00;2,508;0;0;0;2,508;0
17/10/24;21:00:00;3,023;0;0;0;3,023;0
17/10/24;21:15:00;2,6455;0;0;0;2,6455;0
17/10/24;21:30:00;2,0765;0;0;0;2,0765;0
17/10/24;21:45:00;2,4445;0;0;0;2,4445;0
17/10/24;22:00:00;2,4705;0;0;0;2,4705;0
17/10/24;22:15:00;2,0315;0;0;0;2,0315;0
17/10/24;22:30:00;2,6755;0;0;0;2,6755;0
17/10/24;22:45:00;2,617;0;0;0;2,617;0
17/10/24;23:00:00;2,04;0;0;0;2,04;0
17/10/24;23:15:00;2,437;0;0;0;2,437;0
17/10/24;23:30:00;2,692;0;0;0;2,692;0
17/10/24;23:45:00;1,998;0;0;0;1,998;0
18/10/24;0:00:00;2,264;0;0;0;2,264;0
18/10/24;0:15:00;2,628;0;0;0;2,628;0
18/10/24;0:30:00;2,229;0;0;0;2,229;0
18/10/24;0:45:00;2,4585;0;0;0;2,4585;0
18/10/24;1:00:00;2,7965;0;0;0;2,7965;0
18/10/24;1:15:00;2,0325;0;0;0;2,0325;0
18/10/24;1:30:00;1,9855;0;0;0;1,9855;0
18/10/24;1:45:00;2,802;0;0;0;2,802;0
18/10/24;2:00:00;2,313;0;0;0;2,313;0
18/10/24;2:15:00;2,0635;0;0;0;2,0635;0
18/10/24;2:30:00;2,5885;0;0;0;2,5885;0
18/10/24;2:45:00;2,431;0;0;0;2,431;0
18/10/24;3:00:00;2,149;0;0;0;2,149;0
18/10/24;3:15:00;2,7515;0;0;0;2,7515;0
18/10/24;3:30:00;2,6495;0;0;0;2,6495;0
18/10/24;3:45:00;2,0025;0;0;0;2,0025;0
18/10/24;4:00:00;2,2925;0;0;0;2,2925;0
18/10/24;4:15:00;2,598;0;0;0;2,599;-0,001
18/10/24;4:30:00;2,154;0;0;0;2,154;0
18/10/24;4:45:00;2,173;0;0;0;2,173;0
18/10/24;5:00:00;2,768;0;0;0;2,768;0
18/10/24;5:15:00;2,0945;0;0;0;2,0945;0
18/10/24;5:30:00;4,3145;0;0;0;4,3145;0
18/10/24;5:45:00;8,105;0;0;0;8,105;0
18/10/24;6:00:00;18,029;0;0;0;18,029;0
18/10/24;6:15:00;35,701;0;0;0;35,701;0
18/10/24;6:30:00;37,627;0;0;0;37,627;0
18/10/24;6:45:00;38,9655;0;0;0;38,9655;0
18/10/24;7:00:00;40,4895;0;0;0;40,4895;0
18/10/24;7:15:00;37,149;0;0;0;37,149;0
18/10/24;7:30:00;35,569;0;0;0;35,569;0
18/10/24;7:45:00;32,909;0;0;0;32,909;0
18/10/24;8:00:00;35,958;0;0;0;35,958;0
18/10/24;8:15:00;41,674;0;0,13325;0,13325;41,674;0
18/10/24;8:30:00;37,977;0;0,33675;0,33675;37,977;0
18/10/24;8:45:00;33,151;0;0,5185;0,5185;33,151;0
18/10/24;9:00:00;32,529;0,068;0,302;0,37;32,597;-0,068
18/10/24;9:15:00;38,7605;0,3585;0,433;0,7915;39,119;-0,3585
18/10/24;9:30:00;35,5985;0,611;0,400416667;1,011416667;36,371;-0,7725
18/10/24;9:45:00;35,1545;0,887;0,233333333;1,120333333;36,0405;-0,886
18/10/24;10:00:00;29,0665;0,482;0,221166667;0,703166667;29,7495;-0,683
18/10/24;10:15:00;29,332;0,8905;0,444666667;1,335166667;30,2225;-0,8905
18/10/24;10:30:00;38,227;0,455;0,442666667;0,897666667;38,9835;-0,7565
18/10/24;10:45:00;40,9365;0,516;0,394833333;0,910833333;41,4525;-0,516
18/10/24;11:00:00;39,7745;0,524;0,506333333;1,030333333;40,4675;-0,693
18/10/24;11:15:00;32,2595;0,8875;0,586916667;1,474416667;33,147;-0,8875
18/10/24;11:30:00;33,5165;0,772;0,548666667;1,320666667;34,58;-1,0635
18/10/24;11:45:00;21,88;0,898;0,7425;1,6405;22,778;-0,898
18/10/24;12:00:00;13,308;0,954;1,64575;2,59975;14,598;-1,29
18/10/24;12:15:00;14,474;1,3615;1,598083333;2,959583333;15,8355;-1,3615
18/10/24;12:30:00;12,061;1,027;3,97575;5,00275;13,4805;-1,4195
18/10/24;12:45:00;12,309;1,877;5,021;6,898;14,186;-1,877
18/10/24;13:00:00;11,916;2,069;5,157833333;7,226833333;14,717;-2,801
18/10/24;13:15:00;10,222;4,8185;4,26625;9,08475;15,0405;-4,8185
18/10/24;13:30:00;9,591;4,882;2,509083333;7,391083333;17,0805;-7,4895
18/10/24;13:45:00;4,8875;7,926;2,50825;10,43425;0;4,8875
18/10/24;14:00:00;2,5665;6,762;3,88225;10,64425;0;2,5665
18/10/24;14:15:00;2,333;7,713;2,830833333;10,54383333;0;2,333
18/10/24;14:30:00;2,18;3,828;2,408916667;6,236916667;0;2,18
18/10/24;14:45:00;2,3675;5,797;2,041333333;7,838333333;0;2,3675
18/10/24;15:00:00;2,0295;5,052;2,211916667;7,263916667;0;2,0295
18/10/24;15:15:00;1,89;5,918;4,770916667;10,68891667;0;1,89
18/10/24;15:30:00;1,913;3,124;3,41025;6,53425;0;1,913
18/10/24;15:45:00;1,7145;4,513;3,86625;8,37925;0;1,7145
18/10/24;16:00:00;1,4815;4,482;1,4575;5,9395;0;1,4815
18/10/24;16:15:00;1,472;9,6395;1,13175;10,77125;0;1,472
18/10/24;16:30:00;1,46;3,944;0,270583333;4,214583333;0;1,46
18/10/24;16:45:00;1,4415;5,4645;0,533166667;5,997666667;0;1,4415
18/10/24;17:00:00;1,4605;1,726;0,460166667;2,186166667;4,556;-3,0955
18/10/24;17:15:00;1,4595;2,024;0,302916667;2,326916667;3,4835;-2,024
18/10/24;17:30:00;1,4345;0,662;0,335416667;0,997416667;2,5335;-1,099
18/10/24;17:45:00;1,5415;0,941;0,344833333;1,285833333;2,4825;-0,941
18/10/24;18:00:00;1,3555;0,362;0,297583333;0,659583333;1,9835;-0,628
18/10/24;18:15:00;1,562;0,6535;0,12825;0,78175;2,2155;-0,6535
18/10/24;18:30:00;1,287;0,483;0,038;0,521;2,0065;-0,7195
18/10/24;18:45:00;1,4715;0,71;0;0,71;2,1815;-0,71
18/10/24;19:00:00;1,3265;0,327;0;0,327;1,8715;-0,545
18/10/24;19:15:00;1,2725;0,2575;0;0,2575;1,53;-0,2575
18/10/24;19:30:00;0,9975;0,015;0;0,015;1,082;-0,0845
18/10/24;19:45:00;1,4765;0;0;0;1,4765;0
18/10/24;20:00:00;2,3935;0;0;0;2,3935;0
18/10/24;20:15:00;2,56;0;0;0;2,56;0
18/10/24;20:30:00;2,013;0;0;0;2,013;0
18/10/24;20:45:00;2,2165;0;0;0;2,2165;0
18/10/24;21:00:00;2,0055;0;0;0;2,0055;0
18/10/24;21:15:00;2,376;0;0;0;2,376;0
18/10/24;21:30:00;2,022;0;0;0;2,022;0
18/10/24;21:45:00;2,058;0;0;0;2,058;0
18/10/24;22:00:00;2,087;0;0;0;2,087;0
18/10/24;22:15:00;1,8945;0;0;0;1,8945;0
18/10/24;22:30:00;2,1225;0;0;0;2,1225;0
18/10/24;22:45:00;2,285;0;0;0;2,285;0
18/10/24;23:00:00;2;0;0;0;2;0
18/10/24;23:15:00;2,187;0;0;0;2,187;0
18/10/24;23:30:00;1,916;0;0;0;1,916;0
18/10/24;23:45:00;2,122;0;0;0;2,122;0
19/10/24;0:00:00;1,575;0;0;0;1,575;0
19/10/24;0:15:00;1,7785;0;0;0;1,7785;0
19/10/24;0:30:00;1,7095;0;0;0;1,7095;0
19/10/24;0:45:00;2,1385;0;0;0;2,1385;0
19/10/24;1:00:00;1,8525;0;0;0;1,8525;0
19/10/24;1:15:00;1,826;0;0;0;1,826;0
19/10/24;1:30:00;1,722;0;0;0;1,722;0
19/10/24;1:45:00;1,648;0;0;0;1,648;0
19/10/24;2:00:00;1,699;0;0;0;1,699;0
19/10/24;2:15:00;1,543;0;0;0;1,543;0
19/10/24;2:30:00;1,773;0;0;0;1,773;0
19/10/24;2:45:00;1,526;0;0;0;1,526;0
19/10/24;3:00:00;1,786;0;0;0;1,786;0
19/10/24;3:15:00;1,9335;0;0;0;1,9335;0
19/10/24;3:30:00;2,2165;0;0;0;2,2165;0
19/10/24;3:45:00;1,9755;0;0;0;1,9755;0
19/10/24;4:00:00;2,1175;0;0;0;2,1175;0
19/10/24;4:15:00;1,997;0;0;0;1,997;0
19/10/24;4:30:00;1,994;0;0;0;1,994;0
19/10/24;4:45:00;2,1335;0;0;0;2,1335;0
19/10/24;5:00:00;1,9675;0;0;0;1,9675;0
19/10/24;5:15:00;2,306;0;0;0;2,306;0
19/10/24;5:30:00;2,109;0;0;0;2,109;0
19/10/24;5:45:00;2,374;0;0;0;2,374;0
19/10/24;6:00:00;2,929;0;0;0;2,929;0
19/10/24;6:15:00;2,0035;0;0;0;2,0035;0
19/10/24;6:30:00;1,9755;0;0;0;1,9755;0
19/10/24;6:45:00;2,7195;0;0;0;2,7195;0
19/10/24;7:00:00;2,1615;0;0;0;2,1615;0
19/10/24;7:15:00;2,098;0;0;0;2,098;0
19/10/24;7:30:00;2,508;0;0;0;2,508;0
19/10/24;7:45:00;2,3925;0;0;0;2,3925;0
19/10/24;8:00:00;1,8775;0;0;0;1,8775;0
19/10/24;8:15:00;2,435;0;0,018583333;0,018583333;2,435;0
19/10/24;8:30:00;2,655;0;0,085833333;0,085833333;2,655;0
19/10/24;8:45:00;1,9485;0;0,217416667;0,217416667;1,9485;0
19/10/24;9:00:00;1,7585;0,035;0,58525;0,62025;1,7935;-0,035
19/10/24;9:15:00;2,095;0,0685;0,942833333;1,011333333;2,1635;-0,0685
19/10/24;9:30:00;1,546;0,166;0,919083333;1,085083333;1,7475;-0,2015
19/10/24;9:45:00;1,425;0,647;1,028666667;1,675666667;2,072;-0,647
19/10/24;10:00:00;1,992;0,987;0,982083333;1,969083333;3,312;-1,32
19/10/24;10:15:00;1,594;1,9245;1,076;3,0005;3,518;-1,924
19/10/24;10:30:00;1,324;1,281;1,28775;2,56875;3,231;-1,907
19/10/24;10:45:00;1,908;2,1355;1,48875;3,62425;4,0435;-2,1355
19/10/24;11:00:00;1,868;1,49;1,528666667;3,018666667;4,0755;-2,2075
19/10/24;11:15:00;1,4105;2,33;1,49275;3,82275;3,7405;-2,33
19/10/24;11:30:00;1,6675;2,179;1,96925;4,14825;4,6445;-2,977
19/10/24;11:45:00;2,1325;3,2535;3,066166667;6,319666667;5,386;-3,2535
19/10/24;12:00:00;1,6945;2,07;2,27775;4,34775;4,859;-3,1645
19/10/24;12:15:00;1,519;3,5685;2,981166667;6,549666667;5,0875;-3,5685
19/10/24;12:30:00;2,031;2,977;3,2385;6,2155;6,3585;-4,3275
19/10/24;12:45:00;1,5205;6,7595;2,528916667;9,288416667;0;1,5205
19/10/24;13:00:00;1,2785;3,655;2,758083333;6,413083333;0;1,2785
19/10/24;13:15:00;1,839;6,6665;2,325916667;8,992416667;0;1,839
19/10/24;13:30:00;1,838;4,08;2,444;6,524;0;1,838
19/10/24;13:45:00;1,294;5,969;2,524166667;8,493166667;0;1,294
19/10/24;14:00:00;1,322;3,716;2,696333333;6,412333333;0;1,322
19/10/24;14:15:00;1,741;4,892;2,615083333;7,507083333;0;1,741
19/10/24;14:30:00;1,779;3,268;1,4225;4,6905;0;1,779
19/10/24;14:45:00;1,4205;5,207;1,627916667;6,834916667;0;1,4205
19/10/24;15:00:00;1,4355;3,853;1,202083333;5,055083333;0;1,4355
19/10/24;15:15:00;1,5845;4,8015;1,11075;5,91225;0;1,5845
19/10/24;15:30:00;1,4915;2,176;0,84925;3,02525;4,86;-3,3685
19/10/24;15:45:00;1,2985;3,376;0,456583333;3,832583333;0;1,2985
19/10/24;16:00:00;0,9485;1,313;1,272916667;2,585916667;0;0,9485
19/10/24;16:15:00;1,1085;2,3725;0,87275;3,24525;0;1,1085
19/10/24;16:30:00;0,8945;1,102;0,875583333;1,977583333;2,753;-1,8585
19/10/24;16:45:00;1,1415;1,1765;0,680916667;1,857416667;2,318;-1,1765
19/10/24;17:00:00;0,8875;1,479;0,323333333;1,802333333;0;0,8875
19/10/24;17:15:00;1,101;1,869;0,1705;2,0395;2,97;-1,869
19/10/24;17:30:00;0,951;1,176;0,353666667;1,529666667;2,803;-1,852
19/10/24;17:45:00;1,0845;1,2125;0,287166667;1,499666667;2,297;-1,2125
19/10/24;18:00:00;0,9135;0,326;0,0765;0,4025;1,544;-0,6305
19/10/24;18:15:00;1,189;0,4645;0,085333333;0,549833333;1,6535;-0,4645
19/10/24;18:30:00;0,991;0,553;0;0,553;1,7575;-0,7665
19/10/24;18:45:00;0,999;0,501;0;0,501;1,5;-0,501
19/10/24;19:00:00;1,166;0,088;0;0,088;1,37;-0,204
19/10/24;19:15:00;0,972;0,1275;0;0,1275;1,0995;-0,1275
19/10/24;19:30:00;1,301;0;0;0;1,3105;-0,0095
19/10/24;19:45:00;2,33;0;0;0;2,33;0
19/10/24;20:00:00;1,9;0;0;0;1,9;0
19/10/24;20:15:00;2,1085;0;0;0;2,1085;0
19/10/24;20:30:00;1,9135;0;0;0;1,9135;0
19/10/24;20:45:00;2,1085;0;0;0;2,1085;0
19/10/24;21:00:00;2,1195;0;0;0;2,1195;0
19/10/24;21:15:00;2,06;0;0;0;2,06;0
19/10/24;21:30:00;1,946;0;0;0;1,946;0
19/10/24;21:45:00;2,189;0;0;0;2,189;0
19/10/24;22:00:00;1,949;0;0;0;1,949;0
19/10/24;22:15:00;2,038;0;0;0;2,038;0
19/10/24;22:30:00;2,049;0;0;0;2,049;0
19/10/24;22:45:00;1,9625;0;0;0;1,9625;0
19/10/24;23:00:00;2,1435;0;0;0;2,1435;0
19/10/24;23:15:00;2,0415;0;0;0;2,0415;0
19/10/24;23:30:00;2,4515;0;0;0;2,4515;0
19/10/24;23:45:00;1,544;0;0;0;1,544;0
20/10/24;0:00:00;1,802;0;0;0;1,802;0
20/10/24;0:15:00;1,4905;0;0;0;1,4905;0
20/10/24;0:30:00;1,6605;0;0;0;1,6605;0
20/10/24;0:45:00;1,608;0;0;0;1,608;0
20/10/24;1:00:00;1,523;0;0;0;1,523;0
20/10/24;1:15:00;1,7865;0;0;0;1,7865;0
20/10/24;1:30:00;1,5115;0;0;0;1,5115;0
20/10/24;1:45:00;1,761;0;0;0;1,761;0
20/10/24;2:00:00;1,503;0;0;0;1,503;0
20/10/24;2:15:00;1,7175;0;0;0;1,7175;0
20/10/24;2:30:00;1,5365;0;0;0;1,5365;0
20/10/24;2:45:00;1,755;0;0;0;1,755;0
20/10/24;3:00:00;1,509;0;0;0;1,509;0
20/10/24;3:15:00;2,154;0;0;0;2,154;0
20/10/24;3:30:00;2,249;0;0;0;2,249;0
20/10/24;3:45:00;2,3255;0;0;0;2,3255;0
20/10/24;4:00:00;2,1915;0;0;0;2,1915;0
20/10/24;4:15:00;2,163;0;0;0;2,163;0
20/10/24;4:30:00;2,188;0;0;0;2,188;0
20/10/24;4:45:00;1,992;0;0;0;1,992;0
20/10/24;5:00:00;2,119;0;0;0;2,119;0
20/10/24;5:15:00;1,915;0;0;0;1,915;0
20/10/24;5:30:00;2,113;0;0;0;2,113;0
20/10/24;5:45:00;1,968;0;0;0;1,968;0
20/10/24;6:00:00;2,12;0;0;0;2,12;0
20/10/24;6:15:00;1,9565;0;0;0;1,9565;0
20/10/24;6:30:00;2,0925;0;0;0;2,0925;0
20/10/24;6:45:00;2,052;0;0;0;2,052;0
20/10/24;7:00:00;2,106;0;0;0;2,106;0
20/10/24;7:15:00;1,7645;0;0;0;1,7645;0
20/10/24;7:30:00;1,9785;0;0;0;1,9785;0
20/10/24;7:45:00;1,727;0;0;0;1,727;0
20/10/24;8:00:00;1,651;0;0,015333333;0,015333333;1,651;0
20/10/24;8:15:00;1,655;0;0,07825;0,07825;1,655;0
20/10/24;8:30:00;1,608;0;0,117;0,117;1,608;0
20/10/24;8:45:00;1,5585;0,001;0,365583333;0,366583333;1,5595;-0,001
20/10/24;9:00:00;1,1405;0,073;0,533583333;0,606583333;1,2145;-0,074
20/10/24;9:15:00;1,144;0,1765;1,152583333;1,329083333;1,3205;-0,1765
20/10/24;9:30:00;0,959;0,25;0,596;0,846;1,2685;-0,3095
20/10/24;9:45:00;1,0815;0,894;0,76975;1,66375;1,9755;-0,894
20/10/24;10:00:00;0,8945;1,036;0,915666667;1,951666667;2,3185;-1,424
20/10/24;10:15:00;1,098;1,7095;0,607666667;2,317166667;0;1,098
20/10/24;10:30:00;0,903;0,859;1,087916667;1,946916667;2,1715;-1,2685
20/10/24;10:45:00;1,1225;1,6245;1,45375;3,07825;2,747;-1,6245
20/10/24;11:00:00;1,1105;1,226;1,334083333;2,560083333;2,873;-1,7625
20/10/24;11:15:00;1,4905;1,969;1,3135;3,2825;3,4595;-1,969
20/10/24;11:30:00;1,2885;1,993;1,555666667;3,548666667;4,2675;-2,979
20/10/24;11:45:00;1,5865;3,085;0,92475;4,00975;4,6715;-3,085
20/10/24;12:00:00;2,4805;1,455;2,581916667;4,036916667;5,2185;-2,738
20/10/24;12:15:00;3,0985;3,539;5,333833333;8,872833333;6,6375;-3,539
20/10/24;12:30:00;2,9755;2,151;4,0085;6,1595;6,5285;-3,553
20/10/24;12:45:00;3,1215;2,715;5,783166667;8,498166667;5,8365;-2,715
20/10/24;13:00:00;2,9355;6,807;5,847166667;12,65416667;10,8195;-7,884
20/10/24;13:15:00;3,0655;11,4265;6,486916667;17,91341667;0;3,0655
20/10/24;13:30:00;2,6735;7,623;3,659;11,282;0;2,6735
20/10/24;13:45:00;2,744;11,924;1,8615;13,7855;0;2,744
20/10/24;14:00:00;2,615;7,828;1,8265;9,6545;0;2,615
20/10/24;14:15:00;2,718;10,4645;1,033333333;11,49783333;0;2,718
20/10/24;14:30:00;2,59;7,534;5,198083333;12,73208333;0;2,59
20/10/24;14:45:00;2,1465;8,1645;5,134166667;13,29866667;10,311;-8,1645
20/10/24;15:00:00;1,4025;5,218;1,3025;6,5205;0;1,4025
20/10/24;15:15:00;1,3055;7,425;1,52625;8,95125;8,7305;-7,425
20/10/24;15:30:00;1,0975;6,364;1,61025;7,97425;0;1,0975
20/10/24;15:45:00;1,0855;9,3235;1,4115;10,735;0;1,0855
20/10/24;16:00:00;0,9865;2,439;1,562583333;4,001583333;0;0,9865
20/10/24;16:15:00;1,2835;3,4265;0,685416667;4,111916667;0;1,2835
20/10/24;16:30:00;1,2165;2,654;0,723416667;3,377416667;0;1,2165
20/10/24;16:45:00;1,071;3,112;0,45125;3,56325;0;1,071
20/10/24;17:00:00;0,902;1,988;0,441583333;2,429583333;0;0,902
20/10/24;17:15:00;1,075;1,9485;0,34675;2,29525;3,0235;-1,9485
20/10/24;17:30:00;0,952;1,124;0,4425;1,5665;2,7625;-1,8105
20/10/24;17:45:00;1,188;1,188;0,268583333;1,456583333;2,376;-1,188
20/10/24;18:00:00;1,212;0,583;0,1765;0,7595;2,148;-0,936
20/10/24;18:15:00;1,1365;0,8065;0,101666667;0,908166667;1,943;-0,8065
20/10/24;18:30:00;1,4245;0,526;0,040833333;0,566833333;2,244;-0,8195
20/10/24;18:45:00;1,267;0,661;0,000416667;0,661416667;1,928;-0,661
20/10/24;19:00:00;1,202;0,234;0;0,234;1,629;-0,427
20/10/24;19:15:00;1,0435;0,1875;0;0,1875;1,231;-0,1875
20/10/24;19:30:00;0,9875;0,034;0;0,034;1,062;-0,0745
20/10/24;19:45:00;1,016;0,002;0;0,002;1,018;-0,002
20/10/24;20:00:00;1,252;0;0;0;1,252;0
20/10/24;20:15:00;1,668;0;0;0;1,668;0
20/10/24;20:30:00;1,577;0;0;0;1,577;0
20/10/24;20:45:00;1,6925;0;0;0;1,6925;0
20/10/24;21:00:00;1,8305;0;0;0;1,8305;0
20/10/24;21:15:00;2,089;0;0;0;2,089;0
20/10/24;21:30:00;1,61;0;0;0;1,61;0
20/10/24;21:45:00;1,734;0;0;0;1,734;0
20/10/24;22:00:00;1,534;0;0;0;1,534;0
20/10/24;22:15:00;1,63;0;0;0;1,63;0
20/10/24;22:30:00;1,64;0;0;0;1,64;0
20/10/24;22:45:00;1,755;0;0;0;1,755;0
20/10/24;23:00:00;1,857;0;0;0;1,857;0
20/10/24;23:15:00;2,147;0;0;0;2,147;0
20/10/24;23:30:00;1,92;0;0;0;1,92;0
20/10/24;23:45:00;2,102;0;0;0;2,102;0
21/10/24;0:00:00;1,587;0;0;0;1,587;0
21/10/24;0:15:00;1,7405;0;0;0;1,7405;0
21/10/24;0:30:00;1,5375;0;0;0;1,5375;0
21/10/24;0:45:00;1,725;0;0;0;1,725;0
21/10/24;1:00:00;1,591;0;0;0;1,591;0
21/10/24;1:15:00;1,676;0;0;0;1,676;0
21/10/24;1:30:00;1,733;0;0;0;1,733;0
21/10/24;1:45:00;1,953;0;0;0;1,953;0
21/10/24;2:00:00;1,873;0;0;0;1,873;0
21/10/24;2:15:00;1,536;0;0;0;1,536;0
21/10/24;2:30:00;1,692;0;0;0;1,692;0
21/10/24;2:45:00;1,9525;0;0;0;1,9525;0
21/10/24;3:00:00;1,7795;0;0;0;1,7795;0
21/10/24;3:15:00;1,7375;0;0;0;1,7375;0
21/10/24;3:30:00;2,0765;0;0;0;2,0765;0
21/10/24;3:45:00;2,0155;0;0;0;2,0155;0
21/10/24;4:00:00;1,9485;0;0;0;1,9485;0
21/10/24;4:15:00;2,087;0;0;0;2,087;0
21/10/24;4:30:00;1,905;0;0;0;1,905;0
21/10/24;4:45:00;2,1315;0;0;0;2,1315;0
21/10/24;5:00:00;1,9345;0;0;0;1,9345;0
21/10/24;5:15:00;2,062;0;0;0;2,062;0
21/10/24;5:30:00;3,505;0;0;0;3,505;0
21/10/24;5:45:00;7,4185;0;0;0;7,4185;0
21/10/24;6:00:00;10,0565;0;0;0;10,0565;0
21/10/24;6:15:00;9,703;0;0;0;9,703;0
21/10/24;6:30:00;19,827;0;0;0;19,827;0
21/10/24;6:45:00;43,265;0;0;0;43,265;0
21/10/24;7:00:00;43,888;0;0;0;43,888;0
21/10/24;7:15:00;40,559;0;0;0;40,559;0
21/10/24;7:30:00;40,492;0;0;0;40,492;0
21/10/24;7:45:00;37,3235;0;0;0;37,3235;0
21/10/24;8:00:00;34,8175;0;0;0;34,8175;0
21/10/24;8:15:00;38,8035;0;0;0;38,8035;0
21/10/24;8:30:00;37,8355;0;0;0;37,8355;0
21/10/24;8:45:00;32,2795;0;0;0;32,2795;0
21/10/24;9:00:00;32,5915;0;0;0;32,5915;0
21/10/24;9:15:00;34,111;0;0,094916667;0,094916667;34,111;0
21/10/24;9:30:00;31,657;0;0,075916667;0,075916667;31,657;0
21/10/24;9:45:00;28,7705;0;0,328166667;0,328166667;28,7705;0
21/10/24;10:00:00;28,2915;0,03;0,84;0,87;28,3215;-0,03
21/10/24;10:15:00;27,2545;0,2245;3,410416667;3,634916667;27,479;-0,2245
21/10/24;10:30:00;31,8315;0,181;2,766333333;2,947333333;32,075;-0,2435
21/10/24;10:45:00;32,0755;0,9665;1,735916667;2,702416667;33,042;-0,9665
21/10/24;11:00:00;34,2755;1,671;4,191;5,862;36,48;-2,2045
21/10/24;11:15:00;37,473;6,838;4,601916667;11,43991667;44,311;-6,838
21/10/24;11:30:00;38,882;3,755;2,3705;6,1255;45,186;-6,304
21/10/24;11:45:00;36,154;5,9165;4,9325;10,849;42,0705;-5,9165
21/10/24;12:00:00;29,881;6,954;5,043916667;11,99791667;39,3045;-9,4235
21/10/24;12:15:00;33,3575;7,209;5,216416667;12,42541667;40,5665;-7,209
21/10/24;12:30:00;38,1555;5,716;5,688833333;11,40483333;46,4265;-8,271
21/10/24;12:45:00;35,615;9,1865;6,748333333;15,93483333;44,8015;-9,1865
21/10/24;13:00:00;34,762;7,129;5,154166667;12,28316667;44,8585;-10,0965
21/10/24;13:15:00;35,699;10,806;2,87225;13,67825;46,505;-10,806
21/10/24;13:30:00;21,541;5,309;3,02325;8,33225;30,404;-8,863
21/10/24;13:45:00;6,118;10,5185;5,654583333;16,17308333;0;6,118
21/10/24;14:00:00;3,974;7,531;5,387916667;12,91891667;0;3,974
21/10/24;14:15:00;2,9195;8,2485;1,251416667;9,499916667;11,168;-8,2485
21/10/24;14:30:00;2,5855;7,42;1,332166667;8,752166667;0;2,5855
21/10/24;14:45:00;3,584;10,4105;1,862166667;12,27266667;0;3,584
21/10/24;15:00:00;2,283;6,838;5,817583333;12,65558333;0;2,283
21/10/24;15:15:00;4,123;3,434;2,117666667;5,551666667;7,557;-3,434
21/10/24;15:30:00;4,191;3,598;1,031416667;4,629416667;9,176;-4,985
21/10/24;15:45:00;4,017;7,0435;1,120833333;8,164333333;11,0605;-7,0435
21/10/24;16:00:00;3,859;7,295;0,836416667;8,131416667;0;3,859
21/10/24;16:15:00;4,4935;7,275;0,494666667;7,769666667;11,7685;-7,275
21/10/24;16:30:00;4,0055;2,998;2,800666667;5,798666667;8,4145;-4,409
21/10/24;16:45:00;3,175;3,1575;1,422333333;4,579833333;6,3325;-3,1575
21/10/24;17:00:00;3,25;3,237;0,679583333;3,916583333;6,9715;-3,7215
21/10/24;17:15:00;2,551;3,101;1,801333333;4,902333333;5,652;-3,101
21/10/24;17:30:00;2,174;3,414;1,213333333;4,627333333;0;2,174
21/10/24;17:45:00;2,8095;3,8295;0,51525;4,34475;6,639;-3,8295
21/10/24;18:00:00;2,4065;1,223;0,189916667;1,412916667;4,601;-2,1945
21/10/24;18:15:00;2,128;3,1125;0,131;3,2435;5,2405;-3,1125
21/10/24;18:30:00;2,619;1,051;0,04725;1,09825;4,5575;-1,9385
21/10/24;18:45:00;2,2255;0,7755;0,0005;0,776;3,001;-0,7755
21/10/24;19:00:00;1,6295;0,215;0;0,215;2,037;-0,4075
21/10/24;19:15:00;2,4285;0,235;0;0,235;2,6635;-0,235
21/10/24;19:30:00;2,2305;0,039;0;0,039;2,3205;-0,09
21/10/24;19:45:00;1,6295;0,001;0;0,001;1,6305;-0,001
21/10/24;20:00:00;2,1225;0;0;0;2,1225;0
21/10/24;20:15:00;2,58;0;0;0;2,58;0
21/10/24;20:30:00;2,253;0;0;0;2,253;0
21/10/24;20:45:00;2,324;0;0;0;2,324;0
21/10/24;21:00:00;2,72;0;0;0;2,72;0
21/10/24;21:15:00;2,007;0;0;0;2,007;0
21/10/24;21:30:00;2,416;0;0;0;2,416;0
21/10/24;21:45:00;3,017;0;0;0;3,017;0
21/10/24;22:00:00;2,322;0;0;0;2,322;0
21/10/24;22:15:00;2,3115;0;0;0;2,3115;0
21/10/24;22:30:00;2,8015;0;0;0;2,8015;0
21/10/24;22:45:00;2,294;0;0;0;2,294;0
21/10/24;23:00:00;2,142;0;0;0;2,142;0
21/10/24;23:15:00;2,8295;0;0;0;2,8295;0
21/10/24;23:30:00;2,4545;0;0;0;2,4545;0
21/10/24;23:45:00;1,977;0;0;0;1,977;0
22/10/24;0:00:00;2,469;0;0;0;2,469;0
22/10/24;0:15:00;2,5565;0;0;0;2,5565;0
22/10/24;0:30:00;2,0705;0;0;0;2,0705;0
22/10/24;0:45:00;2,399;0;0;0;2,399;0
22/10/24;1:00:00;2,877;0;0;0;2,877;0
22/10/24;1:15:00;2,2045;0;0;0;2,2045;0
22/10/24;1:30:00;2,2685;0;0;0;2,2685;0
22/10/24;1:45:00;2,699;0;0;0;2,699;0
22/10/24;2:00:00;2,205;0;0;0;2,205;0
22/10/24;2:15:00;2,1805;0;0;0;2,1805;0
22/10/24;2:30:00;2,7565;0;0;0;2,7565;0
22/10/24;2:45:00;2,2645;0;0;0;2,2645;0
22/10/24;3:00:00;2,0975;0;0;0;2,0975;0
22/10/24;3:15:00;2,7505;0;0;0;2,7505;0
22/10/24;3:30:00;2,7895;0;0;0;2,7895;0
22/10/24;3:45:00;1,99;0;0;0;1,99;0
22/10/24;4:00:00;2,495;0;0;0;2,495;0
22/10/24;4:15:00;2,627;0;0;0;2,627;0
22/10/24;4:30:00;2,073;0;0;0;2,073;0
22/10/24;4:45:00;2,4215;0;0;0;2,4215;0
22/10/24;5:00:00;2,7525;0;0;0;2,7525;0
22/10/24;5:15:00;2,0275;0;0;0;2,0275;0
22/10/24;5:30:00;4,2405;0;0;0;4,2405;0
22/10/24;5:45:00;8,907;0;0;0;8,907;0
22/10/24;6:00:00;23,649;0;0;0;23,649;0
22/10/24;6:15:00;37,09;0;0;0;37,09;0
22/10/24;6:30:00;38,072;0;0;0;38,072;0
22/10/24;6:45:00;35,902;0;0;0;35,902;0
22/10/24;7:00:00;36,77;0;0;0;36,77;0
22/10/24;7:15:00;31,339;0;0;0;31,339;0
22/10/24;7:30:00;29,893;0;0;0;29,893;0
22/10/24;7:45:00;31,453;0;0;0;31,453;0
22/10/24;8:00:00;32,386;0;0,02125;0,02125;32,386;0
22/10/24;8:15:00;33,23;0;0,296583333;0,296583333;33,23;0
22/10/24;8:30:00;37,18;0;0,265666667;0,265666667;37,18;0
22/10/24;8:45:00;35,468;0,0085;0,311916667;0,320416667;35,4765;-0,0085
22/10/24;9:00:00;37,845;0,144;0,429583333;0,573583333;37,9975;-0,1525
22/10/24;9:15:00;37,4825;0,5345;0,5185;1,053;38,017;-0,5345
22/10/24;9:30:00;37,0385;0,493;0,6105;1,1035;37,703;-0,6645
22/10/24;9:45:00;33,595;0,624;0,9105;1,5345;34,219;-0,624
22/10/24;10:00:00;31,72;0,664;3,426333333;4,090333333;32,599;-0,879
22/10/24;10:15:00;32,4945;1,072;1,101166667;2,173166667;33,5665;-1,072
22/10/24;10:30:00;45,9035;1,455;1,272833333;2,727833333;47,7105;-1,807
22/10/24;10:45:00;49,758;2,962;2,217416667;5,179416667;52,72;-2,962
22/10/24;11:00:00;47,732;2,301;5,243583333;7,544583333;51,297;-3,565
22/10/24;11:15:00;34,695;2,185;3,543833333;5,728833333;36,88;-2,185
22/10/24;11:30:00;35,854;3,655;3,901583333;7,556583333;40,124;-4,27
22/10/24;11:45:00;38,014;5,839;5,53625;11,37525;43,853;-5,839
22/10/24;12:00:00;30,93;6,312;2,959083333;9,271083333;39,74;-8,81
22/10/24;12:15:00;30,6225;9,4065;5,369416667;14,77591667;40,029;-9,4065
22/10/24;12:30:00;36,1535;4,775;2,537666667;7,312666667;44,143;-7,9895
22/10/24;12:45:00;37,9235;9,933;5,472333333;15,40533333;47,8565;-9,933
22/10/24;13:00:00;38,0605;6,283;3,33175;9,61475;47,4625;-9,402
22/10/24;13:15:00;31,111;9,032;6,55225;15,58425;40,143;-9,032
22/10/24;13:30:00;24,202;5,574;5,646916667;11,22091667;31,998;-7,796
22/10/24;13:45:00;8,7415;11,1485;6,355333333;17,50383333;19,89;-11,1485
22/10/24;14:00:00;4,2255;6,778;5,217666667;11,99566667;14,851;-10,6255
22/10/24;14:15:00;3,3265;6,6705;5,288833333;11,95933333;0;3,3265
22/10/24;14:30:00;2,6185;8,026;5,15275;13,17875;0;2,6185
22/10/24;14:45:00;2,5145;8,9215;5,472333333;14,39383333;0;2,5145
22/10/24;15:00:00;2,9145;7,54;4,599166667;12,13916667;0;2,9145
22/10/24;15:15:00;2,3395;10,839;1,161166667;12,00016667;0;2,3395
22/10/24;15:30:00;1,6815;6,131;3,424666667;9,555666667;0;1,6815
22/10/24;15:45:00;1,99;9,717;3,7635;13,4805;0;1,99
22/10/24;16:00:00;2,163;6,071;3,501666667;9,572666667;0;2,163
22/10/24;16:15:00;1,8795;5,857;3,484916667;9,341916667;7,7365;-5,857
22/10/24;16:30:00;2,2635;5,605;2,668083333;8,273083333;0;2,2635
22/10/24;16:45:00;1,9715;7,5565;2,281416667;9,837916667;0;1,9715
22/10/24;17:00:00;1,8015;4,339;1,809083333;6,148083333;0;1,8015
22/10/24;17:15:00;2,042;5,953;1,415916667;7,368916667;0;2,042
22/10/24;17:30:00;2,056;2,992;1,045583333;4,037583333;0;2,056
22/10/24;17:45:00;2,2775;4,535;0,66975;5,20475;0;2,2775
22/10/24;18:00:00;1,7615;2,356;0,3625;2,7185;0;1,7615
22/10/24;18:15:00;2,015;2,7695;0,166166667;2,935666667;4,7845;-2,7695
22/10/24;18:30:00;2,258;1,356;0,038333333;1,394333333;4,4155;-2,1575
22/10/24;18:45:00;1,623;1,1185;0;1,1185;2,7415;-1,1185
22/10/24;19:00:00;2,079;0,412;0;0,412;2,7985;-0,7195
22/10/24;19:15:00;2,3855;0,2905;0;0,2905;2,676;-0,2905
22/10/24;19:30:00;1,8095;0,036;0;0,036;1,901;-0,0915
22/10/24;19:45:00;2,0235;0,002;0;0,002;2,0255;-0,002
22/10/24;20:00:00;2,2355;0;0;0;2,2355;0
22/10/24;20:15:00;1,9565;0;0;0;1,9565;0
22/10/24;20:30:00;2,2235;0;0;0;2,2235;0
22/10/24;20:45:00;2,869;0;0;0;2,869;0
22/10/24;21:00:00;2,117;0;0;0;2,117;0
22/10/24;21:15:00;2,05;0;0;0;2,05;0
22/10/24;21:30:00;2,58;0;0;0;2,58;0
22/10/24;21:45:00;2,5285;0;0;0;2,5285;0
22/10/24;22:00:00;2,0035;0;0;0;2,0035;0
22/10/24;22:15:00;2,3805;0;0;0;2,3805;0
22/10/24;22:30:00;2,6245;0;0;0;2,6245;0
22/10/24;22:45:00;2,005;0;0;0;2,005;0
22/10/24;23:00:00;2,099;0;0;0;2,099;0
22/10/24;23:15:00;2,7965;0;0;0;2,7965;0
22/10/24;23:30:00;2,3315;0;0;0;2,3315;0
22/10/24;23:45:00;2,145;0;0;0;2,145;0
23/10/24;0:00:00;2,707;0;0;0;2,707;0
23/10/24;0:15:00;2,2425;0;0;0;2,2425;0
23/10/24;0:30:00;2,0615;0;0;0;2,0615;0
23/10/24;0:45:00;2,8845;0;0;0;2,8845;0
23/10/24;1:00:00;2,3845;0;0;0;2,3845;0
23/10/24;1:15:00;2,035;0;0;0;2,035;0
23/10/24;1:30:00;2,732;0;0;0;2,732;0
23/10/24;1:45:00;2,495;0;0;0;2,495;0
23/10/24;2:00:00;1,956;0;0;0;1,956;0
23/10/24;2:15:00;2,373;0;0;0;2,373;0
23/10/24;2:30:00;2,563;0;0;0;2,563;0
23/10/24;2:45:00;2,0075;0;0;0;2,0075;0
23/10/24;3:00:00;2,2695;0;0;0;2,2695;0
23/10/24;3:15:00;2,572;0;0;0;2,572;0
23/10/24;3:30:00;2,039;0;0;0;2,039;0
23/10/24;3:45:00;2,1885;0;0;0;2,1885;0
23/10/24;4:00:00;3,0185;0;0;0;3,0185;0
23/10/24;4:15:00;2,015;0;0;0;2,015;0
23/10/24;4:30:00;2,012;0;0;0;2,012;0
23/10/24;4:45:00;2,6905;0;0;0;2,6905;0
23/10/24;5:00:00;2,1545;0;0;0;2,1545;0
23/10/24;5:15:00;2,0745;0;0;0;2,0745;0
23/10/24;5:30:00;3,0895;0;0;0;3,0895;0
23/10/24;5:45:00;6,223;0;0;0;6,223;0
23/10/24;6:00:00;9,044;0;0;0;9,044;0
23/10/24;6:15:00;16,867;0;0;0;16,867;0
23/10/24;6:30:00;33,9;0;0;0;33,9;0
23/10/24;6:45:00;34,197;0;0;0;34,197;0
23/10/24;7:00:00;36,969;0;0;0;36,969;0
23/10/24;7:15:00;37,028;0;0;0;37,028;0
23/10/24;7:30:00;39,4;0;0;0;39,4;0
23/10/24;7:45:00;37,4855;0;0,013;0,013;37,4855;0
23/10/24;8:00:00;39,3215;0;0,15225;0,15225;39,3215;0
23/10/24;8:15:00;41,7445;0;0,60525;0,60525;41,7445;0
23/10/24;8:30:00;37,8725;0;1,2765;1,2765;37,8725;0
23/10/24;8:45:00;39,599;0,0075;2,209333333;2,216833333;39,6065;-0,0075
23/10/24;9:00:00;43,704;0,065;3,40775;3,47275;43,7765;-0,0725
23/10/24;9:15:00;41,641;0,302;4,57725;4,87925;41,943;-0,302
23/10/24;9:30:00;40,597;0,467;5,786083333;6,253083333;41,21;-0,613
23/10/24;9:45:00;34,616;1,27;7,423833333;8,693833333;35,886;-1,27
23/10/24;10:00:00;31,034;1,542;8,602083333;10,14408333;33,138;-2,104
23/10/24;10:15:00;30,49;2,9735;9,663333333;12,63683333;33,4635;-2,9735
23/10/24;10:30:00;39,487;2,58;10,64775;13,22775;43,1645;-3,6775
23/10/24;10:45:00;39,6815;4,9745;11,54783333;16,52233333;44,656;-4,9745
23/10/24;11:00:00;37,4295;3,976;12,35416667;16,33016667;43,212;-5,7825
23/10/24;11:15:00;36,36;6,749;13,04441667;19,79341667;43,109;-6,749
23/10/24;11:30:00;38,251;5,038;13,65583333;18,69383333;45,654;-7,403
23/10/24;11:45:00;37,2975;8,1195;14,0975;22,217;45,417;-8,1195
23/10/24;12:00:00;35,3555;5,841;14,346;20,187;43,992;-8,6365
23/10/24;12:15:00;32,202;9,1875;14,53908333;23,72658333;41,3895;-9,1875
23/10/24;12:30:00;33,443;6,447;14,7525;21,1995;43,0165;-9,5735
23/10/24;12:45:00;36,4825;9,9425;14,93858333;24,88108333;46,425;-9,9425
23/10/24;13:00:00;39,4745;6,774;14,996;21,77;49,598;-10,1235
23/10/24;13:15:00;22,254;10,297;15,05225;25,34925;32,551;-10,297
23/10/24;13:30:00;10,55;6,979;14,93325;21,91225;0;10,55
23/10/24;13:45:00;6,513;10,571;14,75783333;25,32883333;0;6,513
23/10/24;14:00:00;4,962;7,051;14,56016667;21,61116667;0;4,962
23/10/24;14:15:00;2,9135;10,5645;14,20891667;24,77341667;0;2,9135
23/10/24;14:30:00;2,9615;6,998;13,71766667;20,71566667;0;2,9615
23/10/24;14:45:00;2,8485;10,41;13,16075;23,57075;0;2,8485
23/10/24;15:00:00;2,1425;6,852;12,5125;19,3645;0;2,1425
23/10/24;15:15:00;2,425;10,0355;11,82008333;21,85558333;0;2,425
23/10/24;15:30:00;2,111;6,448;10,93666667;17,38466667;0;2,111
23/10/24;15:45:00;2,274;9,315;9,918833333;19,23383333;0;2,274
23/10/24;16:00:00;2,221;5,875;8,993;14,868;0;2,221
23/10/24;16:15:00;2,381;8,3805;7,91325;16,29375;0;2,381
23/10/24;16:30:00;2,151;5,143;6,810166667;11,95316667;0;2,151
23/10/24;16:45:00;2,256;7,0665;5,696;12,7625;0;2,256
23/10/24;17:00:00;3,321;4,216;4,576833333;8,792833333;0;3,321
23/10/24;17:15:00;2,226;5,645;3,443916667;9,088916667;0;2,226
23/10/24;17:30:00;2,067;3,188;2,378166667;5,566166667;0;2,067
23/10/24;17:45:00;2,2105;4,11;1,45275;5,56275;0;2,2105
23/10/24;18:00:00;2,1455;2,145;0,756916667;2,901916667;0;2,1455
23/10/24;18:15:00;1,88;2,5045;0,29;2,7945;0;1,88
23/10/24;18:30:00;1,934;1,102;0,05625;1,15825;0;1,934
23/10/24;18:45:00;1,826;1,076;0;1,076;2,902;-1,076
23/10/24;19:00:00;2,081;0,35;0;0,35;2,705;-0,624
23/10/24;19:15:00;1,94;0,2375;0;0,2375;2,1775;-0,2375
23/10/24;19:30:00;1,621;0,024;0;0,024;1,6875;-0,0665
23/10/24;19:45:00;1,454;0;0;0;1,454;0
23/10/24;20:00:00;1,336;0;0;0;1,336;0
23/10/24;20:15:00;1,901;0;0;0;1,901;0
23/10/24;20:30:00;2,324;0;0;0;2,324;0
23/10/24;20:45:00;1,8085;0;0;0;1,8085;0
23/10/24;21:00:00;1,5945;0;0;0;1,5945;0
23/10/24;21:15:00;2,3345;0;0;0;2,3345;0
23/10/24;21:30:00;2,0245;0;0;0;2,0245;0
23/10/24;21:45:00;1,915;0;0;0;1,915;0
23/10/24;22:00:00;1,756;0;0;0;1,756;0
23/10/24;22:15:00;2,09;0;0;0;2,09;0
23/10/24;22:30:00;2,03;0;0;0;2,03;0
23/10/24;22:45:00;1,575;0;0;0;1,575;0
23/10/24;23:00:00;1,958;0;0;0;1,958;0
23/10/24;23:15:00;3,0585;0;0;0;3,0585;0
23/10/24;23:30:00;2,4085;0;0;0;2,4085;0
23/10/24;23:45:00;2,1875;0;0;0;2,1875;0
24/10/24;0:00:00;2,7085;0;0;0;2,7085;0
24/10/24;0:15:00;2,161;0;0;0;2,161;0
24/10/24;0:30:00;2,02;0;0;0;2,02;0
24/10/24;0:45:00;2,7825;0;0;0;2,7825;0
24/10/24;1:00:00;2,3325;0;0;0;2,3325;0
24/10/24;1:15:00;2,333;0;0;0;2,333;0
24/10/24;1:30:00;2,648;0;0;0;2,648;0
24/10/24;1:45:00;2,543;0;0;0;2,543;0
24/10/24;2:00:00;2,04;0;0;0;2,04;0
24/10/24;2:15:00;2,41;0;0;0;2,41;0
24/10/24;2:30:00;2,741;0;0;0;2,741;0
24/10/24;2:45:00;2,0195;0;0;0;2,0195;0
24/10/24;3:00:00;2,2735;0;0;0;2,2735;0
24/10/24;3:15:00;2,746;0;0;0;2,746;0
24/10/24;3:30:00;2,525;0;0;0;2,525;0
24/10/24;3:45:00;2,3265;0;0;0;2,3265;0
24/10/24;4:00:00;2,6835;0;0;0;2,6835;0
24/10/24;4:15:00;2,2705;0;0;0;2,2705;0
24/10/24;4:30:00;2,0155;0;0;0;2,0155;0
24/10/24;4:45:00;2,682;0;0;0;2,682;0
24/10/24;5:00:00;2,595;0;0;0;2,595;0
24/10/24;5:15:00;2,1815;0;0;0;2,1815;0
24/10/24;5:30:00;3,4085;0;0;0;3,4085;0
24/10/24;5:45:00;6,6285;0;0;0;6,6285;0
24/10/24;6:00:00;16,9915;0;0;0;16,9915;0
24/10/24;6:15:00;32,9285;0;0;0;32,9285;0
24/10/24;6:30:00;33,0755;0;0;0;33,0755;0
24/10/24;6:45:00;33,4065;0;0;0;33,4065;0
24/10/24;7:00:00;37,8525;0;0;0;37,8525;0
24/10/24;7:15:00;37,915;0;0;0;37,915;0
24/10/24;7:30:00;37,19;0;0;0;37,19;0
24/10/24;7:45:00;37,799;0;0;0;37,799;0
24/10/24;8:00:00;37,237;0;0,075166667;0,075166667;37,237;0
24/10/24;8:15:00;41,0455;0;0,441;0,441;41,0455;0
24/10/24;8:30:00;41,7295;0;1,136416667;1,136416667;41,7295;0
24/10/24;8:45:00;35,7925;0;1,97725;1,97725;35,7925;0
24/10/24;9:00:00;34,7805;0,035;2,990333333;3,025333333;34,8155;-0,035
24/10/24;9:15:00;33,8595;0,256;4,052583333;4,308583333;34,1155;-0,256
24/10/24;9:30:00;34,9075;0,434;5,109333333;5,543333333;35,4685;-0,561
24/10/24;9:45:00;32,102;1,1395;7,118666667;8,258166667;33,2415;-1,1395
24/10/24;10:00:00;26,931;1,358;9,20925;10,56725;28,7625;-1,8315
24/10/24;10:15:00;27,3805;2,628;6,584083333;9,212083333;30,0085;-2,628
24/10/24;10:30:00;30,1845;2,299;6,013666667;8,312666667;33,4685;-3,284
24/10/24;10:45:00;34,1825;4,662;5,243916667;9,905916667;38,8445;-4,662
24/10/24;11:00:00;36,4965;4,221;4,607583333;8,828583333;42,5505;-6,054
24/10/24;11:15:00;34,4215;4,815;4,75775;9,57275;39,2365;-4,815
24/10/24;11:30:00;35,2575;3,158;6,2135;9,3715;39,9285;-4,671
24/10/24;11:45:00;34,515;3,599;6,412583333;10,01158333;38,114;-3,599
24/10/24;12:00:00;33,763;2,146;9,500583333;11,64658333;37,081;-3,318
24/10/24;12:15:00;34,2745;3,5125;15,67575;19,18825;37,787;-3,5125
24/10/24;12:30:00;34,9655;3,854;11,21333333;15,06733333;39,852;-4,8865
24/10/24;12:45:00;37,517;4,537;9,442;13,979;42,0535;-4,5365
24/10/24;13:00:00;34,117;3,771;3,749416667;7,520416667;39,2435;-5,1265
24/10/24;13:15:00;29,7235;10,0555;0,81925;10,87475;39,779;-10,0555
24/10/24;13:30:00;17,1415;6,047;0,576833333;6,623833333;26,863;-9,7215
24/10/24;13:45:00;7,0925;6,803;0,954416667;7,757416667;0;7,0925
24/10/24;14:00:00;3,9615;1,521;0,612916667;2,133916667;7,5465;-3,585
24/10/24;14:15:00;3,915;0,6585;0,753916667;1,412416667;4,5735;-0,6585
24/10/24;14:30:00;3,456;0,308;1,867666667;2,175666667;3,9575;-0,5015
24/10/24;14:45:00;3,8415;0,486;1,293166667;1,779166667;4,3275;-0,486
24/10/24;15:00:00;3,3795;0,25;3,101333333;3,351333333;3,8695;-0,49
24/10/24;15:15:00;3,361;0,703;1,287916667;1,990916667;4,064;-0,703
24/10/24;15:30:00;3,099;0,944;0,826666667;1,770666667;4,325;-1,226
24/10/24;15:45:00;3,471;0,9175;0,416416667;1,333916667;4,3885;-0,9175
24/10/24;16:00:00;3,076;1,469;0,2525;1,7215;0;3,076
24/10/24;16:15:00;3,7575;0,977;1,099;2,076;4,7345;-0,977
24/10/24;16:30:00;3,4565;0,312;0,449166667;0,761166667;4,0295;-0,573
24/10/24;16:45:00;3,988;0,3665;0,589416667;0,955916667;4,3545;-0,3665
24/10/24;17:00:00;3,709;0,189;0,544416667;0,733416667;3,9705;-0,2615
24/10/24;17:15:00;4,738;0,5855;0,780416667;1,365916667;5,3235;-0,5855
24/10/24;17:30:00;3,47;0,193;1,058083333;1,251083333;3,8745;-0,4045
24/10/24;17:45:00;4,3455;0,4115;0,116166667;0,527666667;4,757;-0,4115
24/10/24;18:00:00;4,4055;0,248;0,002333333;0,250333333;4,866;-0,4605
24/10/24;18:15:00;3,8235;0,6025;0,061916667;0,664416667;4,426;-0,6025
24/10/24;18:30:00;3,8965;0,485;0;0,485;4,643;-0,7465
24/10/24;18:45:00;3,4525;0,22;0;0,22;3,6725;-0,22
24/10/24;19:00:00;2,6865;0,002;0;0,002;2,6885;-0,002
24/10/24;19:15:00;2,519;0,021;0;0,021;2,54;-0,021
24/10/24;19:30:00;3,048;0;0;0;3,065;-0,017
24/10/24;19:45:00;3,0165;0;0;0;3,0165;0
24/10/24;20:00:00;2,7145;0;0;0;2,7145;0
24/10/24;20:15:00;3,221;0;0;0;3,221;0
24/10/24;20:30:00;3,176;0;0;0;3,176;0
24/10/24;20:45:00;2,565;0;0;0;2,565;0
24/10/24;21:00:00;2,935;0;0;0;2,935;0
24/10/24;21:15:00;2,999;0;0;0;2,999;0
24/10/24;21:30:00;2,547;0;0;0;2,547;0
24/10/24;21:45:00;2,947;0;0;0;2,947;0
24/10/24;22:00:00;3,305;0;0;0;3,305;0
24/10/24;22:15:00;2,4925;0;0;0;2,4925;0
24/10/24;22:30:00;2,5745;0;0;0;2,5745;0
24/10/24;22:45:00;3,225;0;0;0;3,225;0
24/10/24;23:00:00;2,725;0;0;0;2,725;0
24/10/24;23:15:00;2,663;0;0;0;2,663;0
24/10/24;23:30:00;3,317;0;0;0;3,317;0
24/10/24;23:45:00;2,8115;0;0;0;2,8115;0
25/10/24;0:00:00;2,4375;0;0;0;2,4375;0
25/10/24;0:15:00;3,0325;0;0;0;3,0325;0
25/10/24;0:30:00;2,9815;0;0;0;2,9815;0
25/10/24;0:45:00;2,468;0;0;0;2,468;0
25/10/24;1:00:00;2,85;0;0;0;2,85;0
25/10/24;1:15:00;3,216;0;0;0;3,216;0
25/10/24;1:30:00;2,821;0;0;0;2,821;0
25/10/24;1:45:00;2,736;0;0;0;2,736;0
25/10/24;2:00:00;3,206;0;0;0;3,206;0
25/10/24;2:15:00;2,6425;0;0;0;2,6425;0
25/10/24;2:30:00;2,5185;0;0;0;2,5185;0
25/10/24;2:45:00;3,2315;0;0;0;3,2315;0
25/10/24;3:00:00;2,8425;0;0;0;2,8425;0
25/10/24;3:15:00;2,5;0;0;0;2,5;0
25/10/24;3:30:00;2,998;0;0;0;2,998;0
25/10/24;3:45:00;3,2225;0;0;0;3,2225;0
25/10/24;4:00:00;2,6005;0;0;0;2,6005;0
25/10/24;4:15:00;2,8775;0;0;0;2,8775;0
25/10/24;4:30:00;3,1805;0;0;0;3,1805;0
25/10/24;4:45:00;2,452;0;0;0;2,452;0
25/10/24;5:00:00;2,84;0;0;0;2,84;0
25/10/24;5:15:00;3,078;0;0;0;3,078;0
25/10/24;5:30:00;3,62;0;0;0;3,62;0
25/10/24;5:45:00;7,103;0;0;0;7,103;0
25/10/24;6:00:00;11,471;0;0;0;11,471;0
25/10/24;6:15:00;22,549;0;0;0;22,549;0
25/10/24;6:30:00;34,974;0;0;0;34,974;0
25/10/24;6:45:00;38,6525;0;0;0;38,6525;0
25/10/24;7:00:00;39,5575;0;0;0;39,5575;0
25/10/24;7:15:00;37,479;0;0;0;37,479;0
25/10/24;7:30:00;39,124;0;0;0;39,124;0
25/10/24;7:45:00;41,14;0;0;0;41,14;0
25/10/24;8:00:00;37,103;0;0;0;37,103;0
25/10/24;8:15:00;37,3175;0;0;0;37,3175;0
25/10/24;8:30:00;38,6535;0;0;0;38,6535;0
25/10/24;8:45:00;38,154;0;0;0;38,154;0
25/10/24;9:00:00;40,874;0;0,711333333;0,711333333;40,874;0
25/10/24;9:15:00;40,496;0;1,145;1,145;40,496;0
25/10/24;9:30:00;40,117;0;0,578333333;0,578333333;40,117;0
25/10/24;9:45:00;35,9495;0;0,505833333;0,505833333;35,9495;0
25/10/24;10:00:00;31,7535;0,329;1,01025;1,33925;32,0825;-0,329
25/10/24;10:15:00;32,407;0,8185;1,805166667;2,623666667;33,2255;-0,8185
25/10/24;10:30:00;37,843;0,279;2,428833333;2,707833333;38,3445;-0,5015
25/10/24;10:45:00;39,181;0,368;1,778583333;2,146583333;39,549;-0,368
25/10/24;11:00:00;39,376;0,486;1,900333333;2,386333333;40,011;-0,635
25/10/24;11:15:00;40,5725;1,1885;2,953333333;4,141833333;41,761;-1,1885
25/10/24;11:30:00;40,6995;1,167;5,026666667;6,193666667;42,376;-1,6765
25/10/24;11:45:00;40,0965;1,3395;5,795583333;7,135083333;41,436;-1,3395
25/10/24;12:00:00;39,6375;0,893;5,148083333;6,041083333;40,923;-1,2855
25/10/24;12:15:00;34,9135;1,964;3,866416667;5,830416667;36,8775;-1,964
25/10/24;12:30:00;37,0305;2,389;7,535;9,924;40,2775;-3,247
25/10/24;12:45:00;38,065;4,004;10,96741667;14,97141667;42,069;-4,004
25/10/24;13:00:00;36,182;2,356;9,818916667;12,17491667;39,903;-3,721
25/10/24;13:15:00;33,556;2,7845;10,19216667;12,97666667;36,3405;-2,7845
25/10/24;13:30:00;16;4,224;17,21583333;21,43983333;20,9965;-4,9965
25/10/24;13:45:00;8,3345;8,1645;6,312333333;14,47683333;0;8,3345
25/10/24;14:00:00;5,1975;4,31;5,942333333;10,25233333;0;5,1975
25/10/24;14:15:00;2,959;7,606;3,96975;11,57575;0;2,959
25/10/24;14:30:00;2,876;7,892;5,344666667;13,23666667;0;2,876
25/10/24;14:45:00;2,762;5,4665;6,936333333;12,40283333;0;2,762
25/10/24;15:00:00;2,453;3,153;8,6125;11,7655;0;2,453
25/10/24;15:15:00;2,6255;2,991;9,184916667;12,17591667;0;2,6255
25/10/24;15:30:00;2,4175;2,483;10,60158333;13,08458333;0;2,4175
25/10/24;15:45:00;2,235;4,637;9,092666667;13,72966667;0;2,235
25/10/24;16:00:00;2,306;4,154;8,2335;12,3875;0;2,306
25/10/24;16:15:00;2,9415;5,838;8,674666667;14,51266667;0;2,9415
25/10/24;16:30:00;2,4605;3,942;6,8085;10,7505;0;2,4605
25/10/24;16:45:00;2,2915;6,7455;3,2665;10,012;0;2,2915
25/10/24;17:00:00;1,9525;3,451;1,835083333;5,286083333;0;1,9525
25/10/24;17:15:00;2,2695;5,9225;1,163583333;7,086083333;0;2,2695
25/10/24;17:30:00;2,2955;3,292;0,794;4,086;0;2,2955
25/10/24;17:45:00;1,999;2,5715;0,718;3,2895;0;1,999
25/10/24;18:00:00;2,147;0,806;0,573166667;1,379166667;3,5755;-1,4285
25/10/24;18:15:00;1,856;0,918;0,22975;1,14775;2,774;-0,918
25/10/24;18:30:00;1,926;0,392;0,019333333;0,411333333;2,503;-0,577
25/10/24;18:45:00;2,112;0,5285;0;0,5285;2,6405;-0,5285
25/10/24;19:00:00;2,22;0,275;0;0,275;2,6385;-0,4185
25/10/24;19:15:00;2,4605;0,2065;0;0,2065;2,667;-0,2065
25/10/24;19:30:00;1,9225;0,006;0;0,006;1,957;-0,0345
25/10/24;19:45:00;1,8345;0;0;0;1,8345;0
25/10/24;20:00:00;2,6915;0;0;0;2,6915;0
25/10/24;20:15:00;2,545;0;0;0;2,545;0
25/10/24;20:30:00;2,588;0;0;0;2,588;0
25/10/24;20:45:00;2,744;0;0;0;2,744;0
25/10/24;21:00:00;2,546;0;0;0;2,546;0
25/10/24;21:15:00;2,784;0;0;0;2,784;0
25/10/24;21:30:00;2,54;0;0;0;2,54;0
25/10/24;21:45:00;2,848;0;0;0;2,848;0
25/10/24;22:00:00;2,963;0;0;0;2,963;0
25/10/24;22:15:00;2,544;0;0;0;2,544;0
25/10/24;22:30:00;2,705;0;0;0;2,705;0
25/10/24;22:45:00;2,144;0;0;0;2,144;0
25/10/24;23:00:00;2,158;0;0;0;2,158;0
25/10/24;23:15:00;3,236;0;0;0;3,236;0
25/10/24;23:30:00;2,987;0;0;0;2,987;0
25/10/24;23:45:00;2,4635;0;0;0;2,4635;0
26/10/24;0:00:00;2,4275;0;0;0;2,4275;0
26/10/24;0:15:00;2,5525;0;0;0;2,5525;0
26/10/24;0:30:00;2,5615;0;0;0;2,5615;0
26/10/24;0:45:00;2,573;0;0;0;2,573;0
26/10/24;1:00:00;2,318;0;0;0;2,318;0
26/10/24;1:15:00;2,825;0;0;0;2,825;0
26/10/24;1:30:00;3,602;0;0;0;3,602;0
26/10/24;1:45:00;2,675;0;0;0;2,675;0
26/10/24;2:00:00;2,675;0;0;0;2,675;0
26/10/24;2:15:00;2,6525;0;0;0;2,6525;0
26/10/24;2:30:00;2,3905;0;0;0;2,3905;0
26/10/24;2:45:00;2,594;0;0;0;2,594;0
26/10/24;3:00:00;2,673;0;0;0;2,673;0
26/10/24;3:15:00;2,4175;0;0;0;2,4175;0
26/10/24;3:30:00;2,4235;0;0;0;2,4235;0
26/10/24;3:45:00;2,833;0;0;0;2,833;0
26/10/24;4:00:00;3,043;0;0;0;3,043;0
26/10/24;4:15:00;2,496;0;0;0;2,496;0
26/10/24;4:30:00;2,415;0;0;0;2,415;0
26/10/24;4:45:00;2,812;0;0;0;2,812;0
26/10/24;5:00:00;2,781;0;0;0;2,781;0
26/10/24;5:15:00;2,4245;0;0;0;2,4245;0
26/10/24;5:30:00;2,4605;0;0;0;2,4605;0
26/10/24;5:45:00;3,0325;0;0;0;3,0325;0
26/10/24;6:00:00;2,7185;0;0;0;2,7185;0
26/10/24;6:15:00;2,726;0;0;0;2,726;0
26/10/24;6:30:00;2,373;0;0;0;2,373;0
26/10/24;6:45:00;2,7625;0;0;0;2,7625;0
26/10/24;7:00:00;3,0035;0;0;0;3,0035;0
26/10/24;7:15:00;2,5275;0;0;0;2,5275;0
26/10/24;7:30:00;2,4895;0;0;0;2,4895;0
26/10/24;7:45:00;2,9145;0;0;0;2,9145;0
26/10/24;8:00:00;2,7575;0;0,021166667;0,021166667;2,7575;0
26/10/24;8:15:00;2,3265;0;0,319916667;0,319916667;2,3265;0
26/10/24;8:30:00;2,6765;0;0,19175;0,19175;2,6765;0
26/10/24;8:45:00;3,0355;0;0,418583333;0,418583333;3,0355;0
26/10/24;9:00:00;2,4685;0,01;0,611166667;0,621166667;2,4785;-0,01
26/10/24;9:15:00;2,625;0,147;1,128333333;1,275333333;2,772;-0,147
26/10/24;9:30:00;2,142;0,079;1,542416667;1,621416667;2,333;-0,191
26/10/24;9:45:00;2,368;0,2725;2,719333333;2,991833333;2,6405;-0,2725
26/10/24;10:00:00;2,25;0,283;5,001333333;5,284333333;2,6445;-0,3945
26/10/24;10:15:00;2,161;0,8;5,64825;6,44825;2,961;-0,8
26/10/24;10:30:00;2,039;0,699;4,043833333;4,742833333;2,986;-0,947
26/10/24;10:45:00;2,0935;1,858;5,56875;7,42675;0;2,0935
26/10/24;11:00:00;2,8775;2,469;4,553583333;7,022583333;0;2,8775
26/10/24;11:15:00;3,034;3,746;3,968166667;7,714166667;0;3,034
26/10/24;11:30:00;2,122;1,863;2,4115;4,2745;0;2,122
26/10/24;11:45:00;2,5335;3,7825;2,749083333;6,531583333;0;2,5335
26/10/24;12:00:00;2,9405;2,026;2,881666667;4,907666667;0;2,9405
26/10/24;12:15:00;2,129;3,2265;3,702333333;6,928833333;0;2,129
26/10/24;12:30:00;1,984;1,151;4,676416667;5,827416667;0;1,984
26/10/24;12:45:00;1,7145;2,07;6,125166667;8,195166667;0;1,7145
26/10/24;13:00:00;2,1875;1,316;7,208166667;8,524166667;0;2,1875
26/10/24;13:15:00;2,244;2,7305;11,57083333;14,30133333;0;2,244
26/10/24;13:30:00;1,943;2,377;7,18775;9,56475;0;1,943
26/10/24;13:45:00;1,9155;4,375;6,244416667;10,61941667;0;1,9155
26/10/24;14:00:00;1,8765;3,026;3,771166667;6,797166667;0;1,8765
26/10/24;14:15:00;2,4735;6,4815;8,302416667;14,78391667;0;2,4735
26/10/24;14:30:00;2,2145;4,059;5,443666667;9,502666667;0;2,2145
26/10/24;14:45:00;1,679;4,3885;16,49075;20,87925;0;1,679
26/10/24;15:00:00;1,973;1,694;9,168083333;10,86208333;0;1,973
26/10/24;15:15:00;2,3615;5,5395;4,920166667;10,45966667;0;2,3615
26/10/24;15:30:00;2,0745;2,877;4,74225;7,61925;0;2,0745
26/10/24;15:45:00;1,8515;7,77;4,21275;11,98275;0;1,8515
26/10/24;16:00:00;2,2835;4,177;2,507916667;6,684916667;0;2,2835
26/10/24;16:15:00;1,766;3,351;2,59925;5,95025;0;1,766
26/10/24;16:30:00;1,759;2,155;2,282333333;4,437333333;0;1,759
26/10/24;16:45:00;1,608;3,235;5,204416667;8,439416667;0;1,608
26/10/24;17:00:00;1,638;1,116;4,287333333;5,403333333;0;1,638
26/10/24;17:15:00;1,644;1,9585;1,744416667;3,702916667;0;1,644
26/10/24;17:30:00;1,48;0,901;1,353583333;2,254583333;0;1,48
26/10/24;17:45:00;1,5875;3,4465;0,939916667;4,386416667;0;1,5875
26/10/24;18:00:00;1,9315;2,224;0,2905;2,5145;0;1,9315
26/10/24;18:15:00;2,003;1,4015;0,17725;1,57875;3,4045;-1,4015
26/10/24;18:30:00;1,961;0,626;0,00575;0,63175;2,9485;-0,9875
26/10/24;18:45:00;1,9905;0,708;0;0,708;2,6985;-0,708
26/10/24;19:00:00;2,1775;0,124;0;0,124;2,4605;-0,283
26/10/24;19:15:00;1,794;0,122;0;0,122;1,916;-0,122
26/10/24;19:30:00;1,801;0;0;0;1,831;-0,03
26/10/24;19:45:00;2,8625;0;0;0;2,8625;0
26/10/24;20:00:00;2,5905;0;0;0;2,5905;0
26/10/24;20:15:00;3,654;0;0;0;3,654;0
26/10/24;20:30:00;4,155;0;0;0;4,155;0
26/10/24;20:45:00;4,4375;0;0;0;4,4375;0
26/10/24;21:00:00;4,2315;0;0;0;4,2315;0
26/10/24;21:15:00;4,0615;0;0;0;4,0615;0
26/10/24;21:30:00;4,3235;0;0;0;4,3235;0
26/10/24;21:45:00;4,1045;0;0;0;4,1045;0
26/10/24;22:00:00;4,0105;0;0;0;4,0105;0
26/10/24;22:15:00;4,2305;0;0;0;4,2305;0
26/10/24;22:30:00;4,3555;0;0;0;4,3555;0
26/10/24;22:45:00;4,0305;0;0;0;4,0305;0
26/10/24;23:00:00;3,3245;0;0;0;3,3245;0
26/10/24;23:15:00;2,833;0;0;0;2,833;0
26/10/24;23:30:00;2,473;0;0;0;2,473;0
26/10/24;23:45:00;2,8485;0;0;0;2,8485;0
27/10/24;0:00:00;2,5565;0;0;0;2,5565;0
27/10/24;0:15:00;2,7;0;0;0;2,7;0
27/10/24;0:30:00;2,594;0;0;0;2,594;0
27/10/24;0:45:00;2,246;0;0;0;2,246;0
27/10/24;1:00:00;2,521;0;0;0;2,521;0
27/10/24;1:15:00;2,292;0;0;0;2,292;0
27/10/24;1:30:00;2,319;0;0;0;2,319;0
27/10/24;1:45:00;2,353;0;0;0;2,353;0
27/10/24;2:00:00;3,122;0;0;0;3,122;0
27/10/24;2:15:00;2,65;0;0;0;2,65;0
27/10/24;2:30:00;2,375;0;0;0;2,375;0
27/10/24;2:45:00;2,303;0;0;0;2,303;0
27/10/24;3:00:00;2,455;0;0;0;2,455;0
27/10/24;3:15:00;2,4905;0;0;0;2,4905;0
27/10/24;3:30:00;2,5045;0;0;0;2,5045;0
27/10/24;3:45:00;2,5465;0;0;0;2,5465;0
27/10/24;4:00:00;2,3155;0;0;0;2,3155;0
27/10/24;4:15:00;2,6405;0;0;0;2,6405;0
27/10/24;4:30:00;2,5955;0;0;0;2,5955;0
27/10/24;4:45:00;2,333;0;0;0;2,333;0
27/10/24;5:00:00;2,436;0;0;0;2,436;0
27/10/24;5:15:00;2,7255;0;0;0;2,7255;0
27/10/24;5:30:00;2,5825;0;0;0;2,5825;0
27/10/24;5:45:00;2,9665;0;0;0;2,9665;0
27/10/24;6:00:00;2,6615;0;0;0;2,6615;0
27/10/24;6:15:00;2,3255;0;0;0;2,3255;0
27/10/24;6:30:00;2,5305;0;0;0;2,5305;0
27/10/24;6:45:00;2,9125;0;0;0;2,9125;0
27/10/24;7:00:00;2,6035;0;0;0;2,6035;0
27/10/24;7:15:00;2,9645;0;0;0;2,9645;0
27/10/24;7:30:00;2,6475;0;0;0;2,6475;0
27/10/24;7:45:00;2,639;0;0;0;2,639;0
27/10/24;8:00:00;2,43;0;0,045833333;0,045833333;2,43;0
27/10/24;8:15:00;2,614;0;0,308083333;0,308083333;2,614;0
27/10/24;8:30:00;2,54;0;0,913083333;0,913083333;2,54;0
27/10/24;8:45:00;2,4815;0;1,809833333;1,809833333;2,4815;0
27/10/24;9:00:00;2,9075;0,021;3,005416667;3,026416667;2,9285;-0,021
27/10/24;9:15:00;2,1695;0,169;4,173666667;4,342666667;2,3385;-0,169
27/10/24;9:30:00;2,0655;0,328;4,163916667;4,491916667;2,4925;-0,427
27/10/24;9:45:00;2,0705;1;6,36175;7,36175;3,0705;-1
27/10/24;10:00:00;1,8435;1,318;8,747916667;10,06591667;0;1,8435
27/10/24;10:15:00;1,768;2,7215;9,063166667;11,78466667;0;1,768
27/10/24;10:30:00;2,382;1,949;5,144166667;7,093166667;0;2,382
27/10/24;10:45:00;1,943;3,3155;6,884166667;10,19966667;0;1,943
27/10/24;11:00:00;2,012;4,044;5,441833333;9,485833333;0;2,012
27/10/24;11:15:00;1,967;6,0115;3,722083333;9,733583333;0;1,967
27/10/24;11:30:00;1,671;2,708;7,797083333;10,50508333;0;1,671
27/10/24;11:45:00;1,945;5,3965;5,060833333;10,45733333;0;1,945
27/10/24;12:00:00;2,336;2,582;5,685166667;8,267166667;0;2,336
27/10/24;12:15:00;1,7425;3,1025;12,88741667;15,98991667;0;1,7425
27/10/24;12:30:00;1,6605;3,044;9,426;12,47;0;1,6605
27/10/24;12:45:00;1,749;4,6235;4,655416667;9,278916667;0;1,749
27/10/24;13:00:00;2,12;4,996;16,27425;21,27025;0;2,12
27/10/24;13:15:00;2,298;8,6535;12,42875;21,08225;0;2,298
27/10/24;13:30:00;1,712;3,756;4,75275;8,50875;0;1,712
27/10/24;13:45:00;1,7405;4,6645;10,82208333;15,48658333;0;1,7405
27/10/24;14:00:00;1,8845;7,489;12,35233333;19,84133333;0;1,8845
27/10/24;14:15:00;1,808;9,84;15,5585;25,3985;0;1,808
27/10/24;14:30:00;1,63;6,191;14,20916667;20,40016667;0;1,63
27/10/24;14:45:00;1,846;7,063;7,857666667;14,92066667;0;1,846
27/10/24;15:00:00;1,935;5,749;9,17625;14,92525;0;1,935
27/10/24;15:15:00;1,816;8,889;8,7775;17,6665;0;1,816
27/10/24;15:30:00;1,419;6,669;12,8605;19,5295;0;1,419
27/10/24;15:45:00;1,6345;6,9835;5,65425;12,63775;0;1,6345
27/10/24;16:00:00;1,5835;5,566;2,798166667;8,364166667;0;1,5835
27/10/24;16:15:00;1,7665;7,7025;4,001666667;11,70416667;0;1,7665
27/10/24;16:30:00;1,6985;5,749;7,70525;13,45425;0;1,6985
27/10/24;16:45:00;1,6335;6,183;5,773666667;11,95666667;0;1,6335
27/10/24;17:00:00;1,7045;1,225;4,482916667;5,707916667;0;1,7045
27/10/24;17:15:00;1,879;3,0595;3,2765;6,336;0;1,879
27/10/24;17:30:00;1,542;2,725;2,35325;5,07825;0;1,542
27/10/24;17:45:00;1,892;4,251;1,448583333;5,699583333;0;1,892
27/10/24;18:00:00;1,673;2,098;0,831666667;2,929666667;0;1,673
27/10/24;18:15:00;1,333;2,39;0,18075;2,57075;0;1,333
27/10/24;18:30:00;1,892;1,046;0,016083333;1,062083333;0;1,892
27/10/24;18:45:00;1,8825;1,116;0;1,116;2,9985;-1,116
27/10/24;19:00:00;1,3835;0,371;0;0,371;2,0605;-0,677
27/10/24;19:15:00;1,593;0,17;0;0,17;1,763;-0,17
27/10/24;19:30:00;2,017;0,003;0;0,003;2,04;-0,023
27/10/24;19:45:00;1,901;0;0;0;1,901;0
27/10/24;20:00:00;2,345;0;0;0;2,345;0
27/10/24;20:15:00;2,3695;0;0;0;2,3695;0
27/10/24;20:30:00;2,1605;0;0;0;2,1605;0
27/10/24;20:45:00;2,1445;0;0;0;2,1445;0
27/10/24;21:00:00;2,3015;0;0;0;2,3015;0
27/10/24;21:15:00;2,2035;0;0;0;2,2035;0
27/10/24;21:30:00;2,9355;0;0;0;2,9355;0
27/10/24;21:45:00;2,9045;0;0;0;2,9045;0
27/10/24;22:00:00;2,1945;0;0;0;2,1945;0
27/10/24;22:15:00;2,3665;0;0;0;2,3665;0
27/10/24;22:30:00;2,4235;0;0;0;2,4235;0
27/10/24;22:45:00;2,379;0;0;0;2,379;0
27/10/24;23:00:00;2,171;0;0;0;2,171;0
27/10/24;23:15:00;2,5455;0;0;0;2,5455;0
27/10/24;23:30:00;2,7145;0;0;0;2,7145;0
27/10/24;23:45:00;2,4695;0;0;0;2,4695;0
27/10/24;0:00:00;2,4885;0;0;0;2,4885;0
27/10/24;0:15:00;2,489;0;0;0;2,489;0
27/10/24;0:30:00;2,362;0;0;0;2,362;0
27/10/24;0:45:00;2,2805;0;0;0;2,2805;0
28/10/24;1:00:00;2,4175;0;0;0;2,4175;0
28/10/24;1:15:00;3,296;0;0;0;3,296;0
28/10/24;1:30:00;3,317;0;0;0;3,317;0
28/10/24;1:45:00;2,44;0;0;0;2,44;0
28/10/24;2:00:00;2,539;0;0;0;2,539;0
28/10/24;2:15:00;2,3665;0;0;0;2,3665;0
28/10/24;2:30:00;2,4925;0;0;0;2,4925;0
28/10/24;2:45:00;2,718;0;0;0;2,718;0
28/10/24;3:00:00;2,281;0;0;0;2,281;0
28/10/24;3:15:00;2,4295;0;0;0;2,4295;0
28/10/24;3:30:00;2,4445;0;0;0;2,4445;0
28/10/24;3:45:00;2,418;0;0;0;2,418;0
28/10/24;4:00:00;2,376;0;0;0;2,376;0
28/10/24;4:15:00;2,659;0;0;0;2,659;0
28/10/24;4:30:00;2,586;0;0;0;2,586;0
28/10/24;4:45:00;2,332;0;0;0;2,332;0
28/10/24;5:00:00;2,487;0;0;0;2,487;0
28/10/24;5:15:00;3,1465;0;0;0;3,1465;0
28/10/24;5:30:00;2,8405;0;0;0;2,8405;0
28/10/24;5:45:00;2,4765;0;0;0;2,4765;0
28/10/24;6:00:00;2,4825;0;0;0;2,4825;0
28/10/24;6:15:00;2,9855;0;0;0;2,9855;0
28/10/24;6:30:00;5,4735;0;0;0;5,4735;0
28/10/24;6:45:00;7,3605;0;0;0;7,3605;0
28/10/24;7:00:00;17,5005;0;0;0;17,5005;0
28/10/24;7:15:00;30,732;0;0;0;30,732;0
28/10/24;7:30:00;34,185;0;0;0;34,185;0
28/10/24;7:45:00;40,802;0;0;0;40,802;0
28/10/24;8:00:00;43,384;0;0;0;43,384;0
28/10/24;8:15:00;35,9455;0;0;0;35,9455;0
28/10/24;8:30:00;27,2355;0;0;0;27,2355;0
28/10/24;8:45:00;34,067;0;0;0;34,067;0
28/10/24;9:00:00;41,658;0;0;0;41,658;0
28/10/24;9:15:00;34,2915;0;0;0;34,2915;0
28/10/24;9:30:00;31,5705;0;0;0;31,5705;0
28/10/24;9:45:00;39,8265;0;0;0;39,8265;0
28/10/24;10:00:00;40,8525;0;0;0;40,8525;0
28/10/24;10:15:00;40,298;0;0;0;40,298;0
28/10/24;10:30:00;39,356;0;7,315833333;7,315833333;39,356;0
28/10/24;10:45:00;38,8285;0;11,58;11,58;38,8285;0
28/10/24;11:00:00;33,0555;0;12,50575;12,50575;33,0555;0
28/10/24;11:15:00;34,088;0;7,577833333;7,577833333;34,088;0
28/10/24;11:30:00;38,112;3,326;10,699;14,025;41,438;-3,326
28/10/24;11:45:00;38,294;7,8105;7,412916667;15,22341667;46,1045;-7,8105
28/10/24;12:00:00;30,393;5,793;5,808083333;11,60108333;38,9425;-8,5495
28/10/24;12:15:00;30,9025;8,566;4,872583333;13,43858333;39,4685;-8,566
28/10/24;12:30:00;31,6095;3,948;8,67275;12,62075;37,5545;-5,945
28/10/24;12:45:00;33,44;5,5075;19,91925;25,42675;38,9475;-5,5075
28/10/24;13:00:00;34,323;4,699;12,17608333;16,87508333;40,1765;-5,8535
28/10/24;13:15:00;38,849;4,153;9,939083333;14,09208333;43,002;-4,153
28/10/24;13:30:00;37,678;4,578;14,72825;19,30625;43,932;-6,254
28/10/24;13:45:00;39,507;12,137;16,03808333;28,17508333;51,644;-12,137
28/10/24;14:00:00;39,062;5,139;16,70175;21,84075;47,65;-8,588
28/10/24;14:15:00;30,741;7,844;13,91441667;21,75841667;38,585;-7,844
28/10/24;14:30:00;28,9;6,81;6,977833333;13,78783333;39,166;-10,266
28/10/24;14:45:00;13,9975;10,7225;12,6125;23,335;0;13,9975
28/10/24;15:00:00;5,4955;7,531;10,29825;17,82925;0;5,4955
28/10/24;15:15:00;2,7985;9,0435;7,31525;16,35875;0;2,7985
28/10/24;15:30:00;3,5425;2,784;6,374166667;9,158166667;0;3,5425
28/10/24;15:45:00;2,511;8,2475;7,698;15,9455;0;2,511
28/10/24;16:00:00;2,326;5,049;8,141;13,19;0;2,326
28/10/24;16:15:00;3,016;5,6255;4,188916667;9,814416667;0;3,016
28/10/24;16:30:00;2,474;3,363;3,915166667;7,278166667;0;2,474
28/10/24;16:45:00;2,744;4,9375;3,812583333;8,750083333;0;2,744
28/10/24;17:00:00;2,702;3,74;3,909166667;7,649166667;0;2,702
28/10/24;17:15:00;3,2275;2,94;3,093833333;6,033833333;0;3,2275
28/10/24;17:30:00;2,7215;2,175;2,677416667;4,852416667;0;2,7215
28/10/24;17:45:00;3,4355;2,318;1,584833333;3,902833333;0;3,4355
28/10/24;18:00:00;2,8625;1,686;0,7165;2,4025;0;2,8625
28/10/24;18:15:00;3,294;2,2365;0,2005;2,437;5,5305;-2,2365
28/10/24;18:30:00;3,419;1,24;0,005;1,245;5,3585;-1,9395
28/10/24;18:45:00;3,1625;1,226;0;1,226;4,3885;-1,226
28/10/24;19:00:00;3,1605;0,35;0;0,35;3,7975;-0,637
28/10/24;19:15:00;2,7815;0,18;0;0,18;2,9615;-0,18
28/10/24;19:30:00;2,5915;0;0;0;2,6145;-0,023
28/10/24;19:45:00;2,72;0;0;0;2,72;0
28/10/24;20:00:00;3,059;0;0;0;3,059;0
28/10/24;20:15:00;3,4945;0;0;0;3,4945;0
28/10/24;20:30:00;3,5805;0;0;0;3,5805;0
28/10/24;20:45:00;3,103;0;0;0;3,103;0
28/10/24;21:00:00;2,686;0;0;0;2,686;0
28/10/24;21:15:00;3,18;0;0;0;3,18;0
28/10/24;21:30:00;3,043;0;0;0;3,043;0
28/10/24;21:45:00;2,9705;0;0;0;2,9705;0
28/10/24;22:00:00;2,5565;0;0;0;2,5565;0
28/10/24;22:15:00;2,8135;0;0;0;2,8135;0
28/10/24;22:30:00;2,8475;0;0;0;2,8475;0
28/10/24;22:45:00;3,134;0;0;0;3,134;0
28/10/24;23:00:00;2,731;0;0;0;2,731;0
28/10/24;23:15:00;2,595;0;0;0;2,595;0
28/10/24;23:30:00;2,786;0;0;0;2,786;0
28/10/24;23:45:00;3,367;0;0;0;3,367;0
28/10/24;0:00:00;3,46;0;0;0;3,46;0
28/10/24;0:15:00;3,1515;0;0;0;3,1515;0
28/10/24;0:30:00;3,1585;0;0;0;3,1585;0
28/10/24;0:45:00;2,9285;0;0;0;2,9285;0
29/10/24;1:00:00;2,6925;0;0;0;2,6925;0
29/10/24;1:15:00;2,876;0;0;0;2,876;0
29/10/24;1:30:00;2,681;0;0;0;2,681;0
29/10/24;1:45:00;3,1;0;0;0;3,1;0
29/10/24;2:00:00;2,902;0;0;0;2,902;0
29/10/24;2:15:00;2,815;0;0;0;2,815;0
29/10/24;2:30:00;2,604;0;0;0;2,604;0
29/10/24;2:45:00;3,0255;0;0;0;3,0255;0
29/10/24;3:00:00;4,0935;0;0;0;4,0935;0
29/10/24;3:15:00;2,89;0;0;0;2,89;0
29/10/24;3:30:00;2,592;0;0;0;2,592;0
29/10/24;3:45:00;3,024;0;0;0;3,024;0
29/10/24;4:00:00;3,313;0;0;0;3,313;0
29/10/24;4:15:00;3,041;0;0;0;3,041;0
29/10/24;4:30:00;3,264;0;0;0;3,264;0
29/10/24;4:45:00;2,957;0;0;0;2,957;0
29/10/24;5:00:00;3,455;0;0;0;3,455;0
29/10/24;5:15:00;2,769;0;0;0;2,769;0
29/10/24;5:30:00;3,395;0;0;0;3,395;0
29/10/24;5:45:00;2,5545;0;0;0;2,5545;0
29/10/24;6:00:00;3,1585;0;0;0;3,1585;0
29/10/24;6:15:00;3,2315;0;0;0;3,2315;0
29/10/24;6:30:00;5,8255;0;0;0;5,8255;0
29/10/24;6:45:00;7,3735;0;0;0;7,374;-0,0005
29/10/24;7:00:00;15,2615;0;0;0;15,262;-0,0005
29/10/24;7:15:00;26,9175;0;0;0;26,9175;0
29/10/24;7:30:00;29,6595;0;0;0;29,6595;0
29/10/24;7:45:00;34,8205;0;0;0;34,8205;0
29/10/24;8:00:00;33,9995;0;0;0;33,9995;0
29/10/24;8:15:00;33,5875;0;0;0;33,5875;0
29/10/24;8:30:00;31,1835;0;0;0;31,1835;0
29/10/24;8:45:00;35,807;0;0;0;35,807;0
29/10/24;9:00:00;32,356;0;0,86075;0,86075;32,356;0
29/10/24;9:15:00;29,762;0;2,586666667;2,586666667;29,762;0
29/10/24;9:30:00;28,845;0;5,11525;5,11525;28,845;0
29/10/24;9:45:00;34,1535;0;6,091;6,091;34,1535;0
29/10/24;10:00:00;36,8975;0,242;7,419916667;7,661916667;37,1395;-0,242
29/10/24;10:15:00;36,0335;1,672;8,164666667;9,836666667;37,7055;-1,672
29/10/24;10:30:00;31,2085;2,293;9,853166667;12,14616667;34,4265;-3,218
29/10/24;10:45:00;29,0075;3,923;10,77883333;14,70183333;32,9305;-3,923
29/10/24;11:00:00;26,8575;3,485;11,63475;15,11975;31,6845;-4,827
29/10/24;11:15:00;26,9535;5,4745;12,24541667;17,71991667;32,428;-5,4745
29/10/24;11:30:00;27,6775;4,618;12,77608333;17,39408333;34,418;-6,7405
29/10/24;11:45:00;29,9375;7,581;13,42091667;21,00191667;37,5185;-7,581
29/10/24;12:00:00;32,8035;5,504;13,91975;19,42375;40,9315;-8,128
29/10/24;12:15:00;36,462;8,657;14,2135;22,8705;45,119;-8,657
29/10/24;12:30:00;36,324;6,049;14,46758333;20,51658333;45,324;-9
29/10/24;12:45:00;30,9415;9,485;14,61266667;24,09766667;40,4265;-9,485
29/10/24;13:00:00;29,3425;6,595;14,83791667;21,43291667;39,1695;-9,827
29/10/24;13:15:00;27,2485;10,0935;14,86833333;24,96183333;37,342;-10,0935
29/10/24;13:30:00;28,2955;6,855;14,71958333;21,57458333;38,537;-10,2415
29/10/24;13:45:00;28,351;10,3855;14,465;24,8505;38,7365;-10,3855
29/10/24;14:00:00;18,669;6,985;14,07808333;21,06308333;29,1225;-10,4535
29/10/24;14:15:00;10,1035;10,429;13,69216667;24,12116667;0;10,1035
29/10/24;14:30:00;10,1575;6,883;13,10141667;19,98441667;0;10,1575
29/10/24;14:45:00;6,95;10,1935;12,5905;22,784;0;6,95
29/10/24;15:00:00;3,625;6,595;12,03908333;18,63408333;0;3,625
29/10/24;15:15:00;3,8865;9,6465;11,36908333;21,01558333;0;3,8865
29/10/24;15:30:00;3,0855;6,142;10,51725;16,65925;0;3,0855
29/10/24;15:45:00;2,9485;8,9035;9,5695;18,473;0;2,9485
29/10/24;16:00:00;2,2625;5,657;8,628166667;14,28516667;0;2,2625
29/10/24;16:15:00;2,284;8,0725;7,611166667;15,68366667;0;2,284
29/10/24;16:30:00;2,335;4,957;6,500333333;11,45733333;0;2,335
29/10/24;16:45:00;2,2045;6,833;5,343916667;12,17691667;0;2,2045
29/10/24;17:00:00;2,3405;4,037;4,164083333;8,201083333;0;2,3405
29/10/24;17:15:00;2,4675;5,4225;2,998833333;8,421333333;0;2,4675
29/10/24;17:30:00;2,2945;3,044;1,926166667;4,970166667;0;2,2945
29/10/24;17:45:00;2,258;3,8385;1,058083333;4,896583333;0;2,258
29/10/24;18:00:00;2,8;1,944;0,465916667;2,409916667;0;2,8
29/10/24;18:15:00;2,2095;2,1765;0,121666667;2,298166667;0;2,2095
29/10/24;18:30:00;3,0015;0,883;0,005666667;0,888666667;4,489;-1,4875
29/10/24;18:45:00;1,9915;0,791;0;0,791;2,7825;-0,791
29/10/24;19:00:00;2,5625;0,21;0;0,21;2,9605;-0,398
29/10/24;19:15:00;2,281;0,105;0;0,105;2,386;-0,105
29/10/24;19:30:00;2,504;0;0;0;2,518;-0,014
29/10/24;19:45:00;2,8245;0;0;0;2,8245;0
29/10/24;20:00:00;3,0755;0;0;0;3,0755;0
29/10/24;20:15:00;3,0745;0;0;0;3,0745;0
29/10/24;20:30:00;3,2895;0;0;0;3,2895;0
29/10/24;20:45:00;2,6055;0;0;0;2,6055;0
29/10/24;21:00:00;3,2295;0;0;0;3,2295;0
29/10/24;21:15:00;3,0575;0;0;0;3,0575;0
29/10/24;21:30:00;3,1425;0;0;0;3,1425;0
29/10/24;21:45:00;2,7075;0;0;0;2,7075;0
29/10/24;22:00:00;3,3125;0;0;0;3,3125;0
29/10/24;22:15:00;3,032;0;0;0;3,032;0
29/10/24;22:30:00;3,251;0;0;0;3,251;0
29/10/24;22:45:00;2,531;0;0;0;2,531;0
29/10/24;23:00:00;3,129;0;0;0;3,129;0
29/10/24;23:15:00;2,9905;0;0;0;2,9905;0
29/10/24;23:30:00;3,1945;0;0;0;3,1945;0
29/10/24;23:45:00;2,9425;0;0;0;2,9425;0
29/10/24;0:00:00;3,0865;0;0;0;3,0865;0
29/10/24;0:15:00;2,876;0;0;0;2,876;0
29/10/24;0:30:00;3,068;0;0;0;3,068;0
29/10/24;0:45:00;2,699;0;0;0;2,699;0
30/10/24;1:00:00;3,317;0;0;0;3,317;0
30/10/24;1:15:00;2,624;0;0;0;2,624;0
30/10/24;1:30:00;2,874;0;0;0;2,874;0
30/10/24;1:45:00;2,752;0;0;0;2,752;0
30/10/24;2:00:00;2,821;0;0;0;2,821;0
30/10/24;2:15:00;2,812;0;0;0;2,812;0
30/10/24;2:30:00;2,901;0;0;0;2,901;0
30/10/24;2:45:00;2,7035;0;0;0;2,7035;0
30/10/24;3:00:00;3,2075;0;0;0;3,2075;0
30/10/24;3:15:00;3,0585;0;0;0;3,0585;0
30/10/24;3:30:00;2,5755;0;0;0;2,5755;0
30/10/24;3:45:00;3,0055;0;0;0;3,0055;0
30/10/24;4:00:00;2,2895;0;0;0;2,2895;0
30/10/24;4:15:00;3,28;0;0;0;3,28;0
30/10/24;4:30:00;2,532;0;0;0;2,532;0
30/10/24;4:45:00;3,186;0;0;0;3,186;0
30/10/24;5:00:00;2,629;0;0;0;2,629;0
30/10/24;5:15:00;3,2235;0;0;0;3,2235;0
30/10/24;5:30:00;2,5125;0;0;0;2,5125;0
30/10/24;5:45:00;3,1225;0;0;0;3,1225;0
30/10/24;6:00:00;2,5825;0;0;0;2,5825;0
30/10/24;6:15:00;2,8155;0;0;0;2,8155;0
30/10/24;6:30:00;3,7975;0;0;0;3,7975;0
30/10/24;6:45:00;6,989;0;0;0;6,989;0
30/10/24;7:00:00;9,061;0;0;0;9,061;0
30/10/24;7:15:00;11,64;0;0;0;11,64;0
30/10/24;7:30:00;23,05;0;0;0;23,05;0
30/10/24;7:45:00;29,912;0;0;0;29,9125;-0,0005
30/10/24;8:00:00;32,576;0;0;0;32,5765;-0,0005
30/10/24;8:15:00;33,4675;0;0,142583333;0,142583333;33,4675;0
30/10/24;8:30:00;34,6415;0;1,024333333;1,024333333;34,6415;0
30/10/24;8:45:00;37,7525;0;2,101833333;2,101833333;37,7525;0
30/10/24;9:00:00;35,5885;0;2,867416667;2,867416667;35,5885;0
30/10/24;9:15:00;35,9375;0,084;4,0775;4,1615;36,0215;-0,084
30/10/24;9:30:00;33,8815;0,462;5,161583333;5,623583333;34,4145;-0,533
30/10/24;9:45:00;32,6805;1,317;6,487416667;7,804416667;33,9975;-1,317
30/10/24;10:00:00;34,0215;1,194;7,55975;8,75375;35,6955;-1,674
30/10/24;10:15:00;35,8515;2,4825;10,00583333;12,48833333;38,334;-2,4825
30/10/24;10:30:00;34,3475;2,249;8,969666667;11,21866667;37,539;-3,1915
30/10/24;10:45:00;30,151;4,202;8,221;12,423;34,353;-4,202
30/10/24;11:00:00;28,257;3,521;5,82825;9,34925;33,276;-5,019
30/10/24;11:15:00;28,63;6,6055;7,961333333;14,56683333;35,2355;-6,6055
30/10/24;11:30:00;31,791;5,006;10,12233333;15,12833333;39,2645;-7,4735
30/10/24;11:45:00;37,3665;5,856;8,629;14,485;43,2225;-5,856
30/10/24;12:00:00;36,0175;2,784;3,825166667;6,609166667;40,4325;-4,415
30/10/24;12:15:00;31,5635;5,0335;3,319416667;8,352916667;36,597;-5,0335
30/10/24;12:30:00;34,7795;4,255;10,83541667;15,09041667;41,414;-6,6345
30/10/24;12:45:00;32,713;8,164;5,986666667;14,15066667;40,877;-8,164
30/10/24;13:00:00;32,843;2,467;6,223416667;8,690416667;36,744;-3,901
30/10/24;13:15:00;32,0095;2,303;6,961416667;9,264416667;34,3125;-2,303
30/10/24;13:30:00;16,4155;5,137;12,87;18,007;22,3645;-5,949
30/10/24;13:45:00;10,468;4,8485;9,201333333;14,04983333;15,3165;-4,8485
30/10/24;14:00:00;12,013;2,945;16,18108333;19,12608333;16,4945;-4,4815
30/10/24;14:15:00;9,331;4,8055;15,5095;20,315;14,1365;-4,8055
30/10/24;14:30:00;9,889;5,748;13,78191667;19,52991667;0;9,889
30/10/24;14:45:00;6,127;6,536;12,981;19,517;0;6,127
30/10/24;15:00:00;3,156;7,607;6,970833333;14,57783333;0;3,156
30/10/24;15:15:00;2,0615;10,887;5,907583333;16,79458333;0;2,0615
30/10/24;15:30:00;2,2785;6,264;6,61275;12,87675;0;2,2785
30/10/24;15:45:00;2,7605;9,239;6,27975;15,51875;0;2,7605
30/10/24;16:00:00;2,2875;4,709;8,256916667;12,96591667;0;2,2875
30/10/24;16:15:00;2,01;2,542;7,083916667;9,625916667;0;2,01
30/10/24;16:30:00;2,072;3,496;5,977333333;9,473333333;0;2,072
30/10/24;16:45:00;1,5395;3,4095;3,148916667;6,558416667;0;1,5395
30/10/24;17:00:00;1,8955;3,862;2,156;6,018;0;1,8955
30/10/24;17:15:00;2,1545;5,0605;2,07475;7,13525;0;2,1545
30/10/24;17:30:00;2,1445;2,763;1,701583333;4,464583333;0;2,1445
30/10/24;17:45:00;2,1065;3,052;0,884416667;3,936416667;0;2,1065
30/10/24;18:00:00;1,8875;0,917;0,437583333;1,354583333;0;1,8875
30/10/24;18:15:00;2,2005;1,709;0,100166667;1,809166667;3,9095;-1,709
30/10/24;18:30:00;2,5755;0,797;0,001583333;0,798583333;3,9205;-1,345
30/10/24;18:45:00;1,872;0,6945;0;0,6945;2,5665;-0,6945
30/10/24;19:00:00;1,916;0,216;0;0,216;2,3125;-0,3965
30/10/24;19:15:00;1,9935;0,0965;0;0,0965;2,09;-0,0965
30/10/24;19:30:00;2,1475;0;0;0;2,156;-0,0085
30/10/24;19:45:00;2,103;0;0;0;2,103;0
30/10/24;20:00:00;2,823;0;0;0;2,823;0
30/10/24;20:15:00;2,36;0;0;0;2,36;0
30/10/24;20:30:00;1,967;0;0;0;1,967;0
30/10/24;20:45:00;2,157;0;0;0;2,157;0
30/10/24;21:00:00;2,029;0;0;0;2,029;0
30/10/24;21:15:00;1,92;0;0;0;1,92;0
30/10/24;21:30:00;2,162;0;0;0;2,162;0
30/10/24;21:45:00;2,1325;0;0;0;2,1325;0
30/10/24;22:00:00;1,8965;0;0;0;1,8955;0,001
30/10/24;22:15:00;2,1695;0;0;0;2,1695;0
30/10/24;22:30:00;2,3175;0;0;0;2,3175;0
30/10/24;22:45:00;2,037;0;0;0;2,037;0
30/10/24;23:00:00;1,907;0;0;0;1,907;0
30/10/24;23:15:00;1,889;0;0;0;1,889;0
30/10/24;23:30:00;2,089;0;0;0;2,089;0
30/10/24;23:45:00;2,2985;0;0;0;2,2985;0
30/10/24;0:00:00;2,0405;0;0;0;2,0405;0
30/10/24;0:15:00;1,9575;0;0;0;1,9575;0
30/10/24;0:30:00;2,2645;0;0;0;2,2645;0
30/10/24;0:45:00;2,0075;0;0;0;2,0075;0
31/10/24;1:00:00;2,2005;0;0;0;2,2005;0
31/10/24;1:15:00;2,0165;0;0;0;2,0165;0
31/10/24;1:30:00;2,1575;0;0;0;2,1575;0
31/10/24;1:45:00;2,179;0;0;0;2,179;0
31/10/24;2:00:00;2,155;0;0;0;2,155;0
31/10/24;2:15:00;2,5055;0;0;0;2,5055;0
31/10/24;2:30:00;2,0735;0;0;0;2,0735;0
31/10/24;2:45:00;2,065;0;0;0;2,065;0
31/10/24;3:00:00;2,405;0;0;0;2,405;0
31/10/24;3:15:00;2,6995;0;0;0;2,6995;0
31/10/24;3:30:00;2,3575;0;0;0;2,3575;0
31/10/24;3:45:00;2,033;0;0;0;2,033;0
31/10/24;4:00:00;2,412;0;0;0;2,412;0
31/10/24;4:15:00;2,259;0;0;0;2,259;0
31/10/24;4:30:00;1,93;0;0;0;1,93;0
31/10/24;4:45:00;2,4795;0;0;0;2,4795;0
31/10/24;5:00:00;2,3385;0;0;0;2,3385;0
31/10/24;5:15:00;2,122;0;0;0;2,122;0
31/10/24;5:30:00;2,299;0;0;0;2,299;0
31/10/24;5:45:00;1,888;0;0;0;1,888;0
31/10/24;6:00:00;1,83;0;0;0;1,83;0
31/10/24;6:15:00;2,3695;0;0;0;2,3695;0
31/10/24;6:30:00;4,2295;0;0;0;4,2295;0
31/10/24;6:45:00;7,9135;0;0;0;7,9135;0
31/10/24;7:00:00;9,3625;0;0;0;9,3625;0
31/10/24;7:15:00;10,9055;0;0;0;10,9055;0
31/10/24;7:30:00;12,5695;0;0;0;12,5695;0
31/10/24;7:45:00;15,62;0;0;0;15,62;0
31/10/24;8:00:00;17,42;0;0,024416667;0,024416667;17,42;0
31/10/24;8:15:00;28,8765;0;0,247166667;0,247166667;28,8765;0
31/10/24;8:30:00;30,9745;0;0,682916667;0,682916667;30,9745;0
31/10/24;8:45:00;33,383;0;1,308333333;1,308333333;33,383;0
31/10/24;9:00:00;37,573;0,01;2,110333333;2,120333333;37,583;-0,01
31/10/24;9:15:00;33,378;0,1495;3,13425;3,28375;33,5275;-0,1495
31/10/24;9:30:00;38,384;0,297;4,297833333;4,594833333;38,7635;-0,3795
31/10/24;9:45:00;36,463;0,7575;5,224166667;5,981666667;37,2205;-0,7575
31/10/24;10:00:00;33,917;0,842;6,551333333;7,393333333;35,0705;-1,1535
31/10/24;10:15:00;32,6525;1,9715;7,890916667;9,862416667;34,624;-1,9715
31/10/24;10:30:00;31,9745;1,913;8,707666667;10,62066667;34,68;-2,7055
31/10/24;10:45:00;31,626;3,418;9,698916667;13,11691667;35,044;-3,418
31/10/24;11:00:00;29,905;2,964;10,53008333;13,49408333;34,107;-4,202
31/10/24;11:15:00;30,1505;5,342;11,28308333;16,62508333;35,4925;-5,342
31/10/24;11:30:00;33,4135;4,014;11,862;15,876;39,3175;-5,904
31/10/24;11:45:00;37,613;6,71;12,37716667;19,08716667;44,323;-6,71
31/10/24;12:00:00;36,601;4,959;12,47458333;17,43358333;43,913;-7,312
31/10/24;12:15:00;36,2185;7,8945;12,31533333;20,20983333;44,113;-7,8945
31/10/24;12:30:00;32,4605;5,577;12,89425;18,47125;40,744;-8,2835
31/10/24;12:45:00;29,824;8,7165;13,30283333;22,01933333;38,5405;-8,7165
31/10/24;13:00:00;29,945;5,946;13,2595;19,2055;38,8335;-8,8885
31/10/24;13:15:00;31,3425;8,713;13,29691667;22,00991667;40,0555;-8,713
31/10/24;13:30:00;31,1185;6,089;12,30841667;18,39741667;40,1635;-9,045
31/10/24;13:45:00;25,7095;9,376;13,33433333;22,71033333;35,0855;-9,376
31/10/24;14:00:00;11,0455;6,234;13,083;19,317;0;11,0455
31/10/24;14:15:00;8,328;9,3405;11,99908333;21,33958333;0;8,328
31/10/24;14:30:00;8,524;5,772;11,70341667;17,47541667;0;8,524
31/10/24;14:45:00;4,537;9,2725;11,10833333;20,38083333;0;4,537
31/10/24;15:00:00;2,37;6,156;9,27;15,426;0;2,37
31/10/24;15:15:00;1,7905;8,5845;8,035583333;16,62008333;0;1,7905
31/10/24;15:30:00;1,7335;5,384;4,617666667;10,00166667;0;1,7335
31/10/24;15:45:00;1,938;7,822;4,854416667;12,67641667;0;1,938
31/10/24;16:00:00;1,941;4,992;8,34675;13,33875;0;1,941
31/10/24;16:15:00;2,5615;4,711;7,783666667;12,49466667;0;2,5615
31/10/24;16:30:00;3,8775;2,207;7,119083333;9,326083333;0;3,8775
31/10/24;16:45:00;3,595;3,253;5,565;8,818;0;3,595
31/10/24;17:00:00;3,655;3,863;2,333;6,196;0;3,655
31/10/24;17:15:00;3,516;5,4335;1,5295;6,963;0;3,516
31/10/24;17:30:00;3,333;3,352;2,19425;5,54625;0;3,333
31/10/24;17:45:00;3,492;3,939;1,091916667;5,030916667;0;3,492
31/10/24;18:00:00;2,42;1,3;0,4745;1,7745;4,73;-2,31
31/10/24;18:15:00;1,5475;1,137;0,06525;1,20225;2,6845;-1,137
31/10/24;18:30:00;1,4945;1,041;0;1,041;0;1,4945
31/10/24;18:45:00;1,3145;0,8815;0;0,8815;2,196;-0,8815
31/10/24;19:00:00;1,3775;0,225;0;0,225;1,793;-0,4155
31/10/24;19:15:00;1,4885;0,0695;0;0,0695;1,558;-0,0695
31/10/24;19:30:00;1,5785;0;0;0;1,583;-0,0045
31/10/24;19:45:00;1,6455;0;0;0;1,6455;0
31/10/24;20:00:00;2,2705;0;0;0;2,2705;0
31/10/24;20:15:00;1,8375;0;0;0;1,8375;0
31/10/24;20:30:00;2,1745;0;0;0;2,1745;0
31/10/24;20:45:00;2,273;0;0;0;2,273;0
31/10/24;21:00:00;1,869;0;0;0;1,869;0
31/10/24;21:15:00;1,704;0;0;0;1,704;0
31/10/24;21:30:00;2,412;0;0;0;2,412;0
31/10/24;21:45:00;2,121;0;0;0;2,121;0
31/10/24;22:00:00;1,975;0;0;0;1,975;0
31/10/24;22:15:00;2,1405;0;0;0;2,1405;0
31/10/24;22:30:00;2,0345;0;0;0;2,0345;0
31/10/24;22:45:00;1,925;0;0;0;1,925;0
31/10/24;23:00:00;2,059;0;0;0;2,059;0
31/10/24;23:15:00;1,984;0;0;0;1,984;0
31/10/24;23:30:00;2,166;0;0;0;2,166;0
31/10/24;23:45:00;2,251;0;0;0;2,251;0
31/10/24;;27633,395;3811,398;4109,341583;7920,739583;;-1000,1295
31/10/24;;;7920,739583;;;;
31/10/24;;;;;;;
31/10/24;;;;;;;