"fecha";"EpR";"EmR";"EpS";"EmS";"EpT";"EmT";"EpRST";"EmRST";"Q1";"Q2";"Q3";"Q4";"EcR";"EcS";"EcT";"EcRST";"Einv_tot";"Inversor_4";"Inversor_5";
"01/11/2024 00:00";"0,341";"0,000";"0,461";"0,000";"0,572";"0,000";"1,374";"0,000";"0,000";"0,000";"0,000";"0,175";"0,341";"0,461";"0,572";"1,374";"0,000";"0,000";"0,000";
"01/11/2024 00:10";"0,412";"0,000";"0,460";"0,000";"0,617";"0,000";"1,489";"0,000";"0,000";"0,000";"0,000";"0,134";"0,412";"0,460";"0,617";"1,489";"0,000";"0,000";"0,000";
"01/11/2024 00:20";"0,431";"0,000";"0,362";"0,000";"0,530";"0,000";"1,323";"0,000";"0,000";"0,000";"0,000";"0,221";"0,431";"0,362";"0,530";"1,323";"0,000";"0,000";"0,000";
"01/11/2024 00:30";"0,245";"0,000";"0,390";"0,000";"0,545";"0,000";"1,180";"0,000";"0,000";"0,000";"0,000";"0,208";"0,245";"0,390";"0,545";"1,180";"0,000";"0,000";"0,000";
"01/11/2024 00:40";"0,243";"0,000";"0,350";"0,000";"0,524";"0,000";"1,118";"0,000";"0,000";"0,000";"0,000";"0,211";"0,243";"0,350";"0,524";"1,118";"0,000";"0,000";"0,000";
"01/11/2024 00:50";"0,435";"0,000";"0,437";"0,000";"0,607";"0,000";"1,479";"0,000";"0,000";"0,000";"0,000";"0,158";"0,435";"0,437";"0,607";"1,479";"0,000";"0,000";"0,000";
"01/11/2024 01:00";"0,780";"0,000";"0,453";"0,000";"0,583";"0,000";"1,817";"0,000";"0,000";"0,000";"0,000";"0,173";"0,780";"0,453";"0,583";"1,817";"0,000";"0,000";"0,000";
"01/11/2024 01:10";"0,320";"0,000";"0,454";"0,000";"0,596";"0,000";"1,370";"0,000";"0,004";"0,000";"0,000";"0,148";"0,320";"0,454";"0,596";"1,370";"0,000";"0,000";"0,000";
"01/11/2024 01:20";"0,250";"0,000";"0,355";"0,000";"0,545";"0,000";"1,150";"0,000";"0,000";"0,000";"0,000";"0,215";"0,250";"0,355";"0,545";"1,150";"0,000";"0,000";"0,000";
"01/11/2024 01:30";"0,277";"0,000";"0,440";"0,000";"0,564";"0,000";"1,281";"0,000";"0,005";"0,000";"0,000";"0,189";"0,277";"0,440";"0,564";"1,281";"0,000";"0,000";"0,000";
"01/11/2024 01:40";"0,406";"0,000";"0,434";"0,000";"0,605";"0,000";"1,444";"0,000";"0,000";"0,000";"0,000";"0,148";"0,406";"0,434";"0,605";"1,444";"0,000";"0,000";"0,000";
"01/11/2024 01:50";"0,516";"0,000";"0,469";"0,000";"0,595";"0,000";"1,580";"0,000";"0,000";"0,000";"0,000";"0,157";"0,516";"0,469";"0,595";"1,580";"0,000";"0,000";"0,000";
"01/11/2024 02:00";"0,425";"0,000";"0,481";"0,000";"0,637";"0,000";"1,542";"0,000";"0,000";"0,000";"0,000";"0,127";"0,425";"0,481";"0,637";"1,542";"0,000";"0,000";"0,000";
"01/11/2024 02:10";"0,466";"0,000";"0,362";"0,000";"0,532";"0,000";"1,361";"0,000";"0,000";"0,000";"0,000";"0,220";"0,466";"0,362";"0,532";"1,361";"0,000";"0,000";"0,000";
"01/11/2024 02:20";"0,239";"0,000";"0,389";"0,000";"0,534";"0,000";"1,162";"0,000";"0,000";"0,000";"0,000";"0,222";"0,239";"0,389";"0,534";"1,162";"0,000";"0,000";"0,000";
"01/11/2024 02:30";"0,288";"0,000";"0,386";"0,000";"0,574";"0,000";"1,248";"0,000";"0,000";"0,000";"0,000";"0,184";"0,288";"0,386";"0,574";"1,248";"0,000";"0,000";"0,000";
"01/11/2024 02:40";"0,442";"0,000";"0,511";"0,000";"0,701";"0,000";"1,654";"0,000";"0,002";"0,000";"0,000";"0,134";"0,442";"0,511";"0,701";"1,654";"0,000";"0,000";"0,000";
"01/11/2024 02:50";"0,577";"0,000";"0,341";"0,000";"0,531";"0,000";"1,448";"0,000";"0,000";"0,000";"0,000";"0,226";"0,577";"0,341";"0,531";"1,448";"0,000";"0,000";"0,000";
"01/11/2024 03:00";"0,429";"0,000";"0,369";"0,000";"0,529";"0,000";"1,327";"0,000";"0,000";"0,000";"0,000";"0,219";"0,429";"0,369";"0,529";"1,327";"0,000";"0,000";"0,000";
"01/11/2024 03:10";"0,359";"0,000";"0,509";"0,000";"0,636";"0,000";"1,504";"0,000";"0,003";"0,000";"0,000";"0,128";"0,359";"0,509";"0,636";"1,504";"0,000";"0,000";"0,000";
"01/11/2024 03:20";"0,271";"0,000";"0,373";"0,000";"0,546";"0,000";"1,190";"0,000";"0,000";"0,000";"0,000";"0,196";"0,271";"0,373";"0,546";"1,190";"0,000";"0,000";"0,000";
"01/11/2024 03:30";"0,346";"0,000";"0,487";"0,000";"0,622";"0,000";"1,455";"0,000";"0,000";"0,000";"0,000";"0,132";"0,346";"0,487";"0,622";"1,455";"0,000";"0,000";"0,000";
"01/11/2024 03:40";"0,255";"0,000";"0,374";"0,000";"0,532";"0,000";"1,160";"0,000";"0,000";"0,000";"0,000";"0,213";"0,255";"0,374";"0,532";"1,160";"0,000";"0,000";"0,000";
"01/11/2024 03:50";"0,252";"0,000";"0,341";"0,000";"0,532";"0,000";"1,126";"0,000";"0,000";"0,000";"0,000";"0,224";"0,252";"0,341";"0,532";"1,126";"0,000";"0,000";"0,000";
"01/11/2024 04:00";"0,357";"0,000";"0,485";"0,000";"0,603";"0,000";"1,445";"0,000";"0,000";"0,000";"0,000";"0,150";"0,357";"0,485";"0,603";"1,445";"0,000";"0,000";"0,000";
"01/11/2024 04:10";"0,753";"0,000";"0,496";"0,000";"0,574";"0,000";"1,823";"0,000";"0,000";"0,000";"0,000";"0,184";"0,753";"0,496";"0,574";"1,823";"0,000";"0,000";"0,000";
"01/11/2024 04:20";"0,240";"0,000";"0,346";"0,000";"0,542";"0,000";"1,128";"0,000";"0,000";"0,000";"0,000";"0,214";"0,240";"0,346";"0,542";"1,128";"0,000";"0,000";"0,000";
"01/11/2024 04:30";"0,291";"0,000";"0,408";"0,000";"0,583";"0,000";"1,282";"0,000";"0,000";"0,000";"0,000";"0,189";"0,291";"0,408";"0,583";"1,282";"0,000";"0,000";"0,000";
"01/11/2024 04:40";"0,452";"0,000";"0,493";"0,000";"0,628";"0,000";"1,572";"0,000";"0,001";"0,000";"0,000";"0,136";"0,452";"0,493";"0,628";"1,572";"0,000";"0,000";"0,000";
"01/11/2024 04:50";"0,453";"0,000";"0,448";"0,000";"0,617";"0,000";"1,518";"0,000";"0,000";"0,000";"0,000";"0,142";"0,453";"0,448";"0,617";"1,518";"0,000";"0,000";"0,000";
"01/11/2024 05:00";"0,284";"0,000";"0,392";"0,000";"0,570";"0,000";"1,246";"0,000";"0,000";"0,000";"0,000";"0,186";"0,284";"0,392";"0,570";"1,246";"0,000";"0,000";"0,000";
"01/11/2024 05:10";"0,250";"0,000";"0,385";"0,000";"0,553";"0,000";"1,188";"0,000";"0,000";"0,000";"0,000";"0,225";"0,250";"0,385";"0,553";"1,188";"0,000";"0,000";"0,000";
"01/11/2024 05:20";"0,512";"0,000";"0,413";"0,000";"0,579";"0,000";"1,504";"0,000";"0,000";"0,000";"0,000";"0,190";"0,512";"0,413";"0,579";"1,504";"0,000";"0,000";"0,000";
"01/11/2024 05:30";"0,643";"0,000";"0,529";"0,000";"0,640";"0,000";"1,812";"0,000";"0,000";"0,000";"0,000";"0,139";"0,643";"0,529";"0,640";"1,812";"0,000";"0,000";"0,000";
"01/11/2024 05:40";"0,513";"0,000";"0,479";"0,000";"0,606";"0,000";"1,599";"0,000";"0,000";"0,000";"0,000";"0,167";"0,513";"0,479";"0,606";"1,599";"0,000";"0,000";"0,000";
"01/11/2024 05:50";"0,277";"0,000";"0,362";"0,000";"0,576";"0,000";"1,215";"0,000";"0,000";"0,000";"0,000";"0,202";"0,277";"0,362";"0,576";"1,215";"0,000";"0,000";"0,000";
"01/11/2024 06:00";"0,251";"0,000";"0,387";"0,000";"0,552";"0,000";"1,191";"0,000";"0,000";"0,000";"0,000";"0,212";"0,251";"0,387";"0,552";"1,191";"0,000";"0,000";"0,000";
"01/11/2024 06:10";"0,287";"0,000";"0,404";"0,000";"0,561";"0,000";"1,252";"0,000";"0,000";"0,000";"0,000";"0,192";"0,287";"0,404";"0,561";"1,252";"0,000";"0,000";"0,000";
"01/11/2024 06:20";"0,815";"0,000";"0,623";"0,000";"0,646";"0,000";"2,084";"0,000";"0,000";"0,000";"0,000";"0,097";"0,815";"0,623";"0,646";"2,084";"0,000";"0,000";"0,000";
"01/11/2024 06:30";"0,693";"0,000";"0,549";"0,000";"0,609";"0,000";"1,851";"0,000";"0,006";"0,000";"0,000";"0,126";"0,693";"0,549";"0,609";"1,851";"0,000";"0,000";"0,000";
"01/11/2024 06:40";"0,681";"0,000";"0,471";"0,000";"0,631";"0,000";"1,783";"0,000";"0,000";"0,000";"0,000";"0,127";"0,681";"0,471";"0,631";"1,783";"0,000";"0,000";"0,000";
"01/11/2024 06:50";"0,350";"0,000";"0,354";"0,000";"0,596";"0,000";"1,300";"0,000";"0,000";"0,000";"0,000";"0,167";"0,350";"0,354";"0,596";"1,300";"0,000";"0,000";"0,000";
"01/11/2024 07:00";"0,344";"0,000";"0,372";"0,000";"0,533";"0,000";"1,248";"0,000";"0,000";"0,000";"0,000";"0,178";"0,344";"0,372";"0,533";"1,248";"0,000";"0,000";"0,000";
"01/11/2024 07:10";"0,387";"0,000";"0,487";"0,000";"0,618";"0,000";"1,492";"0,000";"0,000";"0,000";"0,000";"0,122";"0,387";"0,487";"0,618";"1,492";"0,000";"0,000";"0,000";
"01/11/2024 07:20";"0,306";"0,000";"0,402";"0,000";"0,580";"0,000";"1,288";"0,000";"0,000";"0,000";"0,000";"0,168";"0,306";"0,402";"0,580";"1,288";"0,000";"0,000";"0,000";
"01/11/2024 07:30";"0,356";"0,000";"0,506";"0,000";"0,622";"0,000";"1,484";"0,000";"0,000";"0,000";"0,000";"0,124";"0,356";"0,506";"0,622";"1,484";"0,000";"0,000";"0,000";
"01/11/2024 07:40";"0,251";"0,000";"0,364";"0,000";"0,523";"0,000";"1,138";"0,000";"0,000";"0,000";"0,000";"0,227";"0,251";"0,364";"0,523";"1,138";"0,000";"0,000";"0,000";
"01/11/2024 07:50";"0,250";"0,000";"0,344";"0,000";"0,523";"0,000";"1,117";"0,000";"0,000";"0,000";"0,000";"0,217";"0,250";"0,344";"0,523";"1,117";"0,000";"0,000";"0,000";
"01/11/2024 08:00";"0,305";"0,000";"0,469";"0,000";"0,584";"0,000";"1,358";"0,000";"0,007";"0,000";"0,000";"0,115";"0,305";"0,469";"0,584";"1,358";"0,000";"0,000";"0,000";
"01/11/2024 08:10";"0,739";"0,000";"0,342";"0,000";"0,477";"0,000";"1,559";"0,000";"0,001";"0,000";"0,000";"0,126";"0,741";"0,344";"0,479";"1,564";"0,005";"0,003";"0,002";
"01/11/2024 08:20";"0,477";"0,000";"0,319";"0,000";"0,509";"0,000";"1,305";"0,000";"0,008";"0,000";"0,000";"0,091";"0,495";"0,337";"0,527";"1,360";"0,055";"0,029";"0,026";
"01/11/2024 08:30";"0,229";"0,000";"0,353";"0,000";"0,502";"0,000";"1,085";"0,000";"0,020";"0,000";"0,000";"0,070";"0,266";"0,390";"0,539";"1,196";"0,111";"0,058";"0,053";
"01/11/2024 08:40";"0,379";"0,000";"0,250";"0,000";"0,424";"0,000";"1,053";"0,000";"0,000";"0,000";"0,000";"0,118";"0,438";"0,308";"0,483";"1,229";"0,176";"0,091";"0,085";
"01/11/2024 08:50";"0,189";"0,000";"0,277";"0,000";"0,490";"0,000";"0,956";"0,000";"0,010";"0,000";"0,000";"0,071";"0,288";"0,377";"0,589";"1,255";"0,299";"0,153";"0,146";
"01/11/2024 09:00";"0,415";"0,000";"0,313";"0,000";"0,466";"0,000";"1,194";"0,000";"0,001";"0,000";"0,000";"0,090";"0,556";"0,454";"0,607";"1,617";"0,423";"0,216";"0,207";
"01/11/2024 09:10";"0,222";"0,000";"0,325";"0,000";"0,517";"0,000";"1,064";"0,000";"0,021";"0,000";"0,000";"0,049";"0,390";"0,494";"0,686";"1,570";"0,506";"0,258";"0,248";
"01/11/2024 09:20";"0,124";"0,000";"0,230";"0,000";"0,419";"0,000";"0,772";"0,000";"0,000";"0,000";"0,000";"0,125";"0,288";"0,393";"0,583";"1,263";"0,491";"0,251";"0,240";
"01/11/2024 09:30";"0,119";"0,000";"0,218";"0,000";"0,416";"0,000";"0,753";"0,000";"0,000";"0,000";"0,000";"0,131";"0,280";"0,379";"0,577";"1,237";"0,484";"0,247";"0,237";
"01/11/2024 09:40";"0,175";"0,000";"0,291";"0,000";"0,474";"0,000";"0,940";"0,000";"0,015";"0,000";"0,000";"0,086";"0,354";"0,469";"0,652";"1,475";"0,535";"0,273";"0,262";
"01/11/2024 09:50";"0,610";"0,000";"0,372";"0,000";"0,462";"0,000";"1,444";"0,000";"0,000";"0,000";"0,000";"0,093";"0,794";"0,556";"0,646";"1,996";"0,552";"0,282";"0,270";
"01/11/2024 10:00";"0,209";"0,000";"0,299";"0,000";"0,502";"0,000";"1,011";"0,000";"0,012";"0,000";"0,000";"0,056";"0,494";"0,585";"0,788";"1,867";"0,856";"0,436";"0,420";
"01/11/2024 10:10";"0,115";"0,000";"0,245";"0,000";"0,410";"0,000";"0,770";"0,000";"0,000";"0,000";"0,000";"0,138";"0,561";"0,691";"0,857";"2,110";"1,340";"0,680";"0,660";
"01/11/2024 10:20";"0,122";"0,000";"0,207";"0,000";"0,415";"0,000";"0,744";"0,000";"0,000";"0,000";"0,000";"0,125";"0,706";"0,792";"0,999";"2,498";"1,754";"0,889";"0,865";
"01/11/2024 10:30";"0,182";"0,000";"0,286";"0,000";"0,467";"0,000";"0,935";"0,000";"0,010";"0,000";"0,000";"0,095";"0,742";"0,846";"1,027";"2,615";"1,680";"0,852";"0,828";
"01/11/2024 10:40";"0,668";"0,000";"0,313";"0,000";"0,467";"0,000";"1,448";"0,000";"0,004";"0,000";"0,000";"0,111";"1,217";"0,862";"1,017";"3,097";"1,649";"0,836";"0,813";
"01/11/2024 10:50";"0,256";"0,000";"0,192";"0,000";"0,458";"0,000";"0,906";"0,000";"0,000";"0,000";"0,000";"0,139";"0,857";"0,792";"1,059";"2,708";"1,802";"0,914";"0,888";
"01/11/2024 11:00";"0,105";"0,000";"0,261";"0,000";"0,424";"0,000";"0,790";"0,000";"0,001";"0,000";"0,000";"0,123";"0,980";"1,136";"1,299";"3,415";"2,625";"1,328";"1,297";
"01/11/2024 11:10";"0,227";"0,000";"0,322";"0,000";"0,527";"0,000";"1,076";"0,000";"0,008";"0,000";"0,000";"0,034";"1,271";"1,367";"1,571";"4,209";"3,133";"1,586";"1,547";
"01/11/2024 11:20";"0,125";"0,000";"0,220";"0,000";"0,430";"0,000";"0,776";"0,000";"0,000";"0,000";"0,000";"0,134";"1,423";"1,518";"1,728";"4,668";"3,892";"1,973";"1,919";
"01/11/2024 11:30";"0,188";"0,000";"0,226";"0,000";"0,404";"0,000";"0,819";"0,000";"0,000";"0,000";"0,000";"0,135";"2,350";"2,388";"2,566";"7,305";"6,486";"3,288";"3,198";
"01/11/2024 11:40";"0,439";"0,000";"0,287";"0,000";"0,221";"0,000";"0,947";"0,000";"0,018";"0,000";"0,000";"0,114";"2,488";"2,336";"2,270";"7,093";"6,146";"3,116";"3,030";
"01/11/2024 11:50";"0,401";"0,000";"0,295";"0,000";"0,195";"0,000";"0,892";"0,000";"0,000";"0,000";"0,000";"0,142";"2,558";"2,452";"2,351";"7,361";"6,469";"3,271";"3,198";
"01/11/2024 12:00";"0,103";"0,000";"0,198";"0,000";"0,145";"0,000";"0,446";"0,000";"0,002";"0,000";"0,000";"0,110";"1,980";"2,075";"2,022";"6,076";"5,630";"2,853";"2,777";
"01/11/2024 12:10";"0,116";"0,000";"0,209";"0,000";"0,152";"0,000";"0,477";"0,000";"0,000";"0,000";"0,000";"0,101";"1,330";"1,422";"1,365";"4,117";"3,640";"1,846";"1,794";
"01/11/2024 12:20";"0,222";"0,000";"0,356";"0,000";"0,247";"0,000";"0,825";"0,000";"0,022";"0,000";"0,000";"0,140";"1,611";"1,744";"1,636";"4,990";"4,165";"2,108";"2,057";
"01/11/2024 12:30";"0,156";"0,000";"0,287";"0,000";"0,192";"0,000";"0,635";"0,000";"0,011";"0,000";"0,000";"0,080";"1,484";"1,615";"1,519";"4,618";"3,983";"2,013";"1,970";
"01/11/2024 12:40";"0,141";"0,000";"0,231";"0,000";"0,181";"0,000";"0,553";"0,000";"0,001";"0,000";"0,000";"0,119";"2,167";"2,257";"2,207";"6,631";"6,078";"3,067";"3,011";
"01/11/2024 12:50";"0,103";"0,000";"0,232";"0,000";"0,148";"0,000";"0,483";"0,000";"0,001";"0,000";"0,000";"0,105";"2,334";"2,464";"2,380";"7,178";"6,695";"3,379";"3,316";
"01/11/2024 13:00";"0,104";"0,000";"0,224";"0,000";"0,144";"0,000";"0,472";"0,000";"0,001";"0,000";"0,000";"0,102";"2,067";"2,187";"2,106";"6,360";"5,888";"2,983";"2,905";
"01/11/2024 13:10";"0,228";"0,000";"0,325";"0,000";"0,254";"0,000";"0,807";"0,000";"0,005";"0,000";"0,000";"0,078";"1,881";"1,978";"1,908";"5,767";"4,960";"2,514";"2,446";
"01/11/2024 13:20";"0,108";"0,000";"0,231";"0,000";"0,146";"0,000";"0,486";"0,000";"0,001";"0,000";"0,000";"0,102";"1,460";"1,583";"1,498";"4,542";"4,056";"2,052";"2,004";
"01/11/2024 13:30";"0,102";"0,000";"0,230";"0,000";"0,144";"0,000";"0,476";"0,000";"0,000";"0,000";"0,000";"0,109";"1,530";"1,657";"1,571";"4,759";"4,283";"2,168";"2,115";
"01/11/2024 13:40";"0,183";"0,000";"0,273";"0,000";"0,215";"0,000";"0,671";"0,000";"0,017";"0,000";"0,000";"0,120";"1,260";"1,350";"1,292";"3,902";"3,231";"1,640";"1,591";
"01/11/2024 13:50";"0,153";"0,000";"0,273";"0,000";"0,196";"0,000";"0,622";"0,000";"0,005";"0,000";"0,000";"0,128";"0,867";"0,987";"0,910";"2,764";"2,142";"1,088";"1,054";
"01/11/2024 14:00";"0,154";"0,000";"0,303";"0,000";"0,190";"0,000";"0,648";"0,000";"0,002";"0,000";"0,000";"0,119";"0,855";"1,003";"0,891";"2,749";"2,101";"1,069";"1,032";
"01/11/2024 14:10";"0,123";"0,000";"0,203";"0,000";"0,155";"0,000";"0,482";"0,000";"0,005";"0,000";"0,000";"0,098";"0,915";"0,995";"0,947";"2,858";"2,376";"1,209";"1,167";
"01/11/2024 14:20";"0,229";"0,000";"0,344";"0,000";"0,258";"0,000";"0,832";"0,000";"0,002";"0,000";"0,000";"0,143";"1,442";"1,557";"1,471";"4,471";"3,639";"1,854";"1,785";
"01/11/2024 14:30";"0,104";"0,000";"0,243";"0,000";"0,145";"0,000";"0,491";"0,000";"0,002";"0,000";"0,000";"0,095";"1,761";"1,900";"1,803";"5,464";"4,973";"2,527";"2,446";
"01/11/2024 14:40";"0,103";"0,000";"0,210";"0,000";"0,145";"0,000";"0,458";"0,000";"0,005";"0,000";"0,000";"0,080";"1,592";"1,699";"1,634";"4,925";"4,467";"2,266";"2,201";
"01/11/2024 14:50";"0,212";"0,000";"0,337";"0,000";"0,243";"0,000";"0,792";"0,000";"0,005";"0,000";"0,000";"0,103";"1,748";"1,873";"1,779";"5,400";"4,608";"2,341";"2,267";
"01/11/2024 15:00";"0,118";"0,000";"0,243";"0,000";"0,159";"0,000";"0,519";"0,000";"0,003";"0,000";"0,000";"0,106";"1,723";"1,848";"1,764";"5,335";"4,816";"2,445";"2,371";
"01/11/2024 15:10";"0,207";"0,000";"0,197";"0,000";"0,262";"0,000";"0,666";"0,000";"0,000";"0,000";"0,000";"0,103";"1,797";"1,787";"1,852";"5,435";"4,769";"2,432";"2,337";
"01/11/2024 15:20";"0,361";"0,000";"0,231";"0,000";"0,406";"0,000";"0,998";"0,000";"0,000";"0,000";"0,000";"0,125";"1,719";"1,589";"1,763";"5,071";"4,073";"2,078";"1,995";
"01/11/2024 15:30";"0,176";"0,000";"0,225";"0,000";"0,430";"0,000";"0,831";"0,000";"0,000";"0,000";"0,000";"0,132";"1,844";"1,892";"2,098";"5,833";"5,002";"2,551";"2,451";
"01/11/2024 15:40";"0,198";"0,000";"0,303";"0,000";"0,484";"0,000";"0,985";"0,000";"0,002";"0,000";"0,000";"0,103";"1,676";"1,781";"1,962";"5,419";"4,434";"2,261";"2,173";
"01/11/2024 15:50";"0,132";"0,000";"0,258";"0,000";"0,422";"0,000";"0,811";"0,000";"0,001";"0,000";"0,000";"0,127";"1,303";"1,430";"1,593";"4,326";"3,515";"1,790";"1,725";
"01/11/2024 16:00";"0,109";"0,000";"0,241";"0,000";"0,402";"0,000";"0,752";"0,000";"0,000";"0,000";"0,000";"0,110";"1,169";"1,300";"1,461";"3,931";"3,179";"1,623";"1,556";
"01/11/2024 16:10";"0,124";"0,000";"0,199";"0,000";"0,416";"0,000";"0,739";"0,000";"0,000";"0,000";"0,000";"0,113";"1,251";"1,327";"1,543";"4,121";"3,382";"1,726";"1,656";
"01/11/2024 16:20";"0,211";"0,000";"0,347";"0,000";"0,497";"0,000";"1,055";"0,000";"0,000";"0,000";"0,000";"0,147";"1,237";"1,373";"1,523";"4,133";"3,078";"1,571";"1,507";
"01/11/2024 16:30";"0,103";"0,000";"0,231";"0,000";"0,396";"0,000";"0,730";"0,000";"0,000";"0,000";"0,000";"0,111";"0,480";"0,608";"0,772";"1,860";"1,130";"0,578";"0,552";
"01/11/2024 16:40";"0,104";"0,000";"0,209";"0,000";"0,394";"0,000";"0,707";"0,000";"0,000";"0,000";"0,000";"0,115";"0,476";"0,582";"0,766";"1,824";"1,117";"0,572";"0,545";
"01/11/2024 16:50";"0,138";"0,000";"0,281";"0,000";"0,429";"0,000";"0,848";"0,000";"0,006";"0,000";"0,000";"0,102";"0,538";"0,681";"0,829";"2,048";"1,200";"0,613";"0,587";
"01/11/2024 17:00";"0,177";"0,000";"0,274";"0,000";"0,460";"0,000";"0,911";"0,000";"0,009";"0,000";"0,000";"0,094";"0,937";"1,034";"1,219";"3,190";"2,279";"1,168";"1,111";
"01/11/2024 17:10";"0,233";"0,000";"0,357";"0,000";"0,509";"0,000";"1,099";"0,000";"0,000";"0,000";"0,000";"0,141";"0,837";"0,961";"1,113";"2,911";"1,812";"0,931";"0,881";
"01/11/2024 17:20";"0,103";"0,000";"0,235";"0,000";"0,394";"0,000";"0,732";"0,000";"0,000";"0,000";"0,000";"0,129";"0,474";"0,606";"0,765";"1,845";"1,113";"0,579";"0,534";
"01/11/2024 17:30";"0,102";"0,000";"0,182";"0,000";"0,372";"0,000";"0,657";"0,000";"0,000";"0,000";"0,000";"0,129";"0,345";"0,425";"0,615";"1,385";"0,728";"0,380";"0,348";
"01/11/2024 17:40";"0,136";"0,000";"0,285";"0,000";"0,175";"0,000";"0,596";"0,000";"0,002";"0,000";"0,000";"0,112";"0,298";"0,447";"0,337";"1,082";"0,486";"0,253";"0,233";
"01/11/2024 17:50";"0,107";"0,000";"0,215";"0,000";"0,145";"0,000";"0,468";"0,000";"0,001";"0,000";"0,000";"0,100";"0,204";"0,312";"0,242";"0,758";"0,290";"0,150";"0,140";
"01/11/2024 18:00";"0,212";"0,000";"0,315";"0,000";"0,239";"0,000";"0,766";"0,000";"0,009";"0,000";"0,000";"0,029";"0,262";"0,365";"0,290";"0,917";"0,151";"0,080";"0,071";
"01/11/2024 18:10";"0,152";"0,000";"0,291";"0,000";"0,191";"0,000";"0,634";"0,000";"0,019";"0,000";"0,000";"0,084";"0,173";"0,312";"0,212";"0,698";"0,064";"0,034";"0,030";
"01/11/2024 18:20";"0,102";"0,000";"0,194";"0,000";"0,146";"0,000";"0,442";"0,000";"0,000";"0,000";"0,000";"0,100";"0,106";"0,198";"0,150";"0,454";"0,012";"0,007";"0,005";
"01/11/2024 18:30";"0,151";"0,000";"0,278";"0,000";"0,186";"0,000";"0,616";"0,000";"0,002";"0,000";"0,000";"0,066";"0,151";"0,278";"0,186";"0,616";"0,000";"0,000";"0,000";
"01/11/2024 18:40";"0,388";"0,000";"0,355";"0,000";"0,247";"0,000";"0,990";"0,000";"0,002";"0,000";"0,000";"0,046";"0,388";"0,355";"0,247";"0,990";"0,000";"0,000";"0,000";
"01/11/2024 18:50";"0,525";"0,000";"0,313";"0,000";"0,232";"0,000";"1,070";"0,000";"0,000";"0,000";"0,000";"0,178";"0,525";"0,313";"0,232";"1,070";"0,000";"0,000";"0,000";
"01/11/2024 19:00";"0,348";"0,000";"0,384";"0,000";"0,257";"0,000";"0,990";"0,000";"0,000";"0,000";"0,000";"0,192";"0,348";"0,384";"0,257";"0,990";"0,000";"0,000";"0,000";
"01/11/2024 19:10";"0,239";"0,000";"0,390";"0,000";"0,256";"0,000";"0,884";"0,000";"0,000";"0,000";"0,000";"0,178";"0,239";"0,390";"0,256";"0,884";"0,000";"0,000";"0,000";
"01/11/2024 19:20";"0,274";"0,000";"0,376";"0,000";"0,285";"0,000";"0,935";"0,000";"0,000";"0,000";"0,000";"0,173";"0,274";"0,376";"0,285";"0,935";"0,000";"0,000";"0,000";
"01/11/2024 19:30";"0,357";"0,000";"0,499";"0,000";"0,361";"0,000";"1,218";"0,000";"0,001";"0,000";"0,000";"0,104";"0,357";"0,499";"0,361";"1,218";"0,000";"0,000";"0,000";
"01/11/2024 19:40";"0,761";"0,000";"0,386";"0,000";"0,259";"0,000";"1,406";"0,000";"0,000";"0,000";"0,000";"0,197";"0,761";"0,386";"0,259";"1,406";"0,000";"0,000";"0,000";
"01/11/2024 19:50";"0,339";"0,000";"0,359";"0,000";"0,257";"0,000";"0,956";"0,000";"0,000";"0,000";"0,000";"0,173";"0,339";"0,359";"0,257";"0,956";"0,000";"0,000";"0,000";
"01/11/2024 20:00";"0,330";"0,000";"0,364";"0,000";"0,257";"0,000";"0,951";"0,000";"0,000";"0,000";"0,000";"0,156";"0,330";"0,364";"0,257";"0,951";"0,000";"0,000";"0,000";
"01/11/2024 20:10";"0,531";"0,000";"0,414";"0,000";"0,275";"0,000";"1,220";"0,000";"0,000";"0,000";"0,000";"0,139";"0,531";"0,414";"0,275";"1,220";"0,000";"0,000";"0,000";
"01/11/2024 20:20";"0,456";"0,000";"0,462";"0,000";"0,359";"0,000";"1,278";"0,000";"0,002";"0,000";"0,000";"0,058";"0,456";"0,462";"0,359";"1,278";"0,000";"0,000";"0,000";
"01/11/2024 20:30";"0,621";"0,000";"0,404";"0,000";"0,274";"0,000";"1,299";"0,000";"0,000";"0,000";"0,000";"0,130";"0,621";"0,404";"0,274";"1,299";"0,000";"0,000";"0,000";
"01/11/2024 20:40";"0,347";"0,000";"0,384";"0,000";"0,255";"0,000";"0,986";"0,000";"0,000";"0,000";"0,000";"0,153";"0,347";"0,384";"0,255";"0,986";"0,000";"0,000";"0,000";
"01/11/2024 20:50";"0,342";"0,000";"0,435";"0,000";"0,330";"0,000";"1,106";"0,000";"0,000";"0,000";"0,000";"0,118";"0,342";"0,435";"0,330";"1,106";"0,000";"0,000";"0,000";
"01/11/2024 21:00";"0,551";"0,000";"0,451";"0,000";"0,304";"0,000";"1,306";"0,000";"0,000";"0,000";"0,000";"0,155";"0,551";"0,451";"0,304";"1,306";"0,000";"0,000";"0,000";
"01/11/2024 21:10";"0,239";"0,000";"0,364";"0,000";"0,256";"0,000";"0,858";"0,000";"0,000";"0,000";"0,000";"0,187";"0,239";"0,364";"0,256";"0,858";"0,000";"0,000";"0,000";
"01/11/2024 21:20";"0,274";"0,000";"0,403";"0,000";"0,493";"0,000";"1,170";"0,000";"0,000";"0,000";"0,000";"0,191";"0,274";"0,403";"0,493";"1,170";"0,000";"0,000";"0,000";
"01/11/2024 21:30";"0,435";"0,000";"0,487";"0,000";"0,702";"0,000";"1,623";"0,000";"0,000";"0,000";"0,000";"0,140";"0,435";"0,487";"0,702";"1,623";"0,000";"0,000";"0,000";
"01/11/2024 21:40";"0,417";"0,000";"0,352";"0,000";"0,509";"0,000";"1,278";"0,000";"0,000";"0,000";"0,000";"0,206";"0,417";"0,352";"0,509";"1,278";"0,000";"0,000";"0,000";
"01/11/2024 21:50";"0,239";"0,000";"0,418";"0,000";"0,531";"0,000";"1,188";"0,000";"0,000";"0,000";"0,000";"0,204";"0,239";"0,418";"0,531";"1,188";"0,000";"0,000";"0,000";
"01/11/2024 22:00";"0,421";"0,000";"0,457";"0,000";"0,627";"0,000";"1,504";"0,000";"0,000";"0,000";"0,000";"0,133";"0,421";"0,457";"0,627";"1,504";"0,000";"0,000";"0,000";
"01/11/2024 22:10";"0,797";"0,000";"0,406";"0,000";"0,659";"0,000";"1,862";"0,000";"0,000";"0,000";"0,000";"0,206";"0,797";"0,406";"0,659";"1,862";"0,000";"0,000";"0,000";
"01/11/2024 22:20";"0,385";"0,000";"0,384";"0,000";"0,529";"0,000";"1,299";"0,000";"0,000";"0,000";"0,000";"0,216";"0,385";"0,384";"0,529";"1,299";"0,000";"0,000";"0,000";
"01/11/2024 22:30";"0,296";"0,000";"0,404";"0,000";"0,572";"0,000";"1,272";"0,000";"0,000";"0,000";"0,000";"0,171";"0,296";"0,404";"0,572";"1,272";"0,000";"0,000";"0,000";
"01/11/2024 22:40";"0,368";"0,000";"0,515";"0,000";"0,640";"0,000";"1,524";"0,000";"0,000";"0,000";"0,000";"0,112";"0,368";"0,515";"0,640";"1,524";"0,000";"0,000";"0,000";
"01/11/2024 22:50";"0,383";"0,000";"0,456";"0,000";"0,602";"0,000";"1,441";"0,000";"0,002";"0,000";"0,000";"0,158";"0,383";"0,456";"0,602";"1,441";"0,000";"0,000";"0,000";
"01/11/2024 23:00";"0,538";"0,000";"0,393";"0,000";"0,583";"0,000";"1,515";"0,000";"0,000";"0,000";"0,000";"0,179";"0,538";"0,393";"0,583";"1,515";"0,000";"0,000";"0,000";
"01/11/2024 23:10";"0,240";"0,000";"0,412";"0,000";"0,533";"0,000";"1,185";"0,000";"0,000";"0,000";"0,000";"0,215";"0,240";"0,412";"0,533";"1,185";"0,000";"0,000";"0,000";
"01/11/2024 23:20";"0,275";"0,000";"0,389";"0,000";"0,559";"0,000";"1,223";"0,000";"0,000";"0,000";"0,000";"0,181";"0,275";"0,389";"0,559";"1,223";"0,000";"0,000";"0,000";
"01/11/2024 23:30";"0,355";"0,000";"0,494";"0,000";"0,623";"0,000";"1,471";"0,000";"0,000";"0,000";"0,000";"0,125";"0,355";"0,494";"0,623";"1,471";"0,000";"0,000";"0,000";
"01/11/2024 23:40";"0,310";"0,000";"0,443";"0,000";"0,580";"0,000";"1,333";"0,000";"0,000";"0,000";"0,000";"0,171";"0,310";"0,443";"0,580";"1,333";"0,000";"0,000";"0,000";
"01/11/2024 23:50";"0,531";"0,000";"0,419";"0,000";"0,601";"0,000";"1,552";"0,000";"0,000";"0,000";"0,000";"0,166";"0,531";"0,419";"0,601";"1,552";"0,000";"0,000";"0,000";
"02/11/2024 00:00";"0,415";"0,000";"0,470";"0,000";"0,604";"0,000";"1,489";"0,000";"0,000";"0,000";"0,000";"0,163";"0,415";"0,470";"0,604";"1,489";"0,000";"0,000";"0,000";
"02/11/2024 00:10";"0,577";"0,000";"0,399";"0,000";"0,548";"0,000";"1,524";"0,000";"0,000";"0,000";"0,000";"0,204";"0,577";"0,399";"0,548";"1,524";"0,000";"0,000";"0,000";
"02/11/2024 00:20";"0,382";"0,000";"0,469";"0,000";"0,649";"0,000";"1,500";"0,000";"0,001";"0,000";"0,000";"0,121";"0,382";"0,469";"0,649";"1,500";"0,000";"0,000";"0,000";
"02/11/2024 00:30";"0,548";"0,000";"0,438";"0,000";"0,591";"0,000";"1,577";"0,000";"0,000";"0,000";"0,000";"0,178";"0,548";"0,438";"0,591";"1,577";"0,000";"0,000";"0,000";
"02/11/2024 00:40";"0,546";"0,000";"0,461";"0,000";"0,589";"0,000";"1,597";"0,000";"0,000";"0,000";"0,000";"0,167";"0,546";"0,461";"0,589";"1,597";"0,000";"0,000";"0,000";
"02/11/2024 00:50";"0,241";"0,000";"0,351";"0,000";"0,537";"0,000";"1,129";"0,000";"0,000";"0,000";"0,000";"0,209";"0,241";"0,351";"0,537";"1,129";"0,000";"0,000";"0,000";
"02/11/2024 01:00";"0,243";"0,000";"0,382";"0,000";"0,551";"0,000";"1,176";"0,000";"0,000";"0,000";"0,000";"0,220";"0,243";"0,382";"0,551";"1,176";"0,000";"0,000";"0,000";
"02/11/2024 01:10";"0,360";"0,000";"0,498";"0,000";"0,654";"0,000";"1,513";"0,000";"0,000";"0,000";"0,000";"0,130";"0,360";"0,498";"0,654";"1,513";"0,000";"0,000";"0,000";
"02/11/2024 01:20";"0,296";"0,000";"0,401";"0,000";"0,593";"0,000";"1,290";"0,000";"0,000";"0,000";"0,000";"0,172";"0,296";"0,401";"0,593";"1,290";"0,000";"0,000";"0,000";
"02/11/2024 01:30";"0,465";"0,000";"0,508";"0,000";"0,645";"0,000";"1,618";"0,000";"0,000";"0,000";"0,000";"0,134";"0,465";"0,508";"0,645";"1,618";"0,000";"0,000";"0,000";
"02/11/2024 01:40";"0,569";"0,000";"0,425";"0,000";"0,607";"0,000";"1,602";"0,000";"0,001";"0,000";"0,000";"0,189";"0,569";"0,425";"0,607";"1,602";"0,000";"0,000";"0,000";
"02/11/2024 01:50";"0,464";"0,000";"0,456";"0,000";"0,644";"0,000";"1,564";"0,000";"0,000";"0,000";"0,000";"0,131";"0,464";"0,456";"0,644";"1,564";"0,000";"0,000";"0,000";
"02/11/2024 02:00";"0,251";"0,000";"0,383";"0,000";"0,545";"0,000";"1,178";"0,000";"0,000";"0,000";"0,000";"0,217";"0,251";"0,383";"0,545";"1,178";"0,000";"0,000";"0,000";
"02/11/2024 02:10";"0,265";"0,000";"0,396";"0,000";"0,617";"0,000";"1,278";"0,000";"0,000";"0,000";"0,000";"0,217";"0,265";"0,396";"0,617";"1,278";"0,000";"0,000";"0,000";
"02/11/2024 02:20";"0,358";"0,000";"0,462";"0,000";"0,668";"0,000";"1,489";"0,000";"0,000";"0,000";"0,000";"0,136";"0,358";"0,462";"0,668";"1,489";"0,000";"0,000";"0,000";
"02/11/2024 02:30";"0,810";"0,000";"0,491";"0,000";"0,571";"0,000";"1,872";"0,000";"0,000";"0,000";"0,000";"0,184";"0,810";"0,491";"0,571";"1,872";"0,000";"0,000";"0,000";
"02/11/2024 02:40";"0,796";"0,000";"0,613";"0,000";"0,561";"0,000";"1,971";"0,000";"0,000";"0,000";"0,000";"0,201";"0,796";"0,613";"0,561";"1,971";"0,000";"0,000";"0,000";
"02/11/2024 02:50";"0,349";"0,000";"0,428";"0,000";"0,601";"0,000";"1,378";"0,000";"0,000";"0,000";"0,000";"0,163";"0,349";"0,428";"0,601";"1,378";"0,000";"0,000";"0,000";
"02/11/2024 03:00";"0,285";"0,000";"0,411";"0,000";"0,575";"0,000";"1,271";"0,000";"0,000";"0,000";"0,000";"0,189";"0,285";"0,411";"0,575";"1,271";"0,000";"0,000";"0,000";
"02/11/2024 03:10";"0,251";"0,000";"0,394";"0,000";"0,542";"0,000";"1,187";"0,000";"0,000";"0,000";"0,000";"0,215";"0,251";"0,394";"0,542";"1,187";"0,000";"0,000";"0,000";
"02/11/2024 03:20";"0,284";"0,000";"0,379";"0,000";"0,550";"0,000";"1,213";"0,000";"0,000";"0,000";"0,000";"0,204";"0,284";"0,379";"0,550";"1,213";"0,000";"0,000";"0,000";
"02/11/2024 03:30";"0,657";"0,000";"0,473";"0,000";"0,626";"0,000";"1,756";"0,000";"0,000";"0,000";"0,000";"0,139";"0,657";"0,473";"0,626";"1,756";"0,000";"0,000";"0,000";
"02/11/2024 03:40";"0,485";"0,000";"0,556";"0,000";"0,613";"0,000";"1,655";"0,000";"0,000";"0,000";"0,000";"0,154";"0,485";"0,556";"0,613";"1,655";"0,000";"0,000";"0,000";
"02/11/2024 03:50";"0,291";"0,000";"0,393";"0,000";"0,568";"0,000";"1,252";"0,000";"0,000";"0,000";"0,000";"0,197";"0,291";"0,393";"0,568";"1,252";"0,000";"0,000";"0,000";
"02/11/2024 04:00";"0,343";"0,000";"0,452";"0,000";"0,625";"0,000";"1,420";"0,000";"0,000";"0,000";"0,000";"0,146";"0,343";"0,452";"0,625";"1,420";"0,000";"0,000";"0,000";
"02/11/2024 04:10";"0,296";"0,000";"0,443";"0,000";"0,585";"0,000";"1,324";"0,000";"0,001";"0,000";"0,000";"0,179";"0,296";"0,443";"0,585";"1,324";"0,000";"0,000";"0,000";
"02/11/2024 04:20";"0,357";"0,000";"0,493";"0,000";"0,651";"0,000";"1,500";"0,000";"0,000";"0,000";"0,000";"0,125";"0,357";"0,493";"0,651";"1,500";"0,000";"0,000";"0,000";
"02/11/2024 04:30";"0,318";"0,000";"0,416";"0,000";"0,603";"0,000";"1,336";"0,000";"0,000";"0,000";"0,000";"0,222";"0,318";"0,416";"0,603";"1,336";"0,000";"0,000";"0,000";
"02/11/2024 04:40";"0,539";"0,000";"0,478";"0,000";"0,605";"0,000";"1,622";"0,000";"0,000";"0,000";"0,000";"0,160";"0,539";"0,478";"0,605";"1,622";"0,000";"0,000";"0,000";
"02/11/2024 04:50";"0,346";"0,000";"0,449";"0,000";"0,622";"0,000";"1,417";"0,000";"0,002";"0,000";"0,000";"0,143";"0,346";"0,449";"0,622";"1,417";"0,000";"0,000";"0,000";
"02/11/2024 05:00";"0,563";"0,000";"0,465";"0,000";"0,638";"0,000";"1,666";"0,000";"0,000";"0,000";"0,000";"0,219";"0,563";"0,465";"0,638";"1,666";"0,000";"0,000";"0,000";
"02/11/2024 05:10";"0,699";"0,000";"0,528";"0,000";"0,667";"0,000";"1,894";"0,000";"0,000";"0,000";"0,000";"0,289";"0,699";"0,528";"0,667";"1,894";"0,000";"0,000";"0,000";
"02/11/2024 05:20";"0,440";"0,000";"0,463";"0,000";"0,651";"0,000";"1,554";"0,000";"0,001";"0,000";"0,000";"0,210";"0,440";"0,463";"0,651";"1,554";"0,000";"0,000";"0,000";
"02/11/2024 05:30";"0,610";"0,000";"0,423";"0,000";"0,614";"0,000";"1,647";"0,000";"0,000";"0,000";"0,000";"0,267";"0,610";"0,423";"0,614";"1,647";"0,000";"0,000";"0,000";
"02/11/2024 05:40";"0,317";"0,000";"0,476";"0,000";"0,624";"0,000";"1,417";"0,000";"0,000";"0,000";"0,000";"0,158";"0,317";"0,476";"0,624";"1,417";"0,000";"0,000";"0,000";
"02/11/2024 05:50";"0,297";"0,000";"0,401";"0,000";"0,607";"0,000";"1,305";"0,000";"0,001";"0,000";"0,000";"0,176";"0,297";"0,401";"0,607";"1,305";"0,000";"0,000";"0,000";
"02/11/2024 06:00";"0,346";"0,000";"0,461";"0,000";"0,647";"0,000";"1,454";"0,000";"0,001";"0,000";"0,000";"0,145";"0,346";"0,461";"0,647";"1,454";"0,000";"0,000";"0,000";
"02/11/2024 06:10";"0,275";"0,000";"0,425";"0,000";"0,645";"0,000";"1,345";"0,000";"0,000";"0,000";"0,000";"0,188";"0,275";"0,425";"0,645";"1,345";"0,000";"0,000";"0,000";
"02/11/2024 06:20";"0,351";"0,000";"0,477";"0,000";"0,661";"0,000";"1,488";"0,000";"0,001";"0,000";"0,000";"0,125";"0,351";"0,477";"0,661";"1,488";"0,000";"0,000";"0,000";
"02/11/2024 06:30";"0,299";"0,000";"0,395";"0,000";"0,571";"0,000";"1,265";"0,000";"0,000";"0,000";"0,000";"0,191";"0,299";"0,395";"0,571";"1,265";"0,000";"0,000";"0,000";
"02/11/2024 06:40";"0,342";"0,000";"0,476";"0,000";"0,620";"0,000";"1,438";"0,000";"0,000";"0,000";"0,000";"0,136";"0,342";"0,476";"0,620";"1,438";"0,000";"0,000";"0,000";
"02/11/2024 06:50";"0,330";"0,000";"0,476";"0,000";"0,614";"0,000";"1,420";"0,000";"0,001";"0,000";"0,000";"0,155";"0,330";"0,476";"0,614";"1,420";"0,000";"0,000";"0,000";
"02/11/2024 07:00";"0,495";"0,000";"0,418";"0,000";"0,615";"0,000";"1,527";"0,000";"0,000";"0,000";"0,000";"0,174";"0,495";"0,418";"0,615";"1,527";"0,000";"0,000";"0,000";
"02/11/2024 07:10";"0,378";"0,000";"0,523";"0,000";"0,660";"0,000";"1,561";"0,000";"0,000";"0,000";"0,000";"0,178";"0,378";"0,523";"0,660";"1,561";"0,000";"0,000";"0,000";
"02/11/2024 07:20";"0,570";"0,000";"0,449";"0,000";"0,596";"0,000";"1,615";"0,000";"0,000";"0,000";"0,000";"0,244";"0,570";"0,449";"0,596";"1,615";"0,000";"0,000";"0,000";
"02/11/2024 07:30";"0,511";"0,000";"0,422";"0,000";"0,615";"0,000";"1,548";"0,000";"0,000";"0,000";"0,000";"0,170";"0,511";"0,422";"0,615";"1,548";"0,000";"0,000";"0,000";
"02/11/2024 07:40";"0,406";"0,000";"0,481";"0,000";"0,598";"0,000";"1,485";"0,000";"0,000";"0,000";"0,000";"0,164";"0,406";"0,481";"0,598";"1,485";"0,000";"0,000";"0,000";
"02/11/2024 07:50";"0,296";"0,000";"0,393";"0,000";"0,576";"0,000";"1,265";"0,000";"0,001";"0,000";"0,000";"0,173";"0,296";"0,393";"0,576";"1,265";"0,000";"0,000";"0,000";
"02/11/2024 08:00";"0,232";"0,000";"0,362";"0,000";"0,529";"0,000";"1,123";"0,000";"0,005";"0,000";"0,000";"0,074";"0,233";"0,363";"0,529";"1,125";"0,002";"0,001";"0,001";
"02/11/2024 08:10";"0,169";"0,000";"0,299";"0,000";"0,476";"0,000";"0,944";"0,000";"0,001";"0,000";"0,000";"0,103";"0,183";"0,313";"0,490";"0,986";"0,042";"0,023";"0,019";
"02/11/2024 08:20";"0,224";"0,000";"0,313";"0,000";"0,535";"0,000";"1,072";"0,000";"0,012";"0,000";"0,000";"0,055";"0,263";"0,352";"0,574";"1,189";"0,117";"0,066";"0,051";
"02/11/2024 08:30";"0,452";"0,000";"0,332";"0,000";"0,491";"0,000";"1,274";"0,000";"0,013";"0,000";"0,000";"0,090";"0,533";"0,413";"0,572";"1,517";"0,243";"0,149";"0,094";
"02/11/2024 08:40";"0,459";"0,000";"0,305";"0,000";"0,514";"0,000";"1,278";"0,000";"0,001";"0,000";"0,000";"0,061";"0,588";"0,434";"0,643";"1,665";"0,387";"0,249";"0,138";
"02/11/2024 08:50";"0,326";"0,000";"0,253";"0,000";"0,479";"0,000";"1,057";"0,000";"0,000";"0,000";"0,000";"0,109";"0,525";"0,452";"0,678";"1,654";"0,597";"0,396";"0,201";
"02/11/2024 09:00";"0,198";"0,000";"0,341";"0,000";"0,508";"0,000";"1,046";"0,000";"0,005";"0,000";"0,000";"0,069";"0,480";"0,623";"0,791";"1,893";"0,847";"0,546";"0,301";
"02/11/2024 09:10";"0,187";"0,000";"0,272";"0,000";"0,490";"0,000";"0,949";"0,000";"0,003";"0,000";"0,000";"0,078";"0,598";"0,683";"0,901";"2,182";"1,233";"0,715";"0,518";
"02/11/2024 09:20";"0,326";"0,000";"0,345";"0,000";"0,521";"0,000";"1,193";"0,000";"0,027";"0,000";"0,000";"0,012";"0,883";"0,902";"1,078";"2,863";"1,670";"0,930";"0,740";
"02/11/2024 09:30";"0,523";"0,000";"0,330";"0,000";"0,495";"0,000";"1,348";"0,000";"0,000";"0,000";"0,000";"0,123";"1,191";"0,998";"1,162";"3,351";"2,003";"1,113";"0,890";
"02/11/2024 09:40";"0,309";"0,000";"0,268";"0,000";"0,480";"0,000";"1,057";"0,000";"0,031";"0,000";"0,000";"0,069";"1,075";"1,035";"1,246";"3,356";"2,299";"1,276";"1,023";
"02/11/2024 09:50";"0,268";"0,000";"0,270";"0,000";"0,453";"0,000";"0,991";"0,000";"0,014";"0,000";"0,000";"0,058";"1,132";"1,134";"1,317";"3,583";"2,592";"1,437";"1,155";
"02/11/2024 10:00";"0,302";"0,000";"0,340";"0,000";"0,503";"0,000";"1,146";"0,000";"0,028";"0,000";"0,000";"0,037";"1,277";"1,316";"1,479";"4,072";"2,926";"1,599";"1,327";
"02/11/2024 10:10";"0,137";"0,000";"0,211";"0,000";"0,449";"0,000";"0,797";"0,000";"0,004";"0,000";"0,000";"0,123";"1,292";"1,366";"1,604";"4,262";"3,465";"1,785";"1,680";
"02/11/2024 10:20";"0,261";"0,000";"0,366";"0,000";"0,593";"0,000";"1,220";"0,000";"0,017";"0,000";"0,000";"0,047";"1,562";"1,667";"1,894";"5,123";"3,903";"1,963";"1,940";
"02/11/2024 10:30";"0,370";"0,000";"0,276";"0,000";"0,477";"0,000";"1,122";"0,000";"0,010";"0,000";"0,000";"0,102";"1,771";"1,677";"1,878";"5,326";"4,204";"2,111";"2,093";
"02/11/2024 10:40";"0,153";"0,000";"0,221";"0,000";"0,468";"0,000";"0,842";"0,000";"0,007";"0,000";"0,000";"0,113";"1,652";"1,719";"1,966";"5,337";"4,495";"2,258";"2,237";
"02/11/2024 10:50";"0,200";"0,000";"0,337";"0,000";"0,500";"0,000";"1,037";"0,000";"0,000";"0,000";"0,000";"0,054";"1,809";"1,946";"2,109";"5,864";"4,827";"2,439";"2,388";
"02/11/2024 11:00";"0,391";"0,000";"0,248";"0,000";"0,447";"0,000";"1,086";"0,000";"0,003";"0,000";"0,000";"0,107";"2,089";"1,945";"2,144";"6,178";"5,092";"2,571";"2,521";
"02/11/2024 11:10";"0,468";"0,000";"0,255";"0,000";"0,487";"0,000";"1,210";"0,000";"0,013";"0,000";"0,000";"0,094";"2,238";"2,025";"2,257";"6,520";"5,310";"2,680";"2,630";
"02/11/2024 11:20";"0,150";"0,000";"0,289";"0,000";"0,465";"0,000";"0,905";"0,000";"0,000";"0,000";"0,000";"0,092";"1,987";"2,126";"2,302";"6,416";"5,511";"2,780";"2,731";
"02/11/2024 11:30";"0,302";"0,000";"0,325";"0,000";"0,525";"0,000";"1,153";"0,000";"0,032";"0,000";"0,000";"0,061";"2,192";"2,215";"2,415";"6,822";"5,669";"2,859";"2,810";
"02/11/2024 11:40";"0,626";"0,000";"0,192";"0,000";"0,411";"0,000";"1,229";"0,000";"0,000";"0,000";"0,000";"0,142";"2,561";"2,126";"2,345";"7,032";"5,803";"2,927";"2,876";
"02/11/2024 11:50";"0,225";"0,000";"0,237";"0,000";"0,414";"0,000";"0,876";"0,000";"0,000";"0,000";"0,000";"0,130";"2,199";"2,211";"2,387";"6,797";"5,921";"2,986";"2,935";
"02/11/2024 12:00";"0,388";"0,000";"0,313";"0,000";"0,495";"0,000";"1,197";"0,000";"0,010";"0,000";"0,000";"0,119";"2,400";"2,324";"2,507";"7,231";"6,034";"3,040";"2,994";
"02/11/2024 12:10";"0,227";"0,000";"0,224";"0,000";"0,432";"0,000";"0,883";"0,000";"0,007";"0,000";"0,000";"0,110";"2,266";"2,263";"2,472";"7,001";"6,118";"3,082";"3,036";
"02/11/2024 12:20";"0,373";"0,000";"0,278";"0,000";"0,432";"0,000";"1,084";"0,000";"0,001";"0,000";"0,000";"0,122";"2,440";"2,345";"2,499";"7,284";"6,200";"3,122";"3,078";
"02/11/2024 12:30";"0,104";"0,000";"0,202";"0,000";"0,402";"0,000";"0,708";"0,000";"0,000";"0,000";"0,000";"0,122";"2,191";"2,290";"2,490";"6,971";"6,263";"3,153";"3,110";
"02/11/2024 12:40";"0,104";"0,000";"0,206";"0,000";"0,405";"0,000";"0,715";"0,000";"0,000";"0,000";"0,000";"0,120";"2,198";"2,300";"2,499";"6,996";"6,281";"3,161";"3,120";
"02/11/2024 12:50";"0,231";"0,000";"0,369";"0,000";"0,513";"0,000";"1,114";"0,000";"0,017";"0,000";"0,000";"0,156";"2,321";"2,459";"2,602";"7,382";"6,268";"3,158";"3,110";
"02/11/2024 13:00";"0,215";"0,000";"0,235";"0,000";"0,432";"0,000";"0,881";"0,000";"0,000";"0,000";"0,000";"0,154";"2,294";"2,314";"2,511";"7,119";"6,238";"3,160";"3,078";
"02/11/2024 13:10";"0,361";"0,000";"0,199";"0,000";"0,399";"0,000";"0,959";"0,000";"0,000";"0,000";"0,000";"0,130";"2,404";"2,243";"2,442";"7,089";"6,130";"3,107";"3,023";
"02/11/2024 13:20";"0,336";"0,000";"0,293";"0,000";"0,436";"0,000";"1,065";"0,000";"0,001";"0,000";"0,000";"0,096";"2,378";"2,334";"2,478";"7,190";"6,125";"3,104";"3,021";
"02/11/2024 13:30";"0,183";"0,000";"0,292";"0,000";"0,483";"0,000";"0,957";"0,000";"0,000";"0,000";"0,000";"0,152";"2,264";"2,373";"2,564";"7,201";"6,244";"3,172";"3,072";
"02/11/2024 13:40";"0,204";"0,000";"0,298";"0,000";"0,240";"0,000";"0,743";"0,000";"0,007";"0,000";"0,000";"0,106";"2,302";"2,396";"2,338";"7,035";"6,292";"3,196";"3,096";
"02/11/2024 13:50";"0,135";"0,000";"0,260";"0,000";"0,169";"0,000";"0,564";"0,000";"0,000";"0,000";"0,000";"0,106";"2,231";"2,356";"2,264";"6,851";"6,287";"3,193";"3,094";
"02/11/2024 14:00";"0,105";"0,000";"0,231";"0,000";"0,145";"0,000";"0,482";"0,000";"0,002";"0,000";"0,000";"0,090";"2,176";"2,302";"2,216";"6,695";"6,213";"3,152";"3,061";
"02/11/2024 14:10";"0,130";"0,000";"0,230";"0,000";"0,167";"0,000";"0,528";"0,000";"0,019";"0,000";"0,000";"0,091";"2,161";"2,261";"2,198";"6,621";"6,093";"3,092";"3,001";
"02/11/2024 14:20";"0,202";"0,000";"0,319";"0,000";"0,235";"0,000";"0,756";"0,000";"0,013";"0,000";"0,000";"0,047";"2,181";"2,299";"2,214";"6,694";"5,938";"3,013";"2,925";
"02/11/2024 14:30";"0,175";"0,000";"0,298";"0,000";"0,213";"0,000";"0,685";"0,000";"0,013";"0,000";"0,000";"0,096";"2,117";"2,240";"2,155";"6,511";"5,826";"2,956";"2,870";
"02/11/2024 14:40";"0,152";"0,000";"0,268";"0,000";"0,190";"0,000";"0,610";"0,000";"0,002";"0,000";"0,000";"0,119";"2,029";"2,145";"2,067";"6,241";"5,631";"2,858";"2,773";
"02/11/2024 14:50";"0,110";"0,000";"0,196";"0,000";"0,146";"0,000";"0,451";"0,000";"0,001";"0,000";"0,000";"0,096";"1,930";"2,016";"1,966";"5,911";"5,460";"2,772";"2,688";
"02/11/2024 15:00";"0,113";"0,000";"0,230";"0,000";"0,153";"0,000";"0,497";"0,000";"0,004";"0,000";"0,000";"0,096";"1,863";"1,980";"1,903";"5,746";"5,249";"2,667";"2,582";
"02/11/2024 15:10";"0,218";"0,000";"0,337";"0,000";"0,251";"0,000";"0,805";"0,000";"0,001";"0,000";"0,000";"0,134";"1,876";"1,995";"1,909";"5,780";"4,975";"2,535";"2,440";
"02/11/2024 15:20";"0,103";"0,000";"0,224";"0,000";"0,146";"0,000";"0,473";"0,000";"0,002";"0,000";"0,000";"0,099";"1,675";"1,796";"1,719";"5,190";"4,717";"2,402";"2,315";
"02/11/2024 15:30";"0,103";"0,000";"0,211";"0,000";"0,149";"0,000";"0,462";"0,000";"0,005";"0,000";"0,000";"0,084";"1,577";"1,685";"1,624";"4,886";"4,424";"2,251";"2,173";
"02/11/2024 15:40";"0,205";"0,000";"0,319";"0,000";"0,235";"0,000";"0,759";"0,000";"0,003";"0,000";"0,000";"0,099";"1,590";"1,703";"1,619";"4,913";"4,154";"2,114";"2,040";
"02/11/2024 15:50";"0,135";"0,000";"0,242";"0,000";"0,169";"0,000";"0,546";"0,000";"0,001";"0,000";"0,000";"0,117";"1,409";"1,516";"1,444";"4,369";"3,823";"1,946";"1,877";
"02/11/2024 16:00";"0,103";"0,000";"0,225";"0,000";"0,145";"0,000";"0,473";"0,000";"0,001";"0,000";"0,000";"0,103";"1,285";"1,406";"1,327";"4,018";"3,545";"1,806";"1,739";
"02/11/2024 16:10";"0,128";"0,000";"0,246";"0,000";"0,166";"0,000";"0,540";"0,000";"0,003";"0,000";"0,000";"0,083";"1,209";"1,326";"1,246";"3,781";"3,241";"1,652";"1,589";
"02/11/2024 16:20";"0,199";"0,000";"0,295";"0,000";"0,234";"0,000";"0,728";"0,000";"0,000";"0,000";"0,000";"0,138";"1,173";"1,269";"1,208";"3,651";"2,923";"1,490";"1,433";
"02/11/2024 16:30";"0,103";"0,000";"0,214";"0,000";"0,149";"0,000";"0,466";"0,000";"0,001";"0,000";"0,000";"0,094";"0,967";"1,078";"1,013";"3,058";"2,592";"1,321";"1,271";
"02/11/2024 16:40";"0,106";"0,000";"0,242";"0,000";"0,146";"0,000";"0,494";"0,000";"0,005";"0,000";"0,000";"0,086";"0,855";"0,991";"0,894";"2,740";"2,246";"1,146";"1,100";
"02/11/2024 16:50";"0,109";"0,000";"0,230";"0,000";"0,144";"0,000";"0,482";"0,000";"0,000";"0,000";"0,000";"0,099";"0,743";"0,865";"0,778";"2,386";"1,904";"0,973";"0,931";
"02/11/2024 17:00";"0,141";"0,000";"0,239";"0,000";"0,177";"0,000";"0,557";"0,000";"0,002";"0,000";"0,000";"0,084";"0,661";"0,760";"0,698";"2,119";"1,562";"0,800";"0,762";
"02/11/2024 17:10";"0,222";"0,000";"0,352";"0,000";"0,253";"0,000";"0,827";"0,000";"0,001";"0,000";"0,000";"0,138";"0,635";"0,766";"0,667";"2,068";"1,241";"0,639";"0,602";
"02/11/2024 17:20";"0,102";"0,000";"0,211";"0,000";"0,144";"0,000";"0,456";"0,000";"0,000";"0,000";"0,000";"0,108";"0,414";"0,523";"0,456";"1,393";"0,937";"0,487";"0,450";
"02/11/2024 17:30";"0,201";"0,000";"0,204";"0,000";"0,147";"0,000";"0,552";"0,000";"0,000";"0,000";"0,000";"0,099";"0,429";"0,432";"0,375";"1,236";"0,684";"0,356";"0,328";
"02/11/2024 17:40";"0,490";"0,000";"0,355";"0,000";"0,267";"0,000";"1,112";"0,000";"0,002";"0,000";"0,000";"0,152";"0,644";"0,508";"0,421";"1,573";"0,461";"0,238";"0,223";
"02/11/2024 17:50";"0,290";"0,000";"0,241";"0,000";"0,156";"0,000";"0,687";"0,000";"0,000";"0,000";"0,000";"0,117";"0,380";"0,332";"0,246";"0,958";"0,271";"0,141";"0,130";
"02/11/2024 18:00";"0,102";"0,000";"0,217";"0,000";"0,403";"0,000";"0,722";"0,000";"0,000";"0,000";"0,000";"0,125";"0,150";"0,265";"0,451";"0,866";"0,144";"0,076";"0,068";
"02/11/2024 18:10";"0,143";"0,000";"0,248";"0,000";"0,483";"0,000";"0,874";"0,000";"0,017";"0,000";"0,000";"0,117";"0,163";"0,269";"0,503";"0,936";"0,062";"0,033";"0,029";
"02/11/2024 18:20";"0,209";"0,000";"0,338";"0,000";"0,503";"0,000";"1,050";"0,000";"0,001";"0,000";"0,000";"0,060";"0,212";"0,342";"0,507";"1,061";"0,011";"0,006";"0,005";
"02/11/2024 18:30";"0,114";"0,000";"0,199";"0,000";"0,421";"0,000";"0,734";"0,000";"0,000";"0,000";"0,000";"0,131";"0,114";"0,199";"0,421";"0,734";"0,000";"0,000";"0,000";
"02/11/2024 18:40";"0,160";"0,000";"0,245";"0,000";"0,531";"0,000";"0,936";"0,000";"0,000";"0,000";"0,000";"0,163";"0,160";"0,245";"0,531";"0,936";"0,000";"0,000";"0,000";
"02/11/2024 18:50";"0,329";"0,000";"0,493";"0,000";"0,593";"0,000";"1,415";"0,000";"0,000";"0,000";"0,000";"0,147";"0,329";"0,493";"0,593";"1,415";"0,000";"0,000";"0,000";
"02/11/2024 19:00";"0,294";"0,000";"0,394";"0,000";"0,555";"0,000";"1,243";"0,000";"0,000";"0,000";"0,000";"0,187";"0,294";"0,394";"0,555";"1,243";"0,000";"0,000";"0,000";
"02/11/2024 19:10";"0,250";"0,000";"0,356";"0,000";"0,532";"0,000";"1,138";"0,000";"0,000";"0,000";"0,000";"0,220";"0,250";"0,356";"0,532";"1,138";"0,000";"0,000";"0,000";
"02/11/2024 19:20";"0,289";"0,000";"0,437";"0,000";"0,563";"0,000";"1,289";"0,000";"0,000";"0,000";"0,000";"0,180";"0,289";"0,437";"0,563";"1,289";"0,000";"0,000";"0,000";
"02/11/2024 19:30";"0,421";"0,000";"0,476";"0,000";"0,627";"0,000";"1,524";"0,000";"0,000";"0,000";"0,000";"0,132";"0,421";"0,476";"0,627";"1,524";"0,000";"0,000";"0,000";
"02/11/2024 19:40";"0,677";"0,000";"0,389";"0,000";"0,516";"0,000";"1,582";"0,000";"0,000";"0,000";"0,000";"0,229";"0,677";"0,389";"0,516";"1,582";"0,000";"0,000";"0,000";
"02/11/2024 19:50";"0,241";"0,000";"0,385";"0,000";"0,524";"0,000";"1,150";"0,000";"0,000";"0,000";"0,000";"0,221";"0,241";"0,385";"0,524";"1,150";"0,000";"0,000";"0,000";
"02/11/2024 20:00";"0,356";"0,000";"0,495";"0,000";"0,627";"0,000";"1,478";"0,000";"0,000";"0,000";"0,000";"0,114";"0,356";"0,495";"0,627";"1,478";"0,000";"0,000";"0,000";
"02/11/2024 20:10";"0,255";"0,000";"0,353";"0,000";"0,524";"0,000";"1,132";"0,000";"0,000";"0,000";"0,000";"0,215";"0,255";"0,353";"0,524";"1,132";"0,000";"0,000";"0,000";
"02/11/2024 20:20";"0,249";"0,000";"0,369";"0,000";"0,507";"0,000";"1,126";"0,000";"0,000";"0,000";"0,000";"0,225";"0,249";"0,369";"0,507";"1,126";"0,000";"0,000";"0,000";
"02/11/2024 20:30";"0,309";"0,000";"0,453";"0,000";"0,574";"0,000";"1,336";"0,000";"0,000";"0,000";"0,000";"0,178";"0,309";"0,453";"0,574";"1,336";"0,000";"0,000";"0,000";
"02/11/2024 20:40";"0,669";"0,000";"0,486";"0,000";"0,589";"0,000";"1,744";"0,000";"0,000";"0,000";"0,000";"0,166";"0,669";"0,486";"0,589";"1,744";"0,000";"0,000";"0,000";
"02/11/2024 20:50";"0,280";"0,000";"0,383";"0,000";"0,520";"0,000";"1,183";"0,000";"0,000";"0,000";"0,000";"0,218";"0,280";"0,383";"0,520";"1,183";"0,000";"0,000";"0,000";
"02/11/2024 21:00";"0,246";"0,000";"0,388";"0,000";"0,515";"0,000";"1,149";"0,000";"0,000";"0,000";"0,000";"0,211";"0,246";"0,388";"0,515";"1,149";"0,000";"0,000";"0,000";
"02/11/2024 21:10";"0,356";"0,000";"0,459";"0,000";"0,636";"0,000";"1,452";"0,000";"0,000";"0,000";"0,000";"0,125";"0,356";"0,459";"0,636";"1,452";"0,000";"0,000";"0,000";
"02/11/2024 21:20";"0,249";"0,000";"0,398";"0,000";"0,536";"0,000";"1,184";"0,000";"0,000";"0,000";"0,000";"0,230";"0,249";"0,398";"0,536";"1,184";"0,000";"0,000";"0,000";
"02/11/2024 21:30";"0,439";"0,000";"0,345";"0,000";"0,528";"0,000";"1,312";"0,000";"0,000";"0,000";"0,000";"0,230";"0,439";"0,345";"0,528";"1,312";"0,000";"0,000";"0,000";
"02/11/2024 21:40";"0,566";"0,000";"0,456";"0,000";"0,599";"0,000";"1,621";"0,000";"0,000";"0,000";"0,000";"0,158";"0,566";"0,456";"0,599";"1,621";"0,000";"0,000";"0,000";
"02/11/2024 21:50";"0,837";"0,000";"0,520";"0,000";"0,571";"0,000";"1,927";"0,000";"0,000";"0,000";"0,000";"0,200";"0,837";"0,520";"0,571";"1,927";"0,000";"0,000";"0,000";
"02/11/2024 22:00";"0,338";"0,000";"0,438";"0,000";"0,605";"0,000";"1,382";"0,000";"0,000";"0,000";"0,000";"0,147";"0,338";"0,438";"0,605";"1,382";"0,000";"0,000";"0,000";
"02/11/2024 22:10";"0,251";"0,000";"0,352";"0,000";"0,535";"0,000";"1,137";"0,000";"0,000";"0,000";"0,000";"0,218";"0,251";"0,352";"0,535";"1,137";"0,000";"0,000";"0,000";
"02/11/2024 22:20";"0,253";"0,000";"0,386";"0,000";"0,517";"0,000";"1,155";"0,000";"0,000";"0,000";"0,000";"0,214";"0,253";"0,386";"0,517";"1,155";"0,000";"0,000";"0,000";
"02/11/2024 22:30";"0,323";"0,000";"0,455";"0,000";"0,585";"0,000";"1,363";"0,000";"0,000";"0,000";"0,000";"0,166";"0,323";"0,455";"0,585";"1,363";"0,000";"0,000";"0,000";
"02/11/2024 22:40";"0,812";"0,000";"0,472";"0,000";"0,661";"0,000";"1,945";"0,000";"0,000";"0,000";"0,000";"0,187";"0,812";"0,472";"0,661";"1,945";"0,000";"0,000";"0,000";
"02/11/2024 22:50";"0,345";"0,000";"0,488";"0,000";"0,629";"0,000";"1,462";"0,000";"0,000";"0,000";"0,000";"0,124";"0,345";"0,488";"0,629";"1,462";"0,000";"0,000";"0,000";
"02/11/2024 23:00";"0,511";"0,000";"0,413";"0,000";"0,548";"0,000";"1,473";"0,000";"0,000";"0,000";"0,000";"0,202";"0,511";"0,413";"0,548";"1,473";"0,000";"0,000";"0,000";
"02/11/2024 23:10";"0,240";"0,000";"0,346";"0,000";"0,524";"0,000";"1,110";"0,000";"0,000";"0,000";"0,000";"0,214";"0,240";"0,346";"0,524";"1,110";"0,000";"0,000";"0,000";
"02/11/2024 23:20";"0,335";"0,000";"0,431";"0,000";"0,563";"0,000";"1,328";"0,000";"0,000";"0,000";"0,000";"0,161";"0,335";"0,431";"0,563";"1,328";"0,000";"0,000";"0,000";
"02/11/2024 23:30";"0,565";"0,000";"0,469";"0,000";"0,612";"0,000";"1,646";"0,000";"0,010";"0,000";"0,000";"0,114";"0,565";"0,469";"0,612";"1,646";"0,000";"0,000";"0,000";
"02/11/2024 23:40";"0,475";"0,000";"0,347";"0,000";"0,535";"0,000";"1,357";"0,000";"0,000";"0,000";"0,000";"0,177";"0,475";"0,347";"0,535";"1,357";"0,000";"0,000";"0,000";
"02/11/2024 23:50";"0,344";"0,000";"0,369";"0,000";"0,535";"0,000";"1,249";"0,000";"0,000";"0,000";"0,000";"0,168";"0,344";"0,369";"0,535";"1,249";"0,000";"0,000";"0,000";
"03/11/2024 00:00";"0,427";"0,000";"0,493";"0,000";"0,602";"0,000";"1,522";"0,000";"0,005";"0,000";"0,000";"0,116";"0,427";"0,493";"0,602";"1,522";"0,000";"0,000";"0,000";
"03/11/2024 00:10";"0,327";"0,000";"0,403";"0,000";"0,591";"0,000";"1,321";"0,000";"0,000";"0,000";"0,000";"0,163";"0,327";"0,403";"0,591";"1,321";"0,000";"0,000";"0,000";
"03/11/2024 00:20";"0,346";"0,000";"0,507";"0,000";"0,630";"0,000";"1,483";"0,000";"0,000";"0,000";"0,000";"0,129";"0,346";"0,507";"0,630";"1,483";"0,000";"0,000";"0,000";
"03/11/2024 00:30";"0,527";"0,000";"0,393";"0,000";"0,557";"0,000";"1,478";"0,000";"0,000";"0,000";"0,000";"0,212";"0,527";"0,393";"0,557";"1,478";"0,000";"0,000";"0,000";
"03/11/2024 00:40";"0,241";"0,000";"0,345";"0,000";"0,528";"0,000";"1,113";"0,000";"0,000";"0,000";"0,000";"0,221";"0,241";"0,345";"0,528";"1,113";"0,000";"0,000";"0,000";
"03/11/2024 00:50";"0,337";"0,000";"0,478";"0,000";"0,616";"0,000";"1,431";"0,000";"0,000";"0,000";"0,000";"0,146";"0,337";"0,478";"0,616";"1,431";"0,000";"0,000";"0,000";
"03/11/2024 01:00";"0,552";"0,000";"0,453";"0,000";"0,584";"0,000";"1,588";"0,000";"0,002";"0,000";"0,000";"0,173";"0,552";"0,453";"0,584";"1,588";"0,000";"0,000";"0,000";
"03/11/2024 01:10";"0,462";"0,000";"0,453";"0,000";"0,615";"0,000";"1,531";"0,000";"0,000";"0,000";"0,000";"0,136";"0,462";"0,453";"0,615";"1,531";"0,000";"0,000";"0,000";
"03/11/2024 01:20";"0,364";"0,000";"0,364";"0,000";"0,532";"0,000";"1,259";"0,000";"0,000";"0,000";"0,000";"0,226";"0,364";"0,364";"0,532";"1,259";"0,000";"0,000";"0,000";
"03/11/2024 01:30";"0,403";"0,000";"0,385";"0,000";"0,537";"0,000";"1,325";"0,000";"0,000";"0,000";"0,000";"0,228";"0,403";"0,385";"0,537";"1,325";"0,000";"0,000";"0,000";
"03/11/2024 01:40";"0,574";"0,000";"0,442";"0,000";"0,606";"0,000";"1,623";"0,000";"0,000";"0,000";"0,000";"0,161";"0,574";"0,442";"0,606";"1,623";"0,000";"0,000";"0,000";
"03/11/2024 01:50";"0,437";"0,000";"0,411";"0,000";"0,608";"0,000";"1,456";"0,000";"0,000";"0,000";"0,000";"0,174";"0,437";"0,411";"0,608";"1,456";"0,000";"0,000";"0,000";
"03/11/2024 02:00";"0,354";"0,000";"0,504";"0,000";"0,651";"0,000";"1,510";"0,000";"0,001";"0,000";"0,000";"0,125";"0,354";"0,504";"0,651";"1,510";"0,000";"0,000";"0,000";
"03/11/2024 02:10";"0,272";"0,000";"0,401";"0,000";"0,565";"0,000";"1,237";"0,000";"0,000";"0,000";"0,000";"0,208";"0,272";"0,401";"0,565";"1,237";"0,000";"0,000";"0,000";
"03/11/2024 02:20";"0,354";"0,000";"0,465";"0,000";"0,644";"0,000";"1,463";"0,000";"0,001";"0,000";"0,000";"0,130";"0,354";"0,465";"0,644";"1,463";"0,000";"0,000";"0,000";
"03/11/2024 02:30";"0,311";"0,000";"0,430";"0,000";"0,600";"0,000";"1,341";"0,000";"0,000";"0,000";"0,000";"0,174";"0,311";"0,430";"0,600";"1,341";"0,000";"0,000";"0,000";
"03/11/2024 02:40";"0,304";"0,000";"0,439";"0,000";"0,665";"0,000";"1,409";"0,000";"0,000";"0,000";"0,000";"0,177";"0,304";"0,439";"0,665";"1,409";"0,000";"0,000";"0,000";
"03/11/2024 02:50";"0,337";"0,000";"0,468";"0,000";"0,647";"0,000";"1,453";"0,000";"0,000";"0,000";"0,000";"0,142";"0,337";"0,468";"0,647";"1,453";"0,000";"0,000";"0,000";
"03/11/2024 03:00";"0,558";"0,000";"0,410";"0,000";"0,579";"0,000";"1,546";"0,000";"0,002";"0,000";"0,000";"0,185";"0,558";"0,410";"0,579";"1,546";"0,000";"0,000";"0,000";
"03/11/2024 03:10";"0,324";"0,000";"0,442";"0,000";"0,611";"0,000";"1,377";"0,000";"0,000";"0,000";"0,000";"0,159";"0,324";"0,442";"0,611";"1,377";"0,000";"0,000";"0,000";
"03/11/2024 03:20";"0,314";"0,000";"0,451";"0,000";"0,589";"0,000";"1,354";"0,000";"0,000";"0,000";"0,000";"0,173";"0,314";"0,451";"0,589";"1,354";"0,000";"0,000";"0,000";
"03/11/2024 03:30";"0,336";"0,000";"0,462";"0,000";"0,611";"0,000";"1,409";"0,000";"0,000";"0,000";"0,000";"0,147";"0,336";"0,462";"0,611";"1,409";"0,000";"0,000";"0,000";
"03/11/2024 03:40";"0,324";"0,000";"0,428";"0,000";"0,594";"0,000";"1,346";"0,000";"0,000";"0,000";"0,000";"0,169";"0,324";"0,428";"0,594";"1,346";"0,000";"0,000";"0,000";
"03/11/2024 03:50";"0,544";"0,000";"0,394";"0,000";"0,566";"0,000";"1,504";"0,000";"0,000";"0,000";"0,000";"0,195";"0,544";"0,394";"0,566";"1,504";"0,000";"0,000";"0,000";
"03/11/2024 04:00";"0,358";"0,000";"0,514";"0,000";"0,645";"0,000";"1,516";"0,000";"0,000";"0,000";"0,000";"0,122";"0,358";"0,514";"0,645";"1,516";"0,000";"0,000";"0,000";
"03/11/2024 04:10";"0,272";"0,000";"0,399";"0,000";"0,554";"0,000";"1,224";"0,000";"0,000";"0,000";"0,000";"0,212";"0,272";"0,399";"0,554";"1,224";"0,000";"0,000";"0,000";
"03/11/2024 04:20";"0,414";"0,000";"0,461";"0,000";"0,633";"0,000";"1,508";"0,000";"0,000";"0,000";"0,000";"0,127";"0,414";"0,461";"0,633";"1,508";"0,000";"0,000";"0,000";
"03/11/2024 04:30";"0,505";"0,000";"0,453";"0,000";"0,597";"0,000";"1,555";"0,000";"0,000";"0,000";"0,000";"0,162";"0,505";"0,453";"0,597";"1,555";"0,000";"0,000";"0,000";
"03/11/2024 04:40";"0,274";"0,000";"0,408";"0,000";"0,563";"0,000";"1,245";"0,000";"0,000";"0,000";"0,000";"0,201";"0,274";"0,408";"0,563";"1,245";"0,000";"0,000";"0,000";
"03/11/2024 04:50";"0,334";"0,000";"0,452";"0,000";"0,628";"0,000";"1,414";"0,000";"0,000";"0,000";"0,000";"0,158";"0,334";"0,452";"0,628";"1,414";"0,000";"0,000";"0,000";
"03/11/2024 05:00";"0,318";"0,000";"0,460";"0,000";"0,612";"0,000";"1,390";"0,000";"0,000";"0,000";"0,000";"0,155";"0,318";"0,460";"0,612";"1,390";"0,000";"0,000";"0,000";
"03/11/2024 05:10";"0,343";"0,000";"0,481";"0,000";"0,635";"0,000";"1,458";"0,000";"0,000";"0,000";"0,000";"0,143";"0,343";"0,481";"0,635";"1,458";"0,000";"0,000";"0,000";
"03/11/2024 05:20";"0,671";"0,000";"0,469";"0,000";"0,644";"0,000";"1,784";"0,000";"0,000";"0,000";"0,000";"0,228";"0,671";"0,469";"0,644";"1,784";"0,000";"0,000";"0,000";
"03/11/2024 05:30";"0,578";"0,000";"0,472";"0,000";"0,614";"0,000";"1,665";"0,000";"0,000";"0,000";"0,000";"0,160";"0,578";"0,472";"0,614";"1,665";"0,000";"0,000";"0,000";
"03/11/2024 05:40";"0,390";"0,000";"0,433";"0,000";"0,641";"0,000";"1,464";"0,000";"0,000";"0,000";"0,000";"0,149";"0,390";"0,433";"0,641";"1,464";"0,000";"0,000";"0,000";
"03/11/2024 05:50";"0,567";"0,000";"0,409";"0,000";"0,599";"0,000";"1,576";"0,000";"0,000";"0,000";"0,000";"0,196";"0,567";"0,409";"0,599";"1,576";"0,000";"0,000";"0,000";
"03/11/2024 06:00";"0,370";"0,000";"0,525";"0,000";"0,669";"0,000";"1,564";"0,000";"0,003";"0,000";"0,000";"0,111";"0,370";"0,525";"0,669";"1,564";"0,000";"0,000";"0,000";
"03/11/2024 06:10";"0,273";"0,000";"0,384";"0,000";"0,574";"0,000";"1,231";"0,000";"0,000";"0,000";"0,000";"0,212";"0,273";"0,384";"0,574";"1,231";"0,000";"0,000";"0,000";
"03/11/2024 06:20";"0,366";"0,000";"0,466";"0,000";"0,669";"0,000";"1,501";"0,000";"0,000";"0,000";"0,000";"0,129";"0,366";"0,466";"0,669";"1,501";"0,000";"0,000";"0,000";
"03/11/2024 06:30";"0,404";"0,000";"0,484";"0,000";"0,635";"0,000";"1,523";"0,000";"0,000";"0,000";"0,000";"0,151";"0,404";"0,484";"0,635";"1,523";"0,000";"0,000";"0,000";
"03/11/2024 06:40";"0,466";"0,000";"0,452";"0,000";"0,670";"0,000";"1,587";"0,000";"0,000";"0,000";"0,000";"0,167";"0,466";"0,452";"0,670";"1,587";"0,000";"0,000";"0,000";
"03/11/2024 06:50";"0,403";"0,000";"0,481";"0,000";"0,754";"0,000";"1,639";"0,000";"0,000";"0,000";"0,000";"0,196";"0,403";"0,481";"0,754";"1,639";"0,000";"0,000";"0,000";
"03/11/2024 07:00";"0,276";"0,000";"0,427";"0,000";"0,556";"0,000";"1,259";"0,000";"0,000";"0,000";"0,000";"0,194";"0,276";"0,427";"0,556";"1,259";"0,000";"0,000";"0,000";
"03/11/2024 07:10";"0,395";"0,000";"0,488";"0,000";"0,651";"0,000";"1,534";"0,000";"0,000";"0,000";"0,000";"0,121";"0,395";"0,488";"0,651";"1,534";"0,000";"0,000";"0,000";
"03/11/2024 07:20";"0,534";"0,000";"0,402";"0,000";"0,570";"0,000";"1,507";"0,000";"0,000";"0,000";"0,000";"0,189";"0,534";"0,402";"0,570";"1,507";"0,000";"0,000";"0,000";
"03/11/2024 07:30";"0,461";"0,000";"0,493";"0,000";"0,618";"0,000";"1,572";"0,000";"0,000";"0,000";"0,000";"0,138";"0,461";"0,493";"0,618";"1,572";"0,000";"0,000";"0,000";
"03/11/2024 07:40";"0,442";"0,000";"0,459";"0,000";"0,621";"0,000";"1,522";"0,000";"0,000";"0,000";"0,000";"0,155";"0,442";"0,459";"0,621";"1,522";"0,000";"0,000";"0,000";
"03/11/2024 07:50";"0,530";"0,000";"0,367";"0,000";"0,560";"0,000";"1,458";"0,000";"0,000";"0,000";"0,000";"0,185";"0,530";"0,367";"0,560";"1,458";"0,000";"0,000";"0,000";
"03/11/2024 08:00";"0,249";"0,000";"0,394";"0,000";"0,544";"0,000";"1,187";"0,000";"0,009";"0,000";"0,000";"0,062";"0,250";"0,394";"0,545";"1,188";"0,001";"0,001";"0,000";
"03/11/2024 08:10";"0,321";"0,000";"0,351";"0,000";"0,533";"0,000";"1,205";"0,000";"0,001";"0,000";"0,000";"0,111";"0,333";"0,363";"0,544";"1,239";"0,034";"0,018";"0,016";
"03/11/2024 08:20";"0,232";"0,000";"0,317";"0,000";"0,529";"0,000";"1,078";"0,000";"0,011";"0,000";"0,000";"0,066";"0,267";"0,352";"0,564";"1,183";"0,105";"0,057";"0,048";
"03/11/2024 08:30";"0,182";"0,000";"0,307";"0,000";"0,510";"0,000";"0,998";"0,000";"0,007";"0,000";"0,000";"0,100";"0,250";"0,374";"0,577";"1,200";"0,202";"0,113";"0,089";
"03/11/2024 08:40";"0,435";"0,000";"0,277";"0,000";"0,511";"0,000";"1,223";"0,000";"0,010";"0,000";"0,000";"0,098";"0,557";"0,399";"0,633";"1,588";"0,365";"0,213";"0,152";
"03/11/2024 08:50";"0,230";"0,000";"0,325";"0,000";"0,543";"0,000";"1,098";"0,000";"0,010";"0,000";"0,000";"0,046";"0,413";"0,508";"0,725";"1,646";"0,548";"0,336";"0,212";
"03/11/2024 09:00";"0,452";"0,000";"0,281";"0,000";"0,482";"0,000";"1,215";"0,000";"0,000";"0,000";"0,000";"0,122";"0,696";"0,524";"0,725";"1,945";"0,730";"0,459";"0,271";
"03/11/2024 09:10";"0,229";"0,000";"0,322";"0,000";"0,561";"0,000";"1,111";"0,000";"0,011";"0,000";"0,000";"0,052";"0,569";"0,662";"0,901";"2,131";"1,020";"0,611";"0,409";
"03/11/2024 09:20";"0,603";"0,000";"0,290";"0,000";"0,485";"0,000";"1,378";"0,000";"0,004";"0,000";"0,000";"0,099";"1,091";"0,778";"0,973";"2,843";"1,465";"0,820";"0,645";
"03/11/2024 09:30";"0,428";"0,000";"0,292";"0,000";"0,500";"0,000";"1,219";"0,000";"0,000";"0,000";"0,000";"0,086";"0,971";"0,835";"1,043";"2,848";"1,629";"0,911";"0,718";
"03/11/2024 09:40";"0,293";"0,000";"0,262";"0,000";"0,509";"0,000";"1,064";"0,000";"0,001";"0,000";"0,000";"0,093";"0,765";"0,734";"0,981";"2,480";"1,416";"0,792";"0,624";
"03/11/2024 09:50";"0,411";"0,000";"0,313";"0,000";"0,495";"0,000";"1,219";"0,000";"0,014";"0,000";"0,000";"0,108";"1,219";"1,122";"1,304";"3,645";"2,426";"1,349";"1,077";
"03/11/2024 10:00";"0,285";"0,000";"0,342";"0,000";"0,544";"0,000";"1,170";"0,000";"0,012";"0,000";"0,000";"0,054";"1,191";"1,248";"1,450";"3,888";"2,718";"1,506";"1,212";
"03/11/2024 10:10";"0,495";"0,000";"0,264";"0,000";"0,456";"0,000";"1,215";"0,000";"0,006";"0,000";"0,000";"0,122";"1,550";"1,319";"1,510";"4,378";"3,163";"1,663";"1,500";
"03/11/2024 10:20";"0,231";"0,000";"0,286";"0,000";"0,453";"0,000";"0,970";"0,000";"0,001";"0,000";"0,000";"0,122";"1,455";"1,510";"1,676";"4,640";"3,670";"1,858";"1,812";
"03/11/2024 10:30";"0,256";"0,000";"0,266";"0,000";"0,477";"0,000";"0,999";"0,000";"0,005";"0,000";"0,000";"0,117";"1,576";"1,586";"1,797";"4,958";"3,959";"1,995";"1,964";
"03/11/2024 10:40";"0,503";"0,000";"0,246";"0,000";"0,456";"0,000";"1,206";"0,000";"0,000";"0,000";"0,000";"0,119";"1,919";"1,663";"1,873";"5,455";"4,249";"2,139";"2,110";
"03/11/2024 10:50";"0,291";"0,000";"0,375";"0,000";"0,568";"0,000";"1,234";"0,000";"0,004";"0,000";"0,000";"0,065";"1,816";"1,899";"2,093";"5,808";"4,574";"2,309";"2,265";
"03/11/2024 11:00";"0,474";"0,000";"0,208";"0,000";"0,469";"0,000";"1,151";"0,000";"0,000";"0,000";"0,000";"0,148";"2,108";"1,841";"2,102";"6,052";"4,901";"2,480";"2,421";
"03/11/2024 11:10";"0,182";"0,000";"0,220";"0,000";"0,423";"0,000";"0,825";"0,000";"0,000";"0,000";"0,000";"0,152";"1,904";"1,942";"2,145";"5,990";"5,165";"2,611";"2,554";
"03/11/2024 11:20";"0,234";"0,000";"0,298";"0,000";"0,462";"0,000";"0,995";"0,000";"0,004";"0,000";"0,000";"0,117";"2,016";"2,080";"2,244";"6,340";"5,345";"2,701";"2,644";
"03/11/2024 11:30";"0,240";"0,000";"0,264";"0,000";"0,476";"0,000";"0,979";"0,000";"0,000";"0,000";"0,000";"0,096";"2,070";"2,094";"2,306";"6,470";"5,491";"2,774";"2,717";
"03/11/2024 11:40";"0,211";"0,000";"0,332";"0,000";"0,501";"0,000";"1,045";"0,000";"0,005";"0,000";"0,000";"0,133";"2,090";"2,211";"2,380";"6,681";"5,636";"2,846";"2,790";
"03/11/2024 11:50";"0,128";"0,000";"0,351";"0,000";"0,428";"0,000";"0,907";"0,000";"0,003";"0,000";"0,000";"0,139";"2,052";"2,276";"2,353";"6,680";"5,773";"2,914";"2,859";
"03/11/2024 12:00";"0,116";"0,000";"1,311";"0,000";"0,411";"0,000";"1,838";"0,000";"0,000";"0,000";"0,000";"0,191";"2,073";"3,267";"2,367";"7,707";"5,869";"2,961";"2,908";
"03/11/2024 12:10";"0,154";"0,000";"1,380";"0,000";"0,435";"0,000";"1,968";"0,000";"0,000";"0,000";"0,000";"0,180";"2,144";"3,370";"2,425";"7,939";"5,971";"3,010";"2,961";
"03/11/2024 12:20";"0,604";"0,000";"1,411";"0,000";"0,473";"0,000";"2,489";"0,000";"0,000";"0,000";"0,000";"0,187";"2,615";"3,422";"2,484";"8,521";"6,032";"3,039";"2,993";
"03/11/2024 12:30";"0,210";"0,000";"1,402";"0,000";"0,483";"0,000";"2,094";"0,000";"0,000";"0,000";"0,000";"0,153";"2,237";"3,429";"2,510";"8,176";"6,082";"3,065";"3,017";
"03/11/2024 12:40";"0,125";"0,000";"1,313";"0,000";"0,405";"0,000";"1,842";"0,000";"0,000";"0,000";"0,000";"0,212";"1,954";"3,142";"2,234";"7,329";"5,487";"2,766";"2,721";
"03/11/2024 12:50";"0,202";"0,000";"1,366";"0,000";"0,421";"0,000";"1,989";"0,000";"0,002";"0,000";"0,000";"0,196";"2,219";"3,383";"2,438";"8,040";"6,051";"3,051";"3,000";
"03/11/2024 13:00";"0,220";"0,000";"1,355";"0,000";"0,409";"0,000";"1,984";"0,000";"0,000";"0,000";"0,000";"0,147";"2,347";"3,482";"2,536";"8,365";"6,381";"3,237";"3,144";
"03/11/2024 13:10";"0,327";"0,000";"1,435";"0,000";"0,520";"0,000";"2,282";"0,000";"0,000";"0,000";"0,000";"0,190";"2,414";"3,522";"2,607";"8,544";"6,262";"3,186";"3,076";
"03/11/2024 13:20";"0,212";"0,000";"1,311";"0,000";"0,391";"0,000";"1,913";"0,000";"0,000";"0,000";"0,000";"0,158";"2,301";"3,400";"2,480";"8,180";"6,267";"3,188";"3,079";
"03/11/2024 13:30";"0,209";"0,000";"1,333";"0,000";"0,212";"0,000";"1,755";"0,000";"0,000";"0,000";"0,000";"0,154";"2,286";"3,410";"2,288";"7,984";"6,229";"3,171";"3,058";
"03/11/2024 13:40";"0,232";"0,000";"1,465";"0,000";"0,256";"0,000";"1,953";"0,000";"0,000";"0,000";"0,000";"0,197";"2,296";"3,530";"2,321";"8,147";"6,194";"3,154";"3,040";
"03/11/2024 13:50";"0,106";"0,000";"1,320";"0,000";"0,143";"0,000";"1,569";"0,000";"0,000";"0,000";"0,000";"0,167";"2,150";"3,364";"2,188";"7,702";"6,133";"3,124";"3,009";
"03/11/2024 14:00";"0,189";"0,000";"1,399";"0,000";"0,215";"0,000";"1,802";"0,000";"0,000";"0,000";"0,000";"0,123";"2,191";"3,401";"2,217";"7,808";"6,006";"3,058";"2,948";
"03/11/2024 14:10";"0,219";"0,000";"1,431";"0,000";"0,241";"0,000";"1,892";"0,000";"0,000";"0,000";"0,000";"0,215";"2,187";"3,399";"2,209";"7,796";"5,904";"3,000";"2,904";
"03/11/2024 14:20";"0,377";"0,000";"1,395";"0,000";"0,191";"0,000";"1,963";"0,000";"0,005";"0,000";"0,000";"0,140";"2,294";"3,311";"2,107";"7,713";"5,750";"2,922";"2,828";
"03/11/2024 14:30";"0,410";"0,000";"1,384";"0,000";"0,185";"0,000";"1,978";"0,000";"0,000";"0,000";"0,000";"0,146";"2,278";"3,252";"2,053";"7,583";"5,605";"2,849";"2,756";
"03/11/2024 14:40";"0,207";"0,000";"1,346";"0,000";"0,165";"0,000";"1,718";"0,000";"0,009";"0,000";"0,000";"0,166";"2,021";"3,160";"1,978";"7,158";"5,440";"2,766";"2,674";
"03/11/2024 14:50";"0,144";"0,000";"1,348";"0,000";"0,170";"0,000";"1,662";"0,000";"0,007";"0,000";"0,000";"0,164";"1,903";"3,107";"1,929";"6,938";"5,276";"2,683";"2,593";
"03/11/2024 15:00";"0,256";"0,000";"1,485";"0,000";"0,277";"0,000";"2,018";"0,000";"0,000";"0,000";"0,000";"0,191";"1,944";"3,174";"1,965";"7,084";"5,066";"2,578";"2,488";
"03/11/2024 15:10";"0,196";"0,000";"1,426";"0,000";"0,222";"0,000";"1,843";"0,000";"0,000";"0,000";"0,000";"0,214";"1,807";"3,037";"1,833";"6,676";"4,833";"2,466";"2,367";
"03/11/2024 15:20";"0,166";"0,000";"1,386";"0,000";"0,200";"0,000";"1,752";"0,000";"0,005";"0,000";"0,000";"0,133";"1,703";"2,924";"1,737";"6,364";"4,612";"2,352";"2,260";
"03/11/2024 15:30";"0,130";"0,000";"1,341";"0,000";"0,169";"0,000";"1,640";"0,000";"0,000";"0,000";"0,000";"0,179";"1,591";"2,802";"1,629";"6,022";"4,382";"2,230";"2,152";
"03/11/2024 15:40";"0,104";"0,000";"1,272";"0,000";"0,145";"0,000";"1,521";"0,000";"0,000";"0,000";"0,000";"0,171";"1,475";"2,642";"1,515";"5,633";"4,112";"2,094";"2,018";
"03/11/2024 15:50";"0,106";"0,000";"0,936";"0,000";"0,144";"0,000";"1,187";"0,000";"0,000";"0,000";"0,000";"0,150";"1,385";"2,215";"1,423";"5,023";"3,836";"1,953";"1,883";
"03/11/2024 16:00";"0,200";"0,000";"0,690";"0,000";"0,231";"0,000";"1,121";"0,000";"0,002";"0,000";"0,000";"0,137";"1,383";"1,872";"1,413";"4,668";"3,547";"1,806";"1,741";
"03/11/2024 16:10";"0,109";"0,000";"0,433";"0,000";"0,144";"0,000";"0,687";"0,000";"0,000";"0,000";"0,000";"0,131";"1,187";"1,510";"1,222";"3,919";"3,232";"1,647";"1,585";
"03/11/2024 16:20";"0,103";"0,000";"0,403";"0,000";"0,148";"0,000";"0,654";"0,000";"0,000";"0,000";"0,000";"0,124";"1,070";"1,370";"1,116";"3,556";"2,902";"1,478";"1,424";
"03/11/2024 16:30";"0,189";"0,000";"0,424";"0,000";"0,220";"0,000";"0,833";"0,000";"0,001";"0,000";"0,000";"0,113";"1,046";"1,281";"1,078";"3,406";"2,573";"1,310";"1,263";
"03/11/2024 16:40";"0,131";"0,000";"0,314";"0,000";"0,171";"0,000";"0,616";"0,000";"0,000";"0,000";"0,000";"0,127";"0,879";"1,062";"0,919";"2,860";"2,244";"1,145";"1,099";
"03/11/2024 16:50";"0,209";"0,000";"0,375";"0,000";"0,240";"0,000";"0,823";"0,000";"0,003";"0,000";"0,000";"0,124";"0,843";"1,009";"0,874";"2,726";"1,903";"0,973";"0,930";
"03/11/2024 17:00";"0,106";"0,000";"0,294";"0,000";"0,144";"0,000";"0,544";"0,000";"0,000";"0,000";"0,000";"0,105";"0,627";"0,815";"0,665";"2,108";"1,564";"0,804";"0,760";
"03/11/2024 17:10";"0,108";"0,000";"0,211";"0,000";"0,143";"0,000";"0,462";"0,000";"0,001";"0,000";"0,000";"0,091";"0,522";"0,626";"0,558";"1,706";"1,244";"0,642";"0,602";
"03/11/2024 17:20";"0,201";"0,000";"0,317";"0,000";"0,235";"0,000";"0,753";"0,000";"0,003";"0,000";"0,000";"0,089";"0,513";"0,628";"0,546";"1,688";"0,935";"0,488";"0,447";
"03/11/2024 17:30";"0,133";"0,000";"0,278";"0,000";"0,173";"0,000";"0,584";"0,000";"0,000";"0,000";"0,000";"0,122";"0,357";"0,501";"0,396";"1,254";"0,670";"0,349";"0,321";
"03/11/2024 17:40";"0,102";"0,000";"0,188";"0,000";"0,143";"0,000";"0,433";"0,000";"0,000";"0,000";"0,000";"0,106";"0,247";"0,333";"0,289";"0,870";"0,437";"0,226";"0,211";
"03/11/2024 17:50";"0,140";"0,000";"0,252";"0,000";"0,337";"0,000";"0,729";"0,000";"0,004";"0,000";"0,000";"0,127";"0,222";"0,335";"0,419";"0,976";"0,247";"0,131";"0,116";
"03/11/2024 18:00";"0,212";"0,000";"0,338";"0,000";"0,524";"0,000";"1,074";"0,000";"0,000";"0,000";"0,000";"0,162";"0,253";"0,379";"0,565";"1,198";"0,124";"0,066";"0,058";
"03/11/2024 18:10";"0,108";"0,000";"0,209";"0,000";"0,422";"0,000";"0,739";"0,000";"0,000";"0,000";"0,000";"0,133";"0,118";"0,220";"0,433";"0,771";"0,032";"0,017";"0,015";
"03/11/2024 18:20";"0,107";"0,000";"0,196";"0,000";"0,419";"0,000";"0,723";"0,000";"0,000";"0,000";"0,000";"0,123";"0,107";"0,196";"0,419";"0,723";"0,000";"0,000";"0,000";
"03/11/2024 18:30";"0,219";"0,000";"0,360";"0,000";"0,498";"0,000";"1,077";"0,000";"0,009";"0,000";"0,000";"0,130";"0,219";"0,360";"0,498";"1,077";"0,000";"0,000";"0,000";
"03/11/2024 18:40";"0,469";"0,000";"0,347";"0,000";"0,492";"0,000";"1,308";"0,000";"0,000";"0,000";"0,000";"0,211";"0,469";"0,347";"0,492";"1,308";"0,000";"0,000";"0,000";
"03/11/2024 18:50";"0,606";"0,000";"0,460";"0,000";"0,624";"0,000";"1,689";"0,000";"0,000";"0,000";"0,000";"0,130";"0,606";"0,460";"0,624";"1,689";"0,000";"0,000";"0,000";
"03/11/2024 19:00";"0,424";"0,000";"0,394";"0,000";"0,532";"0,000";"1,350";"0,000";"0,000";"0,000";"0,000";"0,210";"0,424";"0,394";"0,532";"1,350";"0,000";"0,000";"0,000";
"03/11/2024 19:10";"0,240";"0,000";"0,380";"0,000";"0,594";"0,000";"1,214";"0,000";"0,000";"0,000";"0,000";"0,209";"0,240";"0,380";"0,594";"1,214";"0,000";"0,000";"0,000";
"03/11/2024 19:20";"0,295";"0,000";"0,414";"0,000";"0,491";"0,000";"1,199";"0,000";"0,010";"0,000";"0,000";"0,144";"0,295";"0,414";"0,491";"1,199";"0,000";"0,000";"0,000";
"03/11/2024 19:30";"0,484";"0,000";"0,474";"0,000";"0,331";"0,000";"1,289";"0,000";"0,001";"0,000";"0,000";"0,143";"0,484";"0,474";"0,331";"1,289";"0,000";"0,000";"0,000";
"03/11/2024 19:40";"0,278";"0,000";"0,343";"0,000";"0,255";"0,000";"0,876";"0,000";"0,000";"0,000";"0,000";"0,200";"0,278";"0,343";"0,255";"0,876";"0,000";"0,000";"0,000";
"03/11/2024 19:50";"0,244";"0,000";"0,362";"0,000";"0,254";"0,000";"0,860";"0,000";"0,000";"0,000";"0,000";"0,190";"0,244";"0,362";"0,254";"0,860";"0,000";"0,000";"0,000";
"03/11/2024 20:00";"0,371";"0,000";"0,522";"0,000";"0,369";"0,000";"1,262";"0,000";"0,000";"0,000";"0,000";"0,087";"0,371";"0,522";"0,369";"1,262";"0,000";"0,000";"0,000";
"03/11/2024 20:10";"0,472";"0,000";"0,365";"0,000";"0,268";"0,000";"1,105";"0,000";"0,000";"0,000";"0,000";"0,195";"0,472";"0,365";"0,268";"1,105";"0,000";"0,000";"0,000";
"03/11/2024 20:20";"0,237";"0,000";"0,340";"0,000";"0,255";"0,000";"0,833";"0,000";"0,000";"0,000";"0,000";"0,201";"0,237";"0,340";"0,255";"0,833";"0,000";"0,000";"0,000";
"03/11/2024 20:30";"0,314";"0,000";"0,464";"0,000";"0,323";"0,000";"1,101";"0,000";"0,002";"0,000";"0,000";"0,126";"0,314";"0,464";"0,323";"1,101";"0,000";"0,000";"0,000";
"03/11/2024 20:40";"0,546";"0,000";"0,448";"0,000";"0,314";"0,000";"1,308";"0,000";"0,000";"0,000";"0,000";"0,149";"0,546";"0,448";"0,314";"1,308";"0,000";"0,000";"0,000";
"03/11/2024 20:50";"0,263";"0,000";"0,344";"0,000";"0,254";"0,000";"0,861";"0,000";"0,000";"0,000";"0,000";"0,191";"0,263";"0,344";"0,254";"0,861";"0,000";"0,000";"0,000";
"03/11/2024 21:00";"0,261";"0,000";"0,380";"0,000";"0,272";"0,000";"0,913";"0,000";"0,000";"0,000";"0,000";"0,185";"0,261";"0,380";"0,272";"0,913";"0,000";"0,000";"0,000";
"03/11/2024 21:10";"0,359";"0,000";"0,501";"0,000";"0,364";"0,000";"1,223";"0,000";"0,003";"0,000";"0,000";"0,109";"0,359";"0,501";"0,364";"1,223";"0,000";"0,000";"0,000";
"03/11/2024 21:20";"0,438";"0,000";"0,470";"0,000";"0,358";"0,000";"1,266";"0,000";"0,000";"0,000";"0,000";"0,099";"0,438";"0,470";"0,358";"1,266";"0,000";"0,000";"0,000";
"03/11/2024 21:30";"0,480";"0,000";"0,349";"0,000";"0,260";"0,000";"1,089";"0,000";"0,000";"0,000";"0,000";"0,192";"0,480";"0,349";"0,260";"1,089";"0,000";"0,000";"0,000";
"03/11/2024 21:40";"0,335";"0,000";"0,483";"0,000";"0,340";"0,000";"1,158";"0,000";"0,004";"0,000";"0,000";"0,119";"0,335";"0,483";"0,340";"1,158";"0,000";"0,000";"0,000";
"03/11/2024 21:50";"0,284";"0,000";"0,404";"0,000";"0,283";"0,000";"0,971";"0,000";"0,000";"0,000";"0,000";"0,176";"0,284";"0,404";"0,283";"0,971";"0,000";"0,000";"0,000";
"03/11/2024 22:00";"0,252";"0,000";"0,349";"0,000";"0,257";"0,000";"0,858";"0,000";"0,000";"0,000";"0,000";"0,191";"0,252";"0,349";"0,257";"0,858";"0,000";"0,000";"0,000";
"03/11/2024 22:10";"0,289";"0,000";"0,413";"0,000";"0,293";"0,000";"0,995";"0,000";"0,000";"0,000";"0,000";"0,154";"0,289";"0,413";"0,293";"0,995";"0,000";"0,000";"0,000";
"03/11/2024 22:20";"0,624";"0,000";"0,539";"0,000";"0,331";"0,000";"1,494";"0,000";"0,000";"0,000";"0,000";"0,132";"0,624";"0,539";"0,331";"1,494";"0,000";"0,000";"0,000";
"03/11/2024 22:30";"0,444";"0,000";"0,450";"0,000";"0,330";"0,000";"1,223";"0,000";"0,005";"0,000";"0,000";"0,134";"0,444";"0,450";"0,330";"1,223";"0,000";"0,000";"0,000";
"03/11/2024 22:40";"0,272";"0,000";"0,375";"0,000";"0,327";"0,000";"0,974";"0,000";"0,003";"0,000";"0,000";"0,192";"0,272";"0,375";"0,327";"0,974";"0,000";"0,000";"0,000";
"03/11/2024 22:50";"0,258";"0,000";"0,356";"0,000";"0,549";"0,000";"1,164";"0,000";"0,000";"0,000";"0,000";"0,209";"0,258";"0,356";"0,549";"1,164";"0,000";"0,000";"0,000";
"03/11/2024 23:00";"0,487";"0,000";"0,411";"0,000";"0,575";"0,000";"1,473";"0,000";"0,000";"0,000";"0,000";"0,200";"0,487";"0,411";"0,575";"1,473";"0,000";"0,000";"0,000";
"03/11/2024 23:10";"0,908";"0,000";"0,560";"0,000";"0,610";"0,000";"2,078";"0,000";"0,000";"0,000";"0,000";"0,158";"0,908";"0,560";"0,610";"2,078";"0,000";"0,000";"0,000";
"03/11/2024 23:20";"0,500";"0,000";"0,345";"0,000";"0,520";"0,000";"1,366";"0,000";"0,000";"0,000";"0,000";"0,224";"0,500";"0,345";"0,520";"1,366";"0,000";"0,000";"0,000";
"03/11/2024 23:30";"0,239";"0,000";"0,358";"0,000";"0,520";"0,000";"1,117";"0,000";"0,000";"0,000";"0,000";"0,214";"0,239";"0,358";"0,520";"1,117";"0,000";"0,000";"0,000";
"03/11/2024 23:40";"0,337";"0,000";"0,486";"0,000";"0,612";"0,000";"1,435";"0,000";"0,001";"0,000";"0,000";"0,139";"0,337";"0,486";"0,612";"1,435";"0,000";"0,000";"0,000";
"03/11/2024 23:50";"0,301";"0,000";"0,415";"0,000";"0,557";"0,000";"1,273";"0,000";"0,000";"0,000";"0,000";"0,185";"0,301";"0,415";"0,557";"1,273";"0,000";"0,000";"0,000";
"04/11/2024 00:00";"0,352";"0,000";"0,463";"0,000";"0,624";"0,000";"1,439";"0,000";"0,000";"0,000";"0,000";"0,135";"0,352";"0,463";"0,624";"1,439";"0,000";"0,000";"0,000";
"04/11/2024 00:10";"0,533";"0,000";"0,390";"0,000";"0,564";"0,000";"1,487";"0,000";"0,000";"0,000";"0,000";"0,193";"0,533";"0,390";"0,564";"1,487";"0,000";"0,000";"0,000";
"04/11/2024 00:20";"0,239";"0,000";"0,392";"0,000";"0,524";"0,000";"1,154";"0,000";"0,000";"0,000";"0,000";"0,217";"0,239";"0,392";"0,524";"1,154";"0,000";"0,000";"0,000";
"04/11/2024 00:30";"0,309";"0,000";"0,440";"0,000";"0,583";"0,000";"1,332";"0,000";"0,000";"0,000";"0,000";"0,177";"0,309";"0,440";"0,583";"1,332";"0,000";"0,000";"0,000";
"04/11/2024 00:40";"0,322";"0,000";"0,420";"0,000";"0,591";"0,000";"1,333";"0,000";"0,000";"0,000";"0,000";"0,157";"0,322";"0,420";"0,591";"1,333";"0,000";"0,000";"0,000";
"04/11/2024 00:50";"0,344";"0,000";"0,482";"0,000";"0,615";"0,000";"1,441";"0,000";"0,000";"0,000";"0,000";"0,137";"0,344";"0,482";"0,615";"1,441";"0,000";"0,000";"0,000";
"04/11/2024 01:00";"0,519";"0,000";"0,409";"0,000";"0,550";"0,000";"1,478";"0,000";"0,000";"0,000";"0,000";"0,210";"0,519";"0,409";"0,550";"1,478";"0,000";"0,000";"0,000";
"04/11/2024 01:10";"0,238";"0,000";"0,336";"0,000";"0,532";"0,000";"1,106";"0,000";"0,000";"0,000";"0,000";"0,229";"0,238";"0,336";"0,532";"1,106";"0,000";"0,000";"0,000";
"04/11/2024 01:20";"0,295";"0,000";"0,447";"0,000";"0,583";"0,000";"1,325";"0,000";"0,000";"0,000";"0,000";"0,178";"0,295";"0,447";"0,583";"1,325";"0,000";"0,000";"0,000";
"04/11/2024 01:30";"0,328";"0,000";"0,458";"0,000";"0,612";"0,000";"1,398";"0,000";"0,000";"0,000";"0,000";"0,152";"0,328";"0,458";"0,612";"1,398";"0,000";"0,000";"0,000";
"04/11/2024 01:40";"0,332";"0,000";"0,431";"0,000";"0,607";"0,000";"1,370";"0,000";"0,000";"0,000";"0,000";"0,159";"0,332";"0,431";"0,607";"1,370";"0,000";"0,000";"0,000";
"04/11/2024 01:50";"0,547";"0,000";"0,446";"0,000";"0,587";"0,000";"1,580";"0,000";"0,000";"0,000";"0,000";"0,190";"0,547";"0,446";"0,587";"1,580";"0,000";"0,000";"0,000";
"04/11/2024 02:00";"0,239";"0,000";"0,355";"0,000";"0,539";"0,000";"1,132";"0,000";"0,000";"0,000";"0,000";"0,215";"0,239";"0,355";"0,539";"1,132";"0,000";"0,000";"0,000";
"04/11/2024 02:10";"0,278";"0,000";"0,416";"0,000";"0,574";"0,000";"1,268";"0,000";"0,000";"0,000";"0,000";"0,192";"0,278";"0,416";"0,574";"1,268";"0,000";"0,000";"0,000";
"04/11/2024 02:20";"0,354";"0,000";"0,488";"0,000";"0,647";"0,000";"1,489";"0,000";"0,000";"0,000";"0,000";"0,146";"0,354";"0,488";"0,647";"1,489";"0,000";"0,000";"0,000";
"04/11/2024 02:30";"0,380";"0,000";"0,400";"0,000";"0,607";"0,000";"1,388";"0,000";"0,000";"0,000";"0,000";"0,139";"0,380";"0,400";"0,607";"1,388";"0,000";"0,000";"0,000";
"04/11/2024 02:40";"0,598";"0,000";"0,469";"0,000";"0,662";"0,000";"1,729";"0,000";"0,005";"0,000";"0,000";"0,117";"0,598";"0,469";"0,662";"1,729";"0,000";"0,000";"0,000";
"04/11/2024 02:50";"0,459";"0,000";"0,493";"0,000";"0,627";"0,000";"1,578";"0,000";"0,000";"0,000";"0,000";"0,086";"0,459";"0,493";"0,627";"1,578";"0,000";"0,000";"0,000";
"04/11/2024 03:00";"0,804";"0,000";"0,395";"0,000";"0,585";"0,000";"1,785";"0,000";"0,002";"0,000";"0,000";"0,146";"0,804";"0,395";"0,585";"1,785";"0,000";"0,000";"0,000";
"04/11/2024 03:10";"0,936";"0,000";"0,389";"0,000";"0,524";"0,000";"1,849";"0,000";"0,000";"0,000";"0,000";"0,196";"0,936";"0,389";"0,524";"1,849";"0,000";"0,000";"0,000";
"04/11/2024 03:20";"0,488";"0,000";"0,449";"0,000";"0,588";"0,000";"1,525";"0,000";"0,000";"0,000";"0,000";"0,177";"0,488";"0,449";"0,588";"1,525";"0,000";"0,000";"0,000";
"04/11/2024 03:30";"0,510";"0,000";"0,426";"0,000";"0,619";"0,000";"1,556";"0,000";"0,001";"0,000";"0,000";"0,157";"0,510";"0,426";"0,619";"1,556";"0,000";"0,000";"0,000";
"04/11/2024 03:40";"0,419";"0,000";"0,475";"0,000";"0,621";"0,000";"1,515";"0,000";"0,000";"0,000";"0,000";"0,217";"0,419";"0,475";"0,621";"1,515";"0,000";"0,000";"0,000";
"04/11/2024 03:50";"0,256";"0,000";"0,398";"0,000";"0,535";"0,000";"1,189";"0,000";"0,000";"0,000";"0,000";"0,222";"0,256";"0,398";"0,535";"1,189";"0,000";"0,000";"0,000";
"04/11/2024 04:00";"0,380";"0,000";"0,474";"0,000";"0,659";"0,000";"1,514";"0,000";"0,000";"0,000";"0,000";"0,117";"0,380";"0,474";"0,659";"1,514";"0,000";"0,000";"0,000";
"04/11/2024 04:10";"0,538";"0,000";"0,448";"0,000";"0,579";"0,000";"1,565";"0,000";"0,000";"0,000";"0,000";"0,194";"0,538";"0,448";"0,579";"1,565";"0,000";"0,000";"0,000";
"04/11/2024 04:20";"0,395";"0,000";"0,491";"0,000";"0,653";"0,000";"1,539";"0,000";"0,001";"0,000";"0,000";"0,100";"0,395";"0,491";"0,653";"1,539";"0,000";"0,000";"0,000";
"04/11/2024 04:30";"0,464";"0,000";"0,434";"0,000";"0,607";"0,000";"1,506";"0,000";"0,000";"0,000";"0,000";"0,167";"0,464";"0,434";"0,607";"1,506";"0,000";"0,000";"0,000";
"04/11/2024 04:40";"0,558";"0,000";"0,430";"0,000";"0,565";"0,000";"1,553";"0,000";"0,001";"0,000";"0,000";"0,197";"0,558";"0,430";"0,565";"1,553";"0,000";"0,000";"0,000";
"04/11/2024 04:50";"0,347";"0,000";"0,474";"0,000";"0,641";"0,000";"1,462";"0,000";"0,001";"0,000";"0,000";"0,129";"0,347";"0,474";"0,641";"1,462";"0,000";"0,000";"0,000";
"04/11/2024 05:00";"0,263";"0,000";"0,358";"0,000";"0,553";"0,000";"1,175";"0,000";"0,000";"0,000";"0,000";"0,219";"0,263";"0,358";"0,553";"1,175";"0,000";"0,000";"0,000";
"04/11/2024 05:10";"0,604";"0,000";"0,728";"0,000";"0,784";"0,000";"2,116";"0,000";"0,031";"0,000";"0,000";"0,116";"0,604";"0,728";"0,784";"2,116";"0,000";"0,000";"0,000";
"04/11/2024 05:20";"0,996";"0,000";"1,008";"0,000";"0,991";"0,000";"2,994";"0,000";"0,002";"0,000";"0,000";"0,145";"0,996";"1,008";"0,991";"2,994";"0,000";"0,000";"0,000";
"04/11/2024 05:30";"1,821";"0,000";"1,646";"0,000";"1,802";"0,000";"5,269";"0,000";"0,114";"0,000";"0,000";"0,172";"1,821";"1,646";"1,802";"5,269";"0,000";"0,000";"0,000";
"04/11/2024 05:40";"1,894";"0,000";"1,957";"0,000";"2,148";"0,000";"6,000";"0,000";"0,092";"0,000";"0,000";"0,242";"1,894";"1,957";"2,148";"6,000";"0,000";"0,000";"0,000";
"04/11/2024 05:50";"1,720";"0,000";"1,615";"0,000";"1,840";"0,000";"5,175";"0,000";"0,078";"0,000";"0,000";"0,274";"1,720";"1,615";"1,840";"5,175";"0,000";"0,000";"0,000";
"04/11/2024 06:00";"2,775";"0,000";"2,125";"0,000";"2,793";"0,000";"7,693";"0,000";"0,048";"0,000";"0,000";"0,367";"2,775";"2,125";"2,793";"7,693";"0,000";"0,000";"0,000";
"04/11/2024 06:10";"2,319";"0,000";"2,023";"0,000";"2,674";"0,000";"7,016";"0,000";"0,153";"0,000";"0,000";"0,474";"2,319";"2,023";"2,674";"7,016";"0,000";"0,000";"0,000";
"04/11/2024 06:20";"2,165";"0,000";"2,069";"0,000";"2,217";"0,000";"6,451";"0,000";"0,701";"0,000";"0,000";"1,040";"2,165";"2,069";"2,217";"6,451";"0,000";"0,000";"0,000";
"04/11/2024 06:30";"2,301";"0,000";"2,113";"0,000";"2,412";"0,000";"6,826";"0,000";"0,623";"0,000";"0,000";"0,394";"2,301";"2,113";"2,412";"6,826";"0,000";"0,000";"0,000";
"04/11/2024 06:40";"2,313";"0,000";"1,852";"0,000";"2,290";"0,000";"6,456";"0,000";"0,493";"0,000";"0,000";"0,682";"2,313";"1,852";"2,290";"6,456";"0,000";"0,000";"0,000";
"04/11/2024 06:50";"2,195";"0,000";"1,962";"0,000";"2,177";"0,000";"6,334";"0,000";"0,725";"0,000";"0,000";"0,655";"2,195";"1,962";"2,177";"6,334";"0,000";"0,000";"0,000";
"04/11/2024 07:00";"2,464";"0,000";"2,124";"0,000";"2,590";"0,000";"7,177";"0,000";"1,262";"0,000";"0,000";"0,650";"2,464";"2,124";"2,590";"7,177";"0,000";"0,000";"0,000";
"04/11/2024 07:10";"2,277";"0,000";"2,291";"0,000";"2,381";"0,000";"6,949";"0,000";"0,654";"0,000";"0,000";"0,468";"2,277";"2,291";"2,381";"6,949";"0,000";"0,000";"0,000";
"04/11/2024 07:20";"2,311";"0,000";"2,354";"0,000";"2,565";"0,000";"7,230";"0,000";"0,541";"0,000";"0,000";"0,098";"2,311";"2,354";"2,565";"7,230";"0,000";"0,000";"0,000";
"04/11/2024 07:30";"2,008";"0,000";"2,208";"0,000";"2,365";"0,000";"6,580";"0,000";"0,335";"0,000";"0,000";"0,204";"2,008";"2,208";"2,365";"6,580";"0,000";"0,000";"0,000";
"04/11/2024 07:40";"2,284";"0,000";"2,331";"0,000";"2,491";"0,000";"7,107";"0,000";"0,670";"0,000";"0,000";"0,460";"2,284";"2,331";"2,491";"7,107";"0,000";"0,000";"0,000";
"04/11/2024 07:50";"2,751";"0,000";"2,549";"0,000";"2,861";"0,000";"8,161";"0,000";"0,621";"0,000";"0,000";"0,447";"2,751";"2,549";"2,861";"8,161";"0,000";"0,000";"0,000";
"04/11/2024 08:00";"2,954";"0,000";"2,448";"0,000";"2,975";"0,000";"8,377";"0,000";"0,624";"0,000";"0,000";"0,467";"2,954";"2,448";"2,975";"8,377";"0,000";"0,000";"0,000";
"04/11/2024 08:10";"3,035";"0,000";"2,791";"0,000";"3,188";"0,000";"9,013";"0,000";"0,321";"0,000";"0,000";"0,288";"3,035";"2,791";"3,188";"9,013";"0,000";"0,000";"0,000";
"04/11/2024 08:20";"2,778";"0,000";"2,351";"0,000";"2,682";"0,000";"7,810";"0,000";"0,389";"0,000";"0,000";"0,308";"2,778";"2,351";"2,682";"7,810";"0,000";"0,000";"0,000";
"04/11/2024 08:30";"3,817";"0,000";"3,389";"0,000";"3,708";"0,000";"10,914";"0,000";"0,725";"0,000";"0,000";"0,799";"3,817";"3,389";"3,708";"10,914";"0,000";"0,000";"0,000";
"04/11/2024 08:40";"3,403";"0,000";"3,192";"0,000";"3,421";"0,000";"10,016";"0,000";"0,490";"0,000";"0,000";"0,741";"3,403";"3,192";"3,421";"10,016";"0,000";"0,000";"0,000";
"04/11/2024 08:50";"2,744";"0,000";"2,752";"0,000";"2,974";"0,000";"8,470";"0,000";"0,573";"0,000";"0,000";"0,465";"2,744";"2,752";"2,974";"8,470";"0,000";"0,000";"0,000";
"04/11/2024 09:00";"3,335";"0,000";"2,974";"0,000";"3,425";"0,000";"9,734";"0,000";"0,374";"0,000";"0,000";"0,477";"3,335";"2,974";"3,425";"9,734";"0,000";"0,000";"0,000";
"04/11/2024 09:10";"2,826";"0,000";"2,733";"0,000";"3,202";"0,000";"8,761";"0,000";"0,551";"0,000";"0,000";"0,539";"2,826";"2,733";"3,202";"8,761";"0,000";"0,000";"0,000";
"04/11/2024 09:20";"2,898";"0,000";"2,681";"0,000";"3,112";"0,000";"8,691";"0,000";"0,453";"0,000";"0,000";"0,406";"2,898";"2,681";"3,112";"8,691";"0,000";"0,000";"0,000";
"04/11/2024 09:30";"3,004";"0,000";"2,707";"0,000";"2,951";"0,000";"8,662";"0,000";"0,249";"0,000";"0,000";"0,365";"3,391";"3,095";"3,338";"9,825";"1,163";"0,649";"0,514";
"04/11/2024 09:40";"3,033";"0,000";"2,674";"0,000";"2,952";"0,000";"8,658";"0,000";"0,691";"0,000";"0,000";"0,496";"3,613";"3,254";"3,532";"10,398";"1,740";"0,970";"0,770";
"04/11/2024 09:50";"2,260";"0,000";"2,311";"0,000";"2,590";"0,000";"7,160";"0,000";"0,276";"0,000";"0,000";"0,164";"2,779";"2,830";"3,109";"8,717";"1,557";"0,870";"0,687";
"04/11/2024 10:00";"2,323";"0,000";"2,282";"0,000";"2,563";"0,000";"7,168";"0,000";"0,269";"0,000";"0,000";"0,003";"3,203";"3,161";"3,443";"9,807";"2,639";"1,465";"1,174";
"04/11/2024 10:10";"2,590";"0,000";"2,310";"0,000";"2,626";"0,000";"7,525";"0,000";"0,285";"0,000";"0,000";"0,117";"3,632";"3,352";"3,668";"10,651";"3,126";"1,652";"1,474";
"04/11/2024 10:20";"2,332";"0,000";"2,450";"0,000";"2,708";"0,000";"7,490";"0,000";"0,271";"0,000";"0,000";"0,286";"3,355";"3,473";"3,731";"10,558";"3,068";"1,558";"1,510";
"04/11/2024 10:30";"3,521";"0,000";"3,140";"0,000";"3,829";"0,000";"10,490";"0,000";"0,499";"0,000";"0,000";"0,771";"4,633";"4,251";"4,940";"13,825";"3,335";"1,685";"1,650";
"04/11/2024 10:40";"3,085";"0,000";"2,848";"0,000";"3,491";"0,000";"9,424";"0,000";"0,692";"0,000";"0,000";"0,433";"4,381";"4,144";"4,787";"13,312";"3,888";"1,963";"1,925";
"04/11/2024 10:50";"2,747";"0,000";"2,639";"0,000";"3,319";"0,000";"8,704";"0,000";"0,386";"0,000";"0,000";"0,606";"4,123";"4,015";"4,695";"12,832";"4,128";"2,085";"2,043";
"04/11/2024 11:00";"2,521";"0,000";"2,423";"0,000";"3,120";"0,000";"8,064";"0,000";"0,409";"0,000";"0,000";"0,475";"3,637";"3,539";"4,237";"11,413";"3,349";"1,701";"1,648";
"04/11/2024 11:10";"2,886";"0,000";"2,574";"0,000";"3,310";"0,000";"8,770";"0,000";"0,705";"0,000";"0,000";"0,479";"3,978";"3,667";"4,402";"12,047";"3,277";"1,667";"1,610";
"04/11/2024 11:20";"2,896";"0,000";"2,549";"0,000";"3,521";"0,000";"8,965";"0,000";"0,472";"0,000";"0,000";"0,779";"4,422";"4,075";"5,048";"13,545";"4,580";"2,326";"2,254";
"04/11/2024 11:30";"3,152";"0,000";"2,742";"0,000";"3,711";"0,000";"9,604";"0,000";"0,481";"0,000";"0,000";"0,480";"5,058";"4,647";"5,616";"15,320";"5,716";"2,895";"2,821";
"04/11/2024 11:40";"3,946";"0,000";"4,252";"0,000";"4,403";"0,000";"12,602";"0,000";"0,888";"0,000";"0,000";"0,733";"5,075";"5,380";"5,532";"15,987";"3,385";"1,718";"1,667";
"04/11/2024 11:50";"8,350";"0,000";"8,646";"0,000";"8,340";"0,000";"25,336";"0,000";"0,955";"0,000";"0,000";"0,527";"9,948";"10,243";"9,938";"30,129";"4,793";"2,427";"2,366";
"04/11/2024 12:00";"8,984";"0,000";"9,463";"0,000";"9,164";"0,000";"27,612";"0,000";"1,284";"0,000";"0,000";"0,231";"10,738";"11,217";"10,918";"32,873";"5,261";"2,662";"2,599";
"04/11/2024 12:10";"8,105";"0,000";"8,758";"0,000";"8,387";"0,000";"25,249";"0,000";"1,020";"0,000";"0,000";"0,557";"9,534";"10,187";"9,816";"29,536";"4,287";"2,168";"2,119";
"04/11/2024 12:20";"6,816";"0,000";"7,247";"0,000";"6,962";"0,000";"21,024";"0,000";"0,690";"0,000";"0,000";"0,690";"7,734";"8,165";"7,880";"23,778";"2,754";"1,397";"1,357";
"04/11/2024 12:30";"6,844";"0,000";"7,152";"0,000";"7,051";"0,000";"21,047";"0,000";"0,661";"0,000";"0,000";"0,891";"8,001";"8,310";"8,209";"24,520";"3,473";"1,760";"1,713";
"04/11/2024 12:40";"7,046";"0,000";"7,384";"0,000";"7,281";"0,000";"21,710";"0,000";"1,018";"0,000";"0,000";"0,656";"7,641";"7,979";"7,876";"23,496";"1,786";"0,909";"0,877";
"04/11/2024 12:50";"7,257";"0,000";"7,286";"0,000";"7,314";"0,000";"21,858";"0,000";"0,852";"0,000";"0,000";"0,836";"7,924";"7,953";"7,981";"23,858";"2,000";"1,017";"0,983";
"04/11/2024 13:00";"6,587";"0,000";"6,929";"0,000";"6,803";"0,000";"20,319";"0,000";"0,671";"0,000";"0,000";"0,522";"7,380";"7,722";"7,597";"22,699";"2,380";"1,208";"1,172";
"04/11/2024 13:10";"4,035";"0,000";"4,723";"0,000";"4,223";"0,000";"12,981";"0,000";"0,569";"0,000";"0,000";"0,591";"4,812";"5,500";"5,001";"15,313";"2,332";"1,184";"1,148";
"04/11/2024 13:20";"2,678";"0,000";"3,588";"0,000";"3,020";"0,000";"9,286";"0,000";"0,405";"0,000";"0,000";"0,373";"3,467";"4,377";"3,808";"11,652";"2,366";"1,201";"1,165";
"04/11/2024 13:30";"2,786";"0,000";"3,485";"0,000";"2,854";"0,000";"9,125";"0,000";"0,324";"0,000";"0,000";"0,354";"3,716";"4,416";"3,784";"11,916";"2,791";"1,415";"1,376";
"04/11/2024 13:40";"2,230";"0,000";"3,030";"0,000";"2,249";"0,000";"7,508";"0,000";"0,110";"0,000";"0,000";"0,313";"3,398";"4,198";"3,417";"11,012";"3,504";"1,774";"1,730";
"04/11/2024 13:50";"1,305";"0,000";"2,031";"0,000";"1,325";"0,000";"4,662";"0,000";"0,074";"0,000";"0,000";"0,227";"2,253";"2,979";"2,273";"7,506";"2,844";"1,440";"1,404";
"04/11/2024 14:00";"0,787";"0,000";"1,227";"0,000";"0,797";"0,000";"2,811";"0,000";"0,001";"0,000";"0,000";"0,163";"1,641";"2,081";"1,651";"5,373";"2,562";"1,298";"1,264";
"04/11/2024 14:10";"0,646";"0,000";"0,607";"0,000";"0,557";"0,000";"1,810";"0,000";"0,006";"0,000";"0,000";"0,178";"1,495";"1,456";"1,406";"4,358";"2,548";"1,291";"1,257";
"04/11/2024 14:20";"0,649";"0,000";"0,569";"0,000";"0,531";"0,000";"1,750";"0,000";"0,000";"0,000";"0,000";"0,236";"1,501";"1,421";"1,383";"4,306";"2,556";"1,295";"1,261";
"04/11/2024 14:30";"0,822";"0,000";"0,771";"0,000";"0,751";"0,000";"2,344";"0,000";"0,075";"0,000";"0,000";"0,268";"1,635";"1,584";"1,565";"4,785";"2,441";"1,236";"1,205";
"04/11/2024 14:40";"0,601";"0,000";"0,497";"0,000";"0,639";"0,000";"1,737";"0,000";"0,000";"0,000";"0,000";"0,230";"1,369";"1,265";"1,407";"4,042";"2,305";"1,168";"1,137";
"04/11/2024 14:50";"0,624";"0,000";"0,489";"0,000";"0,391";"0,000";"1,505";"0,000";"0,000";"0,000";"0,000";"0,203";"1,323";"1,188";"1,089";"3,600";"2,095";"1,062";"1,033";
"04/11/2024 15:00";"0,584";"0,000";"0,507";"0,000";"0,241";"0,000";"1,332";"0,000";"0,000";"0,000";"0,000";"0,190";"1,202";"1,125";"0,859";"3,185";"1,853";"0,940";"0,913";
"04/11/2024 15:10";"0,733";"0,000";"0,703";"0,000";"0,472";"0,000";"1,908";"0,000";"0,042";"0,000";"0,000";"0,163";"1,261";"1,232";"1,000";"3,493";"1,585";"0,805";"0,780";
"04/11/2024 15:20";"0,644";"0,000";"0,541";"0,000";"0,316";"0,000";"1,501";"0,000";"0,000";"0,000";"0,000";"0,181";"1,093";"0,989";"0,765";"2,847";"1,346";"0,684";"0,662";
"04/11/2024 15:30";"0,622";"0,000";"0,549";"0,000";"0,287";"0,000";"1,458";"0,000";"0,000";"0,000";"0,000";"0,214";"0,907";"0,834";"0,572";"2,313";"0,855";"0,436";"0,419";
"04/11/2024 15:40";"0,556";"0,000";"0,486";"0,000";"0,251";"0,000";"1,293";"0,000";"0,000";"0,000";"0,000";"0,189";"0,884";"0,814";"0,579";"2,277";"0,984";"0,501";"0,483";
"04/11/2024 15:50";"0,582";"0,000";"0,458";"0,000";"0,317";"0,000";"1,357";"0,000";"0,000";"0,000";"0,000";"0,190";"0,892";"0,769";"0,627";"2,288";"0,931";"0,474";"0,457";
"04/11/2024 16:00";"0,787";"0,000";"0,818";"0,000";"0,613";"0,000";"2,218";"0,000";"0,100";"0,000";"0,000";"0,198";"1,102";"1,133";"0,927";"3,162";"0,944";"0,480";"0,464";
"04/11/2024 16:10";"0,651";"0,000";"0,558";"0,000";"0,295";"0,000";"1,504";"0,000";"0,000";"0,000";"0,000";"0,177";"0,870";"0,777";"0,514";"2,161";"0,657";"0,335";"0,322";
"04/11/2024 16:20";"0,762";"0,000";"0,584";"0,000";"0,341";"0,000";"1,686";"0,000";"0,008";"0,000";"0,000";"0,136";"0,903";"0,725";"0,482";"2,109";"0,423";"0,217";"0,206";
"04/11/2024 16:30";"0,805";"0,000";"0,590";"0,000";"0,303";"0,000";"1,699";"0,000";"0,000";"0,000";"0,000";"0,164";"0,927";"0,712";"0,425";"2,063";"0,364";"0,187";"0,177";
"04/11/2024 16:40";"0,978";"0,000";"0,743";"0,000";"0,560";"0,000";"2,281";"0,000";"0,044";"0,000";"0,000";"0,263";"1,106";"0,871";"0,688";"2,665";"0,384";"0,197";"0,187";
"04/11/2024 16:50";"0,822";"0,000";"0,591";"0,000";"0,352";"0,000";"1,766";"0,000";"0,000";"0,000";"0,000";"0,137";"0,935";"0,704";"0,465";"2,105";"0,339";"0,174";"0,165";
"04/11/2024 17:00";"0,780";"0,000";"0,594";"0,000";"0,342";"0,000";"1,717";"0,000";"0,000";"0,000";"0,000";"0,162";"0,895";"0,709";"0,457";"2,062";"0,345";"0,177";"0,168";
"04/11/2024 17:10";"0,756";"0,000";"0,472";"0,000";"0,298";"0,000";"1,527";"0,000";"0,031";"0,000";"0,000";"0,179";"0,883";"0,598";"0,424";"1,906";"0,379";"0,194";"0,185";
"04/11/2024 17:20";"1,022";"0,000";"0,708";"0,000";"0,529";"0,000";"2,260";"0,000";"0,052";"0,000";"0,000";"0,227";"1,125";"0,811";"0,631";"2,567";"0,307";"0,158";"0,149";
"04/11/2024 17:30";"0,733";"0,000";"0,536";"0,000";"0,333";"0,000";"1,603";"0,000";"0,000";"0,000";"0,000";"0,238";"0,796";"0,599";"0,396";"1,792";"0,189";"0,098";"0,091";
"04/11/2024 17:40";"0,664";"0,000";"0,490";"0,000";"0,289";"0,000";"1,442";"0,000";"0,000";"0,000";"0,000";"0,196";"0,697";"0,523";"0,322";"1,541";"0,099";"0,052";"0,047";
"04/11/2024 17:50";"0,707";"0,000";"0,576";"0,000";"0,328";"0,000";"1,610";"0,000";"0,004";"0,000";"0,000";"0,204";"0,720";"0,589";"0,341";"1,650";"0,040";"0,021";"0,019";
"04/11/2024 18:00";"0,878";"0,000";"0,730";"0,000";"0,587";"0,000";"2,194";"0,000";"0,074";"0,000";"0,000";"0,186";"0,881";"0,733";"0,590";"2,203";"0,009";"0,005";"0,004";
"04/11/2024 18:10";"0,583";"0,000";"0,471";"0,000";"0,296";"0,000";"1,350";"0,000";"0,000";"0,000";"0,000";"0,197";"0,583";"0,471";"0,296";"1,350";"0,000";"0,000";"0,000";
"04/11/2024 18:20";"0,682";"0,000";"0,657";"0,000";"0,410";"0,000";"1,749";"0,000";"0,000";"0,000";"0,000";"0,283";"0,682";"0,657";"0,410";"1,749";"0,000";"0,000";"0,000";
"04/11/2024 18:30";"0,793";"0,000";"0,692";"0,000";"0,684";"0,000";"2,169";"0,000";"0,000";"0,000";"0,000";"0,232";"0,793";"0,692";"0,684";"2,169";"0,000";"0,000";"0,000";
"04/11/2024 18:40";"0,881";"0,000";"0,709";"0,000";"0,865";"0,000";"2,454";"0,000";"0,090";"0,000";"0,000";"0,298";"0,881";"0,709";"0,865";"2,454";"0,000";"0,000";"0,000";
"04/11/2024 18:50";"0,596";"0,000";"0,563";"0,000";"0,635";"0,000";"1,794";"0,000";"0,000";"0,000";"0,000";"0,274";"0,596";"0,563";"0,635";"1,794";"0,000";"0,000";"0,000";
"04/11/2024 19:00";"0,610";"0,000";"0,535";"0,000";"0,663";"0,000";"1,807";"0,000";"0,000";"0,000";"0,000";"0,219";"0,610";"0,535";"0,663";"1,807";"0,000";"0,000";"0,000";
"04/11/2024 19:10";"0,746";"0,000";"0,622";"0,000";"0,732";"0,000";"2,100";"0,000";"0,000";"0,000";"0,000";"0,179";"0,746";"0,622";"0,732";"2,100";"0,000";"0,000";"0,000";
"04/11/2024 19:20";"0,806";"0,000";"0,677";"0,000";"0,810";"0,000";"2,293";"0,000";"0,072";"0,000";"0,000";"0,327";"0,806";"0,677";"0,810";"2,293";"0,000";"0,000";"0,000";
"04/11/2024 19:30";"0,554";"0,000";"0,494";"0,000";"0,625";"0,000";"1,674";"0,000";"0,007";"0,000";"0,000";"0,245";"0,554";"0,494";"0,625";"1,674";"0,000";"0,000";"0,000";
"04/11/2024 19:40";"0,431";"0,000";"0,617";"0,000";"0,735";"0,000";"1,783";"0,000";"0,000";"0,000";"0,000";"0,147";"0,431";"0,617";"0,735";"1,783";"0,000";"0,000";"0,000";
"04/11/2024 19:50";"0,357";"0,000";"0,563";"0,000";"0,674";"0,000";"1,595";"0,000";"0,000";"0,000";"0,000";"0,228";"0,357";"0,563";"0,674";"1,595";"0,000";"0,000";"0,000";
"04/11/2024 20:00";"0,432";"0,000";"0,618";"0,000";"0,824";"0,000";"1,874";"0,000";"0,098";"0,000";"0,000";"0,266";"0,432";"0,618";"0,824";"1,874";"0,000";"0,000";"0,000";
"04/11/2024 20:10";"0,444";"0,000";"0,561";"0,000";"0,680";"0,000";"1,685";"0,000";"0,000";"0,000";"0,000";"0,221";"0,444";"0,561";"0,680";"1,685";"0,000";"0,000";"0,000";
"04/11/2024 20:20";"0,807";"0,000";"0,588";"0,000";"0,715";"0,000";"2,110";"0,000";"0,000";"0,000";"0,000";"0,183";"0,807";"0,588";"0,715";"2,110";"0,000";"0,000";"0,000";
"04/11/2024 20:30";"0,517";"0,000";"0,568";"0,000";"0,716";"0,000";"1,801";"0,000";"0,000";"0,000";"0,000";"0,186";"0,517";"0,568";"0,716";"1,801";"0,000";"0,000";"0,000";
"04/11/2024 20:40";"0,716";"0,000";"0,671";"0,000";"0,853";"0,000";"2,239";"0,000";"0,033";"0,000";"0,000";"0,233";"0,716";"0,671";"0,853";"2,239";"0,000";"0,000";"0,000";
"04/11/2024 20:50";"0,326";"0,000";"0,516";"0,000";"0,641";"0,000";"1,482";"0,000";"0,000";"0,000";"0,000";"0,265";"0,326";"0,516";"0,641";"1,482";"0,000";"0,000";"0,000";
"04/11/2024 21:00";"0,328";"0,000";"0,512";"0,000";"0,646";"0,000";"1,485";"0,000";"0,000";"0,000";"0,000";"0,218";"0,328";"0,512";"0,646";"1,485";"0,000";"0,000";"0,000";
"04/11/2024 21:10";"0,409";"0,000";"0,605";"0,000";"0,746";"0,000";"1,759";"0,000";"0,000";"0,000";"0,000";"0,160";"0,409";"0,605";"0,746";"1,759";"0,000";"0,000";"0,000";
"04/11/2024 21:20";"0,584";"0,000";"0,720";"0,000";"0,862";"0,000";"2,167";"0,000";"0,072";"0,000";"0,000";"0,356";"0,584";"0,720";"0,862";"2,167";"0,000";"0,000";"0,000";
"04/11/2024 21:30";"0,821";"0,000";"0,480";"0,000";"0,647";"0,000";"1,948";"0,000";"0,000";"0,000";"0,000";"0,271";"0,821";"0,480";"0,647";"1,948";"0,000";"0,000";"0,000";
"04/11/2024 21:40";"0,486";"0,000";"0,589";"0,000";"0,712";"0,000";"1,787";"0,000";"0,000";"0,000";"0,000";"0,155";"0,486";"0,589";"0,712";"1,787";"0,000";"0,000";"0,000";
"04/11/2024 21:50";"0,306";"0,000";"0,513";"0,000";"0,662";"0,000";"1,482";"0,000";"0,000";"0,000";"0,000";"0,248";"0,306";"0,513";"0,662";"1,482";"0,000";"0,000";"0,000";
"04/11/2024 22:00";"0,424";"0,000";"0,668";"0,000";"0,829";"0,000";"1,921";"0,000";"0,034";"0,000";"0,000";"0,266";"0,424";"0,668";"0,829";"1,921";"0,000";"0,000";"0,000";
"04/11/2024 22:10";"0,396";"0,000";"0,517";"0,000";"0,681";"0,000";"1,593";"0,000";"0,000";"0,000";"0,000";"0,282";"0,396";"0,517";"0,681";"1,593";"0,000";"0,000";"0,000";
"04/11/2024 22:20";"0,396";"0,000";"0,521";"0,000";"0,706";"0,000";"1,623";"0,000";"0,000";"0,000";"0,000";"0,238";"0,396";"0,521";"0,706";"1,623";"0,000";"0,000";"0,000";
"04/11/2024 22:30";"0,370";"0,000";"0,595";"0,000";"0,728";"0,000";"1,693";"0,000";"0,000";"0,000";"0,000";"0,176";"0,370";"0,595";"0,728";"1,693";"0,000";"0,000";"0,000";
"04/11/2024 22:40";"0,631";"0,000";"0,664";"0,000";"0,852";"0,000";"2,146";"0,000";"0,078";"0,000";"0,000";"0,290";"0,631";"0,664";"0,852";"2,146";"0,000";"0,000";"0,000";
"04/11/2024 22:50";"0,435";"0,000";"0,600";"0,000";"0,746";"0,000";"1,782";"0,000";"0,000";"0,000";"0,000";"0,171";"0,435";"0,600";"0,746";"1,782";"0,000";"0,000";"0,000";
"04/11/2024 23:00";"0,588";"0,000";"0,493";"0,000";"0,632";"0,000";"1,713";"0,000";"0,000";"0,000";"0,000";"0,238";"0,588";"0,493";"0,632";"1,713";"0,000";"0,000";"0,000";
"04/11/2024 23:10";"0,573";"0,000";"0,508";"0,000";"0,636";"0,000";"1,718";"0,000";"0,000";"0,000";"0,000";"0,267";"0,573";"0,508";"0,636";"1,718";"0,000";"0,000";"0,000";
"04/11/2024 23:20";"0,512";"0,000";"0,725";"0,000";"0,874";"0,000";"2,111";"0,000";"0,080";"0,000";"0,000";"0,271";"0,512";"0,725";"0,874";"2,111";"0,000";"0,000";"0,000";
"04/11/2024 23:30";"0,520";"0,000";"0,538";"0,000";"0,702";"0,000";"1,760";"0,000";"0,000";"0,000";"0,000";"0,209";"0,520";"0,538";"0,702";"1,760";"0,000";"0,000";"0,000";
"04/11/2024 23:40";"0,295";"0,000";"0,508";"0,000";"0,631";"0,000";"1,434";"0,000";"0,000";"0,000";"0,000";"0,240";"0,295";"0,508";"0,631";"1,434";"0,000";"0,000";"0,000";
"04/11/2024 23:50";"0,289";"0,000";"0,520";"0,000";"0,636";"0,000";"1,445";"0,000";"0,000";"0,000";"0,000";"0,254";"0,289";"0,520";"0,636";"1,445";"0,000";"0,000";"0,000";
"05/11/2024 00:00";"0,535";"0,000";"0,743";"0,000";"0,944";"0,000";"2,222";"0,000";"0,077";"0,000";"0,000";"0,218";"0,535";"0,743";"0,944";"2,222";"0,000";"0,000";"0,000";
"05/11/2024 00:10";"0,333";"0,000";"0,538";"0,000";"0,676";"0,000";"1,547";"0,000";"0,000";"0,000";"0,000";"0,232";"0,333";"0,538";"0,676";"1,547";"0,000";"0,000";"0,000";
"05/11/2024 00:20";"0,370";"0,000";"0,555";"0,000";"0,688";"0,000";"1,613";"0,000";"0,000";"0,000";"0,000";"0,210";"0,370";"0,555";"0,688";"1,613";"0,000";"0,000";"0,000";
"05/11/2024 00:30";"0,288";"0,000";"0,484";"0,000";"0,624";"0,000";"1,395";"0,000";"0,000";"0,000";"0,000";"0,264";"0,288";"0,484";"0,624";"1,395";"0,000";"0,000";"0,000";
"05/11/2024 00:40";"0,462";"0,000";"0,671";"0,000";"0,851";"0,000";"1,985";"0,000";"0,038";"0,000";"0,000";"0,196";"0,462";"0,671";"0,851";"1,985";"0,000";"0,000";"0,000";
"05/11/2024 00:50";"0,386";"0,000";"0,637";"0,000";"0,761";"0,000";"1,784";"0,000";"0,000";"0,000";"0,000";"0,194";"0,386";"0,637";"0,761";"1,784";"0,000";"0,000";"0,000";
"05/11/2024 01:00";"0,355";"0,000";"0,541";"0,000";"0,680";"0,000";"1,575";"0,000";"0,000";"0,000";"0,000";"0,208";"0,355";"0,541";"0,680";"1,575";"0,000";"0,000";"0,000";
"05/11/2024 01:10";"0,531";"0,000";"0,534";"0,000";"0,694";"0,000";"1,759";"0,000";"0,000";"0,000";"0,000";"0,217";"0,531";"0,534";"0,694";"1,759";"0,000";"0,000";"0,000";
"05/11/2024 01:20";"0,688";"0,000";"0,712";"0,000";"0,878";"0,000";"2,278";"0,000";"0,076";"0,000";"0,000";"0,262";"0,688";"0,712";"0,878";"2,278";"0,000";"0,000";"0,000";
"05/11/2024 01:30";"0,467";"0,000";"0,525";"0,000";"0,651";"0,000";"1,642";"0,000";"0,000";"0,000";"0,000";"0,254";"0,467";"0,525";"0,651";"1,642";"0,000";"0,000";"0,000";
"05/11/2024 01:40";"0,403";"0,000";"0,609";"0,000";"0,747";"0,000";"1,759";"0,000";"0,000";"0,000";"0,000";"0,155";"0,403";"0,609";"0,747";"1,759";"0,000";"0,000";"0,000";
"05/11/2024 01:50";"0,489";"0,000";"0,490";"0,000";"0,641";"0,000";"1,620";"0,000";"0,000";"0,000";"0,000";"0,258";"0,489";"0,490";"0,641";"1,620";"0,000";"0,000";"0,000";
"05/11/2024 02:00";"0,420";"0,000";"0,639";"0,000";"0,828";"0,000";"1,887";"0,000";"0,071";"0,000";"0,000";"0,315";"0,420";"0,639";"0,828";"1,887";"0,000";"0,000";"0,000";
"05/11/2024 02:10";"0,337";"0,000";"0,542";"0,000";"0,694";"0,000";"1,573";"0,000";"0,000";"0,000";"0,000";"0,217";"0,337";"0,542";"0,694";"1,573";"0,000";"0,000";"0,000";
"05/11/2024 02:20";"0,377";"0,000";"0,552";"0,000";"0,763";"0,000";"1,692";"0,000";"0,000";"0,000";"0,000";"0,183";"0,377";"0,552";"0,763";"1,692";"0,000";"0,000";"0,000";
"05/11/2024 02:30";"0,357";"0,000";"0,562";"0,000";"0,705";"0,000";"1,624";"0,000";"0,000";"0,000";"0,000";"0,211";"0,357";"0,562";"0,705";"1,624";"0,000";"0,000";"0,000";
"05/11/2024 02:40";"0,650";"0,000";"0,629";"0,000";"0,776";"0,000";"2,055";"0,000";"0,066";"0,000";"0,000";"0,276";"0,650";"0,629";"0,776";"2,055";"0,000";"0,000";"0,000";
"05/11/2024 02:50";"0,323";"0,000";"0,556";"0,000";"0,737";"0,000";"1,616";"0,000";"0,000";"0,000";"0,000";"0,267";"0,323";"0,556";"0,737";"1,616";"0,000";"0,000";"0,000";
"05/11/2024 03:00";"0,422";"0,000";"0,624";"0,000";"0,762";"0,000";"1,808";"0,000";"0,000";"0,000";"0,000";"0,196";"0,422";"0,624";"0,762";"1,808";"0,000";"0,000";"0,000";
"05/11/2024 03:10";"0,355";"0,000";"0,546";"0,000";"0,681";"0,000";"1,581";"0,000";"0,000";"0,000";"0,000";"0,294";"0,355";"0,546";"0,681";"1,581";"0,000";"0,000";"0,000";
"05/11/2024 03:20";"0,556";"0,000";"0,762";"0,000";"0,935";"0,000";"2,252";"0,000";"0,070";"0,000";"0,000";"0,232";"0,556";"0,762";"0,935";"2,252";"0,000";"0,000";"0,000";
"05/11/2024 03:30";"0,585";"0,000";"0,525";"0,000";"0,673";"0,000";"1,784";"0,000";"0,000";"0,000";"0,000";"0,227";"0,585";"0,525";"0,673";"1,784";"0,000";"0,000";"0,000";
"05/11/2024 03:40";"0,429";"0,000";"0,481";"0,000";"0,643";"0,000";"1,553";"0,000";"0,000";"0,000";"0,000";"0,250";"0,429";"0,481";"0,643";"1,553";"0,000";"0,000";"0,000";
"05/11/2024 03:50";"0,326";"0,000";"0,522";"0,000";"0,667";"0,000";"1,515";"0,000";"0,000";"0,000";"0,000";"0,235";"0,326";"0,522";"0,667";"1,515";"0,000";"0,000";"0,000";
"05/11/2024 04:00";"0,695";"0,000";"0,783";"0,000";"0,874";"0,000";"2,352";"0,000";"0,066";"0,000";"0,000";"0,270";"0,695";"0,783";"0,874";"2,352";"0,000";"0,000";"0,000";
"05/11/2024 04:10";"0,533";"0,000";"0,603";"0,000";"0,715";"0,000";"1,852";"0,000";"0,000";"0,000";"0,000";"0,198";"0,533";"0,603";"0,715";"1,852";"0,000";"0,000";"0,000";
"05/11/2024 04:20";"0,598";"0,000";"0,499";"0,000";"0,653";"0,000";"1,749";"0,000";"0,000";"0,000";"0,000";"0,244";"0,598";"0,499";"0,653";"1,749";"0,000";"0,000";"0,000";
"05/11/2024 04:30";"0,293";"0,000";"0,486";"0,000";"0,650";"0,000";"1,429";"0,000";"0,000";"0,000";"0,000";"0,245";"0,293";"0,486";"0,650";"1,429";"0,000";"0,000";"0,000";
"05/11/2024 04:40";"0,358";"0,000";"0,591";"0,000";"0,738";"0,000";"1,687";"0,000";"0,092";"0,000";"0,000";"0,253";"0,358";"0,591";"0,738";"1,687";"0,000";"0,000";"0,000";
"05/11/2024 04:50";"0,461";"0,000";"0,695";"0,000";"0,837";"0,000";"1,993";"0,000";"0,000";"0,000";"0,000";"0,137";"0,461";"0,695";"0,837";"1,993";"0,000";"0,000";"0,000";
"05/11/2024 05:00";"0,581";"0,000";"0,516";"0,000";"0,670";"0,000";"1,767";"0,000";"0,000";"0,000";"0,000";"0,236";"0,581";"0,516";"0,670";"1,767";"0,000";"0,000";"0,000";
"05/11/2024 05:10";"0,302";"0,000";"0,480";"0,000";"0,638";"0,000";"1,419";"0,000";"0,000";"0,000";"0,000";"0,236";"0,302";"0,480";"0,638";"1,419";"0,000";"0,000";"0,000";
"05/11/2024 05:20";"0,462";"0,000";"0,698";"0,000";"0,850";"0,000";"2,010";"0,000";"0,074";"0,000";"0,000";"0,290";"0,462";"0,698";"0,850";"2,010";"0,000";"0,000";"0,000";
"05/11/2024 05:30";"0,994";"0,000";"1,091";"0,000";"1,090";"0,000";"3,176";"0,000";"0,037";"0,000";"0,000";"0,087";"0,994";"1,091";"1,090";"3,176";"0,000";"0,000";"0,000";
"05/11/2024 05:40";"1,670";"0,000";"1,516";"0,000";"1,633";"0,000";"4,819";"0,000";"0,068";"0,000";"0,000";"0,020";"1,670";"1,516";"1,633";"4,819";"0,000";"0,000";"0,000";
"05/11/2024 05:50";"1,950";"0,000";"1,578";"0,000";"1,755";"0,000";"5,282";"0,000";"0,016";"0,000";"0,000";"0,061";"1,950";"1,578";"1,755";"5,282";"0,000";"0,000";"0,000";
"05/11/2024 06:00";"2,608";"0,000";"2,283";"0,000";"3,266";"0,000";"8,156";"0,000";"0,264";"0,000";"0,000";"0,869";"2,608";"2,283";"3,266";"8,156";"0,000";"0,000";"0,000";
"05/11/2024 06:10";"2,708";"0,000";"2,234";"0,000";"2,978";"0,000";"7,919";"0,000";"0,367";"0,000";"0,000";"0,915";"2,708";"2,234";"2,978";"7,919";"0,000";"0,000";"0,000";
"05/11/2024 06:20";"2,387";"0,000";"2,558";"0,000";"2,715";"0,000";"7,660";"0,000";"0,572";"0,000";"0,000";"0,540";"2,387";"2,558";"2,715";"7,660";"0,000";"0,000";"0,000";
"05/11/2024 06:30";"2,686";"0,000";"3,594";"0,000";"3,107";"0,000";"9,387";"0,000";"0,709";"0,000";"0,000";"0,368";"2,686";"3,594";"3,107";"9,387";"0,000";"0,000";"0,000";
"05/11/2024 06:40";"2,518";"0,000";"3,656";"0,000";"3,132";"0,000";"9,305";"0,000";"0,782";"0,000";"0,000";"0,396";"2,518";"3,656";"3,132";"9,305";"0,000";"0,000";"0,000";
"05/11/2024 06:50";"2,625";"0,000";"3,259";"0,000";"2,984";"0,000";"8,867";"0,000";"0,556";"0,000";"0,000";"0,541";"2,625";"3,259";"2,984";"8,867";"0,000";"0,000";"0,000";
"05/11/2024 07:00";"2,764";"0,000";"3,332";"0,000";"2,848";"0,000";"8,943";"0,000";"0,459";"0,000";"0,000";"1,289";"2,764";"3,332";"2,848";"8,943";"0,000";"0,000";"0,000";
"05/11/2024 07:10";"2,595";"0,000";"3,487";"0,000";"3,087";"0,000";"9,169";"0,000";"0,517";"0,000";"0,000";"0,518";"2,595";"3,487";"3,087";"9,169";"0,000";"0,000";"0,000";
"05/11/2024 07:20";"2,808";"0,000";"3,595";"0,000";"3,265";"0,000";"9,669";"0,000";"0,929";"0,000";"0,000";"0,477";"2,808";"3,595";"3,265";"9,669";"0,000";"0,000";"0,000";
"05/11/2024 07:30";"5,001";"0,000";"5,825";"0,000";"5,628";"0,000";"16,455";"0,000";"0,997";"0,000";"0,000";"0,844";"5,001";"5,825";"5,628";"16,455";"0,000";"0,000";"0,000";
"05/11/2024 07:40";"6,931";"0,000";"7,638";"0,000";"7,462";"0,000";"22,032";"0,000";"0,429";"0,000";"0,000";"0,756";"6,931";"7,638";"7,462";"22,032";"0,000";"0,000";"0,000";
"05/11/2024 07:50";"7,300";"0,000";"7,527";"0,000";"7,320";"0,000";"22,146";"0,000";"0,384";"0,000";"0,000";"0,834";"7,300";"7,527";"7,320";"22,146";"0,000";"0,000";"0,000";
"05/11/2024 08:00";"7,575";"0,000";"7,749";"0,000";"7,689";"0,000";"23,013";"0,000";"0,438";"0,000";"0,000";"0,766";"7,575";"7,749";"7,689";"23,013";"0,000";"0,000";"0,000";
"05/11/2024 08:10";"7,932";"0,000";"7,186";"0,000";"7,994";"0,000";"23,112";"0,000";"1,009";"0,000";"0,000";"0,957";"7,932";"7,186";"7,994";"23,112";"0,000";"0,000";"0,000";
"05/11/2024 08:20";"7,952";"0,000";"7,438";"0,000";"7,982";"0,000";"23,372";"0,000";"1,178";"0,000";"0,000";"0,718";"7,952";"7,438";"7,982";"23,372";"0,000";"0,000";"0,000";
"05/11/2024 08:30";"7,991";"0,000";"8,373";"0,000";"8,454";"0,000";"24,817";"0,000";"0,917";"0,000";"0,000";"0,964";"7,991";"8,373";"8,454";"24,817";"0,000";"0,000";"0,000";
"05/11/2024 08:40";"8,491";"0,000";"9,311";"0,000";"9,444";"0,000";"27,247";"0,000";"1,082";"0,000";"0,000";"0,546";"8,491";"9,311";"9,444";"27,247";"0,000";"0,000";"0,000";
"05/11/2024 08:50";"8,281";"0,000";"8,928";"0,000";"8,789";"0,000";"25,998";"0,000";"1,362";"0,000";"0,000";"0,981";"8,281";"8,928";"8,789";"25,998";"0,000";"0,000";"0,000";
"05/11/2024 09:00";"8,043";"0,000";"8,649";"0,000";"8,283";"0,000";"24,976";"0,000";"1,268";"0,000";"0,000";"0,789";"8,218";"8,824";"8,458";"25,501";"0,525";"0,343";"0,182";
"05/11/2024 09:10";"7,592";"0,000";"8,141";"0,000";"8,271";"0,000";"24,003";"0,000";"1,104";"0,000";"0,000";"0,902";"7,917";"8,466";"8,596";"24,979";"0,976";"0,615";"0,361";
"05/11/2024 09:20";"8,232";"0,000";"8,410";"0,000";"8,850";"0,000";"25,492";"0,000";"0,779";"0,000";"0,000";"0,297";"8,525";"8,704";"9,144";"26,373";"0,881";"0,506";"0,375";
"05/11/2024 09:30";"9,380";"0,000";"9,092";"0,000";"9,554";"0,000";"28,026";"0,000";"0,982";"0,000";"0,000";"0,698";"9,714";"9,426";"9,888";"29,029";"1,003";"0,552";"0,451";
"05/11/2024 09:40";"9,159";"0,000";"8,893";"0,000";"9,390";"0,000";"27,442";"0,000";"0,896";"0,000";"0,000";"0,915";"9,598";"9,332";"9,829";"28,759";"1,317";"0,679";"0,638";
"05/11/2024 09:50";"8,808";"0,000";"8,265";"0,000";"8,859";"0,000";"25,933";"0,000";"0,579";"0,000";"0,000";"0,686";"9,369";"8,826";"9,420";"27,615";"1,682";"0,931";"0,751";
"05/11/2024 10:00";"8,321";"0,000";"7,818";"0,000";"8,373";"0,000";"24,513";"0,000";"0,602";"0,000";"0,000";"0,531";"8,975";"8,472";"9,027";"26,474";"1,961";"1,040";"0,921";
"05/11/2024 10:10";"6,606";"0,000";"6,359";"0,000";"6,965";"0,000";"19,931";"0,000";"0,746";"0,000";"0,000";"0,541";"7,228";"6,981";"7,587";"21,797";"1,866";"0,950";"0,916";
"05/11/2024 10:20";"7,089";"0,000";"6,735";"0,000";"7,432";"0,000";"21,256";"0,000";"0,527";"0,000";"0,000";"0,812";"7,751";"7,398";"8,095";"23,244";"1,988";"1,011";"0,977";
"05/11/2024 10:30";"8,005";"0,000";"7,557";"0,000";"8,296";"0,000";"23,858";"0,000";"0,593";"0,000";"0,000";"0,725";"8,740";"8,292";"9,030";"26,062";"2,204";"1,121";"1,083";
"05/11/2024 10:40";"8,110";"0,000";"7,576";"0,000";"8,137";"0,000";"23,824";"0,000";"0,839";"0,000";"0,000";"0,468";"8,903";"8,370";"8,931";"26,205";"2,381";"1,208";"1,173";
"05/11/2024 10:50";"7,848";"0,000";"7,511";"0,000";"7,961";"0,000";"23,320";"0,000";"0,672";"0,000";"0,000";"0,584";"8,675";"8,337";"8,788";"25,800";"2,480";"1,259";"1,221";
"05/11/2024 11:00";"8,111";"0,000";"7,277";"0,000";"8,028";"0,000";"23,415";"0,000";"0,592";"0,000";"0,000";"0,645";"8,868";"8,034";"8,785";"25,686";"2,271";"1,153";"1,118";
"05/11/2024 11:10";"7,232";"0,000";"6,567";"0,000";"7,399";"0,000";"21,197";"0,000";"0,622";"0,000";"0,000";"0,721";"8,132";"7,467";"8,299";"23,898";"2,701";"1,371";"1,330";
"05/11/2024 11:20";"9,041";"0,000";"8,524";"0,000";"9,205";"0,000";"26,770";"0,000";"1,182";"0,000";"0,000";"0,321";"10,184";"9,666";"10,347";"30,197";"3,427";"1,744";"1,683";
"05/11/2024 11:30";"8,414";"0,000";"7,854";"0,000";"8,678";"0,000";"24,946";"0,000";"1,616";"0,000";"0,000";"0,313";"9,302";"8,741";"9,566";"27,609";"2,663";"1,355";"1,308";
"05/11/2024 11:40";"8,708";"0,000";"7,786";"0,000";"8,455";"0,000";"24,950";"0,000";"0,984";"0,000";"0,000";"0,492";"10,562";"9,641";"10,310";"30,513";"5,563";"2,814";"2,749";
"05/11/2024 11:50";"8,929";"0,000";"8,114";"0,000";"8,822";"0,000";"25,865";"0,000";"1,093";"0,000";"0,000";"0,495";"11,264";"10,449";"11,157";"32,871";"7,006";"3,535";"3,471";
"05/11/2024 12:00";"7,609";"0,000";"6,823";"0,000";"7,580";"0,000";"22,013";"0,000";"0,595";"0,000";"0,000";"0,501";"9,361";"8,575";"9,332";"27,268";"5,255";"2,659";"2,596";
"05/11/2024 12:10";"4,623";"0,000";"4,087";"0,000";"4,675";"0,000";"13,385";"0,000";"0,576";"0,000";"0,000";"0,692";"6,606";"6,071";"6,659";"19,335";"5,950";"3,007";"2,943";
"05/11/2024 12:20";"6,071";"0,000";"5,257";"0,000";"6,175";"0,000";"17,503";"0,000";"1,079";"0,000";"0,000";"0,472";"8,373";"7,559";"8,477";"24,409";"6,906";"3,482";"3,424";
"05/11/2024 12:30";"9,024";"0,000";"8,803";"0,000";"8,899";"0,000";"26,725";"0,000";"1,011";"0,000";"0,000";"0,475";"10,915";"10,695";"10,790";"32,400";"5,675";"2,862";"2,813";
"05/11/2024 12:40";"8,409";"0,000";"8,470";"0,000";"8,569";"0,000";"25,448";"0,000";"0,996";"0,000";"0,000";"0,521";"9,430";"9,491";"9,591";"28,512";"3,064";"1,551";"1,513";
"05/11/2024 12:50";"9,036";"0,000";"8,913";"0,000";"9,063";"0,000";"27,011";"0,000";"2,136";"0,000";"0,000";"0,320";"10,268";"10,145";"10,295";"30,707";"3,696";"1,872";"1,824";
"05/11/2024 13:00";"7,550";"0,000";"7,384";"0,000";"7,347";"0,000";"22,281";"0,000";"0,586";"0,000";"0,000";"0,573";"9,057";"8,891";"8,854";"26,801";"4,520";"2,288";"2,232";
"05/11/2024 13:10";"8,034";"0,000";"7,853";"0,000";"7,769";"0,000";"23,656";"0,000";"0,648";"0,000";"0,000";"0,666";"9,226";"9,045";"8,961";"27,231";"3,575";"1,808";"1,767";
"05/11/2024 13:20";"8,593";"0,000";"8,307";"0,000";"8,270";"0,000";"25,170";"0,000";"0,615";"0,000";"0,000";"0,826";"9,540";"9,253";"9,216";"28,010";"2,840";"1,438";"1,402";
"05/11/2024 13:30";"8,817";"0,000";"8,371";"0,000";"8,498";"0,000";"25,686";"0,000";"0,641";"0,000";"0,000";"0,605";"9,853";"9,407";"9,534";"28,794";"3,108";"1,578";"1,530";
"05/11/2024 13:40";"6,110";"0,000";"5,567";"0,000";"5,929";"0,000";"17,606";"0,000";"0,561";"0,000";"0,000";"0,912";"6,989";"6,447";"6,808";"20,244";"2,638";"1,340";"1,298";
"05/11/2024 13:50";"1,845";"0,000";"1,685";"0,000";"1,934";"0,000";"5,465";"0,000";"0,172";"0,000";"0,000";"0,044";"3,517";"3,357";"3,606";"10,480";"5,015";"2,543";"2,472";
"05/11/2024 14:00";"1,322";"0,000";"1,121";"0,000";"1,457";"0,000";"3,900";"0,000";"0,051";"0,000";"0,000";"0,015";"3,006";"2,805";"3,141";"8,952";"5,052";"2,559";"2,493";
"05/11/2024 14:10";"1,356";"0,000";"1,037";"0,000";"1,491";"0,000";"3,884";"0,000";"0,068";"0,000";"0,000";"0,005";"3,492";"3,173";"3,627";"10,292";"6,408";"3,255";"3,153";
"05/11/2024 14:20";"1,081";"0,000";"0,746";"0,000";"1,256";"0,000";"3,084";"0,000";"0,028";"0,000";"0,000";"0,055";"3,035";"2,701";"3,211";"8,947";"5,863";"2,975";"2,888";
"05/11/2024 14:30";"1,205";"0,000";"0,883";"0,000";"1,413";"0,000";"3,500";"0,000";"0,061";"0,000";"0,000";"0,143";"2,979";"2,657";"3,187";"8,822";"5,322";"2,701";"2,621";
"05/11/2024 14:40";"2,137";"0,000";"1,751";"0,000";"2,291";"0,000";"6,178";"0,000";"0,434";"0,000";"0,000";"0,108";"2,984";"2,598";"3,138";"8,719";"2,541";"1,287";"1,254";
"05/11/2024 14:50";"5,805";"0,000";"5,207";"0,000";"5,896";"0,000";"16,908";"0,000";"0,630";"0,000";"0,000";"0,729";"6,678";"6,080";"6,769";"19,526";"2,618";"1,325";"1,293";
"05/11/2024 15:00";"6,314";"0,000";"5,670";"0,000";"6,361";"0,000";"18,345";"0,000";"0,501";"0,000";"0,000";"0,587";"7,296";"6,652";"7,343";"21,291";"2,946";"1,491";"1,455";
"05/11/2024 15:10";"5,978";"0,000";"5,332";"0,000";"6,002";"0,000";"17,312";"0,000";"0,741";"0,000";"0,000";"0,592";"6,746";"6,100";"6,770";"19,617";"2,305";"1,170";"1,135";
"05/11/2024 15:20";"5,903";"0,000";"5,276";"0,000";"5,935";"0,000";"17,114";"0,000";"0,516";"0,000";"0,000";"0,596";"6,975";"6,348";"7,007";"20,330";"3,216";"1,634";"1,582";
"05/11/2024 15:30";"5,968";"0,000";"5,427";"0,000";"6,079";"0,000";"17,475";"0,000";"0,404";"0,000";"0,000";"0,725";"6,980";"6,438";"7,091";"20,509";"3,034";"1,540";"1,494";
"05/11/2024 15:40";"5,888";"0,000";"5,132";"0,000";"5,784";"0,000";"16,805";"0,000";"0,329";"0,000";"0,000";"0,734";"6,891";"6,135";"6,787";"19,812";"3,007";"1,526";"1,481";
"05/11/2024 15:50";"6,012";"0,000";"5,510";"0,000";"6,162";"0,000";"17,683";"0,000";"0,480";"0,000";"0,000";"0,763";"7,054";"6,552";"7,204";"20,810";"3,127";"1,592";"1,535";
"05/11/2024 16:00";"5,906";"0,000";"5,347";"0,000";"6,050";"0,000";"17,303";"0,000";"0,605";"0,000";"0,000";"0,806";"6,348";"5,789";"6,492";"18,630";"1,327";"0,677";"0,650";
"05/11/2024 16:10";"4,292";"0,000";"3,732";"0,000";"4,383";"0,000";"12,407";"0,000";"1,090";"0,000";"0,000";"0,608";"4,838";"4,277";"4,928";"14,043";"1,636";"0,834";"0,802";
"05/11/2024 16:20";"5,307";"0,000";"4,702";"0,000";"5,339";"0,000";"15,348";"0,000";"0,732";"0,000";"0,000";"0,616";"5,954";"5,349";"5,986";"17,289";"1,941";"0,990";"0,951";
"05/11/2024 16:30";"6,356";"0,000";"5,715";"0,000";"6,397";"0,000";"18,467";"0,000";"0,334";"0,000";"0,000";"0,507";"7,384";"6,742";"7,424";"21,550";"3,083";"1,578";"1,505";
"05/11/2024 16:40";"2,166";"0,000";"1,766";"0,000";"2,039";"0,000";"5,972";"0,000";"0,420";"0,000";"0,000";"0,312";"3,223";"2,823";"3,096";"9,143";"3,171";"1,619";"1,552";
"05/11/2024 16:50";"0,837";"0,000";"0,597";"0,000";"0,629";"0,000";"2,063";"0,000";"0,110";"0,000";"0,000";"0,000";"1,641";"1,401";"1,433";"4,476";"2,413";"1,232";"1,181";
"05/11/2024 17:00";"1,059";"0,000";"0,871";"0,000";"0,819";"0,000";"2,749";"0,000";"0,169";"0,000";"0,000";"0,107";"1,599";"1,412";"1,359";"4,370";"1,621";"0,831";"0,790";
"05/11/2024 17:10";"0,871";"0,000";"0,575";"0,000";"0,576";"0,000";"2,023";"0,000";"0,092";"0,000";"0,000";"0,000";"1,367";"1,072";"1,073";"3,513";"1,490";"0,768";"0,722";
"05/11/2024 17:20";"0,951";"0,000";"0,795";"0,000";"0,710";"0,000";"2,456";"0,000";"0,150";"0,000";"0,000";"0,000";"1,160";"1,004";"0,919";"3,082";"0,626";"0,324";"0,302";
"05/11/2024 17:30";"1,142";"0,000";"0,899";"0,000";"1,133";"0,000";"3,174";"0,000";"0,084";"0,000";"0,000";"0,125";"1,223";"0,980";"1,214";"3,417";"0,243";"0,127";"0,116";
"05/11/2024 17:40";"1,088";"0,000";"0,856";"0,000";"0,975";"0,000";"2,920";"0,000";"0,079";"0,000";"0,000";"0,027";"1,166";"0,934";"1,053";"3,154";"0,234";"0,122";"0,112";
"05/11/2024 17:50";"0,920";"0,000";"0,675";"0,000";"0,900";"0,000";"2,495";"0,000";"0,038";"0,000";"0,000";"0,003";"0,971";"0,726";"0,951";"2,648";"0,153";"0,080";"0,073";
"05/11/2024 18:00";"1,088";"0,000";"0,877";"0,000";"0,964";"0,000";"2,929";"0,000";"0,122";"0,000";"0,000";"0,040";"1,109";"0,898";"0,985";"2,992";"0,063";"0,033";"0,030";
"05/11/2024 18:10";"0,798";"0,000";"0,529";"0,000";"0,314";"0,000";"1,642";"0,000";"0,000";"0,000";"0,000";"0,156";"0,803";"0,534";"0,319";"1,657";"0,015";"0,008";"0,007";
"05/11/2024 18:20";"0,782";"0,000";"0,458";"0,000";"0,238";"0,000";"1,478";"0,000";"0,006";"0,000";"0,000";"0,143";"0,782";"0,458";"0,238";"1,478";"0,000";"0,000";"0,000";
"05/11/2024 18:30";"0,827";"0,000";"0,540";"0,000";"0,282";"0,000";"1,649";"0,000";"0,002";"0,000";"0,000";"0,174";"0,827";"0,540";"0,282";"1,649";"0,000";"0,000";"0,000";
"05/11/2024 18:40";"1,062";"0,000";"0,753";"0,000";"0,545";"0,000";"2,360";"0,000";"0,068";"0,000";"0,000";"0,322";"1,062";"0,753";"0,545";"2,360";"0,000";"0,000";"0,000";
"05/11/2024 18:50";"0,794";"0,000";"0,568";"0,000";"0,349";"0,000";"1,711";"0,000";"0,000";"0,000";"0,000";"0,250";"0,794";"0,568";"0,349";"1,711";"0,000";"0,000";"0,000";
"05/11/2024 19:00";"0,722";"0,000";"0,506";"0,000";"0,333";"0,000";"1,561";"0,000";"0,003";"0,000";"0,000";"0,187";"0,722";"0,506";"0,333";"1,561";"0,000";"0,000";"0,000";
"05/11/2024 19:10";"0,787";"0,000";"0,522";"0,000";"0,384";"0,000";"1,693";"0,000";"0,001";"0,000";"0,000";"0,201";"0,787";"0,522";"0,384";"1,693";"0,000";"0,000";"0,000";
"05/11/2024 19:20";"0,805";"0,000";"0,624";"0,000";"0,515";"0,000";"1,944";"0,000";"0,091";"0,000";"0,000";"0,207";"0,805";"0,624";"0,515";"1,944";"0,000";"0,000";"0,000";
"05/11/2024 19:30";"0,698";"0,000";"0,475";"0,000";"0,331";"0,000";"1,504";"0,000";"0,000";"0,000";"0,000";"0,214";"0,698";"0,475";"0,331";"1,504";"0,000";"0,000";"0,000";
"05/11/2024 19:40";"0,793";"0,000";"0,591";"0,000";"0,416";"0,000";"1,799";"0,000";"0,001";"0,000";"0,000";"0,131";"0,793";"0,591";"0,416";"1,799";"0,000";"0,000";"0,000";
"05/11/2024 19:50";"0,709";"0,000";"0,487";"0,000";"0,342";"0,000";"1,537";"0,000";"0,026";"0,000";"0,000";"0,225";"0,709";"0,487";"0,342";"1,537";"0,000";"0,000";"0,000";
"05/11/2024 20:00";"0,761";"0,000";"0,614";"0,000";"0,510";"0,000";"1,885";"0,000";"0,005";"0,000";"0,000";"0,199";"0,761";"0,614";"0,510";"1,885";"0,000";"0,000";"0,000";
"05/11/2024 20:10";"0,482";"0,000";"0,528";"0,000";"0,382";"0,000";"1,393";"0,000";"0,000";"0,000";"0,000";"0,157";"0,482";"0,528";"0,382";"1,393";"0,000";"0,000";"0,000";
"05/11/2024 20:20";"0,654";"0,000";"0,563";"0,000";"0,396";"0,000";"1,613";"0,000";"0,000";"0,000";"0,000";"0,137";"0,654";"0,563";"0,396";"1,613";"0,000";"0,000";"0,000";
"05/11/2024 20:30";"0,567";"0,000";"0,643";"0,000";"0,517";"0,000";"1,727";"0,000";"0,069";"0,000";"0,000";"0,277";"0,567";"0,643";"0,517";"1,727";"0,000";"0,000";"0,000";
"05/11/2024 20:40";"0,523";"0,000";"0,470";"0,000";"0,326";"0,000";"1,319";"0,000";"0,000";"0,000";"0,000";"0,216";"0,523";"0,470";"0,326";"1,319";"0,000";"0,000";"0,000";
"05/11/2024 20:50";"0,701";"0,000";"0,469";"0,000";"0,327";"0,000";"1,497";"0,000";"0,000";"0,000";"0,000";"0,209";"0,701";"0,469";"0,327";"1,497";"0,000";"0,000";"0,000";
"05/11/2024 21:00";"0,612";"0,000";"0,588";"0,000";"0,435";"0,000";"1,635";"0,000";"0,081";"0,000";"0,000";"0,256";"0,612";"0,588";"0,435";"1,635";"0,000";"0,000";"0,000";
"05/11/2024 21:10";"0,705";"0,000";"0,648";"0,000";"0,524";"0,000";"1,877";"0,000";"0,001";"0,000";"0,000";"0,153";"0,705";"0,648";"0,524";"1,877";"0,000";"0,000";"0,000";
"05/11/2024 21:20";"0,485";"0,000";"0,487";"0,000";"0,327";"0,000";"1,299";"0,000";"0,000";"0,000";"0,000";"0,204";"0,485";"0,487";"0,327";"1,299";"0,000";"0,000";"0,000";
"05/11/2024 21:30";"0,463";"0,000";"0,490";"0,000";"0,345";"0,000";"1,298";"0,000";"0,037";"0,000";"0,000";"0,202";"0,463";"0,490";"0,345";"1,298";"0,000";"0,000";"0,000";
"05/11/2024 21:40";"0,550";"0,000";"0,586";"0,000";"0,489";"0,000";"1,626";"0,000";"0,051";"0,000";"0,000";"0,216";"0,550";"0,586";"0,489";"1,626";"0,000";"0,000";"0,000";
"05/11/2024 21:50";"0,466";"0,000";"0,494";"0,000";"0,347";"0,000";"1,307";"0,000";"0,000";"0,000";"0,000";"0,197";"0,466";"0,494";"0,347";"1,307";"0,000";"0,000";"0,000";
"05/11/2024 22:00";"0,753";"0,000";"0,617";"0,000";"0,427";"0,000";"1,796";"0,000";"0,000";"0,000";"0,000";"0,116";"0,753";"0,617";"0,427";"1,796";"0,000";"0,000";"0,000";
"05/11/2024 22:10";"0,752";"0,000";"0,613";"0,000";"0,503";"0,000";"1,867";"0,000";"0,066";"0,000";"0,000";"0,330";"0,752";"0,613";"0,503";"1,867";"0,000";"0,000";"0,000";
"05/11/2024 22:20";"0,473";"0,000";"0,458";"0,000";"0,328";"0,000";"1,258";"0,000";"0,000";"0,000";"0,000";"0,206";"0,473";"0,458";"0,328";"1,258";"0,000";"0,000";"0,000";
"05/11/2024 22:30";"0,593";"0,000";"0,546";"0,000";"0,375";"0,000";"1,513";"0,000";"0,002";"0,000";"0,000";"0,214";"0,593";"0,546";"0,375";"1,513";"0,000";"0,000";"0,000";
"05/11/2024 22:40";"0,552";"0,000";"0,632";"0,000";"0,510";"0,000";"1,694";"0,000";"0,068";"0,000";"0,000";"0,305";"0,552";"0,632";"0,510";"1,694";"0,000";"0,000";"0,000";
"05/11/2024 22:50";"0,578";"0,000";"0,617";"0,000";"0,438";"0,000";"1,633";"0,000";"0,002";"0,000";"0,000";"0,105";"0,578";"0,617";"0,438";"1,633";"0,000";"0,000";"0,000";
"05/11/2024 23:00";"0,450";"0,000";"0,479";"0,000";"0,342";"0,000";"1,271";"0,000";"0,000";"0,000";"0,000";"0,202";"0,450";"0,479";"0,342";"1,271";"0,000";"0,000";"0,000";
"05/11/2024 23:10";"0,590";"0,000";"0,659";"0,000";"0,538";"0,000";"1,787";"0,000";"0,073";"0,000";"0,000";"0,250";"0,590";"0,659";"0,538";"1,787";"0,000";"0,000";"0,000";
"05/11/2024 23:20";"0,522";"0,000";"0,509";"0,000";"0,380";"0,000";"1,411";"0,000";"0,000";"0,000";"0,000";"0,176";"0,522";"0,509";"0,380";"1,411";"0,000";"0,000";"0,000";
"05/11/2024 23:30";"0,473";"0,000";"0,511";"0,000";"0,348";"0,000";"1,333";"0,000";"0,000";"0,000";"0,000";"0,183";"0,473";"0,511";"0,348";"1,333";"0,000";"0,000";"0,000";
"05/11/2024 23:40";"0,936";"0,000";"0,685";"0,000";"0,543";"0,000";"2,164";"0,000";"0,078";"0,000";"0,000";"0,296";"0,936";"0,685";"0,543";"2,164";"0,000";"0,000";"0,000";
"05/11/2024 23:50";"0,679";"0,000";"0,490";"0,000";"0,348";"0,000";"1,517";"0,000";"0,000";"0,000";"0,000";"0,190";"0,679";"0,490";"0,348";"1,517";"0,000";"0,000";"0,000";
"06/11/2024 00:00";"0,646";"0,000";"0,557";"0,000";"0,420";"0,000";"1,623";"0,000";"0,000";"0,000";"0,000";"0,142";"0,646";"0,557";"0,420";"1,623";"0,000";"0,000";"0,000";
"06/11/2024 00:10";"0,630";"0,000";"0,639";"0,000";"0,507";"0,000";"1,775";"0,000";"0,078";"0,000";"0,000";"0,284";"0,630";"0,639";"0,507";"1,775";"0,000";"0,000";"0,000";
"06/11/2024 00:20";"0,462";"0,000";"0,495";"0,000";"0,327";"0,000";"1,285";"0,000";"0,000";"0,000";"0,000";"0,209";"0,462";"0,495";"0,327";"1,285";"0,000";"0,000";"0,000";
"06/11/2024 00:30";"0,447";"0,000";"0,466";"0,000";"0,326";"0,000";"1,239";"0,000";"0,000";"0,000";"0,000";"0,198";"0,447";"0,466";"0,326";"1,239";"0,000";"0,000";"0,000";
"06/11/2024 00:40";"0,589";"0,000";"0,672";"0,000";"0,563";"0,000";"1,824";"0,000";"0,032";"0,000";"0,000";"0,184";"0,589";"0,672";"0,563";"1,824";"0,000";"0,000";"0,000";
"06/11/2024 00:50";"0,697";"0,000";"0,609";"0,000";"0,437";"0,000";"1,743";"0,000";"0,001";"0,000";"0,000";"0,228";"0,697";"0,609";"0,437";"1,743";"0,000";"0,000";"0,000";
"06/11/2024 01:00";"0,606";"0,000";"0,558";"0,000";"0,362";"0,000";"1,526";"0,000";"0,001";"0,000";"0,000";"0,191";"0,606";"0,558";"0,362";"1,526";"0,000";"0,000";"0,000";
"06/11/2024 01:10";"0,658";"0,000";"0,677";"0,000";"0,579";"0,000";"1,914";"0,000";"0,075";"0,000";"0,000";"0,225";"0,658";"0,677";"0,579";"1,914";"0,000";"0,000";"0,000";
"06/11/2024 01:20";"0,456";"0,000";"0,498";"0,000";"0,326";"0,000";"1,280";"0,000";"0,000";"0,000";"0,000";"0,221";"0,456";"0,498";"0,326";"1,280";"0,000";"0,000";"0,000";
"06/11/2024 01:30";"0,439";"0,000";"0,484";"0,000";"0,328";"0,000";"1,250";"0,000";"0,000";"0,000";"0,000";"0,196";"0,439";"0,484";"0,328";"1,250";"0,000";"0,000";"0,000";
"06/11/2024 01:40";"0,755";"0,000";"0,718";"0,000";"0,611";"0,000";"2,084";"0,000";"0,049";"0,000";"0,000";"0,163";"0,755";"0,718";"0,611";"2,084";"0,000";"0,000";"0,000";
"06/11/2024 01:50";"0,736";"0,000";"0,515";"0,000";"0,352";"0,000";"1,603";"0,000";"0,000";"0,000";"0,000";"0,193";"0,736";"0,515";"0,352";"1,603";"0,000";"0,000";"0,000";
"06/11/2024 02:00";"0,694";"0,000";"0,581";"0,000";"0,411";"0,000";"1,686";"0,000";"0,000";"0,000";"0,000";"0,143";"0,694";"0,581";"0,411";"1,686";"0,000";"0,000";"0,000";
"06/11/2024 02:10";"0,806";"0,000";"0,711";"0,000";"0,574";"0,000";"2,091";"0,000";"0,080";"0,000";"0,000";"0,224";"0,806";"0,711";"0,574";"2,091";"0,000";"0,000";"0,000";
"06/11/2024 02:20";"0,789";"0,000";"0,450";"0,000";"0,329";"0,000";"1,568";"0,000";"0,000";"0,000";"0,000";"0,238";"0,789";"0,450";"0,329";"1,568";"0,000";"0,000";"0,000";
"06/11/2024 02:30";"0,533";"0,000";"0,616";"0,000";"0,421";"0,000";"1,571";"0,000";"0,000";"0,000";"0,000";"0,096";"0,533";"0,616";"0,421";"1,571";"0,000";"0,000";"0,000";
"06/11/2024 02:40";"0,591";"0,000";"0,662";"0,000";"0,545";"0,000";"1,798";"0,000";"0,034";"0,000";"0,000";"0,195";"0,591";"0,662";"0,545";"1,798";"0,000";"0,000";"0,000";
"06/11/2024 02:50";"0,456";"0,000";"0,470";"0,000";"0,328";"0,000";"1,254";"0,000";"0,000";"0,000";"0,000";"0,189";"0,456";"0,470";"0,328";"1,254";"0,000";"0,000";"0,000";
"06/11/2024 03:00";"0,490";"0,000";"0,523";"0,000";"0,366";"0,000";"1,379";"0,000";"0,000";"0,000";"0,000";"0,194";"0,490";"0,523";"0,366";"1,379";"0,000";"0,000";"0,000";
"06/11/2024 03:10";"0,869";"0,000";"0,800";"0,000";"0,585";"0,000";"2,253";"0,000";"0,078";"0,000";"0,000";"0,223";"0,869";"0,800";"0,585";"2,253";"0,000";"0,000";"0,000";
"06/11/2024 03:20";"0,544";"0,000";"0,472";"0,000";"0,325";"0,000";"1,341";"0,000";"0,000";"0,000";"0,000";"0,225";"0,544";"0,472";"0,325";"1,341";"0,000";"0,000";"0,000";
"06/11/2024 03:30";"0,480";"0,000";"0,464";"0,000";"0,328";"0,000";"1,272";"0,000";"0,000";"0,000";"0,000";"0,195";"0,480";"0,464";"0,328";"1,272";"0,000";"0,000";"0,000";
"06/11/2024 03:40";"0,819";"0,000";"0,701";"0,000";"0,567";"0,000";"2,087";"0,000";"0,078";"0,000";"0,000";"0,251";"0,819";"0,701";"0,567";"2,087";"0,000";"0,000";"0,000";
"06/11/2024 03:50";"0,615";"0,000";"0,487";"0,000";"0,326";"0,000";"1,428";"0,000";"0,000";"0,000";"0,000";"0,215";"0,615";"0,487";"0,326";"1,428";"0,000";"0,000";"0,000";
"06/11/2024 04:00";"0,525";"0,000";"0,554";"0,000";"0,397";"0,000";"1,477";"0,000";"0,000";"0,000";"0,000";"0,145";"0,525";"0,554";"0,397";"1,477";"0,000";"0,000";"0,000";
"06/11/2024 04:10";"0,880";"0,000";"0,715";"0,000";"0,594";"0,000";"2,189";"0,000";"0,075";"0,000";"0,000";"0,215";"0,880";"0,715";"0,594";"2,189";"0,000";"0,000";"0,000";
"06/11/2024 04:20";"0,878";"0,000";"0,560";"0,000";"0,396";"0,000";"1,834";"0,000";"0,000";"0,000";"0,000";"0,166";"0,878";"0,560";"0,396";"1,834";"0,000";"0,000";"0,000";
"06/11/2024 04:30";"0,519";"0,000";"0,486";"0,000";"0,328";"0,000";"1,333";"0,000";"0,000";"0,000";"0,000";"0,217";"0,519";"0,486";"0,328";"1,333";"0,000";"0,000";"0,000";
"06/11/2024 04:40";"0,590";"0,000";"0,620";"0,000";"0,510";"0,000";"1,720";"0,000";"0,077";"0,000";"0,000";"0,286";"0,590";"0,620";"0,510";"1,720";"0,000";"0,000";"0,000";
"06/11/2024 04:50";"0,651";"0,000";"0,577";"0,000";"0,409";"0,000";"1,637";"0,000";"0,000";"0,000";"0,000";"0,140";"0,651";"0,577";"0,409";"1,637";"0,000";"0,000";"0,000";
"06/11/2024 05:00";"0,620";"0,000";"0,501";"0,000";"0,326";"0,000";"1,447";"0,000";"0,000";"0,000";"0,000";"0,211";"0,620";"0,501";"0,326";"1,447";"0,000";"0,000";"0,000";
"06/11/2024 05:10";"0,528";"0,000";"0,600";"0,000";"0,509";"0,000";"1,636";"0,000";"0,099";"0,000";"0,000";"0,212";"0,528";"0,600";"0,509";"1,636";"0,000";"0,000";"0,000";
"06/11/2024 05:20";"0,628";"0,000";"0,659";"0,000";"0,448";"0,000";"1,735";"0,000";"0,026";"0,000";"0,000";"0,135";"0,628";"0,659";"0,448";"1,735";"0,000";"0,000";"0,000";
"06/11/2024 05:30";"1,632";"0,000";"1,291";"0,000";"1,034";"0,000";"3,957";"0,000";"0,113";"0,000";"0,000";"0,004";"1,632";"1,291";"1,034";"3,957";"0,000";"0,000";"0,000";
"06/11/2024 05:40";"1,911";"0,000";"1,584";"0,000";"1,838";"0,000";"5,333";"0,000";"0,209";"0,000";"0,000";"0,110";"1,911";"1,584";"1,838";"5,333";"0,000";"0,000";"0,000";
"06/11/2024 05:50";"1,799";"0,000";"1,523";"0,000";"1,476";"0,000";"4,798";"0,000";"0,131";"0,000";"0,000";"0,000";"1,799";"1,523";"1,476";"4,798";"0,000";"0,000";"0,000";
"06/11/2024 06:00";"5,024";"0,000";"4,430";"0,000";"4,993";"0,000";"14,446";"0,000";"0,604";"0,000";"0,000";"0,445";"5,024";"4,430";"4,993";"14,446";"0,000";"0,000";"0,000";
"06/11/2024 06:10";"8,220";"0,000";"7,496";"0,000";"7,721";"0,000";"23,437";"0,000";"1,411";"0,000";"0,000";"0,678";"8,220";"7,496";"7,721";"23,437";"0,000";"0,000";"0,000";
"06/11/2024 06:20";"7,927";"0,000";"7,635";"0,000";"7,400";"0,000";"22,962";"0,000";"1,022";"0,000";"0,000";"0,506";"7,927";"7,635";"7,400";"22,962";"0,000";"0,000";"0,000";
"06/11/2024 06:30";"8,332";"0,000";"8,481";"0,000";"7,801";"0,000";"24,614";"0,000";"0,869";"0,000";"0,000";"0,546";"8,332";"8,481";"7,801";"24,614";"0,000";"0,000";"0,000";
"06/11/2024 06:40";"8,554";"0,000";"8,740";"0,000";"7,883";"0,000";"25,177";"0,000";"1,137";"0,000";"0,000";"0,464";"8,554";"8,740";"7,883";"25,177";"0,000";"0,000";"0,000";
"06/11/2024 06:50";"8,269";"0,000";"8,452";"0,000";"7,605";"0,000";"24,327";"0,000";"1,256";"0,000";"0,000";"0,404";"8,269";"8,452";"7,605";"24,327";"0,000";"0,000";"0,000";
"06/11/2024 07:00";"8,088";"0,000";"8,541";"0,000";"8,051";"0,000";"24,680";"0,000";"1,110";"0,000";"0,000";"0,678";"8,088";"8,541";"8,051";"24,680";"0,000";"0,000";"0,000";
"06/11/2024 07:10";"8,476";"0,000";"8,750";"0,000";"8,104";"0,000";"25,330";"0,000";"1,034";"0,000";"0,000";"0,449";"8,476";"8,750";"8,104";"25,330";"0,000";"0,000";"0,000";
"06/11/2024 07:20";"9,320";"0,000";"9,489";"0,000";"8,614";"0,000";"27,423";"0,000";"1,421";"0,000";"0,000";"0,235";"9,320";"9,489";"8,614";"27,423";"0,000";"0,000";"0,000";
"06/11/2024 07:30";"10,174";"0,000";"10,196";"0,000";"9,508";"0,000";"29,878";"0,000";"1,048";"0,000";"0,000";"0,586";"10,174";"10,196";"9,508";"29,878";"0,000";"0,000";"0,000";
"06/11/2024 07:40";"9,093";"0,000";"9,379";"0,000";"8,742";"0,000";"27,214";"0,000";"1,251";"0,000";"0,000";"0,275";"9,093";"9,379";"8,742";"27,214";"0,000";"0,000";"0,000";
"06/11/2024 07:50";"7,562";"0,000";"7,869";"0,000";"7,166";"0,000";"22,598";"0,000";"1,384";"0,000";"0,000";"0,579";"7,562";"7,869";"7,166";"22,598";"0,000";"0,000";"0,000";
"06/11/2024 08:00";"7,112";"0,000";"7,074";"0,000";"7,069";"0,000";"21,254";"0,000";"0,747";"0,000";"0,000";"0,554";"7,112";"7,074";"7,069";"21,255";"0,000";"0,000";"0,000";
"06/11/2024 08:10";"6,534";"0,000";"6,452";"0,000";"6,402";"0,000";"19,389";"0,000";"0,891";"0,000";"0,000";"0,502";"6,534";"6,452";"6,402";"19,389";"0,000";"0,000";"0,000";
"06/11/2024 08:20";"6,860";"0,000";"6,607";"0,000";"6,858";"0,000";"20,324";"0,000";"1,273";"0,000";"0,000";"0,242";"6,860";"6,607";"6,858";"20,324";"0,000";"0,000";"0,000";
"06/11/2024 08:30";"7,577";"0,000";"7,310";"0,000";"7,708";"0,000";"22,595";"0,000";"1,471";"0,000";"0,000";"0,644";"7,577";"7,310";"7,708";"22,595";"0,000";"0,000";"0,000";
"06/11/2024 08:40";"8,580";"0,000";"8,016";"0,000";"8,373";"0,000";"24,969";"0,000";"1,227";"0,000";"0,000";"0,729";"8,580";"8,016";"8,373";"24,969";"0,000";"0,000";"0,000";
"06/11/2024 08:50";"8,678";"0,000";"8,144";"0,000";"8,473";"0,000";"25,294";"0,000";"1,447";"0,000";"0,000";"0,486";"8,678";"8,144";"8,473";"25,294";"0,000";"0,000";"0,000";
"06/11/2024 09:00";"8,196";"0,000";"7,701";"0,000";"7,807";"0,000";"23,704";"0,000";"1,035";"0,000";"0,000";"0,319";"8,221";"7,726";"7,832";"23,779";"0,075";"0,043";"0,032";
"06/11/2024 09:10";"7,166";"0,000";"6,680";"0,000";"7,362";"0,000";"21,207";"0,000";"0,590";"0,000";"0,000";"0,513";"7,448";"6,963";"7,644";"22,055";"0,848";"0,536";"0,312";
"06/11/2024 09:20";"8,171";"0,000";"7,389";"0,000";"7,771";"0,000";"23,331";"0,000";"0,973";"0,000";"0,000";"0,407";"8,643";"7,861";"8,244";"24,749";"1,418";"0,817";"0,601";
"06/11/2024 09:30";"7,820";"0,000";"6,972";"0,000";"7,323";"0,000";"22,115";"0,000";"0,706";"0,000";"0,000";"0,411";"8,440";"7,591";"7,942";"23,973";"1,858";"1,035";"0,823";
"06/11/2024 09:40";"7,478";"0,000";"6,947";"0,000";"7,678";"0,000";"22,102";"0,000";"0,524";"0,000";"0,000";"0,578";"8,201";"7,670";"8,401";"24,271";"2,169";"1,205";"0,964";
"06/11/2024 09:50";"6,895";"0,000";"6,212";"0,000";"6,553";"0,000";"19,660";"0,000";"0,531";"0,000";"0,000";"0,570";"7,725";"7,042";"7,383";"22,150";"2,490";"1,381";"1,109";
"06/11/2024 10:00";"3,023";"0,000";"3,697";"0,000";"2,718";"0,000";"9,438";"0,000";"0,601";"0,000";"0,000";"0,485";"3,951";"4,626";"3,647";"12,224";"2,786";"1,544";"1,242";
"06/11/2024 10:10";"2,998";"0,000";"3,174";"0,000";"2,388";"0,000";"8,560";"0,000";"0,699";"0,000";"0,000";"0,000";"3,664";"3,841";"3,054";"10,559";"1,999";"1,100";"0,899";
"06/11/2024 10:20";"6,241";"0,000";"5,852";"0,000";"5,829";"0,000";"17,923";"0,000";"1,154";"0,000";"0,000";"0,276";"7,432";"7,043";"7,020";"21,495";"3,572";"1,867";"1,705";
"06/11/2024 10:30";"7,745";"0,000";"7,161";"0,000";"7,492";"0,000";"22,398";"0,000";"0,725";"0,000";"0,000";"0,399";"9,032";"8,448";"8,779";"26,258";"3,860";"1,949";"1,911";
"06/11/2024 10:40";"6,964";"0,000";"6,418";"0,000";"6,884";"0,000";"20,266";"0,000";"0,564";"0,000";"0,000";"0,439";"8,185";"7,639";"8,105";"23,930";"3,664";"1,838";"1,826";
"06/11/2024 10:50";"7,981";"0,000";"7,424";"0,000";"8,067";"0,000";"23,472";"0,000";"0,713";"0,000";"0,000";"0,386";"9,437";"8,880";"9,523";"27,840";"4,368";"2,193";"2,175";
"06/11/2024 11:00";"8,217";"0,000";"7,476";"0,000";"8,050";"0,000";"23,744";"0,000";"0,747";"0,000";"0,000";"0,277";"9,828";"9,087";"9,660";"28,575";"4,831";"2,431";"2,400";
"06/11/2024 11:10";"7,530";"0,000";"7,015";"0,000";"7,660";"0,000";"22,205";"0,000";"0,870";"0,000";"0,000";"0,380";"9,203";"8,688";"9,333";"27,225";"5,020";"2,534";"2,486";
"06/11/2024 11:20";"7,210";"0,000";"6,862";"0,000";"7,747";"0,000";"21,819";"0,000";"0,344";"0,000";"0,000";"0,774";"8,929";"8,580";"9,466";"26,975";"5,156";"2,603";"2,553";
"06/11/2024 11:30";"8,350";"0,000";"7,664";"0,000";"8,430";"0,000";"24,444";"0,000";"0,851";"0,000";"0,000";"0,523";"10,129";"9,442";"10,209";"29,780";"5,336";"2,694";"2,642";
"06/11/2024 11:40";"7,790";"0,000";"7,387";"0,000";"7,895";"0,000";"23,072";"0,000";"1,317";"0,000";"0,000";"0,364";"9,647";"9,244";"9,753";"28,644";"5,572";"2,811";"2,761";
"06/11/2024 11:50";"7,718";"0,000";"7,037";"0,000";"7,535";"0,000";"22,290";"0,000";"0,458";"0,000";"0,000";"0,684";"9,611";"8,930";"9,428";"27,969";"5,679";"2,864";"2,815";
"06/11/2024 12:00";"7,301";"0,000";"6,758";"0,000";"7,111";"0,000";"21,170";"0,000";"0,819";"0,000";"0,000";"0,599";"9,231";"8,688";"9,041";"26,959";"5,789";"2,918";"2,871";
"06/11/2024 12:10";"8,417";"0,000";"7,824";"0,000";"8,635";"0,000";"24,876";"0,000";"0,919";"0,000";"0,000";"0,444";"10,379";"9,786";"10,597";"30,763";"5,887";"2,965";"2,922";
"06/11/2024 12:20";"8,623";"0,000";"8,074";"0,000";"8,766";"0,000";"25,462";"0,000";"1,011";"0,000";"0,000";"0,223";"10,607";"10,058";"10,750";"31,414";"5,952";"2,997";"2,955";
"06/11/2024 12:30";"8,335";"0,000";"7,963";"0,000";"8,572";"0,000";"24,871";"0,000";"1,116";"0,000";"0,000";"0,323";"10,344";"9,972";"10,581";"30,896";"6,025";"3,031";"2,994";
"06/11/2024 12:40";"8,425";"0,000";"8,250";"0,000";"8,884";"0,000";"25,559";"0,000";"0,792";"0,000";"0,000";"0,660";"10,469";"10,294";"10,928";"31,691";"6,132";"3,084";"3,048";
"06/11/2024 12:50";"8,301";"0,000";"8,541";"0,000";"8,550";"0,000";"25,391";"0,000";"0,792";"0,000";"0,000";"0,403";"10,437";"10,677";"10,686";"31,799";"6,408";"3,228";"3,180";
"06/11/2024 13:00";"7,758";"0,000";"8,366";"0,000";"7,949";"0,000";"24,072";"0,000";"0,661";"0,000";"0,000";"0,566";"9,877";"10,484";"10,067";"30,428";"6,356";"3,220";"3,136";
"06/11/2024 13:10";"8,231";"0,000";"8,806";"0,000";"8,410";"0,000";"25,447";"0,000";"0,727";"0,000";"0,000";"0,328";"10,312";"10,887";"10,491";"31,689";"6,242";"3,169";"3,073";
"06/11/2024 13:20";"8,650";"0,000";"8,953";"0,000";"8,447";"0,000";"26,049";"0,000";"0,810";"0,000";"0,000";"0,571";"10,625";"10,928";"10,422";"31,974";"5,925";"3,008";"2,917";
"06/11/2024 13:30";"7,846";"0,000";"8,059";"0,000";"7,663";"0,000";"23,568";"0,000";"0,599";"0,000";"0,000";"0,522";"9,874";"10,087";"9,691";"29,652";"6,084";"3,094";"2,990";
"06/11/2024 13:40";"7,427";"0,000";"7,473";"0,000";"7,300";"0,000";"22,201";"0,000";"0,368";"0,000";"0,000";"0,594";"9,434";"9,480";"9,307";"28,222";"6,021";"3,060";"2,961";
"06/11/2024 13:50";"1,642";"0,000";"1,611";"0,000";"1,706";"0,000";"4,959";"0,000";"0,008";"0,000";"0,000";"0,498";"3,648";"3,618";"3,712";"10,978";"6,019";"3,059";"2,960";
"06/11/2024 14:00";"1,148";"0,000";"1,064";"0,000";"1,394";"0,000";"3,606";"0,000";"0,068";"0,000";"0,000";"0,368";"3,131";"3,047";"3,377";"9,555";"5,949";"3,024";"2,925";
"06/11/2024 14:10";"1,136";"0,000";"0,780";"0,000";"1,229";"0,000";"3,146";"0,000";"0,005";"0,000";"0,000";"0,186";"3,085";"2,729";"3,179";"8,994";"5,848";"2,973";"2,875";
"06/11/2024 14:20";"1,711";"0,000";"1,343";"0,000";"1,840";"0,000";"4,895";"0,000";"0,508";"0,000";"0,000";"0,262";"3,619";"3,251";"3,747";"10,617";"5,722";"2,910";"2,812";
"06/11/2024 14:30";"5,403";"0,000";"4,906";"0,000";"5,503";"0,000";"15,811";"0,000";"0,663";"0,000";"0,000";"0,554";"7,263";"6,766";"7,363";"21,392";"5,581";"2,839";"2,742";
"06/11/2024 14:40";"6,114";"0,000";"5,433";"0,000";"6,016";"0,000";"17,563";"0,000";"0,691";"0,000";"0,000";"0,434";"7,923";"7,242";"7,825";"22,990";"5,427";"2,760";"2,667";
"06/11/2024 14:50";"6,107";"0,000";"5,412";"0,000";"6,098";"0,000";"17,617";"0,000";"0,290";"0,000";"0,000";"0,671";"7,857";"7,162";"7,848";"22,867";"5,250";"2,673";"2,577";
"06/11/2024 15:00";"5,964";"0,000";"5,390";"0,000";"6,127";"0,000";"17,481";"0,000";"0,405";"0,000";"0,000";"0,829";"7,722";"7,147";"7,885";"22,754";"5,273";"2,686";"2,587";
"06/11/2024 15:10";"5,891";"0,000";"5,291";"0,000";"6,013";"0,000";"17,195";"0,000";"0,248";"0,000";"0,000";"0,871";"7,801";"7,202";"7,923";"22,926";"5,731";"2,916";"2,815";
"06/11/2024 15:20";"5,821";"0,000";"5,230";"0,000";"5,927";"0,000";"16,978";"0,000";"0,111";"0,000";"0,000";"0,853";"7,642";"7,051";"7,749";"22,442";"5,464";"2,783";"2,681";
"06/11/2024 15:30";"5,154";"0,000";"4,537";"0,000";"5,105";"0,000";"14,796";"0,000";"0,400";"0,000";"0,000";"0,693";"6,769";"6,151";"6,719";"19,639";"4,843";"2,472";"2,371";
"06/11/2024 15:40";"4,730";"0,000";"4,093";"0,000";"4,776";"0,000";"13,599";"0,000";"0,323";"0,000";"0,000";"0,908";"6,250";"5,614";"6,296";"18,160";"4,561";"2,329";"2,232";
"06/11/2024 15:50";"4,764";"0,000";"4,239";"0,000";"4,896";"0,000";"13,900";"0,000";"0,607";"0,000";"0,000";"0,693";"6,282";"5,758";"6,415";"18,455";"4,555";"2,323";"2,232";
"06/11/2024 16:00";"4,730";"0,000";"4,075";"0,000";"4,693";"0,000";"13,499";"0,000";"0,425";"0,000";"0,000";"0,644";"6,193";"5,538";"6,156";"17,888";"4,389";"2,242";"2,147";
"06/11/2024 16:10";"4,583";"0,000";"4,095";"0,000";"4,720";"0,000";"13,399";"0,000";"0,529";"0,000";"0,000";"0,907";"5,703";"5,215";"5,840";"16,759";"3,360";"1,712";"1,648";
"06/11/2024 16:20";"4,482";"0,000";"3,843";"0,000";"4,550";"0,000";"12,875";"0,000";"0,532";"0,000";"0,000";"0,815";"5,009";"4,370";"5,077";"14,456";"1,581";"0,802";"0,779";
"06/11/2024 16:30";"2,555";"0,000";"2,114";"0,000";"2,572";"0,000";"7,241";"0,000";"0,289";"0,000";"0,000";"0,592";"2,995";"2,553";"3,012";"8,560";"1,319";"0,670";"0,649";
"06/11/2024 16:40";"0,816";"0,000";"0,576";"0,000";"0,674";"0,000";"2,066";"0,000";"0,012";"0,000";"0,000";"0,041";"1,144";"0,904";"1,002";"3,050";"0,984";"0,501";"0,483";
"06/11/2024 16:50";"0,979";"0,000";"0,746";"0,000";"0,842";"0,000";"2,567";"0,000";"0,098";"0,000";"0,000";"0,158";"1,211";"0,978";"1,073";"3,261";"0,694";"0,354";"0,340";
"06/11/2024 17:00";"0,817";"0,000";"0,568";"0,000";"0,628";"0,000";"2,013";"0,000";"0,012";"0,000";"0,000";"0,077";"0,986";"0,737";"0,797";"2,520";"0,507";"0,260";"0,247";
"06/11/2024 17:10";"0,851";"0,000";"0,559";"0,000";"0,625";"0,000";"2,035";"0,000";"0,003";"0,000";"0,000";"0,064";"1,022";"0,730";"0,796";"2,549";"0,514";"0,265";"0,249";
"06/11/2024 17:20";"1,021";"0,000";"0,782";"0,000";"0,843";"0,000";"2,646";"0,000";"0,061";"0,000";"0,000";"0,145";"1,162";"0,922";"0,984";"3,068";"0,422";"0,217";"0,205";
"06/11/2024 17:30";"0,831";"0,000";"0,503";"0,000";"0,606";"0,000";"1,939";"0,000";"0,000";"0,000";"0,000";"0,103";"1,007";"0,680";"0,782";"2,469";"0,530";"0,272";"0,258";
"06/11/2024 17:40";"0,896";"0,000";"0,637";"0,000";"0,675";"0,000";"2,208";"0,000";"0,015";"0,000";"0,000";"0,069";"1,065";"0,805";"0,843";"2,714";"0,506";"0,265";"0,241";
"06/11/2024 17:50";"1,077";"0,000";"0,836";"0,000";"1,092";"0,000";"3,005";"0,000";"0,037";"0,000";"0,000";"0,213";"1,165";"0,923";"1,179";"3,267";"0,262";"0,136";"0,126";
"06/11/2024 18:00";"0,987";"0,000";"0,624";"0,000";"0,937";"0,000";"2,549";"0,000";"0,000";"0,000";"0,000";"0,143";"1,012";"0,650";"0,963";"2,625";"0,076";"0,040";"0,036";
"06/11/2024 18:10";"1,171";"0,000";"0,780";"0,000";"1,031";"0,000";"2,983";"0,000";"0,002";"0,000";"0,000";"0,090";"1,175";"0,784";"1,035";"2,994";"0,011";"0,006";"0,005";
"06/11/2024 18:20";"1,137";"0,000";"0,864";"0,000";"1,219";"0,000";"3,219";"0,000";"0,051";"0,000";"0,000";"0,133";"1,137";"0,864";"1,219";"3,219";"0,000";"0,000";"0,000";
"06/11/2024 18:30";"1,073";"0,000";"0,730";"0,000";"0,864";"0,000";"2,667";"0,000";"0,000";"0,000";"0,000";"0,138";"1,073";"0,730";"0,864";"2,667";"0,000";"0,000";"0,000";
"06/11/2024 18:40";"1,216";"0,000";"0,912";"0,000";"0,843";"0,000";"2,971";"0,000";"0,000";"0,000";"0,000";"0,188";"1,216";"0,912";"0,843";"2,971";"0,000";"0,000";"0,000";
"06/11/2024 18:50";"1,244";"0,000";"1,025";"0,000";"0,998";"0,000";"3,268";"0,000";"0,075";"0,000";"0,000";"0,253";"1,244";"1,025";"0,998";"3,268";"0,000";"0,000";"0,000";
"06/11/2024 19:00";"1,128";"0,000";"0,834";"0,000";"0,775";"0,000";"2,737";"0,000";"0,016";"0,000";"0,000";"0,117";"1,128";"0,834";"0,775";"2,737";"0,000";"0,000";"0,000";
"06/11/2024 19:10";"0,743";"0,000";"0,541";"0,000";"0,406";"0,000";"1,690";"0,000";"0,000";"0,000";"0,000";"0,233";"0,743";"0,541";"0,406";"1,691";"0,000";"0,000";"0,000";
"06/11/2024 19:20";"0,865";"0,000";"0,748";"0,000";"0,623";"0,000";"2,236";"0,000";"0,073";"0,000";"0,000";"0,243";"0,865";"0,748";"0,623";"2,236";"0,000";"0,000";"0,000";
"06/11/2024 19:30";"0,825";"0,000";"0,634";"0,000";"0,478";"0,000";"1,937";"0,000";"0,001";"0,000";"0,000";"0,125";"0,825";"0,634";"0,478";"1,937";"0,000";"0,000";"0,000";
"06/11/2024 19:40";"0,827";"0,000";"0,528";"0,000";"0,383";"0,000";"1,738";"0,000";"0,000";"0,000";"0,000";"0,219";"0,827";"0,528";"0,383";"1,738";"0,000";"0,000";"0,000";
"06/11/2024 19:50";"0,570";"0,000";"0,638";"0,000";"0,548";"0,000";"1,757";"0,000";"0,069";"0,000";"0,000";"0,288";"0,570";"0,638";"0,548";"1,757";"0,000";"0,000";"0,000";
"06/11/2024 20:00";"0,431";"0,000";"0,484";"0,000";"0,367";"0,000";"1,283";"0,000";"0,000";"0,000";"0,000";"0,232";"0,431";"0,484";"0,367";"1,283";"0,000";"0,000";"0,000";
"06/11/2024 20:10";"0,497";"0,000";"0,598";"0,000";"0,424";"0,000";"1,519";"0,000";"0,000";"0,000";"0,000";"0,173";"0,497";"0,598";"0,424";"1,519";"0,000";"0,000";"0,000";
"06/11/2024 20:20";"0,782";"0,000";"0,716";"0,000";"0,604";"0,000";"2,103";"0,000";"0,069";"0,000";"0,000";"0,274";"0,782";"0,716";"0,604";"2,103";"0,000";"0,000";"0,000";
"06/11/2024 20:30";"0,915";"0,000";"0,520";"0,000";"0,403";"0,000";"1,838";"0,000";"0,000";"0,000";"0,000";"0,227";"0,915";"0,520";"0,403";"1,838";"0,000";"0,000";"0,000";
"06/11/2024 20:40";"0,791";"0,000";"0,531";"0,000";"0,374";"0,000";"1,696";"0,000";"0,000";"0,000";"0,000";"0,190";"0,791";"0,531";"0,374";"1,696";"0,000";"0,000";"0,000";
"06/11/2024 20:50";"0,761";"0,000";"0,807";"0,000";"0,669";"0,000";"2,236";"0,000";"0,051";"0,000";"0,000";"0,079";"0,761";"0,807";"0,669";"2,236";"0,000";"0,000";"0,000";
"06/11/2024 21:00";"0,784";"0,000";"0,481";"0,000";"0,371";"0,000";"1,636";"0,000";"0,000";"0,000";"0,000";"0,190";"0,784";"0,481";"0,371";"1,636";"0,000";"0,000";"0,000";
"06/11/2024 21:10";"0,539";"0,000";"0,526";"0,000";"0,362";"0,000";"1,427";"0,000";"0,000";"0,000";"0,000";"0,189";"0,539";"0,526";"0,362";"1,427";"0,000";"0,000";"0,000";
"06/11/2024 21:20";"0,708";"0,000";"0,753";"0,000";"0,630";"0,000";"2,092";"0,000";"0,034";"0,000";"0,000";"0,133";"0,708";"0,753";"0,630";"2,092";"0,000";"0,000";"0,000";
"06/11/2024 21:30";"0,762";"0,000";"0,573";"0,000";"0,441";"0,000";"1,776";"0,000";"0,000";"0,000";"0,000";"0,115";"0,762";"0,573";"0,441";"1,776";"0,000";"0,000";"0,000";
"06/11/2024 21:40";"0,694";"0,000";"0,516";"0,000";"0,364";"0,000";"1,574";"0,000";"0,000";"0,000";"0,000";"0,207";"0,694";"0,516";"0,364";"1,574";"0,000";"0,000";"0,000";
"06/11/2024 21:50";"0,748";"0,000";"0,695";"0,000";"0,576";"0,000";"2,019";"0,000";"0,071";"0,000";"0,000";"0,254";"0,748";"0,695";"0,576";"2,019";"0,000";"0,000";"0,000";
"06/11/2024 22:00";"0,883";"0,000";"0,609";"0,000";"0,699";"0,000";"2,191";"0,000";"0,001";"0,000";"0,000";"0,101";"0,883";"0,609";"0,699";"2,191";"0,000";"0,000";"0,000";
"06/11/2024 22:10";"0,847";"0,000";"0,508";"0,000";"0,682";"0,000";"2,037";"0,000";"0,000";"0,000";"0,000";"0,217";"0,847";"0,508";"0,682";"2,037";"0,000";"0,000";"0,000";
"06/11/2024 22:20";"0,625";"0,000";"0,683";"0,000";"0,828";"0,000";"2,135";"0,000";"0,033";"0,000";"0,000";"0,220";"0,625";"0,683";"0,828";"2,135";"0,000";"0,000";"0,000";
"06/11/2024 22:30";"0,624";"0,000";"0,591";"0,000";"0,728";"0,000";"1,943";"0,000";"0,000";"0,000";"0,000";"0,149";"0,624";"0,591";"0,728";"1,943";"0,000";"0,000";"0,000";
"06/11/2024 22:40";"0,642";"0,000";"0,586";"0,000";"0,706";"0,000";"1,934";"0,000";"0,000";"0,000";"0,000";"0,193";"0,642";"0,586";"0,706";"1,934";"0,000";"0,000";"0,000";
"06/11/2024 22:50";"0,657";"0,000";"0,763";"0,000";"0,898";"0,000";"2,318";"0,000";"0,073";"0,000";"0,000";"0,260";"0,657";"0,763";"0,898";"2,318";"0,000";"0,000";"0,000";
"06/11/2024 23:00";"0,495";"0,000";"0,548";"0,000";"0,676";"0,000";"1,718";"0,000";"0,000";"0,000";"0,000";"0,196";"0,495";"0,548";"0,676";"1,718";"0,000";"0,000";"0,000";
"06/11/2024 23:10";"0,474";"0,000";"0,554";"0,000";"0,683";"0,000";"1,710";"0,000";"0,000";"0,000";"0,000";"0,211";"0,474";"0,554";"0,683";"1,710";"0,000";"0,000";"0,000";
"06/11/2024 23:20";"0,625";"0,000";"0,793";"0,000";"0,894";"0,000";"2,313";"0,000";"0,098";"0,000";"0,000";"0,166";"0,625";"0,793";"0,894";"2,313";"0,000";"0,000";"0,000";
"06/11/2024 23:30";"0,724";"0,000";"0,496";"0,000";"0,647";"0,000";"1,868";"0,000";"0,000";"0,000";"0,000";"0,255";"0,724";"0,496";"0,647";"1,868";"0,000";"0,000";"0,000";
"06/11/2024 23:40";"0,782";"0,000";"0,634";"0,000";"0,733";"0,000";"2,149";"0,000";"0,000";"0,000";"0,000";"0,152";"0,782";"0,634";"0,733";"2,149";"0,000";"0,000";"0,000";
"06/11/2024 23:50";"0,995";"0,000";"0,744";"0,000";"0,862";"0,000";"2,601";"0,000";"0,087";"0,000";"0,000";"0,211";"0,995";"0,744";"0,862";"2,601";"0,000";"0,000";"0,000";
"07/11/2024 00:00";"0,546";"0,000";"0,547";"0,000";"0,709";"0,000";"1,802";"0,000";"0,000";"0,000";"0,000";"0,190";"0,546";"0,547";"0,709";"1,802";"0,000";"0,000";"0,000";
"07/11/2024 00:10";"0,476";"0,000";"0,579";"0,000";"0,689";"0,000";"1,744";"0,000";"0,000";"0,000";"0,000";"0,207";"0,476";"0,579";"0,689";"1,744";"0,000";"0,000";"0,000";
"07/11/2024 00:20";"0,826";"0,000";"0,673";"0,000";"0,820";"0,000";"2,320";"0,000";"0,032";"0,000";"0,000";"0,254";"0,826";"0,673";"0,820";"2,320";"0,000";"0,000";"0,000";
"07/11/2024 00:30";"0,521";"0,000";"0,612";"0,000";"0,716";"0,000";"1,849";"0,000";"0,000";"0,000";"0,000";"0,179";"0,521";"0,612";"0,716";"1,849";"0,000";"0,000";"0,000";
"07/11/2024 00:40";"0,732";"0,000";"0,548";"0,000";"0,678";"0,000";"1,958";"0,000";"0,000";"0,000";"0,000";"0,203";"0,732";"0,548";"0,678";"1,958";"0,000";"0,000";"0,000";
"07/11/2024 00:50";"0,646";"0,000";"0,752";"0,000";"0,897";"0,000";"2,295";"0,000";"0,074";"0,000";"0,000";"0,254";"0,646";"0,752";"0,897";"2,295";"0,000";"0,000";"0,000";
"07/11/2024 01:00";"0,504";"0,000";"0,577";"0,000";"0,662";"0,000";"1,744";"0,000";"0,000";"0,000";"0,000";"0,193";"0,504";"0,577";"0,662";"1,744";"0,000";"0,000";"0,000";
"07/11/2024 01:10";"0,652";"0,000";"0,586";"0,000";"0,698";"0,000";"1,935";"0,000";"0,000";"0,000";"0,000";"0,202";"0,652";"0,586";"0,698";"1,935";"0,000";"0,000";"0,000";
"07/11/2024 01:20";"0,727";"0,000";"0,732";"0,000";"0,891";"0,000";"2,350";"0,000";"0,036";"0,000";"0,000";"0,193";"0,727";"0,732";"0,891";"2,350";"0,000";"0,000";"0,000";
"07/11/2024 01:30";"0,625";"0,000";"0,572";"0,000";"0,695";"0,000";"1,892";"0,000";"0,000";"0,000";"0,000";"0,217";"0,625";"0,572";"0,695";"1,892";"0,000";"0,000";"0,000";
"07/11/2024 01:40";"0,738";"0,000";"0,637";"0,000";"0,725";"0,000";"2,100";"0,000";"0,000";"0,000";"0,000";"0,162";"0,738";"0,637";"0,725";"2,100";"0,000";"0,000";"0,000";
"07/11/2024 01:50";"1,023";"0,000";"0,675";"0,000";"0,926";"0,000";"2,623";"0,000";"0,040";"0,000";"0,000";"0,254";"1,023";"0,675";"0,926";"2,623";"0,000";"0,000";"0,000";
"07/11/2024 02:00";"0,639";"0,000";"0,595";"0,000";"0,817";"0,000";"2,051";"0,000";"0,000";"0,000";"0,000";"0,170";"0,639";"0,595";"0,817";"2,051";"0,000";"0,000";"0,000";
"07/11/2024 02:10";"0,653";"0,000";"0,595";"0,000";"0,672";"0,000";"1,920";"0,000";"0,000";"0,000";"0,000";"0,224";"0,653";"0,595";"0,672";"1,920";"0,000";"0,000";"0,000";
"07/11/2024 02:20";"0,836";"0,000";"0,675";"0,000";"0,830";"0,000";"2,341";"0,000";"0,065";"0,000";"0,000";"0,292";"0,836";"0,675";"0,830";"2,341";"0,000";"0,000";"0,000";
"07/11/2024 02:30";"0,535";"0,000";"0,617";"0,000";"0,739";"0,000";"1,891";"0,000";"0,000";"0,000";"0,000";"0,173";"0,535";"0,617";"0,739";"1,891";"0,000";"0,000";"0,000";
"07/11/2024 02:40";"0,639";"0,000";"0,595";"0,000";"0,705";"0,000";"1,939";"0,000";"0,000";"0,000";"0,000";"0,172";"0,639";"0,595";"0,705";"1,939";"0,000";"0,000";"0,000";
"07/11/2024 02:50";"0,727";"0,000";"0,751";"0,000";"0,856";"0,000";"2,334";"0,000";"0,071";"0,000";"0,000";"0,250";"0,727";"0,751";"0,856";"2,334";"0,000";"0,000";"0,000";
"07/11/2024 03:00";"0,590";"0,000";"0,515";"0,000";"0,676";"0,000";"1,781";"0,000";"0,000";"0,000";"0,000";"0,258";"0,590";"0,515";"0,676";"1,781";"0,000";"0,000";"0,000";
"07/11/2024 03:10";"0,444";"0,000";"0,494";"0,000";"0,638";"0,000";"1,576";"0,000";"0,000";"0,000";"0,000";"0,254";"0,444";"0,494";"0,638";"1,576";"0,000";"0,000";"0,000";
"07/11/2024 03:20";"0,566";"0,000";"0,691";"0,000";"0,822";"0,000";"2,078";"0,000";"0,032";"0,000";"0,000";"0,182";"0,566";"0,691";"0,822";"2,078";"0,000";"0,000";"0,000";
"07/11/2024 03:30";"0,695";"0,000";"0,664";"0,000";"0,793";"0,000";"2,151";"0,000";"0,000";"0,000";"0,000";"0,208";"0,695";"0,664";"0,793";"2,151";"0,000";"0,000";"0,000";
"07/11/2024 03:40";"0,513";"0,000";"0,596";"0,000";"0,728";"0,000";"1,837";"0,000";"0,000";"0,000";"0,000";"0,170";"0,513";"0,596";"0,728";"1,837";"0,000";"0,000";"0,000";
"07/11/2024 03:50";"0,524";"0,000";"0,582";"0,000";"0,734";"0,000";"1,840";"0,000";"0,032";"0,000";"0,000";"0,253";"0,524";"0,582";"0,734";"1,840";"0,000";"0,000";"0,000";
"07/11/2024 04:00";"0,610";"0,000";"0,692";"0,000";"0,852";"0,000";"2,153";"0,000";"0,000";"0,000";"0,000";"0,176";"0,610";"0,692";"0,852";"2,153";"0,000";"0,000";"0,000";
"07/11/2024 04:10";"0,617";"0,000";"0,568";"0,000";"0,692";"0,000";"1,877";"0,000";"0,000";"0,000";"0,000";"0,295";"0,617";"0,568";"0,692";"1,877";"0,000";"0,000";"0,000";
"07/11/2024 04:20";"0,953";"0,000";"0,521";"0,000";"0,652";"0,000";"2,127";"0,000";"0,023";"0,000";"0,000";"0,291";"0,953";"0,521";"0,652";"2,127";"0,000";"0,000";"0,000";
"07/11/2024 04:30";"0,682";"0,000";"0,739";"0,000";"0,909";"0,000";"2,329";"0,000";"0,010";"0,000";"0,000";"0,214";"0,682";"0,739";"0,909";"2,329";"0,000";"0,000";"0,000";
"07/11/2024 04:40";"0,485";"0,000";"0,544";"0,000";"0,675";"0,000";"1,705";"0,000";"0,000";"0,000";"0,000";"0,222";"0,485";"0,544";"0,675";"1,705";"0,000";"0,000";"0,000";
"07/11/2024 04:50";"0,557";"0,000";"0,660";"0,000";"0,742";"0,000";"1,959";"0,000";"0,000";"0,000";"0,000";"0,157";"0,557";"0,660";"0,742";"1,959";"0,000";"0,000";"0,000";
"07/11/2024 05:00";"0,768";"0,000";"0,717";"0,000";"0,886";"0,000";"2,370";"0,000";"0,068";"0,000";"0,000";"0,285";"0,768";"0,717";"0,886";"2,370";"0,000";"0,000";"0,000";
"07/11/2024 05:10";"0,548";"0,000";"0,588";"0,000";"0,711";"0,000";"1,847";"0,000";"0,000";"0,000";"0,000";"0,190";"0,548";"0,588";"0,711";"1,847";"0,000";"0,000";"0,000";
"07/11/2024 05:20";"0,525";"0,000";"0,635";"0,000";"0,720";"0,000";"1,879";"0,000";"0,000";"0,000";"0,000";"0,195";"0,525";"0,635";"0,720";"1,879";"0,000";"0,000";"0,000";
"07/11/2024 05:30";"1,496";"0,000";"1,373";"0,000";"1,407";"0,000";"4,276";"0,000";"0,056";"0,000";"0,000";"0,248";"1,496";"1,373";"1,407";"4,276";"0,000";"0,000";"0,000";
"07/11/2024 05:40";"1,742";"0,000";"1,535";"0,000";"1,620";"0,000";"4,897";"0,000";"0,004";"0,000";"0,000";"0,099";"1,742";"1,535";"1,620";"4,897";"0,000";"0,000";"0,000";
"07/11/2024 05:50";"1,738";"0,000";"1,584";"0,000";"1,760";"0,000";"5,082";"0,000";"0,004";"0,000";"0,000";"0,252";"1,738";"1,584";"1,760";"5,082";"0,000";"0,000";"0,000";
"07/11/2024 06:00";"5,393";"0,000";"5,002";"0,000";"5,677";"0,000";"16,072";"0,000";"1,025";"0,000";"0,000";"0,592";"5,393";"5,002";"5,677";"16,072";"0,000";"0,000";"0,000";
"07/11/2024 06:10";"7,162";"0,000";"7,141";"0,000";"7,430";"0,000";"21,733";"0,000";"0,744";"0,000";"0,000";"0,405";"7,162";"7,141";"7,430";"21,733";"0,000";"0,000";"0,000";
"07/11/2024 06:20";"8,472";"0,000";"8,605";"0,000";"8,441";"0,000";"25,519";"0,000";"0,966";"0,000";"0,000";"0,447";"8,472";"8,605";"8,441";"25,519";"0,000";"0,000";"0,000";
"07/11/2024 06:30";"8,038";"0,000";"8,340";"0,000";"7,546";"0,000";"23,924";"0,000";"1,003";"0,000";"0,000";"0,585";"8,038";"8,340";"7,546";"23,924";"0,000";"0,000";"0,000";
"07/11/2024 06:40";"8,071";"0,000";"8,070";"0,000";"7,733";"0,000";"23,874";"0,000";"0,545";"0,000";"0,000";"0,894";"8,071";"8,070";"7,733";"23,874";"0,000";"0,000";"0,000";
"07/11/2024 06:50";"8,646";"0,000";"9,223";"0,000";"8,533";"0,000";"26,403";"0,000";"0,941";"0,000";"0,000";"0,567";"8,646";"9,223";"8,533";"26,403";"0,000";"0,000";"0,000";
"07/11/2024 07:00";"8,839";"0,000";"9,573";"0,000";"8,861";"0,000";"27,273";"0,000";"1,203";"0,000";"0,000";"0,413";"8,839";"9,573";"8,861";"27,273";"0,000";"0,000";"0,000";
"07/11/2024 07:10";"8,778";"0,000";"9,057";"0,000";"8,505";"0,000";"26,341";"0,000";"0,949";"0,000";"0,000";"0,662";"8,778";"9,057";"8,505";"26,341";"0,000";"0,000";"0,000";
"07/11/2024 07:20";"8,465";"0,000";"8,742";"0,000";"8,365";"0,000";"25,572";"0,000";"1,235";"0,000";"0,000";"0,435";"8,465";"8,742";"8,365";"25,572";"0,000";"0,000";"0,000";
"07/11/2024 07:30";"8,403";"0,000";"8,886";"0,000";"8,499";"0,000";"25,787";"0,000";"0,745";"0,000";"0,000";"0,397";"8,403";"8,886";"8,499";"25,787";"0,000";"0,000";"0,000";
"07/11/2024 07:40";"7,519";"0,000";"8,160";"0,000";"7,556";"0,000";"23,235";"0,000";"0,619";"0,000";"0,000";"0,459";"7,519";"8,160";"7,556";"23,235";"0,000";"0,000";"0,000";
"07/11/2024 07:50";"6,879";"0,000";"7,522";"0,000";"6,946";"0,000";"21,347";"0,000";"0,474";"0,000";"0,000";"0,555";"6,879";"7,522";"6,946";"21,347";"0,000";"0,000";"0,000";
"07/11/2024 08:00";"6,242";"0,000";"6,817";"0,000";"6,497";"0,000";"19,556";"0,000";"0,408";"0,000";"0,000";"0,660";"6,242";"6,817";"6,497";"19,556";"0,000";"0,000";"0,000";
"07/11/2024 08:10";"5,473";"0,000";"5,852";"0,000";"5,485";"0,000";"16,810";"0,000";"0,300";"0,000";"0,000";"0,942";"5,473";"5,852";"5,485";"16,810";"0,000";"0,000";"0,000";
"07/11/2024 08:20";"3,621";"0,000";"4,170";"0,000";"3,462";"0,000";"11,252";"0,000";"0,439";"0,000";"0,000";"0,251";"3,623";"4,172";"3,464";"11,258";"0,006";"0,003";"0,003";
"07/11/2024 08:30";"6,071";"0,000";"6,457";"0,000";"6,081";"0,000";"18,609";"0,000";"1,141";"0,000";"0,000";"0,251";"6,145";"6,531";"6,155";"18,831";"0,222";"0,125";"0,097";
"07/11/2024 08:40";"8,401";"0,000";"8,139";"0,000";"8,249";"0,000";"24,788";"0,000";"0,791";"0,000";"0,000";"0,551";"8,532";"8,269";"8,379";"25,180";"0,392";"0,236";"0,156";
"07/11/2024 08:50";"7,856";"0,000";"7,915";"0,000";"8,291";"0,000";"24,061";"0,000";"0,593";"0,000";"0,000";"0,382";"8,049";"8,108";"8,485";"24,641";"0,580";"0,366";"0,214";
"07/11/2024 09:00";"8,673";"0,000";"8,140";"0,000";"8,772";"0,000";"25,586";"0,000";"0,760";"0,000";"0,000";"0,429";"8,924";"8,391";"9,023";"26,337";"0,752";"0,484";"0,268";
"07/11/2024 09:10";"7,605";"0,000";"7,374";"0,000";"7,850";"0,000";"22,829";"0,000";"1,593";"0,000";"0,000";"0,396";"7,894";"7,663";"8,139";"23,695";"0,866";"0,549";"0,317";
"07/11/2024 09:20";"8,362";"0,000";"7,902";"0,000";"8,312";"0,000";"24,577";"0,000";"0,668";"0,000";"0,000";"0,508";"8,788";"8,327";"8,738";"25,853";"1,276";"0,756";"0,520";
"07/11/2024 09:30";"9,054";"0,000";"8,316";"0,000";"8,876";"0,000";"26,245";"0,000";"1,428";"0,000";"0,000";"0,243";"9,633";"8,894";"9,455";"27,981";"1,736";"0,970";"0,766";
"07/11/2024 09:40";"7,833";"0,000";"7,132";"0,000";"7,634";"0,000";"22,600";"0,000";"0,671";"0,000";"0,000";"0,630";"8,540";"7,839";"8,341";"24,721";"2,121";"1,181";"0,940";
"07/11/2024 09:50";"6,371";"0,000";"5,837";"0,000";"6,547";"0,000";"18,755";"0,000";"0,696";"0,000";"0,000";"0,486";"7,178";"6,643";"7,353";"21,174";"2,419";"1,343";"1,076";
"07/11/2024 10:00";"4,237";"0,000";"3,738";"0,000";"4,367";"0,000";"12,342";"0,000";"0,804";"0,000";"0,000";"0,699";"5,072";"4,573";"5,202";"14,846";"2,504";"1,390";"1,114";
"07/11/2024 10:10";"2,488";"0,000";"2,145";"0,000";"2,664";"0,000";"7,297";"0,000";"0,546";"0,000";"0,000";"0,013";"3,438";"3,095";"3,615";"10,148";"2,851";"1,580";"1,271";
"07/11/2024 10:20";"6,698";"0,000";"6,268";"0,000";"6,780";"0,000";"19,747";"0,000";"1,047";"0,000";"0,000";"0,443";"7,834";"7,404";"7,915";"23,154";"3,407";"1,821";"1,586";
"07/11/2024 10:30";"8,385";"0,000";"7,361";"0,000";"7,987";"0,000";"23,733";"0,000";"0,805";"0,000";"0,000";"0,502";"9,722";"8,698";"9,324";"27,744";"4,011";"2,034";"1,977";
"07/11/2024 10:40";"8,426";"0,000";"7,630";"0,000";"8,588";"0,000";"24,644";"0,000";"0,977";"0,000";"0,000";"0,465";"9,802";"9,007";"9,965";"28,774";"4,130";"2,074";"2,056";
"07/11/2024 10:50";"8,882";"0,000";"8,238";"0,000";"8,863";"0,000";"25,983";"0,000";"1,181";"0,000";"0,000";"0,515";"10,396";"9,752";"10,376";"30,524";"4,541";"2,278";"2,263";
"07/11/2024 11:00";"9,396";"0,000";"8,895";"0,000";"9,585";"0,000";"27,876";"0,000";"1,516";"0,000";"0,000";"0,170";"10,981";"10,480";"11,170";"32,631";"4,755";"2,390";"2,365";
"07/11/2024 11:10";"9,193";"0,000";"8,348";"0,000";"8,938";"0,000";"26,479";"0,000";"1,580";"0,000";"0,000";"0,098";"10,865";"10,020";"10,610";"31,496";"5,017";"2,529";"2,488";
"07/11/2024 11:20";"7,252";"0,000";"6,590";"0,000";"7,336";"0,000";"21,178";"0,000";"0,801";"0,000";"0,000";"0,575";"8,981";"8,319";"9,065";"26,365";"5,187";"2,618";"2,569";
"07/11/2024 11:30";"7,380";"0,000";"6,723";"0,000";"7,157";"0,000";"21,260";"0,000";"0,846";"0,000";"0,000";"0,238";"9,191";"8,534";"8,968";"26,693";"5,433";"2,743";"2,690";
"07/11/2024 11:40";"7,506";"0,000";"6,795";"0,000";"7,328";"0,000";"21,629";"0,000";"0,863";"0,000";"0,000";"0,214";"9,341";"8,630";"9,163";"27,134";"5,505";"2,779";"2,726";
"07/11/2024 11:50";"7,372";"0,000";"6,683";"0,000";"7,098";"0,000";"21,153";"0,000";"0,622";"0,000";"0,000";"0,689";"9,250";"8,561";"8,976";"26,787";"5,634";"2,843";"2,791";
"07/11/2024 12:00";"3,958";"0,000";"4,822";"0,000";"3,884";"0,000";"12,664";"0,000";"1,131";"0,000";"0,000";"0,374";"5,862";"6,726";"5,787";"18,375";"5,711";"2,881";"2,830";
"07/11/2024 12:10";"7,659";"0,000";"8,314";"0,000";"7,337";"0,000";"23,310";"0,000";"1,512";"0,000";"0,000";"0,375";"9,627";"10,283";"9,305";"29,215";"5,905";"2,979";"2,926";
"07/11/2024 12:20";"6,898";"0,000";"7,587";"0,000";"6,634";"0,000";"21,119";"0,000";"0,966";"0,000";"0,000";"0,382";"8,897";"9,586";"8,633";"27,116";"5,997";"3,024";"2,973";
"07/11/2024 12:30";"3,044";"0,000";"3,941";"0,000";"2,774";"0,000";"9,759";"0,000";"1,035";"0,000";"0,000";"0,064";"5,081";"5,978";"4,811";"15,870";"6,111";"3,080";"3,031";
"07/11/2024 12:40";"4,887";"0,000";"5,618";"0,000";"4,710";"0,000";"15,215";"0,000";"1,339";"0,000";"0,000";"0,071";"6,933";"7,664";"6,756";"21,353";"6,138";"3,093";"3,045";
"07/11/2024 12:50";"8,417";"0,000";"8,432";"0,000";"7,904";"0,000";"24,754";"0,000";"1,247";"0,000";"0,000";"0,237";"10,477";"10,492";"9,964";"30,934";"6,180";"3,119";"3,061";
"07/11/2024 13:00";"5,125";"0,000";"5,002";"0,000";"4,809";"0,000";"14,936";"0,000";"1,002";"0,000";"0,000";"0,419";"7,180";"7,057";"6,865";"21,102";"6,166";"3,129";"3,037";
"07/11/2024 13:10";"5,071";"0,000";"5,056";"0,000";"4,870";"0,000";"14,996";"0,000";"1,728";"0,000";"0,000";"0,214";"7,056";"7,041";"6,855";"20,952";"5,956";"3,032";"2,924";
"07/11/2024 13:20";"7,851";"0,000";"7,511";"0,000";"7,556";"0,000";"22,917";"0,000";"1,006";"0,000";"0,000";"0,508";"9,683";"9,343";"9,388";"28,414";"5,497";"2,801";"2,696";
"07/11/2024 13:30";"3,274";"0,000";"3,085";"0,000";"2,996";"0,000";"9,355";"0,000";"0,950";"0,000";"0,000";"0,057";"5,073";"4,883";"4,795";"14,751";"5,396";"2,749";"2,647";
"07/11/2024 13:40";"2,221";"0,000";"1,927";"0,000";"1,826";"0,000";"5,975";"0,000";"0,188";"0,000";"0,000";"0,226";"3,801";"3,507";"3,406";"10,713";"4,738";"2,414";"2,324";
"07/11/2024 13:50";"1,611";"0,000";"1,238";"0,000";"1,498";"0,000";"4,348";"0,000";"0,095";"0,000";"0,000";"0,421";"3,128";"2,755";"3,015";"8,899";"4,551";"2,320";"2,231";
"07/11/2024 14:00";"0,961";"0,000";"0,680";"0,000";"1,124";"0,000";"2,765";"0,000";"0,000";"0,000";"0,000";"0,356";"2,574";"2,292";"2,736";"7,603";"4,838";"2,466";"2,372";
"07/11/2024 14:10";"0,870";"0,000";"0,591";"0,000";"0,973";"0,000";"2,434";"0,000";"0,001";"0,000";"0,000";"0,289";"2,328";"2,049";"2,431";"6,809";"4,375";"2,231";"2,144";
"07/11/2024 14:20";"0,890";"0,000";"0,740";"0,000";"1,157";"0,000";"2,787";"0,000";"0,029";"0,000";"0,000";"0,343";"1,960";"1,810";"2,227";"5,997";"3,210";"1,637";"1,573";
"07/11/2024 14:30";"5,343";"0,000";"4,812";"0,000";"5,348";"0,000";"15,502";"0,000";"0,861";"0,000";"0,000";"0,630";"6,598";"6,067";"6,602";"19,266";"3,764";"1,921";"1,843";
"07/11/2024 14:40";"5,715";"0,000";"5,286";"0,000";"5,846";"0,000";"16,846";"0,000";"0,545";"0,000";"0,000";"0,728";"7,072";"6,643";"7,203";"20,917";"4,071";"2,079";"1,992";
"07/11/2024 14:50";"5,431";"0,000";"4,918";"0,000";"5,448";"0,000";"15,797";"0,000";"0,630";"0,000";"0,000";"1,049";"6,600";"6,086";"6,616";"19,302";"3,505";"1,789";"1,716";
"07/11/2024 15:00";"0,807";"0,000";"0,540";"0,000";"1,009";"0,000";"2,356";"0,000";"0,000";"0,000";"0,000";"0,348";"1,787";"1,519";"1,989";"5,295";"2,939";"1,502";"1,437";
"07/11/2024 15:10";"0,972";"0,000";"0,708";"0,000";"1,270";"0,000";"2,950";"0,000";"0,070";"0,000";"0,000";"0,430";"2,138";"1,874";"2,437";"6,450";"3,500";"1,788";"1,712";
"07/11/2024 15:20";"0,942";"0,000";"0,614";"0,000";"1,120";"0,000";"2,677";"0,000";"0,000";"0,000";"0,000";"0,300";"2,139";"1,811";"2,317";"6,267";"3,590";"1,833";"1,757";
"07/11/2024 15:30";"0,981";"0,000";"0,717";"0,000";"1,248";"0,000";"2,946";"0,000";"0,066";"0,000";"0,000";"0,447";"2,174";"1,910";"2,441";"6,525";"3,579";"1,827";"1,752";
"07/11/2024 15:40";"0,992";"0,000";"0,671";"0,000";"1,163";"0,000";"2,826";"0,000";"0,000";"0,000";"0,000";"0,341";"1,811";"1,490";"1,983";"5,285";"2,459";"1,253";"1,206";
"07/11/2024 15:50";"0,854";"0,000";"0,551";"0,000";"1,119";"0,000";"2,524";"0,000";"0,000";"0,000";"0,000";"0,360";"1,389";"1,086";"1,655";"4,130";"1,606";"0,818";"0,788";
"07/11/2024 16:00";"1,126";"0,000";"0,777";"0,000";"1,321";"0,000";"3,224";"0,000";"0,025";"0,000";"0,000";"0,370";"1,612";"1,262";"1,807";"4,681";"1,457";"0,743";"0,714";
"07/11/2024 16:10";"1,017";"0,000";"0,677";"0,000";"1,139";"0,000";"2,832";"0,000";"0,000";"0,000";"0,000";"0,384";"1,450";"1,110";"1,572";"4,131";"1,299";"0,663";"0,636";
"07/11/2024 16:20";"1,099";"0,000";"0,829";"0,000";"1,295";"0,000";"3,224";"0,000";"0,027";"0,000";"0,000";"0,388";"1,533";"1,263";"1,729";"4,525";"1,301";"0,664";"0,637";
"07/11/2024 16:30";"0,993";"0,000";"0,635";"0,000";"1,105";"0,000";"2,732";"0,000";"0,000";"0,000";"0,000";"0,402";"1,475";"1,117";"1,587";"4,179";"1,447";"0,738";"0,709";
"07/11/2024 16:40";"1,061";"0,000";"0,678";"0,000";"1,160";"0,000";"2,899";"0,000";"0,000";"0,000";"0,000";"0,355";"1,596";"1,213";"1,694";"4,503";"1,604";"0,818";"0,786";
"07/11/2024 16:50";"1,185";"0,000";"0,850";"0,000";"1,325";"0,000";"3,361";"0,000";"0,031";"0,000";"0,000";"0,381";"1,638";"1,303";"1,778";"4,719";"1,358";"0,693";"0,665";
"07/11/2024 17:00";"1,305";"0,000";"0,914";"0,000";"1,420";"0,000";"3,638";"0,000";"0,212";"0,000";"0,000";"0,369";"1,645";"1,254";"1,760";"4,658";"1,020";"0,521";"0,499";
"07/11/2024 17:10";"1,438";"0,000";"0,985";"0,000";"1,496";"0,000";"3,919";"0,000";"0,098";"0,000";"0,000";"0,503";"1,677";"1,224";"1,735";"4,636";"0,717";"0,367";"0,350";
"07/11/2024 17:20";"1,014";"0,000";"0,754";"0,000";"1,113";"0,000";"2,882";"0,000";"0,000";"0,000";"0,000";"0,420";"1,169";"0,910";"1,269";"3,348";"0,466";"0,240";"0,226";
"07/11/2024 17:30";"1,242";"0,000";"1,053";"0,000";"1,379";"0,000";"3,674";"0,000";"0,065";"0,000";"0,000";"0,466";"1,346";"1,156";"1,483";"3,985";"0,311";"0,161";"0,150";
"07/11/2024 17:40";"1,071";"0,000";"0,808";"0,000";"1,339";"0,000";"3,218";"0,000";"0,000";"0,000";"0,000";"0,465";"1,147";"0,884";"1,415";"3,445";"0,227";"0,118";"0,109";
"07/11/2024 17:50";"0,980";"0,000";"0,629";"0,000";"0,959";"0,000";"2,568";"0,000";"0,000";"0,000";"0,000";"0,301";"1,029";"0,678";"1,009";"2,716";"0,148";"0,077";"0,071";
"07/11/2024 18:00";"0,958";"0,000";"0,708";"0,000";"0,790";"0,000";"2,457";"0,000";"0,077";"0,000";"0,000";"0,276";"0,978";"0,728";"0,810";"2,517";"0,060";"0,031";"0,029";
"07/11/2024 18:10";"0,896";"0,000";"0,492";"0,000";"0,619";"0,000";"2,007";"0,000";"0,000";"0,000";"0,000";"0,253";"0,897";"0,493";"0,620";"2,009";"0,002";"0,001";"0,001";
"07/11/2024 18:20";"0,979";"0,000";"0,697";"0,000";"0,791";"0,000";"2,467";"0,000";"0,094";"0,000";"0,000";"0,307";"0,979";"0,697";"0,791";"2,467";"0,000";"0,000";"0,000";
"07/11/2024 18:30";"1,014";"0,000";"0,675";"0,000";"0,673";"0,000";"2,361";"0,000";"0,000";"0,000";"0,000";"0,287";"1,014";"0,675";"0,673";"2,361";"0,000";"0,000";"0,000";
"07/11/2024 18:40";"0,886";"0,000";"0,614";"0,000";"0,648";"0,000";"2,149";"0,000";"0,000";"0,000";"0,000";"0,302";"0,886";"0,614";"0,648";"2,149";"0,000";"0,000";"0,000";
"07/11/2024 18:50";"1,098";"0,000";"0,797";"0,000";"0,991";"0,000";"2,886";"0,000";"0,034";"0,000";"0,000";"0,238";"1,098";"0,797";"0,991";"2,886";"0,000";"0,000";"0,000";
"07/11/2024 19:00";"0,843";"0,000";"0,514";"0,000";"0,361";"0,000";"1,717";"0,000";"0,000";"0,000";"0,000";"0,275";"0,843";"0,514";"0,361";"1,717";"0,000";"0,000";"0,000";
"07/11/2024 19:10";"1,032";"0,000";"0,711";"0,000";"0,543";"0,000";"2,287";"0,000";"0,070";"0,000";"0,000";"0,374";"1,032";"0,711";"0,543";"2,287";"0,000";"0,000";"0,000";
"07/11/2024 19:20";"0,813";"0,000";"0,561";"0,000";"0,394";"0,000";"1,769";"0,000";"0,000";"0,000";"0,000";"0,272";"0,813";"0,561";"0,394";"1,769";"0,000";"0,000";"0,000";
"07/11/2024 19:30";"0,814";"0,000";"0,618";"0,000";"0,537";"0,000";"1,968";"0,000";"0,071";"0,000";"0,000";"0,311";"0,814";"0,618";"0,537";"1,968";"0,000";"0,000";"0,000";
"07/11/2024 19:40";"0,676";"0,000";"0,461";"0,000";"0,352";"0,000";"1,489";"0,000";"0,000";"0,000";"0,000";"0,235";"0,676";"0,461";"0,352";"1,489";"0,000";"0,000";"0,000";
"07/11/2024 19:50";"0,781";"0,000";"0,545";"0,000";"0,398";"0,000";"1,723";"0,000";"0,000";"0,000";"0,000";"0,196";"0,781";"0,545";"0,398";"1,723";"0,000";"0,000";"0,000";
"07/11/2024 20:00";"0,859";"0,000";"0,718";"0,000";"0,599";"0,000";"2,176";"0,000";"0,072";"0,000";"0,000";"0,250";"0,859";"0,718";"0,599";"2,176";"0,000";"0,000";"0,000";
"07/11/2024 20:10";"0,732";"0,000";"0,566";"0,000";"0,426";"0,000";"1,724";"0,000";"0,000";"0,000";"0,000";"0,160";"0,732";"0,566";"0,426";"1,724";"0,000";"0,000";"0,000";
"07/11/2024 20:20";"0,549";"0,000";"0,605";"0,000";"0,524";"0,000";"1,678";"0,000";"0,067";"0,000";"0,000";"0,312";"0,549";"0,605";"0,524";"1,678";"0,000";"0,000";"0,000";
"07/11/2024 20:30";"0,661";"0,000";"0,543";"0,000";"0,415";"0,000";"1,619";"0,000";"0,000";"0,000";"0,000";"0,242";"0,661";"0,543";"0,415";"1,619";"0,000";"0,000";"0,000";
"07/11/2024 20:40";"0,435";"0,000";"0,528";"0,000";"0,372";"0,000";"1,335";"0,000";"0,000";"0,000";"0,000";"0,207";"0,435";"0,528";"0,372";"1,335";"0,000";"0,000";"0,000";
"07/11/2024 20:50";"0,899";"0,000";"0,751";"0,000";"0,646";"0,000";"2,296";"0,000";"0,073";"0,000";"0,000";"0,226";"0,899";"0,751";"0,646";"2,296";"0,000";"0,000";"0,000";
"07/11/2024 21:00";"0,621";"0,000";"0,461";"0,000";"0,352";"0,000";"1,434";"0,000";"0,000";"0,000";"0,000";"0,239";"0,621";"0,461";"0,352";"1,434";"0,000";"0,000";"0,000";
"07/11/2024 21:10";"0,567";"0,000";"0,619";"0,000";"0,538";"0,000";"1,724";"0,000";"0,069";"0,000";"0,000";"0,313";"0,567";"0,619";"0,538";"1,724";"0,000";"0,000";"0,000";
"07/11/2024 21:20";"0,513";"0,000";"0,590";"0,000";"0,429";"0,000";"1,532";"0,000";"0,000";"0,000";"0,000";"0,169";"0,513";"0,590";"0,429";"1,532";"0,000";"0,000";"0,000";
"07/11/2024 21:30";"0,987";"0,000";"0,759";"0,000";"0,572";"0,000";"2,317";"0,000";"0,069";"0,000";"0,000";"0,249";"0,987";"0,759";"0,572";"2,317";"0,000";"0,000";"0,000";
"07/11/2024 21:40";"0,555";"0,000";"0,491";"0,000";"0,395";"0,000";"1,441";"0,000";"0,000";"0,000";"0,000";"0,239";"0,555";"0,491";"0,395";"1,441";"0,000";"0,000";"0,000";
"07/11/2024 21:50";"0,493";"0,000";"0,567";"0,000";"0,387";"0,000";"1,447";"0,000";"0,000";"0,000";"0,000";"0,198";"0,493";"0,567";"0,387";"1,447";"0,000";"0,000";"0,000";
"07/11/2024 22:00";"0,819";"0,000";"0,675";"0,000";"0,592";"0,000";"2,086";"0,000";"0,068";"0,000";"0,000";"0,264";"0,819";"0,675";"0,592";"2,086";"0,000";"0,000";"0,000";
"07/11/2024 22:10";"0,617";"0,000";"0,464";"0,000";"0,352";"0,000";"1,434";"0,000";"0,000";"0,000";"0,000";"0,243";"0,617";"0,464";"0,352";"1,434";"0,000";"0,000";"0,000";
"07/11/2024 22:20";"0,514";"0,000";"0,590";"0,000";"0,450";"0,000";"1,554";"0,000";"0,069";"0,000";"0,000";"0,299";"0,514";"0,590";"0,450";"1,554";"0,000";"0,000";"0,000";
"07/11/2024 22:30";"0,588";"0,000";"0,663";"0,000";"0,540";"0,000";"1,791";"0,000";"0,000";"0,000";"0,000";"0,149";"0,588";"0,663";"0,540";"1,791";"0,000";"0,000";"0,000";
"07/11/2024 22:40";"0,578";"0,000";"0,548";"0,000";"0,690";"0,000";"1,816";"0,000";"0,000";"0,000";"0,000";"0,187";"0,578";"0,548";"0,690";"1,816";"0,000";"0,000";"0,000";
"07/11/2024 22:50";"0,684";"0,000";"0,754";"0,000";"0,964";"0,000";"2,402";"0,000";"0,073";"0,000";"0,000";"0,227";"0,684";"0,754";"0,964";"2,402";"0,000";"0,000";"0,000";
"07/11/2024 23:00";"0,493";"0,000";"0,572";"0,000";"0,661";"0,000";"1,726";"0,000";"0,000";"0,000";"0,000";"0,210";"0,493";"0,572";"0,661";"1,726";"0,000";"0,000";"0,000";
"07/11/2024 23:10";"0,810";"0,000";"0,678";"0,000";"0,821";"0,000";"2,309";"0,000";"0,098";"0,000";"0,000";"0,186";"0,810";"0,678";"0,821";"2,309";"0,000";"0,000";"0,000";
"07/11/2024 23:20";"0,442";"0,000";"0,494";"0,000";"0,679";"0,000";"1,615";"0,000";"0,000";"0,000";"0,000";"0,265";"0,442";"0,494";"0,679";"1,615";"0,000";"0,000";"0,000";
"07/11/2024 23:30";"0,695";"0,000";"0,524";"0,000";"0,632";"0,000";"1,851";"0,000";"0,000";"0,000";"0,000";"0,255";"0,695";"0,524";"0,632";"1,851";"0,000";"0,000";"0,000";
"07/11/2024 23:40";"0,847";"0,000";"0,726";"0,000";"0,906";"0,000";"2,480";"0,000";"0,073";"0,000";"0,000";"0,245";"0,847";"0,726";"0,906";"2,480";"0,000";"0,000";"0,000";
"07/11/2024 23:50";"0,607";"0,000";"0,527";"0,000";"0,664";"0,000";"1,799";"0,000";"0,000";"0,000";"0,000";"0,223";"0,607";"0,527";"0,664";"1,799";"0,000";"0,000";"0,000";
"08/11/2024 00:00";"0,564";"0,000";"0,680";"0,000";"0,825";"0,000";"2,069";"0,000";"0,072";"0,000";"0,000";"0,309";"0,564";"0,680";"0,825";"2,069";"0,000";"0,000";"0,000";
"08/11/2024 00:10";"0,463";"0,000";"0,458";"0,000";"0,626";"0,000";"1,547";"0,000";"0,000";"0,000";"0,000";"0,262";"0,463";"0,458";"0,626";"1,547";"0,000";"0,000";"0,000";
"08/11/2024 00:20";"0,509";"0,000";"0,579";"0,000";"0,686";"0,000";"1,774";"0,000";"0,000";"0,000";"0,000";"0,169";"0,509";"0,579";"0,686";"1,774";"0,000";"0,000";"0,000";
"08/11/2024 00:30";"0,923";"0,000";"0,775";"0,000";"0,915";"0,000";"2,612";"0,000";"0,069";"0,000";"0,000";"0,263";"0,923";"0,775";"0,915";"2,612";"0,000";"0,000";"0,000";
"08/11/2024 00:40";"0,820";"0,000";"0,461";"0,000";"0,624";"0,000";"1,904";"0,000";"0,000";"0,000";"0,000";"0,267";"0,820";"0,461";"0,624";"1,904";"0,000";"0,000";"0,000";
"08/11/2024 00:50";"0,584";"0,000";"0,639";"0,000";"0,780";"0,000";"2,002";"0,000";"0,067";"0,000";"0,000";"0,318";"0,584";"0,639";"0,780";"2,002";"0,000";"0,000";"0,000";
"08/11/2024 01:00";"0,596";"0,000";"0,554";"0,000";"0,662";"0,000";"1,812";"0,000";"0,000";"0,000";"0,000";"0,147";"0,596";"0,554";"0,662";"1,812";"0,000";"0,000";"0,000";
"08/11/2024 01:10";"0,585";"0,000";"0,542";"0,000";"0,675";"0,000";"1,801";"0,000";"0,048";"0,000";"0,000";"0,178";"0,585";"0,542";"0,675";"1,801";"0,000";"0,000";"0,000";
"08/11/2024 01:20";"0,712";"0,000";"0,621";"0,000";"0,785";"0,000";"2,117";"0,000";"0,046";"0,000";"0,000";"0,217";"0,712";"0,621";"0,785";"2,117";"0,000";"0,000";"0,000";
"08/11/2024 01:30";"0,764";"0,000";"0,467";"0,000";"0,646";"0,000";"1,876";"0,000";"0,000";"0,000";"0,000";"0,227";"0,764";"0,467";"0,646";"1,876";"0,000";"0,000";"0,000";
"08/11/2024 01:40";"0,841";"0,000";"0,787";"0,000";"0,907";"0,000";"2,535";"0,000";"0,033";"0,000";"0,000";"0,137";"0,841";"0,787";"0,907";"2,535";"0,000";"0,000";"0,000";
"08/11/2024 01:50";"0,792";"0,000";"0,526";"0,000";"0,683";"0,000";"2,001";"0,000";"0,001";"0,000";"0,000";"0,169";"0,792";"0,526";"0,683";"2,001";"0,000";"0,000";"0,000";
"08/11/2024 02:00";"0,697";"0,000";"0,677";"0,000";"0,831";"0,000";"2,205";"0,000";"0,094";"0,000";"0,000";"0,190";"0,697";"0,677";"0,831";"2,205";"0,000";"0,000";"0,000";
"08/11/2024 02:10";"0,555";"0,000";"0,591";"0,000";"0,739";"0,000";"1,885";"0,000";"0,000";"0,000";"0,000";"0,165";"0,555";"0,591";"0,739";"1,885";"0,000";"0,000";"0,000";
"08/11/2024 02:20";"0,484";"0,000";"0,501";"0,000";"0,658";"0,000";"1,642";"0,000";"0,000";"0,000";"0,000";"0,216";"0,484";"0,501";"0,658";"1,642";"0,000";"0,000";"0,000";
"08/11/2024 02:30";"0,570";"0,000";"0,684";"0,000";"0,906";"0,000";"2,160";"0,000";"0,067";"0,000";"0,000";"0,348";"0,570";"0,684";"0,906";"2,160";"0,000";"0,000";"0,000";
"08/11/2024 02:40";"0,750";"0,000";"0,520";"0,000";"0,678";"0,000";"1,948";"0,000";"0,000";"0,000";"0,000";"0,245";"0,750";"0,520";"0,678";"1,948";"0,000";"0,000";"0,000";
"08/11/2024 02:50";"0,648";"0,000";"0,741";"0,000";"0,919";"0,000";"2,307";"0,000";"0,076";"0,000";"0,000";"0,265";"0,648";"0,741";"0,919";"2,307";"0,000";"0,000";"0,000";
"08/11/2024 03:00";"0,706";"0,000";"0,577";"0,000";"0,691";"0,000";"1,975";"0,000";"0,000";"0,000";"0,000";"0,179";"0,706";"0,577";"0,691";"1,975";"0,000";"0,000";"0,000";
"08/11/2024 03:10";"0,700";"0,000";"0,520";"0,000";"0,665";"0,000";"1,885";"0,000";"0,000";"0,000";"0,000";"0,227";"0,700";"0,520";"0,665";"1,885";"0,000";"0,000";"0,000";
"08/11/2024 03:20";"0,709";"0,000";"0,710";"0,000";"0,886";"0,000";"2,305";"0,000";"0,067";"0,000";"0,000";"0,253";"0,709";"0,710";"0,886";"2,305";"0,000";"0,000";"0,000";
"08/11/2024 03:30";"0,641";"0,000";"0,485";"0,000";"0,630";"0,000";"1,756";"0,000";"0,000";"0,000";"0,000";"0,270";"0,641";"0,485";"0,630";"1,756";"0,000";"0,000";"0,000";
"08/11/2024 03:40";"0,699";"0,000";"0,727";"0,000";"0,887";"0,000";"2,313";"0,000";"0,074";"0,000";"0,000";"0,256";"0,699";"0,727";"0,887";"2,313";"0,000";"0,000";"0,000";
"08/11/2024 03:50";"0,635";"0,000";"0,463";"0,000";"0,625";"0,000";"1,723";"0,000";"0,000";"0,000";"0,000";"0,275";"0,635";"0,463";"0,625";"1,723";"0,000";"0,000";"0,000";
"08/11/2024 04:00";"0,618";"0,000";"0,578";"0,000";"0,767";"0,000";"1,962";"0,000";"0,033";"0,000";"0,000";"0,252";"0,618";"0,578";"0,767";"1,962";"0,000";"0,000";"0,000";
"08/11/2024 04:10";"0,522";"0,000";"0,621";"0,000";"0,732";"0,000";"1,875";"0,000";"0,000";"0,000";"0,000";"0,206";"0,522";"0,621";"0,732";"1,875";"0,000";"0,000";"0,000";
"08/11/2024 04:20";"0,953";"0,000";"0,555";"0,000";"0,674";"0,000";"2,181";"0,000";"0,000";"0,000";"0,000";"0,229";"0,953";"0,555";"0,674";"2,181";"0,000";"0,000";"0,000";
"08/11/2024 04:30";"0,636";"0,000";"0,740";"0,000";"0,922";"0,000";"2,298";"0,000";"0,094";"0,000";"0,000";"0,156";"0,636";"0,740";"0,922";"2,298";"0,000";"0,000";"0,000";
"08/11/2024 04:40";"0,738";"0,000";"0,560";"0,000";"0,667";"0,000";"1,964";"0,000";"0,000";"0,000";"0,000";"0,250";"0,738";"0,560";"0,667";"1,964";"0,000";"0,000";"0,000";
"08/11/2024 04:50";"0,843";"0,000";"0,636";"0,000";"0,816";"0,000";"2,295";"0,000";"0,067";"0,000";"0,000";"0,349";"0,843";"0,636";"0,816";"2,295";"0,000";"0,000";"0,000";
"08/11/2024 05:00";"0,399";"0,000";"0,456";"0,000";"0,625";"0,000";"1,480";"0,000";"0,000";"0,000";"0,000";"0,254";"0,399";"0,456";"0,625";"1,480";"0,000";"0,000";"0,000";
"08/11/2024 05:10";"0,423";"0,000";"0,463";"0,000";"0,620";"0,000";"1,507";"0,000";"0,000";"0,000";"0,000";"0,261";"0,423";"0,463";"0,620";"1,507";"0,000";"0,000";"0,000";
"08/11/2024 05:20";"0,620";"0,000";"0,758";"0,000";"0,886";"0,000";"2,264";"0,000";"0,103";"0,000";"0,000";"0,178";"0,620";"0,758";"0,886";"2,264";"0,000";"0,000";"0,000";
"08/11/2024 05:30";"0,769";"0,000";"0,766";"0,000";"0,832";"0,000";"2,368";"0,000";"0,001";"0,000";"0,000";"0,223";"0,769";"0,766";"0,832";"2,368";"0,000";"0,000";"0,000";
"08/11/2024 05:40";"1,652";"0,000";"1,553";"0,000";"1,907";"0,000";"5,112";"0,000";"0,064";"0,000";"0,000";"0,557";"1,652";"1,553";"1,907";"5,112";"0,000";"0,000";"0,000";
"08/11/2024 05:50";"1,904";"0,000";"1,495";"0,000";"2,018";"0,000";"5,418";"0,000";"0,000";"0,000";"0,000";"0,648";"1,904";"1,495";"2,018";"5,418";"0,000";"0,000";"0,000";
"08/11/2024 06:00";"2,375";"0,000";"1,999";"0,000";"2,623";"0,000";"6,998";"0,000";"0,076";"0,000";"0,000";"0,423";"2,375";"1,999";"2,623";"6,998";"0,000";"0,000";"0,000";
"08/11/2024 06:10";"2,909";"0,000";"3,209";"0,000";"3,199";"0,000";"9,317";"0,000";"0,555";"0,000";"0,000";"0,099";"2,909";"3,209";"3,199";"9,317";"0,000";"0,000";"0,000";
"08/11/2024 06:20";"6,392";"0,000";"6,936";"0,000";"6,391";"0,000";"19,719";"0,000";"1,252";"0,000";"0,000";"0,263";"6,392";"6,936";"6,391";"19,719";"0,000";"0,000";"0,000";
"08/11/2024 06:30";"7,355";"0,000";"8,299";"0,000";"7,596";"0,000";"23,250";"0,000";"0,940";"0,000";"0,000";"0,393";"7,355";"8,299";"7,596";"23,250";"0,000";"0,000";"0,000";
"08/11/2024 06:40";"7,931";"0,000";"8,667";"0,000";"7,800";"0,000";"24,397";"0,000";"1,085";"0,000";"0,000";"0,346";"7,931";"8,667";"7,800";"24,397";"0,000";"0,000";"0,000";
"08/11/2024 06:50";"7,756";"0,000";"8,444";"0,000";"7,578";"0,000";"23,778";"0,000";"0,708";"0,000";"0,000";"0,389";"7,756";"8,444";"7,578";"23,778";"0,000";"0,000";"0,000";
"08/11/2024 07:00";"7,322";"0,000";"7,918";"0,000";"7,497";"0,000";"22,737";"0,000";"0,792";"0,000";"0,000";"0,413";"7,322";"7,918";"7,497";"22,737";"0,000";"0,000";"0,000";
"08/11/2024 07:10";"6,980";"0,000";"7,631";"0,000";"7,327";"0,000";"21,938";"0,000";"0,351";"0,000";"0,000";"0,691";"6,980";"7,631";"7,327";"21,938";"0,000";"0,000";"0,000";
"08/11/2024 07:20";"7,228";"0,000";"7,838";"0,000";"7,319";"0,000";"22,385";"0,000";"0,893";"0,000";"0,000";"0,421";"7,228";"7,838";"7,319";"22,385";"0,000";"0,000";"0,000";
"08/11/2024 07:30";"6,680";"0,000";"7,081";"0,000";"6,771";"0,000";"20,531";"0,000";"0,533";"0,000";"0,000";"0,840";"6,680";"7,081";"6,771";"20,531";"0,000";"0,000";"0,000";
"08/11/2024 07:40";"7,210";"0,000";"7,766";"0,000";"7,430";"0,000";"22,407";"0,000";"0,581";"0,000";"0,000";"0,541";"7,210";"7,766";"7,430";"22,407";"0,000";"0,000";"0,000";
"08/11/2024 07:50";"7,513";"0,000";"8,000";"0,000";"7,433";"0,000";"22,947";"0,000";"0,475";"0,000";"0,000";"0,650";"7,513";"8,000";"7,433";"22,947";"0,000";"0,000";"0,000";
"08/11/2024 08:00";"7,664";"0,000";"7,779";"0,000";"7,857";"0,000";"23,300";"0,000";"0,410";"0,000";"0,000";"0,527";"7,664";"7,779";"7,857";"23,300";"0,000";"0,000";"0,000";
"08/11/2024 08:10";"7,861";"0,000";"7,985";"0,000";"8,432";"0,000";"24,278";"0,000";"0,659";"0,000";"0,000";"0,556";"7,861";"7,985";"8,432";"24,278";"0,000";"0,000";"0,000";
"08/11/2024 08:20";"8,214";"0,000";"8,011";"0,000";"8,495";"0,000";"24,720";"0,000";"0,797";"0,000";"0,000";"0,358";"8,214";"8,011";"8,495";"24,720";"0,000";"0,000";"0,000";
"08/11/2024 08:30";"7,040";"0,000";"6,600";"0,000";"7,012";"0,000";"20,651";"0,000";"0,581";"0,000";"0,000";"0,622";"7,040";"6,600";"7,012";"20,651";"0,000";"0,000";"0,000";
"08/11/2024 08:40";"7,303";"0,000";"6,819";"0,000";"7,542";"0,000";"21,664";"0,000";"0,972";"0,000";"0,000";"0,467";"7,303";"6,819";"7,542";"21,664";"0,000";"0,000";"0,000";
"08/11/2024 08:50";"8,088";"0,000";"7,583";"0,000";"8,170";"0,000";"23,841";"0,000";"0,774";"0,000";"0,000";"0,353";"8,088";"7,583";"8,170";"23,841";"0,000";"0,000";"0,000";
"08/11/2024 09:00";"8,289";"0,000";"7,746";"0,000";"8,303";"0,000";"24,338";"0,000";"0,697";"0,000";"0,000";"0,416";"8,289";"7,746";"8,303";"24,338";"0,000";"0,000";"0,000";
"08/11/2024 09:10";"8,568";"0,000";"7,805";"0,000";"8,496";"0,000";"24,869";"0,000";"0,632";"0,000";"0,000";"0,845";"8,568";"7,805";"8,496";"24,869";"0,000";"0,000";"0,000";
"08/11/2024 09:20";"7,232";"0,000";"6,695";"0,000";"7,289";"0,000";"21,217";"0,000";"0,400";"0,000";"0,000";"0,457";"7,232";"6,695";"7,289";"21,217";"0,000";"0,000";"0,000";
"08/11/2024 09:30";"6,638";"0,000";"6,360";"0,000";"7,119";"0,000";"20,117";"0,000";"0,659";"0,000";"0,000";"0,415";"6,638";"6,360";"7,119";"20,117";"0,000";"0,000";"0,000";
"08/11/2024 09:40";"6,703";"0,000";"6,278";"0,000";"6,933";"0,000";"19,914";"0,000";"0,606";"0,000";"0,000";"0,397";"6,703";"6,278";"6,933";"19,914";"0,000";"0,000";"0,000";
"08/11/2024 09:50";"4,598";"0,000";"4,238";"0,000";"4,772";"0,000";"13,607";"0,000";"0,454";"0,000";"0,000";"0,443";"4,598";"4,238";"4,772";"13,607";"0,000";"0,000";"0,000";
"08/11/2024 10:00";"2,607";"0,000";"2,563";"0,000";"2,683";"0,000";"7,853";"0,000";"0,594";"0,000";"0,000";"0,090";"2,893";"2,848";"2,968";"8,709";"0,856";"0,437";"0,419";
"08/11/2024 10:10";"2,485";"0,000";"2,527";"0,000";"2,695";"0,000";"7,707";"0,000";"0,788";"0,000";"0,000";"0,008";"2,991";"3,032";"3,201";"9,224";"1,517";"0,778";"0,739";
"08/11/2024 10:20";"5,387";"0,000";"5,049";"0,000";"5,533";"0,000";"15,969";"0,000";"0,818";"0,000";"0,000";"0,509";"6,506";"6,168";"6,653";"19,327";"3,358";"1,742";"1,616";
"08/11/2024 10:30";"8,593";"0,000";"7,684";"0,000";"8,700";"0,000";"24,977";"0,000";"1,829";"0,000";"0,000";"0,240";"9,851";"8,941";"9,957";"28,749";"3,772";"1,919";"1,853";
"08/11/2024 10:40";"8,153";"0,000";"7,822";"0,000";"8,601";"0,000";"24,575";"0,000";"2,139";"0,000";"0,000";"0,504";"9,260";"8,930";"9,708";"27,898";"3,323";"1,677";"1,646";
"08/11/2024 10:50";"8,728";"0,000";"8,326";"0,000";"8,758";"0,000";"25,813";"0,000";"1,313";"0,000";"0,000";"0,603";"9,596";"9,194";"9,626";"28,416";"2,603";"1,320";"1,283";
"08/11/2024 11:00";"8,760";"0,000";"7,942";"0,000";"8,497";"0,000";"25,199";"0,000";"0,795";"0,000";"0,000";"0,608";"9,192";"8,374";"8,929";"26,495";"1,296";"0,660";"0,636";
"08/11/2024 11:10";"9,591";"0,000";"8,752";"0,000";"9,592";"0,000";"27,935";"0,000";"1,197";"0,000";"0,000";"0,312";"9,959";"9,120";"9,961";"29,040";"1,105";"0,563";"0,542";
"08/11/2024 11:20";"7,956";"0,000";"7,312";"0,000";"7,927";"0,000";"23,195";"0,000";"2,162";"0,000";"0,000";"0,149";"8,361";"7,716";"8,332";"24,409";"1,214";"0,618";"0,596";
"08/11/2024 11:30";"7,519";"0,000";"7,355";"0,000";"7,737";"0,000";"22,611";"0,000";"1,013";"0,000";"0,000";"0,550";"7,900";"7,736";"8,117";"23,753";"1,142";"0,584";"0,558";
"08/11/2024 11:40";"7,351";"0,000";"6,897";"0,000";"7,427";"0,000";"21,675";"0,000";"1,091";"0,000";"0,000";"0,569";"8,007";"7,554";"8,083";"23,644";"1,969";"1,005";"0,964";
"08/11/2024 11:50";"7,508";"0,000";"6,742";"0,000";"7,418";"0,000";"21,668";"0,000";"0,902";"0,000";"0,000";"0,305";"9,038";"8,272";"8,948";"26,258";"4,590";"2,332";"2,258";
"08/11/2024 12:00";"6,909";"0,000";"6,272";"0,000";"6,694";"0,000";"19,875";"0,000";"0,851";"0,000";"0,000";"0,540";"7,955";"7,317";"7,740";"23,012";"3,137";"1,598";"1,539";
"08/11/2024 12:10";"6,535";"0,000";"6,273";"0,000";"6,834";"0,000";"19,642";"0,000";"0,987";"0,000";"0,000";"0,413";"7,428";"7,165";"7,726";"22,319";"2,677";"1,364";"1,313";
"08/11/2024 12:20";"8,003";"0,000";"7,944";"0,000";"8,452";"0,000";"24,399";"0,000";"1,226";"0,000";"0,000";"0,456";"9,259";"9,200";"9,708";"28,166";"3,767";"1,915";"1,852";
"08/11/2024 12:30";"8,247";"0,000";"8,119";"0,000";"8,750";"0,000";"25,116";"0,000";"1,315";"0,000";"0,000";"0,325";"9,984";"9,856";"10,487";"30,326";"5,210";"2,639";"2,571";
"08/11/2024 12:40";"6,797";"0,000";"6,118";"0,000";"6,639";"0,000";"19,554";"0,000";"0,937";"0,000";"0,000";"0,530";"7,391";"6,713";"7,234";"21,338";"1,784";"0,910";"0,874";
"08/11/2024 12:50";"6,822";"0,000";"6,285";"0,000";"6,572";"0,000";"19,678";"0,000";"0,688";"0,000";"0,000";"0,627";"7,569";"7,032";"7,319";"21,919";"2,241";"1,142";"1,099";
"08/11/2024 13:00";"6,350";"0,000";"5,731";"0,000";"6,192";"0,000";"18,273";"0,000";"0,422";"0,000";"0,000";"0,923";"7,189";"6,570";"7,031";"20,789";"2,516";"1,288";"1,228";
"08/11/2024 13:10";"2,406";"0,000";"2,354";"0,000";"2,571";"0,000";"7,331";"0,000";"0,599";"0,000";"0,000";"0,230";"4,174";"4,122";"4,339";"12,634";"5,303";"2,709";"2,594";
"08/11/2024 13:20";"2,334";"0,000";"2,106";"0,000";"2,202";"0,000";"6,642";"0,000";"0,797";"0,000";"0,000";"0,211";"3,567";"3,339";"3,436";"10,342";"3,700";"1,887";"1,813";
"08/11/2024 13:30";"1,977";"0,000";"1,862";"0,000";"1,673";"0,000";"5,512";"0,000";"0,759";"0,000";"0,000";"0,114";"3,350";"3,235";"3,047";"9,632";"4,120";"2,092";"2,028";
"08/11/2024 13:40";"1,922";"0,000";"1,481";"0,000";"1,402";"0,000";"4,805";"0,000";"0,200";"0,000";"0,000";"0,334";"2,862";"2,421";"2,343";"7,626";"2,821";"1,430";"1,391";
"08/11/2024 13:50";"1,185";"0,000";"0,835";"0,000";"0,750";"0,000";"2,770";"0,000";"0,005";"0,000";"0,000";"0,282";"1,748";"1,398";"1,313";"4,459";"1,689";"0,858";"0,831";
"08/11/2024 14:00";"0,796";"0,000";"0,495";"0,000";"0,505";"0,000";"1,796";"0,000";"0,006";"0,000";"0,000";"0,253";"1,255";"0,953";"0,963";"3,172";"1,376";"0,700";"0,676";
"08/11/2024 14:10";"0,810";"0,000";"0,517";"0,000";"0,300";"0,000";"1,627";"0,000";"0,003";"0,000";"0,000";"0,156";"0,952";"0,658";"0,442";"2,051";"0,424";"0,218";"0,206";
"08/11/2024 14:20";"0,720";"0,000";"0,400";"0,000";"0,357";"0,000";"1,477";"0,000";"0,004";"0,000";"0,000";"0,122";"0,748";"0,428";"0,384";"1,560";"0,083";"0,043";"0,040";
"08/11/2024 14:30";"0,834";"0,000";"0,462";"0,000";"0,567";"0,000";"1,862";"0,000";"0,002";"0,000";"0,000";"0,080";"0,957";"0,585";"0,690";"2,231";"0,369";"0,189";"0,180";
"08/11/2024 14:40";"0,929";"0,000";"0,465";"0,000";"0,584";"0,000";"1,977";"0,000";"0,014";"0,000";"0,000";"0,054";"1,037";"0,573";"0,692";"2,301";"0,324";"0,166";"0,158";
"08/11/2024 14:50";"0,989";"0,000";"0,444";"0,000";"0,545";"0,000";"1,978";"0,000";"0,000";"0,000";"0,000";"0,135";"1,483";"0,938";"1,039";"3,459";"1,481";"0,753";"0,728";
"08/11/2024 15:00";"0,717";"0,000";"0,285";"0,000";"0,412";"0,000";"1,414";"0,000";"0,000";"0,000";"0,000";"0,130";"1,263";"0,831";"0,959";"3,053";"1,639";"0,832";"0,807";
"08/11/2024 15:10";"0,668";"0,000";"0,311";"0,000";"0,417";"0,000";"1,397";"0,000";"0,000";"0,000";"0,000";"0,119";"0,933";"0,576";"0,682";"2,190";"0,793";"0,404";"0,389";
"08/11/2024 15:20";"0,637";"0,000";"0,268";"0,000";"0,407";"0,000";"1,313";"0,000";"0,000";"0,000";"0,000";"0,122";"0,832";"0,463";"0,602";"1,897";"0,584";"0,297";"0,287";
"08/11/2024 15:30";"0,678";"0,000";"0,272";"0,000";"0,419";"0,000";"1,370";"0,000";"0,000";"0,000";"0,000";"0,118";"1,105";"0,699";"0,846";"2,650";"1,280";"0,651";"0,629";
"08/11/2024 15:40";"1,165";"0,000";"0,306";"0,000";"0,418";"0,000";"1,889";"0,000";"0,000";"0,000";"0,000";"0,111";"1,571";"0,712";"0,824";"3,106";"1,217";"0,619";"0,598";
"08/11/2024 15:50";"0,783";"0,000";"0,311";"0,000";"0,491";"0,000";"1,585";"0,000";"0,011";"0,000";"0,000";"0,075";"1,016";"0,545";"0,725";"2,285";"0,700";"0,357";"0,343";
"08/11/2024 16:00";"0,814";"0,000";"0,305";"0,000";"0,548";"0,000";"1,667";"0,000";"0,034";"0,000";"0,000";"0,058";"1,200";"0,692";"0,935";"2,827";"1,160";"0,589";"0,571";
"08/11/2024 16:10";"0,714";"0,000";"0,258";"0,000";"0,486";"0,000";"1,458";"0,000";"0,004";"0,000";"0,000";"0,105";"1,258";"0,801";"1,029";"3,088";"1,630";"0,827";"0,803";
"08/11/2024 16:20";"0,853";"0,000";"0,252";"0,000";"0,439";"0,000";"1,544";"0,000";"0,003";"0,000";"0,000";"0,112";"1,359";"0,758";"0,945";"3,062";"1,518";"0,770";"0,748";
"08/11/2024 16:30";"0,566";"0,000";"0,246";"0,000";"0,420";"0,000";"1,231";"0,000";"0,006";"0,000";"0,000";"0,085";"1,033";"0,714";"0,887";"2,634";"1,403";"0,712";"0,691";
"08/11/2024 16:40";"0,653";"0,000";"0,256";"0,000";"0,440";"0,000";"1,350";"0,000";"0,016";"0,000";"0,000";"0,059";"0,868";"0,471";"0,655";"1,995";"0,645";"0,329";"0,316";
"08/11/2024 16:50";"0,610";"0,000";"0,231";"0,000";"0,452";"0,000";"1,293";"0,000";"0,007";"0,000";"0,000";"0,075";"0,782";"0,403";"0,624";"1,809";"0,516";"0,263";"0,253";
"08/11/2024 17:00";"0,572";"0,000";"0,296";"0,000";"0,458";"0,000";"1,326";"0,000";"0,002";"0,000";"0,000";"0,085";"0,724";"0,448";"0,610";"1,781";"0,455";"0,232";"0,223";
"08/11/2024 17:10";"0,792";"0,000";"0,261";"0,000";"0,435";"0,000";"1,487";"0,000";"0,001";"0,000";"0,000";"0,107";"0,906";"0,375";"0,549";"1,830";"0,343";"0,176";"0,167";
"08/11/2024 17:20";"0,472";"0,000";"0,192";"0,000";"0,415";"0,000";"1,079";"0,000";"0,006";"0,000";"0,000";"0,142";"0,645";"0,365";"0,587";"1,597";"0,518";"0,264";"0,254";
"08/11/2024 17:30";"0,514";"0,000";"1,292";"0,000";"0,411";"0,000";"2,217";"0,000";"0,004";"0,000";"0,000";"0,208";"0,702";"1,480";"0,599";"2,781";"0,564";"0,288";"0,276";
"08/11/2024 17:40";"0,656";"0,000";"1,349";"0,000";"0,428";"0,000";"2,432";"0,000";"0,000";"0,000";"0,000";"0,213";"0,713";"1,405";"0,484";"2,602";"0,170";"0,088";"0,082";
"08/11/2024 17:50";"0,767";"0,000";"1,232";"0,000";"0,478";"0,000";"2,476";"0,000";"0,009";"0,000";"0,000";"0,161";"0,796";"1,261";"0,507";"2,564";"0,088";"0,046";"0,042";
"08/11/2024 18:00";"0,708";"0,000";"0,309";"0,000";"0,500";"0,000";"1,518";"0,000";"0,022";"0,000";"0,000";"0,060";"0,724";"0,325";"0,516";"1,566";"0,048";"0,025";"0,023";
"08/11/2024 18:10";"0,627";"0,000";"0,238";"0,000";"0,502";"0,000";"1,367";"0,000";"0,000";"0,000";"0,000";"0,142";"0,629";"0,239";"0,504";"1,372";"0,005";"0,003";"0,002";
"08/11/2024 18:20";"0,538";"0,000";"0,278";"0,000";"0,473";"0,000";"1,289";"0,000";"0,000";"0,000";"0,000";"0,166";"0,538";"0,278";"0,473";"1,289";"0,000";"0,000";"0,000";
"08/11/2024 18:30";"0,578";"0,000";"0,356";"0,000";"0,553";"0,000";"1,487";"0,000";"0,000";"0,000";"0,000";"0,242";"0,578";"0,356";"0,553";"1,487";"0,000";"0,000";"0,000";
"08/11/2024 18:40";"0,599";"0,000";"0,392";"0,000";"0,548";"0,000";"1,538";"0,000";"0,000";"0,000";"0,000";"0,229";"0,599";"0,392";"0,548";"1,538";"0,000";"0,000";"0,000";
"08/11/2024 18:50";"0,690";"0,000";"0,482";"0,000";"0,598";"0,000";"1,770";"0,000";"0,000";"0,000";"0,000";"0,180";"0,690";"0,482";"0,598";"1,770";"0,000";"0,000";"0,000";
"08/11/2024 19:00";"0,628";"0,000";"0,421";"0,000";"0,599";"0,000";"1,648";"0,000";"0,000";"0,000";"0,000";"0,185";"0,628";"0,421";"0,599";"1,648";"0,000";"0,000";"0,000";
"08/11/2024 19:10";"0,703";"0,000";"0,471";"0,000";"0,630";"0,000";"1,804";"0,000";"0,000";"0,000";"0,000";"0,161";"0,703";"0,471";"0,630";"1,804";"0,000";"0,000";"0,000";
"08/11/2024 19:20";"0,592";"0,000";"0,420";"0,000";"0,553";"0,000";"1,565";"0,000";"0,000";"0,000";"0,000";"0,235";"0,592";"0,420";"0,553";"1,565";"0,000";"0,000";"0,000";
"08/11/2024 19:30";"0,706";"0,000";"0,431";"0,000";"0,601";"0,000";"1,738";"0,000";"0,000";"0,000";"0,000";"0,179";"0,706";"0,431";"0,601";"1,738";"0,000";"0,000";"0,000";
"08/11/2024 19:40";"0,668";"0,000";"0,408";"0,000";"0,559";"0,000";"1,634";"0,000";"0,000";"0,000";"0,000";"0,244";"0,668";"0,408";"0,559";"1,634";"0,000";"0,000";"0,000";
"08/11/2024 19:50";"0,334";"0,000";"0,382";"0,000";"0,547";"0,000";"1,263";"0,000";"0,000";"0,000";"0,000";"0,222";"0,334";"0,382";"0,547";"1,263";"0,000";"0,000";"0,000";
"08/11/2024 20:00";"0,358";"0,000";"0,368";"0,000";"0,569";"0,000";"1,295";"0,000";"0,000";"0,000";"0,000";"0,220";"0,358";"0,368";"0,569";"1,295";"0,000";"0,000";"0,000";
"08/11/2024 20:10";"0,712";"0,000";"0,420";"0,000";"0,556";"0,000";"1,688";"0,000";"0,000";"0,000";"0,000";"0,247";"0,712";"0,420";"0,556";"1,688";"0,000";"0,000";"0,000";
"08/11/2024 20:20";"0,904";"0,000";"0,374";"0,000";"0,553";"0,000";"1,831";"0,000";"0,000";"0,000";"0,000";"0,239";"0,904";"0,374";"0,553";"1,831";"0,000";"0,000";"0,000";
"08/11/2024 20:30";"0,736";"0,000";"0,514";"0,000";"0,667";"0,000";"1,917";"0,000";"0,000";"0,000";"0,000";"0,132";"0,736";"0,514";"0,667";"1,917";"0,000";"0,000";"0,000";
"08/11/2024 20:40";"0,632";"0,000";"0,525";"0,000";"0,654";"0,000";"1,811";"0,000";"0,000";"0,000";"0,000";"0,132";"0,632";"0,525";"0,654";"1,811";"0,000";"0,000";"0,000";
"08/11/2024 20:50";"0,554";"0,000";"0,352";"0,000";"0,553";"0,000";"1,459";"0,000";"0,000";"0,000";"0,000";"0,244";"0,554";"0,352";"0,553";"1,459";"0,000";"0,000";"0,000";
"08/11/2024 21:00";"0,437";"0,000";"0,490";"0,000";"0,639";"0,000";"1,566";"0,000";"0,002";"0,000";"0,000";"0,154";"0,437";"0,490";"0,639";"1,566";"0,000";"0,000";"0,000";
"08/11/2024 21:10";"0,379";"0,000";"0,420";"0,000";"0,567";"0,000";"1,366";"0,000";"0,000";"0,000";"0,000";"0,206";"0,379";"0,420";"0,567";"1,366";"0,000";"0,000";"0,000";
"08/11/2024 21:20";"0,335";"0,000";"0,366";"0,000";"0,566";"0,000";"1,267";"0,000";"0,000";"0,000";"0,000";"0,229";"0,335";"0,366";"0,566";"1,267";"0,000";"0,000";"0,000";
"08/11/2024 21:30";"0,653";"0,000";"0,450";"0,000";"0,608";"0,000";"1,711";"0,000";"0,002";"0,000";"0,000";"0,203";"0,653";"0,450";"0,608";"1,711";"0,000";"0,000";"0,000";
"08/11/2024 21:40";"0,373";"0,000";"0,399";"0,000";"0,561";"0,000";"1,333";"0,000";"0,000";"0,000";"0,000";"0,231";"0,373";"0,399";"0,561";"1,333";"0,000";"0,000";"0,000";
"08/11/2024 21:50";"0,553";"0,000";"0,375";"0,000";"0,567";"0,000";"1,496";"0,000";"0,000";"0,000";"0,000";"0,224";"0,553";"0,375";"0,567";"1,496";"0,000";"0,000";"0,000";
"08/11/2024 22:00";"0,546";"0,000";"0,387";"0,000";"0,570";"0,000";"1,503";"0,000";"0,000";"0,000";"0,000";"0,226";"0,546";"0,387";"0,570";"1,503";"0,000";"0,000";"0,000";
"08/11/2024 22:10";"0,418";"0,000";"0,518";"0,000";"0,706";"0,000";"1,642";"0,000";"0,000";"0,000";"0,000";"0,153";"0,418";"0,518";"0,706";"1,642";"0,000";"0,000";"0,000";
"08/11/2024 22:20";"0,429";"0,000";"0,412";"0,000";"0,601";"0,000";"1,441";"0,000";"0,000";"0,000";"0,000";"0,192";"0,429";"0,412";"0,601";"1,441";"0,000";"0,000";"0,000";
"08/11/2024 22:30";"0,634";"0,000";"0,474";"0,000";"0,617";"0,000";"1,725";"0,000";"0,003";"0,000";"0,000";"0,166";"0,634";"0,474";"0,617";"1,725";"0,000";"0,000";"0,000";
"08/11/2024 22:40";"0,476";"0,000";"0,457";"0,000";"0,584";"0,000";"1,517";"0,000";"0,000";"0,000";"0,000";"0,205";"0,476";"0,457";"0,584";"1,517";"0,000";"0,000";"0,000";
"08/11/2024 22:50";"0,569";"0,000";"0,465";"0,000";"0,658";"0,000";"1,692";"0,000";"0,000";"0,000";"0,000";"0,149";"0,569";"0,465";"0,658";"1,692";"0,000";"0,000";"0,000";
"08/11/2024 23:00";"0,498";"0,000";"0,380";"0,000";"0,556";"0,000";"1,435";"0,000";"0,000";"0,000";"0,000";"0,221";"0,498";"0,380";"0,556";"1,435";"0,000";"0,000";"0,000";
"08/11/2024 23:10";"0,347";"0,000";"0,411";"0,000";"0,560";"0,000";"1,318";"0,000";"0,000";"0,000";"0,000";"0,211";"0,347";"0,411";"0,560";"1,318";"0,000";"0,000";"0,000";
"08/11/2024 23:20";"0,350";"0,000";"0,396";"0,000";"0,548";"0,000";"1,294";"0,000";"0,000";"0,000";"0,000";"0,232";"0,350";"0,396";"0,548";"1,294";"0,000";"0,000";"0,000";
"08/11/2024 23:30";"0,428";"0,000";"0,388";"0,000";"0,589";"0,000";"1,405";"0,000";"0,000";"0,000";"0,000";"0,220";"0,428";"0,388";"0,589";"1,405";"0,000";"0,000";"0,000";
"08/11/2024 23:40";"0,706";"0,000";"0,490";"0,000";"0,638";"0,000";"1,834";"0,000";"0,000";"0,000";"0,000";"0,175";"0,706";"0,490";"0,638";"1,834";"0,000";"0,000";"0,000";
"08/11/2024 23:50";"0,447";"0,000";"0,439";"0,000";"0,609";"0,000";"1,495";"0,000";"0,000";"0,000";"0,000";"0,198";"0,447";"0,439";"0,609";"1,495";"0,000";"0,000";"0,000";
"09/11/2024 00:00";"0,511";"0,000";"0,472";"0,000";"0,655";"0,000";"1,638";"0,000";"0,000";"0,000";"0,000";"0,149";"0,511";"0,472";"0,655";"1,638";"0,000";"0,000";"0,000";
"09/11/2024 00:10";"0,576";"0,000";"0,369";"0,000";"0,564";"0,000";"1,509";"0,000";"0,000";"0,000";"0,000";"0,241";"0,576";"0,369";"0,564";"1,509";"0,000";"0,000";"0,000";
"09/11/2024 00:20";"0,342";"0,000";"0,405";"0,000";"0,584";"0,000";"1,332";"0,000";"0,000";"0,000";"0,000";"0,234";"0,342";"0,405";"0,584";"1,332";"0,000";"0,000";"0,000";
"09/11/2024 00:30";"0,467";"0,000";"0,513";"0,000";"0,696";"0,000";"1,676";"0,000";"0,000";"0,000";"0,000";"0,124";"0,467";"0,513";"0,696";"1,676";"0,000";"0,000";"0,000";
"09/11/2024 00:40";"0,639";"0,000";"0,379";"0,000";"0,592";"0,000";"1,610";"0,000";"0,000";"0,000";"0,000";"0,230";"0,639";"0,379";"0,592";"1,610";"0,000";"0,000";"0,000";
"09/11/2024 00:50";"0,332";"0,000";"0,392";"0,000";"0,583";"0,000";"1,307";"0,000";"0,000";"0,000";"0,000";"0,242";"0,332";"0,392";"0,583";"1,307";"0,000";"0,000";"0,000";
"09/11/2024 01:00";"0,424";"0,000";"0,478";"0,000";"0,657";"0,000";"1,559";"0,000";"0,000";"0,000";"0,000";"0,168";"0,424";"0,478";"0,657";"1,559";"0,000";"0,000";"0,000";
"09/11/2024 01:10";"0,659";"0,000";"0,431";"0,000";"0,640";"0,000";"1,730";"0,000";"0,000";"0,000";"0,000";"0,189";"0,659";"0,431";"0,640";"1,730";"0,000";"0,000";"0,000";
"09/11/2024 01:20";"0,353";"0,000";"0,380";"0,000";"0,585";"0,000";"1,318";"0,000";"0,000";"0,000";"0,000";"0,236";"0,353";"0,380";"0,585";"1,318";"0,000";"0,000";"0,000";
"09/11/2024 01:30";"0,390";"0,000";"0,421";"0,000";"0,599";"0,000";"1,410";"0,000";"0,000";"0,000";"0,000";"0,223";"0,390";"0,421";"0,599";"1,410";"0,000";"0,000";"0,000";
"09/11/2024 01:40";"0,615";"0,000";"0,489";"0,000";"0,695";"0,000";"1,799";"0,000";"0,000";"0,000";"0,000";"0,134";"0,615";"0,489";"0,695";"1,799";"0,000";"0,000";"0,000";
"09/11/2024 01:50";"0,595";"0,000";"0,444";"0,000";"0,610";"0,000";"1,648";"0,000";"0,000";"0,000";"0,000";"0,226";"0,595";"0,444";"0,610";"1,648";"0,000";"0,000";"0,000";
"09/11/2024 02:00";"0,373";"0,000";"0,356";"0,000";"0,583";"0,000";"1,313";"0,000";"0,000";"0,000";"0,000";"0,245";"0,373";"0,356";"0,583";"1,313";"0,000";"0,000";"0,000";
"09/11/2024 02:10";"0,428";"0,000";"0,492";"0,000";"0,670";"0,000";"1,590";"0,000";"0,000";"0,000";"0,000";"0,153";"0,428";"0,492";"0,670";"1,590";"0,000";"0,000";"0,000";
"09/11/2024 02:20";"0,652";"0,000";"0,429";"0,000";"0,649";"0,000";"1,731";"0,000";"0,000";"0,000";"0,000";"0,217";"0,652";"0,429";"0,649";"1,731";"0,000";"0,000";"0,000";
"09/11/2024 02:30";"0,349";"0,000";"0,353";"0,000";"0,551";"0,000";"1,253";"0,000";"0,000";"0,000";"0,000";"0,238";"0,349";"0,353";"0,551";"1,253";"0,000";"0,000";"0,000";
"09/11/2024 02:40";"0,366";"0,000";"0,463";"0,000";"0,584";"0,000";"1,413";"0,000";"0,000";"0,000";"0,000";"0,198";"0,366";"0,463";"0,584";"1,413";"0,000";"0,000";"0,000";
"09/11/2024 02:50";"0,572";"0,000";"0,480";"0,000";"0,648";"0,000";"1,700";"0,000";"0,000";"0,000";"0,000";"0,147";"0,572";"0,480";"0,648";"1,700";"0,000";"0,000";"0,000";
"09/11/2024 03:00";"0,497";"0,000";"0,371";"0,000";"0,549";"0,000";"1,417";"0,000";"0,000";"0,000";"0,000";"0,249";"0,497";"0,371";"0,549";"1,417";"0,000";"0,000";"0,000";
"09/11/2024 03:10";"0,344";"0,000";"0,401";"0,000";"0,546";"0,000";"1,291";"0,000";"0,000";"0,000";"0,000";"0,237";"0,344";"0,401";"0,546";"1,291";"0,000";"0,000";"0,000";
"09/11/2024 03:20";"0,477";"0,000";"0,480";"0,000";"0,650";"0,000";"1,608";"0,000";"0,000";"0,000";"0,000";"0,139";"0,477";"0,480";"0,650";"1,608";"0,000";"0,000";"0,000";
"09/11/2024 03:30";"0,619";"0,000";"0,441";"0,000";"0,577";"0,000";"1,637";"0,000";"0,000";"0,000";"0,000";"0,218";"0,619";"0,441";"0,577";"1,637";"0,000";"0,000";"0,000";
"09/11/2024 03:40";"0,362";"0,000";"0,366";"0,000";"0,561";"0,000";"1,289";"0,000";"0,000";"0,000";"0,000";"0,240";"0,362";"0,366";"0,561";"1,289";"0,000";"0,000";"0,000";
"09/11/2024 03:50";"0,397";"0,000";"0,437";"0,000";"0,597";"0,000";"1,430";"0,000";"0,000";"0,000";"0,000";"0,178";"0,397";"0,437";"0,597";"1,430";"0,000";"0,000";"0,000";
"09/11/2024 04:00";"0,758";"0,000";"0,498";"0,000";"0,621";"0,000";"1,877";"0,000";"0,000";"0,000";"0,000";"0,169";"0,758";"0,498";"0,621";"1,877";"0,000";"0,000";"0,000";
"09/11/2024 04:10";"0,675";"0,000";"0,371";"0,000";"0,545";"0,000";"1,591";"0,000";"0,000";"0,000";"0,000";"0,253";"0,675";"0,371";"0,545";"1,591";"0,000";"0,000";"0,000";
"09/11/2024 04:20";"0,329";"0,000";"0,370";"0,000";"0,568";"0,000";"1,267";"0,000";"0,000";"0,000";"0,000";"0,231";"0,329";"0,370";"0,568";"1,267";"0,000";"0,000";"0,000";
"09/11/2024 04:30";"0,508";"0,000";"0,557";"0,000";"0,672";"0,000";"1,738";"0,000";"0,000";"0,000";"0,000";"0,121";"0,508";"0,557";"0,672";"1,738";"0,000";"0,000";"0,000";
"09/11/2024 04:40";"0,602";"0,000";"0,373";"0,000";"0,566";"0,000";"1,541";"0,000";"0,000";"0,000";"0,000";"0,238";"0,602";"0,373";"0,566";"1,541";"0,000";"0,000";"0,000";
"09/11/2024 04:50";"0,351";"0,000";"0,370";"0,000";"0,556";"0,000";"1,277";"0,000";"0,000";"0,000";"0,000";"0,234";"0,351";"0,370";"0,556";"1,277";"0,000";"0,000";"0,000";
"09/11/2024 05:00";"0,431";"0,000";"0,505";"0,000";"0,620";"0,000";"1,555";"0,000";"0,000";"0,000";"0,000";"0,164";"0,431";"0,505";"0,620";"1,555";"0,000";"0,000";"0,000";
"09/11/2024 05:10";"0,463";"0,000";"0,493";"0,000";"0,682";"0,000";"1,637";"0,000";"0,000";"0,000";"0,000";"0,198";"0,463";"0,493";"0,682";"1,637";"0,000";"0,000";"0,000";
"09/11/2024 05:20";"0,673";"0,000";"0,407";"0,000";"0,558";"0,000";"1,638";"0,000";"0,000";"0,000";"0,000";"0,249";"0,673";"0,407";"0,558";"1,638";"0,000";"0,000";"0,000";
"09/11/2024 05:30";"0,382";"0,000";"0,404";"0,000";"0,580";"0,000";"1,365";"0,000";"0,000";"0,000";"0,000";"0,202";"0,382";"0,404";"0,580";"1,365";"0,000";"0,000";"0,000";
"09/11/2024 05:40";"0,543";"0,000";"0,501";"0,000";"0,663";"0,000";"1,706";"0,000";"0,000";"0,000";"0,000";"0,099";"0,543";"0,501";"0,663";"1,706";"0,000";"0,000";"0,000";
"09/11/2024 05:50";"0,479";"0,000";"0,382";"0,000";"0,577";"0,000";"1,438";"0,000";"0,000";"0,000";"0,000";"0,211";"0,479";"0,382";"0,577";"1,438";"0,000";"0,000";"0,000";
"09/11/2024 06:00";"0,445";"0,000";"0,378";"0,000";"0,573";"0,000";"1,396";"0,000";"0,000";"0,000";"0,000";"0,192";"0,445";"0,378";"0,573";"1,396";"0,000";"0,000";"0,000";
"09/11/2024 06:10";"0,661";"0,000";"0,513";"0,000";"0,652";"0,000";"1,826";"0,000";"0,003";"0,000";"0,000";"0,121";"0,661";"0,513";"0,652";"1,826";"0,000";"0,000";"0,000";
"09/11/2024 06:20";"0,889";"0,000";"0,455";"0,000";"0,669";"0,000";"2,013";"0,000";"0,000";"0,000";"0,000";"0,196";"0,889";"0,455";"0,669";"2,013";"0,000";"0,000";"0,000";
"09/11/2024 06:30";"0,436";"0,000";"0,494";"0,000";"0,661";"0,000";"1,591";"0,000";"0,000";"0,000";"0,000";"0,161";"0,436";"0,494";"0,661";"1,591";"0,000";"0,000";"0,000";
"09/11/2024 06:40";"0,430";"0,000";"0,376";"0,000";"0,547";"0,000";"1,353";"0,000";"0,000";"0,000";"0,000";"0,236";"0,430";"0,376";"0,547";"1,353";"0,000";"0,000";"0,000";
"09/11/2024 06:50";"0,624";"0,000";"0,385";"0,000";"0,550";"0,000";"1,560";"0,000";"0,000";"0,000";"0,000";"0,248";"0,624";"0,385";"0,550";"1,560";"0,000";"0,000";"0,000";
"09/11/2024 07:00";"0,773";"0,000";"0,530";"0,000";"0,663";"0,000";"1,966";"0,000";"0,000";"0,000";"0,000";"0,148";"0,773";"0,530";"0,663";"1,966";"0,000";"0,000";"0,000";
"09/11/2024 07:10";"0,936";"0,000";"0,585";"0,000";"0,587";"0,000";"2,108";"0,000";"0,000";"0,000";"0,000";"0,226";"0,936";"0,585";"0,587";"2,108";"0,000";"0,000";"0,000";
"09/11/2024 07:20";"0,432";"0,000";"0,419";"0,000";"0,544";"0,000";"1,395";"0,000";"0,000";"0,000";"0,000";"0,239";"0,432";"0,419";"0,544";"1,395";"0,000";"0,000";"0,000";
"09/11/2024 07:30";"0,438";"0,000";"0,469";"0,000";"0,635";"0,000";"1,542";"0,000";"0,001";"0,000";"0,000";"0,183";"0,438";"0,469";"0,635";"1,542";"0,000";"0,000";"0,000";
"09/11/2024 07:40";"0,483";"0,000";"0,506";"0,000";"0,661";"0,000";"1,651";"0,000";"0,000";"0,000";"0,000";"0,276";"0,483";"0,506";"0,661";"1,651";"0,000";"0,000";"0,000";
"09/11/2024 07:50";"0,358";"0,000";"0,394";"0,000";"0,562";"0,000";"1,314";"0,000";"0,000";"0,000";"0,000";"0,238";"0,358";"0,394";"0,562";"1,314";"0,000";"0,000";"0,000";
"09/11/2024 08:00";"0,338";"0,000";"0,369";"0,000";"0,552";"0,000";"1,259";"0,000";"0,000";"0,000";"0,000";"0,242";"0,338";"0,369";"0,552";"1,259";"0,000";"0,000";"0,000";
"09/11/2024 08:10";"0,540";"0,000";"0,434";"0,000";"0,571";"0,000";"1,545";"0,000";"0,004";"0,000";"0,000";"0,122";"0,540";"0,434";"0,571";"1,545";"0,000";"0,000";"0,000";
"09/11/2024 08:20";"0,671";"0,000";"0,344";"0,000";"0,471";"0,000";"1,487";"0,000";"0,000";"0,000";"0,000";"0,148";"0,678";"0,351";"0,478";"1,506";"0,019";"0,010";"0,009";
"09/11/2024 08:30";"0,218";"0,000";"0,249";"0,000";"0,447";"0,000";"0,915";"0,000";"0,000";"0,000";"0,000";"0,159";"0,252";"0,283";"0,481";"1,016";"0,101";"0,053";"0,048";
"09/11/2024 08:40";"0,291";"0,000";"0,261";"0,000";"0,462";"0,000";"1,015";"0,000";"0,000";"0,000";"0,000";"0,104";"0,364";"0,334";"0,535";"1,232";"0,217";"0,112";"0,105";
"09/11/2024 08:50";"0,412";"0,000";"0,331";"0,000";"0,525";"0,000";"1,269";"0,000";"0,010";"0,000";"0,000";"0,065";"0,575";"0,494";"0,688";"1,757";"0,488";"0,250";"0,238";
"09/11/2024 09:00";"0,420";"0,000";"0,217";"0,000";"0,434";"0,000";"1,071";"0,000";"0,000";"0,000";"0,000";"0,164";"0,568";"0,365";"0,582";"1,516";"0,445";"0,228";"0,217";
"09/11/2024 09:10";"0,218";"0,000";"0,206";"0,000";"0,439";"0,000";"0,862";"0,000";"0,000";"0,000";"0,000";"0,138";"0,356";"0,344";"0,577";"1,277";"0,415";"0,212";"0,203";
"09/11/2024 09:20";"0,327";"0,000";"0,372";"0,000";"0,536";"0,000";"1,235";"0,000";"0,010";"0,000";"0,000";"0,056";"0,517";"0,562";"0,726";"1,806";"0,571";"0,292";"0,279";
"09/11/2024 09:30";"0,308";"0,000";"0,244";"0,000";"0,477";"0,000";"1,030";"0,000";"0,001";"0,000";"0,000";"0,115";"0,543";"0,479";"0,711";"1,733";"0,703";"0,359";"0,344";
"09/11/2024 09:40";"0,402";"0,000";"0,334";"0,000";"0,525";"0,000";"1,261";"0,000";"0,015";"0,000";"0,000";"0,079";"0,696";"0,628";"0,819";"2,143";"0,882";"0,450";"0,432";
"09/11/2024 09:50";"0,556";"0,000";"0,300";"0,000";"0,500";"0,000";"1,355";"0,000";"0,000";"0,000";"0,000";"0,096";"0,942";"0,686";"0,886";"2,513";"1,158";"0,589";"0,569";
"09/11/2024 10:00";"0,428";"0,000";"0,321";"0,000";"0,541";"0,000";"1,290";"0,000";"0,001";"0,000";"0,000";"0,058";"0,780";"0,673";"0,893";"2,346";"1,056";"0,538";"0,518";
"09/11/2024 10:10";"0,295";"0,000";"0,319";"0,000";"0,508";"0,000";"1,122";"0,000";"0,005";"0,000";"0,000";"0,085";"0,598";"0,622";"0,811";"2,030";"0,908";"0,464";"0,444";
"09/11/2024 10:20";"0,266";"0,000";"0,196";"0,000";"0,503";"0,000";"0,966";"0,000";"0,000";"0,000";"0,000";"0,145";"0,731";"0,661";"0,967";"2,359";"1,393";"0,708";"0,685";
"09/11/2024 10:30";"0,264";"0,000";"0,317";"0,000";"0,529";"0,000";"1,109";"0,000";"0,006";"0,000";"0,000";"0,106";"0,880";"0,934";"1,145";"2,959";"1,850";"0,940";"0,910";
"09/11/2024 10:40";"0,543";"0,000";"0,326";"0,000";"0,547";"0,000";"1,416";"0,000";"0,007";"0,000";"0,000";"0,104";"1,205";"0,987";"1,209";"3,400";"1,984";"1,008";"0,976";
"09/11/2024 10:50";"0,547";"0,000";"0,315";"0,000";"0,443";"0,000";"1,305";"0,000";"0,000";"0,000";"0,000";"0,146";"0,976";"0,744";"0,872";"2,591";"1,286";"0,655";"0,631";
"09/11/2024 11:00";"0,296";"0,000";"0,331";"0,000";"0,500";"0,000";"1,127";"0,000";"0,012";"0,000";"0,000";"0,085";"1,146";"1,180";"1,349";"3,675";"2,548";"1,292";"1,256";
"09/11/2024 11:10";"0,542";"0,000";"0,257";"0,000";"0,476";"0,000";"1,275";"0,000";"0,003";"0,000";"0,000";"0,108";"1,360";"1,075";"1,294";"3,728";"2,453";"1,245";"1,208";
"09/11/2024 11:20";"0,441";"0,000";"0,287";"0,000";"0,492";"0,000";"1,220";"0,000";"0,000";"0,000";"0,000";"0,091";"0,886";"0,731";"0,937";"2,554";"1,334";"0,679";"0,655";
"09/11/2024 11:30";"0,552";"0,000";"0,284";"0,000";"0,445";"0,000";"1,281";"0,000";"0,012";"0,000";"0,000";"0,143";"0,842";"0,575";"0,735";"2,152";"0,871";"0,443";"0,428";
"09/11/2024 11:40";"0,369";"0,000";"0,304";"0,000";"0,531";"0,000";"1,204";"0,000";"0,004";"0,000";"0,000";"0,053";"0,565";"0,501";"0,727";"1,794";"0,590";"0,301";"0,289";
"09/11/2024 11:50";"0,475";"0,000";"0,249";"0,000";"0,454";"0,000";"1,177";"0,000";"0,008";"0,000";"0,000";"0,118";"0,879";"0,653";"0,859";"2,391";"1,214";"0,616";"0,598";
"09/11/2024 12:00";"0,664";"0,000";"0,269";"0,000";"0,448";"0,000";"1,380";"0,000";"0,003";"0,000";"0,000";"0,153";"1,219";"0,824";"1,003";"3,046";"1,666";"0,845";"0,821";
"09/11/2024 12:10";"0,310";"0,000";"0,314";"0,000";"0,498";"0,000";"1,121";"0,000";"0,000";"0,000";"0,000";"0,071";"0,857";"0,861";"1,046";"2,764";"1,643";"0,833";"0,810";
"09/11/2024 12:20";"0,474";"0,000";"0,288";"0,000";"0,488";"0,000";"1,249";"0,000";"0,007";"0,000";"0,000";"0,092";"1,122";"0,936";"1,136";"3,193";"1,944";"0,984";"0,960";
"09/11/2024 12:30";"0,318";"0,000";"0,347";"0,000";"0,516";"0,000";"1,181";"0,000";"0,000";"0,000";"0,000";"0,098";"1,285";"1,314";"1,483";"4,082";"2,901";"1,467";"1,434";
"09/11/2024 12:40";"0,289";"0,000";"0,270";"0,000";"0,471";"0,000";"1,030";"0,000";"0,001";"0,000";"0,000";"0,105";"1,169";"1,149";"1,351";"3,669";"2,639";"1,337";"1,302";
"09/11/2024 12:50";"0,518";"0,000";"0,279";"0,000";"0,491";"0,000";"1,288";"0,000";"0,005";"0,000";"0,000";"0,080";"1,249";"1,011";"1,223";"3,482";"2,194";"1,111";"1,083";
"09/11/2024 13:00";"0,429";"0,000";"0,334";"0,000";"0,504";"0,000";"1,267";"0,000";"0,019";"0,000";"0,000";"0,079";"1,961";"1,866";"2,037";"5,864";"4,597";"2,328";"2,269";
"09/11/2024 13:10";"0,546";"0,000";"0,251";"0,000";"0,472";"0,000";"1,269";"0,000";"0,000";"0,000";"0,000";"0,126";"1,510";"1,215";"1,436";"4,161";"2,892";"1,470";"1,422";
"09/11/2024 13:20";"0,370";"0,000";"0,200";"0,000";"0,429";"0,000";"0,998";"0,000";"0,000";"0,000";"0,000";"0,135";"1,171";"1,001";"1,230";"3,401";"2,403";"1,220";"1,183";
"09/11/2024 13:30";"0,290";"0,000";"0,300";"0,000";"0,451";"0,000";"1,041";"0,000";"0,010";"0,000";"0,000";"0,122";"1,011";"1,021";"1,172";"3,204";"2,163";"1,096";"1,067";
"09/11/2024 13:40";"0,569";"0,000";"0,355";"0,000";"0,505";"0,000";"1,429";"0,000";"0,000";"0,000";"0,000";"0,083";"1,207";"0,993";"1,143";"3,344";"1,915";"0,972";"0,943";
"09/11/2024 13:50";"0,366";"0,000";"0,235";"0,000";"0,429";"0,000";"1,031";"0,000";"0,000";"0,000";"0,000";"0,141";"1,150";"1,019";"1,213";"3,383";"2,352";"1,192";"1,160";
"09/11/2024 14:00";"0,245";"0,000";"0,217";"0,000";"0,426";"0,000";"0,888";"0,000";"0,000";"0,000";"0,000";"0,136";"0,884";"0,857";"1,066";"2,806";"1,918";"0,973";"0,945";
"09/11/2024 14:10";"0,335";"0,000";"0,307";"0,000";"0,517";"0,000";"1,159";"0,000";"0,013";"0,000";"0,000";"0,058";"0,867";"0,838";"1,049";"2,754";"1,595";"0,811";"0,784";
"09/11/2024 14:20";"0,216";"0,000";"0,252";"0,000";"0,485";"0,000";"0,952";"0,000";"0,000";"0,000";"0,000";"0,149";"0,886";"0,922";"1,155";"2,962";"2,010";"1,023";"0,987";
"09/11/2024 14:30";"0,422";"0,000";"0,309";"0,000";"0,540";"0,000";"1,271";"0,000";"0,019";"0,000";"0,000";"0,065";"1,287";"1,173";"1,404";"3,864";"2,593";"1,319";"1,274";
"09/11/2024 14:40";"0,415";"0,000";"0,209";"0,000";"0,454";"0,000";"1,078";"0,000";"0,000";"0,000";"0,000";"0,143";"1,105";"0,899";"1,145";"3,149";"2,071";"1,052";"1,019";
"09/11/2024 14:50";"0,226";"0,000";"0,243";"0,000";"0,425";"0,000";"0,894";"0,000";"0,000";"0,000";"0,000";"0,144";"0,863";"0,880";"1,062";"2,805";"1,911";"0,971";"0,940";
"09/11/2024 15:00";"0,341";"0,000";"0,296";"0,000";"0,505";"0,000";"1,142";"0,000";"0,016";"0,000";"0,000";"0,082";"0,727";"0,682";"0,892";"2,302";"1,160";"0,591";"0,569";
"09/11/2024 15:10";"0,536";"0,000";"0,242";"0,000";"0,451";"0,000";"1,229";"0,000";"0,001";"0,000";"0,000";"0,108";"1,013";"0,720";"0,928";"2,662";"1,433";"0,729";"0,704";
"09/11/2024 15:20";"0,491";"0,000";"0,326";"0,000";"0,484";"0,000";"1,301";"0,000";"0,004";"0,000";"0,000";"0,077";"0,972";"0,807";"0,964";"2,743";"1,442";"0,733";"0,709";
"09/11/2024 15:30";"0,371";"0,000";"0,209";"0,000";"0,415";"0,000";"0,994";"0,000";"0,000";"0,000";"0,000";"0,145";"0,743";"0,581";"0,787";"2,110";"1,116";"0,568";"0,548";
"09/11/2024 15:40";"0,215";"0,000";"0,200";"0,000";"0,426";"0,000";"0,841";"0,000";"0,000";"0,000";"0,000";"0,135";"0,598";"0,583";"0,809";"1,989";"1,148";"0,584";"0,564";
"09/11/2024 15:50";"0,307";"0,000";"0,311";"0,000";"0,474";"0,000";"1,091";"0,000";"0,005";"0,000";"0,000";"0,082";"0,623";"0,627";"0,790";"2,041";"0,949";"0,484";"0,465";
"09/11/2024 16:00";"0,285";"0,000";"0,277";"0,000";"0,464";"0,000";"1,026";"0,000";"0,000";"0,000";"0,000";"0,102";"0,681";"0,673";"0,860";"2,214";"1,188";"0,605";"0,583";
"09/11/2024 16:10";"0,312";"0,000";"0,297";"0,000";"0,492";"0,000";"1,102";"0,000";"0,013";"0,000";"0,000";"0,075";"0,599";"0,584";"0,779";"1,962";"0,860";"0,439";"0,421";
"09/11/2024 16:20";"0,262";"0,000";"0,210";"0,000";"0,419";"0,000";"0,891";"0,000";"0,000";"0,000";"0,000";"0,140";"0,520";"0,467";"0,677";"1,664";"0,773";"0,394";"0,379";
"09/11/2024 16:30";"0,236";"0,000";"0,249";"0,000";"0,416";"0,000";"0,901";"0,000";"0,001";"0,000";"0,000";"0,138";"0,437";"0,450";"0,617";"1,504";"0,603";"0,308";"0,295";
"09/11/2024 16:40";"0,401";"0,000";"0,307";"0,000";"0,500";"0,000";"1,209";"0,000";"0,020";"0,000";"0,000";"0,059";"0,527";"0,433";"0,626";"1,586";"0,377";"0,193";"0,184";
"09/11/2024 16:50";"0,529";"0,000";"0,273";"0,000";"0,471";"0,000";"1,273";"0,000";"0,001";"0,000";"0,000";"0,084";"0,594";"0,338";"0,536";"1,468";"0,195";"0,101";"0,094";
"09/11/2024 17:00";"0,469";"0,000";"0,260";"0,000";"0,417";"0,000";"1,146";"0,000";"0,000";"0,000";"0,000";"0,144";"0,523";"0,314";"0,471";"1,308";"0,162";"0,084";"0,078";
"09/11/2024 17:10";"0,232";"0,000";"0,199";"0,000";"0,415";"0,000";"0,846";"0,000";"0,000";"0,000";"0,000";"0,141";"0,249";"0,215";"0,431";"0,895";"0,049";"0,026";"0,023";
"09/11/2024 17:20";"0,608";"0,000";"0,396";"0,000";"0,509";"0,000";"1,513";"0,000";"0,006";"0,000";"0,000";"0,064";"0,611";"0,399";"0,512";"1,522";"0,009";"0,005";"0,004";
"09/11/2024 17:30";"0,489";"0,000";"0,290";"0,000";"0,438";"0,000";"1,217";"0,000";"0,001";"0,000";"0,000";"0,120";"0,500";"0,301";"0,448";"1,249";"0,032";"0,017";"0,015";
"09/11/2024 17:40";"0,501";"0,000";"0,322";"0,000";"0,508";"0,000";"1,332";"0,000";"0,010";"0,000";"0,000";"0,072";"0,514";"0,335";"0,521";"1,371";"0,039";"0,020";"0,019";
"09/11/2024 17:50";"0,496";"0,000";"0,296";"0,000";"0,498";"0,000";"1,290";"0,000";"0,017";"0,000";"0,000";"0,103";"0,499";"0,298";"0,500";"1,297";"0,007";"0,004";"0,003";
"09/11/2024 18:00";"0,467";"0,000";"0,319";"0,000";"0,517";"0,000";"1,304";"0,000";"0,001";"0,000";"0,000";"0,082";"0,467";"0,319";"0,517";"1,304";"0,000";"0,000";"0,000";
"09/11/2024 18:10";"0,705";"0,000";"0,460";"0,000";"0,589";"0,000";"1,754";"0,000";"0,000";"0,000";"0,000";"0,183";"0,705";"0,460";"0,589";"1,754";"0,000";"0,000";"0,000";
"09/11/2024 18:20";"0,459";"0,000";"0,442";"0,000";"0,606";"0,000";"1,506";"0,000";"0,000";"0,000";"0,000";"0,187";"0,459";"0,442";"0,606";"1,506";"0,000";"0,000";"0,000";
"09/11/2024 18:30";"0,623";"0,000";"0,479";"0,000";"0,751";"0,000";"1,853";"0,000";"0,000";"0,000";"0,000";"0,275";"0,623";"0,479";"0,751";"1,853";"0,000";"0,000";"0,000";
"09/11/2024 18:40";"0,686";"0,000";"0,475";"0,000";"0,614";"0,000";"1,774";"0,000";"0,000";"0,000";"0,000";"0,194";"0,686";"0,475";"0,614";"1,774";"0,000";"0,000";"0,000";
"09/11/2024 18:50";"0,386";"0,000";"0,425";"0,000";"0,595";"0,000";"1,406";"0,000";"0,000";"0,000";"0,000";"0,202";"0,386";"0,425";"0,595";"1,406";"0,000";"0,000";"0,000";
"09/11/2024 19:00";"0,625";"0,000";"0,467";"0,000";"0,646";"0,000";"1,738";"0,000";"0,005";"0,000";"0,000";"0,136";"0,625";"0,467";"0,646";"1,738";"0,000";"0,000";"0,000";
"09/11/2024 19:10";"0,678";"0,000";"0,446";"0,000";"0,575";"0,000";"1,699";"0,000";"0,000";"0,000";"0,000";"0,177";"0,678";"0,446";"0,575";"1,699";"0,000";"0,000";"0,000";
"09/11/2024 19:20";"0,547";"0,000";"0,501";"0,000";"0,664";"0,000";"1,712";"0,000";"0,000";"0,000";"0,000";"0,091";"0,547";"0,501";"0,664";"1,712";"0,000";"0,000";"0,000";
"09/11/2024 19:30";"0,493";"0,000";"0,370";"0,000";"0,557";"0,000";"1,421";"0,000";"0,000";"0,000";"0,000";"0,197";"0,493";"0,370";"0,557";"1,421";"0,000";"0,000";"0,000";
"09/11/2024 19:40";"0,451";"0,000";"0,424";"0,000";"0,533";"0,000";"1,409";"0,000";"0,000";"0,000";"0,000";"0,201";"0,451";"0,424";"0,533";"1,409";"0,000";"0,000";"0,000";
"09/11/2024 19:50";"0,463";"0,000";"0,452";"0,000";"0,605";"0,000";"1,520";"0,000";"0,000";"0,000";"0,000";"0,156";"0,463";"0,452";"0,605";"1,520";"0,000";"0,000";"0,000";
"09/11/2024 20:00";"0,927";"0,000";"0,536";"0,000";"0,607";"0,000";"2,070";"0,000";"0,000";"0,000";"0,000";"0,197";"0,927";"0,536";"0,607";"2,070";"0,000";"0,000";"0,000";
"09/11/2024 20:10";"0,622";"0,000";"0,465";"0,000";"0,611";"0,000";"1,698";"0,000";"0,000";"0,000";"0,000";"0,292";"0,622";"0,465";"0,611";"1,698";"0,000";"0,000";"0,000";
"09/11/2024 20:20";"0,719";"0,000";"0,387";"0,000";"0,549";"0,000";"1,655";"0,000";"0,000";"0,000";"0,000";"0,235";"0,719";"0,387";"0,549";"1,655";"0,000";"0,000";"0,000";
"09/11/2024 20:30";"0,725";"0,000";"0,551";"0,000";"0,649";"0,000";"1,925";"0,000";"0,000";"0,000";"0,000";"0,137";"0,725";"0,551";"0,649";"1,925";"0,000";"0,000";"0,000";
"09/11/2024 20:40";"0,547";"0,000";"0,410";"0,000";"0,581";"0,000";"1,538";"0,000";"0,000";"0,000";"0,000";"0,208";"0,547";"0,410";"0,581";"1,538";"0,000";"0,000";"0,000";
"09/11/2024 20:50";"0,685";"0,000";"0,491";"0,000";"0,601";"0,000";"1,777";"0,000";"0,000";"0,000";"0,000";"0,190";"0,685";"0,491";"0,601";"1,777";"0,000";"0,000";"0,000";
"09/11/2024 21:00";"0,462";"0,000";"0,454";"0,000";"0,623";"0,000";"1,539";"0,000";"0,000";"0,000";"0,000";"0,160";"0,462";"0,454";"0,623";"1,539";"0,000";"0,000";"0,000";
"09/11/2024 21:10";"0,717";"0,000";"0,441";"0,000";"0,580";"0,000";"1,738";"0,000";"0,000";"0,000";"0,000";"0,218";"0,717";"0,441";"0,580";"1,738";"0,000";"0,000";"0,000";
"09/11/2024 21:20";"0,493";"0,000";"0,493";"0,000";"0,656";"0,000";"1,641";"0,000";"0,000";"0,000";"0,000";"0,154";"0,493";"0,493";"0,656";"1,641";"0,000";"0,000";"0,000";
"09/11/2024 21:30";"0,348";"0,000";"0,405";"0,000";"0,560";"0,000";"1,312";"0,000";"0,000";"0,000";"0,000";"0,234";"0,348";"0,405";"0,560";"1,312";"0,000";"0,000";"0,000";
"09/11/2024 21:40";"0,546";"0,000";"0,503";"0,000";"0,645";"0,000";"1,695";"0,000";"0,000";"0,000";"0,000";"0,150";"0,546";"0,503";"0,645";"1,695";"0,000";"0,000";"0,000";
"09/11/2024 21:50";"0,709";"0,000";"0,421";"0,000";"0,598";"0,000";"1,729";"0,000";"0,000";"0,000";"0,000";"0,203";"0,709";"0,421";"0,598";"1,729";"0,000";"0,000";"0,000";
"09/11/2024 22:00";"0,382";"0,000";"0,479";"0,000";"0,595";"0,000";"1,456";"0,000";"0,000";"0,000";"0,000";"0,193";"0,382";"0,479";"0,595";"1,456";"0,000";"0,000";"0,000";
"09/11/2024 22:10";"0,455";"0,000";"0,464";"0,000";"0,636";"0,000";"1,555";"0,000";"0,000";"0,000";"0,000";"0,157";"0,455";"0,464";"0,636";"1,555";"0,000";"0,000";"0,000";
"09/11/2024 22:20";"0,626";"0,000";"0,493";"0,000";"0,625";"0,000";"1,744";"0,000";"0,000";"0,000";"0,000";"0,180";"0,626";"0,493";"0,625";"1,744";"0,000";"0,000";"0,000";
"09/11/2024 22:30";"0,637";"0,000";"0,444";"0,000";"0,680";"0,000";"1,760";"0,000";"0,000";"0,000";"0,000";"0,288";"0,637";"0,444";"0,680";"1,760";"0,000";"0,000";"0,000";
"09/11/2024 22:40";"0,594";"0,000";"0,453";"0,000";"0,600";"0,000";"1,646";"0,000";"0,000";"0,000";"0,000";"0,201";"0,594";"0,453";"0,600";"1,646";"0,000";"0,000";"0,000";
"09/11/2024 22:50";"0,540";"0,000";"0,515";"0,000";"0,670";"0,000";"1,725";"0,000";"0,000";"0,000";"0,000";"0,251";"0,540";"0,515";"0,670";"1,725";"0,000";"0,000";"0,000";
"09/11/2024 23:00";"0,551";"0,000";"0,409";"0,000";"0,585";"0,000";"1,544";"0,000";"0,000";"0,000";"0,000";"0,205";"0,551";"0,409";"0,585";"1,544";"0,000";"0,000";"0,000";
"09/11/2024 23:10";"0,738";"0,000";"0,435";"0,000";"0,583";"0,000";"1,755";"0,000";"0,000";"0,000";"0,000";"0,213";"0,738";"0,435";"0,583";"1,755";"0,000";"0,000";"0,000";
"09/11/2024 23:20";"0,454";"0,000";"0,519";"0,000";"0,658";"0,000";"1,632";"0,000";"0,000";"0,000";"0,000";"0,141";"0,454";"0,519";"0,658";"1,632";"0,000";"0,000";"0,000";
"09/11/2024 23:30";"0,646";"0,000";"0,424";"0,000";"0,584";"0,000";"1,654";"0,000";"0,000";"0,000";"0,000";"0,198";"0,646";"0,424";"0,584";"1,654";"0,000";"0,000";"0,000";
"09/11/2024 23:40";"0,355";"0,000";"0,423";"0,000";"0,541";"0,000";"1,319";"0,000";"0,000";"0,000";"0,000";"0,230";"0,355";"0,423";"0,541";"1,319";"0,000";"0,000";"0,000";
"09/11/2024 23:50";"0,396";"0,000";"0,433";"0,000";"0,597";"0,000";"1,426";"0,000";"0,000";"0,000";"0,000";"0,184";"0,396";"0,433";"0,597";"1,426";"0,000";"0,000";"0,000";
"10/11/2024 00:00";"0,631";"0,000";"0,502";"0,000";"0,620";"0,000";"1,753";"0,000";"0,000";"0,000";"0,000";"0,268";"0,631";"0,502";"0,620";"1,753";"0,000";"0,000";"0,000";
"10/11/2024 00:10";"0,665";"0,000";"0,430";"0,000";"0,558";"0,000";"1,653";"0,000";"0,000";"0,000";"0,000";"0,210";"0,665";"0,430";"0,558";"1,653";"0,000";"0,000";"0,000";
"10/11/2024 00:20";"0,904";"0,000";"0,444";"0,000";"0,623";"0,000";"1,971";"0,000";"0,000";"0,000";"0,000";"0,202";"0,904";"0,444";"0,623";"1,971";"0,000";"0,000";"0,000";
"10/11/2024 00:30";"0,573";"0,000";"0,541";"0,000";"0,655";"0,000";"1,769";"0,000";"0,000";"0,000";"0,000";"0,140";"0,573";"0,541";"0,655";"1,769";"0,000";"0,000";"0,000";
"10/11/2024 00:40";"0,610";"0,000";"0,392";"0,000";"0,566";"0,000";"1,568";"0,000";"0,000";"0,000";"0,000";"0,217";"0,610";"0,392";"0,566";"1,568";"0,000";"0,000";"0,000";
"10/11/2024 00:50";"0,439";"0,000";"0,482";"0,000";"0,620";"0,000";"1,541";"0,000";"0,000";"0,000";"0,000";"0,177";"0,439";"0,482";"0,620";"1,541";"0,000";"0,000";"0,000";
"10/11/2024 01:00";"0,427";"0,000";"0,453";"0,000";"0,591";"0,000";"1,471";"0,000";"0,000";"0,000";"0,000";"0,199";"0,427";"0,453";"0,591";"1,471";"0,000";"0,000";"0,000";
"10/11/2024 01:10";"0,480";"0,000";"0,498";"0,000";"0,645";"0,000";"1,623";"0,000";"0,000";"0,000";"0,000";"0,137";"0,480";"0,498";"0,645";"1,623";"0,000";"0,000";"0,000";
"10/11/2024 01:20";"0,589";"0,000";"0,443";"0,000";"0,559";"0,000";"1,590";"0,000";"0,000";"0,000";"0,000";"0,217";"0,589";"0,443";"0,559";"1,590";"0,000";"0,000";"0,000";
"10/11/2024 01:30";"0,709";"0,000";"0,424";"0,000";"0,591";"0,000";"1,724";"0,000";"0,000";"0,000";"0,000";"0,184";"0,709";"0,424";"0,591";"1,724";"0,000";"0,000";"0,000";
"10/11/2024 01:40";"0,382";"0,000";"0,484";"0,000";"0,598";"0,000";"1,463";"0,000";"0,000";"0,000";"0,000";"0,187";"0,382";"0,484";"0,598";"1,463";"0,000";"0,000";"0,000";
"10/11/2024 01:50";"0,425";"0,000";"0,427";"0,000";"0,586";"0,000";"1,438";"0,000";"0,000";"0,000";"0,000";"0,207";"0,425";"0,427";"0,586";"1,438";"0,000";"0,000";"0,000";
"10/11/2024 02:00";"0,444";"0,000";"0,494";"0,000";"0,632";"0,000";"1,570";"0,000";"0,000";"0,000";"0,000";"0,153";"0,444";"0,494";"0,632";"1,570";"0,000";"0,000";"0,000";
"10/11/2024 02:10";"0,346";"0,000";"0,398";"0,000";"0,541";"0,000";"1,286";"0,000";"0,000";"0,000";"0,000";"0,242";"0,346";"0,398";"0,541";"1,286";"0,000";"0,000";"0,000";
"10/11/2024 02:20";"0,488";"0,000";"0,483";"0,000";"0,649";"0,000";"1,620";"0,000";"0,000";"0,000";"0,000";"0,143";"0,488";"0,483";"0,649";"1,620";"0,000";"0,000";"0,000";
"10/11/2024 02:30";"0,463";"0,000";"0,558";"0,000";"0,739";"0,000";"1,759";"0,000";"0,000";"0,000";"0,000";"0,113";"0,463";"0,558";"0,739";"1,759";"0,000";"0,000";"0,000";
"10/11/2024 02:40";"0,411";"0,000";"0,400";"0,000";"0,566";"0,000";"1,377";"0,000";"0,000";"0,000";"0,000";"0,210";"0,411";"0,400";"0,566";"1,377";"0,000";"0,000";"0,000";
"10/11/2024 02:50";"0,668";"0,000";"0,433";"0,000";"0,580";"0,000";"1,681";"0,000";"0,000";"0,000";"0,000";"0,268";"0,668";"0,433";"0,580";"1,681";"0,000";"0,000";"0,000";
"10/11/2024 03:00";"0,338";"0,000";"0,387";"0,000";"0,549";"0,000";"1,273";"0,000";"0,000";"0,000";"0,000";"0,247";"0,338";"0,387";"0,549";"1,273";"0,000";"0,000";"0,000";
"10/11/2024 03:10";"0,442";"0,000";"0,450";"0,000";"0,616";"0,000";"1,508";"0,000";"0,000";"0,000";"0,000";"0,173";"0,442";"0,450";"0,616";"1,508";"0,000";"0,000";"0,000";
"10/11/2024 03:20";"0,459";"0,000";"0,559";"0,000";"0,645";"0,000";"1,662";"0,000";"0,000";"0,000";"0,000";"0,173";"0,459";"0,559";"0,645";"1,662";"0,000";"0,000";"0,000";
"10/11/2024 03:30";"0,518";"0,000";"0,457";"0,000";"0,632";"0,000";"1,607";"0,000";"0,000";"0,000";"0,000";"0,164";"0,518";"0,457";"0,632";"1,607";"0,000";"0,000";"0,000";
"10/11/2024 03:40";"0,418";"0,000";"0,400";"0,000";"0,540";"0,000";"1,358";"0,000";"0,000";"0,000";"0,000";"0,224";"0,418";"0,400";"0,540";"1,358";"0,000";"0,000";"0,000";
"10/11/2024 03:50";"0,416";"0,000";"0,479";"0,000";"0,592";"0,000";"1,487";"0,000";"0,001";"0,000";"0,000";"0,176";"0,416";"0,479";"0,592";"1,487";"0,000";"0,000";"0,000";
"10/11/2024 04:00";"0,851";"0,000";"0,430";"0,000";"0,584";"0,000";"1,865";"0,000";"0,000";"0,000";"0,000";"0,240";"0,851";"0,430";"0,584";"1,865";"0,000";"0,000";"0,000";
"10/11/2024 04:10";"0,699";"0,000";"0,498";"0,000";"0,634";"0,000";"1,831";"0,000";"0,000";"0,000";"0,000";"0,165";"0,699";"0,498";"0,634";"1,831";"0,000";"0,000";"0,000";
"10/11/2024 04:20";"0,682";"0,000";"0,497";"0,000";"0,602";"0,000";"1,782";"0,000";"0,001";"0,000";"0,000";"0,175";"0,682";"0,497";"0,602";"1,782";"0,000";"0,000";"0,000";
"10/11/2024 04:30";"0,519";"0,000";"0,468";"0,000";"0,622";"0,000";"1,609";"0,000";"0,000";"0,000";"0,000";"0,151";"0,519";"0,468";"0,622";"1,609";"0,000";"0,000";"0,000";
"10/11/2024 04:40";"0,356";"0,000";"0,405";"0,000";"0,535";"0,000";"1,296";"0,000";"0,000";"0,000";"0,000";"0,218";"0,356";"0,405";"0,535";"1,296";"0,000";"0,000";"0,000";
"10/11/2024 04:50";"0,378";"0,000";"0,390";"0,000";"0,538";"0,000";"1,305";"0,000";"0,000";"0,000";"0,000";"0,249";"0,378";"0,390";"0,538";"1,305";"0,000";"0,000";"0,000";
"10/11/2024 05:00";"0,428";"0,000";"0,460";"0,000";"0,609";"0,000";"1,496";"0,000";"0,000";"0,000";"0,000";"0,161";"0,428";"0,460";"0,609";"1,496";"0,000";"0,000";"0,000";
"10/11/2024 05:10";"0,427";"0,000";"0,499";"0,000";"0,590";"0,000";"1,515";"0,000";"0,000";"0,000";"0,000";"0,174";"0,427";"0,499";"0,590";"1,515";"0,000";"0,000";"0,000";
"10/11/2024 05:20";"0,465";"0,000";"0,491";"0,000";"0,627";"0,000";"1,583";"0,000";"0,000";"0,000";"0,000";"0,153";"0,465";"0,491";"0,627";"1,583";"0,000";"0,000";"0,000";
"10/11/2024 05:30";"0,388";"0,000";"0,427";"0,000";"0,567";"0,000";"1,382";"0,000";"0,000";"0,000";"0,000";"0,198";"0,388";"0,427";"0,567";"1,382";"0,000";"0,000";"0,000";
"10/11/2024 05:40";"0,408";"0,000";"0,473";"0,000";"0,566";"0,000";"1,448";"0,000";"0,005";"0,000";"0,000";"0,201";"0,408";"0,473";"0,566";"1,448";"0,000";"0,000";"0,000";
"10/11/2024 05:50";"0,386";"0,000";"0,397";"0,000";"0,551";"0,000";"1,335";"0,000";"0,000";"0,000";"0,000";"0,214";"0,386";"0,397";"0,551";"1,335";"0,000";"0,000";"0,000";
"10/11/2024 06:00";"0,378";"0,000";"0,439";"0,000";"0,556";"0,000";"1,373";"0,000";"0,000";"0,000";"0,000";"0,210";"0,378";"0,439";"0,556";"1,373";"0,000";"0,000";"0,000";
"10/11/2024 06:10";"0,454";"0,000";"0,498";"0,000";"0,609";"0,000";"1,560";"0,000";"0,000";"0,000";"0,000";"0,165";"0,454";"0,498";"0,609";"1,560";"0,000";"0,000";"0,000";
"10/11/2024 06:20";"0,463";"0,000";"0,487";"0,000";"0,623";"0,000";"1,573";"0,000";"0,000";"0,000";"0,000";"0,150";"0,463";"0,487";"0,623";"1,573";"0,000";"0,000";"0,000";
"10/11/2024 06:30";"0,456";"0,000";"0,535";"0,000";"0,681";"0,000";"1,672";"0,000";"0,000";"0,000";"0,000";"0,204";"0,456";"0,535";"0,681";"1,672";"0,000";"0,000";"0,000";
"10/11/2024 06:40";"0,443";"0,000";"0,429";"0,000";"0,640";"0,000";"1,512";"0,000";"0,000";"0,000";"0,000";"0,186";"0,443";"0,429";"0,640";"1,512";"0,000";"0,000";"0,000";
"10/11/2024 06:50";"0,607";"0,000";"0,513";"0,000";"0,623";"0,000";"1,743";"0,000";"0,000";"0,000";"0,000";"0,169";"0,607";"0,513";"0,623";"1,743";"0,000";"0,000";"0,000";
"10/11/2024 07:00";"0,549";"0,000";"0,445";"0,000";"0,604";"0,000";"1,598";"0,000";"0,003";"0,000";"0,000";"0,184";"0,549";"0,445";"0,604";"1,598";"0,000";"0,000";"0,000";
"10/11/2024 07:10";"0,663";"0,000";"0,398";"0,000";"0,533";"0,000";"1,594";"0,000";"0,000";"0,000";"0,000";"0,240";"0,663";"0,398";"0,533";"1,594";"0,000";"0,000";"0,000";
"10/11/2024 07:20";"0,408";"0,000";"0,487";"0,000";"0,610";"0,000";"1,504";"0,000";"0,002";"0,000";"0,000";"0,158";"0,408";"0,487";"0,610";"1,504";"0,000";"0,000";"0,000";
"10/11/2024 07:30";"0,456";"0,000";"0,471";"0,000";"0,629";"0,000";"1,557";"0,000";"0,000";"0,000";"0,000";"0,147";"0,456";"0,471";"0,629";"1,557";"0,000";"0,000";"0,000";
"10/11/2024 07:40";"0,408";"0,000";"0,439";"0,000";"0,570";"0,000";"1,417";"0,000";"0,000";"0,000";"0,000";"0,198";"0,408";"0,439";"0,570";"1,417";"0,000";"0,000";"0,000";
"10/11/2024 07:50";"0,419";"0,000";"0,478";"0,000";"0,598";"0,000";"1,495";"0,000";"0,000";"0,000";"0,000";"0,174";"0,419";"0,478";"0,598";"1,495";"0,000";"0,000";"0,000";
"10/11/2024 08:00";"0,611";"0,000";"0,439";"0,000";"0,594";"0,000";"1,644";"0,000";"0,000";"0,000";"0,000";"0,176";"0,611";"0,439";"0,594";"1,644";"0,000";"0,000";"0,000";
"10/11/2024 08:10";"0,544";"0,000";"0,482";"0,000";"0,585";"0,000";"1,612";"0,000";"0,000";"0,000";"0,000";"0,164";"0,544";"0,482";"0,585";"1,612";"0,000";"0,000";"0,000";
"10/11/2024 08:20";"0,585";"0,000";"0,369";"0,000";"0,512";"0,000";"1,466";"0,000";"0,000";"0,000";"0,000";"0,221";"0,585";"0,369";"0,512";"1,466";"0,000";"0,000";"0,000";
"10/11/2024 08:30";"0,541";"0,000";"0,319";"0,000";"0,500";"0,000";"1,361";"0,000";"0,006";"0,000";"0,000";"0,095";"0,541";"0,319";"0,500";"1,361";"0,000";"0,000";"0,000";
"10/11/2024 08:40";"0,430";"0,000";"0,346";"0,000";"0,484";"0,000";"1,260";"0,000";"0,004";"0,000";"0,000";"0,061";"0,436";"0,352";"0,489";"1,277";"0,017";"0,009";"0,008";
"10/11/2024 08:50";"0,505";"0,000";"0,343";"0,000";"0,495";"0,000";"1,344";"0,000";"0,009";"0,000";"0,000";"0,021";"0,553";"0,392";"0,544";"1,489";"0,145";"0,075";"0,070";
"10/11/2024 09:00";"0,428";"0,000";"0,190";"0,000";"0,400";"0,000";"1,018";"0,000";"0,000";"0,000";"0,000";"0,098";"0,493";"0,255";"0,465";"1,213";"0,195";"0,101";"0,094";
"10/11/2024 09:10";"0,354";"0,000";"0,259";"0,000";"0,401";"0,000";"1,013";"0,000";"0,003";"0,000";"0,000";"0,094";"0,427";"0,332";"0,474";"1,232";"0,219";"0,113";"0,106";
"10/11/2024 09:20";"0,367";"0,000";"0,340";"0,000";"0,523";"0,000";"1,230";"0,000";"0,012";"0,000";"0,000";"0,065";"0,450";"0,424";"0,606";"1,480";"0,250";"0,129";"0,121";
"10/11/2024 09:30";"0,473";"0,000";"0,290";"0,000";"0,450";"0,000";"1,212";"0,000";"0,001";"0,000";"0,000";"0,093";"0,569";"0,386";"0,546";"1,500";"0,288";"0,148";"0,140";
"10/11/2024 09:40";"0,448";"0,000";"0,307";"0,000";"0,468";"0,000";"1,224";"0,000";"0,000";"0,000";"0,000";"0,185";"0,542";"0,401";"0,562";"1,506";"0,282";"0,145";"0,137";
"10/11/2024 09:50";"0,347";"0,000";"0,203";"0,000";"0,413";"0,000";"0,962";"0,000";"0,001";"0,000";"0,000";"0,133";"0,641";"0,497";"0,707";"1,845";"0,883";"0,449";"0,434";
"10/11/2024 10:00";"0,316";"0,000";"0,332";"0,000";"0,478";"0,000";"1,126";"0,000";"0,015";"0,000";"0,000";"0,074";"0,639";"0,654";"0,801";"2,094";"0,968";"0,493";"0,475";
"10/11/2024 10:10";"0,336";"0,000";"0,329";"0,000";"0,500";"0,000";"1,166";"0,000";"0,003";"0,000";"0,000";"0,055";"0,596";"0,589";"0,760";"1,946";"0,780";"0,397";"0,383";
"10/11/2024 10:20";"0,458";"0,000";"0,256";"0,000";"0,466";"0,000";"1,181";"0,000";"0,012";"0,000";"0,000";"0,103";"0,850";"0,648";"0,857";"2,355";"1,174";"0,597";"0,577";
"10/11/2024 10:30";"0,251";"0,000";"0,239";"0,000";"0,401";"0,000";"0,891";"0,000";"0,000";"0,000";"0,000";"0,141";"0,739";"0,727";"0,889";"2,355";"1,464";"0,743";"0,721";
"10/11/2024 10:40";"0,254";"0,000";"0,293";"0,000";"0,558";"0,000";"1,106";"0,000";"0,010";"0,000";"0,000";"0,085";"0,650";"0,689";"0,954";"2,292";"1,186";"0,602";"0,584";
"10/11/2024 10:50";"0,333";"0,000";"0,286";"0,000";"0,291";"0,000";"0,910";"0,000";"0,009";"0,000";"0,000";"0,050";"0,722";"0,675";"0,680";"2,077";"1,167";"0,593";"0,574";
"10/11/2024 11:00";"0,246";"0,000";"0,254";"0,000";"0,161";"0,000";"0,661";"0,000";"0,002";"0,000";"0,000";"0,114";"0,695";"0,703";"0,611";"2,010";"1,349";"0,684";"0,665";
"10/11/2024 11:10";"0,409";"0,000";"0,317";"0,000";"0,247";"0,000";"0,972";"0,000";"0,010";"0,000";"0,000";"0,047";"0,839";"0,746";"0,676";"2,261";"1,289";"0,654";"0,635";
"10/11/2024 11:20";"0,396";"0,000";"0,254";"0,000";"0,184";"0,000";"0,834";"0,000";"0,010";"0,000";"0,000";"0,087";"0,825";"0,682";"0,612";"2,119";"1,285";"0,652";"0,633";
"10/11/2024 11:30";"0,465";"0,000";"0,357";"0,000";"0,238";"0,000";"1,060";"0,000";"0,025";"0,000";"0,000";"0,079";"1,029";"0,921";"0,803";"2,754";"1,694";"0,859";"0,835";
"10/11/2024 11:40";"0,331";"0,000";"0,310";"0,000";"0,258";"0,000";"0,899";"0,000";"0,019";"0,000";"0,000";"0,040";"1,083";"1,061";"1,010";"3,154";"2,255";"1,142";"1,113";
"10/11/2024 11:50";"0,255";"0,000";"0,218";"0,000";"0,158";"0,000";"0,631";"0,000";"0,000";"0,000";"0,000";"0,114";"0,872";"0,835";"0,775";"2,482";"1,851";"0,938";"0,913";
"10/11/2024 12:00";"0,459";"0,000";"0,286";"0,000";"0,187";"0,000";"0,932";"0,000";"0,000";"0,000";"0,000";"0,128";"1,150";"0,977";"0,878";"3,005";"2,073";"1,050";"1,023";
"10/11/2024 12:10";"0,207";"0,000";"0,196";"0,000";"0,154";"0,000";"0,558";"0,000";"0,000";"0,000";"0,000";"0,111";"1,043";"1,032";"0,989";"3,065";"2,507";"1,269";"1,238";
"10/11/2024 12:20";"0,502";"0,000";"0,263";"0,000";"0,172";"0,000";"0,938";"0,000";"0,002";"0,000";"0,000";"0,105";"1,260";"1,021";"0,930";"3,212";"2,274";"1,152";"1,122";
"10/11/2024 12:30";"0,595";"0,000";"0,354";"0,000";"0,271";"0,000";"1,220";"0,000";"0,011";"0,000";"0,000";"0,052";"1,161";"0,920";"0,836";"2,917";"1,697";"0,861";"0,836";
"10/11/2024 12:40";"0,358";"0,000";"0,243";"0,000";"0,193";"0,000";"0,794";"0,000";"0,000";"0,000";"0,000";"0,136";"0,870";"0,755";"0,705";"2,330";"1,536";"0,779";"0,757";
"10/11/2024 12:50";"0,374";"0,000";"0,349";"0,000";"0,229";"0,000";"0,952";"0,000";"0,010";"0,000";"0,000";"0,093";"0,828";"0,802";"0,682";"2,313";"1,361";"0,690";"0,671";
"10/11/2024 13:00";"0,472";"0,000";"0,248";"0,000";"0,202";"0,000";"0,922";"0,000";"0,007";"0,000";"0,000";"0,085";"0,968";"0,744";"0,698";"2,410";"1,488";"0,755";"0,733";
"10/11/2024 13:10";"0,209";"0,000";"0,238";"0,000";"0,156";"0,000";"0,604";"0,000";"0,002";"0,000";"0,000";"0,101";"1,005";"1,034";"0,952";"2,992";"2,388";"1,208";"1,180";
"10/11/2024 13:20";"0,347";"0,000";"0,360";"0,000";"0,263";"0,000";"0,969";"0,000";"0,018";"0,000";"0,000";"0,029";"1,287";"1,300";"1,203";"3,790";"2,821";"1,428";"1,393";
"10/11/2024 13:30";"0,304";"0,000";"0,259";"0,000";"0,207";"0,000";"0,771";"0,000";"0,018";"0,000";"0,000";"0,084";"1,018";"0,973";"0,921";"2,913";"2,142";"1,086";"1,056";
"10/11/2024 13:40";"0,397";"0,000";"0,283";"0,000";"0,179";"0,000";"0,859";"0,000";"0,004";"0,000";"0,000";"0,098";"1,081";"0,968";"0,863";"2,912";"2,053";"1,040";"1,013";
"10/11/2024 13:50";"0,252";"0,000";"0,204";"0,000";"0,155";"0,000";"0,611";"0,000";"0,002";"0,000";"0,000";"0,097";"1,059";"1,011";"0,962";"3,032";"2,421";"1,230";"1,191";
"10/11/2024 14:00";"0,219";"0,000";"0,215";"0,000";"0,271";"0,000";"0,706";"0,000";"0,000";"0,000";"0,000";"0,123";"0,903";"0,899";"0,955";"2,756";"2,050";"1,041";"1,009";
"10/11/2024 14:10";"0,322";"0,000";"0,350";"0,000";"0,561";"0,000";"1,233";"0,000";"0,017";"0,000";"0,000";"0,073";"1,258";"1,287";"1,497";"4,042";"2,809";"1,427";"1,382";
"10/11/2024 14:20";"0,340";"0,000";"0,293";"0,000";"0,519";"0,000";"1,152";"0,000";"0,010";"0,000";"0,000";"0,060";"1,291";"1,244";"1,470";"4,006";"2,854";"1,449";"1,405";
"10/11/2024 14:30";"0,404";"0,000";"0,301";"0,000";"0,447";"0,000";"1,152";"0,000";"0,000";"0,000";"0,000";"0,144";"1,267";"1,165";"1,311";"3,743";"2,591";"1,317";"1,274";
"10/11/2024 14:40";"0,212";"0,000";"0,217";"0,000";"0,405";"0,000";"0,834";"0,000";"0,000";"0,000";"0,000";"0,126";"1,148";"1,152";"1,341";"3,641";"2,807";"1,424";"1,383";
"10/11/2024 14:50";"0,257";"0,000";"0,200";"0,000";"0,400";"0,000";"0,856";"0,000";"0,000";"0,000";"0,000";"0,143";"1,142";"1,085";"1,286";"3,513";"2,657";"1,348";"1,309";
"10/11/2024 15:00";"0,316";"0,000";"0,352";"0,000";"0,487";"0,000";"1,154";"0,000";"0,000";"0,000";"0,000";"0,051";"0,901";"0,938";"1,072";"2,911";"1,757";"0,896";"0,861";
"10/11/2024 15:10";"0,379";"0,000";"0,272";"0,000";"0,460";"0,000";"1,111";"0,000";"0,010";"0,000";"0,000";"0,077";"1,341";"1,233";"1,421";"3,995";"2,884";"1,475";"1,409";
"10/11/2024 15:20";"0,250";"0,000";"0,227";"0,000";"0,401";"0,000";"0,878";"0,000";"0,000";"0,000";"0,000";"0,134";"1,001";"0,978";"1,151";"3,130";"2,252";"1,146";"1,106";
"10/11/2024 15:30";"0,213";"0,000";"0,218";"0,000";"0,399";"0,000";"0,830";"0,000";"0,000";"0,000";"0,000";"0,143";"0,690";"0,696";"0,876";"2,262";"1,432";"0,727";"0,705";
"10/11/2024 15:40";"0,211";"0,000";"0,204";"0,000";"0,404";"0,000";"0,819";"0,000";"0,000";"0,000";"0,000";"0,121";"0,643";"0,636";"0,836";"2,115";"1,296";"0,658";"0,638";
"10/11/2024 15:50";"0,319";"0,000";"0,299";"0,000";"0,487";"0,000";"1,106";"0,000";"0,007";"0,000";"0,000";"0,071";"0,675";"0,655";"0,843";"2,174";"1,068";"0,543";"0,525";
"10/11/2024 16:00";"0,413";"0,000";"0,305";"0,000";"0,474";"0,000";"1,193";"0,000";"0,002";"0,000";"0,000";"0,086";"0,653";"0,545";"0,713";"1,911";"0,718";"0,366";"0,352";
"10/11/2024 16:10";"0,211";"0,000";"0,203";"0,000";"0,415";"0,000";"0,829";"0,000";"0,000";"0,000";"0,000";"0,132";"0,486";"0,478";"0,690";"1,654";"0,825";"0,420";"0,405";
"10/11/2024 16:20";"0,266";"0,000";"0,250";"0,000";"0,442";"0,000";"0,957";"0,000";"0,000";"0,000";"0,000";"0,104";"0,478";"0,462";"0,654";"1,593";"0,636";"0,325";"0,311";
"10/11/2024 16:30";"0,511";"0,000";"0,374";"0,000";"0,524";"0,000";"1,409";"0,000";"0,007";"0,000";"0,000";"0,049";"0,768";"0,631";"0,781";"2,180";"0,771";"0,393";"0,378";
"10/11/2024 16:40";"0,600";"0,000";"0,294";"0,000";"0,505";"0,000";"1,400";"0,000";"0,003";"0,000";"0,000";"0,056";"0,923";"0,617";"0,828";"2,369";"0,969";"0,493";"0,476";
"10/11/2024 16:50";"0,407";"0,000";"0,233";"0,000";"0,436";"0,000";"1,076";"0,000";"0,000";"0,000";"0,000";"0,116";"0,668";"0,494";"0,697";"1,859";"0,783";"0,399";"0,384";
"10/11/2024 17:00";"0,464";"0,000";"0,331";"0,000";"0,477";"0,000";"1,272";"0,000";"0,000";"0,000";"0,000";"0,176";"0,594";"0,461";"0,607";"1,662";"0,390";"0,200";"0,190";
"10/11/2024 17:10";"0,261";"0,000";"0,202";"0,000";"0,417";"0,000";"0,880";"0,000";"0,000";"0,000";"0,000";"0,130";"0,356";"0,296";"0,512";"1,164";"0,284";"0,146";"0,138";
"10/11/2024 17:20";"0,355";"0,000";"0,357";"0,000";"0,531";"0,000";"1,244";"0,000";"0,007";"0,000";"0,000";"0,035";"0,422";"0,424";"0,598";"1,445";"0,201";"0,104";"0,097";
"10/11/2024 17:30";"0,253";"0,000";"0,240";"0,000";"0,430";"0,000";"0,923";"0,000";"0,000";"0,000";"0,000";"0,133";"0,305";"0,292";"0,482";"1,079";"0,156";"0,081";"0,075";
"10/11/2024 17:40";"0,385";"0,000";"0,241";"0,000";"0,449";"0,000";"1,075";"0,000";"0,001";"0,000";"0,000";"0,148";"0,420";"0,277";"0,484";"1,181";"0,106";"0,055";"0,051";
"10/11/2024 17:50";"0,325";"0,000";"0,315";"0,000";"0,562";"0,000";"1,202";"0,000";"0,002";"0,000";"0,000";"0,073";"0,345";"0,335";"0,581";"1,261";"0,059";"0,031";"0,028";
"10/11/2024 18:00";"0,424";"0,000";"0,315";"0,000";"0,494";"0,000";"1,234";"0,000";"0,003";"0,000";"0,000";"0,073";"0,427";"0,318";"0,496";"1,241";"0,007";"0,004";"0,003";
"10/11/2024 18:10";"0,380";"0,000";"0,284";"0,000";"0,224";"0,000";"0,888";"0,000";"0,001";"0,000";"0,000";"0,154";"0,380";"0,284";"0,224";"0,888";"0,000";"0,000";"0,000";
"10/11/2024 18:20";"0,417";"0,000";"0,307";"0,000";"0,204";"0,000";"0,928";"0,000";"0,000";"0,000";"0,000";"0,135";"0,417";"0,307";"0,204";"0,928";"0,000";"0,000";"0,000";
"10/11/2024 18:30";"0,594";"0,000";"0,473";"0,000";"0,362";"0,000";"1,430";"0,000";"0,000";"0,000";"0,000";"0,129";"0,594";"0,473";"0,362";"1,430";"0,000";"0,000";"0,000";
"10/11/2024 18:40";"0,374";"0,000";"0,414";"0,000";"0,304";"0,000";"1,092";"0,000";"0,000";"0,000";"0,000";"0,172";"0,374";"0,414";"0,304";"1,092";"0,000";"0,000";"0,000";
"10/11/2024 18:50";"0,410";"0,000";"0,465";"0,000";"0,331";"0,000";"1,205";"0,000";"0,000";"0,000";"0,000";"0,175";"0,410";"0,465";"0,331";"1,205";"0,000";"0,000";"0,000";
"10/11/2024 19:00";"0,440";"0,000";"0,463";"0,000";"0,357";"0,000";"1,260";"0,000";"0,000";"0,000";"0,000";"0,150";"0,440";"0,463";"0,357";"1,260";"0,000";"0,000";"0,000";
"10/11/2024 19:10";"0,411";"0,000";"0,452";"0,000";"0,353";"0,000";"1,217";"0,000";"0,000";"0,000";"0,000";"0,155";"0,411";"0,452";"0,353";"1,217";"0,000";"0,000";"0,000";
"10/11/2024 19:20";"0,467";"0,000";"0,507";"0,000";"0,359";"0,000";"1,333";"0,000";"0,000";"0,000";"0,000";"0,129";"0,467";"0,507";"0,359";"1,333";"0,000";"0,000";"0,000";
"10/11/2024 19:30";"0,347";"0,000";"0,374";"0,000";"0,281";"0,000";"1,002";"0,000";"0,000";"0,000";"0,000";"0,197";"0,347";"0,374";"0,281";"1,002";"0,000";"0,000";"0,000";
"10/11/2024 19:40";"0,532";"0,000";"0,519";"0,000";"0,377";"0,000";"1,428";"0,000";"0,000";"0,000";"0,000";"0,124";"0,532";"0,519";"0,377";"1,428";"0,000";"0,000";"0,000";
"10/11/2024 19:50";"0,577";"0,000";"0,468";"0,000";"0,359";"0,000";"1,405";"0,000";"0,002";"0,000";"0,000";"0,147";"0,577";"0,468";"0,359";"1,405";"0,000";"0,000";"0,000";
"10/11/2024 20:00";"0,561";"0,000";"0,370";"0,000";"0,288";"0,000";"1,219";"0,000";"0,000";"0,000";"0,000";"0,210";"0,561";"0,370";"0,288";"1,219";"0,000";"0,000";"0,000";
"10/11/2024 20:10";"0,387";"0,000";"0,498";"0,000";"0,325";"0,000";"1,210";"0,000";"0,002";"0,000";"0,000";"0,155";"0,387";"0,498";"0,325";"1,210";"0,000";"0,000";"0,000";
"10/11/2024 20:20";"0,430";"0,000";"0,415";"0,000";"0,326";"0,000";"1,171";"0,000";"0,000";"0,000";"0,000";"0,180";"0,430";"0,415";"0,326";"1,171";"0,000";"0,000";"0,000";
"10/11/2024 20:30";"0,470";"0,000";"0,516";"0,000";"0,389";"0,000";"1,376";"0,000";"0,000";"0,000";"0,000";"0,123";"0,470";"0,516";"0,389";"1,376";"0,000";"0,000";"0,000";
"10/11/2024 20:40";"0,833";"0,000";"0,413";"0,000";"0,315";"0,000";"1,562";"0,000";"0,000";"0,000";"0,000";"0,196";"0,833";"0,413";"0,315";"1,562";"0,000";"0,000";"0,000";
"10/11/2024 20:50";"0,875";"0,000";"0,452";"0,000";"0,340";"0,000";"1,667";"0,000";"0,001";"0,000";"0,000";"0,242";"0,875";"0,452";"0,340";"1,667";"0,000";"0,000";"0,000";
"10/11/2024 21:00";"0,603";"0,000";"0,538";"0,000";"0,371";"0,000";"1,512";"0,000";"0,000";"0,000";"0,000";"0,121";"0,603";"0,538";"0,371";"1,512";"0,000";"0,000";"0,000";
"10/11/2024 21:10";"0,636";"0,000";"0,447";"0,000";"0,376";"0,000";"1,459";"0,000";"0,000";"0,000";"0,000";"0,166";"0,636";"0,447";"0,376";"1,459";"0,000";"0,000";"0,000";
"10/11/2024 21:20";"0,443";"0,000";"0,446";"0,000";"0,595";"0,000";"1,484";"0,000";"0,001";"0,000";"0,000";"0,257";"0,443";"0,446";"0,595";"1,484";"0,000";"0,000";"0,000";
"10/11/2024 21:30";"0,388";"0,000";"0,412";"0,000";"0,622";"0,000";"1,422";"0,000";"0,000";"0,000";"0,000";"0,196";"0,388";"0,412";"0,622";"1,422";"0,000";"0,000";"0,000";
"10/11/2024 21:40";"0,479";"0,000";"0,539";"0,000";"0,663";"0,000";"1,681";"0,000";"0,000";"0,000";"0,000";"0,129";"0,479";"0,539";"0,663";"1,681";"0,000";"0,000";"0,000";
"10/11/2024 21:50";"0,455";"0,000";"0,391";"0,000";"0,577";"0,000";"1,422";"0,000";"0,000";"0,000";"0,000";"0,196";"0,455";"0,391";"0,577";"1,422";"0,000";"0,000";"0,000";
"10/11/2024 22:00";"0,519";"0,000";"0,479";"0,000";"0,625";"0,000";"1,623";"0,000";"0,000";"0,000";"0,000";"0,103";"0,519";"0,479";"0,625";"1,623";"0,000";"0,000";"0,000";
"10/11/2024 22:10";"0,465";"0,000";"0,417";"0,000";"0,544";"0,000";"1,426";"0,000";"0,000";"0,000";"0,000";"0,194";"0,465";"0,417";"0,544";"1,426";"0,000";"0,000";"0,000";
"10/11/2024 22:20";"0,592";"0,000";"0,495";"0,000";"0,650";"0,000";"1,738";"0,000";"0,000";"0,000";"0,000";"0,096";"0,592";"0,495";"0,650";"1,738";"0,000";"0,000";"0,000";
"10/11/2024 22:30";"0,666";"0,000";"0,479";"0,000";"0,616";"0,000";"1,760";"0,000";"0,000";"0,000";"0,000";"0,182";"0,666";"0,479";"0,616";"1,760";"0,000";"0,000";"0,000";
"10/11/2024 22:40";"0,405";"0,000";"0,431";"0,000";"0,563";"0,000";"1,400";"0,000";"0,000";"0,000";"0,000";"0,255";"0,405";"0,431";"0,563";"1,400";"0,000";"0,000";"0,000";
"10/11/2024 22:50";"0,430";"0,000";"0,444";"0,000";"0,610";"0,000";"1,484";"0,000";"0,000";"0,000";"0,000";"0,171";"0,430";"0,444";"0,610";"1,484";"0,000";"0,000";"0,000";
"10/11/2024 23:00";"0,522";"0,000";"0,432";"0,000";"0,579";"0,000";"1,534";"0,000";"0,000";"0,000";"0,000";"0,212";"0,522";"0,432";"0,579";"1,534";"0,000";"0,000";"0,000";
"10/11/2024 23:10";"0,463";"0,000";"0,503";"0,000";"0,631";"0,000";"1,596";"0,000";"0,001";"0,000";"0,000";"0,169";"0,463";"0,503";"0,631";"1,596";"0,000";"0,000";"0,000";
"10/11/2024 23:20";"0,465";"0,000";"0,479";"0,000";"0,631";"0,000";"1,575";"0,000";"0,000";"0,000";"0,000";"0,262";"0,465";"0,479";"0,631";"1,575";"0,000";"0,000";"0,000";
"10/11/2024 23:30";"0,429";"0,000";"0,488";"0,000";"0,622";"0,000";"1,539";"0,000";"0,000";"0,000";"0,000";"0,176";"0,429";"0,488";"0,622";"1,539";"0,000";"0,000";"0,000";
"10/11/2024 23:40";"0,378";"0,000";"0,384";"0,000";"0,563";"0,000";"1,324";"0,000";"0,000";"0,000";"0,000";"0,218";"0,378";"0,384";"0,563";"1,324";"0,000";"0,000";"0,000";
"10/11/2024 23:50";"0,451";"0,000";"0,505";"0,000";"0,598";"0,000";"1,555";"0,000";"0,000";"0,000";"0,000";"0,173";"0,451";"0,505";"0,598";"1,555";"0,000";"0,000";"0,000";
"11/11/2024 00:00";"0,398";"0,000";"0,430";"0,000";"0,589";"0,000";"1,417";"0,000";"0,000";"0,000";"0,000";"0,184";"0,398";"0,430";"0,589";"1,417";"0,000";"0,000";"0,000";
"11/11/2024 00:10";"0,458";"0,000";"0,495";"0,000";"0,649";"0,000";"1,603";"0,000";"0,000";"0,000";"0,000";"0,156";"0,458";"0,495";"0,649";"1,603";"0,000";"0,000";"0,000";
"11/11/2024 00:20";"0,414";"0,000";"0,451";"0,000";"0,585";"0,000";"1,450";"0,000";"0,000";"0,000";"0,000";"0,198";"0,414";"0,451";"0,585";"1,450";"0,000";"0,000";"0,000";
"11/11/2024 00:30";"0,425";"0,000";"0,417";"0,000";"0,587";"0,000";"1,429";"0,000";"0,000";"0,000";"0,000";"0,198";"0,425";"0,417";"0,587";"1,429";"0,000";"0,000";"0,000";
"11/11/2024 00:40";"0,429";"0,000";"0,504";"0,000";"0,620";"0,000";"1,553";"0,000";"0,000";"0,000";"0,000";"0,164";"0,429";"0,504";"0,620";"1,553";"0,000";"0,000";"0,000";
"11/11/2024 00:50";"0,380";"0,000";"0,411";"0,000";"0,571";"0,000";"1,363";"0,000";"0,000";"0,000";"0,000";"0,215";"0,380";"0,411";"0,571";"1,363";"0,000";"0,000";"0,000";
"11/11/2024 01:00";"0,689";"0,000";"0,493";"0,000";"0,720";"0,000";"1,902";"0,000";"0,000";"0,000";"0,000";"0,144";"0,689";"0,493";"0,720";"1,902";"0,000";"0,000";"0,000";
"11/11/2024 01:10";"0,665";"0,000";"0,467";"0,000";"0,583";"0,000";"1,716";"0,000";"0,000";"0,000";"0,000";"0,208";"0,665";"0,467";"0,583";"1,716";"0,000";"0,000";"0,000";
"11/11/2024 01:20";"0,523";"0,000";"0,435";"0,000";"0,631";"0,000";"1,589";"0,000";"0,000";"0,000";"0,000";"0,185";"0,523";"0,435";"0,631";"1,589";"0,000";"0,000";"0,000";
"11/11/2024 01:30";"0,413";"0,000";"0,500";"0,000";"0,611";"0,000";"1,524";"0,000";"0,000";"0,000";"0,000";"0,181";"0,413";"0,500";"0,611";"1,524";"0,000";"0,000";"0,000";
"11/11/2024 01:40";"0,586";"0,000";"0,389";"0,000";"0,576";"0,000";"1,551";"0,000";"0,000";"0,000";"0,000";"0,214";"0,586";"0,389";"0,576";"1,551";"0,000";"0,000";"0,000";
"11/11/2024 01:50";"0,486";"0,000";"0,511";"0,000";"0,641";"0,000";"1,637";"0,000";"0,000";"0,000";"0,000";"0,153";"0,486";"0,511";"0,641";"1,637";"0,000";"0,000";"0,000";
"11/11/2024 02:00";"0,569";"0,000";"0,471";"0,000";"0,619";"0,000";"1,659";"0,000";"0,000";"0,000";"0,000";"0,195";"0,569";"0,471";"0,619";"1,659";"0,000";"0,000";"0,000";
"11/11/2024 02:10";"0,601";"0,000";"0,428";"0,000";"0,594";"0,000";"1,623";"0,000";"0,000";"0,000";"0,000";"0,270";"0,601";"0,428";"0,594";"1,623";"0,000";"0,000";"0,000";
"11/11/2024 02:20";"0,411";"0,000";"0,476";"0,000";"0,588";"0,000";"1,475";"0,000";"0,000";"0,000";"0,000";"0,197";"0,411";"0,476";"0,588";"1,475";"0,000";"0,000";"0,000";
"11/11/2024 02:30";"0,393";"0,000";"0,412";"0,000";"0,595";"0,000";"1,400";"0,000";"0,000";"0,000";"0,000";"0,237";"0,393";"0,412";"0,595";"1,400";"0,000";"0,000";"0,000";
"11/11/2024 02:40";"0,491";"0,000";"0,507";"0,000";"0,672";"0,000";"1,669";"0,000";"0,000";"0,000";"0,000";"0,184";"0,491";"0,507";"0,672";"1,669";"0,000";"0,000";"0,000";
"11/11/2024 02:50";"0,652";"0,000";"0,475";"0,000";"0,620";"0,000";"1,747";"0,000";"0,000";"0,000";"0,000";"0,189";"0,652";"0,475";"0,620";"1,747";"0,000";"0,000";"0,000";
"11/11/2024 03:00";"0,602";"0,000";"0,444";"0,000";"0,615";"0,000";"1,661";"0,000";"0,000";"0,000";"0,000";"0,281";"0,602";"0,444";"0,615";"1,661";"0,000";"0,000";"0,000";
"11/11/2024 03:10";"0,604";"0,000";"0,392";"0,000";"0,559";"0,000";"1,555";"0,000";"0,000";"0,000";"0,000";"0,236";"0,604";"0,392";"0,559";"1,555";"0,000";"0,000";"0,000";
"11/11/2024 03:20";"0,474";"0,000";"0,535";"0,000";"0,659";"0,000";"1,668";"0,000";"0,000";"0,000";"0,000";"0,139";"0,474";"0,535";"0,659";"1,668";"0,000";"0,000";"0,000";
"11/11/2024 03:30";"0,617";"0,000";"0,447";"0,000";"0,629";"0,000";"1,693";"0,000";"0,000";"0,000";"0,000";"0,239";"0,617";"0,447";"0,629";"1,693";"0,000";"0,000";"0,000";
"11/11/2024 03:40";"0,689";"0,000";"0,418";"0,000";"0,591";"0,000";"1,698";"0,000";"0,000";"0,000";"0,000";"0,278";"0,689";"0,418";"0,591";"1,698";"0,000";"0,000";"0,000";
"11/11/2024 03:50";"0,414";"0,000";"0,471";"0,000";"0,634";"0,000";"1,519";"0,000";"0,000";"0,000";"0,000";"0,168";"0,414";"0,471";"0,634";"1,519";"0,000";"0,000";"0,000";
"11/11/2024 04:00";"0,601";"0,000";"0,449";"0,000";"0,636";"0,000";"1,686";"0,000";"0,000";"0,000";"0,000";"0,172";"0,601";"0,449";"0,636";"1,686";"0,000";"0,000";"0,000";
"11/11/2024 04:10";"0,653";"0,000";"0,494";"0,000";"0,629";"0,000";"1,776";"0,000";"0,000";"0,000";"0,000";"0,294";"0,653";"0,494";"0,629";"1,776";"0,000";"0,000";"0,000";
"11/11/2024 04:20";"0,515";"0,000";"0,394";"0,000";"0,587";"0,000";"1,495";"0,000";"0,000";"0,000";"0,000";"0,226";"0,515";"0,394";"0,587";"1,495";"0,000";"0,000";"0,000";
"11/11/2024 04:30";"0,459";"0,000";"0,512";"0,000";"0,671";"0,000";"1,642";"0,000";"0,000";"0,000";"0,000";"0,131";"0,459";"0,512";"0,671";"1,642";"0,000";"0,000";"0,000";
"11/11/2024 04:40";"0,693";"0,000";"0,454";"0,000";"0,607";"0,000";"1,753";"0,000";"0,000";"0,000";"0,000";"0,214";"0,693";"0,454";"0,607";"1,753";"0,000";"0,000";"0,000";
"11/11/2024 04:50";"0,610";"0,000";"0,434";"0,000";"0,636";"0,000";"1,680";"0,000";"0,000";"0,000";"0,000";"0,181";"0,610";"0,434";"0,636";"1,681";"0,000";"0,000";"0,000";
"11/11/2024 05:00";"0,582";"0,000";"0,548";"0,000";"0,677";"0,000";"1,808";"0,000";"0,000";"0,000";"0,000";"0,163";"0,582";"0,548";"0,677";"1,808";"0,000";"0,000";"0,000";
"11/11/2024 05:10";"0,941";"0,000";"0,422";"0,000";"0,741";"0,000";"2,105";"0,000";"0,000";"0,000";"0,000";"0,245";"0,941";"0,422";"0,741";"2,105";"0,000";"0,000";"0,000";
"11/11/2024 05:20";"1,505";"0,000";"1,354";"0,000";"1,391";"0,000";"4,250";"0,000";"0,065";"0,000";"0,000";"0,162";"1,505";"1,354";"1,391";"4,250";"0,000";"0,000";"0,000";
"11/11/2024 05:30";"2,054";"0,000";"1,814";"0,000";"1,997";"0,000";"5,866";"0,000";"0,107";"0,000";"0,000";"0,376";"2,054";"1,814";"1,997";"5,866";"0,000";"0,000";"0,000";
"11/11/2024 05:40";"1,658";"0,000";"1,429";"0,000";"1,513";"0,000";"4,599";"0,000";"0,000";"0,000";"0,000";"0,339";"1,658";"1,429";"1,513";"4,599";"0,000";"0,000";"0,000";
"11/11/2024 05:50";"1,968";"0,000";"1,586";"0,000";"1,659";"0,000";"5,213";"0,000";"0,065";"0,000";"0,000";"0,551";"1,968";"1,586";"1,659";"5,213";"0,000";"0,000";"0,000";
"11/11/2024 06:00";"2,858";"0,000";"2,256";"0,000";"2,882";"0,000";"7,996";"0,000";"0,226";"0,000";"0,000";"0,588";"2,858";"2,256";"2,882";"7,996";"0,000";"0,000";"0,000";
"11/11/2024 06:10";"2,949";"0,000";"2,469";"0,000";"3,017";"0,000";"8,435";"0,000";"0,720";"0,000";"0,000";"0,495";"2,949";"2,469";"3,017";"8,435";"0,000";"0,000";"0,000";
"11/11/2024 06:20";"7,558";"0,000";"6,790";"0,000";"7,371";"0,000";"21,719";"0,000";"0,880";"0,000";"0,000";"1,068";"7,558";"6,790";"7,371";"21,719";"0,000";"0,000";"0,000";
"11/11/2024 06:30";"8,660";"0,000";"8,452";"0,000";"8,570";"0,000";"25,681";"0,000";"0,407";"0,000";"0,000";"1,526";"8,660";"8,452";"8,570";"25,681";"0,000";"0,000";"0,000";
"11/11/2024 06:40";"10,049";"0,000";"9,767";"0,000";"10,161";"0,000";"29,977";"0,000";"0,232";"0,000";"0,000";"1,531";"10,049";"9,767";"10,161";"29,977";"0,000";"0,000";"0,000";
"11/11/2024 06:50";"9,241";"0,000";"9,290";"0,000";"9,615";"0,000";"28,147";"0,000";"0,190";"0,000";"0,000";"1,485";"9,241";"9,290";"9,615";"28,147";"0,000";"0,000";"0,000";
"11/11/2024 07:00";"9,806";"0,000";"9,889";"0,000";"10,142";"0,000";"29,837";"0,000";"0,481";"0,000";"0,000";"0,824";"9,806";"9,889";"10,142";"29,837";"0,000";"0,000";"0,000";
"11/11/2024 07:10";"8,168";"0,000";"8,504";"0,000";"8,566";"0,000";"25,238";"0,000";"0,454";"0,000";"0,000";"1,020";"8,168";"8,504";"8,566";"25,238";"0,000";"0,000";"0,000";
"11/11/2024 07:20";"8,444";"0,000";"8,773";"0,000";"8,578";"0,000";"25,795";"0,000";"0,596";"0,000";"0,000";"1,106";"8,444";"8,773";"8,578";"25,795";"0,000";"0,000";"0,000";
"11/11/2024 07:30";"8,812";"0,000";"8,880";"0,000";"8,879";"0,000";"26,571";"0,000";"0,537";"0,000";"0,000";"0,988";"8,812";"8,880";"8,879";"26,571";"0,000";"0,000";"0,000";
"11/11/2024 07:40";"7,598";"0,000";"8,056";"0,000";"7,760";"0,000";"23,414";"0,000";"0,505";"0,000";"0,000";"0,673";"7,598";"8,056";"7,760";"23,414";"0,000";"0,000";"0,000";
"11/11/2024 07:50";"6,684";"0,000";"6,785";"0,000";"7,226";"0,000";"20,695";"0,000";"0,261";"0,000";"0,000";"1,170";"6,684";"6,785";"7,226";"20,695";"0,000";"0,000";"0,000";
"11/11/2024 08:00";"8,587";"0,000";"9,104";"0,000";"9,156";"0,000";"26,846";"0,000";"0,926";"0,000";"0,000";"0,679";"8,587";"9,104";"9,156";"26,846";"0,000";"0,000";"0,000";
"11/11/2024 08:10";"9,569";"0,000";"9,992";"0,000";"9,829";"0,000";"29,390";"0,000";"2,337";"0,000";"0,000";"0,190";"9,569";"9,993";"9,830";"29,392";"0,002";"0,001";"0,001";
"11/11/2024 08:20";"8,740";"0,000";"9,461";"0,000";"9,240";"0,000";"27,441";"0,000";"1,318";"0,000";"0,000";"0,500";"8,749";"9,471";"9,249";"27,469";"0,028";"0,015";"0,013";
"11/11/2024 08:30";"8,241";"0,000";"8,966";"0,000";"8,685";"0,000";"25,892";"0,000";"0,318";"0,000";"0,000";"0,546";"8,263";"8,989";"8,707";"25,960";"0,068";"0,036";"0,032";
"11/11/2024 08:40";"8,865";"0,000";"9,083";"0,000";"9,226";"0,000";"27,174";"0,000";"0,918";"0,000";"0,000";"0,858";"8,903";"9,121";"9,265";"27,289";"0,115";"0,060";"0,055";
"11/11/2024 08:50";"7,379";"0,000";"7,860";"0,000";"8,006";"0,000";"23,245";"0,000";"0,724";"0,000";"0,000";"1,069";"7,488";"7,969";"8,115";"23,571";"0,326";"0,184";"0,142";
"11/11/2024 09:00";"8,435";"0,000";"8,683";"0,000";"8,470";"0,000";"25,589";"0,000";"1,085";"0,000";"0,000";"0,717";"8,600";"8,848";"8,635";"26,084";"0,495";"0,297";"0,198";
"11/11/2024 09:10";"9,695";"0,000";"10,133";"0,000";"9,824";"0,000";"29,652";"0,000";"1,235";"0,000";"0,000";"0,345";"9,807";"10,245";"9,936";"29,989";"0,337";"0,178";"0,159";
"11/11/2024 09:20";"8,601";"0,000";"8,962";"0,000";"8,671";"0,000";"26,233";"0,000";"0,903";"0,000";"0,000";"0,441";"9,060";"9,421";"9,130";"27,612";"1,379";"0,807";"0,572";
"11/11/2024 09:30";"8,660";"0,000";"9,141";"0,000";"8,915";"0,000";"26,716";"0,000";"0,726";"0,000";"0,000";"0,808";"9,153";"9,634";"9,408";"28,195";"1,479";"0,902";"0,577";
"11/11/2024 09:40";"8,936";"0,000";"8,988";"0,000";"8,796";"0,000";"26,720";"0,000";"0,311";"0,000";"0,000";"0,842";"9,527";"9,579";"9,388";"28,494";"1,774";"1,010";"0,764";
"11/11/2024 09:50";"4,023";"0,000";"4,474";"0,000";"4,267";"0,000";"12,764";"0,000";"0,443";"0,000";"0,000";"0,770";"4,725";"5,177";"4,969";"14,871";"2,107";"1,176";"0,931";
"11/11/2024 10:00";"3,499";"0,000";"3,930";"0,000";"3,679";"0,000";"11,108";"0,000";"0,182";"0,000";"0,000";"0,261";"4,369";"4,800";"4,549";"13,718";"2,610";"1,452";"1,158";
"11/11/2024 10:10";"2,821";"0,000";"3,070";"0,000";"3,320";"0,000";"9,212";"0,000";"0,123";"0,000";"0,000";"0,305";"3,804";"4,053";"4,303";"12,161";"2,949";"1,638";"1,311";
"11/11/2024 10:20";"8,889";"0,000";"8,245";"0,000";"8,972";"0,000";"26,105";"0,000";"0,470";"0,000";"0,000";"0,713";"9,514";"8,871";"9,597";"27,982";"1,877";"1,035";"0,842";
"11/11/2024 10:30";"10,919";"0,000";"10,167";"0,000";"10,983";"0,000";"32,069";"0,000";"0,517";"0,000";"0,000";"0,529";"11,854";"11,103";"11,919";"34,876";"2,807";"1,483";"1,324";
"11/11/2024 10:40";"11,071";"0,000";"10,721";"0,000";"11,061";"0,000";"32,852";"0,000";"2,776";"0,000";"0,000";"0,125";"12,416";"12,066";"12,406";"36,888";"4,036";"2,068";"1,968";
"11/11/2024 10:50";"10,123";"0,000";"9,471";"0,000";"10,239";"0,000";"29,833";"0,000";"0,967";"0,000";"0,000";"0,390";"11,815";"11,163";"11,931";"34,909";"5,076";"2,557";"2,519";
"11/11/2024 11:00";"6,150";"0,000";"5,778";"0,000";"6,676";"0,000";"18,604";"0,000";"0,789";"0,000";"0,000";"0,495";"7,650";"7,279";"8,177";"23,106";"4,502";"2,273";"2,229";
"11/11/2024 11:10";"4,621";"0,000";"4,255";"0,000";"4,943";"0,000";"13,819";"0,000";"1,347";"0,000";"0,000";"0,591";"5,403";"5,037";"5,724";"16,163";"2,344";"1,188";"1,156";
"11/11/2024 11:20";"9,635";"0,000";"8,553";"0,000";"9,345";"0,000";"27,532";"0,000";"3,659";"0,000";"0,000";"0,092";"11,231";"10,148";"10,940";"32,319";"4,787";"2,417";"2,370";
"11/11/2024 11:30";"9,632";"0,000";"8,324";"0,000";"9,305";"0,000";"27,261";"0,000";"2,967";"0,000";"0,000";"0,287";"10,256";"8,948";"9,929";"29,133";"1,872";"0,950";"0,922";
"11/11/2024 11:40";"8,551";"0,000";"7,643";"0,000";"8,590";"0,000";"24,784";"0,000";"0,781";"0,000";"0,000";"0,744";"9,502";"8,593";"9,540";"27,636";"2,852";"1,444";"1,408";
"11/11/2024 11:50";"8,199";"0,000";"7,369";"0,000";"8,317";"0,000";"23,885";"0,000";"0,614";"0,000";"0,000";"0,801";"9,179";"8,349";"9,298";"26,826";"2,941";"1,495";"1,446";
"11/11/2024 12:00";"9,233";"0,000";"8,426";"0,000";"9,306";"0,000";"26,964";"0,000";"2,214";"0,000";"0,000";"0,157";"10,361";"9,554";"10,435";"30,350";"3,386";"1,712";"1,674";
"11/11/2024 12:10";"8,002";"0,000";"6,994";"0,000";"8,199";"0,000";"23,195";"0,000";"0,565";"0,000";"0,000";"1,072";"8,703";"7,695";"8,900";"25,297";"2,102";"1,066";"1,036";
"11/11/2024 12:20";"8,906";"0,000";"7,826";"0,000";"9,007";"0,000";"25,739";"0,000";"1,767";"0,000";"0,000";"0,333";"9,874";"8,795";"9,975";"28,644";"2,905";"1,472";"1,433";
"11/11/2024 12:30";"8,504";"0,000";"7,578";"0,000";"8,820";"0,000";"24,902";"0,000";"1,038";"0,000";"0,000";"0,432";"10,667";"9,741";"10,983";"31,391";"6,489";"3,288";"3,201";
"11/11/2024 12:40";"7,229";"0,000";"6,377";"0,000";"7,444";"0,000";"21,050";"0,000";"1,441";"0,000";"0,000";"0,349";"9,380";"8,528";"9,595";"27,504";"6,454";"3,262";"3,192";
"11/11/2024 12:50";"7,021";"0,000";"5,818";"0,000";"6,986";"0,000";"19,825";"0,000";"0,513";"0,000";"0,000";"0,507";"8,869";"7,666";"8,835";"25,370";"5,545";"2,812";"2,733";
"11/11/2024 13:00";"6,332";"0,000";"5,470";"0,000";"6,642";"0,000";"18,444";"0,000";"0,259";"0,000";"0,000";"0,814";"8,601";"7,740";"8,912";"25,253";"6,809";"3,469";"3,340";
"11/11/2024 13:10";"6,268";"0,000";"5,395";"0,000";"6,519";"0,000";"18,183";"0,000";"0,627";"0,000";"0,000";"0,689";"8,453";"7,580";"8,704";"24,738";"6,555";"3,346";"3,209";
"11/11/2024 13:20";"2,258";"0,000";"2,093";"0,000";"3,091";"0,000";"7,441";"0,000";"0,518";"0,000";"0,000";"0,728";"4,262";"4,097";"5,094";"13,452";"6,011";"3,071";"2,940";
"11/11/2024 13:30";"2,013";"0,000";"1,752";"0,000";"2,646";"0,000";"6,410";"0,000";"0,113";"0,000";"0,000";"0,137";"3,536";"3,275";"4,169";"10,979";"4,569";"2,328";"2,241";
"11/11/2024 13:40";"1,747";"0,000";"1,354";"0,000";"2,232";"0,000";"5,332";"0,000";"0,089";"0,000";"0,000";"0,224";"2,380";"1,987";"2,865";"7,232";"1,900";"0,971";"0,929";
"11/11/2024 13:50";"1,384";"0,000";"1,125";"0,000";"1,729";"0,000";"4,238";"0,000";"0,082";"0,000";"0,000";"0,296";"2,952";"2,693";"3,297";"8,942";"4,704";"2,397";"2,307";
"11/11/2024 14:00";"0,754";"0,000";"0,505";"0,000";"0,574";"0,000";"1,833";"0,000";"0,003";"0,000";"0,000";"0,211";"1,679";"1,430";"1,500";"4,610";"2,777";"1,414";"1,363";
"11/11/2024 14:10";"0,777";"0,000";"0,558";"0,000";"0,625";"0,000";"1,960";"0,000";"0,000";"0,000";"0,000";"0,133";"1,971";"1,751";"1,819";"5,541";"3,581";"1,822";"1,759";
"11/11/2024 14:20";"0,881";"0,000";"0,669";"0,000";"0,758";"0,000";"2,307";"0,000";"0,071";"0,000";"0,000";"0,277";"2,172";"1,960";"2,050";"6,182";"3,875";"1,973";"1,902";
"11/11/2024 14:30";"0,858";"0,000";"0,579";"0,000";"0,599";"0,000";"2,036";"0,000";"0,000";"0,000";"0,000";"0,139";"1,643";"1,364";"1,384";"4,391";"2,355";"1,199";"1,156";
"11/11/2024 14:40";"0,657";"0,000";"0,454";"0,000";"0,523";"0,000";"1,634";"0,000";"0,000";"0,000";"0,000";"0,216";"2,738";"2,535";"2,604";"7,878";"6,244";"3,187";"3,057";
"11/11/2024 14:50";"0,913";"0,000";"0,601";"0,000";"0,754";"0,000";"2,269";"0,000";"0,035";"0,000";"0,000";"0,231";"1,813";"1,501";"1,654";"4,969";"2,700";"1,375";"1,325";
"11/11/2024 15:00";"0,758";"0,000";"0,558";"0,000";"0,609";"0,000";"1,924";"0,000";"0,001";"0,000";"0,000";"0,128";"2,517";"2,317";"2,368";"7,201";"5,277";"2,693";"2,584";
"11/11/2024 15:10";"0,698";"0,000";"0,452";"0,000";"0,568";"0,000";"1,718";"0,000";"0,000";"0,000";"0,000";"0,131";"2,068";"1,823";"1,939";"5,829";"4,111";"2,087";"2,024";
"11/11/2024 15:20";"0,808";"0,000";"0,597";"0,000";"0,751";"0,000";"2,155";"0,000";"0,075";"0,000";"0,000";"0,225";"2,467";"2,256";"2,410";"7,132";"4,977";"2,536";"2,441";
"11/11/2024 15:30";"0,680";"0,000";"0,530";"0,000";"0,556";"0,000";"1,765";"0,000";"0,000";"0,000";"0,000";"0,167";"2,419";"2,269";"2,295";"6,982";"5,217";"2,662";"2,555";
"11/11/2024 15:40";"0,728";"0,000";"0,520";"0,000";"0,607";"0,000";"1,855";"0,000";"0,000";"0,000";"0,000";"0,138";"2,276";"2,068";"2,155";"6,499";"4,644";"2,369";"2,275";
"11/11/2024 15:50";"0,802";"0,000";"0,567";"0,000";"0,742";"0,000";"2,111";"0,000";"0,070";"0,000";"0,000";"0,302";"2,071";"1,836";"2,011";"5,918";"3,807";"1,950";"1,857";
"11/11/2024 16:00";"0,614";"0,000";"0,430";"0,000";"0,579";"0,000";"1,623";"0,000";"0,000";"0,000";"0,000";"0,223";"1,773";"1,589";"1,737";"5,099";"3,476";"1,786";"1,690";
"11/11/2024 16:10";"0,782";"0,000";"0,439";"0,000";"0,615";"0,000";"1,835";"0,000";"0,001";"0,000";"0,000";"0,224";"1,831";"1,488";"1,664";"4,983";"3,148";"1,610";"1,538";
"11/11/2024 16:20";"0,889";"0,000";"0,582";"0,000";"0,736";"0,000";"2,206";"0,000";"0,097";"0,000";"0,000";"0,223";"1,826";"1,519";"1,673";"5,017";"2,811";"1,437";"1,374";
"11/11/2024 16:30";"0,641";"0,000";"0,409";"0,000";"0,542";"0,000";"1,592";"0,000";"0,000";"0,000";"0,000";"0,216";"1,464";"1,233";"1,366";"4,062";"2,470";"1,264";"1,206";
"11/11/2024 16:40";"0,709";"0,000";"0,497";"0,000";"0,617";"0,000";"1,823";"0,000";"0,000";"0,000";"0,000";"0,157";"1,404";"1,193";"1,312";"3,909";"2,086";"1,071";"1,015";
"11/11/2024 16:50";"0,919";"0,000";"0,660";"0,000";"0,799";"0,000";"2,378";"0,000";"0,039";"0,000";"0,000";"0,180";"1,483";"1,224";"1,363";"4,070";"1,692";"0,869";"0,823";
"11/11/2024 17:00";"0,743";"0,000";"0,482";"0,000";"0,615";"0,000";"1,840";"0,000";"0,000";"0,000";"0,000";"0,164";"1,167";"0,906";"1,039";"3,112";"1,272";"0,653";"0,619";
"11/11/2024 17:10";"0,661";"0,000";"0,380";"0,000";"0,634";"0,000";"1,675";"0,000";"0,000";"0,000";"0,000";"0,229";"0,983";"0,701";"0,956";"2,640";"0,965";"0,499";"0,466";
"11/11/2024 17:20";"0,848";"0,000";"0,637";"0,000";"0,780";"0,000";"2,264";"0,000";"0,074";"0,000";"0,000";"0,244";"1,074";"0,863";"1,006";"2,943";"0,679";"0,368";"0,311";
"11/11/2024 17:30";"0,857";"0,000";"0,465";"0,000";"0,360";"0,000";"1,682";"0,000";"0,000";"0,000";"0,000";"0,149";"0,993";"0,600";"0,496";"2,089";"0,407";"0,240";"0,167";
"11/11/2024 17:40";"0,836";"0,000";"0,530";"0,000";"0,389";"0,000";"1,755";"0,000";"0,000";"0,000";"0,000";"0,128";"0,919";"0,613";"0,472";"2,004";"0,249";"0,142";"0,107";
"11/11/2024 17:50";"0,864";"0,000";"0,509";"0,000";"0,438";"0,000";"1,811";"0,000";"0,067";"0,000";"0,000";"0,275";"0,910";"0,555";"0,484";"1,948";"0,137";"0,074";"0,063";
"11/11/2024 18:00";"0,664";"0,000";"0,422";"0,000";"0,339";"0,000";"1,425";"0,000";"0,000";"0,000";"0,000";"0,206";"0,682";"0,440";"0,357";"1,480";"0,055";"0,029";"0,026";
"11/11/2024 18:10";"0,778";"0,000";"0,531";"0,000";"0,406";"0,000";"1,716";"0,000";"0,002";"0,000";"0,000";"0,082";"0,782";"0,535";"0,410";"1,728";"0,012";"0,006";"0,006";
"11/11/2024 18:20";"0,959";"0,000";"0,529";"0,000";"0,441";"0,000";"1,929";"0,000";"0,070";"0,000";"0,000";"0,288";"0,959";"0,529";"0,441";"1,929";"0,000";"0,000";"0,000";
"11/11/2024 18:30";"0,654";"0,000";"0,509";"0,000";"0,359";"0,000";"1,522";"0,000";"0,000";"0,000";"0,000";"0,232";"0,654";"0,509";"0,359";"1,522";"0,000";"0,000";"0,000";
"11/11/2024 18:40";"0,745";"0,000";"0,535";"0,000";"0,401";"0,000";"1,681";"0,000";"0,000";"0,000";"0,000";"0,166";"0,745";"0,535";"0,401";"1,681";"0,000";"0,000";"0,000";
"11/11/2024 18:50";"1,109";"0,000";"0,698";"0,000";"0,503";"0,000";"2,310";"0,000";"0,075";"0,000";"0,000";"0,295";"1,109";"0,698";"0,503";"2,310";"0,000";"0,000";"0,000";
"11/11/2024 19:00";"0,748";"0,000";"0,574";"0,000";"0,479";"0,000";"1,801";"0,000";"0,000";"0,000";"0,000";"0,279";"0,748";"0,574";"0,479";"1,801";"0,000";"0,000";"0,000";
"11/11/2024 19:10";"0,685";"0,000";"0,561";"0,000";"0,385";"0,000";"1,630";"0,000";"0,000";"0,000";"0,000";"0,216";"0,685";"0,561";"0,385";"1,630";"0,000";"0,000";"0,000";
"11/11/2024 19:20";"0,846";"0,000";"0,595";"0,000";"0,489";"0,000";"1,930";"0,000";"0,028";"0,000";"0,000";"0,201";"0,846";"0,595";"0,489";"1,930";"0,000";"0,000";"0,000";
"11/11/2024 19:30";"1,022";"0,000";"0,678";"0,000";"0,591";"0,000";"2,292";"0,000";"0,044";"0,000";"0,000";"0,201";"1,022";"0,678";"0,591";"2,292";"0,000";"0,000";"0,000";
"11/11/2024 19:40";"0,698";"0,000";"0,566";"0,000";"0,404";"0,000";"1,668";"0,000";"0,001";"0,000";"0,000";"0,195";"0,698";"0,566";"0,404";"1,668";"0,000";"0,000";"0,000";
"11/11/2024 19:50";"0,939";"0,000";"0,564";"0,000";"0,442";"0,000";"1,944";"0,000";"0,000";"0,000";"0,000";"0,161";"0,939";"0,564";"0,442";"1,944";"0,000";"0,000";"0,000";
"11/11/2024 20:00";"0,869";"0,000";"0,615";"0,000";"0,551";"0,000";"2,035";"0,000";"0,069";"0,000";"0,000";"0,315";"0,869";"0,615";"0,551";"2,035";"0,000";"0,000";"0,000";
"11/11/2024 20:10";"0,578";"0,000";"0,651";"0,000";"0,470";"0,000";"1,698";"0,000";"0,000";"0,000";"0,000";"0,132";"0,578";"0,651";"0,470";"1,698";"0,000";"0,000";"0,000";
"11/11/2024 20:20";"0,443";"0,000";"0,492";"0,000";"0,362";"0,000";"1,297";"0,000";"0,000";"0,000";"0,000";"0,228";"0,443";"0,492";"0,362";"1,297";"0,000";"0,000";"0,000";
"11/11/2024 20:30";"0,507";"0,000";"0,664";"0,000";"0,580";"0,000";"1,751";"0,000";"0,035";"0,000";"0,000";"0,219";"0,507";"0,664";"0,580";"1,751";"0,000";"0,000";"0,000";
"11/11/2024 20:40";"0,508";"0,000";"0,586";"0,000";"0,739";"0,000";"1,833";"0,000";"0,000";"0,000";"0,000";"0,155";"0,508";"0,586";"0,739";"1,833";"0,000";"0,000";"0,000";
"11/11/2024 20:50";"1,123";"0,000";"0,630";"0,000";"0,727";"0,000";"2,480";"0,000";"0,000";"0,000";"0,000";"0,219";"1,123";"0,630";"0,727";"2,480";"0,000";"0,000";"0,000";
"11/11/2024 21:00";"0,729";"0,000";"0,644";"0,000";"0,810";"0,000";"2,182";"0,000";"0,073";"0,000";"0,000";"0,314";"0,729";"0,644";"0,810";"2,182";"0,000";"0,000";"0,000";
"11/11/2024 21:10";"0,433";"0,000";"0,485";"0,000";"0,643";"0,000";"1,561";"0,000";"0,000";"0,000";"0,000";"0,247";"0,433";"0,485";"0,643";"1,561";"0,000";"0,000";"0,000";
"11/11/2024 21:20";"0,545";"0,000";"0,593";"0,000";"0,736";"0,000";"1,875";"0,000";"0,000";"0,000";"0,000";"0,145";"0,545";"0,593";"0,736";"1,875";"0,000";"0,000";"0,000";
"11/11/2024 21:30";"0,527";"0,000";"0,665";"0,000";"0,831";"0,000";"2,023";"0,000";"0,071";"0,000";"0,000";"0,312";"0,527";"0,665";"0,831";"2,023";"0,000";"0,000";"0,000";
"11/11/2024 21:40";"0,436";"0,000";"0,498";"0,000";"0,637";"0,000";"1,571";"0,000";"0,000";"0,000";"0,000";"0,250";"0,436";"0,498";"0,637";"1,571";"0,000";"0,000";"0,000";
"11/11/2024 21:50";"0,486";"0,000";"0,581";"0,000";"0,724";"0,000";"1,791";"0,000";"0,000";"0,000";"0,000";"0,177";"0,486";"0,581";"0,724";"1,791";"0,000";"0,000";"0,000";
"11/11/2024 22:00";"1,003";"0,000";"0,858";"0,000";"0,879";"0,000";"2,740";"0,000";"0,076";"0,000";"0,000";"0,265";"1,003";"0,858";"0,879";"2,740";"0,000";"0,000";"0,000";
"11/11/2024 22:10";"1,180";"0,000";"0,742";"0,000";"0,690";"0,000";"2,612";"0,000";"0,000";"0,000";"0,000";"0,230";"1,180";"0,742";"0,690";"2,612";"0,000";"0,000";"0,000";
"11/11/2024 22:20";"0,639";"0,000";"0,469";"0,000";"0,631";"0,000";"1,739";"0,000";"0,000";"0,000";"0,000";"0,269";"0,639";"0,469";"0,631";"1,739";"0,000";"0,000";"0,000";
"11/11/2024 22:30";"0,526";"0,000";"0,622";"0,000";"0,816";"0,000";"1,964";"0,000";"0,071";"0,000";"0,000";"0,328";"0,526";"0,622";"0,816";"1,964";"0,000";"0,000";"0,000";
"11/11/2024 22:40";"0,473";"0,000";"0,608";"0,000";"0,705";"0,000";"1,785";"0,000";"0,000";"0,000";"0,000";"0,176";"0,473";"0,608";"0,705";"1,785";"0,000";"0,000";"0,000";
"11/11/2024 22:50";"0,692";"0,000";"0,508";"0,000";"0,694";"0,000";"1,894";"0,000";"0,000";"0,000";"0,000";"0,229";"0,692";"0,508";"0,694";"1,894";"0,000";"0,000";"0,000";
"11/11/2024 23:00";"0,905";"0,000";"0,669";"0,000";"0,849";"0,000";"2,424";"0,000";"0,070";"0,000";"0,000";"0,345";"0,905";"0,669";"0,849";"2,424";"0,000";"0,000";"0,000";
"11/11/2024 23:10";"0,471";"0,000";"0,553";"0,000";"0,655";"0,000";"1,678";"0,000";"0,000";"0,000";"0,000";"0,243";"0,471";"0,553";"0,655";"1,678";"0,000";"0,000";"0,000";
"11/11/2024 23:20";"0,461";"0,000";"0,517";"0,000";"0,683";"0,000";"1,661";"0,000";"0,000";"0,000";"0,000";"0,198";"0,461";"0,517";"0,683";"1,661";"0,000";"0,000";"0,000";
"11/11/2024 23:30";"0,617";"0,000";"0,762";"0,000";"0,904";"0,000";"2,284";"0,000";"0,078";"0,000";"0,000";"0,268";"0,617";"0,762";"0,904";"2,284";"0,000";"0,000";"0,000";
"11/11/2024 23:40";"0,547";"0,000";"0,598";"0,000";"0,740";"0,000";"1,885";"0,000";"0,000";"0,000";"0,000";"0,143";"0,547";"0,598";"0,740";"1,885";"0,000";"0,000";"0,000";
"11/11/2024 23:50";"0,995";"0,000";"0,489";"0,000";"0,631";"0,000";"2,115";"0,000";"0,000";"0,000";"0,000";"0,283";"0,995";"0,489";"0,631";"2,115";"0,000";"0,000";"0,000";
"12/11/2024 00:00";"0,995";"0,000";"0,645";"0,000";"0,827";"0,000";"2,466";"0,000";"0,071";"0,000";"0,000";"0,331";"0,995";"0,645";"0,827";"2,466";"0,000";"0,000";"0,000";
"12/11/2024 00:10";"0,578";"0,000";"0,597";"0,000";"0,746";"0,000";"1,921";"0,000";"0,000";"0,000";"0,000";"0,165";"0,578";"0,597";"0,746";"1,921";"0,000";"0,000";"0,000";
"12/11/2024 00:20";"0,421";"0,000";"0,530";"0,000";"0,645";"0,000";"1,596";"0,000";"0,000";"0,000";"0,000";"0,235";"0,421";"0,530";"0,645";"1,596";"0,000";"0,000";"0,000";
"12/11/2024 00:30";"0,586";"0,000";"0,651";"0,000";"0,958";"0,000";"2,195";"0,000";"0,073";"0,000";"0,000";"0,362";"0,586";"0,651";"0,958";"2,195";"0,000";"0,000";"0,000";
"12/11/2024 00:40";"0,570";"0,000";"0,574";"0,000";"0,707";"0,000";"1,851";"0,000";"0,000";"0,000";"0,000";"0,205";"0,570";"0,574";"0,707";"1,851";"0,000";"0,000";"0,000";
"12/11/2024 00:50";"0,514";"0,000";"0,617";"0,000";"0,740";"0,000";"1,871";"0,000";"0,000";"0,000";"0,000";"0,171";"0,514";"0,617";"0,740";"1,871";"0,000";"0,000";"0,000";
"12/11/2024 01:00";"0,622";"0,000";"0,689";"0,000";"0,891";"0,000";"2,201";"0,000";"0,079";"0,000";"0,000";"0,287";"0,622";"0,689";"0,891";"2,201";"0,000";"0,000";"0,000";
"12/11/2024 01:10";"0,482";"0,000";"0,600";"0,000";"0,699";"0,000";"1,781";"0,000";"0,000";"0,000";"0,000";"0,185";"0,482";"0,600";"0,699";"1,781";"0,000";"0,000";"0,000";
"12/11/2024 01:20";"0,546";"0,000";"0,575";"0,000";"0,724";"0,000";"1,845";"0,000";"0,008";"0,000";"0,000";"0,134";"0,546";"0,575";"0,724";"1,845";"0,000";"0,000";"0,000";
"12/11/2024 01:30";"0,877";"0,000";"0,715";"0,000";"0,876";"0,000";"2,469";"0,000";"0,074";"0,000";"0,000";"0,258";"0,877";"0,715";"0,876";"2,469";"0,000";"0,000";"0,000";
"12/11/2024 01:40";"0,630";"0,000";"0,599";"0,000";"0,735";"0,000";"1,964";"0,000";"0,000";"0,000";"0,000";"0,117";"0,630";"0,599";"0,735";"1,964";"0,000";"0,000";"0,000";
"12/11/2024 01:50";"0,632";"0,000";"0,610";"0,000";"0,754";"0,000";"1,996";"0,000";"0,000";"0,000";"0,000";"0,167";"0,632";"0,610";"0,754";"1,996";"0,000";"0,000";"0,000";
"12/11/2024 02:00";"1,010";"0,000";"0,679";"0,000";"0,837";"0,000";"2,526";"0,000";"0,034";"0,000";"0,000";"0,271";"1,010";"0,679";"0,837";"2,526";"0,000";"0,000";"0,000";
"12/11/2024 02:10";"0,817";"0,000";"0,541";"0,000";"0,697";"0,000";"2,054";"0,000";"0,000";"0,000";"0,000";"0,215";"0,817";"0,541";"0,697";"2,054";"0,000";"0,000";"0,000";
"12/11/2024 02:20";"0,701";"0,000";"0,545";"0,000";"0,670";"0,000";"1,916";"0,000";"0,000";"0,000";"0,000";"0,193";"0,701";"0,545";"0,670";"1,917";"0,000";"0,000";"0,000";
"12/11/2024 02:30";"0,705";"0,000";"0,753";"0,000";"0,943";"0,000";"2,401";"0,000";"0,041";"0,000";"0,000";"0,143";"0,705";"0,753";"0,943";"2,401";"0,000";"0,000";"0,000";
"12/11/2024 02:40";"0,476";"0,000";"0,516";"0,000";"0,683";"0,000";"1,674";"0,000";"0,000";"0,000";"0,000";"0,224";"0,476";"0,516";"0,683";"1,674";"0,000";"0,000";"0,000";
"12/11/2024 02:50";"0,508";"0,000";"0,626";"0,000";"0,741";"0,000";"1,875";"0,000";"0,000";"0,000";"0,000";"0,159";"0,508";"0,626";"0,741";"1,875";"0,000";"0,000";"0,000";
"12/11/2024 03:00";"0,635";"0,000";"0,730";"0,000";"0,948";"0,000";"2,313";"0,000";"0,080";"0,000";"0,000";"0,249";"0,635";"0,730";"0,948";"2,313";"0,000";"0,000";"0,000";
"12/11/2024 03:10";"0,868";"0,000";"0,620";"0,000";"0,707";"0,000";"2,194";"0,000";"0,000";"0,000";"0,000";"0,264";"0,868";"0,620";"0,707";"2,194";"0,000";"0,000";"0,000";
"12/11/2024 03:20";"0,476";"0,000";"0,558";"0,000";"0,698";"0,000";"1,732";"0,000";"0,000";"0,000";"0,000";"0,213";"0,476";"0,558";"0,698";"1,732";"0,000";"0,000";"0,000";
"12/11/2024 03:30";"0,643";"0,000";"0,774";"0,000";"0,950";"0,000";"2,367";"0,000";"0,079";"0,000";"0,000";"0,227";"0,643";"0,774";"0,950";"2,367";"0,000";"0,000";"0,000";
"12/11/2024 03:40";"0,564";"0,000";"0,589";"0,000";"0,768";"0,000";"1,922";"0,000";"0,000";"0,000";"0,000";"0,215";"0,564";"0,589";"0,768";"1,922";"0,000";"0,000";"0,000";
"12/11/2024 03:50";"0,456";"0,000";"0,576";"0,000";"0,698";"0,000";"1,730";"0,000";"0,000";"0,000";"0,000";"0,214";"0,456";"0,576";"0,698";"1,730";"0,000";"0,000";"0,000";
"12/11/2024 04:00";"0,645";"0,000";"0,734";"0,000";"0,936";"0,000";"2,315";"0,000";"0,072";"0,000";"0,000";"0,244";"0,645";"0,734";"0,936";"2,315";"0,000";"0,000";"0,000";
"12/11/2024 04:10";"0,462";"0,000";"0,543";"0,000";"0,685";"0,000";"1,690";"0,000";"0,000";"0,000";"0,000";"0,227";"0,462";"0,543";"0,685";"1,690";"0,000";"0,000";"0,000";
"12/11/2024 04:20";"0,518";"0,000";"0,611";"0,000";"0,758";"0,000";"1,888";"0,000";"0,000";"0,000";"0,000";"0,185";"0,518";"0,611";"0,758";"1,888";"0,000";"0,000";"0,000";
"12/11/2024 04:30";"0,720";"0,000";"0,779";"0,000";"1,047";"0,000";"2,545";"0,000";"0,072";"0,000";"0,000";"0,452";"0,720";"0,779";"1,047";"2,545";"0,000";"0,000";"0,000";
"12/11/2024 04:40";"0,790";"0,000";"0,617";"0,000";"0,735";"0,000";"2,142";"0,000";"0,000";"0,000";"0,000";"0,222";"0,790";"0,617";"0,735";"2,142";"0,000";"0,000";"0,000";
"12/11/2024 04:50";"0,597";"0,000";"0,575";"0,000";"0,752";"0,000";"1,924";"0,000";"0,000";"0,000";"0,000";"0,240";"0,597";"0,575";"0,752";"1,924";"0,000";"0,000";"0,000";
"12/11/2024 05:00";"0,551";"0,000";"0,701";"0,000";"0,833";"0,000";"2,084";"0,000";"0,096";"0,000";"0,000";"0,219";"0,551";"0,701";"0,833";"2,084";"0,000";"0,000";"0,000";
"12/11/2024 05:10";"0,544";"0,000";"0,578";"0,000";"0,735";"0,000";"1,858";"0,000";"0,000";"0,000";"0,000";"0,173";"0,544";"0,578";"0,735";"1,858";"0,000";"0,000";"0,000";
"12/11/2024 05:20";"0,513";"0,000";"0,642";"0,000";"0,751";"0,000";"1,906";"0,000";"0,000";"0,000";"0,000";"0,184";"0,513";"0,642";"0,751";"1,906";"0,000";"0,000";"0,000";
"12/11/2024 05:30";"1,688";"0,000";"1,413";"0,000";"1,360";"0,000";"4,461";"0,000";"0,079";"0,000";"0,000";"0,490";"1,688";"1,413";"1,360";"4,461";"0,000";"0,000";"0,000";
"12/11/2024 05:40";"1,782";"0,000";"1,441";"0,000";"1,916";"0,000";"5,138";"0,000";"0,000";"0,000";"0,000";"0,530";"1,782";"1,441";"1,916";"5,138";"0,000";"0,000";"0,000";
"12/11/2024 05:50";"1,935";"0,000";"1,480";"0,000";"2,003";"0,000";"5,418";"0,000";"0,000";"0,000";"0,000";"0,557";"1,935";"1,480";"2,003";"5,418";"0,000";"0,000";"0,000";
"12/11/2024 06:00";"3,233";"0,000";"2,712";"0,000";"3,372";"0,000";"9,316";"0,000";"0,435";"0,000";"0,000";"0,624";"3,233";"2,712";"3,372";"9,316";"0,000";"0,000";"0,000";
"12/11/2024 06:10";"6,351";"0,000";"4,808";"0,000";"6,182";"0,000";"17,341";"0,000";"0,605";"0,000";"0,000";"1,543";"6,351";"4,808";"6,182";"17,341";"0,000";"0,000";"0,000";
"12/11/2024 06:20";"7,325";"0,000";"5,995";"0,000";"7,389";"0,000";"20,709";"0,000";"0,524";"0,000";"0,000";"1,706";"7,325";"5,995";"7,389";"20,709";"0,000";"0,000";"0,000";
"12/11/2024 06:30";"7,887";"0,000";"6,807";"0,000";"8,179";"0,000";"22,873";"0,000";"0,680";"0,000";"0,000";"1,073";"7,887";"6,807";"8,179";"22,873";"0,000";"0,000";"0,000";
"12/11/2024 06:40";"9,604";"0,000";"8,787";"0,000";"9,930";"0,000";"28,320";"0,000";"0,748";"0,000";"0,000";"0,600";"9,604";"8,787";"9,930";"28,320";"0,000";"0,000";"0,000";
"12/11/2024 06:50";"8,973";"0,000";"8,333";"0,000";"9,523";"0,000";"26,828";"0,000";"0,771";"0,000";"0,000";"0,704";"8,973";"8,333";"9,523";"26,828";"0,000";"0,000";"0,000";
"12/11/2024 07:00";"9,368";"0,000";"8,523";"0,000";"9,698";"0,000";"27,589";"0,000";"0,654";"0,000";"0,000";"0,356";"9,368";"8,523";"9,698";"27,589";"0,000";"0,000";"0,000";
"12/11/2024 07:10";"8,884";"0,000";"8,091";"0,000";"9,195";"0,000";"26,171";"0,000";"0,370";"0,000";"0,000";"0,659";"8,884";"8,091";"9,195";"26,171";"0,000";"0,000";"0,000";
"12/11/2024 07:20";"8,231";"0,000";"7,820";"0,000";"8,522";"0,000";"24,573";"0,000";"0,966";"0,000";"0,000";"0,342";"8,231";"7,820";"8,522";"24,573";"0,000";"0,000";"0,000";
"12/11/2024 07:30";"7,693";"0,000";"7,340";"0,000";"8,135";"0,000";"23,168";"0,000";"0,408";"0,000";"0,000";"0,795";"7,693";"7,340";"8,135";"23,168";"0,000";"0,000";"0,000";
"12/11/2024 07:40";"7,071";"0,000";"6,882";"0,000";"7,490";"0,000";"21,443";"0,000";"0,293";"0,000";"0,000";"0,675";"7,071";"6,882";"7,490";"21,443";"0,000";"0,000";"0,000";
"12/11/2024 07:50";"7,018";"0,000";"6,825";"0,000";"7,488";"0,000";"21,331";"0,000";"0,351";"0,000";"0,000";"0,638";"7,018";"6,825";"7,488";"21,331";"0,000";"0,000";"0,000";
"12/11/2024 08:00";"6,654";"0,000";"6,138";"0,000";"6,925";"0,000";"19,717";"0,000";"0,547";"0,000";"0,000";"0,698";"6,654";"6,138";"6,925";"19,717";"0,000";"0,000";"0,000";
"12/11/2024 08:10";"7,705";"0,000";"6,916";"0,000";"7,751";"0,000";"22,372";"0,000";"0,821";"0,000";"0,000";"0,534";"7,705";"6,916";"7,751";"22,372";"0,000";"0,000";"0,000";
"12/11/2024 08:20";"8,243";"0,000";"7,644";"0,000";"8,364";"0,000";"24,251";"0,000";"0,947";"0,000";"0,000";"0,464";"8,249";"7,650";"8,369";"24,268";"0,017";"0,009";"0,008";
"12/11/2024 08:30";"8,008";"0,000";"7,531";"0,000";"8,280";"0,000";"23,820";"0,000";"0,887";"0,000";"0,000";"0,498";"8,064";"7,587";"8,335";"23,986";"0,166";"0,087";"0,079";
"12/11/2024 08:40";"7,691";"0,000";"7,151";"0,000";"8,019";"0,000";"22,861";"0,000";"0,557";"0,000";"0,000";"0,667";"7,755";"7,215";"8,083";"23,052";"0,191";"0,100";"0,091";
"12/11/2024 08:50";"7,981";"0,000";"7,375";"0,000";"8,160";"0,000";"23,515";"0,000";"1,202";"0,000";"0,000";"0,673";"8,067";"7,461";"8,246";"23,774";"0,259";"0,135";"0,124";
"12/11/2024 09:00";"8,350";"0,000";"7,362";"0,000";"8,463";"0,000";"24,175";"0,000";"0,717";"0,000";"0,000";"0,772";"8,447";"7,459";"8,561";"24,467";"0,292";"0,155";"0,137";
"12/11/2024 09:10";"7,957";"0,000";"7,084";"0,000";"8,073";"0,000";"23,114";"0,000";"1,325";"0,000";"0,000";"0,567";"8,170";"7,298";"8,287";"23,755";"0,641";"0,351";"0,290";
"12/11/2024 09:20";"7,809";"0,000";"7,114";"0,000";"8,185";"0,000";"23,108";"0,000";"0,681";"0,000";"0,000";"0,739";"8,168";"7,473";"8,544";"24,186";"1,078";"0,698";"0,380";
"12/11/2024 09:30";"8,342";"0,000";"7,429";"0,000";"8,532";"0,000";"24,303";"0,000";"0,484";"0,000";"0,000";"0,695";"8,833";"7,919";"9,022";"25,774";"1,471";"0,876";"0,595";
"12/11/2024 09:40";"7,865";"0,000";"7,242";"0,000";"8,134";"0,000";"23,240";"0,000";"0,500";"0,000";"0,000";"0,506";"8,480";"7,858";"8,749";"25,087";"1,847";"1,039";"0,808";
"12/11/2024 09:50";"6,707";"0,000";"5,871";"0,000";"7,134";"0,000";"19,712";"0,000";"0,296";"0,000";"0,000";"0,870";"7,464";"6,628";"7,891";"21,983";"2,271";"1,268";"1,003";
"12/11/2024 10:00";"6,334";"0,000";"5,468";"0,000";"6,277";"0,000";"18,079";"0,000";"0,390";"0,000";"0,000";"0,655";"7,184";"6,318";"7,127";"20,628";"2,549";"1,417";"1,132";
"12/11/2024 10:10";"6,656";"0,000";"5,374";"0,000";"6,288";"0,000";"18,317";"0,000";"0,158";"0,000";"0,000";"0,979";"7,601";"6,319";"7,233";"21,153";"2,836";"1,574";"1,262";
"12/11/2024 10:20";"7,436";"0,000";"6,542";"0,000";"7,191";"0,000";"21,169";"0,000";"0,449";"0,000";"0,000";"0,641";"8,459";"7,565";"8,214";"24,238";"3,069";"1,701";"1,368";
"12/11/2024 10:30";"9,266";"0,000";"8,227";"0,000";"9,591";"0,000";"27,084";"0,000";"1,610";"0,000";"0,000";"0,366";"10,265";"9,227";"10,590";"30,083";"2,999";"1,645";"1,354";
"12/11/2024 10:40";"8,217";"0,000";"7,465";"0,000";"8,639";"0,000";"24,321";"0,000";"0,624";"0,000";"0,000";"0,666";"9,563";"8,810";"9,985";"28,358";"4,037";"2,119";"1,918";
"12/11/2024 10:50";"9,115";"0,000";"8,325";"0,000";"9,053";"0,000";"26,492";"0,000";"1,779";"0,000";"0,000";"0,191";"10,613";"9,823";"10,551";"30,987";"4,495";"2,266";"2,229";
"12/11/2024 11:00";"8,473";"0,000";"7,768";"0,000";"8,387";"0,000";"24,628";"0,000";"0,891";"0,000";"0,000";"0,514";"10,103";"9,398";"10,017";"29,518";"4,890";"2,457";"2,433";
"12/11/2024 11:10";"7,164";"0,000";"6,398";"0,000";"7,591";"0,000";"21,153";"0,000";"0,312";"0,000";"0,000";"1,353";"8,958";"8,192";"9,385";"26,535";"5,382";"2,703";"2,679";
"12/11/2024 11:20";"7,836";"0,000";"7,142";"0,000";"8,536";"0,000";"23,514";"0,000";"0,704";"0,000";"0,000";"0,499";"9,799";"9,105";"10,498";"29,403";"5,888";"2,961";"2,927";
"12/11/2024 11:30";"7,388";"0,000";"6,564";"0,000";"7,786";"0,000";"21,738";"0,000";"0,548";"0,000";"0,000";"0,798";"8,964";"8,141";"9,363";"26,468";"4,730";"2,394";"2,336";
"12/11/2024 11:40";"8,119";"0,000";"7,063";"0,000";"8,225";"0,000";"23,408";"0,000";"0,502";"0,000";"0,000";"0,851";"10,006";"8,950";"10,112";"29,069";"5,661";"2,865";"2,796";
"12/11/2024 11:50";"8,204";"0,000";"7,258";"0,000";"8,375";"0,000";"23,837";"0,000";"0,604";"0,000";"0,000";"0,676";"10,157";"9,211";"10,327";"29,694";"5,857";"2,965";"2,892";
"12/11/2024 12:00";"7,907";"0,000";"6,893";"0,000";"8,013";"0,000";"22,813";"0,000";"0,468";"0,000";"0,000";"0,952";"9,978";"8,964";"10,084";"29,026";"6,213";"3,143";"3,070";
"12/11/2024 12:10";"8,660";"0,000";"7,989";"0,000";"8,981";"0,000";"25,629";"0,000";"1,041";"0,000";"0,000";"0,439";"10,628";"9,957";"10,949";"31,533";"5,904";"2,988";"2,916";
"12/11/2024 12:20";"8,534";"0,000";"7,679";"0,000";"8,977";"0,000";"25,191";"0,000";"0,798";"0,000";"0,000";"0,864";"10,413";"9,558";"10,856";"30,828";"5,637";"2,853";"2,784";
"12/11/2024 12:30";"8,421";"0,000";"7,466";"0,000";"8,893";"0,000";"24,780";"0,000";"0,612";"0,000";"0,000";"1,064";"10,628";"9,673";"11,100";"31,401";"6,621";"3,346";"3,275";
"12/11/2024 12:40";"9,192";"0,000";"8,128";"0,000";"9,519";"0,000";"26,839";"0,000";"0,637";"0,000";"0,000";"0,597";"11,701";"10,637";"12,028";"34,365";"7,526";"3,794";"3,732";
"12/11/2024 12:50";"10,491";"0,000";"9,503";"0,000";"10,673";"0,000";"30,667";"0,000";"2,813";"0,000";"0,000";"0,049";"12,662";"11,674";"12,844";"37,180";"6,513";"3,303";"3,210";
"12/11/2024 13:00";"8,607";"0,000";"7,915";"0,000";"9,121";"0,000";"25,643";"0,000";"1,181";"0,000";"0,000";"0,376";"10,408";"9,716";"10,922";"31,047";"5,404";"2,754";"2,650";
"12/11/2024 13:10";"6,883";"0,000";"6,214";"0,000";"7,333";"0,000";"20,430";"0,000";"0,647";"0,000";"0,000";"0,447";"8,240";"7,571";"8,690";"24,501";"4,071";"2,082";"1,989";
"12/11/2024 13:20";"6,971";"0,000";"6,249";"0,000";"7,407";"0,000";"20,627";"0,000";"0,505";"0,000";"0,000";"0,728";"9,052";"8,330";"9,488";"26,870";"6,243";"3,199";"3,044";
"12/11/2024 13:30";"3,566";"0,000";"2,920";"0,000";"3,650";"0,000";"10,136";"0,000";"0,315";"0,000";"0,000";"0,573";"5,889";"5,243";"5,974";"17,106";"6,970";"3,563";"3,407";
"12/11/2024 13:40";"2,010";"0,000";"1,473";"0,000";"1,691";"0,000";"5,174";"0,000";"0,163";"0,000";"0,000";"0,129";"4,288";"3,751";"3,970";"12,009";"6,835";"3,492";"3,343";
"12/11/2024 13:50";"0,970";"0,000";"0,599";"0,000";"0,930";"0,000";"2,499";"0,000";"0,004";"0,000";"0,000";"0,313";"3,184";"2,814";"3,144";"9,142";"6,643";"3,393";"3,250";
"12/11/2024 14:00";"0,843";"0,000";"0,613";"0,000";"0,679";"0,000";"2,135";"0,000";"0,000";"0,000";"0,000";"0,242";"2,866";"2,636";"2,701";"8,203";"6,068";"3,103";"2,965";
"12/11/2024 14:10";"0,818";"0,000";"0,570";"0,000";"0,601";"0,000";"1,988";"0,000";"0,000";"0,000";"0,000";"0,167";"2,364";"2,115";"2,146";"6,625";"4,637";"2,363";"2,274";
"12/11/2024 14:20";"0,909";"0,000";"0,701";"0,000";"0,775";"0,000";"2,385";"0,000";"0,072";"0,000";"0,000";"0,254";"2,410";"2,202";"2,276";"6,888";"4,503";"2,308";"2,195";
"12/11/2024 14:30";"0,749";"0,000";"0,545";"0,000";"0,571";"0,000";"1,865";"0,000";"0,000";"0,000";"0,000";"0,195";"1,918";"1,715";"1,740";"5,373";"3,508";"1,805";"1,703";
"12/11/2024 14:40";"0,780";"0,000";"0,533";"0,000";"0,577";"0,000";"1,889";"0,000";"0,000";"0,000";"0,000";"0,174";"2,346";"2,098";"2,142";"6,586";"4,697";"2,402";"2,295";
"12/11/2024 14:50";"0,831";"0,000";"0,640";"0,000";"0,734";"0,000";"2,205";"0,000";"0,071";"0,000";"0,000";"0,296";"2,572";"2,381";"2,475";"7,429";"5,224";"2,669";"2,555";
"12/11/2024 15:00";"0,807";"0,000";"0,589";"0,000";"0,607";"0,000";"2,003";"0,000";"0,000";"0,000";"0,000";"0,146";"2,369";"2,151";"2,169";"6,689";"4,686";"2,392";"2,294";
"12/11/2024 15:10";"0,779";"0,000";"0,522";"0,000";"0,633";"0,000";"1,934";"0,000";"0,001";"0,000";"0,000";"0,156";"2,434";"2,178";"2,289";"6,900";"4,966";"2,537";"2,429";
"12/11/2024 15:20";"0,673";"0,000";"0,437";"0,000";"0,559";"0,000";"1,670";"0,000";"0,000";"0,000";"0,000";"0,210";"2,231";"1,996";"2,118";"6,345";"4,675";"2,392";"2,283";
"12/11/2024 15:30";"0,800";"0,000";"0,622";"0,000";"0,750";"0,000";"2,172";"0,000";"0,076";"0,000";"0,000";"0,216";"2,292";"2,114";"2,242";"6,648";"4,476";"2,291";"2,185";
"12/11/2024 15:40";"0,944";"0,000";"0,428";"0,000";"0,596";"0,000";"1,968";"0,000";"0,010";"0,000";"0,000";"0,081";"2,056";"1,539";"1,707";"5,302";"3,334";"1,710";"1,624";
"12/11/2024 15:50";"0,816";"0,000";"0,522";"0,000";"0,631";"0,000";"1,969";"0,000";"0,007";"0,000";"0,000";"0,073";"1,922";"1,628";"1,737";"5,287";"3,318";"1,700";"1,618";
"12/11/2024 16:00";"1,160";"0,000";"0,560";"0,000";"0,769";"0,000";"2,489";"0,000";"0,036";"0,000";"0,000";"0,139";"1,851";"1,251";"1,460";"4,562";"2,073";"1,059";"1,014";
"12/11/2024 16:10";"1,213";"0,000";"0,440";"0,000";"0,648";"0,000";"2,301";"0,000";"0,000";"0,000";"0,000";"0,183";"2,129";"1,355";"1,563";"5,048";"2,747";"1,407";"1,340";
"12/11/2024 16:20";"0,703";"0,000";"0,421";"0,000";"0,586";"0,000";"1,710";"0,000";"0,000";"0,000";"0,000";"0,197";"1,618";"1,336";"1,502";"4,456";"2,746";"1,406";"1,340";
"12/11/2024 16:30";"0,750";"0,000";"0,415";"0,000";"0,599";"0,000";"1,764";"0,000";"0,047";"0,000";"0,000";"0,247";"1,534";"1,199";"1,382";"4,115";"2,351";"1,206";"1,145";
"12/11/2024 16:40";"0,881";"0,000";"0,625";"0,000";"0,870";"0,000";"2,377";"0,000";"0,027";"0,000";"0,000";"0,116";"1,601";"1,345";"1,590";"4,536";"2,159";"1,108";"1,051";
"12/11/2024 16:50";"0,810";"0,000";"0,438";"0,000";"0,607";"0,000";"1,855";"0,000";"0,000";"0,000";"0,000";"0,124";"1,480";"1,109";"1,277";"3,866";"2,011";"1,029";"0,982";
"12/11/2024 17:00";"0,715";"0,000";"0,377";"0,000";"0,554";"0,000";"1,646";"0,000";"0,000";"0,000";"0,000";"0,182";"1,123";"0,786";"0,962";"2,871";"1,225";"0,629";"0,596";
"12/11/2024 17:10";"0,887";"0,000";"0,637";"0,000";"0,784";"0,000";"2,308";"0,000";"0,057";"0,000";"0,000";"0,147";"1,170";"0,920";"1,067";"3,156";"0,848";"0,437";"0,411";
"12/11/2024 17:20";"1,014";"0,000";"0,535";"0,000";"0,633";"0,000";"2,182";"0,000";"0,000";"0,000";"0,000";"0,128";"1,201";"0,721";"0,819";"2,742";"0,560";"0,288";"0,272";
"12/11/2024 17:30";"0,746";"0,000";"0,391";"0,000";"0,552";"0,000";"1,689";"0,000";"0,000";"0,000";"0,000";"0,225";"0,839";"0,484";"0,645";"1,967";"0,278";"0,145";"0,133";
"12/11/2024 17:40";"0,743";"0,000";"0,597";"0,000";"0,749";"0,000";"2,089";"0,000";"0,036";"0,000";"0,000";"0,216";"0,806";"0,659";"0,812";"2,277";"0,188";"0,099";"0,089";
"12/11/2024 17:50";"0,614";"0,000";"0,401";"0,000";"0,537";"0,000";"1,552";"0,000";"0,000";"0,000";"0,000";"0,227";"0,653";"0,440";"0,576";"1,669";"0,117";"0,062";"0,055";
"12/11/2024 18:00";"0,665";"0,000";"0,427";"0,000";"0,556";"0,000";"1,648";"0,000";"0,000";"0,000";"0,000";"0,201";"0,682";"0,445";"0,574";"1,701";"0,053";"0,028";"0,025";
"12/11/2024 18:10";"0,835";"0,000";"0,665";"0,000";"0,833";"0,000";"2,333";"0,000";"0,078";"0,000";"0,000";"0,215";"0,837";"0,667";"0,835";"2,339";"0,006";"0,003";"0,003";
"12/11/2024 18:20";"0,698";"0,000";"0,466";"0,000";"0,618";"0,000";"1,783";"0,000";"0,000";"0,000";"0,000";"0,145";"0,698";"0,466";"0,618";"1,783";"0,000";"0,000";"0,000";
"12/11/2024 18:30";"0,692";"0,000";"0,527";"0,000";"0,625";"0,000";"1,844";"0,000";"0,000";"0,000";"0,000";"0,150";"0,692";"0,527";"0,625";"1,844";"0,000";"0,000";"0,000";
"12/11/2024 18:40";"0,814";"0,000";"0,686";"0,000";"0,846";"0,000";"2,347";"0,000";"0,034";"0,000";"0,000";"0,285";"0,814";"0,686";"0,846";"2,347";"0,000";"0,000";"0,000";
"12/11/2024 18:50";"0,841";"0,000";"0,581";"0,000";"0,725";"0,000";"2,147";"0,000";"0,000";"0,000";"0,000";"0,220";"0,841";"0,581";"0,725";"2,147";"0,000";"0,000";"0,000";
"12/11/2024 19:00";"0,758";"0,000";"0,640";"0,000";"0,778";"0,000";"2,177";"0,000";"0,000";"0,000";"0,000";"0,194";"0,758";"0,640";"0,778";"2,177";"0,000";"0,000";"0,000";
"12/11/2024 19:10";"1,057";"0,000";"0,663";"0,000";"0,892";"0,000";"2,611";"0,000";"0,037";"0,000";"0,000";"0,262";"1,057";"0,663";"0,892";"2,611";"0,000";"0,000";"0,000";
"12/11/2024 19:20";"0,629";"0,000";"0,490";"0,000";"0,663";"0,000";"1,782";"0,000";"0,000";"0,000";"0,000";"0,270";"0,629";"0,490";"0,663";"1,782";"0,000";"0,000";"0,000";
"12/11/2024 19:30";"0,727";"0,000";"0,583";"0,000";"0,730";"0,000";"2,039";"0,000";"0,000";"0,000";"0,000";"0,210";"0,727";"0,583";"0,730";"2,039";"0,000";"0,000";"0,000";
"12/11/2024 19:40";"1,070";"0,000";"0,670";"0,000";"0,906";"0,000";"2,647";"0,000";"0,074";"0,000";"0,000";"0,318";"1,070";"0,670";"0,906";"2,647";"0,000";"0,000";"0,000";
"12/11/2024 19:50";"0,624";"0,000";"0,466";"0,000";"0,664";"0,000";"1,754";"0,000";"0,000";"0,000";"0,000";"0,280";"0,624";"0,466";"0,664";"1,754";"0,000";"0,000";"0,000";
"12/11/2024 20:00";"0,586";"0,000";"0,484";"0,000";"0,664";"0,000";"1,734";"0,000";"0,000";"0,000";"0,000";"0,268";"0,586";"0,484";"0,664";"1,734";"0,000";"0,000";"0,000";
"12/11/2024 20:10";"0,498";"0,000";"0,668";"0,000";"0,846";"0,000";"2,012";"0,000";"0,095";"0,000";"0,000";"0,280";"0,498";"0,668";"0,846";"2,012";"0,000";"0,000";"0,000";
"12/11/2024 20:20";"0,442";"0,000";"0,534";"0,000";"0,716";"0,000";"1,692";"0,000";"0,000";"0,000";"0,000";"0,209";"0,442";"0,534";"0,716";"1,692";"0,000";"0,000";"0,000";
"12/11/2024 20:30";"0,527";"0,000";"0,631";"0,000";"0,771";"0,000";"1,929";"0,000";"0,000";"0,000";"0,000";"0,192";"0,527";"0,631";"0,771";"1,929";"0,000";"0,000";"0,000";
"12/11/2024 20:40";"0,868";"0,000";"0,720";"0,000";"0,997";"0,000";"2,584";"0,000";"0,074";"0,000";"0,000";"0,338";"0,868";"0,720";"0,997";"2,584";"0,000";"0,000";"0,000";
"12/11/2024 20:50";"0,663";"0,000";"0,472";"0,000";"0,681";"0,000";"1,816";"0,000";"0,000";"0,000";"0,000";"0,265";"0,663";"0,472";"0,681";"1,816";"0,000";"0,000";"0,000";
"12/11/2024 21:00";"0,587";"0,000";"0,637";"0,000";"0,749";"0,000";"1,973";"0,000";"0,000";"0,000";"0,000";"0,185";"0,587";"0,637";"0,749";"1,973";"0,000";"0,000";"0,000";
"12/11/2024 21:10";"0,587";"0,000";"0,662";"0,000";"0,857";"0,000";"2,106";"0,000";"0,071";"0,000";"0,000";"0,298";"0,587";"0,662";"0,857";"2,106";"0,000";"0,000";"0,000";
"12/11/2024 21:20";"0,395";"0,000";"0,483";"0,000";"0,646";"0,000";"1,524";"0,000";"0,000";"0,000";"0,000";"0,280";"0,395";"0,483";"0,646";"1,524";"0,000";"0,000";"0,000";
"12/11/2024 21:30";"0,460";"0,000";"0,591";"0,000";"0,706";"0,000";"1,756";"0,000";"0,000";"0,000";"0,000";"0,220";"0,460";"0,591";"0,706";"1,756";"0,000";"0,000";"0,000";
"12/11/2024 21:40";"1,027";"0,000";"0,783";"0,000";"0,917";"0,000";"2,727";"0,000";"0,074";"0,000";"0,000";"0,292";"1,027";"0,783";"0,917";"2,727";"0,000";"0,000";"0,000";
"12/11/2024 21:50";"0,569";"0,000";"0,499";"0,000";"0,636";"0,000";"1,704";"0,000";"0,000";"0,000";"0,000";"0,288";"0,569";"0,499";"0,636";"1,704";"0,000";"0,000";"0,000";
"12/11/2024 22:00";"0,604";"0,000";"0,517";"0,000";"0,650";"0,000";"1,771";"0,000";"0,000";"0,000";"0,000";"0,260";"0,604";"0,517";"0,650";"1,771";"0,000";"0,000";"0,000";
"12/11/2024 22:10";"0,870";"0,000";"0,768";"0,000";"0,943";"0,000";"2,580";"0,000";"0,081";"0,000";"0,000";"0,247";"0,870";"0,768";"0,943";"2,580";"0,000";"0,000";"0,000";
"12/11/2024 22:20";"0,664";"0,000";"0,510";"0,000";"0,671";"0,000";"1,845";"0,000";"0,000";"0,000";"0,000";"0,270";"0,664";"0,510";"0,671";"1,845";"0,000";"0,000";"0,000";
"12/11/2024 22:30";"0,717";"0,000";"0,597";"0,000";"0,717";"0,000";"2,032";"0,000";"0,000";"0,000";"0,000";"0,216";"0,717";"0,597";"0,717";"2,032";"0,000";"0,000";"0,000";
"12/11/2024 22:40";"0,548";"0,000";"0,608";"0,000";"0,841";"0,000";"1,996";"0,000";"0,075";"0,000";"0,000";"0,348";"0,548";"0,608";"0,841";"1,996";"0,000";"0,000";"0,000";
"12/11/2024 22:50";"0,416";"0,000";"0,506";"0,000";"0,659";"0,000";"1,582";"0,000";"0,000";"0,000";"0,000";"0,272";"0,416";"0,506";"0,659";"1,582";"0,000";"0,000";"0,000";
"12/11/2024 23:00";"0,541";"0,000";"0,648";"0,000";"0,792";"0,000";"1,982";"0,000";"0,000";"0,000";"0,000";"0,371";"0,541";"0,648";"0,792";"1,982";"0,000";"0,000";"0,000";
"12/11/2024 23:10";"0,698";"0,000";"0,744";"0,000";"0,938";"0,000";"2,380";"0,000";"0,093";"0,000";"0,000";"0,301";"0,698";"0,744";"0,938";"2,380";"0,000";"0,000";"0,000";
"12/11/2024 23:20";"0,747";"0,000";"0,605";"0,000";"0,735";"0,000";"2,086";"0,000";"0,000";"0,000";"0,000";"0,244";"0,747";"0,605";"0,735";"2,086";"0,000";"0,000";"0,000";
"12/11/2024 23:30";"0,443";"0,000";"0,454";"0,000";"0,658";"0,000";"1,555";"0,000";"0,000";"0,000";"0,000";"0,292";"0,443";"0,454";"0,658";"1,555";"0,000";"0,000";"0,000";
"12/11/2024 23:40";"0,732";"0,000";"0,681";"0,000";"0,838";"0,000";"2,251";"0,000";"0,074";"0,000";"0,000";"0,356";"0,732";"0,681";"0,838";"2,251";"0,000";"0,000";"0,000";
"12/11/2024 23:50";"0,690";"0,000";"0,600";"0,000";"0,774";"0,000";"2,065";"0,000";"0,000";"0,000";"0,000";"0,248";"0,690";"0,600";"0,774";"2,065";"0,000";"0,000";"0,000";
"13/11/2024 00:00";"0,677";"0,000";"0,554";"0,000";"0,682";"0,000";"1,912";"0,000";"0,000";"0,000";"0,000";"0,257";"0,677";"0,554";"0,682";"1,912";"0,000";"0,000";"0,000";
"13/11/2024 00:10";"0,611";"0,000";"0,715";"0,000";"0,909";"0,000";"2,234";"0,000";"0,081";"0,000";"0,000";"0,379";"0,611";"0,715";"0,909";"2,234";"0,000";"0,000";"0,000";
"13/11/2024 00:20";"0,662";"0,000";"0,621";"0,000";"0,772";"0,000";"2,054";"0,000";"0,000";"0,000";"0,000";"0,354";"0,662";"0,621";"0,772";"2,054";"0,000";"0,000";"0,000";
"13/11/2024 00:30";"0,504";"0,000";"0,597";"0,000";"0,768";"0,000";"1,869";"0,000";"0,000";"0,000";"0,000";"0,339";"0,504";"0,597";"0,768";"1,869";"0,000";"0,000";"0,000";
"13/11/2024 00:40";"0,663";"0,000";"0,693";"0,000";"0,940";"0,000";"2,297";"0,000";"0,095";"0,000";"0,000";"0,372";"0,663";"0,693";"0,940";"2,297";"0,000";"0,000";"0,000";
"13/11/2024 00:50";"0,672";"0,000";"0,585";"0,000";"0,812";"0,000";"2,068";"0,000";"0,000";"0,000";"0,000";"0,317";"0,672";"0,585";"0,812";"2,068";"0,000";"0,000";"0,000";
"13/11/2024 01:00";"0,556";"0,000";"0,613";"0,000";"0,788";"0,000";"1,957";"0,000";"0,000";"0,000";"0,000";"0,379";"0,556";"0,613";"0,788";"1,957";"0,000";"0,000";"0,000";
"13/11/2024 01:10";"0,516";"0,000";"0,683";"0,000";"0,860";"0,000";"2,059";"0,000";"0,035";"0,000";"0,000";"0,279";"0,516";"0,683";"0,860";"2,059";"0,000";"0,000";"0,000";
"13/11/2024 01:20";"0,404";"0,000";"0,469";"0,000";"0,659";"0,000";"1,532";"0,000";"0,000";"0,000";"0,000";"0,266";"0,404";"0,469";"0,659";"1,532";"0,000";"0,000";"0,000";
"13/11/2024 01:30";"0,600";"0,000";"0,582";"0,000";"0,746";"0,000";"1,927";"0,000";"0,000";"0,000";"0,000";"0,242";"0,600";"0,582";"0,746";"1,927";"0,000";"0,000";"0,000";
"13/11/2024 01:40";"1,238";"0,000";"0,938";"0,000";"0,930";"0,000";"3,106";"0,000";"0,075";"0,000";"0,000";"0,361";"1,238";"0,938";"0,930";"3,106";"0,000";"0,000";"0,000";
"13/11/2024 01:50";"0,987";"0,000";"0,478";"0,000";"0,667";"0,000";"2,132";"0,000";"0,000";"0,000";"0,000";"0,299";"0,987";"0,478";"0,667";"2,132";"0,000";"0,000";"0,000";
"13/11/2024 02:00";"0,623";"0,000";"0,648";"0,000";"0,795";"0,000";"2,066";"0,000";"0,000";"0,000";"0,000";"0,348";"0,623";"0,648";"0,795";"2,066";"0,000";"0,000";"0,000";
"13/11/2024 02:10";"0,611";"0,000";"0,739";"0,000";"0,935";"0,000";"2,285";"0,000";"0,071";"0,000";"0,000";"0,432";"0,611";"0,739";"0,935";"2,285";"0,000";"0,000";"0,000";
"13/11/2024 02:20";"0,498";"0,000";"0,586";"0,000";"0,771";"0,000";"1,855";"0,000";"0,000";"0,000";"0,000";"0,309";"0,498";"0,586";"0,771";"1,855";"0,000";"0,000";"0,000";
"13/11/2024 02:30";"0,448";"0,000";"0,542";"0,000";"0,716";"0,000";"1,705";"0,000";"0,000";"0,000";"0,000";"0,268";"0,448";"0,542";"0,716";"1,705";"0,000";"0,000";"0,000";
"13/11/2024 02:40";"0,677";"0,000";"0,777";"0,000";"1,000";"0,000";"2,454";"0,000";"0,083";"0,000";"0,000";"0,250";"0,677";"0,777";"1,000";"2,454";"0,000";"0,000";"0,000";
"13/11/2024 02:50";"0,701";"0,000";"0,629";"0,000";"0,829";"0,000";"2,158";"0,000";"0,000";"0,000";"0,000";"0,392";"0,701";"0,629";"0,829";"2,158";"0,000";"0,000";"0,000";
"13/11/2024 03:00";"0,983";"0,000";"0,738";"0,000";"0,776";"0,000";"2,497";"0,000";"0,000";"0,000";"0,000";"0,340";"0,983";"0,738";"0,776";"2,497";"0,000";"0,000";"0,000";
"13/11/2024 03:10";"0,647";"0,000";"0,763";"0,000";"1,075";"0,000";"2,486";"0,000";"0,077";"0,000";"0,000";"0,386";"0,647";"0,763";"1,075";"2,486";"0,000";"0,000";"0,000";
"13/11/2024 03:20";"0,479";"0,000";"0,578";"0,000";"0,860";"0,000";"1,917";"0,000";"0,000";"0,000";"0,000";"0,309";"0,479";"0,578";"0,860";"1,917";"0,000";"0,000";"0,000";
"13/11/2024 03:30";"0,518";"0,000";"0,615";"0,000";"0,761";"0,000";"1,894";"0,000";"0,000";"0,000";"0,000";"0,238";"0,518";"0,615";"0,761";"1,894";"0,000";"0,000";"0,000";
"13/11/2024 03:40";"0,786";"0,000";"0,730";"0,000";"0,985";"0,000";"2,500";"0,000";"0,074";"0,000";"0,000";"0,401";"0,786";"0,730";"0,985";"2,500";"0,000";"0,000";"0,000";
"13/11/2024 03:50";"0,765";"0,000";"0,669";"0,000";"0,837";"0,000";"2,271";"0,000";"0,000";"0,000";"0,000";"0,323";"0,765";"0,669";"0,837";"2,271";"0,000";"0,000";"0,000";
"13/11/2024 04:00";"0,905";"0,000";"0,546";"0,000";"0,758";"0,000";"2,209";"0,000";"0,000";"0,000";"0,000";"0,312";"0,905";"0,546";"0,758";"2,209";"0,000";"0,000";"0,000";
"13/11/2024 04:10";"0,590";"0,000";"0,743";"0,000";"0,946";"0,000";"2,280";"0,000";"0,072";"0,000";"0,000";"0,393";"0,590";"0,743";"0,946";"2,280";"0,000";"0,000";"0,000";
"13/11/2024 04:20";"0,481";"0,000";"0,568";"0,000";"0,782";"0,000";"1,831";"0,000";"0,000";"0,000";"0,000";"0,254";"0,481";"0,568";"0,782";"1,831";"0,000";"0,000";"0,000";
"13/11/2024 04:30";"0,519";"0,000";"0,629";"0,000";"0,770";"0,000";"1,918";"0,000";"0,000";"0,000";"0,000";"0,173";"0,519";"0,629";"0,770";"1,918";"0,000";"0,000";"0,000";
"13/11/2024 04:40";"0,587";"0,000";"0,687";"0,000";"0,901";"0,000";"2,175";"0,000";"0,074";"0,000";"0,000";"0,317";"0,587";"0,687";"0,901";"2,175";"0,000";"0,000";"0,000";
"13/11/2024 04:50";"0,496";"0,000";"0,645";"0,000";"0,802";"0,000";"1,944";"0,000";"0,000";"0,000";"0,000";"0,208";"0,496";"0,645";"0,802";"1,944";"0,000";"0,000";"0,000";
"13/11/2024 05:00";"0,506";"0,000";"0,580";"0,000";"0,876";"0,000";"1,962";"0,000";"0,000";"0,000";"0,000";"0,241";"0,506";"0,580";"0,876";"1,962";"0,000";"0,000";"0,000";
"13/11/2024 05:10";"0,638";"0,000";"0,733";"0,000";"1,044";"0,000";"2,415";"0,000";"0,040";"0,000";"0,000";"0,173";"0,638";"0,733";"1,044";"2,415";"0,000";"0,000";"0,000";
"13/11/2024 05:20";"0,790";"0,000";"0,785";"0,000";"0,918";"0,000";"2,493";"0,000";"0,012";"0,000";"0,000";"0,138";"0,790";"0,785";"0,918";"2,493";"0,000";"0,000";"0,000";
"13/11/2024 05:30";"1,413";"0,000";"1,204";"0,000";"1,182";"0,000";"3,800";"0,000";"0,017";"0,000";"0,000";"0,066";"1,413";"1,204";"1,182";"3,800";"0,000";"0,000";"0,000";
"13/11/2024 05:40";"1,790";"0,000";"1,513";"0,000";"1,628";"0,000";"4,931";"0,000";"0,080";"0,000";"0,000";"0,185";"1,790";"1,513";"1,628";"4,931";"0,000";"0,000";"0,000";
"13/11/2024 05:50";"1,993";"0,000";"1,786";"0,000";"1,894";"0,000";"5,673";"0,000";"0,008";"0,000";"0,000";"0,122";"1,993";"1,786";"1,894";"5,673";"0,000";"0,000";"0,000";
"13/11/2024 06:00";"5,739";"0,000";"4,947";"0,000";"5,834";"0,000";"16,520";"0,000";"1,031";"0,000";"0,000";"0,551";"5,739";"4,947";"5,834";"16,520";"0,000";"0,000";"0,000";
"13/11/2024 06:10";"9,518";"0,000";"8,470";"0,000";"9,782";"0,000";"27,770";"0,000";"0,068";"0,000";"0,000";"1,000";"9,518";"8,470";"9,782";"27,770";"0,000";"0,000";"0,000";
"13/11/2024 06:20";"10,331";"0,000";"10,120";"0,000";"10,512";"0,000";"30,963";"0,000";"0,157";"0,000";"0,000";"1,281";"10,331";"10,120";"10,512";"30,963";"0,000";"0,000";"0,000";
"13/11/2024 06:30";"8,994";"0,000";"9,214";"0,000";"9,513";"0,000";"27,721";"0,000";"0,266";"0,000";"0,000";"1,458";"8,994";"9,214";"9,513";"27,721";"0,000";"0,000";"0,000";
"13/11/2024 06:40";"8,679";"0,000";"8,604";"0,000";"9,100";"0,000";"26,383";"0,000";"0,169";"0,000";"0,000";"1,451";"8,679";"8,604";"9,100";"26,383";"0,000";"0,000";"0,000";
"13/11/2024 06:50";"8,512";"0,000";"8,537";"0,000";"8,941";"0,000";"25,990";"0,000";"0,291";"0,000";"0,000";"1,023";"8,512";"8,537";"8,941";"25,990";"0,000";"0,000";"0,000";
"13/11/2024 07:00";"8,703";"0,000";"9,170";"0,000";"9,281";"0,000";"27,155";"0,000";"0,407";"0,000";"0,000";"0,760";"8,703";"9,170";"9,281";"27,155";"0,000";"0,000";"0,000";
"13/11/2024 07:10";"8,644";"0,000";"9,253";"0,000";"9,368";"0,000";"27,265";"0,000";"0,488";"0,000";"0,000";"0,903";"8,644";"9,253";"9,368";"27,265";"0,000";"0,000";"0,000";
"13/11/2024 07:20";"7,550";"0,000";"8,204";"0,000";"7,978";"0,000";"23,732";"0,000";"0,635";"0,000";"0,000";"0,659";"7,550";"8,204";"7,978";"23,732";"0,000";"0,000";"0,000";
"13/11/2024 07:30";"8,463";"0,000";"8,993";"0,000";"8,507";"0,000";"25,963";"0,000";"0,619";"0,000";"0,000";"0,552";"8,463";"8,993";"8,507";"25,963";"0,000";"0,000";"0,000";
"13/11/2024 07:40";"8,159";"0,000";"8,302";"0,000";"8,204";"0,000";"24,665";"0,000";"0,418";"0,000";"0,000";"1,035";"8,159";"8,302";"8,204";"24,665";"0,000";"0,000";"0,000";
"13/11/2024 07:50";"8,532";"0,000";"8,968";"0,000";"8,828";"0,000";"26,328";"0,000";"0,399";"0,000";"0,000";"0,859";"8,532";"8,968";"8,828";"26,328";"0,000";"0,000";"0,000";
"13/11/2024 08:00";"9,097";"0,000";"9,063";"0,000";"9,034";"0,000";"27,194";"0,000";"0,238";"0,000";"0,000";"1,219";"9,097";"9,063";"9,034";"27,194";"0,000";"0,000";"0,000";
"13/11/2024 08:10";"9,246";"0,000";"9,116";"0,000";"9,072";"0,000";"27,433";"0,000";"0,695";"0,000";"0,000";"0,993";"9,246";"9,116";"9,072";"27,433";"0,000";"0,000";"0,000";
"13/11/2024 08:20";"8,752";"0,000";"9,011";"0,000";"9,016";"0,000";"26,779";"0,000";"0,428";"0,000";"0,000";"0,971";"8,752";"9,011";"9,016";"26,779";"0,000";"0,000";"0,000";
"13/11/2024 08:30";"8,004";"0,000";"8,517";"0,000";"8,414";"0,000";"24,935";"0,000";"0,367";"0,000";"0,000";"1,119";"8,004";"8,517";"8,414";"24,935";"0,000";"0,000";"0,000";
"13/11/2024 08:40";"7,687";"0,000";"8,435";"0,000";"8,122";"0,000";"24,245";"0,000";"0,592";"0,000";"0,000";"0,614";"7,687";"8,435";"8,122";"24,245";"0,000";"0,000";"0,000";
"13/11/2024 08:50";"8,130";"0,000";"8,439";"0,000";"8,417";"0,000";"24,986";"0,000";"0,492";"0,000";"0,000";"0,673";"8,130";"8,439";"8,417";"24,986";"0,000";"0,000";"0,000";
"13/11/2024 09:00";"7,867";"0,000";"8,104";"0,000";"8,064";"0,000";"24,036";"0,000";"0,469";"0,000";"0,000";"0,838";"7,867";"8,104";"8,064";"24,036";"0,000";"0,000";"0,000";
"13/11/2024 09:10";"6,797";"0,000";"6,835";"0,000";"6,853";"0,000";"20,485";"0,000";"0,261";"0,000";"0,000";"1,028";"6,797";"6,835";"6,853";"20,485";"0,000";"0,000";"0,000";
"13/11/2024 09:20";"6,653";"0,000";"6,492";"0,000";"6,996";"0,000";"20,140";"0,000";"0,534";"0,000";"0,000";"0,652";"6,653";"6,492";"6,996";"20,140";"0,000";"0,000";"0,000";
"13/11/2024 09:30";"7,667";"0,000";"7,527";"0,000";"8,212";"0,000";"23,406";"0,000";"0,921";"0,000";"0,000";"0,531";"7,667";"7,527";"8,212";"23,406";"0,000";"0,000";"0,000";
"13/11/2024 09:40";"7,701";"0,000";"7,197";"0,000";"8,130";"0,000";"23,028";"0,000";"0,654";"0,000";"0,000";"0,699";"7,701";"7,197";"8,130";"23,028";"0,000";"0,000";"0,000";
"13/11/2024 09:50";"4,630";"0,000";"3,946";"0,000";"5,046";"0,000";"13,621";"0,000";"0,155";"0,000";"0,000";"0,693";"4,630";"3,946";"5,046";"13,621";"0,000";"0,000";"0,000";
"13/11/2024 10:00";"4,512";"0,000";"3,911";"0,000";"4,734";"0,000";"13,158";"0,000";"0,137";"0,000";"0,000";"0,516";"5,224";"4,623";"5,446";"15,293";"2,135";"1,176";"0,959";
"13/11/2024 10:10";"3,972";"0,000";"3,494";"0,000";"4,249";"0,000";"11,715";"0,000";"0,134";"0,000";"0,000";"0,578";"4,368";"3,891";"4,646";"12,905";"1,190";"0,662";"0,528";
"13/11/2024 10:20";"8,131";"0,000";"7,516";"0,000";"8,524";"0,000";"24,171";"0,000";"1,031";"0,000";"0,000";"0,436";"9,078";"8,463";"9,471";"27,012";"2,841";"1,606";"1,235";
"13/11/2024 10:30";"10,105";"0,000";"9,322";"0,000";"10,530";"0,000";"29,956";"0,000";"1,019";"0,000";"0,000";"0,345";"11,238";"10,455";"11,663";"33,356";"3,400";"1,888";"1,512";
"13/11/2024 10:40";"9,871";"0,000";"9,323";"0,000";"10,372";"0,000";"29,565";"0,000";"1,167";"0,000";"0,000";"0,357";"11,191";"10,643";"11,693";"33,527";"3,962";"2,112";"1,850";
"13/11/2024 10:50";"8,535";"0,000";"7,783";"0,000";"9,061";"0,000";"25,380";"0,000";"0,851";"0,000";"0,000";"0,687";"10,058";"9,305";"10,584";"29,947";"4,567";"2,315";"2,252";
"13/11/2024 11:00";"8,112";"0,000";"7,541";"0,000";"8,855";"0,000";"24,508";"0,000";"1,265";"0,000";"0,000";"0,590";"9,712";"9,141";"10,456";"29,310";"4,802";"2,412";"2,390";
"13/11/2024 11:10";"8,947";"0,000";"8,400";"0,000";"9,637";"0,000";"26,984";"0,000";"1,396";"0,000";"0,000";"0,469";"10,605";"10,058";"11,296";"31,960";"4,976";"2,496";"2,480";
"13/11/2024 11:20";"9,035";"0,000";"8,344";"0,000";"9,547";"0,000";"26,926";"0,000";"1,453";"0,000";"0,000";"0,473";"10,772";"10,081";"11,284";"32,136";"5,210";"2,611";"2,599";
"13/11/2024 11:30";"9,129";"0,000";"8,557";"0,000";"9,411";"0,000";"27,097";"0,000";"0,556";"0,000";"0,000";"0,618";"10,958";"10,386";"11,241";"32,585";"5,488";"2,759";"2,729";
"13/11/2024 11:40";"8,821";"0,000";"8,102";"0,000";"9,280";"0,000";"26,203";"0,000";"0,446";"0,000";"0,000";"0,617";"10,746";"10,026";"11,205";"31,977";"5,774";"2,915";"2,859";
"13/11/2024 11:50";"8,671";"0,000";"8,088";"0,000";"9,293";"0,000";"26,052";"0,000";"0,622";"0,000";"0,000";"0,640";"10,657";"10,074";"11,279";"32,010";"5,958";"3,011";"2,947";
"13/11/2024 12:00";"8,434";"0,000";"7,904";"0,000";"9,353";"0,000";"25,691";"0,000";"0,585";"0,000";"0,000";"0,739";"10,473";"9,943";"11,392";"31,808";"6,117";"3,091";"3,026";
"13/11/2024 12:10";"8,676";"0,000";"7,852";"0,000";"8,745";"0,000";"25,274";"0,000";"0,436";"0,000";"0,000";"0,798";"10,750";"9,926";"10,819";"31,496";"6,222";"3,143";"3,079";
"13/11/2024 12:20";"8,196";"0,000";"7,616";"0,000";"8,113";"0,000";"23,925";"0,000";"0,392";"0,000";"0,000";"0,607";"10,324";"9,743";"10,240";"30,307";"6,382";"3,223";"3,159";
"13/11/2024 12:30";"9,051";"0,000";"8,537";"0,000";"9,156";"0,000";"26,744";"0,000";"0,816";"0,000";"0,000";"0,479";"11,205";"10,691";"11,311";"33,207";"6,463";"3,264";"3,199";
"13/11/2024 12:40";"8,732";"0,000";"8,136";"0,000";"9,207";"0,000";"26,074";"0,000";"0,877";"0,000";"0,000";"0,599";"10,929";"10,333";"11,404";"32,667";"6,593";"3,329";"3,264";
"13/11/2024 12:50";"8,974";"0,000";"8,173";"0,000";"9,448";"0,000";"26,596";"0,000";"0,452";"0,000";"0,000";"0,518";"11,193";"10,392";"11,667";"33,253";"6,657";"3,375";"3,282";
"13/11/2024 13:00";"8,693";"0,000";"8,334";"0,000";"9,451";"0,000";"26,478";"0,000";"0,754";"0,000";"0,000";"0,563";"10,884";"10,525";"11,643";"33,052";"6,574";"3,352";"3,222";
"13/11/2024 13:10";"8,031";"0,000";"7,324";"0,000";"8,157";"0,000";"23,512";"0,000";"0,968";"0,000";"0,000";"0,422";"10,219";"9,512";"10,346";"30,077";"6,565";"3,354";"3,211";
"13/11/2024 13:20";"7,951";"0,000";"7,173";"0,000";"8,137";"0,000";"23,260";"0,000";"0,702";"0,000";"0,000";"0,889";"10,121";"9,343";"10,307";"29,770";"6,510";"3,328";"3,182";
"13/11/2024 13:30";"5,395";"0,000";"4,568";"0,000";"5,523";"0,000";"15,487";"0,000";"0,287";"0,000";"0,000";"1,009";"7,543";"6,715";"7,671";"21,929";"6,442";"3,295";"3,147";
"13/11/2024 13:40";"2,008";"0,000";"1,372";"0,000";"1,767";"0,000";"5,147";"0,000";"0,157";"0,000";"0,000";"0,170";"4,138";"3,502";"3,897";"11,538";"6,391";"3,270";"3,121";
"13/11/2024 13:50";"1,110";"0,000";"0,803";"0,000";"1,142";"0,000";"3,055";"0,000";"0,042";"0,000";"0,000";"0,107";"3,211";"2,904";"3,242";"9,357";"6,302";"3,228";"3,074";
"13/11/2024 14:00";"0,965";"0,000";"0,676";"0,000";"0,858";"0,000";"2,499";"0,000";"0,006";"0,000";"0,000";"0,123";"3,038";"2,748";"2,930";"8,716";"6,217";"3,184";"3,033";
"13/11/2024 14:10";"0,941";"0,000";"0,609";"0,000";"0,694";"0,000";"2,244";"0,000";"0,070";"0,000";"0,000";"0,286";"2,963";"2,631";"2,717";"8,312";"6,068";"3,107";"2,961";
"13/11/2024 14:20";"0,957";"0,000";"0,671";"0,000";"0,765";"0,000";"2,393";"0,000";"0,000";"0,000";"0,000";"0,188";"2,946";"2,661";"2,754";"8,361";"5,968";"3,053";"2,915";
"13/11/2024 14:30";"0,819";"0,000";"0,503";"0,000";"0,578";"0,000";"1,900";"0,000";"0,000";"0,000";"0,000";"0,208";"2,751";"2,436";"2,510";"7,698";"5,798";"2,962";"2,836";
"13/11/2024 14:40";"0,801";"0,000";"0,546";"0,000";"0,582";"0,000";"1,929";"0,000";"0,000";"0,000";"0,000";"0,226";"2,674";"2,419";"2,455";"7,549";"5,620";"2,870";"2,750";
"13/11/2024 14:50";"0,891";"0,000";"0,619";"0,000";"0,766";"0,000";"2,277";"0,000";"0,072";"0,000";"0,000";"0,302";"2,698";"2,426";"2,573";"7,696";"5,419";"2,766";"2,653";
"13/11/2024 15:00";"0,821";"0,000";"0,495";"0,000";"0,595";"0,000";"1,911";"0,000";"0,000";"0,000";"0,000";"0,189";"2,552";"2,225";"2,326";"7,103";"5,192";"2,653";"2,539";
"13/11/2024 15:10";"0,796";"0,000";"0,454";"0,000";"0,667";"0,000";"1,918";"0,000";"0,000";"0,000";"0,000";"0,159";"2,431";"2,089";"2,302";"6,821";"4,903";"2,509";"2,394";
"13/11/2024 15:20";"0,923";"0,000";"0,679";"0,000";"0,959";"0,000";"2,561";"0,000";"0,068";"0,000";"0,000";"0,351";"2,475";"2,231";"2,511";"7,217";"4,656";"2,379";"2,277";
"13/11/2024 15:30";"0,769";"0,000";"0,424";"0,000";"0,564";"0,000";"1,757";"0,000";"0,000";"0,000";"0,000";"0,180";"2,239";"1,893";"2,034";"6,166";"4,409";"2,256";"2,153";
"13/11/2024 15:40";"0,942";"0,000";"0,496";"0,000";"0,616";"0,000";"2,054";"0,000";"0,000";"0,000";"0,000";"0,117";"2,319";"1,874";"1,994";"6,186";"4,132";"2,115";"2,017";
"13/11/2024 15:50";"1,136";"0,000";"0,680";"0,000";"0,877";"0,000";"2,693";"0,000";"0,041";"0,000";"0,000";"0,204";"2,418";"1,962";"2,158";"6,538";"3,845";"1,968";"1,877";
"13/11/2024 16:00";"1,145";"0,000";"0,605";"0,000";"0,619";"0,000";"2,369";"0,000";"0,000";"0,000";"0,000";"0,242";"2,378";"1,838";"1,852";"6,068";"3,699";"1,892";"1,807";
"13/11/2024 16:10";"0,923";"0,000";"0,626";"0,000";"0,703";"0,000";"2,252";"0,000";"0,000";"0,000";"0,000";"0,192";"1,930";"1,634";"1,711";"5,275";"3,023";"1,545";"1,478";
"13/11/2024 16:20";"1,158";"0,000";"0,842";"0,000";"0,869";"0,000";"2,869";"0,000";"0,079";"0,000";"0,000";"0,316";"1,968";"1,652";"1,679";"5,300";"2,431";"1,243";"1,188";
"13/11/2024 16:30";"0,767";"0,000";"0,635";"0,000";"0,675";"0,000";"2,077";"0,000";"0,000";"0,000";"0,000";"0,179";"1,585";"1,454";"1,494";"4,533";"2,456";"1,257";"1,199";
"13/11/2024 16:40";"0,784";"0,000";"0,702";"0,000";"0,671";"0,000";"2,156";"0,000";"0,000";"0,000";"0,000";"0,184";"1,462";"1,380";"1,349";"4,192";"2,036";"1,043";"0,993";
"13/11/2024 16:50";"1,177";"0,000";"0,676";"0,000";"0,804";"0,000";"2,656";"0,000";"0,076";"0,000";"0,000";"0,284";"1,727";"1,226";"1,355";"4,308";"1,652";"0,846";"0,806";
"13/11/2024 17:00";"1,029";"0,000";"0,572";"0,000";"0,615";"0,000";"2,217";"0,000";"0,000";"0,000";"0,000";"0,202";"1,459";"1,002";"1,045";"3,506";"1,289";"0,661";"0,628";
"13/11/2024 17:10";"0,795";"0,000";"0,512";"0,000";"0,617";"0,000";"1,924";"0,000";"0,000";"0,000";"0,000";"0,220";"1,136";"0,852";"0,957";"2,945";"1,021";"0,534";"0,487";
"13/11/2024 17:20";"0,984";"0,000";"0,751";"0,000";"0,820";"0,000";"2,554";"0,000";"0,078";"0,000";"0,000";"0,280";"1,169";"0,937";"1,005";"3,111";"0,557";"0,306";"0,251";
"13/11/2024 17:30";"0,922";"0,000";"0,509";"0,000";"0,642";"0,000";"2,073";"0,000";"0,000";"0,000";"0,000";"0,244";"1,042";"0,629";"0,762";"2,433";"0,360";"0,203";"0,157";
"13/11/2024 17:40";"0,795";"0,000";"0,585";"0,000";"0,637";"0,000";"2,017";"0,000";"0,000";"0,000";"0,000";"0,216";"0,877";"0,667";"0,719";"2,263";"0,246";"0,129";"0,117";
"13/11/2024 17:50";"0,905";"0,000";"0,700";"0,000";"0,822";"0,000";"2,426";"0,000";"0,032";"0,000";"0,000";"0,193";"0,933";"0,727";"0,849";"2,509";"0,083";"0,043";"0,040";
"13/11/2024 18:00";"0,873";"0,000";"0,565";"0,000";"0,638";"0,000";"2,076";"0,000";"0,000";"0,000";"0,000";"0,256";"0,884";"0,576";"0,649";"2,109";"0,033";"0,017";"0,016";
"13/11/2024 18:10";"0,834";"0,000";"0,624";"0,000";"0,699";"0,000";"2,158";"0,000";"0,000";"0,000";"0,000";"0,213";"0,834";"0,624";"0,699";"2,158";"0,000";"0,000";"0,000";
"13/11/2024 18:20";"0,979";"0,000";"0,821";"0,000";"0,884";"0,000";"2,684";"0,000";"0,031";"0,000";"0,000";"0,272";"0,979";"0,821";"0,884";"2,684";"0,000";"0,000";"0,000";
"13/11/2024 18:30";"0,883";"0,000";"0,694";"0,000";"0,770";"0,000";"2,347";"0,000";"0,000";"0,000";"0,000";"0,341";"0,883";"0,694";"0,770";"2,347";"0,000";"0,000";"0,000";
"13/11/2024 18:40";"0,835";"0,000";"0,636";"0,000";"0,764";"0,000";"2,236";"0,000";"0,000";"0,000";"0,000";"0,238";"0,835";"0,636";"0,764";"2,236";"0,000";"0,000";"0,000";
"13/11/2024 18:50";"1,276";"0,000";"0,791";"0,000";"0,831";"0,000";"2,898";"0,000";"0,035";"0,000";"0,000";"0,215";"1,276";"0,791";"0,831";"2,898";"0,000";"0,000";"0,000";
"13/11/2024 19:00";"0,953";"0,000";"0,621";"0,000";"0,781";"0,000";"2,356";"0,000";"0,000";"0,000";"0,000";"0,287";"0,953";"0,621";"0,781";"2,356";"0,000";"0,000";"0,000";
"13/11/2024 19:10";"0,815";"0,000";"0,601";"0,000";"0,715";"0,000";"2,131";"0,000";"0,002";"0,000";"0,000";"0,212";"0,815";"0,601";"0,715";"2,131";"0,000";"0,000";"0,000";
"13/11/2024 19:20";"0,815";"0,000";"0,494";"0,000";"0,822";"0,000";"2,131";"0,000";"0,031";"0,000";"0,000";"0,234";"0,815";"0,494";"0,822";"2,131";"0,000";"0,000";"0,000";
"13/11/2024 19:30";"0,898";"0,000";"0,714";"0,000";"0,920";"0,000";"2,532";"0,000";"0,008";"0,000";"0,000";"0,201";"0,898";"0,714";"0,920";"2,532";"0,000";"0,000";"0,000";
"13/11/2024 19:40";"0,854";"0,000";"0,563";"0,000";"0,758";"0,000";"2,174";"0,000";"0,000";"0,000";"0,000";"0,140";"0,854";"0,563";"0,758";"2,174";"0,000";"0,000";"0,000";
"13/11/2024 19:50";"1,081";"0,000";"0,538";"0,000";"0,671";"0,000";"2,289";"0,000";"0,000";"0,000";"0,000";"0,199";"1,081";"0,538";"0,671";"2,289";"0,000";"0,000";"0,000";
"13/11/2024 20:00";"0,878";"0,000";"0,642";"0,000";"0,874";"0,000";"2,394";"0,000";"0,040";"0,000";"0,000";"0,296";"0,878";"0,642";"0,874";"2,394";"0,000";"0,000";"0,000";
"13/11/2024 20:10";"0,704";"0,000";"0,602";"0,000";"0,735";"0,000";"2,041";"0,000";"0,000";"0,000";"0,000";"0,156";"0,704";"0,602";"0,735";"2,041";"0,000";"0,000";"0,000";
"13/11/2024 20:20";"0,596";"0,000";"0,521";"0,000";"0,700";"0,000";"1,817";"0,000";"0,000";"0,000";"0,000";"0,163";"0,596";"0,521";"0,700";"1,817";"0,000";"0,000";"0,000";
"13/11/2024 20:30";"0,719";"0,000";"0,777";"0,000";"0,958";"0,000";"2,453";"0,000";"0,043";"0,000";"0,000";"0,217";"0,719";"0,777";"0,958";"2,453";"0,000";"0,000";"0,000";
"13/11/2024 20:40";"0,407";"0,000";"0,472";"0,000";"0,670";"0,000";"1,548";"0,000";"0,000";"0,000";"0,000";"0,248";"0,407";"0,472";"0,670";"1,548";"0,000";"0,000";"0,000";
"13/11/2024 20:50";"0,730";"0,000";"0,623";"0,000";"0,747";"0,000";"2,100";"0,000";"0,000";"0,000";"0,000";"0,180";"0,730";"0,623";"0,747";"2,100";"0,000";"0,000";"0,000";
"13/11/2024 21:00";"0,825";"0,000";"0,727";"0,000";"0,965";"0,000";"2,517";"0,000";"0,037";"0,000";"0,000";"0,197";"0,825";"0,727";"0,965";"2,517";"0,000";"0,000";"0,000";
"13/11/2024 21:10";"0,458";"0,000";"0,566";"0,000";"0,701";"0,000";"1,725";"0,000";"0,000";"0,000";"0,000";"0,231";"0,458";"0,566";"0,701";"1,725";"0,000";"0,000";"0,000";
"13/11/2024 21:20";"0,465";"0,000";"0,568";"0,000";"0,716";"0,000";"1,749";"0,000";"0,000";"0,000";"0,000";"0,217";"0,465";"0,568";"0,716";"1,749";"0,000";"0,000";"0,000";
"13/11/2024 21:30";"0,514";"0,000";"0,618";"0,000";"0,850";"0,000";"1,982";"0,000";"0,080";"0,000";"0,000";"0,328";"0,514";"0,618";"0,850";"1,982";"0,000";"0,000";"0,000";
"13/11/2024 21:40";"0,550";"0,000";"0,638";"0,000";"0,770";"0,000";"1,958";"0,000";"0,000";"0,000";"0,000";"0,172";"0,550";"0,638";"0,770";"1,958";"0,000";"0,000";"0,000";
"13/11/2024 21:50";"0,529";"0,000";"0,584";"0,000";"0,772";"0,000";"1,885";"0,000";"0,000";"0,000";"0,000";"0,152";"0,529";"0,584";"0,772";"1,885";"0,000";"0,000";"0,000";
"13/11/2024 22:00";"0,734";"0,000";"0,759";"0,000";"0,931";"0,000";"2,423";"0,000";"0,077";"0,000";"0,000";"0,258";"0,734";"0,759";"0,931";"2,423";"0,000";"0,000";"0,000";
"13/11/2024 22:10";"0,655";"0,000";"0,460";"0,000";"0,655";"0,000";"1,770";"0,000";"0,000";"0,000";"0,000";"0,273";"0,655";"0,460";"0,655";"1,770";"0,000";"0,000";"0,000";
"13/11/2024 22:20";"0,550";"0,000";"0,645";"0,000";"0,769";"0,000";"1,965";"0,000";"0,000";"0,000";"0,000";"0,168";"0,550";"0,645";"0,769";"1,965";"0,000";"0,000";"0,000";
"13/11/2024 22:30";"0,849";"0,000";"0,666";"0,000";"0,891";"0,000";"2,406";"0,000";"0,072";"0,000";"0,000";"0,300";"0,849";"0,666";"0,891";"2,406";"0,000";"0,000";"0,000";
"13/11/2024 22:40";"0,553";"0,000";"0,649";"0,000";"0,773";"0,000";"1,975";"0,000";"0,000";"0,000";"0,000";"0,210";"0,553";"0,649";"0,773";"1,975";"0,000";"0,000";"0,000";
"13/11/2024 22:50";"0,461";"0,000";"0,494";"0,000";"0,699";"0,000";"1,654";"0,000";"0,000";"0,000";"0,000";"0,249";"0,461";"0,494";"0,699";"1,654";"0,000";"0,000";"0,000";
"13/11/2024 23:00";"0,599";"0,000";"0,769";"0,000";"0,939";"0,000";"2,307";"0,000";"0,036";"0,000";"0,000";"0,182";"0,599";"0,769";"0,939";"2,307";"0,000";"0,000";"0,000";
"13/11/2024 23:10";"0,459";"0,000";"0,535";"0,000";"0,710";"0,000";"1,704";"0,000";"0,000";"0,000";"0,000";"0,233";"0,459";"0,535";"0,710";"1,704";"0,000";"0,000";"0,000";
"13/11/2024 23:20";"0,497";"0,000";"0,617";"0,000";"0,826";"0,000";"1,941";"0,000";"0,000";"0,000";"0,000";"0,182";"0,497";"0,617";"0,826";"1,941";"0,000";"0,000";"0,000";
"13/11/2024 23:30";"0,641";"0,000";"0,711";"0,000";"1,014";"0,000";"2,366";"0,000";"0,082";"0,000";"0,000";"0,386";"0,641";"0,711";"1,014";"2,366";"0,000";"0,000";"0,000";
"13/11/2024 23:40";"0,592";"0,000";"0,552";"0,000";"0,659";"0,000";"1,803";"0,000";"0,000";"0,000";"0,000";"0,235";"0,592";"0,552";"0,659";"1,803";"0,000";"0,000";"0,000";
"13/11/2024 23:50";"0,707";"0,000";"0,573";"0,000";"0,742";"0,000";"2,022";"0,000";"0,000";"0,000";"0,000";"0,198";"0,707";"0,573";"0,742";"2,022";"0,000";"0,000";"0,000";
"14/11/2024 00:00";"0,863";"0,000";"0,783";"0,000";"0,951";"0,000";"2,597";"0,000";"0,075";"0,000";"0,000";"0,272";"0,863";"0,783";"0,951";"2,597";"0,000";"0,000";"0,000";
"14/11/2024 00:10";"0,949";"0,000";"0,705";"0,000";"0,694";"0,000";"2,348";"0,000";"0,000";"0,000";"0,000";"0,310";"0,949";"0,705";"0,694";"2,348";"0,000";"0,000";"0,000";
"14/11/2024 00:20";"0,470";"0,000";"0,586";"0,000";"0,747";"0,000";"1,803";"0,000";"0,000";"0,000";"0,000";"0,195";"0,470";"0,586";"0,747";"1,803";"0,000";"0,000";"0,000";
"14/11/2024 00:30";"0,908";"0,000";"0,652";"0,000";"0,863";"0,000";"2,424";"0,000";"0,074";"0,000";"0,000";"0,339";"0,908";"0,652";"0,863";"2,424";"0,000";"0,000";"0,000";
"14/11/2024 00:40";"0,486";"0,000";"0,619";"0,000";"0,754";"0,000";"1,859";"0,000";"0,000";"0,000";"0,000";"0,166";"0,486";"0,619";"0,754";"1,859";"0,000";"0,000";"0,000";
"14/11/2024 00:50";"0,448";"0,000";"0,538";"0,000";"0,697";"0,000";"1,683";"0,000";"0,000";"0,000";"0,000";"0,237";"0,448";"0,538";"0,697";"1,683";"0,000";"0,000";"0,000";
"14/11/2024 01:00";"0,621";"0,000";"0,765";"0,000";"0,961";"0,000";"2,347";"0,000";"0,034";"0,000";"0,000";"0,196";"0,621";"0,765";"0,961";"2,347";"0,000";"0,000";"0,000";
"14/11/2024 01:10";"0,435";"0,000";"0,533";"0,000";"0,698";"0,000";"1,666";"0,000";"0,000";"0,000";"0,000";"0,231";"0,435";"0,533";"0,698";"1,666";"0,000";"0,000";"0,000";
"14/11/2024 01:20";"0,536";"0,000";"0,602";"0,000";"0,758";"0,000";"1,897";"0,000";"0,000";"0,000";"0,000";"0,176";"0,536";"0,602";"0,758";"1,897";"0,000";"0,000";"0,000";
"14/11/2024 01:30";"0,697";"0,000";"0,701";"0,000";"0,918";"0,000";"2,316";"0,000";"0,075";"0,000";"0,000";"0,308";"0,697";"0,701";"0,918";"2,316";"0,000";"0,000";"0,000";
"14/11/2024 01:40";"0,544";"0,000";"0,576";"0,000";"0,728";"0,000";"1,848";"0,000";"0,000";"0,000";"0,000";"0,196";"0,544";"0,576";"0,728";"1,848";"0,000";"0,000";"0,000";
"14/11/2024 01:50";"0,729";"0,000";"0,550";"0,000";"0,741";"0,000";"2,020";"0,000";"0,000";"0,000";"0,000";"0,212";"0,729";"0,550";"0,741";"2,020";"0,000";"0,000";"0,000";
"14/11/2024 02:00";"0,618";"0,000";"0,714";"0,000";"0,882";"0,000";"2,214";"0,000";"0,071";"0,000";"0,000";"0,314";"0,618";"0,714";"0,882";"2,214";"0,000";"0,000";"0,000";
"14/11/2024 02:10";"0,522";"0,000";"0,572";"0,000";"0,759";"0,000";"1,853";"0,000";"0,000";"0,000";"0,000";"0,175";"0,522";"0,572";"0,759";"1,853";"0,000";"0,000";"0,000";
"14/11/2024 02:20";"0,526";"0,000";"0,645";"0,000";"0,777";"0,000";"1,948";"0,000";"0,000";"0,000";"0,000";"0,225";"0,526";"0,645";"0,777";"1,948";"0,000";"0,000";"0,000";
"14/11/2024 02:30";"0,809";"0,000";"0,709";"0,000";"0,928";"0,000";"2,446";"0,000";"0,067";"0,000";"0,000";"0,411";"0,809";"0,709";"0,928";"2,446";"0,000";"0,000";"0,000";
"14/11/2024 02:40";"0,548";"0,000";"0,596";"0,000";"0,726";"0,000";"1,870";"0,000";"0,000";"0,000";"0,000";"0,208";"0,548";"0,596";"0,726";"1,870";"0,000";"0,000";"0,000";
"14/11/2024 02:50";"0,645";"0,000";"0,550";"0,000";"0,730";"0,000";"1,925";"0,000";"0,000";"0,000";"0,000";"0,193";"0,645";"0,550";"0,730";"1,925";"0,000";"0,000";"0,000";
"14/11/2024 03:00";"0,608";"0,000";"0,781";"0,000";"0,946";"0,000";"2,335";"0,000";"0,078";"0,000";"0,000";"0,264";"0,608";"0,781";"0,946";"2,335";"0,000";"0,000";"0,000";
"14/11/2024 03:10";"0,455";"0,000";"0,503";"0,000";"0,698";"0,000";"1,656";"0,000";"0,000";"0,000";"0,000";"0,228";"0,455";"0,503";"0,698";"1,656";"0,000";"0,000";"0,000";
"14/11/2024 03:20";"0,509";"0,000";"0,620";"0,000";"0,827";"0,000";"1,956";"0,000";"0,000";"0,000";"0,000";"0,174";"0,509";"0,620";"0,827";"1,956";"0,000";"0,000";"0,000";
"14/11/2024 03:30";"0,555";"0,000";"0,676";"0,000";"0,991";"0,000";"2,222";"0,000";"0,077";"0,000";"0,000";"0,329";"0,555";"0,676";"0,991";"2,222";"0,000";"0,000";"0,000";
"14/11/2024 03:40";"0,466";"0,000";"0,625";"0,000";"0,834";"0,000";"1,925";"0,000";"0,000";"0,000";"0,000";"0,188";"0,466";"0,625";"0,834";"1,925";"0,000";"0,000";"0,000";
"14/11/2024 03:50";"0,631";"0,000";"0,590";"0,000";"0,762";"0,000";"1,982";"0,000";"0,003";"0,000";"0,000";"0,150";"0,631";"0,590";"0,762";"1,982";"0,000";"0,000";"0,000";
"14/11/2024 04:00";"0,923";"0,000";"0,854";"0,000";"0,927";"0,000";"2,704";"0,000";"0,035";"0,000";"0,000";"0,284";"0,923";"0,854";"0,927";"2,704";"0,000";"0,000";"0,000";
"14/11/2024 04:10";"0,772";"0,000";"0,582";"0,000";"0,784";"0,000";"2,137";"0,000";"0,000";"0,000";"0,000";"0,223";"0,772";"0,582";"0,784";"2,137";"0,000";"0,000";"0,000";
"14/11/2024 04:20";"0,568";"0,000";"0,551";"0,000";"0,709";"0,000";"1,828";"0,000";"0,000";"0,000";"0,000";"0,291";"0,568";"0,551";"0,709";"1,828";"0,000";"0,000";"0,000";
"14/11/2024 04:30";"0,606";"0,000";"0,707";"0,000";"0,922";"0,000";"2,234";"0,000";"0,075";"0,000";"0,000";"0,296";"0,606";"0,707";"0,922";"2,234";"0,000";"0,000";"0,000";
"14/11/2024 04:40";"0,526";"0,000";"0,603";"0,000";"0,798";"0,000";"1,927";"0,000";"0,000";"0,000";"0,000";"0,229";"0,526";"0,603";"0,798";"1,927";"0,000";"0,000";"0,000";
"14/11/2024 04:50";"0,732";"0,000";"0,640";"0,000";"0,779";"0,000";"2,152";"0,000";"0,000";"0,000";"0,000";"0,352";"0,732";"0,640";"0,779";"2,152";"0,000";"0,000";"0,000";
"14/11/2024 05:00";"1,079";"0,000";"1,086";"0,000";"0,926";"0,000";"3,090";"0,000";"0,035";"0,000";"0,000";"0,262";"1,079";"1,086";"0,926";"3,090";"0,000";"0,000";"0,000";
"14/11/2024 05:10";"0,954";"0,000";"0,750";"0,000";"0,711";"0,000";"2,415";"0,000";"0,000";"0,000";"0,000";"0,256";"0,954";"0,750";"0,711";"2,415";"0,000";"0,000";"0,000";
"14/11/2024 05:20";"0,570";"0,000";"0,556";"0,000";"0,752";"0,000";"1,878";"0,000";"0,000";"0,000";"0,000";"0,205";"0,570";"0,556";"0,752";"1,878";"0,000";"0,000";"0,000";
"14/11/2024 05:30";"1,248";"0,000";"1,269";"0,000";"1,332";"0,000";"3,850";"0,000";"0,106";"0,000";"0,000";"0,156";"1,248";"1,269";"1,332";"3,850";"0,000";"0,000";"0,000";
"14/11/2024 05:40";"1,767";"0,000";"1,522";"0,000";"1,712";"0,000";"5,000";"0,000";"0,006";"0,000";"0,000";"0,106";"1,767";"1,522";"1,712";"5,000";"0,000";"0,000";"0,000";
"14/11/2024 05:50";"2,122";"0,000";"1,662";"0,000";"1,837";"0,000";"5,621";"0,000";"0,048";"0,000";"0,000";"0,150";"2,122";"1,662";"1,837";"5,621";"0,000";"0,000";"0,000";
"14/11/2024 06:00";"5,670";"0,000";"5,110";"0,000";"5,789";"0,000";"16,569";"0,000";"1,081";"0,000";"0,000";"0,685";"5,670";"5,110";"5,789";"16,569";"0,000";"0,000";"0,000";
"14/11/2024 06:10";"9,762";"0,000";"8,644";"0,000";"9,875";"0,000";"28,282";"0,000";"0,155";"0,000";"0,000";"0,894";"9,762";"8,644";"9,875";"28,282";"0,000";"0,000";"0,000";
"14/11/2024 06:20";"9,535";"0,000";"8,473";"0,000";"9,808";"0,000";"27,816";"0,000";"0,054";"0,000";"0,000";"1,355";"9,535";"8,473";"9,808";"27,816";"0,000";"0,000";"0,000";
"14/11/2024 06:30";"8,978";"0,000";"8,255";"0,000";"9,542";"0,000";"26,776";"0,000";"0,223";"0,000";"0,000";"1,245";"8,978";"8,255";"9,542";"26,776";"0,000";"0,000";"0,000";
"14/11/2024 06:40";"8,986";"0,000";"8,145";"0,000";"9,209";"0,000";"26,339";"0,000";"0,371";"0,000";"0,000";"1,124";"8,986";"8,145";"9,209";"26,339";"0,000";"0,000";"0,000";
"14/11/2024 06:50";"8,752";"0,000";"8,143";"0,000";"9,190";"0,000";"26,085";"0,000";"0,387";"0,000";"0,000";"0,651";"8,752";"8,143";"9,190";"26,085";"0,000";"0,000";"0,000";
"14/11/2024 07:00";"8,580";"0,000";"8,253";"0,000";"9,346";"0,000";"26,179";"0,000";"0,802";"0,000";"0,000";"0,653";"8,580";"8,253";"9,346";"26,179";"0,000";"0,000";"0,000";
"14/11/2024 07:10";"8,355";"0,000";"8,017";"0,000";"9,048";"0,000";"25,420";"0,000";"0,596";"0,000";"0,000";"0,707";"8,355";"8,017";"9,048";"25,420";"0,000";"0,000";"0,000";
"14/11/2024 07:20";"7,891";"0,000";"7,594";"0,000";"8,663";"0,000";"24,148";"0,000";"0,958";"0,000";"0,000";"0,322";"7,891";"7,594";"8,663";"24,148";"0,000";"0,000";"0,000";
"14/11/2024 07:30";"7,400";"0,000";"6,856";"0,000";"7,866";"0,000";"22,122";"0,000";"0,562";"0,000";"0,000";"0,542";"7,400";"6,856";"7,866";"22,122";"0,000";"0,000";"0,000";
"14/11/2024 07:40";"6,394";"0,000";"6,032";"0,000";"6,991";"0,000";"19,417";"0,000";"0,297";"0,000";"0,000";"0,710";"6,394";"6,032";"6,991";"19,417";"0,000";"0,000";"0,000";
"14/11/2024 07:50";"6,348";"0,000";"5,755";"0,000";"6,743";"0,000";"18,846";"0,000";"0,335";"0,000";"0,000";"0,778";"6,348";"5,755";"6,743";"18,846";"0,000";"0,000";"0,000";
"14/11/2024 08:00";"8,330";"0,000";"7,554";"0,000";"8,447";"0,000";"24,331";"0,000";"0,649";"0,000";"0,000";"0,372";"8,330";"7,554";"8,447";"24,331";"0,000";"0,000";"0,000";
"14/11/2024 08:10";"8,812";"0,000";"8,405";"0,000";"9,459";"0,000";"26,676";"0,000";"0,560";"0,000";"0,000";"0,540";"8,812";"8,405";"9,459";"26,676";"0,000";"0,000";"0,000";
"14/11/2024 08:20";"7,954";"0,000";"7,289";"0,000";"8,179";"0,000";"23,423";"0,000";"0,456";"0,000";"0,000";"0,534";"7,954";"7,289";"8,179";"23,423";"0,000";"0,000";"0,000";
"14/11/2024 08:30";"8,895";"0,000";"8,017";"0,000";"8,543";"0,000";"25,455";"0,000";"0,798";"0,000";"0,000";"0,528";"8,895";"8,017";"8,543";"25,455";"0,000";"0,000";"0,000";
"14/11/2024 08:40";"8,625";"0,000";"8,142";"0,000";"8,475";"0,000";"25,242";"0,000";"0,745";"0,000";"0,000";"0,358";"8,634";"8,150";"8,483";"25,267";"0,025";"0,015";"0,010";
"14/11/2024 08:50";"8,599";"0,000";"7,621";"0,000";"8,349";"0,000";"24,568";"0,000";"0,873";"0,000";"0,000";"0,617";"8,656";"7,678";"8,407";"24,741";"0,173";"0,094";"0,079";
"14/11/2024 09:00";"9,472";"0,000";"8,105";"0,000";"8,902";"0,000";"26,479";"0,000";"1,427";"0,000";"0,000";"0,324";"9,548";"8,181";"8,978";"26,707";"0,228";"0,124";"0,104";
"14/11/2024 09:10";"8,071";"0,000";"7,538";"0,000";"8,335";"0,000";"23,944";"0,000";"0,867";"0,000";"0,000";"0,617";"8,204";"7,671";"8,467";"24,342";"0,398";"0,232";"0,166";
"14/11/2024 09:20";"8,045";"0,000";"7,363";"0,000";"8,231";"0,000";"23,639";"0,000";"0,709";"0,000";"0,000";"0,757";"8,294";"7,611";"8,479";"24,384";"0,745";"0,459";"0,286";
"14/11/2024 09:30";"8,052";"0,000";"8,216";"0,000";"7,994";"0,000";"24,263";"0,000";"1,229";"0,000";"0,000";"0,320";"8,421";"8,585";"8,362";"25,368";"1,105";"0,668";"0,437";
"14/11/2024 09:40";"8,569";"0,000";"8,784";"0,000";"8,243";"0,000";"25,596";"0,000";"0,970";"0,000";"0,000";"0,476";"9,146";"9,361";"8,820";"27,328";"1,732";"1,035";"0,697";
"14/11/2024 09:50";"3,357";"0,000";"3,768";"0,000";"3,340";"0,000";"10,465";"0,000";"0,033";"0,000";"0,000";"0,622";"4,105";"4,516";"4,088";"12,709";"2,244";"1,259";"0,985";
"14/11/2024 10:00";"4,219";"0,000";"4,480";"0,000";"4,196";"0,000";"12,894";"0,000";"0,000";"0,000";"0,000";"0,636";"4,900";"5,161";"4,878";"14,939";"2,045";"1,143";"0,902";
"14/11/2024 10:10";"4,365";"0,000";"5,321";"0,000";"4,431";"0,000";"14,117";"0,000";"0,139";"0,000";"0,000";"0,454";"5,071";"6,027";"5,137";"16,234";"2,117";"1,182";"0,935";
"14/11/2024 10:20";"6,287";"0,000";"6,594";"0,000";"6,368";"0,000";"19,248";"0,000";"0,295";"0,000";"0,000";"0,674";"7,212";"7,519";"7,293";"22,024";"2,776";"1,546";"1,230";
"14/11/2024 10:30";"9,034";"0,000";"9,182";"0,000";"8,904";"0,000";"27,120";"0,000";"0,900";"0,000";"0,000";"0,825";"10,047";"10,195";"9,917";"30,159";"3,039";"1,687";"1,352";
"14/11/2024 10:40";"8,794";"0,000";"8,930";"0,000";"8,980";"0,000";"26,705";"0,000";"1,357";"0,000";"0,000";"0,560";"9,858";"9,995";"10,045";"29,898";"3,193";"1,683";"1,510";
"14/11/2024 10:50";"8,293";"0,000";"8,359";"0,000";"8,397";"0,000";"25,050";"0,000";"0,700";"0,000";"0,000";"0,780";"9,400";"9,466";"9,504";"28,370";"3,320";"1,693";"1,627";
"14/11/2024 11:00";"8,904";"0,000";"8,352";"0,000";"9,332";"0,000";"26,588";"0,000";"2,308";"0,000";"0,000";"0,179";"9,844";"9,292";"10,271";"29,406";"2,818";"1,432";"1,386";
"14/11/2024 11:10";"7,543";"0,000";"6,899";"0,000";"7,899";"0,000";"22,341";"0,000";"0,386";"0,000";"0,000";"0,625";"8,597";"7,953";"8,952";"25,502";"3,161";"1,602";"1,559";
"14/11/2024 11:20";"7,095";"0,000";"6,342";"0,000";"7,458";"0,000";"20,895";"0,000";"0,976";"0,000";"0,000";"0,482";"8,175";"7,421";"8,537";"24,133";"3,238";"1,641";"1,597";
"14/11/2024 11:30";"7,221";"0,000";"6,581";"0,000";"7,345";"0,000";"21,146";"0,000";"0,518";"0,000";"0,000";"0,569";"8,290";"7,650";"8,414";"24,355";"3,209";"1,624";"1,585";
"14/11/2024 11:40";"7,765";"0,000";"6,677";"0,000";"7,664";"0,000";"22,107";"0,000";"0,557";"0,000";"0,000";"0,733";"8,844";"7,756";"8,743";"25,344";"3,237";"1,643";"1,594";
"14/11/2024 11:50";"7,377";"0,000";"6,582";"0,000";"7,584";"0,000";"21,542";"0,000";"0,512";"0,000";"0,000";"0,612";"8,678";"7,883";"8,885";"25,445";"3,903";"1,981";"1,922";
"14/11/2024 12:00";"6,725";"0,000";"5,896";"0,000";"7,048";"0,000";"19,669";"0,000";"0,559";"0,000";"0,000";"0,758";"7,996";"7,167";"8,320";"23,483";"3,814";"1,936";"1,878";
"14/11/2024 12:10";"7,529";"0,000";"7,804";"0,000";"7,863";"0,000";"23,196";"0,000";"0,594";"0,000";"0,000";"0,451";"8,809";"9,084";"9,144";"27,037";"3,841";"1,949";"1,892";
"14/11/2024 12:20";"8,629";"0,000";"9,184";"0,000";"9,192";"0,000";"27,004";"0,000";"0,416";"0,000";"0,000";"0,610";"9,777";"10,332";"10,340";"30,448";"3,444";"1,751";"1,693";
"14/11/2024 12:30";"8,405";"0,000";"9,270";"0,000";"9,214";"0,000";"26,889";"0,000";"0,367";"0,000";"0,000";"0,575";"9,566";"10,432";"10,376";"30,374";"3,485";"1,774";"1,711";
"14/11/2024 12:40";"8,167";"0,000";"8,980";"0,000";"8,825";"0,000";"25,971";"0,000";"0,578";"0,000";"0,000";"0,685";"9,584";"10,397";"10,242";"30,223";"4,252";"2,159";"2,093";
"14/11/2024 12:50";"7,673";"0,000";"8,307";"0,000";"7,991";"0,000";"23,971";"0,000";"0,447";"0,000";"0,000";"0,646";"8,831";"9,464";"9,148";"27,443";"3,472";"1,765";"1,707";
"14/11/2024 13:00";"7,228";"0,000";"7,731";"0,000";"7,508";"0,000";"22,467";"0,000";"0,783";"0,000";"0,000";"0,824";"8,594";"9,098";"8,875";"26,567";"4,100";"2,094";"2,006";
"14/11/2024 13:10";"2,406";"0,000";"2,959";"0,000";"2,883";"0,000";"8,247";"0,000";"0,331";"0,000";"0,000";"0,912";"3,769";"4,322";"4,246";"12,337";"4,090";"2,091";"1,999";
"14/11/2024 13:20";"2,261";"0,000";"2,892";"0,000";"2,804";"0,000";"7,957";"0,000";"0,405";"0,000";"0,000";"0,659";"3,655";"4,285";"4,198";"12,137";"4,180";"2,138";"2,042";
"14/11/2024 13:30";"1,816";"0,000";"2,797";"0,000";"2,596";"0,000";"7,209";"0,000";"0,451";"0,000";"0,000";"0,290";"3,356";"4,337";"4,136";"11,828";"4,619";"2,363";"2,256";
"14/11/2024 13:40";"2,171";"0,000";"2,590";"0,000";"2,289";"0,000";"7,050";"0,000";"0,169";"0,000";"0,000";"0,206";"3,889";"4,308";"4,007";"12,204";"5,154";"2,636";"2,518";
"14/11/2024 13:50";"1,788";"0,000";"2,374";"0,000";"1,839";"0,000";"6,000";"0,000";"0,040";"0,000";"0,000";"0,058";"3,405";"3,991";"3,456";"10,852";"4,852";"2,479";"2,373";
"14/11/2024 14:00";"1,769";"0,000";"1,891";"0,000";"1,644";"0,000";"5,304";"0,000";"0,019";"0,000";"0,000";"0,100";"3,589";"3,711";"3,465";"10,765";"5,461";"2,793";"2,668";
"14/11/2024 14:10";"0,887";"0,000";"0,706";"0,000";"0,832";"0,000";"2,425";"0,000";"0,075";"0,000";"0,000";"0,212";"2,626";"2,444";"2,571";"7,641";"5,216";"2,673";"2,543";
"14/11/2024 14:20";"0,698";"0,000";"0,472";"0,000";"0,545";"0,000";"1,714";"0,000";"0,000";"0,000";"0,000";"0,226";"2,432";"2,206";"2,279";"6,918";"5,204";"2,667";"2,537";
"14/11/2024 14:30";"0,772";"0,000";"0,544";"0,000";"0,634";"0,000";"1,950";"0,000";"0,003";"0,000";"0,000";"0,153";"2,385";"2,157";"2,247";"6,789";"4,839";"2,481";"2,358";
"14/11/2024 14:40";"0,862";"0,000";"0,652";"0,000";"0,775";"0,000";"2,289";"0,000";"0,072";"0,000";"0,000";"0,246";"2,614";"2,404";"2,527";"7,545";"5,256";"2,697";"2,559";
"14/11/2024 14:50";"0,742";"0,000";"0,472";"0,000";"0,593";"0,000";"1,806";"0,000";"0,000";"0,000";"0,000";"0,138";"2,440";"2,170";"2,291";"6,901";"5,095";"2,617";"2,478";
"14/11/2024 15:00";"0,682";"0,000";"0,457";"0,000";"0,596";"0,000";"1,735";"0,000";"0,000";"0,000";"0,000";"0,120";"2,294";"2,069";"2,209";"6,573";"4,838";"2,488";"2,350";
"14/11/2024 15:10";"0,841";"0,000";"0,571";"0,000";"0,775";"0,000";"2,187";"0,000";"0,085";"0,000";"0,000";"0,178";"2,408";"2,137";"2,342";"6,886";"4,699";"2,420";"2,279";
"14/11/2024 15:20";"0,691";"0,000";"0,482";"0,000";"0,637";"0,000";"1,810";"0,000";"0,007";"0,000";"0,000";"0,095";"1,887";"1,678";"1,833";"5,398";"3,588";"1,846";"1,742";
"14/11/2024 15:30";"0,750";"0,000";"0,496";"0,000";"0,715";"0,000";"1,961";"0,000";"0,000";"0,000";"0,000";"0,072";"2,110";"1,857";"2,076";"6,043";"4,082";"2,092";"1,990";
"14/11/2024 15:40";"1,092";"0,000";"0,557";"0,000";"0,853";"0,000";"2,502";"0,000";"0,073";"0,000";"0,000";"0,273";"2,432";"1,897";"2,193";"6,522";"4,020";"2,060";"1,960";
"14/11/2024 15:50";"1,160";"0,000";"0,790";"0,000";"0,673";"0,000";"2,624";"0,000";"0,007";"0,000";"0,000";"0,130";"2,369";"1,999";"1,882";"6,251";"3,627";"1,857";"1,770";
"14/11/2024 16:00";"0,989";"0,000";"0,519";"0,000";"0,644";"0,000";"2,152";"0,000";"0,000";"0,000";"0,000";"0,183";"1,601";"1,131";"1,256";"3,988";"1,836";"0,940";"0,896";
"14/11/2024 16:10";"0,860";"0,000";"0,627";"0,000";"0,800";"0,000";"2,288";"0,000";"0,068";"0,000";"0,000";"0,264";"1,033";"0,800";"0,973";"2,807";"0,519";"0,269";"0,250";
"14/11/2024 16:20";"0,745";"0,000";"0,540";"0,000";"0,620";"0,000";"1,905";"0,000";"0,002";"0,000";"0,000";"0,159";"0,904";"0,699";"0,779";"2,381";"0,476";"0,247";"0,229";
"14/11/2024 16:30";"0,927";"0,000";"0,549";"0,000";"0,597";"0,000";"2,073";"0,000";"0,000";"0,000";"0,000";"0,195";"1,083";"0,705";"0,752";"2,539";"0,466";"0,242";"0,224";
"14/11/2024 16:40";"0,744";"0,000";"0,625";"0,000";"0,732";"0,000";"2,101";"0,000";"0,075";"0,000";"0,000";"0,284";"0,915";"0,796";"0,903";"2,614";"0,513";"0,266";"0,247";
"14/11/2024 16:50";"0,708";"0,000";"0,510";"0,000";"0,563";"0,000";"1,781";"0,000";"0,000";"0,000";"0,000";"0,189";"0,970";"0,772";"0,825";"2,567";"0,786";"0,405";"0,381";
"14/11/2024 17:00";"0,842";"0,000";"0,600";"0,000";"0,642";"0,000";"2,084";"0,000";"0,000";"0,000";"0,000";"0,145";"1,252";"1,011";"1,052";"3,315";"1,231";"0,631";"0,600";
"14/11/2024 17:10";"0,887";"0,000";"0,632";"0,000";"0,727";"0,000";"2,246";"0,000";"0,075";"0,000";"0,000";"0,283";"1,235";"0,980";"1,074";"3,288";"1,042";"0,549";"0,493";
"14/11/2024 17:20";"0,720";"0,000";"0,540";"0,000";"0,599";"0,000";"1,860";"0,000";"0,002";"0,000";"0,000";"0,160";"0,947";"0,767";"0,826";"2,540";"0,680";"0,383";"0,297";
"14/11/2024 17:30";"0,671";"0,000";"0,511";"0,000";"0,551";"0,000";"1,733";"0,000";"0,000";"0,000";"0,000";"0,202";"0,814";"0,654";"0,694";"2,163";"0,430";"0,237";"0,193";
"14/11/2024 17:40";"0,821";"0,000";"0,713";"0,000";"0,804";"0,000";"2,338";"0,000";"0,074";"0,000";"0,000";"0,246";"0,884";"0,775";"0,866";"2,525";"0,187";"0,098";"0,089";
"14/11/2024 17:50";"1,031";"0,000";"0,477";"0,000";"0,574";"0,000";"2,082";"0,000";"0,000";"0,000";"0,000";"0,200";"1,069";"0,516";"0,613";"2,198";"0,116";"0,061";"0,055";
"14/11/2024 18:00";"0,664";"0,000";"0,537";"0,000";"0,566";"0,000";"1,767";"0,000";"0,000";"0,000";"0,000";"0,201";"0,675";"0,549";"0,578";"1,802";"0,035";"0,019";"0,016";
"14/11/2024 18:10";"0,818";"0,000";"0,727";"0,000";"0,802";"0,000";"2,347";"0,000";"0,072";"0,000";"0,000";"0,234";"0,818";"0,727";"0,802";"2,347";"0,000";"0,000";"0,000";
"14/11/2024 18:20";"0,689";"0,000";"0,463";"0,000";"0,553";"0,000";"1,705";"0,000";"0,000";"0,000";"0,000";"0,238";"0,689";"0,463";"0,553";"1,705";"0,000";"0,000";"0,000";
"14/11/2024 18:30";"0,799";"0,000";"0,622";"0,000";"0,639";"0,000";"2,059";"0,000";"0,000";"0,000";"0,000";"0,231";"0,799";"0,622";"0,639";"2,059";"0,000";"0,000";"0,000";
"14/11/2024 18:40";"0,960";"0,000";"0,906";"0,000";"0,938";"0,000";"2,805";"0,000";"0,099";"0,000";"0,000";"0,218";"0,960";"0,906";"0,938";"2,805";"0,000";"0,000";"0,000";
"14/11/2024 18:50";"0,819";"0,000";"0,653";"0,000";"0,746";"0,000";"2,217";"0,000";"0,000";"0,000";"0,000";"0,226";"0,819";"0,653";"0,746";"2,217";"0,000";"0,000";"0,000";
"14/11/2024 19:00";"0,792";"0,000";"0,599";"0,000";"0,709";"0,000";"2,100";"0,000";"0,005";"0,000";"0,000";"0,295";"0,792";"0,599";"0,709";"2,100";"0,000";"0,000";"0,000";
"14/11/2024 19:10";"1,077";"0,000";"0,719";"0,000";"0,901";"0,000";"2,697";"0,000";"0,053";"0,000";"0,000";"0,208";"1,077";"0,719";"0,901";"2,697";"0,000";"0,000";"0,000";
"14/11/2024 19:20";"0,975";"0,000";"0,449";"0,000";"0,649";"0,000";"2,073";"0,000";"0,000";"0,000";"0,000";"0,272";"0,975";"0,449";"0,649";"2,073";"0,000";"0,000";"0,000";
"14/11/2024 19:30";"0,623";"0,000";"0,460";"0,000";"0,717";"0,000";"1,801";"0,000";"0,000";"0,000";"0,000";"0,260";"0,623";"0,460";"0,717";"1,801";"0,000";"0,000";"0,000";
"14/11/2024 19:40";"0,796";"0,000";"0,698";"0,000";"0,946";"0,000";"2,440";"0,000";"0,075";"0,000";"0,000";"0,299";"0,796";"0,698";"0,946";"2,440";"0,000";"0,000";"0,000";
"14/11/2024 19:50";"0,768";"0,000";"0,572";"0,000";"0,756";"0,000";"2,095";"0,000";"0,000";"0,000";"0,000";"0,173";"0,768";"0,572";"0,756";"2,095";"0,000";"0,000";"0,000";
"14/11/2024 20:00";"0,451";"0,000";"0,516";"0,000";"0,690";"0,000";"1,658";"0,000";"0,000";"0,000";"0,000";"0,204";"0,451";"0,516";"0,690";"1,658";"0,000";"0,000";"0,000";
"14/11/2024 20:10";"0,560";"0,000";"0,694";"0,000";"0,852";"0,000";"2,107";"0,000";"0,076";"0,000";"0,000";"0,271";"0,560";"0,694";"0,852";"2,107";"0,000";"0,000";"0,000";
"14/11/2024 20:20";"0,700";"0,000";"0,481";"0,000";"0,666";"0,000";"1,847";"0,000";"0,000";"0,000";"0,000";"0,272";"0,700";"0,481";"0,666";"1,847";"0,000";"0,000";"0,000";
"14/11/2024 20:30";"0,499";"0,000";"0,445";"0,000";"0,637";"0,000";"1,581";"0,000";"0,000";"0,000";"0,000";"0,270";"0,499";"0,445";"0,637";"1,581";"0,000";"0,000";"0,000";
"14/11/2024 20:40";"0,830";"0,000";"0,739";"0,000";"0,875";"0,000";"2,444";"0,000";"0,081";"0,000";"0,000";"0,232";"0,830";"0,739";"0,875";"2,444";"0,000";"0,000";"0,000";
"14/11/2024 20:50";"0,465";"0,000";"0,564";"0,000";"0,754";"0,000";"1,782";"0,000";"0,000";"0,000";"0,000";"0,205";"0,465";"0,564";"0,754";"1,782";"0,000";"0,000";"0,000";
"14/11/2024 21:00";"0,697";"0,000";"0,505";"0,000";"0,717";"0,000";"1,919";"0,000";"0,000";"0,000";"0,000";"0,218";"0,697";"0,505";"0,717";"1,919";"0,000";"0,000";"0,000";
"14/11/2024 21:10";"0,601";"0,000";"0,585";"0,000";"0,750";"0,000";"1,936";"0,000";"0,077";"0,000";"0,000";"0,323";"0,601";"0,585";"0,750";"1,936";"0,000";"0,000";"0,000";
"14/11/2024 21:20";"0,921";"0,000";"0,532";"0,000";"0,748";"0,000";"2,201";"0,000";"0,000";"0,000";"0,000";"0,278";"0,921";"0,532";"0,748";"2,201";"0,000";"0,000";"0,000";
"14/11/2024 21:30";"0,529";"0,000";"0,544";"0,000";"0,735";"0,000";"1,808";"0,000";"0,000";"0,000";"0,000";"0,191";"0,529";"0,544";"0,735";"1,808";"0,000";"0,000";"0,000";
"14/11/2024 21:40";"0,917";"0,000";"0,611";"0,000";"0,765";"0,000";"2,293";"0,000";"0,052";"0,000";"0,000";"0,270";"0,917";"0,611";"0,765";"2,293";"0,000";"0,000";"0,000";
"14/11/2024 21:50";"0,778";"0,000";"0,577";"0,000";"0,794";"0,000";"2,149";"0,000";"0,019";"0,000";"0,000";"0,265";"0,778";"0,577";"0,794";"2,149";"0,000";"0,000";"0,000";
"14/11/2024 22:00";"0,401";"0,000";"0,494";"0,000";"0,685";"0,000";"1,580";"0,000";"0,000";"0,000";"0,000";"0,222";"0,401";"0,494";"0,685";"1,580";"0,000";"0,000";"0,000";
"14/11/2024 22:10";"0,515";"0,000";"0,623";"0,000";"0,778";"0,000";"1,916";"0,000";"0,029";"0,000";"0,000";"0,132";"0,515";"0,623";"0,778";"1,916";"0,000";"0,000";"0,000";
"14/11/2024 22:20";"0,830";"0,000";"0,699";"0,000";"0,904";"0,000";"2,433";"0,000";"0,042";"0,000";"0,000";"0,177";"0,830";"0,699";"0,904";"2,433";"0,000";"0,000";"0,000";
"14/11/2024 22:30";"0,449";"0,000";"0,441";"0,000";"0,659";"0,000";"1,549";"0,000";"0,000";"0,000";"0,000";"0,207";"0,449";"0,441";"0,659";"1,549";"0,000";"0,000";"0,000";
"14/11/2024 22:40";"0,457";"0,000";"0,592";"0,000";"0,745";"0,000";"1,794";"0,000";"0,000";"0,000";"0,000";"0,178";"0,457";"0,592";"0,745";"1,794";"0,000";"0,000";"0,000";
"14/11/2024 22:50";"0,568";"0,000";"0,699";"0,000";"0,888";"0,000";"2,155";"0,000";"0,074";"0,000";"0,000";"0,327";"0,568";"0,699";"0,888";"2,155";"0,000";"0,000";"0,000";
"14/11/2024 23:00";"0,440";"0,000";"0,549";"0,000";"0,731";"0,000";"1,719";"0,000";"0,002";"0,000";"0,000";"0,165";"0,440";"0,549";"0,731";"1,719";"0,000";"0,000";"0,000";
"14/11/2024 23:10";"0,574";"0,000";"0,532";"0,000";"0,704";"0,000";"1,810";"0,000";"0,000";"0,000";"0,000";"0,200";"0,574";"0,532";"0,704";"1,810";"0,000";"0,000";"0,000";
"14/11/2024 23:20";"0,944";"0,000";"0,756";"0,000";"0,931";"0,000";"2,632";"0,000";"0,073";"0,000";"0,000";"0,228";"0,944";"0,756";"0,931";"2,632";"0,000";"0,000";"0,000";
"14/11/2024 23:30";"0,517";"0,000";"0,492";"0,000";"0,736";"0,000";"1,745";"0,000";"0,000";"0,000";"0,000";"0,177";"0,517";"0,492";"0,736";"1,745";"0,000";"0,000";"0,000";
"14/11/2024 23:40";"0,523";"0,000";"0,538";"0,000";"0,826";"0,000";"1,887";"0,000";"0,000";"0,000";"0,000";"0,177";"0,523";"0,538";"0,826";"1,887";"0,000";"0,000";"0,000";
"14/11/2024 23:50";"0,695";"0,000";"0,752";"0,000";"1,048";"0,000";"2,495";"0,000";"0,034";"0,000";"0,000";"0,143";"0,695";"0,752";"1,048";"2,495";"0,000";"0,000";"0,000";
"15/11/2024 00:00";"0,512";"0,000";"0,494";"0,000";"0,693";"0,000";"1,699";"0,000";"0,000";"0,000";"0,000";"0,176";"0,512";"0,494";"0,693";"1,699";"0,000";"0,000";"0,000";
"15/11/2024 00:10";"0,555";"0,000";"0,593";"0,000";"0,731";"0,000";"1,880";"0,000";"0,000";"0,000";"0,000";"0,149";"0,555";"0,593";"0,731";"1,880";"0,000";"0,000";"0,000";
"15/11/2024 00:20";"0,877";"0,000";"0,686";"0,000";"0,883";"0,000";"2,445";"0,000";"0,081";"0,000";"0,000";"0,263";"0,877";"0,686";"0,883";"2,445";"0,000";"0,000";"0,000";
"15/11/2024 00:30";"0,525";"0,000";"0,508";"0,000";"0,710";"0,000";"1,744";"0,000";"0,000";"0,000";"0,000";"0,173";"0,525";"0,508";"0,710";"1,744";"0,000";"0,000";"0,000";
"15/11/2024 00:40";"0,405";"0,000";"0,559";"0,000";"0,704";"0,000";"1,668";"0,000";"0,000";"0,000";"0,000";"0,217";"0,405";"0,559";"0,704";"1,668";"0,000";"0,000";"0,000";
"15/11/2024 00:50";"0,592";"0,000";"0,695";"0,000";"0,909";"0,000";"2,195";"0,000";"0,074";"0,000";"0,000";"0,291";"0,592";"0,695";"0,909";"2,195";"0,000";"0,000";"0,000";
"15/11/2024 01:00";"0,458";"0,000";"0,531";"0,000";"0,725";"0,000";"1,713";"0,000";"0,000";"0,000";"0,000";"0,200";"0,458";"0,531";"0,725";"1,713";"0,000";"0,000";"0,000";
"15/11/2024 01:10";"0,655";"0,000";"0,580";"0,000";"0,739";"0,000";"1,974";"0,000";"0,000";"0,000";"0,000";"0,213";"0,655";"0,580";"0,739";"1,974";"0,000";"0,000";"0,000";
"15/11/2024 01:20";"0,702";"0,000";"0,669";"0,000";"0,903";"0,000";"2,275";"0,000";"0,072";"0,000";"0,000";"0,305";"0,702";"0,669";"0,903";"2,275";"0,000";"0,000";"0,000";
"15/11/2024 01:30";"0,443";"0,000";"0,532";"0,000";"0,694";"0,000";"1,669";"0,000";"0,000";"0,000";"0,000";"0,214";"0,443";"0,532";"0,694";"1,669";"0,000";"0,000";"0,000";
"15/11/2024 01:40";"0,485";"0,000";"0,603";"0,000";"0,757";"0,000";"1,845";"0,000";"0,000";"0,000";"0,000";"0,176";"0,485";"0,603";"0,757";"1,845";"0,000";"0,000";"0,000";
"15/11/2024 01:50";"0,651";"0,000";"0,712";"0,000";"0,954";"0,000";"2,316";"0,000";"0,073";"0,000";"0,000";"0,273";"0,651";"0,712";"0,954";"2,316";"0,000";"0,000";"0,000";
"15/11/2024 02:00";"0,685";"0,000";"0,539";"0,000";"0,712";"0,000";"1,937";"0,000";"0,000";"0,000";"0,000";"0,248";"0,685";"0,539";"0,712";"1,937";"0,000";"0,000";"0,000";
"15/11/2024 02:10";"0,431";"0,000";"0,561";"0,000";"0,717";"0,000";"1,710";"0,000";"0,000";"0,000";"0,000";"0,210";"0,431";"0,561";"0,717";"1,710";"0,000";"0,000";"0,000";
"15/11/2024 02:20";"0,546";"0,000";"0,649";"0,000";"0,874";"0,000";"2,069";"0,000";"0,071";"0,000";"0,000";"0,291";"0,546";"0,649";"0,874";"2,069";"0,000";"0,000";"0,000";
"15/11/2024 02:30";"0,496";"0,000";"0,601";"0,000";"0,757";"0,000";"1,853";"0,000";"0,000";"0,000";"0,000";"0,174";"0,496";"0,601";"0,757";"1,853";"0,000";"0,000";"0,000";
"15/11/2024 02:40";"0,409";"0,000";"0,504";"0,000";"0,692";"0,000";"1,605";"0,000";"0,000";"0,000";"0,000";"0,244";"0,409";"0,504";"0,692";"1,605";"0,000";"0,000";"0,000";
"15/11/2024 02:50";"0,592";"0,000";"0,715";"0,000";"0,939";"0,000";"2,246";"0,000";"0,072";"0,000";"0,000";"0,261";"0,592";"0,715";"0,939";"2,246";"0,000";"0,000";"0,000";
"15/11/2024 03:00";"0,509";"0,000";"0,625";"0,000";"0,922";"0,000";"2,056";"0,000";"0,000";"0,000";"0,000";"0,152";"0,509";"0,625";"0,922";"2,056";"0,000";"0,000";"0,000";
"15/11/2024 03:10";"0,633";"0,000";"0,553";"0,000";"0,783";"0,000";"1,969";"0,000";"0,000";"0,000";"0,000";"0,188";"0,633";"0,553";"0,783";"1,969";"0,000";"0,000";"0,000";
"15/11/2024 03:20";"0,737";"0,000";"0,684";"0,000";"0,869";"0,000";"2,290";"0,000";"0,067";"0,000";"0,000";"0,301";"0,737";"0,684";"0,869";"2,290";"0,000";"0,000";"0,000";
"15/11/2024 03:30";"0,737";"0,000";"0,615";"0,000";"0,770";"0,000";"2,122";"0,000";"0,000";"0,000";"0,000";"0,235";"0,737";"0,615";"0,770";"2,122";"0,000";"0,000";"0,000";
"15/11/2024 03:40";"0,602";"0,000";"0,576";"0,000";"0,843";"0,000";"2,022";"0,000";"0,000";"0,000";"0,000";"0,254";"0,602";"0,576";"0,843";"2,022";"0,000";"0,000";"0,000";
"15/11/2024 03:50";"0,770";"0,000";"0,646";"0,000";"0,942";"0,000";"2,357";"0,000";"0,040";"0,000";"0,000";"0,259";"0,770";"0,646";"0,942";"2,357";"0,000";"0,000";"0,000";
"15/11/2024 04:00";"0,497";"0,000";"0,617";"0,000";"0,748";"0,000";"1,862";"0,000";"0,000";"0,000";"0,000";"0,167";"0,497";"0,617";"0,748";"1,862";"0,000";"0,000";"0,000";
"15/11/2024 04:10";"0,425";"0,000";"0,480";"0,000";"0,699";"0,000";"1,603";"0,000";"0,000";"0,000";"0,000";"0,342";"0,425";"0,480";"0,699";"1,603";"0,000";"0,000";"0,000";
"15/11/2024 04:20";"0,609";"0,000";"0,768";"0,000";"0,922";"0,000";"2,298";"0,000";"0,073";"0,000";"0,000";"0,271";"0,609";"0,768";"0,922";"2,298";"0,000";"0,000";"0,000";
"15/11/2024 04:30";"0,453";"0,000";"0,506";"0,000";"0,693";"0,000";"1,652";"0,000";"0,000";"0,000";"0,000";"0,228";"0,453";"0,506";"0,693";"1,652";"0,000";"0,000";"0,000";
"15/11/2024 04:40";"0,446";"0,000";"0,575";"0,000";"0,748";"0,000";"1,769";"0,000";"0,000";"0,000";"0,000";"0,177";"0,446";"0,575";"0,748";"1,769";"0,000";"0,000";"0,000";
"15/11/2024 04:50";"0,539";"0,000";"0,706";"0,000";"0,881";"0,000";"2,126";"0,000";"0,072";"0,000";"0,000";"0,322";"0,539";"0,706";"0,881";"2,126";"0,000";"0,000";"0,000";
"15/11/2024 05:00";"0,516";"0,000";"0,549";"0,000";"0,751";"0,000";"1,816";"0,000";"0,000";"0,000";"0,000";"0,166";"0,516";"0,549";"0,751";"1,816";"0,000";"0,000";"0,000";
"15/11/2024 05:10";"0,658";"0,000";"0,625";"0,000";"0,792";"0,000";"2,075";"0,000";"0,000";"0,000";"0,000";"0,253";"0,658";"0,625";"0,792";"2,075";"0,000";"0,000";"0,000";
"15/11/2024 05:20";"0,886";"0,000";"0,816";"0,000";"0,884";"0,000";"2,585";"0,000";"0,069";"0,000";"0,000";"0,349";"0,886";"0,816";"0,884";"2,585";"0,000";"0,000";"0,000";
"15/11/2024 05:30";"1,314";"0,000";"1,227";"0,000";"1,446";"0,000";"3,987";"0,000";"0,001";"0,000";"0,000";"0,266";"1,314";"1,227";"1,446";"3,987";"0,000";"0,000";"0,000";
"15/11/2024 05:40";"1,775";"0,000";"1,475";"0,000";"2,078";"0,000";"5,329";"0,000";"0,000";"0,000";"0,000";"0,227";"1,775";"1,475";"2,078";"5,329";"0,000";"0,000";"0,000";
"15/11/2024 05:50";"2,176";"0,000";"2,005";"0,000";"2,586";"0,000";"6,767";"0,000";"0,527";"0,000";"0,000";"0,335";"2,176";"2,005";"2,586";"6,767";"0,000";"0,000";"0,000";
"15/11/2024 06:00";"7,945";"0,000";"7,350";"0,000";"8,008";"0,000";"23,303";"0,000";"1,039";"0,000";"0,000";"0,601";"7,945";"7,350";"8,008";"23,303";"0,000";"0,000";"0,000";
"15/11/2024 06:10";"7,960";"0,000";"8,265";"0,000";"8,732";"0,000";"24,956";"0,000";"0,794";"0,000";"0,000";"0,584";"7,960";"8,265";"8,732";"24,956";"0,000";"0,000";"0,000";
"15/11/2024 06:20";"8,219";"0,000";"8,690";"0,000";"8,785";"0,000";"25,694";"0,000";"0,928";"0,000";"0,000";"0,509";"8,219";"8,690";"8,785";"25,694";"0,000";"0,000";"0,000";
"15/11/2024 06:30";"7,387";"0,000";"7,228";"0,000";"7,710";"0,000";"22,325";"0,000";"1,199";"0,000";"0,000";"0,364";"7,387";"7,228";"7,710";"22,325";"0,000";"0,000";"0,000";
"15/11/2024 06:40";"7,426";"0,000";"6,991";"0,000";"7,661";"0,000";"22,077";"0,000";"0,721";"0,000";"0,000";"0,487";"7,426";"6,991";"7,661";"22,077";"0,000";"0,000";"0,000";
"15/11/2024 06:50";"8,460";"0,000";"7,932";"0,000";"8,598";"0,000";"24,990";"0,000";"1,346";"0,000";"0,000";"0,261";"8,460";"7,932";"8,598";"24,990";"0,000";"0,000";"0,000";
"15/11/2024 07:00";"7,850";"0,000";"7,683";"0,000";"8,377";"0,000";"23,911";"0,000";"0,792";"0,000";"0,000";"0,421";"7,850";"7,683";"8,377";"23,911";"0,000";"0,000";"0,000";
"15/11/2024 07:10";"8,485";"0,000";"8,208";"0,000";"9,011";"0,000";"25,705";"0,000";"1,355";"0,000";"0,000";"0,393";"8,485";"8,208";"9,011";"25,704";"0,000";"0,000";"0,000";
"15/11/2024 07:20";"9,374";"0,000";"8,562";"0,000";"9,187";"0,000";"27,123";"0,000";"1,170";"0,000";"0,000";"0,313";"9,374";"8,562";"9,187";"27,123";"0,000";"0,000";"0,000";
"15/11/2024 07:30";"8,895";"0,000";"8,034";"0,000";"8,655";"0,000";"25,584";"0,000";"0,850";"0,000";"0,000";"0,368";"8,895";"8,034";"8,655";"25,584";"0,000";"0,000";"0,000";
"15/11/2024 07:40";"7,983";"0,000";"7,827";"0,000";"8,170";"0,000";"23,980";"0,000";"0,607";"0,000";"0,000";"0,563";"7,983";"7,827";"8,170";"23,980";"0,000";"0,000";"0,000";
"15/11/2024 07:50";"7,630";"0,000";"7,318";"0,000";"7,916";"0,000";"22,864";"0,000";"0,543";"0,000";"0,000";"0,584";"7,630";"7,318";"7,916";"22,864";"0,000";"0,000";"0,000";
"15/11/2024 08:00";"7,422";"0,000";"7,532";"0,000";"7,950";"0,000";"22,904";"0,000";"0,528";"0,000";"0,000";"0,544";"7,422";"7,532";"7,950";"22,904";"0,000";"0,000";"0,000";
"15/11/2024 08:10";"8,173";"0,000";"7,956";"0,000";"8,684";"0,000";"24,813";"0,000";"0,694";"0,000";"0,000";"0,372";"8,173";"7,956";"8,684";"24,813";"0,000";"0,000";"0,000";
"15/11/2024 08:20";"7,967";"0,000";"7,457";"0,000";"8,211";"0,000";"23,635";"0,000";"0,907";"0,000";"0,000";"0,398";"7,967";"7,457";"8,211";"23,635";"0,000";"0,000";"0,000";
"15/11/2024 08:30";"7,773";"0,000";"7,303";"0,000";"7,853";"0,000";"22,928";"0,000";"0,779";"0,000";"0,000";"0,602";"7,773";"7,303";"7,853";"22,928";"0,000";"0,000";"0,000";
"15/11/2024 08:40";"8,212";"0,000";"7,808";"0,000";"8,346";"0,000";"24,366";"0,000";"1,116";"0,000";"0,000";"0,259";"8,212";"7,808";"8,346";"24,366";"0,000";"0,000";"0,000";
"15/11/2024 08:50";"7,678";"0,000";"7,211";"0,000";"7,841";"0,000";"22,731";"0,000";"0,831";"0,000";"0,000";"0,448";"7,678";"7,211";"7,841";"22,731";"0,000";"0,000";"0,000";
"15/11/2024 09:00";"7,468";"0,000";"7,047";"0,000";"7,812";"0,000";"22,327";"0,000";"0,744";"0,000";"0,000";"0,589";"7,547";"7,127";"7,892";"22,566";"0,239";"0,122";"0,117";
"15/11/2024 09:10";"8,045";"0,000";"7,485";"0,000";"8,337";"0,000";"23,867";"0,000";"1,380";"0,000";"0,000";"0,324";"8,191";"7,632";"8,484";"24,307";"0,440";"0,224";"0,216";
"15/11/2024 09:20";"8,079";"0,000";"7,571";"0,000";"8,251";"0,000";"23,901";"0,000";"1,202";"0,000";"0,000";"0,432";"8,247";"7,738";"8,419";"24,404";"0,503";"0,256";"0,247";
"15/11/2024 09:30";"8,491";"0,000";"7,730";"0,000";"8,506";"0,000";"24,727";"0,000";"1,069";"0,000";"0,000";"0,430";"8,709";"7,947";"8,723";"25,379";"0,652";"0,331";"0,321";
"15/11/2024 09:40";"8,077";"0,000";"7,313";"0,000";"7,720";"0,000";"23,110";"0,000";"0,911";"0,000";"0,000";"0,701";"8,357";"7,593";"7,999";"23,949";"0,839";"0,426";"0,413";
"15/11/2024 09:50";"3,658";"0,000";"2,816";"0,000";"3,463";"0,000";"9,937";"0,000";"0,421";"0,000";"0,000";"0,465";"4,007";"3,165";"3,812";"10,984";"1,047";"0,531";"0,516";
"15/11/2024 10:00";"3,627";"0,000";"2,840";"0,000";"3,400";"0,000";"9,867";"0,000";"0,368";"0,000";"0,000";"0,156";"4,047";"3,260";"3,820";"11,127";"1,260";"0,639";"0,621";
"15/11/2024 10:10";"2,835";"0,000";"2,481";"0,000";"3,050";"0,000";"8,366";"0,000";"0,394";"0,000";"0,000";"0,184";"3,273";"2,919";"3,488";"9,680";"1,314";"0,667";"0,647";
"15/11/2024 10:20";"7,398";"0,000";"6,769";"0,000";"7,338";"0,000";"21,505";"0,000";"0,911";"0,000";"0,000";"0,428";"7,902";"7,273";"7,842";"23,017";"1,512";"0,767";"0,745";
"15/11/2024 10:30";"7,526";"0,000";"7,132";"0,000";"7,601";"0,000";"22,259";"0,000";"0,836";"0,000";"0,000";"0,557";"8,054";"7,661";"8,130";"23,845";"1,586";"0,805";"0,781";
"15/11/2024 10:40";"8,662";"0,000";"8,189";"0,000";"8,969";"0,000";"25,821";"0,000";"0,958";"0,000";"0,000";"0,517";"9,143";"8,670";"9,450";"27,263";"1,442";"0,732";"0,710";
"15/11/2024 10:50";"8,018";"0,000";"7,395";"0,000";"8,196";"0,000";"23,610";"0,000";"1,046";"0,000";"0,000";"0,465";"8,428";"7,805";"8,606";"24,840";"1,230";"0,625";"0,605";
"15/11/2024 11:00";"8,930";"0,000";"8,114";"0,000";"8,944";"0,000";"25,988";"0,000";"0,723";"0,000";"0,000";"0,709";"9,339";"8,523";"9,354";"27,217";"1,229";"0,624";"0,605";
"15/11/2024 11:10";"8,715";"0,000";"8,094";"0,000";"8,839";"0,000";"25,648";"0,000";"1,748";"0,000";"0,000";"0,431";"9,131";"8,509";"9,254";"26,894";"1,246";"0,633";"0,613";
"15/11/2024 11:20";"7,625";"0,000";"6,964";"0,000";"7,852";"0,000";"22,441";"0,000";"0,909";"0,000";"0,000";"0,433";"7,989";"7,329";"8,216";"23,534";"1,093";"0,556";"0,537";
"15/11/2024 11:30";"6,245";"0,000";"5,810";"0,000";"6,683";"0,000";"18,738";"0,000";"0,631";"0,000";"0,000";"0,585";"6,738";"6,303";"7,176";"20,217";"1,479";"0,751";"0,728";
"15/11/2024 11:40";"3,376";"0,000";"2,898";"0,000";"4,029";"0,000";"10,302";"0,000";"0,693";"0,000";"0,000";"0,724";"3,871";"3,394";"4,524";"11,789";"1,487";"0,755";"0,732";
"15/11/2024 11:50";"3,175";"0,000";"2,553";"0,000";"3,470";"0,000";"9,198";"0,000";"0,586";"0,000";"0,000";"0,551";"3,691";"3,069";"3,986";"10,745";"1,547";"0,786";"0,761";
"15/11/2024 12:00";"3,154";"0,000";"2,714";"0,000";"3,558";"0,000";"9,427";"0,000";"0,890";"0,000";"0,000";"0,370";"3,855";"3,415";"4,259";"11,529";"2,102";"1,067";"1,035";
"15/11/2024 12:10";"3,367";"0,000";"3,028";"0,000";"4,021";"0,000";"10,415";"0,000";"0,592";"0,000";"0,000";"0,566";"4,059";"3,720";"4,713";"12,491";"2,076";"1,055";"1,021";
"15/11/2024 12:20";"4,709";"0,000";"3,928";"0,000";"4,756";"0,000";"13,393";"0,000";"0,926";"0,000";"0,000";"0,472";"5,448";"4,667";"5,495";"15,610";"2,217";"1,127";"1,090";
"15/11/2024 12:30";"7,645";"0,000";"6,890";"0,000";"7,480";"0,000";"22,015";"0,000";"0,939";"0,000";"0,000";"0,582";"8,436";"7,681";"8,271";"24,388";"2,373";"1,206";"1,167";
"15/11/2024 12:40";"8,368";"0,000";"7,554";"0,000";"8,480";"0,000";"24,403";"0,000";"1,408";"0,000";"0,000";"0,301";"9,811";"8,998";"9,924";"28,733";"4,330";"2,195";"2,135";
"15/11/2024 12:50";"8,114";"0,000";"7,572";"0,000";"8,143";"0,000";"23,829";"0,000";"1,075";"0,000";"0,000";"0,371";"9,853";"9,311";"9,882";"29,046";"5,217";"2,643";"2,574";
"15/11/2024 13:00";"8,592";"0,000";"7,602";"0,000";"8,308";"0,000";"24,503";"0,000";"0,842";"0,000";"0,000";"0,334";"10,147";"9,156";"9,863";"29,166";"4,663";"2,374";"2,289";
"15/11/2024 13:10";"7,069";"0,000";"6,502";"0,000";"7,369";"0,000";"20,940";"0,000";"0,617";"0,000";"0,000";"0,378";"9,036";"8,468";"9,336";"26,840";"5,900";"3,013";"2,887";
"15/11/2024 13:20";"4,434";"0,000";"3,836";"0,000";"4,658";"0,000";"12,928";"0,000";"0,578";"0,000";"0,000";"0,403";"6,226";"5,628";"6,450";"18,304";"5,376";"2,741";"2,635";
"15/11/2024 13:30";"2,005";"0,000";"1,518";"0,000";"2,357";"0,000";"5,880";"0,000";"0,247";"0,000";"0,000";"0,188";"2,814";"2,327";"3,166";"8,307";"2,427";"1,234";"1,193";
"15/11/2024 13:40";"1,783";"0,000";"1,346";"0,000";"1,864";"0,000";"4,993";"0,000";"0,228";"0,000";"0,000";"0,034";"2,703";"2,267";"2,784";"7,755";"2,762";"1,409";"1,353";
"15/11/2024 13:50";"1,372";"0,000";"0,898";"0,000";"1,537";"0,000";"3,807";"0,000";"0,110";"0,000";"0,000";"0,099";"2,101";"1,627";"2,266";"5,994";"2,187";"1,117";"1,070";
"15/11/2024 14:00";"0,986";"0,000";"0,664";"0,000";"1,177";"0,000";"2,826";"0,000";"0,065";"0,000";"0,000";"0,012";"1,789";"1,467";"1,980";"5,235";"2,409";"1,229";"1,180";
"15/11/2024 14:10";"0,832";"0,000";"0,582";"0,000";"0,595";"0,000";"2,009";"0,000";"0,001";"0,000";"0,000";"0,045";"1,592";"1,341";"1,355";"4,288";"2,279";"1,163";"1,116";
"15/11/2024 14:20";"0,795";"0,000";"0,517";"0,000";"0,539";"0,000";"1,852";"0,000";"0,008";"0,000";"0,000";"0,049";"1,449";"1,171";"1,193";"3,813";"1,961";"1,000";"0,961";
"15/11/2024 14:30";"0,840";"0,000";"0,580";"0,000";"0,694";"0,000";"2,115";"0,000";"0,106";"0,000";"0,000";"0,176";"1,914";"1,654";"1,768";"5,336";"3,221";"1,646";"1,575";
"15/11/2024 14:40";"0,701";"0,000";"0,463";"0,000";"0,511";"0,000";"1,675";"0,000";"0,023";"0,000";"0,000";"0,072";"2,274";"2,036";"2,085";"6,395";"4,720";"2,408";"2,312";
"15/11/2024 14:50";"0,677";"0,000";"0,394";"0,000";"0,475";"0,000";"1,546";"0,000";"0,006";"0,000";"0,000";"0,077";"1,913";"1,630";"1,711";"5,254";"3,708";"1,892";"1,816";
"15/11/2024 15:00";"0,809";"0,000";"0,461";"0,000";"0,579";"0,000";"1,848";"0,000";"0,047";"0,000";"0,000";"0,083";"1,866";"1,518";"1,636";"5,019";"3,171";"1,614";"1,557";
"15/11/2024 15:10";"0,856";"0,000";"0,584";"0,000";"0,664";"0,000";"2,104";"0,000";"0,026";"0,000";"0,000";"0,270";"1,301";"1,029";"1,110";"3,440";"1,336";"0,682";"0,654";
"15/11/2024 15:20";"1,009";"0,000";"0,484";"0,000";"0,654";"0,000";"2,146";"0,000";"0,050";"0,000";"0,000";"0,062";"1,682";"1,157";"1,327";"4,166";"2,020";"1,026";"0,994";
"15/11/2024 15:30";"0,734";"0,000";"0,443";"0,000";"0,546";"0,000";"1,723";"0,000";"0,055";"0,000";"0,000";"0,010";"1,431";"1,141";"1,244";"3,816";"2,093";"1,065";"1,028";
"15/11/2024 15:40";"0,637";"0,000";"0,361";"0,000";"0,455";"0,000";"1,452";"0,000";"0,000";"0,000";"0,000";"0,061";"1,321";"1,045";"1,139";"3,505";"2,053";"1,048";"1,005";
"15/11/2024 15:50";"0,487";"0,000";"0,291";"0,000";"0,500";"0,000";"1,278";"0,000";"0,003";"0,000";"0,000";"0,092";"1,416";"1,220";"1,429";"4,065";"2,787";"1,429";"1,358";
"15/11/2024 16:00";"0,676";"0,000";"0,574";"0,000";"0,880";"0,000";"2,130";"0,000";"0,064";"0,000";"0,000";"0,050";"1,525";"1,424";"1,729";"4,679";"2,549";"1,309";"1,240";
"15/11/2024 16:10";"0,502";"0,000";"0,334";"0,000";"0,526";"0,000";"1,362";"0,000";"0,007";"0,000";"0,000";"0,081";"1,093";"0,925";"1,117";"3,135";"1,773";"0,912";"0,861";
"15/11/2024 16:20";"0,552";"0,000";"0,330";"0,000";"0,527";"0,000";"1,409";"0,000";"0,003";"0,000";"0,000";"0,095";"1,284";"1,062";"1,259";"3,606";"2,197";"1,130";"1,067";
"15/11/2024 16:30";"0,580";"0,000";"0,430";"0,000";"0,663";"0,000";"1,673";"0,000";"0,080";"0,000";"0,000";"0,189";"1,101";"0,952";"1,185";"3,237";"1,564";"0,806";"0,758";
"15/11/2024 16:40";"0,464";"0,000";"0,312";"0,000";"0,469";"0,000";"1,245";"0,000";"0,004";"0,000";"0,000";"0,089";"0,883";"0,730";"0,888";"2,501";"1,256";"0,646";"0,610";
"15/11/2024 16:50";"0,510";"0,000";"0,319";"0,000";"0,497";"0,000";"1,326";"0,000";"0,000";"0,000";"0,000";"0,052";"0,733";"0,541";"0,719";"1,993";"0,667";"0,343";"0,324";
"15/11/2024 17:00";"0,611";"0,000";"0,380";"0,000";"0,565";"0,000";"1,556";"0,000";"0,038";"0,000";"0,000";"0,033";"0,749";"0,518";"0,702";"1,969";"0,413";"0,213";"0,200";
"15/11/2024 17:10";"0,464";"0,000";"0,314";"0,000";"0,464";"0,000";"1,243";"0,000";"0,001";"0,000";"0,000";"0,089";"0,559";"0,408";"0,559";"1,526";"0,283";"0,147";"0,136";
"15/11/2024 17:20";"0,597";"0,000";"0,448";"0,000";"0,647";"0,000";"1,693";"0,000";"0,081";"0,000";"0,000";"0,176";"0,656";"0,508";"0,707";"1,871";"0,178";"0,093";"0,085";
"15/11/2024 17:30";"0,797";"0,000";"0,320";"0,000";"0,503";"0,000";"1,621";"0,000";"0,016";"0,000";"0,000";"0,066";"0,839";"0,362";"0,545";"1,747";"0,126";"0,066";"0,060";
"15/11/2024 17:40";"0,480";"0,000";"0,346";"0,000";"0,481";"0,000";"1,306";"0,000";"0,009";"0,000";"0,000";"0,079";"0,511";"0,377";"0,512";"1,400";"0,094";"0,049";"0,045";
"15/11/2024 17:50";"0,612";"0,000";"0,410";"0,000";"0,587";"0,000";"1,609";"0,000";"0,043";"0,000";"0,000";"0,011";"0,630";"0,428";"0,605";"1,663";"0,054";"0,028";"0,026";
"15/11/2024 18:00";"1,038";"0,000";"0,452";"0,000";"0,661";"0,000";"2,151";"0,000";"0,075";"0,000";"0,000";"0,188";"1,042";"0,456";"0,666";"2,164";"0,013";"0,007";"0,006";
"15/11/2024 18:10";"0,455";"0,000";"0,297";"0,000";"0,467";"0,000";"1,219";"0,000";"0,002";"0,000";"0,000";"0,099";"0,455";"0,297";"0,467";"1,219";"0,000";"0,000";"0,000";
"15/11/2024 18:20";"0,560";"0,000";"0,388";"0,000";"0,557";"0,000";"1,505";"0,000";"0,012";"0,000";"0,000";"0,038";"0,560";"0,388";"0,557";"1,505";"0,000";"0,000";"0,000";
"15/11/2024 18:30";"0,735";"0,000";"0,694";"0,000";"0,844";"0,000";"2,273";"0,000";"0,032";"0,000";"0,000";"0,141";"0,735";"0,694";"0,844";"2,273";"0,000";"0,000";"0,000";
"15/11/2024 18:40";"0,608";"0,000";"0,445";"0,000";"0,630";"0,000";"1,683";"0,000";"0,000";"0,000";"0,000";"0,198";"0,608";"0,445";"0,630";"1,683";"0,000";"0,000";"0,000";
"15/11/2024 18:50";"0,609";"0,000";"0,478";"0,000";"0,652";"0,000";"1,739";"0,000";"0,000";"0,000";"0,000";"0,172";"0,609";"0,478";"0,652";"1,739";"0,000";"0,000";"0,000";
"15/11/2024 19:00";"0,806";"0,000";"0,594";"0,000";"0,719";"0,000";"2,119";"0,000";"0,000";"0,000";"0,000";"0,109";"0,806";"0,594";"0,719";"2,119";"0,000";"0,000";"0,000";
"15/11/2024 19:10";"0,852";"0,000";"0,596";"0,000";"0,696";"0,000";"2,144";"0,000";"0,000";"0,000";"0,000";"0,122";"0,852";"0,596";"0,696";"2,144";"0,000";"0,000";"0,000";
"15/11/2024 19:20";"0,974";"0,000";"0,651";"0,000";"0,833";"0,000";"2,458";"0,000";"0,095";"0,000";"0,000";"0,183";"0,974";"0,651";"0,833";"2,458";"0,000";"0,000";"0,000";
"15/11/2024 19:30";"0,556";"0,000";"0,455";"0,000";"0,617";"0,000";"1,628";"0,000";"0,000";"0,000";"0,000";"0,201";"0,556";"0,455";"0,617";"1,628";"0,000";"0,000";"0,000";
"15/11/2024 19:40";"0,579";"0,000";"0,447";"0,000";"0,627";"0,000";"1,653";"0,000";"0,000";"0,000";"0,000";"0,180";"0,579";"0,447";"0,627";"1,653";"0,000";"0,000";"0,000";
"15/11/2024 19:50";"0,726";"0,000";"0,577";"0,000";"0,723";"0,000";"2,026";"0,000";"0,003";"0,000";"0,000";"0,098";"0,726";"0,577";"0,723";"2,026";"0,000";"0,000";"0,000";
"15/11/2024 20:00";"0,844";"0,000";"0,657";"0,000";"0,865";"0,000";"2,366";"0,000";"0,080";"0,000";"0,000";"0,191";"0,844";"0,657";"0,865";"2,366";"0,000";"0,000";"0,000";
"15/11/2024 20:10";"0,600";"0,000";"0,559";"0,000";"0,825";"0,000";"1,983";"0,000";"0,002";"0,000";"0,000";"0,145";"0,600";"0,559";"0,825";"1,983";"0,000";"0,000";"0,000";
"15/11/2024 20:20";"0,408";"0,000";"0,560";"0,000";"0,692";"0,000";"1,660";"0,000";"0,000";"0,000";"0,000";"0,114";"0,408";"0,560";"0,692";"1,660";"0,000";"0,000";"0,000";
"15/11/2024 20:30";"0,362";"0,000";"0,496";"0,000";"0,642";"0,000";"1,499";"0,000";"0,002";"0,000";"0,000";"0,163";"0,362";"0,496";"0,642";"1,499";"0,000";"0,000";"0,000";
"15/11/2024 20:40";"0,460";"0,000";"0,538";"0,000";"0,717";"0,000";"1,714";"0,000";"0,000";"0,000";"0,000";"0,106";"0,460";"0,538";"0,717";"1,714";"0,000";"0,000";"0,000";
"15/11/2024 20:50";"0,603";"0,000";"0,667";"0,000";"0,839";"0,000";"2,109";"0,000";"0,078";"0,000";"0,000";"0,238";"0,603";"0,667";"0,839";"2,109";"0,000";"0,000";"0,000";
"15/11/2024 21:00";"0,659";"0,000";"0,555";"0,000";"0,692";"0,000";"1,906";"0,000";"0,000";"0,000";"0,000";"0,108";"0,659";"0,555";"0,692";"1,906";"0,000";"0,000";"0,000";
"15/11/2024 21:10";"0,461";"0,000";"0,482";"0,000";"0,652";"0,000";"1,595";"0,000";"0,000";"0,000";"0,000";"0,156";"0,461";"0,482";"0,652";"1,595";"0,000";"0,000";"0,000";
"15/11/2024 21:20";"0,456";"0,000";"0,586";"0,000";"0,722";"0,000";"1,763";"0,000";"0,000";"0,000";"0,000";"0,096";"0,456";"0,586";"0,722";"1,763";"0,000";"0,000";"0,000";
"15/11/2024 21:30";"0,462";"0,000";"0,592";"0,000";"0,747";"0,000";"1,801";"0,000";"0,003";"0,000";"0,000";"0,157";"0,462";"0,592";"0,747";"1,801";"0,000";"0,000";"0,000";
"15/11/2024 21:40";"0,785";"0,000";"0,650";"0,000";"0,847";"0,000";"2,281";"0,000";"0,068";"0,000";"0,000";"0,276";"0,785";"0,650";"0,847";"2,281";"0,000";"0,000";"0,000";
"15/11/2024 21:50";"0,452";"0,000";"0,606";"0,000";"0,718";"0,000";"1,776";"0,000";"0,000";"0,000";"0,000";"0,089";"0,452";"0,606";"0,718";"1,776";"0,000";"0,000";"0,000";
"15/11/2024 22:00";"0,338";"0,000";"0,434";"0,000";"0,615";"0,000";"1,387";"0,000";"0,000";"0,000";"0,000";"0,182";"0,338";"0,434";"0,615";"1,387";"0,000";"0,000";"0,000";
"15/11/2024 22:10";"0,695";"0,000";"0,593";"0,000";"0,687";"0,000";"1,976";"0,000";"0,000";"0,000";"0,000";"0,121";"0,695";"0,593";"0,687";"1,976";"0,000";"0,000";"0,000";
"15/11/2024 22:20";"0,858";"0,000";"0,744";"0,000";"0,870";"0,000";"2,473";"0,000";"0,079";"0,000";"0,000";"0,224";"0,858";"0,744";"0,870";"2,473";"0,000";"0,000";"0,000";
"15/11/2024 22:30";"0,492";"0,000";"0,592";"0,000";"0,739";"0,000";"1,824";"0,000";"0,013";"0,000";"0,000";"0,185";"0,492";"0,592";"0,739";"1,824";"0,000";"0,000";"0,000";
"15/11/2024 22:40";"0,458";"0,000";"0,558";"0,000";"0,726";"0,000";"1,742";"0,000";"0,000";"0,000";"0,000";"0,254";"0,458";"0,558";"0,726";"1,742";"0,000";"0,000";"0,000";
"15/11/2024 22:50";"0,407";"0,000";"0,565";"0,000";"0,681";"0,000";"1,653";"0,000";"0,000";"0,000";"0,000";"0,137";"0,407";"0,565";"0,681";"1,653";"0,000";"0,000";"0,000";
"15/11/2024 23:00";"0,460";"0,000";"0,571";"0,000";"0,743";"0,000";"1,774";"0,000";"0,004";"0,000";"0,000";"0,232";"0,460";"0,571";"0,743";"1,774";"0,000";"0,000";"0,000";
"15/11/2024 23:10";"0,501";"0,000";"0,681";"0,000";"0,843";"0,000";"2,024";"0,000";"0,070";"0,000";"0,000";"0,266";"0,501";"0,681";"0,843";"2,024";"0,000";"0,000";"0,000";
"15/11/2024 23:20";"0,444";"0,000";"0,567";"0,000";"0,727";"0,000";"1,739";"0,000";"0,001";"0,000";"0,000";"0,087";"0,444";"0,567";"0,727";"1,739";"0,000";"0,000";"0,000";
"15/11/2024 23:30";"0,469";"0,000";"0,584";"0,000";"0,727";"0,000";"1,779";"0,000";"0,009";"0,000";"0,000";"0,178";"0,469";"0,584";"0,727";"1,779";"0,000";"0,000";"0,000";
"15/11/2024 23:40";"0,423";"0,000";"0,523";"0,000";"0,658";"0,000";"1,605";"0,000";"0,000";"0,000";"0,000";"0,152";"0,423";"0,523";"0,658";"1,605";"0,000";"0,000";"0,000";
"15/11/2024 23:50";"0,835";"0,000";"0,716";"0,000";"0,919";"0,000";"2,470";"0,000";"0,084";"0,000";"0,000";"0,189";"0,835";"0,716";"0,919";"2,470";"0,000";"0,000";"0,000";
"16/11/2024 00:00";"0,512";"0,000";"0,554";"0,000";"0,748";"0,000";"1,814";"0,000";"0,000";"0,000";"0,000";"0,201";"0,512";"0,554";"0,748";"1,814";"0,000";"0,000";"0,000";
"16/11/2024 00:10";"0,440";"0,000";"0,547";"0,000";"0,832";"0,000";"1,820";"0,000";"0,000";"0,000";"0,000";"0,097";"0,440";"0,547";"0,832";"1,820";"0,000";"0,000";"0,000";
"16/11/2024 00:20";"0,460";"0,000";"0,612";"0,000";"0,716";"0,000";"1,788";"0,000";"0,000";"0,000";"0,000";"0,138";"0,460";"0,612";"0,716";"1,788";"0,000";"0,000";"0,000";
"16/11/2024 00:30";"0,533";"0,000";"0,528";"0,000";"0,703";"0,000";"1,764";"0,000";"0,000";"0,000";"0,000";"0,129";"0,533";"0,528";"0,703";"1,764";"0,000";"0,000";"0,000";
"16/11/2024 00:40";"0,584";"0,000";"0,732";"0,000";"0,936";"0,000";"2,251";"0,000";"0,076";"0,000";"0,000";"0,219";"0,584";"0,732";"0,936";"2,251";"0,000";"0,000";"0,000";
"16/11/2024 00:50";"0,401";"0,000";"0,531";"0,000";"0,678";"0,000";"1,610";"0,000";"0,001";"0,000";"0,000";"0,152";"0,401";"0,531";"0,678";"1,610";"0,000";"0,000";"0,000";
"16/11/2024 01:00";"0,444";"0,000";"0,535";"0,000";"0,742";"0,000";"1,720";"0,000";"0,000";"0,000";"0,000";"0,103";"0,444";"0,535";"0,742";"1,720";"0,000";"0,000";"0,000";
"16/11/2024 01:10";"0,505";"0,000";"0,630";"0,000";"0,771";"0,000";"1,907";"0,000";"0,000";"0,000";"0,000";"0,173";"0,505";"0,630";"0,771";"1,907";"0,000";"0,000";"0,000";
"16/11/2024 01:20";"0,888";"0,000";"0,709";"0,000";"0,863";"0,000";"2,459";"0,000";"0,065";"0,000";"0,000";"0,300";"0,888";"0,709";"0,863";"2,459";"0,000";"0,000";"0,000";
"16/11/2024 01:30";"0,451";"0,000";"0,596";"0,000";"0,751";"0,000";"1,797";"0,000";"0,000";"0,000";"0,000";"0,204";"0,451";"0,596";"0,751";"1,797";"0,000";"0,000";"0,000";
"16/11/2024 01:40";"0,400";"0,000";"0,516";"0,000";"0,675";"0,000";"1,591";"0,000";"0,000";"0,000";"0,000";"0,170";"0,400";"0,516";"0,675";"1,591";"0,000";"0,000";"0,000";
"16/11/2024 01:50";"0,626";"0,000";"0,534";"0,000";"0,734";"0,000";"1,894";"0,000";"0,001";"0,000";"0,000";"0,112";"0,626";"0,534";"0,734";"1,894";"0,000";"0,000";"0,000";
"16/11/2024 02:00";"0,613";"0,000";"0,530";"0,000";"0,668";"0,000";"1,811";"0,000";"0,000";"0,000";"0,000";"0,163";"0,613";"0,530";"0,668";"1,811";"0,000";"0,000";"0,000";
"16/11/2024 02:10";"0,565";"0,000";"0,728";"0,000";"0,923";"0,000";"2,215";"0,000";"0,077";"0,000";"0,000";"0,164";"0,565";"0,728";"0,923";"2,215";"0,000";"0,000";"0,000";
"16/11/2024 02:20";"0,483";"0,000";"0,569";"0,000";"0,770";"0,000";"1,822";"0,000";"0,000";"0,000";"0,000";"0,189";"0,483";"0,569";"0,770";"1,822";"0,000";"0,000";"0,000";
"16/11/2024 02:30";"0,758";"0,000";"0,502";"0,000";"0,646";"0,000";"1,907";"0,000";"0,000";"0,000";"0,000";"0,195";"0,758";"0,502";"0,646";"1,907";"0,000";"0,000";"0,000";
"16/11/2024 02:40";"0,561";"0,000";"0,713";"0,000";"0,913";"0,000";"2,187";"0,000";"0,075";"0,000";"0,000";"0,208";"0,561";"0,713";"0,913";"2,187";"0,000";"0,000";"0,000";
"16/11/2024 02:50";"0,389";"0,000";"0,476";"0,000";"0,676";"0,000";"1,541";"0,000";"0,000";"0,000";"0,000";"0,169";"0,389";"0,476";"0,676";"1,541";"0,000";"0,000";"0,000";
"16/11/2024 03:00";"0,460";"0,000";"0,603";"0,000";"0,821";"0,000";"1,883";"0,000";"0,002";"0,000";"0,000";"0,098";"0,460";"0,603";"0,821";"1,883";"0,000";"0,000";"0,000";
"16/11/2024 03:10";"0,408";"0,000";"0,482";"0,000";"0,836";"0,000";"1,726";"0,000";"0,000";"0,000";"0,000";"0,152";"0,408";"0,482";"0,836";"1,726";"0,000";"0,000";"0,000";
"16/11/2024 03:20";"0,438";"0,000";"0,583";"0,000";"0,774";"0,000";"1,795";"0,000";"0,031";"0,000";"0,000";"0,144";"0,438";"0,583";"0,774";"1,795";"0,000";"0,000";"0,000";
"16/11/2024 03:30";"0,607";"0,000";"0,739";"0,000";"0,918";"0,000";"2,264";"0,000";"0,008";"0,000";"0,000";"0,218";"0,607";"0,739";"0,918";"2,264";"0,000";"0,000";"0,000";
"16/11/2024 03:40";"0,749";"0,000";"0,532";"0,000";"0,700";"0,000";"1,981";"0,000";"0,000";"0,000";"0,000";"0,217";"0,749";"0,532";"0,700";"1,981";"0,000";"0,000";"0,000";
"16/11/2024 03:50";"0,437";"0,000";"0,593";"0,000";"0,742";"0,000";"1,773";"0,000";"0,002";"0,000";"0,000";"0,104";"0,437";"0,593";"0,742";"1,773";"0,000";"0,000";"0,000";
"16/11/2024 04:00";"0,501";"0,000";"0,524";"0,000";"0,718";"0,000";"1,744";"0,000";"0,003";"0,000";"0,000";"0,118";"0,501";"0,524";"0,718";"1,744";"0,000";"0,000";"0,000";
"16/11/2024 04:10";"0,696";"0,000";"0,700";"0,000";"0,988";"0,000";"2,385";"0,000";"0,078";"0,000";"0,000";"0,205";"0,696";"0,700";"0,988";"2,385";"0,000";"0,000";"0,000";
"16/11/2024 04:20";"0,724";"0,000";"0,526";"0,000";"0,784";"0,000";"2,034";"0,000";"0,001";"0,000";"0,000";"0,127";"0,724";"0,526";"0,784";"2,034";"0,000";"0,000";"0,000";
"16/11/2024 04:30";"0,552";"0,000";"0,532";"0,000";"0,833";"0,000";"1,918";"0,000";"0,000";"0,000";"0,000";"0,068";"0,552";"0,532";"0,833";"1,918";"0,000";"0,000";"0,000";
"16/11/2024 04:40";"0,575";"0,000";"0,596";"0,000";"0,723";"0,000";"1,895";"0,000";"0,003";"0,000";"0,000";"0,125";"0,575";"0,596";"0,723";"1,895";"0,000";"0,000";"0,000";
"16/11/2024 04:50";"0,955";"0,000";"0,783";"0,000";"0,881";"0,000";"2,620";"0,000";"0,055";"0,000";"0,000";"0,197";"0,955";"0,783";"0,881";"2,620";"0,000";"0,000";"0,000";
"16/11/2024 05:00";"0,577";"0,000";"0,531";"0,000";"0,719";"0,000";"1,826";"0,000";"0,007";"0,000";"0,000";"0,075";"0,577";"0,531";"0,719";"1,826";"0,000";"0,000";"0,000";
"16/11/2024 05:10";"0,479";"0,000";"0,526";"0,000";"0,666";"0,000";"1,671";"0,000";"0,000";"0,000";"0,000";"0,114";"0,479";"0,526";"0,666";"1,671";"0,000";"0,000";"0,000";
"16/11/2024 05:20";"0,455";"0,000";"0,576";"0,000";"0,758";"0,000";"1,788";"0,000";"0,000";"0,000";"0,000";"0,083";"0,455";"0,576";"0,758";"1,788";"0,000";"0,000";"0,000";
"16/11/2024 05:30";"0,456";"0,000";"0,547";"0,000";"0,762";"0,000";"1,766";"0,000";"0,000";"0,000";"0,000";"0,212";"0,456";"0,547";"0,762";"1,766";"0,000";"0,000";"0,000";
"16/11/2024 05:40";"0,978";"0,000";"0,715";"0,000";"0,889";"0,000";"2,583";"0,000";"0,077";"0,000";"0,000";"0,226";"0,978";"0,715";"0,889";"2,583";"0,000";"0,000";"0,000";
"16/11/2024 05:50";"0,964";"0,000";"0,955";"0,000";"0,734";"0,000";"2,653";"0,000";"0,001";"0,000";"0,000";"0,133";"0,964";"0,955";"0,734";"2,653";"0,000";"0,000";"0,000";
"16/11/2024 06:00";"0,660";"0,000";"0,611";"0,000";"0,721";"0,000";"1,992";"0,000";"0,000";"0,000";"0,000";"0,134";"0,660";"0,611";"0,721";"1,992";"0,000";"0,000";"0,000";
"16/11/2024 06:10";"0,559";"0,000";"0,752";"0,000";"0,942";"0,000";"2,252";"0,000";"0,037";"0,000";"0,000";"0,106";"0,559";"0,752";"0,942";"2,252";"0,000";"0,000";"0,000";
"16/11/2024 06:20";"0,382";"0,000";"0,476";"0,000";"0,684";"0,000";"1,542";"0,000";"0,000";"0,000";"0,000";"0,158";"0,382";"0,476";"0,684";"1,542";"0,000";"0,000";"0,000";
"16/11/2024 06:30";"0,441";"0,000";"0,570";"0,000";"0,742";"0,000";"1,753";"0,000";"0,000";"0,000";"0,000";"0,106";"0,441";"0,570";"0,742";"1,753";"0,000";"0,000";"0,000";
"16/11/2024 06:40";"0,473";"0,000";"0,600";"0,000";"0,760";"0,000";"1,834";"0,000";"0,009";"0,000";"0,000";"0,087";"0,473";"0,600";"0,760";"1,834";"0,000";"0,000";"0,000";
"16/11/2024 06:50";"1,126";"0,000";"0,865";"0,000";"0,758";"0,000";"2,749";"0,000";"0,003";"0,000";"0,000";"0,145";"1,126";"0,865";"0,758";"2,749";"0,000";"0,000";"0,000";
"16/11/2024 07:00";"1,317";"0,000";"0,753";"0,000";"0,890";"0,000";"2,960";"0,000";"0,070";"0,000";"0,000";"0,331";"1,317";"0,753";"0,890";"2,960";"0,000";"0,000";"0,000";
"16/11/2024 07:10";"0,907";"0,000";"0,641";"0,000";"0,670";"0,000";"2,218";"0,000";"0,000";"0,000";"0,000";"0,207";"0,907";"0,641";"0,670";"2,218";"0,000";"0,000";"0,000";
"16/11/2024 07:20";"0,852";"0,000";"0,751";"0,000";"0,643";"0,000";"2,245";"0,000";"0,000";"0,000";"0,000";"0,220";"0,852";"0,751";"0,643";"2,245";"0,000";"0,000";"0,000";
"16/11/2024 07:30";"0,450";"0,000";"0,611";"0,000";"0,736";"0,000";"1,797";"0,000";"0,004";"0,000";"0,000";"0,098";"0,450";"0,611";"0,736";"1,797";"0,000";"0,000";"0,000";
"16/11/2024 07:40";"0,600";"0,000";"0,711";"0,000";"0,945";"0,000";"2,257";"0,000";"0,042";"0,000";"0,000";"0,110";"0,600";"0,711";"0,945";"2,257";"0,000";"0,000";"0,000";
"16/11/2024 07:50";"0,540";"0,000";"0,582";"0,000";"0,766";"0,000";"1,888";"0,000";"0,002";"0,000";"0,000";"0,159";"0,540";"0,582";"0,766";"1,888";"0,000";"0,000";"0,000";
"16/11/2024 08:00";"0,926";"0,000";"0,671";"0,000";"0,723";"0,000";"2,320";"0,000";"0,002";"0,000";"0,000";"0,134";"0,926";"0,671";"0,723";"2,320";"0,000";"0,000";"0,000";
"16/11/2024 08:10";"0,862";"0,000";"0,931";"0,000";"0,720";"0,000";"2,514";"0,000";"0,000";"0,000";"0,000";"0,219";"0,862";"0,931";"0,720";"2,514";"0,000";"0,000";"0,000";
"16/11/2024 08:20";"0,887";"0,000";"0,914";"0,000";"0,765";"0,000";"2,566";"0,000";"0,000";"0,000";"0,000";"0,170";"0,887";"0,914";"0,765";"2,566";"0,000";"0,000";"0,000";
"16/11/2024 08:30";"0,839";"0,000";"0,525";"0,000";"0,866";"0,000";"2,230";"0,000";"0,076";"0,000";"0,000";"0,225";"0,839";"0,525";"0,866";"2,230";"0,000";"0,000";"0,000";
"16/11/2024 08:40";"0,398";"0,000";"0,432";"0,000";"0,657";"0,000";"1,487";"0,000";"0,010";"0,000";"0,000";"0,031";"0,413";"0,448";"0,673";"1,534";"0,047";"0,024";"0,023";
"16/11/2024 08:50";"0,411";"0,000";"0,463";"0,000";"0,584";"0,000";"1,458";"0,000";"0,037";"0,000";"0,000";"0,043";"0,477";"0,528";"0,650";"1,654";"0,196";"0,101";"0,095";
"16/11/2024 09:00";"0,800";"0,000";"0,357";"0,000";"0,529";"0,000";"1,686";"0,000";"0,005";"0,000";"0,000";"0,108";"0,906";"0,463";"0,635";"2,005";"0,319";"0,164";"0,155";
"16/11/2024 09:10";"0,594";"0,000";"0,653";"0,000";"0,742";"0,000";"1,990";"0,000";"0,107";"0,000";"0,000";"0,181";"0,731";"0,790";"0,879";"2,401";"0,411";"0,210";"0,201";
"16/11/2024 09:20";"0,337";"0,000";"0,428";"0,000";"0,591";"0,000";"1,356";"0,000";"0,025";"0,000";"0,000";"0,030";"0,499";"0,590";"0,753";"1,842";"0,486";"0,248";"0,238";
"16/11/2024 09:30";"0,370";"0,000";"0,384";"0,000";"0,611";"0,000";"1,365";"0,000";"0,012";"0,000";"0,000";"0,111";"0,577";"0,590";"0,817";"1,984";"0,619";"0,316";"0,303";
"16/11/2024 09:40";"0,806";"0,000";"0,451";"0,000";"0,610";"0,000";"1,868";"0,000";"0,086";"0,000";"0,000";"0,156";"1,073";"0,718";"0,877";"2,668";"0,800";"0,408";"0,392";
"16/11/2024 09:50";"1,152";"0,000";"0,797";"0,000";"0,688";"0,000";"2,637";"0,000";"0,014";"0,000";"0,000";"0,046";"1,497";"1,142";"1,032";"3,671";"1,034";"0,526";"0,508";
"16/11/2024 10:00";"0,982";"0,000";"0,431";"0,000";"0,542";"0,000";"1,955";"0,000";"0,003";"0,000";"0,000";"0,086";"1,420";"0,869";"0,980";"3,269";"1,314";"0,667";"0,647";
"16/11/2024 10:10";"0,774";"0,000";"0,440";"0,000";"0,520";"0,000";"1,734";"0,000";"0,020";"0,000";"0,000";"0,103";"1,212";"0,878";"0,958";"3,048";"1,314";"0,667";"0,647";
"16/11/2024 10:20";"0,827";"0,000";"0,555";"0,000";"0,577";"0,000";"1,958";"0,000";"0,013";"0,000";"0,000";"0,042";"1,225";"0,953";"0,975";"3,152";"1,194";"0,607";"0,587";
"16/11/2024 10:30";"0,899";"0,000";"0,473";"0,000";"0,681";"0,000";"2,053";"0,000";"0,082";"0,000";"0,000";"0,195";"1,242";"0,816";"1,023";"3,081";"1,028";"0,527";"0,501";
"16/11/2024 10:40";"0,764";"0,000";"0,283";"0,000";"0,491";"0,000";"1,537";"0,000";"0,007";"0,000";"0,000";"0,102";"1,168";"0,687";"0,895";"2,750";"1,213";"0,629";"0,584";
"16/11/2024 10:50";"0,775";"0,000";"0,714";"0,000";"0,523";"0,000";"2,012";"0,000";"0,006";"0,000";"0,000";"0,101";"1,635";"1,574";"1,383";"4,592";"2,580";"1,317";"1,263";
"16/11/2024 11:00";"0,812";"0,000";"0,878";"0,000";"0,543";"0,000";"2,233";"0,000";"0,017";"0,000";"0,000";"0,069";"2,145";"2,211";"1,876";"6,232";"3,999";"2,024";"1,975";
"16/11/2024 11:10";"0,806";"0,000";"0,509";"0,000";"0,517";"0,000";"1,832";"0,000";"0,007";"0,000";"0,000";"0,041";"1,739";"1,442";"1,450";"4,630";"2,798";"1,418";"1,380";
"16/11/2024 11:20";"0,877";"0,000";"0,712";"0,000";"0,646";"0,000";"2,235";"0,000";"0,035";"0,000";"0,000";"0,130";"1,484";"1,320";"1,253";"4,057";"1,822";"0,929";"0,893";
"16/11/2024 11:30";"0,750";"0,000";"0,478";"0,000";"0,456";"0,000";"1,684";"0,000";"0,000";"0,000";"0,000";"0,117";"1,325";"1,052";"1,031";"3,408";"1,724";"0,881";"0,843";
"16/11/2024 11:40";"0,744";"0,000";"0,299";"0,000";"0,454";"0,000";"1,496";"0,000";"0,000";"0,000";"0,000";"0,098";"2,382";"1,937";"2,092";"6,410";"4,914";"2,484";"2,430";
"16/11/2024 11:50";"0,828";"0,000";"0,684";"0,000";"0,550";"0,000";"2,061";"0,000";"0,018";"0,000";"0,000";"0,047";"1,774";"1,630";"1,496";"4,899";"2,838";"1,444";"1,394";
"16/11/2024 12:00";"0,906";"0,000";"0,542";"0,000";"0,681";"0,000";"2,129";"0,000";"0,100";"0,000";"0,000";"0,172";"2,804";"2,440";"2,578";"7,821";"5,692";"2,882";"2,810";
"16/11/2024 12:10";"0,789";"0,000";"0,814";"0,000";"0,505";"0,000";"2,107";"0,000";"0,000";"0,000";"0,000";"0,119";"2,725";"2,749";"2,440";"7,914";"5,807";"2,941";"2,866";
"16/11/2024 12:20";"0,502";"0,000";"0,351";"0,000";"0,518";"0,000";"1,370";"0,000";"0,003";"0,000";"0,000";"0,107";"2,308";"2,158";"2,325";"6,790";"5,420";"2,744";"2,676";
"16/11/2024 12:30";"0,645";"0,000";"0,283";"0,000";"0,485";"0,000";"1,413";"0,000";"0,002";"0,000";"0,000";"0,091";"2,157";"1,795";"1,997";"5,949";"4,536";"2,296";"2,240";
"16/11/2024 12:40";"0,393";"0,000";"0,465";"0,000";"0,634";"0,000";"1,492";"0,000";"0,011";"0,000";"0,000";"0,090";"1,673";"1,745";"1,915";"5,333";"3,841";"1,949";"1,892";
"16/11/2024 12:50";"0,407";"0,000";"0,516";"0,000";"0,725";"0,000";"1,647";"0,000";"0,087";"0,000";"0,000";"0,166";"2,261";"2,370";"2,579";"7,211";"5,564";"2,818";"2,746";
"16/11/2024 13:00";"0,374";"0,000";"0,390";"0,000";"0,589";"0,000";"1,353";"0,000";"0,004";"0,000";"0,000";"0,133";"1,500";"1,517";"1,716";"4,733";"3,380";"1,712";"1,668";
"16/11/2024 13:10";"0,357";"0,000";"0,427";"0,000";"0,607";"0,000";"1,391";"0,000";"0,005";"0,000";"0,000";"0,128";"1,106";"1,176";"1,356";"3,637";"2,246";"1,140";"1,106";
"16/11/2024 13:20";"0,402";"0,000";"0,400";"0,000";"0,564";"0,000";"1,366";"0,000";"0,002";"0,000";"0,000";"0,135";"1,015";"1,013";"1,177";"3,205";"1,839";"0,936";"0,903";
"16/11/2024 13:30";"0,650";"0,000";"0,459";"0,000";"0,652";"0,000";"1,761";"0,000";"0,082";"0,000";"0,000";"0,191";"1,332";"1,140";"1,334";"3,806";"2,045";"1,038";"1,007";
"16/11/2024 13:40";"0,464";"0,000";"0,465";"0,000";"0,622";"0,000";"1,550";"0,000";"0,000";"0,000";"0,000";"0,141";"0,999";"1,000";"1,157";"3,157";"1,607";"0,818";"0,789";
"16/11/2024 13:50";"0,386";"0,000";"0,444";"0,000";"0,583";"0,000";"1,414";"0,000";"0,002";"0,000";"0,000";"0,164";"1,040";"1,098";"1,237";"3,375";"1,961";"0,997";"0,964";
"16/11/2024 14:00";"0,317";"0,000";"0,371";"0,000";"0,540";"0,000";"1,228";"0,000";"0,019";"0,000";"0,000";"0,084";"1,022";"1,076";"1,245";"3,343";"2,115";"1,076";"1,039";
"16/11/2024 14:10";"0,323";"0,000";"0,410";"0,000";"0,552";"0,000";"1,285";"0,000";"0,008";"0,000";"0,000";"0,134";"1,040";"1,128";"1,269";"3,437";"2,152";"1,096";"1,056";
"16/11/2024 14:20";"0,451";"0,000";"0,554";"0,000";"0,719";"0,000";"1,724";"0,000";"0,083";"0,000";"0,000";"0,198";"1,196";"1,299";"1,465";"3,960";"2,236";"1,137";"1,099";
"16/11/2024 14:30";"0,323";"0,000";"0,347";"0,000";"0,531";"0,000";"1,202";"0,000";"0,002";"0,000";"0,000";"0,135";"0,915";"0,939";"1,123";"2,978";"1,776";"0,906";"0,870";
"16/11/2024 14:40";"0,370";"0,000";"0,459";"0,000";"0,590";"0,000";"1,419";"0,000";"0,004";"0,000";"0,000";"0,106";"0,984";"1,073";"1,204";"3,262";"1,843";"0,940";"0,903";
"16/11/2024 14:50";"0,330";"0,000";"0,413";"0,000";"0,558";"0,000";"1,301";"0,000";"0,002";"0,000";"0,000";"0,112";"1,041";"1,124";"1,269";"3,434";"2,133";"1,086";"1,047";
"16/11/2024 15:00";"0,290";"0,000";"0,340";"0,000";"0,525";"0,000";"1,155";"0,000";"0,016";"0,000";"0,000";"0,113";"1,285";"1,335";"1,520";"4,140";"2,985";"1,522";"1,463";
"16/11/2024 15:10";"0,487";"0,000";"0,587";"0,000";"0,747";"0,000";"1,821";"0,000";"0,059";"0,000";"0,000";"0,209";"1,730";"1,830";"1,990";"5,550";"3,729";"1,899";"1,830";
"16/11/2024 15:20";"0,302";"0,000";"0,354";"0,000";"0,515";"0,000";"1,170";"0,000";"0,001";"0,000";"0,000";"0,094";"1,770";"1,822";"1,983";"5,575";"4,405";"2,260";"2,145";
"16/11/2024 15:30";"0,383";"0,000";"0,435";"0,000";"0,600";"0,000";"1,418";"0,000";"0,014";"0,000";"0,000";"0,105";"1,918";"1,970";"2,134";"6,022";"4,604";"2,366";"2,238";
"16/11/2024 15:40";"0,263";"0,000";"0,371";"0,000";"0,508";"0,000";"1,142";"0,000";"0,002";"0,000";"0,000";"0,115";"0,890";"0,998";"1,135";"3,023";"1,881";"0,960";"0,921";
"16/11/2024 15:50";"0,401";"0,001";"0,516";"0,000";"0,721";"0,000";"1,638";"0,000";"0,040";"0,000";"0,000";"0,119";"0,958";"1,073";"1,278";"3,309";"1,671";"0,853";"0,818";
"16/11/2024 16:00";"0,313";"0,000";"0,388";"0,000";"0,551";"0,000";"1,252";"0,000";"0,009";"0,000";"0,000";"0,090";"0,928";"1,004";"1,166";"3,098";"1,846";"0,944";"0,902";
"16/11/2024 16:10";"0,376";"0,000";"0,444";"0,000";"0,574";"0,000";"1,394";"0,000";"0,007";"0,000";"0,000";"0,153";"1,169";"1,237";"1,367";"3,773";"2,379";"1,218";"1,161";
"16/11/2024 16:20";"0,384";"0,000";"0,411";"0,000";"0,681";"0,000";"1,477";"0,000";"0,000";"0,000";"0,000";"0,177";"1,145";"1,172";"1,441";"3,758";"2,281";"1,169";"1,112";
"16/11/2024 16:30";"0,291";"0,000";"0,390";"0,000";"0,529";"0,000";"1,210";"0,000";"0,007";"0,000";"0,000";"0,131";"0,904";"1,002";"1,141";"3,048";"1,838";"0,944";"0,894";
"16/11/2024 16:40";"0,391";"0,000";"0,536";"0,000";"0,713";"0,000";"1,640";"0,000";"0,049";"0,000";"0,000";"0,090";"1,076";"1,222";"1,398";"3,696";"2,056";"1,051";"1,005";
"16/11/2024 16:50";"0,301";"0,000";"0,335";"0,000";"0,537";"0,000";"1,172";"0,000";"0,006";"0,000";"0,000";"0,090";"0,874";"0,908";"1,110";"2,892";"1,720";"0,878";"0,842";
"16/11/2024 17:00";"0,399";"0,000";"0,472";"0,000";"0,612";"0,000";"1,482";"0,000";"0,016";"0,000";"0,000";"0,172";"0,699";"0,772";"0,912";"2,384";"0,902";"0,468";"0,434";
"16/11/2024 17:10";"0,463";"0,000";"0,323";"0,000";"0,505";"0,000";"1,290";"0,000";"0,009";"0,000";"0,000";"0,110";"0,672";"0,532";"0,714";"1,919";"0,629";"0,341";"0,288";
"16/11/2024 17:20";"0,699";"0,000";"0,559";"0,000";"0,744";"0,000";"2,002";"0,000";"0,097";"0,000";"0,000";"0,183";"0,836";"0,696";"0,881";"2,413";"0,411";"0,232";"0,179";
"16/11/2024 17:30";"0,372";"0,000";"0,443";"0,000";"0,580";"0,000";"1,395";"0,000";"0,010";"0,000";"0,000";"0,149";"0,468";"0,539";"0,675";"1,682";"0,287";"0,158";"0,129";
"16/11/2024 17:40";"0,310";"0,000";"0,328";"0,000";"0,519";"0,000";"1,157";"0,000";"0,022";"0,000";"0,000";"0,053";"0,350";"0,369";"0,560";"1,279";"0,122";"0,064";"0,058";
"16/11/2024 17:50";"0,320";"0,000";"0,504";"0,000";"0,495";"0,000";"1,319";"0,000";"0,006";"0,000";"0,000";"0,110";"0,340";"0,523";"0,515";"1,378";"0,059";"0,031";"0,028";
"16/11/2024 18:00";"0,290";"0,000";"1,359";"0,000";"0,451";"0,000";"2,099";"0,000";"0,006";"0,000";"0,000";"0,145";"0,296";"1,366";"0,458";"2,119";"0,020";"0,011";"0,009";
"16/11/2024 18:10";"0,433";"0,000";"1,428";"0,000";"0,525";"0,000";"2,386";"0,000";"0,006";"0,000";"0,000";"0,080";"0,433";"1,428";"0,525";"2,386";"0,000";"0,000";"0,000";
"16/11/2024 18:20";"0,607";"0,000";"1,422";"0,000";"0,475";"0,000";"2,504";"0,000";"0,000";"0,000";"0,000";"0,143";"0,607";"1,422";"0,475";"2,504";"0,000";"0,000";"0,000";
"16/11/2024 18:30";"0,539";"0,000";"1,544";"0,000";"0,621";"0,000";"2,705";"0,000";"0,000";"0,000";"0,000";"0,158";"0,539";"1,544";"0,621";"2,705";"0,000";"0,000";"0,000";
"16/11/2024 18:40";"0,488";"0,000";"1,577";"0,000";"0,613";"0,000";"2,678";"0,000";"0,000";"0,000";"0,000";"0,219";"0,488";"1,577";"0,613";"2,678";"0,000";"0,000";"0,000";
"16/11/2024 18:50";"0,510";"0,000";"1,590";"0,000";"0,652";"0,000";"2,752";"0,000";"0,000";"0,000";"0,000";"0,185";"0,510";"1,590";"0,652";"2,752";"0,000";"0,000";"0,000";
"16/11/2024 19:00";"0,397";"0,000";"1,542";"0,000";"0,612";"0,000";"2,551";"0,000";"0,000";"0,000";"0,000";"0,244";"0,397";"1,542";"0,612";"2,551";"0,000";"0,000";"0,000";
"16/11/2024 19:10";"0,471";"0,000";"1,636";"0,000";"0,668";"0,000";"2,775";"0,000";"0,000";"0,000";"0,000";"0,203";"0,471";"1,636";"0,668";"2,775";"0,000";"0,000";"0,000";
"16/11/2024 19:20";"0,476";"0,000";"1,595";"0,000";"0,671";"0,000";"2,743";"0,000";"0,000";"0,000";"0,000";"0,189";"0,476";"1,595";"0,671";"2,743";"0,000";"0,000";"0,000";
"16/11/2024 19:30";"0,330";"0,000";"1,496";"0,000";"0,558";"0,000";"2,383";"0,000";"0,000";"0,000";"0,000";"0,301";"0,330";"1,496";"0,558";"2,383";"0,000";"0,000";"0,000";
"16/11/2024 19:40";"0,446";"0,000";"1,630";"0,000";"0,666";"0,000";"2,743";"0,000";"0,000";"0,000";"0,000";"0,205";"0,446";"1,630";"0,666";"2,743";"0,000";"0,000";"0,000";
"16/11/2024 19:50";"0,406";"0,000";"1,537";"0,000";"0,626";"0,000";"2,570";"0,000";"0,000";"0,000";"0,000";"0,235";"0,406";"1,537";"0,626";"2,570";"0,000";"0,000";"0,000";
"16/11/2024 20:00";"0,475";"0,000";"1,632";"0,000";"0,636";"0,000";"2,742";"0,000";"0,000";"0,000";"0,000";"0,226";"0,475";"1,632";"0,636";"2,742";"0,000";"0,000";"0,000";
"16/11/2024 20:10";"0,699";"0,000";"1,502";"0,000";"0,594";"0,000";"2,795";"0,000";"0,000";"0,000";"0,000";"0,282";"0,699";"1,502";"0,594";"2,795";"0,000";"0,000";"0,000";
"16/11/2024 20:20";"0,446";"0,000";"1,622";"0,000";"0,758";"0,000";"2,826";"0,000";"0,000";"0,000";"0,000";"0,270";"0,446";"1,622";"0,758";"2,826";"0,000";"0,000";"0,000";
"16/11/2024 20:30";"0,561";"0,000";"1,611";"0,000";"0,693";"0,000";"2,865";"0,000";"0,000";"0,000";"0,000";"0,275";"0,561";"1,611";"0,693";"2,865";"0,000";"0,000";"0,000";
"16/11/2024 20:40";"0,864";"0,000";"1,470";"0,000";"0,584";"0,000";"2,918";"0,000";"0,000";"0,000";"0,000";"0,304";"0,864";"1,470";"0,584";"2,918";"0,000";"0,000";"0,000";
"16/11/2024 20:50";"0,632";"0,000";"1,642";"0,000";"0,673";"0,000";"2,947";"0,000";"0,000";"0,000";"0,000";"0,253";"0,632";"1,642";"0,673";"2,947";"0,000";"0,000";"0,000";
"16/11/2024 21:00";"0,543";"0,000";"1,555";"0,000";"0,649";"0,000";"2,747";"0,000";"0,000";"0,000";"0,000";"0,274";"0,543";"1,555";"0,649";"2,747";"0,000";"0,000";"0,000";
"16/11/2024 21:10";"0,378";"0,000";"1,567";"0,000";"0,636";"0,000";"2,581";"0,000";"0,000";"0,000";"0,000";"0,294";"0,378";"1,567";"0,636";"2,581";"0,000";"0,000";"0,000";
"16/11/2024 21:20";"0,412";"0,000";"1,572";"0,000";"0,630";"0,000";"2,615";"0,000";"0,000";"0,000";"0,000";"0,259";"0,412";"1,572";"0,630";"2,615";"0,000";"0,000";"0,000";
"16/11/2024 21:30";"0,463";"0,000";"1,582";"0,000";"0,680";"0,000";"2,725";"0,000";"0,000";"0,000";"0,000";"0,201";"0,463";"1,582";"0,680";"2,725";"0,000";"0,000";"0,000";
"16/11/2024 21:40";"0,371";"0,000";"1,558";"0,000";"0,613";"0,000";"2,541";"0,000";"0,000";"0,000";"0,000";"0,260";"0,371";"1,558";"0,613";"2,541";"0,000";"0,000";"0,000";
"16/11/2024 21:50";"0,456";"0,000";"1,613";"0,000";"0,673";"0,000";"2,742";"0,000";"0,000";"0,000";"0,000";"0,221";"0,456";"1,613";"0,673";"2,742";"0,000";"0,000";"0,000";
"16/11/2024 22:00";"0,500";"0,000";"1,566";"0,000";"0,658";"0,000";"2,724";"0,000";"0,000";"0,000";"0,000";"0,229";"0,500";"1,566";"0,658";"2,724";"0,000";"0,000";"0,000";
"16/11/2024 22:10";"0,587";"0,000";"1,217";"0,000";"0,578";"0,000";"2,382";"0,000";"0,000";"0,000";"0,000";"0,304";"0,587";"1,217";"0,578";"2,382";"0,000";"0,000";"0,000";
"16/11/2024 22:20";"0,453";"0,000";"0,955";"0,000";"0,683";"0,000";"2,092";"0,000";"0,000";"0,000";"0,000";"0,181";"0,453";"0,955";"0,683";"2,092";"0,000";"0,000";"0,000";
"16/11/2024 22:30";"0,456";"0,000";"0,720";"0,000";"0,688";"0,000";"1,864";"0,000";"0,000";"0,000";"0,000";"0,162";"0,456";"0,720";"0,688";"1,864";"0,000";"0,000";"0,000";
"16/11/2024 22:40";"0,602";"0,000";"0,652";"0,000";"0,656";"0,000";"1,910";"0,000";"0,000";"0,000";"0,000";"0,279";"0,602";"0,652";"0,656";"1,910";"0,000";"0,000";"0,000";
"16/11/2024 22:50";"0,530";"0,000";"0,592";"0,000";"0,634";"0,000";"1,755";"0,000";"0,000";"0,000";"0,000";"0,266";"0,530";"0,592";"0,634";"1,755";"0,000";"0,000";"0,000";
"16/11/2024 23:00";"0,354";"0,000";"0,424";"0,000";"0,578";"0,000";"1,356";"0,000";"0,000";"0,000";"0,000";"0,253";"0,354";"0,424";"0,578";"1,356";"0,000";"0,000";"0,000";
"16/11/2024 23:10";"0,423";"0,000";"0,574";"0,000";"0,663";"0,000";"1,660";"0,000";"0,000";"0,000";"0,000";"0,171";"0,423";"0,574";"0,663";"1,660";"0,000";"0,000";"0,000";
"16/11/2024 23:20";"0,379";"0,000";"0,475";"0,000";"0,632";"0,000";"1,486";"0,000";"0,000";"0,000";"0,000";"0,194";"0,379";"0,475";"0,632";"1,486";"0,000";"0,000";"0,000";
"16/11/2024 23:30";"0,448";"0,000";"0,467";"0,000";"0,664";"0,000";"1,578";"0,000";"0,000";"0,000";"0,000";"0,147";"0,448";"0,467";"0,664";"1,578";"0,000";"0,000";"0,000";
"16/11/2024 23:40";"0,639";"0,000";"0,436";"0,000";"0,603";"0,000";"1,679";"0,000";"0,000";"0,000";"0,000";"0,211";"0,639";"0,436";"0,603";"1,679";"0,000";"0,000";"0,000";
"16/11/2024 23:50";"0,427";"0,000";"0,505";"0,000";"0,681";"0,000";"1,614";"0,000";"0,000";"0,000";"0,000";"0,136";"0,427";"0,505";"0,681";"1,614";"0,000";"0,000";"0,000";
"17/11/2024 00:00";"0,612";"0,000";"0,417";"0,000";"0,628";"0,000";"1,658";"0,000";"0,000";"0,000";"0,000";"0,190";"0,612";"0,417";"0,628";"1,658";"0,000";"0,000";"0,000";
"17/11/2024 00:10";"0,585";"0,000";"0,426";"0,000";"0,583";"0,000";"1,594";"0,000";"0,000";"0,000";"0,000";"0,218";"0,585";"0,426";"0,583";"1,594";"0,000";"0,000";"0,000";
"17/11/2024 00:20";"0,685";"0,000";"0,480";"0,000";"0,725";"0,000";"1,889";"0,000";"0,000";"0,000";"0,000";"0,171";"0,685";"0,480";"0,725";"1,889";"0,000";"0,000";"0,000";
"17/11/2024 00:30";"0,427";"0,000";"0,421";"0,000";"0,698";"0,000";"1,545";"0,000";"0,000";"0,000";"0,000";"0,184";"0,427";"0,421";"0,698";"1,545";"0,000";"0,000";"0,000";
"17/11/2024 00:40";"0,399";"0,000";"0,470";"0,000";"0,648";"0,000";"1,517";"0,000";"0,000";"0,000";"0,000";"0,166";"0,399";"0,470";"0,648";"1,517";"0,000";"0,000";"0,000";
"17/11/2024 00:50";"0,432";"0,000";"0,502";"0,000";"0,647";"0,000";"1,580";"0,000";"0,001";"0,000";"0,000";"0,164";"0,432";"0,502";"0,647";"1,580";"0,000";"0,000";"0,000";
"17/11/2024 01:00";"0,457";"0,000";"0,462";"0,000";"0,670";"0,000";"1,589";"0,000";"0,000";"0,000";"0,000";"0,150";"0,457";"0,462";"0,670";"1,589";"0,000";"0,000";"0,000";
"17/11/2024 01:10";"0,586";"0,000";"0,469";"0,000";"0,625";"0,000";"1,680";"0,000";"0,000";"0,000";"0,000";"0,177";"0,586";"0,469";"0,625";"1,680";"0,000";"0,000";"0,000";
"17/11/2024 01:20";"0,361";"0,000";"0,437";"0,000";"0,603";"0,000";"1,401";"0,000";"0,000";"0,000";"0,000";"0,197";"0,361";"0,437";"0,603";"1,401";"0,000";"0,000";"0,000";
"17/11/2024 01:30";"0,433";"0,000";"0,442";"0,000";"0,644";"0,000";"1,518";"0,000";"0,000";"0,000";"0,000";"0,174";"0,433";"0,442";"0,644";"1,518";"0,000";"0,000";"0,000";
"17/11/2024 01:40";"0,431";"0,000";"0,485";"0,000";"0,634";"0,000";"1,550";"0,000";"0,000";"0,000";"0,000";"0,166";"0,431";"0,485";"0,634";"1,550";"0,000";"0,000";"0,000";
"17/11/2024 01:50";"0,393";"0,000";"0,465";"0,000";"0,634";"0,000";"1,492";"0,000";"0,000";"0,000";"0,000";"0,176";"0,393";"0,465";"0,634";"1,492";"0,000";"0,000";"0,000";
"17/11/2024 02:00";"0,437";"0,000";"0,471";"0,000";"0,674";"0,000";"1,582";"0,000";"0,000";"0,000";"0,000";"0,143";"0,437";"0,471";"0,674";"1,582";"0,000";"0,000";"0,000";
"17/11/2024 02:10";"0,442";"0,000";"0,517";"0,000";"0,666";"0,000";"1,626";"0,000";"0,000";"0,000";"0,000";"0,189";"0,442";"0,517";"0,666";"1,626";"0,000";"0,000";"0,000";
"17/11/2024 02:20";"0,391";"0,000";"0,421";"0,000";"0,610";"0,000";"1,422";"0,000";"0,000";"0,000";"0,000";"0,194";"0,391";"0,421";"0,610";"1,422";"0,000";"0,000";"0,000";
"17/11/2024 02:30";"0,380";"0,000";"0,430";"0,000";"0,616";"0,000";"1,426";"0,000";"0,000";"0,000";"0,000";"0,199";"0,380";"0,430";"0,616";"1,426";"0,000";"0,000";"0,000";
"17/11/2024 02:40";"0,429";"0,000";"0,507";"0,000";"0,652";"0,000";"1,588";"0,000";"0,000";"0,000";"0,000";"0,156";"0,429";"0,507";"0,652";"1,588";"0,000";"0,000";"0,000";
"17/11/2024 02:50";"0,475";"0,000";"0,476";"0,000";"0,688";"0,000";"1,639";"0,000";"0,000";"0,000";"0,000";"0,157";"0,475";"0,476";"0,688";"1,639";"0,000";"0,000";"0,000";
"17/11/2024 03:00";"0,676";"0,000";"0,572";"0,000";"0,683";"0,000";"1,931";"0,000";"0,000";"0,000";"0,000";"0,317";"0,676";"0,572";"0,683";"1,931";"0,000";"0,000";"0,000";
"17/11/2024 03:10";"0,529";"0,000";"0,413";"0,000";"0,570";"0,000";"1,513";"0,000";"0,000";"0,000";"0,000";"0,235";"0,529";"0,413";"0,570";"1,513";"0,000";"0,000";"0,000";
"17/11/2024 03:20";"0,555";"0,000";"0,447";"0,000";"0,643";"0,000";"1,646";"0,000";"0,000";"0,000";"0,000";"0,226";"0,555";"0,447";"0,643";"1,646";"0,000";"0,000";"0,000";
"17/11/2024 03:30";"0,472";"0,000";"0,480";"0,000";"0,669";"0,000";"1,620";"0,000";"0,000";"0,000";"0,000";"0,153";"0,472";"0,480";"0,669";"1,620";"0,000";"0,000";"0,000";
"17/11/2024 03:40";"0,679";"0,000";"0,520";"0,000";"0,674";"0,000";"1,874";"0,000";"0,000";"0,000";"0,000";"0,142";"0,679";"0,520";"0,674";"1,874";"0,000";"0,000";"0,000";
"17/11/2024 03:50";"0,713";"0,000";"0,499";"0,000";"0,697";"0,000";"1,909";"0,000";"0,000";"0,000";"0,000";"0,200";"0,713";"0,499";"0,697";"1,909";"0,000";"0,000";"0,000";
"17/11/2024 04:00";"0,629";"0,000";"0,387";"0,000";"0,575";"0,000";"1,591";"0,000";"0,000";"0,000";"0,000";"0,248";"0,629";"0,387";"0,575";"1,591";"0,000";"0,000";"0,000";
"17/11/2024 04:10";"0,469";"0,000";"0,502";"0,000";"0,650";"0,000";"1,622";"0,000";"0,000";"0,000";"0,000";"0,221";"0,469";"0,502";"0,650";"1,622";"0,000";"0,000";"0,000";
"17/11/2024 04:20";"0,465";"0,000";"0,443";"0,000";"0,650";"0,000";"1,557";"0,000";"0,000";"0,000";"0,000";"0,175";"0,465";"0,443";"0,650";"1,557";"0,000";"0,000";"0,000";
"17/11/2024 04:30";"0,438";"0,000";"0,500";"0,000";"0,783";"0,000";"1,721";"0,000";"0,000";"0,000";"0,000";"0,133";"0,438";"0,500";"0,783";"1,721";"0,000";"0,000";"0,000";
"17/11/2024 04:40";"0,401";"0,000";"0,481";"0,000";"0,680";"0,000";"1,562";"0,000";"0,000";"0,000";"0,000";"0,272";"0,401";"0,481";"0,680";"1,562";"0,000";"0,000";"0,000";
"17/11/2024 04:50";"0,439";"0,000";"0,449";"0,000";"0,639";"0,000";"1,527";"0,000";"0,000";"0,000";"0,000";"0,160";"0,439";"0,449";"0,639";"1,527";"0,000";"0,000";"0,000";
"17/11/2024 05:00";"0,402";"0,000";"0,466";"0,000";"0,623";"0,000";"1,490";"0,000";"0,000";"0,000";"0,000";"0,173";"0,402";"0,466";"0,623";"1,490";"0,000";"0,000";"0,000";
"17/11/2024 05:10";"0,429";"0,000";"0,514";"0,000";"0,684";"0,000";"1,627";"0,000";"0,000";"0,000";"0,000";"0,145";"0,429";"0,514";"0,684";"1,627";"0,000";"0,000";"0,000";
"17/11/2024 05:20";"0,565";"0,000";"0,481";"0,000";"0,678";"0,000";"1,723";"0,000";"0,000";"0,000";"0,000";"0,136";"0,565";"0,481";"0,678";"1,723";"0,000";"0,000";"0,000";
"17/11/2024 05:30";"0,906";"0,000";"0,747";"0,000";"0,614";"0,000";"2,267";"0,000";"0,000";"0,000";"0,000";"0,204";"0,906";"0,747";"0,614";"2,267";"0,000";"0,000";"0,000";
"17/11/2024 05:40";"0,872";"0,000";"0,555";"0,000";"0,602";"0,000";"2,030";"0,000";"0,000";"0,000";"0,000";"0,279";"0,872";"0,555";"0,602";"2,030";"0,000";"0,000";"0,000";
"17/11/2024 05:50";"0,391";"0,000";"0,403";"0,000";"0,588";"0,000";"1,383";"0,000";"0,000";"0,000";"0,000";"0,206";"0,391";"0,403";"0,588";"1,383";"0,000";"0,000";"0,000";
"17/11/2024 06:00";"0,485";"0,000";"0,503";"0,000";"0,691";"0,000";"1,678";"0,000";"0,000";"0,000";"0,000";"0,119";"0,485";"0,503";"0,691";"1,678";"0,000";"0,000";"0,000";
"17/11/2024 06:10";"0,451";"0,000";"0,535";"0,000";"0,693";"0,000";"1,679";"0,000";"0,000";"0,000";"0,000";"0,181";"0,451";"0,535";"0,693";"1,679";"0,000";"0,000";"0,000";
"17/11/2024 06:20";"0,426";"0,000";"0,477";"0,000";"0,678";"0,000";"1,582";"0,000";"0,000";"0,000";"0,000";"0,251";"0,426";"0,477";"0,678";"1,582";"0,000";"0,000";"0,000";
"17/11/2024 06:30";"0,430";"0,000";"0,463";"0,000";"0,629";"0,000";"1,523";"0,000";"0,000";"0,000";"0,000";"0,183";"0,430";"0,463";"0,629";"1,523";"0,000";"0,000";"0,000";
"17/11/2024 06:40";"0,426";"0,000";"0,492";"0,000";"0,669";"0,000";"1,587";"0,000";"0,000";"0,000";"0,000";"0,150";"0,426";"0,492";"0,669";"1,587";"0,000";"0,000";"0,000";
"17/11/2024 06:50";"0,382";"0,000";"0,421";"0,000";"0,620";"0,000";"1,423";"0,000";"0,000";"0,000";"0,000";"0,192";"0,382";"0,421";"0,620";"1,423";"0,000";"0,000";"0,000";
"17/11/2024 07:00";"0,466";"0,000";"0,525";"0,000";"0,675";"0,000";"1,666";"0,000";"0,001";"0,000";"0,000";"0,136";"0,466";"0,525";"0,675";"1,666";"0,000";"0,000";"0,000";
"17/11/2024 07:10";"0,571";"0,000";"0,500";"0,000";"0,709";"0,000";"1,779";"0,000";"0,000";"0,000";"0,000";"0,230";"0,571";"0,500";"0,709";"1,779";"0,000";"0,000";"0,000";
"17/11/2024 07:20";"0,848";"0,000";"0,487";"0,000";"0,620";"0,000";"1,955";"0,000";"0,000";"0,000";"0,000";"0,252";"0,848";"0,487";"0,620";"1,955";"0,000";"0,000";"0,000";
"17/11/2024 07:30";"0,705";"0,000";"0,504";"0,000";"0,675";"0,000";"1,885";"0,000";"0,000";"0,000";"0,000";"0,242";"0,705";"0,504";"0,675";"1,885";"0,000";"0,000";"0,000";
"17/11/2024 07:40";"0,647";"0,000";"0,448";"0,000";"0,641";"0,000";"1,736";"0,000";"0,000";"0,000";"0,000";"0,150";"0,647";"0,448";"0,641";"1,736";"0,000";"0,000";"0,000";
"17/11/2024 07:50";"0,542";"0,000";"0,486";"0,000";"0,691";"0,000";"1,718";"0,000";"0,001";"0,000";"0,000";"0,093";"0,542";"0,486";"0,691";"1,718";"0,000";"0,000";"0,000";
"17/11/2024 08:00";"0,569";"0,000";"0,550";"0,000";"0,712";"0,000";"1,831";"0,000";"0,000";"0,000";"0,000";"0,189";"0,569";"0,550";"0,712";"1,831";"0,000";"0,000";"0,000";
"17/11/2024 08:10";"0,470";"0,000";"0,352";"0,000";"0,575";"0,000";"1,397";"0,000";"0,000";"0,000";"0,000";"0,191";"0,470";"0,352";"0,575";"1,397";"0,000";"0,000";"0,000";
"17/11/2024 08:20";"0,436";"0,000";"0,395";"0,000";"0,558";"0,000";"1,389";"0,000";"0,018";"0,000";"0,000";"0,061";"0,438";"0,397";"0,559";"1,394";"0,005";"0,003";"0,002";
"17/11/2024 08:30";"0,289";"0,000";"0,270";"0,000";"0,590";"0,000";"1,149";"0,000";"0,000";"0,000";"0,000";"0,114";"0,304";"0,285";"0,605";"1,195";"0,046";"0,025";"0,021";
"17/11/2024 08:40";"0,313";"0,000";"0,307";"0,000";"0,652";"0,000";"1,272";"0,000";"0,005";"0,000";"0,000";"0,063";"0,353";"0,347";"0,692";"1,392";"0,120";"0,065";"0,055";
"17/11/2024 08:50";"0,368";"0,000";"0,342";"0,000";"0,661";"0,000";"1,371";"0,000";"0,010";"0,000";"0,000";"0,062";"0,446";"0,420";"0,738";"1,604";"0,233";"0,133";"0,100";
"17/11/2024 09:00";"0,613";"0,000";"0,397";"0,000";"0,501";"0,000";"1,511";"0,000";"0,006";"0,000";"0,000";"0,075";"0,741";"0,524";"0,629";"1,894";"0,383";"0,231";"0,152";
"17/11/2024 09:10";"0,386";"0,000";"0,289";"0,000";"0,504";"0,000";"1,180";"0,000";"0,001";"0,000";"0,000";"0,071";"0,569";"0,472";"0,687";"1,729";"0,549";"0,344";"0,205";
"17/11/2024 09:20";"0,323";"0,000";"0,307";"0,000";"0,518";"0,000";"1,148";"0,000";"0,014";"0,000";"0,000";"0,075";"0,567";"0,551";"0,761";"1,879";"0,731";"0,473";"0,258";
"17/11/2024 09:30";"0,313";"0,000";"0,319";"0,000";"0,490";"0,000";"1,123";"0,000";"0,033";"0,000";"0,000";"0,101";"0,633";"0,639";"0,809";"2,081";"0,958";"0,614";"0,344";
"17/11/2024 09:40";"0,348";"0,000";"0,309";"0,000";"0,549";"0,000";"1,207";"0,000";"0,011";"0,000";"0,000";"0,056";"0,781";"0,742";"0,982";"2,506";"1,299";"0,778";"0,521";
"17/11/2024 09:50";"0,449";"0,000";"0,327";"0,000";"0,553";"0,000";"1,329";"0,000";"0,001";"0,000";"0,000";"0,054";"1,025";"0,904";"1,129";"3,059";"1,730";"0,974";"0,756";
"17/11/2024 10:00";"0,484";"0,000";"0,391";"0,000";"0,517";"0,000";"1,392";"0,000";"0,003";"0,000";"0,000";"0,092";"1,173";"1,080";"1,206";"3,459";"2,067";"1,157";"0,910";
"17/11/2024 10:10";"0,345";"0,000";"0,307";"0,000";"0,547";"0,000";"1,199";"0,000";"0,001";"0,000";"0,000";"0,044";"1,121";"1,084";"1,323";"3,529";"2,330";"1,302";"1,028";
"17/11/2024 10:20";"0,295";"0,000";"0,250";"0,000";"0,491";"0,000";"1,036";"0,000";"0,000";"0,000";"0,000";"0,115";"1,169";"1,124";"1,365";"3,657";"2,621";"1,459";"1,162";
"17/11/2024 10:30";"0,328";"0,000";"0,362";"0,000";"0,546";"0,000";"1,237";"0,000";"0,006";"0,000";"0,000";"0,054";"1,290";"1,325";"1,509";"4,124";"2,887";"1,604";"1,283";
"17/11/2024 10:40";"0,370";"0,000";"0,302";"0,000";"0,534";"0,000";"1,206";"0,000";"0,012";"0,000";"0,000";"0,061";"1,415";"1,347";"1,579";"4,340";"3,134";"1,740";"1,394";
"17/11/2024 10:50";"0,579";"0,000";"0,396";"0,000";"0,492";"0,000";"1,467";"0,000";"0,001";"0,000";"0,000";"0,084";"1,732";"1,549";"1,645";"4,926";"3,459";"1,873";"1,586";
"17/11/2024 11:00";"0,326";"0,000";"0,339";"0,000";"0,524";"0,000";"1,189";"0,000";"0,006";"0,000";"0,000";"0,046";"1,652";"1,664";"1,849";"5,166";"3,977";"2,035";"1,942";
"17/11/2024 11:10";"0,264";"0,000";"0,225";"0,000";"0,462";"0,000";"0,950";"0,000";"0,001";"0,000";"0,000";"0,106";"1,706";"1,667";"1,904";"5,276";"4,326";"2,184";"2,142";
"17/11/2024 11:20";"0,601";"0,000";"0,374";"0,000";"0,537";"0,000";"1,512";"0,000";"0,008";"0,000";"0,000";"0,088";"2,120";"1,894";"2,057";"6,071";"4,559";"2,297";"2,262";
"17/11/2024 11:30";"0,597";"0,000";"0,331";"0,000";"0,526";"0,000";"1,454";"0,000";"0,000";"0,000";"0,000";"0,045";"2,189";"1,923";"2,117";"6,229";"4,775";"2,405";"2,370";
"17/11/2024 11:40";"0,394";"0,000";"0,313";"0,000";"0,537";"0,000";"1,244";"0,000";"0,010";"0,000";"0,000";"0,074";"2,045";"1,963";"2,187";"6,195";"4,951";"2,490";"2,461";
"17/11/2024 11:50";"0,370";"0,000";"0,368";"0,000";"0,534";"0,000";"1,272";"0,000";"0,009";"0,000";"0,000";"0,083";"2,053";"2,051";"2,217";"6,321";"5,049";"2,548";"2,501";
"17/11/2024 12:00";"0,287";"0,000";"0,254";"0,000";"0,465";"0,000";"1,006";"0,000";"0,001";"0,000";"0,000";"0,118";"1,661";"1,628";"1,839";"5,127";"4,121";"2,086";"2,035";
"17/11/2024 12:10";"0,321";"0,000";"0,315";"0,000";"0,499";"0,000";"1,135";"0,000";"0,007";"0,000";"0,000";"0,093";"2,043";"2,037";"2,221";"6,301";"5,166";"2,615";"2,551";
"17/11/2024 12:20";"0,295";"0,000";"0,319";"0,000";"0,476";"0,000";"1,089";"0,000";"0,014";"0,000";"0,000";"0,083";"2,062";"2,087";"2,243";"6,392";"5,303";"2,686";"2,617";
"17/11/2024 12:30";"0,363";"0,000";"0,296";"0,000";"0,594";"0,000";"1,253";"0,000";"0,007";"0,000";"0,000";"0,054";"2,128";"2,061";"2,359";"6,548";"5,296";"2,682";"2,614";
"17/11/2024 12:40";"0,518";"0,000";"0,339";"0,000";"0,539";"0,000";"1,396";"0,000";"0,008";"0,000";"0,000";"0,040";"2,393";"2,214";"2,414";"7,021";"5,625";"2,848";"2,777";
"17/11/2024 12:50";"0,728";"0,000";"0,249";"0,000";"0,450";"0,000";"1,427";"0,000";"0,000";"0,000";"0,000";"0,133";"2,608";"2,130";"2,330";"7,069";"5,642";"2,867";"2,775";
"17/11/2024 13:00";"0,738";"0,000";"0,384";"0,000";"0,431";"0,000";"1,552";"0,000";"0,000";"0,000";"0,000";"0,166";"2,616";"2,262";"2,309";"7,188";"5,636";"2,877";"2,759";
"17/11/2024 13:10";"0,829";"0,000";"0,550";"0,000";"0,513";"0,000";"1,891";"0,000";"0,001";"0,000";"0,000";"0,091";"2,721";"2,442";"2,405";"7,568";"5,677";"2,899";"2,778";
"17/11/2024 13:20";"0,733";"0,000";"0,360";"0,000";"0,473";"0,000";"1,566";"0,000";"0,008";"0,000";"0,000";"0,133";"2,612";"2,239";"2,351";"7,202";"5,636";"2,885";"2,751";
"17/11/2024 13:30";"0,339";"0,000";"0,323";"0,000";"0,533";"0,000";"1,195";"0,000";"0,007";"0,000";"0,000";"0,148";"2,204";"2,188";"2,398";"6,790";"5,595";"2,862";"2,733";
"17/11/2024 13:40";"0,423";"0,000";"0,271";"0,000";"0,448";"0,000";"1,143";"0,000";"0,000";"0,000";"0,000";"0,168";"2,279";"2,127";"2,304";"6,711";"5,568";"2,851";"2,717";
"17/11/2024 13:50";"0,339";"0,000";"0,326";"0,000";"0,490";"0,000";"1,155";"0,000";"0,004";"0,000";"0,000";"0,105";"2,174";"2,161";"2,325";"6,660";"5,505";"2,819";"2,686";
"17/11/2024 14:00";"0,447";"0,000";"0,276";"0,000";"0,479";"0,000";"1,203";"0,000";"0,002";"0,000";"0,000";"0,096";"2,261";"2,090";"2,293";"6,645";"5,442";"2,789";"2,653";
"17/11/2024 14:10";"0,519";"0,000";"0,347";"0,000";"0,515";"0,000";"1,381";"0,000";"0,000";"0,000";"0,000";"0,211";"2,297";"2,125";"2,293";"6,714";"5,333";"2,733";"2,600";
"17/11/2024 14:20";"0,229";"0,000";"0,213";"0,000";"0,415";"0,000";"0,857";"0,000";"0,000";"0,000";"0,000";"0,125";"1,944";"1,928";"2,130";"6,002";"5,145";"2,633";"2,512";
"17/11/2024 14:30";"0,461";"0,000";"0,298";"0,000";"0,470";"0,000";"1,229";"0,000";"0,001";"0,000";"0,000";"0,151";"2,125";"1,962";"2,133";"6,220";"4,991";"2,553";"2,438";
"17/11/2024 14:40";"0,369";"0,000";"0,391";"0,000";"0,546";"0,000";"1,306";"0,000";"0,005";"0,000";"0,000";"0,181";"1,993";"2,015";"2,170";"6,179";"4,873";"2,492";"2,381";
"17/11/2024 14:50";"0,228";"0,000";"0,205";"0,000";"0,426";"0,000";"0,859";"0,000";"0,001";"0,000";"0,000";"0,131";"1,793";"1,770";"1,991";"5,555";"4,696";"2,403";"2,293";
"17/11/2024 15:00";"0,349";"0,000";"0,339";"0,000";"0,496";"0,000";"1,184";"0,000";"0,015";"0,000";"0,000";"0,078";"1,848";"1,839";"1,995";"5,682";"4,498";"2,302";"2,196";
"17/11/2024 15:10";"0,269";"0,000";"0,292";"0,000";"0,450";"0,000";"1,011";"0,000";"0,016";"0,000";"0,000";"0,100";"1,700";"1,722";"1,880";"5,302";"4,291";"2,197";"2,094";
"17/11/2024 15:20";"0,449";"0,000";"0,269";"0,000";"0,482";"0,000";"1,200";"0,000";"0,000";"0,000";"0,000";"0,178";"1,811";"1,631";"1,844";"5,286";"4,086";"2,093";"1,993";
"17/11/2024 15:30";"0,221";"0,000";"0,243";"0,000";"0,405";"0,000";"0,869";"0,000";"0,000";"0,000";"0,000";"0,138";"1,496";"1,517";"1,680";"4,693";"3,824";"1,960";"1,864";
"17/11/2024 15:40";"0,332";"0,000";"0,239";"0,000";"0,437";"0,000";"1,008";"0,000";"0,004";"0,000";"0,000";"0,101";"1,512";"1,419";"1,617";"4,548";"3,540";"1,814";"1,726";
"17/11/2024 15:50";"0,703";"0,000";"0,306";"0,000";"0,490";"0,000";"1,499";"0,000";"0,000";"0,000";"0,000";"0,149";"1,774";"1,377";"1,561";"4,712";"3,213";"1,647";"1,566";
"17/11/2024 16:00";"0,409";"0,000";"0,235";"0,000";"0,405";"0,000";"1,048";"0,000";"0,000";"0,000";"0,000";"0,142";"1,367";"1,193";"1,363";"3,923";"2,875";"1,474";"1,401";
"17/11/2024 16:10";"0,223";"0,000";"0,180";"0,000";"0,409";"0,000";"0,812";"0,000";"0,000";"0,000";"0,000";"0,127";"1,075";"1,032";"1,261";"3,369";"2,557";"1,311";"1,246";
"17/11/2024 16:20";"0,304";"0,000";"0,344";"0,000";"0,503";"0,000";"1,151";"0,000";"0,016";"0,000";"0,000";"0,054";"1,048";"1,087";"1,246";"3,381";"2,230";"1,143";"1,087";
"17/11/2024 16:30";"0,333";"0,000";"0,260";"0,000";"0,515";"0,000";"1,107";"0,000";"0,001";"0,000";"0,000";"0,105";"0,967";"0,894";"1,149";"3,009";"1,902";"0,977";"0,925";
"17/11/2024 16:40";"0,219";"0,000";"0,180";"0,000";"0,420";"0,000";"0,819";"0,000";"0,000";"0,000";"0,000";"0,142";"0,750";"0,712";"0,952";"2,414";"1,595";"0,820";"0,775";
"17/11/2024 16:50";"0,281";"0,000";"0,306";"0,000";"0,470";"0,000";"1,057";"0,000";"0,005";"0,000";"0,000";"0,099";"0,712";"0,737";"0,901";"2,351";"1,294";"0,665";"0,629";
"17/11/2024 17:00";"0,444";"0,000";"0,286";"0,000";"0,514";"0,000";"1,244";"0,000";"0,008";"0,000";"0,000";"0,063";"0,771";"0,613";"0,841";"2,225";"0,981";"0,521";"0,460";
"17/11/2024 17:10";"0,205";"0,000";"0,219";"0,000";"0,424";"0,000";"0,848";"0,000";"0,000";"0,000";"0,000";"0,128";"0,433";"0,447";"0,652";"1,532";"0,684";"0,382";"0,302";
"17/11/2024 17:20";"0,223";"0,000";"0,219";"0,000";"0,426";"0,000";"0,869";"0,000";"0,000";"0,000";"0,000";"0,145";"0,379";"0,375";"0,582";"1,337";"0,468";"0,266";"0,202";
"17/11/2024 17:30";"0,352";"0,000";"0,317";"0,000";"0,533";"0,000";"1,203";"0,000";"0,010";"0,000";"0,000";"0,037";"0,462";"0,426";"0,643";"1,531";"0,328";"0,179";"0,149";
"17/11/2024 17:40";"0,446";"0,000";"0,287";"0,000";"0,461";"0,000";"1,194";"0,000";"0,001";"0,000";"0,000";"0,102";"0,514";"0,355";"0,529";"1,398";"0,204";"0,109";"0,095";
"17/11/2024 17:50";"0,204";"0,000";"0,195";"0,000";"0,420";"0,000";"0,819";"0,000";"0,000";"0,000";"0,000";"0,140";"0,237";"0,227";"0,452";"0,916";"0,097";"0,051";"0,046";
"17/11/2024 18:00";"0,283";"0,000";"0,268";"0,000";"0,480";"0,000";"1,032";"0,000";"0,005";"0,000";"0,000";"0,082";"0,292";"0,277";"0,489";"1,058";"0,026";"0,014";"0,012";
"17/11/2024 18:10";"0,537";"0,000";"0,318";"0,000";"0,489";"0,000";"1,344";"0,000";"0,002";"0,000";"0,000";"0,082";"0,537";"0,318";"0,489";"1,344";"0,000";"0,000";"0,000";
"17/11/2024 18:20";"0,297";"0,000";"0,252";"0,000";"0,480";"0,000";"1,029";"0,000";"0,000";"0,000";"0,000";"0,151";"0,297";"0,252";"0,480";"1,029";"0,000";"0,000";"0,000";
"17/11/2024 18:30";"0,566";"0,000";"0,310";"0,000";"0,511";"0,000";"1,387";"0,000";"0,000";"0,000";"0,000";"0,195";"0,566";"0,310";"0,511";"1,387";"0,000";"0,000";"0,000";
"17/11/2024 18:40";"0,423";"0,000";"0,500";"0,000";"0,670";"0,000";"1,593";"0,000";"0,000";"0,000";"0,000";"0,143";"0,423";"0,500";"0,670";"1,593";"0,000";"0,000";"0,000";
"17/11/2024 18:50";"0,337";"0,000";"0,358";"0,000";"0,571";"0,000";"1,266";"0,000";"0,000";"0,000";"0,000";"0,232";"0,337";"0,358";"0,571";"1,266";"0,000";"0,000";"0,000";
"17/11/2024 19:00";"0,354";"0,000";"0,398";"0,000";"0,572";"0,000";"1,325";"0,000";"0,000";"0,000";"0,000";"0,245";"0,354";"0,398";"0,572";"1,325";"0,000";"0,000";"0,000";
"17/11/2024 19:10";"0,451";"0,000";"0,463";"0,000";"0,650";"0,000";"1,565";"0,000";"0,000";"0,000";"0,000";"0,164";"0,451";"0,463";"0,650";"1,565";"0,000";"0,000";"0,000";
"17/11/2024 19:20";"0,774";"0,000";"0,500";"0,000";"0,604";"0,000";"1,879";"0,000";"0,000";"0,000";"0,000";"0,210";"0,774";"0,500";"0,604";"1,879";"0,000";"0,000";"0,000";
"17/11/2024 19:30";"0,450";"0,000";"0,522";"0,000";"0,681";"0,000";"1,653";"0,000";"0,000";"0,000";"0,000";"0,134";"0,450";"0,522";"0,681";"1,653";"0,000";"0,000";"0,000";
"17/11/2024 19:40";"0,547";"0,000";"0,349";"0,000";"0,574";"0,000";"1,470";"0,000";"0,000";"0,000";"0,000";"0,241";"0,547";"0,349";"0,574";"1,470";"0,000";"0,000";"0,000";
"17/11/2024 19:50";"0,578";"0,000";"0,387";"0,000";"0,574";"0,000";"1,540";"0,000";"0,000";"0,000";"0,000";"0,237";"0,578";"0,387";"0,574";"1,540";"0,000";"0,000";"0,000";
"17/11/2024 20:00";"0,476";"0,000";"0,471";"0,000";"0,628";"0,000";"1,575";"0,000";"0,000";"0,000";"0,000";"0,184";"0,476";"0,471";"0,628";"1,575";"0,000";"0,000";"0,000";
"17/11/2024 20:10";"0,877";"0,000";"0,490";"0,000";"0,633";"0,000";"2,000";"0,000";"0,000";"0,000";"0,000";"0,197";"0,877";"0,490";"0,633";"2,000";"0,000";"0,000";"0,000";
"17/11/2024 20:20";"0,459";"0,000";"0,532";"0,000";"0,668";"0,000";"1,659";"0,000";"0,000";"0,000";"0,000";"0,143";"0,459";"0,532";"0,668";"1,659";"0,000";"0,000";"0,000";
"17/11/2024 20:30";"0,343";"0,000";"0,387";"0,000";"0,605";"0,000";"1,335";"0,000";"0,000";"0,000";"0,000";"0,223";"0,343";"0,387";"0,605";"1,335";"0,000";"0,000";"0,000";
"17/11/2024 20:40";"0,461";"0,000";"0,490";"0,000";"0,780";"0,000";"1,731";"0,000";"0,000";"0,000";"0,000";"0,145";"0,461";"0,490";"0,780";"1,731";"0,000";"0,000";"0,000";
"17/11/2024 20:50";"0,544";"0,000";"0,404";"0,000";"0,580";"0,000";"1,529";"0,000";"0,000";"0,000";"0,000";"0,236";"0,544";"0,404";"0,580";"1,529";"0,000";"0,000";"0,000";
"17/11/2024 21:00";"0,338";"0,000";"0,347";"0,000";"0,573";"0,000";"1,258";"0,000";"0,000";"0,000";"0,000";"0,242";"0,338";"0,347";"0,573";"1,258";"0,000";"0,000";"0,000";
"17/11/2024 21:10";"0,405";"0,000";"0,501";"0,000";"0,638";"0,000";"1,544";"0,000";"0,000";"0,000";"0,000";"0,179";"0,405";"0,501";"0,638";"1,544";"0,000";"0,000";"0,000";
"17/11/2024 21:20";"0,512";"0,000";"0,450";"0,000";"0,662";"0,000";"1,625";"0,000";"0,002";"0,000";"0,000";"0,118";"0,512";"0,450";"0,662";"1,625";"0,000";"0,000";"0,000";
"17/11/2024 21:30";"0,531";"0,000";"0,490";"0,000";"0,664";"0,000";"1,685";"0,000";"0,000";"0,000";"0,000";"0,116";"0,531";"0,490";"0,664";"1,685";"0,000";"0,000";"0,000";
"17/11/2024 21:40";"0,726";"0,000";"0,424";"0,000";"0,606";"0,000";"1,756";"0,000";"0,000";"0,000";"0,000";"0,177";"0,726";"0,424";"0,606";"1,756";"0,000";"0,000";"0,000";
"17/11/2024 21:50";"0,411";"0,000";"0,359";"0,000";"0,569";"0,000";"1,339";"0,000";"0,000";"0,000";"0,000";"0,189";"0,411";"0,359";"0,569";"1,339";"0,000";"0,000";"0,000";
"17/11/2024 22:00";"0,485";"0,000";"0,463";"0,000";"0,623";"0,000";"1,572";"0,000";"0,000";"0,000";"0,000";"0,167";"0,485";"0,463";"0,623";"1,572";"0,000";"0,000";"0,000";
"17/11/2024 22:10";"0,416";"0,000";"0,454";"0,000";"0,656";"0,000";"1,527";"0,000";"0,000";"0,000";"0,000";"0,158";"0,416";"0,454";"0,656";"1,527";"0,000";"0,000";"0,000";
"17/11/2024 22:20";"0,423";"0,000";"0,434";"0,000";"0,629";"0,000";"1,485";"0,000";"0,000";"0,000";"0,000";"0,185";"0,423";"0,434";"0,629";"1,485";"0,000";"0,000";"0,000";
"17/11/2024 22:30";"0,569";"0,000";"0,461";"0,000";"0,645";"0,000";"1,675";"0,000";"0,000";"0,000";"0,000";"0,183";"0,569";"0,461";"0,645";"1,675";"0,000";"0,000";"0,000";
"17/11/2024 22:40";"0,823";"0,000";"0,384";"0,000";"0,565";"0,000";"1,772";"0,000";"0,000";"0,000";"0,000";"0,249";"0,823";"0,384";"0,565";"1,772";"0,000";"0,000";"0,000";
"17/11/2024 22:50";"0,435";"0,000";"0,424";"0,000";"0,608";"0,000";"1,467";"0,000";"0,000";"0,000";"0,000";"0,198";"0,435";"0,424";"0,608";"1,467";"0,000";"0,000";"0,000";
"17/11/2024 23:00";"0,459";"0,000";"0,510";"0,000";"0,669";"0,000";"1,638";"0,000";"0,000";"0,000";"0,000";"0,156";"0,459";"0,510";"0,669";"1,638";"0,000";"0,000";"0,000";
"17/11/2024 23:10";"0,368";"0,000";"0,413";"0,000";"0,617";"0,000";"1,398";"0,000";"0,000";"0,000";"0,000";"0,191";"0,368";"0,413";"0,617";"1,398";"0,000";"0,000";"0,000";
"17/11/2024 23:20";"0,507";"0,000";"0,478";"0,000";"0,658";"0,000";"1,643";"0,000";"0,000";"0,000";"0,000";"0,156";"0,507";"0,478";"0,658";"1,643";"0,000";"0,000";"0,000";
"17/11/2024 23:30";"0,833";"0,000";"0,395";"0,000";"0,563";"0,000";"1,791";"0,000";"0,000";"0,000";"0,000";"0,256";"0,833";"0,395";"0,563";"1,791";"0,000";"0,000";"0,000";
"17/11/2024 23:40";"0,933";"0,000";"0,410";"0,000";"0,597";"0,000";"1,940";"0,000";"0,000";"0,000";"0,000";"0,220";"0,933";"0,410";"0,597";"1,940";"0,000";"0,000";"0,000";
"17/11/2024 23:50";"0,684";"0,000";"0,495";"0,000";"0,671";"0,000";"1,850";"0,000";"0,000";"0,000";"0,000";"0,162";"0,684";"0,495";"0,671";"1,850";"0,000";"0,000";"0,000";
"18/11/2024 00:00";"0,462";"0,000";"0,522";"0,000";"0,681";"0,000";"1,666";"0,000";"0,001";"0,000";"0,000";"0,210";"0,462";"0,522";"0,681";"1,666";"0,000";"0,000";"0,000";
"18/11/2024 00:10";"0,396";"0,000";"0,442";"0,000";"0,635";"0,000";"1,473";"0,000";"0,000";"0,000";"0,000";"0,287";"0,396";"0,442";"0,635";"1,473";"0,000";"0,000";"0,000";
"18/11/2024 00:20";"0,435";"0,000";"0,507";"0,000";"0,651";"0,000";"1,594";"0,000";"0,000";"0,000";"0,000";"0,171";"0,435";"0,507";"0,651";"1,594";"0,000";"0,000";"0,000";
"18/11/2024 00:30";"0,459";"0,000";"0,490";"0,000";"0,678";"0,000";"1,627";"0,000";"0,000";"0,000";"0,000";"0,132";"0,459";"0,490";"0,678";"1,627";"0,000";"0,000";"0,000";
"18/11/2024 00:40";"0,442";"0,000";"0,510";"0,000";"0,789";"0,000";"1,741";"0,000";"0,000";"0,000";"0,000";"0,126";"0,442";"0,510";"0,789";"1,741";"0,000";"0,000";"0,000";
"18/11/2024 00:50";"0,355";"0,000";"0,440";"0,000";"0,642";"0,000";"1,437";"0,000";"0,000";"0,000";"0,000";"0,211";"0,355";"0,440";"0,642";"1,437";"0,000";"0,000";"0,000";
"18/11/2024 01:00";"0,461";"0,000";"0,490";"0,000";"0,690";"0,000";"1,641";"0,000";"0,000";"0,000";"0,000";"0,196";"0,461";"0,490";"0,690";"1,641";"0,000";"0,000";"0,000";
"18/11/2024 01:10";"0,474";"0,000";"0,520";"0,000";"0,690";"0,000";"1,683";"0,000";"0,000";"0,000";"0,000";"0,287";"0,474";"0,520";"0,690";"1,683";"0,000";"0,000";"0,000";
"18/11/2024 01:20";"0,376";"0,000";"0,446";"0,000";"0,619";"0,000";"1,441";"0,000";"0,000";"0,000";"0,000";"0,197";"0,376";"0,446";"0,619";"1,441";"0,000";"0,000";"0,000";
"18/11/2024 01:30";"0,446";"0,000";"0,497";"0,000";"0,690";"0,000";"1,633";"0,000";"0,000";"0,000";"0,000";"0,244";"0,446";"0,497";"0,690";"1,633";"0,000";"0,000";"0,000";
"18/11/2024 01:40";"0,400";"0,000";"0,471";"0,000";"0,624";"0,000";"1,494";"0,000";"0,000";"0,000";"0,000";"0,293";"0,400";"0,471";"0,624";"1,494";"0,000";"0,000";"0,000";
"18/11/2024 01:50";"0,480";"0,000";"0,492";"0,000";"0,677";"0,000";"1,649";"0,000";"0,000";"0,000";"0,000";"0,129";"0,480";"0,492";"0,677";"1,649";"0,000";"0,000";"0,000";
"18/11/2024 02:00";"0,449";"0,000";"0,526";"0,000";"0,700";"0,000";"1,675";"0,000";"0,001";"0,000";"0,000";"0,177";"0,449";"0,526";"0,700";"1,675";"0,000";"0,000";"0,000";
"18/11/2024 02:10";"0,374";"0,000";"0,441";"0,000";"0,618";"0,000";"1,433";"0,000";"0,000";"0,000";"0,000";"0,250";"0,374";"0,441";"0,618";"1,433";"0,000";"0,000";"0,000";
"18/11/2024 02:20";"0,452";"0,000";"0,478";"0,000";"0,666";"0,000";"1,596";"0,000";"0,000";"0,000";"0,000";"0,148";"0,452";"0,478";"0,666";"1,596";"0,000";"0,000";"0,000";
"18/11/2024 02:30";"0,432";"0,000";"0,496";"0,000";"0,648";"0,000";"1,576";"0,000";"0,000";"0,000";"0,000";"0,265";"0,432";"0,496";"0,648";"1,576";"0,000";"0,000";"0,000";
"18/11/2024 02:40";"0,813";"0,000";"0,465";"0,000";"0,648";"0,000";"1,925";"0,000";"0,000";"0,000";"0,000";"0,179";"0,813";"0,465";"0,648";"1,925";"0,000";"0,000";"0,000";
"18/11/2024 02:50";"0,941";"0,000";"0,787";"0,000";"0,671";"0,000";"2,400";"0,000";"0,000";"0,000";"0,000";"0,277";"0,941";"0,787";"0,671";"2,400";"0,000";"0,000";"0,000";
"18/11/2024 03:00";"0,779";"0,000";"0,554";"0,000";"0,606";"0,000";"1,938";"0,000";"0,000";"0,000";"0,000";"0,218";"0,779";"0,554";"0,606";"1,938";"0,000";"0,000";"0,000";
"18/11/2024 03:10";"0,450";"0,000";"0,489";"0,000";"0,683";"0,000";"1,621";"0,000";"0,000";"0,000";"0,000";"0,180";"0,450";"0,489";"0,683";"1,621";"0,000";"0,000";"0,000";
"18/11/2024 03:20";"0,484";"0,000";"0,455";"0,000";"0,614";"0,000";"1,554";"0,000";"0,000";"0,000";"0,000";"0,218";"0,484";"0,455";"0,614";"1,554";"0,000";"0,000";"0,000";
"18/11/2024 03:30";"0,675";"0,000";"0,477";"0,000";"0,669";"0,000";"1,821";"0,000";"0,000";"0,000";"0,000";"0,158";"0,675";"0,477";"0,669";"1,821";"0,000";"0,000";"0,000";
"18/11/2024 03:40";"0,684";"0,000";"0,541";"0,000";"0,702";"0,000";"1,927";"0,000";"0,000";"0,000";"0,000";"0,276";"0,684";"0,541";"0,702";"1,927";"0,000";"0,000";"0,000";
"18/11/2024 03:50";"0,769";"0,000";"0,524";"0,000";"0,623";"0,000";"1,916";"0,000";"0,000";"0,000";"0,000";"0,314";"0,769";"0,524";"0,623";"1,916";"0,000";"0,000";"0,000";
"18/11/2024 04:00";"0,470";"0,000";"0,491";"0,000";"0,665";"0,000";"1,627";"0,000";"0,000";"0,000";"0,000";"0,210";"0,470";"0,491";"0,665";"1,627";"0,000";"0,000";"0,000";
"18/11/2024 04:10";"0,387";"0,000";"0,450";"0,000";"0,615";"0,000";"1,452";"0,000";"0,000";"0,000";"0,000";"0,252";"0,387";"0,450";"0,615";"1,452";"0,000";"0,000";"0,000";
"18/11/2024 04:20";"0,434";"0,000";"0,451";"0,000";"0,644";"0,000";"1,529";"0,000";"0,000";"0,000";"0,000";"0,169";"0,434";"0,451";"0,644";"1,529";"0,000";"0,000";"0,000";
"18/11/2024 04:30";"0,429";"0,000";"0,482";"0,000";"0,639";"0,000";"1,550";"0,000";"0,000";"0,000";"0,000";"0,178";"0,429";"0,482";"0,639";"1,550";"0,000";"0,000";"0,000";
"18/11/2024 04:40";"0,406";"0,000";"0,481";"0,000";"0,729";"0,000";"1,616";"0,000";"0,000";"0,000";"0,000";"0,170";"0,406";"0,481";"0,729";"1,616";"0,000";"0,000";"0,000";
"18/11/2024 04:50";"0,409";"0,000";"0,444";"0,000";"0,784";"0,000";"1,636";"0,000";"0,000";"0,000";"0,000";"0,262";"0,409";"0,444";"0,784";"1,636";"0,000";"0,000";"0,000";
"18/11/2024 05:00";"0,406";"0,000";"0,451";"0,000";"0,757";"0,000";"1,614";"0,000";"0,000";"0,000";"0,000";"0,216";"0,406";"0,451";"0,757";"1,614";"0,000";"0,000";"0,000";
"18/11/2024 05:10";"0,365";"0,000";"0,411";"0,000";"0,732";"0,000";"1,509";"0,000";"0,000";"0,000";"0,000";"0,229";"0,365";"0,411";"0,732";"1,509";"0,000";"0,000";"0,000";
"18/11/2024 05:20";"0,542";"0,000";"0,572";"0,000";"0,746";"0,000";"1,860";"0,000";"0,007";"0,000";"0,000";"0,205";"0,542";"0,572";"0,746";"1,860";"0,000";"0,000";"0,000";
"18/11/2024 05:30";"1,879";"0,000";"1,892";"0,000";"2,313";"0,000";"6,083";"0,000";"0,105";"0,000";"0,000";"0,222";"1,879";"1,892";"2,313";"6,083";"0,000";"0,000";"0,000";
"18/11/2024 05:40";"1,844";"0,000";"1,711";"0,000";"2,330";"0,000";"5,885";"0,000";"0,075";"0,000";"0,000";"0,344";"1,844";"1,711";"2,330";"5,885";"0,000";"0,000";"0,000";
"18/11/2024 05:50";"2,010";"0,000";"1,687";"0,000";"2,219";"0,000";"5,917";"0,000";"0,000";"0,000";"0,000";"0,358";"2,010";"1,687";"2,219";"5,917";"0,000";"0,000";"0,000";
"18/11/2024 06:00";"2,993";"0,000";"2,835";"0,000";"3,301";"0,000";"9,129";"0,000";"0,155";"0,000";"0,000";"0,275";"2,993";"2,835";"3,301";"9,129";"0,000";"0,000";"0,000";
"18/11/2024 06:10";"2,703";"0,000";"3,022";"0,000";"3,282";"0,000";"9,007";"0,000";"0,750";"0,000";"0,000";"0,198";"2,703";"3,022";"3,282";"9,007";"0,000";"0,000";"0,000";
"18/11/2024 06:20";"6,489";"0,000";"6,325";"0,000";"6,715";"0,000";"19,529";"0,000";"0,816";"0,000";"0,000";"0,455";"6,489";"6,325";"6,715";"19,529";"0,000";"0,000";"0,000";
"18/11/2024 06:30";"6,175";"0,000";"5,803";"0,000";"6,637";"0,000";"18,615";"0,000";"0,322";"0,000";"0,000";"0,706";"6,175";"5,803";"6,637";"18,615";"0,000";"0,000";"0,000";
"18/11/2024 06:40";"6,020";"0,000";"5,720";"0,000";"6,513";"0,000";"18,253";"0,000";"0,401";"0,000";"0,000";"0,549";"6,020";"5,720";"6,513";"18,253";"0,000";"0,000";"0,000";
"18/11/2024 06:50";"6,434";"0,000";"6,138";"0,000";"6,959";"0,000";"19,532";"0,000";"0,521";"0,000";"0,000";"0,602";"6,434";"6,138";"6,959";"19,532";"0,000";"0,000";"0,000";
"18/11/2024 07:00";"6,205";"0,000";"6,253";"0,000";"6,911";"0,000";"19,369";"0,000";"0,801";"0,000";"0,000";"0,642";"6,205";"6,253";"6,911";"19,369";"0,000";"0,000";"0,000";
"18/11/2024 07:10";"6,341";"0,000";"6,129";"0,000";"6,871";"0,000";"19,342";"0,000";"0,604";"0,000";"0,000";"0,538";"6,341";"6,129";"6,871";"19,342";"0,000";"0,000";"0,000";
"18/11/2024 07:20";"6,454";"0,000";"6,139";"0,000";"6,993";"0,000";"19,585";"0,000";"0,374";"0,000";"0,000";"0,687";"6,454";"6,139";"6,993";"19,585";"0,000";"0,000";"0,000";
"18/11/2024 07:30";"7,973";"0,000";"7,679";"0,000";"8,324";"0,000";"23,975";"0,000";"1,073";"0,000";"0,000";"0,625";"7,973";"7,679";"8,324";"23,975";"0,000";"0,000";"0,000";
"18/11/2024 07:40";"8,412";"0,000";"7,467";"0,000";"8,305";"0,000";"24,184";"0,000";"1,064";"0,000";"0,000";"0,601";"8,412";"7,467";"8,305";"24,184";"0,000";"0,000";"0,000";
"18/11/2024 07:50";"8,380";"0,000";"7,990";"0,000";"8,528";"0,000";"24,898";"0,000";"1,218";"0,000";"0,000";"0,278";"8,380";"7,990";"8,528";"24,898";"0,000";"0,000";"0,000";
"18/11/2024 08:00";"7,190";"0,000";"6,899";"0,000";"7,292";"0,000";"21,381";"0,000";"0,940";"0,000";"0,000";"0,376";"7,190";"6,899";"7,292";"21,381";"0,000";"0,000";"0,000";
"18/11/2024 08:10";"7,650";"0,000";"7,268";"0,000";"7,578";"0,000";"22,496";"0,000";"0,829";"0,000";"0,000";"0,503";"7,650";"7,268";"7,578";"22,496";"0,000";"0,000";"0,000";
"18/11/2024 08:20";"7,963";"0,000";"7,631";"0,000";"8,004";"0,000";"23,599";"0,000";"0,726";"0,000";"0,000";"0,871";"7,963";"7,631";"8,004";"23,599";"0,000";"0,000";"0,000";
"18/11/2024 08:30";"8,650";"0,000";"8,405";"0,000";"8,792";"0,000";"25,847";"0,000";"1,170";"0,000";"0,000";"0,469";"8,650";"8,405";"8,792";"25,847";"0,000";"0,000";"0,000";
"18/11/2024 08:40";"9,045";"0,000";"8,793";"0,000";"9,242";"0,000";"27,080";"0,000";"1,697";"0,000";"0,000";"0,305";"9,045";"8,793";"9,242";"27,080";"0,000";"0,000";"0,000";
"18/11/2024 08:50";"7,770";"0,000";"7,429";"0,000";"7,988";"0,000";"23,188";"0,000";"1,125";"0,000";"0,000";"0,590";"7,863";"7,522";"8,081";"23,465";"0,277";"0,151";"0,126";
"18/11/2024 09:00";"7,274";"0,000";"7,007";"0,000";"7,366";"0,000";"21,648";"0,000";"0,706";"0,000";"0,000";"0,705";"7,421";"7,154";"7,513";"22,087";"0,439";"0,245";"0,194";
"18/11/2024 09:10";"8,284";"0,000";"7,854";"0,000";"8,498";"0,000";"24,635";"0,000";"1,335";"0,000";"0,000";"0,564";"8,487";"8,056";"8,700";"25,243";"0,608";"0,345";"0,263";
"18/11/2024 09:20";"8,526";"0,000";"7,684";"0,000";"8,580";"0,000";"24,790";"0,000";"1,518";"0,000";"0,000";"0,589";"8,780";"7,938";"8,835";"25,553";"0,763";"0,444";"0,319";
"18/11/2024 09:30";
"18/11/2024 09:40";
"18/11/2024 09:50";
"18/11/2024 10:00";
"18/11/2024 10:10";
"18/11/2024 10:20";
"18/11/2024 10:30";
"18/11/2024 10:40";
"18/11/2024 10:50";
"18/11/2024 11:00";
"18/11/2024 11:10";
"18/11/2024 11:20";
"18/11/2024 11:30";
"18/11/2024 11:40";
"18/11/2024 11:50";
"18/11/2024 12:00";
"18/11/2024 12:10";
"18/11/2024 12:20";
"18/11/2024 12:30";
"18/11/2024 12:40";
"18/11/2024 12:50";
"18/11/2024 13:00";
"18/11/2024 13:10";
"18/11/2024 13:20";
"18/11/2024 13:30";
"18/11/2024 13:40";
"18/11/2024 13:50";
"18/11/2024 14:00";
"18/11/2024 14:10";
"18/11/2024 14:20";
"18/11/2024 14:30";
"18/11/2024 14:40";
"18/11/2024 14:50";
"18/11/2024 15:00";
"18/11/2024 15:10";
"18/11/2024 15:20";
"18/11/2024 15:30";
"18/11/2024 15:40";
"18/11/2024 15:50";
"18/11/2024 16:00";
"18/11/2024 16:10";
"18/11/2024 16:20";
"18/11/2024 16:30";
"18/11/2024 16:40";
"18/11/2024 16:50";
"18/11/2024 17:00";
"18/11/2024 17:10";
"18/11/2024 17:20";
"18/11/2024 17:30";
"18/11/2024 17:40";
"18/11/2024 17:50";
"18/11/2024 18:00";
"18/11/2024 18:10";
"18/11/2024 18:20";
"18/11/2024 18:30";
"18/11/2024 18:40";
"18/11/2024 18:50";
"18/11/2024 19:00";
"18/11/2024 19:10";
"18/11/2024 19:20";
"18/11/2024 19:30";
"18/11/2024 19:40";
"18/11/2024 19:50";
"18/11/2024 20:00";
"18/11/2024 20:10";
"18/11/2024 20:20";
"18/11/2024 20:30";
"18/11/2024 20:40";
"18/11/2024 20:50";
"18/11/2024 21:00";
"18/11/2024 21:10";
"18/11/2024 21:20";
"18/11/2024 21:30";
"18/11/2024 21:40";
"18/11/2024 21:50";
"18/11/2024 22:00";
"18/11/2024 22:10";
"18/11/2024 22:20";
"18/11/2024 22:30";
"18/11/2024 22:40";
"18/11/2024 22:50";
"18/11/2024 23:00";
"18/11/2024 23:10";
"18/11/2024 23:20";
"18/11/2024 23:30";
"18/11/2024 23:40";
"18/11/2024 23:50";
"19/11/2024 00:00";
"19/11/2024 00:10";
"19/11/2024 00:20";
"19/11/2024 00:30";
"19/11/2024 00:40";
"19/11/2024 00:50";
"19/11/2024 01:00";
"19/11/2024 01:10";
"19/11/2024 01:20";
"19/11/2024 01:30";
"19/11/2024 01:40";
"19/11/2024 01:50";
"19/11/2024 02:00";
"19/11/2024 02:10";
"19/11/2024 02:20";
"19/11/2024 02:30";
"19/11/2024 02:40";
"19/11/2024 02:50";
"19/11/2024 03:00";
"19/11/2024 03:10";
"19/11/2024 03:20";
"19/11/2024 03:30";
"19/11/2024 03:40";
"19/11/2024 03:50";
"19/11/2024 04:00";
"19/11/2024 04:10";
"19/11/2024 04:20";
"19/11/2024 04:30";
"19/11/2024 04:40";
"19/11/2024 04:50";
"19/11/2024 05:00";
"19/11/2024 05:10";
"19/11/2024 05:20";
"19/11/2024 05:30";
"19/11/2024 05:40";
"19/11/2024 05:50";
"19/11/2024 06:00";
"19/11/2024 06:10";
"19/11/2024 06:20";
"19/11/2024 06:30";
"19/11/2024 06:40";
"19/11/2024 06:50";
"19/11/2024 07:00";
"19/11/2024 07:10";
"19/11/2024 07:20";
"19/11/2024 07:30";
"19/11/2024 07:40";
"19/11/2024 07:50";
"19/11/2024 08:00";
"19/11/2024 08:10";
"19/11/2024 08:20";
"19/11/2024 08:30";
"19/11/2024 08:40";
"19/11/2024 08:50";
"19/11/2024 09:00";
"19/11/2024 09:10";
"19/11/2024 09:20";
"19/11/2024 09:30";
"19/11/2024 09:40";
"19/11/2024 09:50";
"19/11/2024 10:00";
"19/11/2024 10:10";
"19/11/2024 10:20";
"19/11/2024 10:30";
"19/11/2024 10:40";
"19/11/2024 10:50";
"19/11/2024 11:00";
"19/11/2024 11:10";
"19/11/2024 11:20";
"19/11/2024 11:30";
"19/11/2024 11:40";
"19/11/2024 11:50";
"19/11/2024 12:00";
"19/11/2024 12:10";
"19/11/2024 12:20";
"19/11/2024 12:30";
"19/11/2024 12:40";
"19/11/2024 12:50";
"19/11/2024 13:00";
"19/11/2024 13:10";
"19/11/2024 13:20";
"19/11/2024 13:30";
"19/11/2024 13:40";
"19/11/2024 13:50";
"19/11/2024 14:00";
"19/11/2024 14:10";
"19/11/2024 14:20";
"19/11/2024 14:30";
"19/11/2024 14:40";
"19/11/2024 14:50";
"19/11/2024 15:00";
"19/11/2024 15:10";
"19/11/2024 15:20";
"19/11/2024 15:30";
"19/11/2024 15:40";
"19/11/2024 15:50";
"19/11/2024 16:00";
"19/11/2024 16:10";
"19/11/2024 16:20";
"19/11/2024 16:30";
"19/11/2024 16:40";
"19/11/2024 16:50";
"19/11/2024 17:00";
"19/11/2024 17:10";
"19/11/2024 17:20";
"19/11/2024 17:30";
"19/11/2024 17:40";
"19/11/2024 17:50";
"19/11/2024 18:00";
"19/11/2024 18:10";
"19/11/2024 18:20";
"19/11/2024 18:30";
"19/11/2024 18:40";
"19/11/2024 18:50";
"19/11/2024 19:00";
"19/11/2024 19:10";
"19/11/2024 19:20";
"19/11/2024 19:30";
"19/11/2024 19:40";
"19/11/2024 19:50";
"19/11/2024 20:00";
"19/11/2024 20:10";
"19/11/2024 20:20";
"19/11/2024 20:30";
"19/11/2024 20:40";
"19/11/2024 20:50";
"19/11/2024 21:00";
"19/11/2024 21:10";
"19/11/2024 21:20";
"19/11/2024 21:30";
"19/11/2024 21:40";
"19/11/2024 21:50";
"19/11/2024 22:00";
"19/11/2024 22:10";
"19/11/2024 22:20";
"19/11/2024 22:30";
"19/11/2024 22:40";
"19/11/2024 22:50";
"19/11/2024 23:00";
"19/11/2024 23:10";
"19/11/2024 23:20";
"19/11/2024 23:30";
"19/11/2024 23:40";
"19/11/2024 23:50";
"20/11/2024 00:00";
"20/11/2024 00:10";
"20/11/2024 00:20";
"20/11/2024 00:30";
"20/11/2024 00:40";
"20/11/2024 00:50";
"20/11/2024 01:00";
"20/11/2024 01:10";
"20/11/2024 01:20";
"20/11/2024 01:30";
"20/11/2024 01:40";
"20/11/2024 01:50";
"20/11/2024 02:00";
"20/11/2024 02:10";
"20/11/2024 02:20";
"20/11/2024 02:30";
"20/11/2024 02:40";
"20/11/2024 02:50";
"20/11/2024 03:00";
"20/11/2024 03:10";
"20/11/2024 03:20";
"20/11/2024 03:30";
"20/11/2024 03:40";
"20/11/2024 03:50";
"20/11/2024 04:00";
"20/11/2024 04:10";
"20/11/2024 04:20";
"20/11/2024 04:30";
"20/11/2024 04:40";
"20/11/2024 04:50";
"20/11/2024 05:00";
"20/11/2024 05:10";
"20/11/2024 05:20";
"20/11/2024 05:30";
"20/11/2024 05:40";
"20/11/2024 05:50";
"20/11/2024 06:00";
"20/11/2024 06:10";
"20/11/2024 06:20";
"20/11/2024 06:30";
"20/11/2024 06:40";
"20/11/2024 06:50";
"20/11/2024 07:00";
"20/11/2024 07:10";
"20/11/2024 07:20";
"20/11/2024 07:30";
"20/11/2024 07:40";
"20/11/2024 07:50";
"20/11/2024 08:00";
"20/11/2024 08:10";
"20/11/2024 08:20";
"20/11/2024 08:30";
"20/11/2024 08:40";
"20/11/2024 08:50";
"20/11/2024 09:00";
"20/11/2024 09:10";
"20/11/2024 09:20";
"20/11/2024 09:30";
"20/11/2024 09:40";
"20/11/2024 09:50";
"20/11/2024 10:00";
"20/11/2024 10:10";
"20/11/2024 10:20";
"20/11/2024 10:30";
"20/11/2024 10:40";
"20/11/2024 10:50";
"20/11/2024 11:00";
"20/11/2024 11:10";
"20/11/2024 11:20";
"20/11/2024 11:30";
"20/11/2024 11:40";
"20/11/2024 11:50";
"20/11/2024 12:00";
"20/11/2024 12:10";
"20/11/2024 12:20";
"20/11/2024 12:30";
"20/11/2024 12:40";
"20/11/2024 12:50";
"20/11/2024 13:00";
"20/11/2024 13:10";
"20/11/2024 13:20";
"20/11/2024 13:30";
"20/11/2024 13:40";
"20/11/2024 13:50";
"20/11/2024 14:00";
"20/11/2024 14:10";
"20/11/2024 14:20";
"20/11/2024 14:30";
"20/11/2024 14:40";
"20/11/2024 14:50";
"20/11/2024 15:00";
"20/11/2024 15:10";
"20/11/2024 15:20";
"20/11/2024 15:30";
"20/11/2024 15:40";
"20/11/2024 15:50";
"20/11/2024 16:00";
"20/11/2024 16:10";
"20/11/2024 16:20";
"20/11/2024 16:30";
"20/11/2024 16:40";
"20/11/2024 16:50";
"20/11/2024 17:00";
"20/11/2024 17:10";
"20/11/2024 17:20";
"20/11/2024 17:30";
"20/11/2024 17:40";
"20/11/2024 17:50";
"20/11/2024 18:00";
"20/11/2024 18:10";
"20/11/2024 18:20";
"20/11/2024 18:30";
"20/11/2024 18:40";
"20/11/2024 18:50";
"20/11/2024 19:00";
"20/11/2024 19:10";
"20/11/2024 19:20";
"20/11/2024 19:30";
"20/11/2024 19:40";
"20/11/2024 19:50";
"20/11/2024 20:00";
"20/11/2024 20:10";
"20/11/2024 20:20";
"20/11/2024 20:30";
"20/11/2024 20:40";
"20/11/2024 20:50";
"20/11/2024 21:00";
"20/11/2024 21:10";
"20/11/2024 21:20";
"20/11/2024 21:30";
"20/11/2024 21:40";
"20/11/2024 21:50";
"20/11/2024 22:00";
"20/11/2024 22:10";
"20/11/2024 22:20";
"20/11/2024 22:30";
"20/11/2024 22:40";
"20/11/2024 22:50";
"20/11/2024 23:00";
"20/11/2024 23:10";
"20/11/2024 23:20";
"20/11/2024 23:30";
"20/11/2024 23:40";
"20/11/2024 23:50";
"21/11/2024 00:00";
"21/11/2024 00:10";
"21/11/2024 00:20";
"21/11/2024 00:30";
"21/11/2024 00:40";
"21/11/2024 00:50";
"21/11/2024 01:00";
"21/11/2024 01:10";
"21/11/2024 01:20";
"21/11/2024 01:30";
"21/11/2024 01:40";
"21/11/2024 01:50";
"21/11/2024 02:00";
"21/11/2024 02:10";
"21/11/2024 02:20";
"21/11/2024 02:30";
"21/11/2024 02:40";
"21/11/2024 02:50";
"21/11/2024 03:00";
"21/11/2024 03:10";
"21/11/2024 03:20";
"21/11/2024 03:30";
"21/11/2024 03:40";
"21/11/2024 03:50";
"21/11/2024 04:00";
"21/11/2024 04:10";
"21/11/2024 04:20";
"21/11/2024 04:30";
"21/11/2024 04:40";
"21/11/2024 04:50";
"21/11/2024 05:00";
"21/11/2024 05:10";
"21/11/2024 05:20";
"21/11/2024 05:30";
"21/11/2024 05:40";
"21/11/2024 05:50";
"21/11/2024 06:00";
"21/11/2024 06:10";
"21/11/2024 06:20";
"21/11/2024 06:30";
"21/11/2024 06:40";
"21/11/2024 06:50";
"21/11/2024 07:00";
"21/11/2024 07:10";
"21/11/2024 07:20";
"21/11/2024 07:30";
"21/11/2024 07:40";
"21/11/2024 07:50";
"21/11/2024 08:00";
"21/11/2024 08:10";
"21/11/2024 08:20";
"21/11/2024 08:30";
"21/11/2024 08:40";
"21/11/2024 08:50";
"21/11/2024 09:00";
"21/11/2024 09:10";
"21/11/2024 09:20";
"21/11/2024 09:30";
"21/11/2024 09:40";
"21/11/2024 09:50";
"21/11/2024 10:00";
"21/11/2024 10:10";
"21/11/2024 10:20";
"21/11/2024 10:30";
"21/11/2024 10:40";
"21/11/2024 10:50";
"21/11/2024 11:00";
"21/11/2024 11:10";
"21/11/2024 11:20";
"21/11/2024 11:30";
"21/11/2024 11:40";
"21/11/2024 11:50";
"21/11/2024 12:00";
"21/11/2024 12:10";
"21/11/2024 12:20";
"21/11/2024 12:30";
"21/11/2024 12:40";
"21/11/2024 12:50";
"21/11/2024 13:00";
"21/11/2024 13:10";
"21/11/2024 13:20";
"21/11/2024 13:30";
"21/11/2024 13:40";
"21/11/2024 13:50";
"21/11/2024 14:00";
"21/11/2024 14:10";
"21/11/2024 14:20";
"21/11/2024 14:30";
"21/11/2024 14:40";
"21/11/2024 14:50";
"21/11/2024 15:00";
"21/11/2024 15:10";
"21/11/2024 15:20";
"21/11/2024 15:30";
"21/11/2024 15:40";
"21/11/2024 15:50";
"21/11/2024 16:00";
"21/11/2024 16:10";
"21/11/2024 16:20";
"21/11/2024 16:30";
"21/11/2024 16:40";
"21/11/2024 16:50";
"21/11/2024 17:00";
"21/11/2024 17:10";
"21/11/2024 17:20";
"21/11/2024 17:30";
"21/11/2024 17:40";
"21/11/2024 17:50";
"21/11/2024 18:00";
"21/11/2024 18:10";
"21/11/2024 18:20";
"21/11/2024 18:30";
"21/11/2024 18:40";
"21/11/2024 18:50";
"21/11/2024 19:00";
"21/11/2024 19:10";
"21/11/2024 19:20";
"21/11/2024 19:30";
"21/11/2024 19:40";
"21/11/2024 19:50";
"21/11/2024 20:00";
"21/11/2024 20:10";
"21/11/2024 20:20";
"21/11/2024 20:30";
"21/11/2024 20:40";
"21/11/2024 20:50";
"21/11/2024 21:00";
"21/11/2024 21:10";
"21/11/2024 21:20";
"21/11/2024 21:30";
"21/11/2024 21:40";
"21/11/2024 21:50";
"21/11/2024 22:00";
"21/11/2024 22:10";
"21/11/2024 22:20";
"21/11/2024 22:30";
"21/11/2024 22:40";
"21/11/2024 22:50";
"21/11/2024 23:00";
"21/11/2024 23:10";
"21/11/2024 23:20";
"21/11/2024 23:30";
"21/11/2024 23:40";
"21/11/2024 23:50";
"22/11/2024 00:00";
"22/11/2024 00:10";
"22/11/2024 00:20";
"22/11/2024 00:30";
"22/11/2024 00:40";
"22/11/2024 00:50";
"22/11/2024 01:00";
"22/11/2024 01:10";
"22/11/2024 01:20";
"22/11/2024 01:30";
"22/11/2024 01:40";
"22/11/2024 01:50";
"22/11/2024 02:00";
"22/11/2024 02:10";
"22/11/2024 02:20";
"22/11/2024 02:30";
"22/11/2024 02:40";
"22/11/2024 02:50";
"22/11/2024 03:00";
"22/11/2024 03:10";
"22/11/2024 03:20";
"22/11/2024 03:30";
"22/11/2024 03:40";
"22/11/2024 03:50";
"22/11/2024 04:00";
"22/11/2024 04:10";
"22/11/2024 04:20";
"22/11/2024 04:30";
"22/11/2024 04:40";
"22/11/2024 04:50";
"22/11/2024 05:00";
"22/11/2024 05:10";
"22/11/2024 05:20";
"22/11/2024 05:30";
"22/11/2024 05:40";
"22/11/2024 05:50";
"22/11/2024 06:00";
"22/11/2024 06:10";
"22/11/2024 06:20";
"22/11/2024 06:30";
"22/11/2024 06:40";
"22/11/2024 06:50";
"22/11/2024 07:00";
"22/11/2024 07:10";
"22/11/2024 07:20";
"22/11/2024 07:30";
"22/11/2024 07:40";
"22/11/2024 07:50";
"22/11/2024 08:00";
"22/11/2024 08:10";
"22/11/2024 08:20";
"22/11/2024 08:30";
"22/11/2024 08:40";
"22/11/2024 08:50";
"22/11/2024 09:00";
"22/11/2024 09:10";
"22/11/2024 09:20";
"22/11/2024 09:30";
"22/11/2024 09:40";
"22/11/2024 09:50";
"22/11/2024 10:00";
"22/11/2024 10:10";
"22/11/2024 10:20";
"22/11/2024 10:30";
"22/11/2024 10:40";
"22/11/2024 10:50";
"22/11/2024 11:00";
"22/11/2024 11:10";
"22/11/2024 11:20";
"22/11/2024 11:30";
"22/11/2024 11:40";
"22/11/2024 11:50";
"22/11/2024 12:00";
"22/11/2024 12:10";
"22/11/2024 12:20";
"22/11/2024 12:30";
"22/11/2024 12:40";
"22/11/2024 12:50";
"22/11/2024 13:00";
"22/11/2024 13:10";
"22/11/2024 13:20";
"22/11/2024 13:30";
"22/11/2024 13:40";
"22/11/2024 13:50";
"22/11/2024 14:00";
"22/11/2024 14:10";
"22/11/2024 14:20";
"22/11/2024 14:30";
"22/11/2024 14:40";
"22/11/2024 14:50";
"22/11/2024 15:00";
"22/11/2024 15:10";
"22/11/2024 15:20";
"22/11/2024 15:30";
"22/11/2024 15:40";
"22/11/2024 15:50";
"22/11/2024 16:00";
"22/11/2024 16:10";
"22/11/2024 16:20";
"22/11/2024 16:30";
"22/11/2024 16:40";
"22/11/2024 16:50";
"22/11/2024 17:00";
"22/11/2024 17:10";
"22/11/2024 17:20";
"22/11/2024 17:30";
"22/11/2024 17:40";
"22/11/2024 17:50";
"22/11/2024 18:00";
"22/11/2024 18:10";
"22/11/2024 18:20";
"22/11/2024 18:30";
"22/11/2024 18:40";
"22/11/2024 18:50";
"22/11/2024 19:00";
"22/11/2024 19:10";
"22/11/2024 19:20";
"22/11/2024 19:30";
"22/11/2024 19:40";
"22/11/2024 19:50";
"22/11/2024 20:00";
"22/11/2024 20:10";
"22/11/2024 20:20";
"22/11/2024 20:30";
"22/11/2024 20:40";
"22/11/2024 20:50";
"22/11/2024 21:00";
"22/11/2024 21:10";
"22/11/2024 21:20";
"22/11/2024 21:30";
"22/11/2024 21:40";
"22/11/2024 21:50";
"22/11/2024 22:00";
"22/11/2024 22:10";
"22/11/2024 22:20";
"22/11/2024 22:30";
"22/11/2024 22:40";
"22/11/2024 22:50";
"22/11/2024 23:00";
"22/11/2024 23:10";
"22/11/2024 23:20";
"22/11/2024 23:30";
"22/11/2024 23:40";
"22/11/2024 23:50";
"23/11/2024 00:00";
"23/11/2024 00:10";
"23/11/2024 00:20";
"23/11/2024 00:30";
"23/11/2024 00:40";
"23/11/2024 00:50";
"23/11/2024 01:00";
"23/11/2024 01:10";
"23/11/2024 01:20";
"23/11/2024 01:30";
"23/11/2024 01:40";
"23/11/2024 01:50";
"23/11/2024 02:00";
"23/11/2024 02:10";
"23/11/2024 02:20";
"23/11/2024 02:30";
"23/11/2024 02:40";
"23/11/2024 02:50";
"23/11/2024 03:00";
"23/11/2024 03:10";
"23/11/2024 03:20";
"23/11/2024 03:30";
"23/11/2024 03:40";
"23/11/2024 03:50";
"23/11/2024 04:00";
"23/11/2024 04:10";
"23/11/2024 04:20";
"23/11/2024 04:30";
"23/11/2024 04:40";
"23/11/2024 04:50";
"23/11/2024 05:00";
"23/11/2024 05:10";
"23/11/2024 05:20";
"23/11/2024 05:30";
"23/11/2024 05:40";
"23/11/2024 05:50";
"23/11/2024 06:00";
"23/11/2024 06:10";
"23/11/2024 06:20";
"23/11/2024 06:30";
"23/11/2024 06:40";
"23/11/2024 06:50";
"23/11/2024 07:00";
"23/11/2024 07:10";
"23/11/2024 07:20";
"23/11/2024 07:30";
"23/11/2024 07:40";
"23/11/2024 07:50";
"23/11/2024 08:00";
"23/11/2024 08:10";
"23/11/2024 08:20";
"23/11/2024 08:30";
"23/11/2024 08:40";
"23/11/2024 08:50";
"23/11/2024 09:00";
"23/11/2024 09:10";
"23/11/2024 09:20";
"23/11/2024 09:30";
"23/11/2024 09:40";
"23/11/2024 09:50";
"23/11/2024 10:00";
"23/11/2024 10:10";
"23/11/2024 10:20";
"23/11/2024 10:30";
"23/11/2024 10:40";
"23/11/2024 10:50";
"23/11/2024 11:00";
"23/11/2024 11:10";
"23/11/2024 11:20";
"23/11/2024 11:30";
"23/11/2024 11:40";
"23/11/2024 11:50";
"23/11/2024 12:00";
"23/11/2024 12:10";
"23/11/2024 12:20";
"23/11/2024 12:30";
"23/11/2024 12:40";
"23/11/2024 12:50";
"23/11/2024 13:00";
"23/11/2024 13:10";
"23/11/2024 13:20";
"23/11/2024 13:30";
"23/11/2024 13:40";
"23/11/2024 13:50";
"23/11/2024 14:00";
"23/11/2024 14:10";
"23/11/2024 14:20";
"23/11/2024 14:30";
"23/11/2024 14:40";
"23/11/2024 14:50";
"23/11/2024 15:00";
"23/11/2024 15:10";
"23/11/2024 15:20";
"23/11/2024 15:30";
"23/11/2024 15:40";
"23/11/2024 15:50";
"23/11/2024 16:00";
"23/11/2024 16:10";
"23/11/2024 16:20";
"23/11/2024 16:30";
"23/11/2024 16:40";
"23/11/2024 16:50";
"23/11/2024 17:00";
"23/11/2024 17:10";
"23/11/2024 17:20";
"23/11/2024 17:30";
"23/11/2024 17:40";
"23/11/2024 17:50";
"23/11/2024 18:00";
"23/11/2024 18:10";
"23/11/2024 18:20";
"23/11/2024 18:30";
"23/11/2024 18:40";
"23/11/2024 18:50";
"23/11/2024 19:00";
"23/11/2024 19:10";
"23/11/2024 19:20";
"23/11/2024 19:30";
"23/11/2024 19:40";
"23/11/2024 19:50";
"23/11/2024 20:00";
"23/11/2024 20:10";
"23/11/2024 20:20";
"23/11/2024 20:30";
"23/11/2024 20:40";
"23/11/2024 20:50";
"23/11/2024 21:00";
"23/11/2024 21:10";
"23/11/2024 21:20";
"23/11/2024 21:30";
"23/11/2024 21:40";
"23/11/2024 21:50";
"23/11/2024 22:00";
"23/11/2024 22:10";
"23/11/2024 22:20";
"23/11/2024 22:30";
"23/11/2024 22:40";
"23/11/2024 22:50";
"23/11/2024 23:00";
"23/11/2024 23:10";
"23/11/2024 23:20";
"23/11/2024 23:30";
"23/11/2024 23:40";
"23/11/2024 23:50";
"24/11/2024 00:00";
"24/11/2024 00:10";
"24/11/2024 00:20";
"24/11/2024 00:30";
"24/11/2024 00:40";
"24/11/2024 00:50";
"24/11/2024 01:00";
"24/11/2024 01:10";
"24/11/2024 01:20";
"24/11/2024 01:30";
"24/11/2024 01:40";
"24/11/2024 01:50";
"24/11/2024 02:00";
"24/11/2024 02:10";
"24/11/2024 02:20";
"24/11/2024 02:30";
"24/11/2024 02:40";
"24/11/2024 02:50";
"24/11/2024 03:00";
"24/11/2024 03:10";
"24/11/2024 03:20";
"24/11/2024 03:30";
"24/11/2024 03:40";
"24/11/2024 03:50";
"24/11/2024 04:00";
"24/11/2024 04:10";
"24/11/2024 04:20";
"24/11/2024 04:30";
"24/11/2024 04:40";
"24/11/2024 04:50";
"24/11/2024 05:00";
"24/11/2024 05:10";
"24/11/2024 05:20";
"24/11/2024 05:30";
"24/11/2024 05:40";
"24/11/2024 05:50";
"24/11/2024 06:00";
"24/11/2024 06:10";
"24/11/2024 06:20";
"24/11/2024 06:30";
"24/11/2024 06:40";
"24/11/2024 06:50";
"24/11/2024 07:00";
"24/11/2024 07:10";
"24/11/2024 07:20";
"24/11/2024 07:30";
"24/11/2024 07:40";
"24/11/2024 07:50";
"24/11/2024 08:00";
"24/11/2024 08:10";
"24/11/2024 08:20";
"24/11/2024 08:30";
"24/11/2024 08:40";
"24/11/2024 08:50";
"24/11/2024 09:00";
"24/11/2024 09:10";
"24/11/2024 09:20";
"24/11/2024 09:30";
"24/11/2024 09:40";
"24/11/2024 09:50";
"24/11/2024 10:00";
"24/11/2024 10:10";
"24/11/2024 10:20";
"24/11/2024 10:30";
"24/11/2024 10:40";
"24/11/2024 10:50";
"24/11/2024 11:00";
"24/11/2024 11:10";
"24/11/2024 11:20";
"24/11/2024 11:30";
"24/11/2024 11:40";
"24/11/2024 11:50";
"24/11/2024 12:00";
"24/11/2024 12:10";
"24/11/2024 12:20";
"24/11/2024 12:30";
"24/11/2024 12:40";
"24/11/2024 12:50";
"24/11/2024 13:00";
"24/11/2024 13:10";
"24/11/2024 13:20";
"24/11/2024 13:30";
"24/11/2024 13:40";
"24/11/2024 13:50";
"24/11/2024 14:00";
"24/11/2024 14:10";
"24/11/2024 14:20";
"24/11/2024 14:30";
"24/11/2024 14:40";
"24/11/2024 14:50";
"24/11/2024 15:00";
"24/11/2024 15:10";
"24/11/2024 15:20";
"24/11/2024 15:30";
"24/11/2024 15:40";
"24/11/2024 15:50";
"24/11/2024 16:00";
"24/11/2024 16:10";
"24/11/2024 16:20";
"24/11/2024 16:30";
"24/11/2024 16:40";
"24/11/2024 16:50";
"24/11/2024 17:00";
"24/11/2024 17:10";
"24/11/2024 17:20";
"24/11/2024 17:30";
"24/11/2024 17:40";
"24/11/2024 17:50";
"24/11/2024 18:00";
"24/11/2024 18:10";
"24/11/2024 18:20";
"24/11/2024 18:30";
"24/11/2024 18:40";
"24/11/2024 18:50";
"24/11/2024 19:00";
"24/11/2024 19:10";
"24/11/2024 19:20";
"24/11/2024 19:30";
"24/11/2024 19:40";
"24/11/2024 19:50";
"24/11/2024 20:00";
"24/11/2024 20:10";
"24/11/2024 20:20";
"24/11/2024 20:30";
"24/11/2024 20:40";
"24/11/2024 20:50";
"24/11/2024 21:00";
"24/11/2024 21:10";
"24/11/2024 21:20";
"24/11/2024 21:30";
"24/11/2024 21:40";
"24/11/2024 21:50";
"24/11/2024 22:00";
"24/11/2024 22:10";
"24/11/2024 22:20";
"24/11/2024 22:30";
"24/11/2024 22:40";
"24/11/2024 22:50";
"24/11/2024 23:00";
"24/11/2024 23:10";
"24/11/2024 23:20";
"24/11/2024 23:30";
"24/11/2024 23:40";
"24/11/2024 23:50";
"25/11/2024 00:00";
"25/11/2024 00:10";
"25/11/2024 00:20";
"25/11/2024 00:30";
"25/11/2024 00:40";
"25/11/2024 00:50";
"25/11/2024 01:00";
"25/11/2024 01:10";
"25/11/2024 01:20";
"25/11/2024 01:30";
"25/11/2024 01:40";
"25/11/2024 01:50";
"25/11/2024 02:00";
"25/11/2024 02:10";
"25/11/2024 02:20";
"25/11/2024 02:30";
"25/11/2024 02:40";
"25/11/2024 02:50";
"25/11/2024 03:00";
"25/11/2024 03:10";
"25/11/2024 03:20";
"25/11/2024 03:30";
"25/11/2024 03:40";
"25/11/2024 03:50";
"25/11/2024 04:00";
"25/11/2024 04:10";
"25/11/2024 04:20";
"25/11/2024 04:30";
"25/11/2024 04:40";
"25/11/2024 04:50";
"25/11/2024 05:00";
"25/11/2024 05:10";
"25/11/2024 05:20";
"25/11/2024 05:30";
"25/11/2024 05:40";
"25/11/2024 05:50";
"25/11/2024 06:00";
"25/11/2024 06:10";
"25/11/2024 06:20";
"25/11/2024 06:30";
"25/11/2024 06:40";
"25/11/2024 06:50";
"25/11/2024 07:00";
"25/11/2024 07:10";
"25/11/2024 07:20";
"25/11/2024 07:30";
"25/11/2024 07:40";
"25/11/2024 07:50";
"25/11/2024 08:00";
"25/11/2024 08:10";
"25/11/2024 08:20";
"25/11/2024 08:30";
"25/11/2024 08:40";
"25/11/2024 08:50";
"25/11/2024 09:00";
"25/11/2024 09:10";
"25/11/2024 09:20";
"25/11/2024 09:30";
"25/11/2024 09:40";
"25/11/2024 09:50";
"25/11/2024 10:00";
"25/11/2024 10:10";
"25/11/2024 10:20";
"25/11/2024 10:30";
"25/11/2024 10:40";
"25/11/2024 10:50";
"25/11/2024 11:00";
"25/11/2024 11:10";
"25/11/2024 11:20";
"25/11/2024 11:30";
"25/11/2024 11:40";
"25/11/2024 11:50";
"25/11/2024 12:00";
"25/11/2024 12:10";
"25/11/2024 12:20";
"25/11/2024 12:30";
"25/11/2024 12:40";
"25/11/2024 12:50";
"25/11/2024 13:00";
"25/11/2024 13:10";
"25/11/2024 13:20";
"25/11/2024 13:30";
"25/11/2024 13:40";
"25/11/2024 13:50";
"25/11/2024 14:00";
"25/11/2024 14:10";
"25/11/2024 14:20";
"25/11/2024 14:30";
"25/11/2024 14:40";
"25/11/2024 14:50";
"25/11/2024 15:00";
"25/11/2024 15:10";
"25/11/2024 15:20";
"25/11/2024 15:30";
"25/11/2024 15:40";
"25/11/2024 15:50";
"25/11/2024 16:00";
"25/11/2024 16:10";
"25/11/2024 16:20";
"25/11/2024 16:30";
"25/11/2024 16:40";
"25/11/2024 16:50";
"25/11/2024 17:00";
"25/11/2024 17:10";
"25/11/2024 17:20";
"25/11/2024 17:30";
"25/11/2024 17:40";
"25/11/2024 17:50";
"25/11/2024 18:00";
"25/11/2024 18:10";
"25/11/2024 18:20";
"25/11/2024 18:30";
"25/11/2024 18:40";
"25/11/2024 18:50";
"25/11/2024 19:00";
"25/11/2024 19:10";
"25/11/2024 19:20";
"25/11/2024 19:30";
"25/11/2024 19:40";
"25/11/2024 19:50";
"25/11/2024 20:00";
"25/11/2024 20:10";
"25/11/2024 20:20";
"25/11/2024 20:30";
"25/11/2024 20:40";
"25/11/2024 20:50";
"25/11/2024 21:00";
"25/11/2024 21:10";
"25/11/2024 21:20";
"25/11/2024 21:30";
"25/11/2024 21:40";
"25/11/2024 21:50";
"25/11/2024 22:00";
"25/11/2024 22:10";
"25/11/2024 22:20";
"25/11/2024 22:30";
"25/11/2024 22:40";
"25/11/2024 22:50";
"25/11/2024 23:00";
"25/11/2024 23:10";
"25/11/2024 23:20";
"25/11/2024 23:30";
"25/11/2024 23:40";
"25/11/2024 23:50";
"26/11/2024 00:00";
"26/11/2024 00:10";
"26/11/2024 00:20";
"26/11/2024 00:30";
"26/11/2024 00:40";
"26/11/2024 00:50";
"26/11/2024 01:00";
"26/11/2024 01:10";
"26/11/2024 01:20";
"26/11/2024 01:30";
"26/11/2024 01:40";
"26/11/2024 01:50";
"26/11/2024 02:00";
"26/11/2024 02:10";
"26/11/2024 02:20";
"26/11/2024 02:30";
"26/11/2024 02:40";
"26/11/2024 02:50";
"26/11/2024 03:00";
"26/11/2024 03:10";
"26/11/2024 03:20";
"26/11/2024 03:30";
"26/11/2024 03:40";
"26/11/2024 03:50";
"26/11/2024 04:00";
"26/11/2024 04:10";
"26/11/2024 04:20";
"26/11/2024 04:30";
"26/11/2024 04:40";
"26/11/2024 04:50";
"26/11/2024 05:00";
"26/11/2024 05:10";
"26/11/2024 05:20";
"26/11/2024 05:30";
"26/11/2024 05:40";
"26/11/2024 05:50";
"26/11/2024 06:00";
"26/11/2024 06:10";
"26/11/2024 06:20";
"26/11/2024 06:30";
"26/11/2024 06:40";
"26/11/2024 06:50";
"26/11/2024 07:00";
"26/11/2024 07:10";
"26/11/2024 07:20";
"26/11/2024 07:30";
"26/11/2024 07:40";
"26/11/2024 07:50";
"26/11/2024 08:00";
"26/11/2024 08:10";
"26/11/2024 08:20";
"26/11/2024 08:30";
"26/11/2024 08:40";
"26/11/2024 08:50";
"26/11/2024 09:00";
"26/11/2024 09:10";
"26/11/2024 09:20";
"26/11/2024 09:30";
"26/11/2024 09:40";
"26/11/2024 09:50";
"26/11/2024 10:00";
"26/11/2024 10:10";
"26/11/2024 10:20";
"26/11/2024 10:30";
"26/11/2024 10:40";
"26/11/2024 10:50";
"26/11/2024 11:00";
"26/11/2024 11:10";
"26/11/2024 11:20";
"26/11/2024 11:30";
"26/11/2024 11:40";
"26/11/2024 11:50";
"26/11/2024 12:00";
"26/11/2024 12:10";
"26/11/2024 12:20";
"26/11/2024 12:30";
"26/11/2024 12:40";
"26/11/2024 12:50";
"26/11/2024 13:00";
"26/11/2024 13:10";
"26/11/2024 13:20";
"26/11/2024 13:30";
"26/11/2024 13:40";
"26/11/2024 13:50";
"26/11/2024 14:00";
"26/11/2024 14:10";
"26/11/2024 14:20";
"26/11/2024 14:30";
"26/11/2024 14:40";
"26/11/2024 14:50";
"26/11/2024 15:00";
"26/11/2024 15:10";
"26/11/2024 15:20";
"26/11/2024 15:30";
"26/11/2024 15:40";
"26/11/2024 15:50";
"26/11/2024 16:00";
"26/11/2024 16:10";
"26/11/2024 16:20";
"26/11/2024 16:30";
"26/11/2024 16:40";
"26/11/2024 16:50";
"26/11/2024 17:00";
"26/11/2024 17:10";
"26/11/2024 17:20";
"26/11/2024 17:30";
"26/11/2024 17:40";
"26/11/2024 17:50";
"26/11/2024 18:00";
"26/11/2024 18:10";
"26/11/2024 18:20";
"26/11/2024 18:30";
"26/11/2024 18:40";
"26/11/2024 18:50";
"26/11/2024 19:00";
"26/11/2024 19:10";
"26/11/2024 19:20";
"26/11/2024 19:30";
"26/11/2024 19:40";
"26/11/2024 19:50";
"26/11/2024 20:00";
"26/11/2024 20:10";
"26/11/2024 20:20";
"26/11/2024 20:30";
"26/11/2024 20:40";
"26/11/2024 20:50";
"26/11/2024 21:00";
"26/11/2024 21:10";
"26/11/2024 21:20";
"26/11/2024 21:30";
"26/11/2024 21:40";
"26/11/2024 21:50";
"26/11/2024 22:00";
"26/11/2024 22:10";
"26/11/2024 22:20";
"26/11/2024 22:30";
"26/11/2024 22:40";
"26/11/2024 22:50";
"26/11/2024 23:00";
"26/11/2024 23:10";
"26/11/2024 23:20";
"26/11/2024 23:30";
"26/11/2024 23:40";
"26/11/2024 23:50";
"27/11/2024 00:00";
"27/11/2024 00:10";
"27/11/2024 00:20";
"27/11/2024 00:30";
"27/11/2024 00:40";
"27/11/2024 00:50";
"27/11/2024 01:00";
"27/11/2024 01:10";
"27/11/2024 01:20";
"27/11/2024 01:30";
"27/11/2024 01:40";
"27/11/2024 01:50";
"27/11/2024 02:00";
"27/11/2024 02:10";
"27/11/2024 02:20";
"27/11/2024 02:30";
"27/11/2024 02:40";
"27/11/2024 02:50";
"27/11/2024 03:00";
"27/11/2024 03:10";
"27/11/2024 03:20";
"27/11/2024 03:30";
"27/11/2024 03:40";
"27/11/2024 03:50";
"27/11/2024 04:00";
"27/11/2024 04:10";
"27/11/2024 04:20";
"27/11/2024 04:30";
"27/11/2024 04:40";
"27/11/2024 04:50";
"27/11/2024 05:00";
"27/11/2024 05:10";
"27/11/2024 05:20";
"27/11/2024 05:30";
"27/11/2024 05:40";
"27/11/2024 05:50";
"27/11/2024 06:00";
"27/11/2024 06:10";
"27/11/2024 06:20";
"27/11/2024 06:30";
"27/11/2024 06:40";
"27/11/2024 06:50";
"27/11/2024 07:00";
"27/11/2024 07:10";
"27/11/2024 07:20";
"27/11/2024 07:30";
"27/11/2024 07:40";
"27/11/2024 07:50";
"27/11/2024 08:00";
"27/11/2024 08:10";
"27/11/2024 08:20";
"27/11/2024 08:30";
"27/11/2024 08:40";
"27/11/2024 08:50";
"27/11/2024 09:00";
"27/11/2024 09:10";
"27/11/2024 09:20";
"27/11/2024 09:30";
"27/11/2024 09:40";
"27/11/2024 09:50";
"27/11/2024 10:00";
"27/11/2024 10:10";
"27/11/2024 10:20";
"27/11/2024 10:30";
"27/11/2024 10:40";
"27/11/2024 10:50";
"27/11/2024 11:00";
"27/11/2024 11:10";
"27/11/2024 11:20";
"27/11/2024 11:30";
"27/11/2024 11:40";
"27/11/2024 11:50";
"27/11/2024 12:00";
"27/11/2024 12:10";
"27/11/2024 12:20";
"27/11/2024 12:30";
"27/11/2024 12:40";
"27/11/2024 12:50";
"27/11/2024 13:00";
"27/11/2024 13:10";
"27/11/2024 13:20";
"27/11/2024 13:30";
"27/11/2024 13:40";
"27/11/2024 13:50";
"27/11/2024 14:00";
"27/11/2024 14:10";
"27/11/2024 14:20";
"27/11/2024 14:30";
"27/11/2024 14:40";
"27/11/2024 14:50";
"27/11/2024 15:00";
"27/11/2024 15:10";
"27/11/2024 15:20";
"27/11/2024 15:30";
"27/11/2024 15:40";
"27/11/2024 15:50";
"27/11/2024 16:00";
"27/11/2024 16:10";
"27/11/2024 16:20";
"27/11/2024 16:30";
"27/11/2024 16:40";
"27/11/2024 16:50";
"27/11/2024 17:00";
"27/11/2024 17:10";
"27/11/2024 17:20";
"27/11/2024 17:30";
"27/11/2024 17:40";
"27/11/2024 17:50";
"27/11/2024 18:00";
"27/11/2024 18:10";
"27/11/2024 18:20";
"27/11/2024 18:30";
"27/11/2024 18:40";
"27/11/2024 18:50";
"27/11/2024 19:00";
"27/11/2024 19:10";
"27/11/2024 19:20";
"27/11/2024 19:30";
"27/11/2024 19:40";
"27/11/2024 19:50";
"27/11/2024 20:00";
"27/11/2024 20:10";
"27/11/2024 20:20";
"27/11/2024 20:30";
"27/11/2024 20:40";
"27/11/2024 20:50";
"27/11/2024 21:00";
"27/11/2024 21:10";
"27/11/2024 21:20";
"27/11/2024 21:30";
"27/11/2024 21:40";
"27/11/2024 21:50";
"27/11/2024 22:00";
"27/11/2024 22:10";
"27/11/2024 22:20";
"27/11/2024 22:30";
"27/11/2024 22:40";
"27/11/2024 22:50";
"27/11/2024 23:00";
"27/11/2024 23:10";
"27/11/2024 23:20";
"27/11/2024 23:30";
"27/11/2024 23:40";
"27/11/2024 23:50";
"28/11/2024 00:00";
"28/11/2024 00:10";
"28/11/2024 00:20";
"28/11/2024 00:30";
"28/11/2024 00:40";
"28/11/2024 00:50";
"28/11/2024 01:00";
"28/11/2024 01:10";
"28/11/2024 01:20";
"28/11/2024 01:30";
"28/11/2024 01:40";
"28/11/2024 01:50";
"28/11/2024 02:00";
"28/11/2024 02:10";
"28/11/2024 02:20";
"28/11/2024 02:30";
"28/11/2024 02:40";
"28/11/2024 02:50";
"28/11/2024 03:00";
"28/11/2024 03:10";
"28/11/2024 03:20";
"28/11/2024 03:30";
"28/11/2024 03:40";
"28/11/2024 03:50";
"28/11/2024 04:00";
"28/11/2024 04:10";
"28/11/2024 04:20";
"28/11/2024 04:30";
"28/11/2024 04:40";
"28/11/2024 04:50";
"28/11/2024 05:00";
"28/11/2024 05:10";
"28/11/2024 05:20";
"28/11/2024 05:30";
"28/11/2024 05:40";
"28/11/2024 05:50";
"28/11/2024 06:00";
"28/11/2024 06:10";
"28/11/2024 06:20";
"28/11/2024 06:30";
"28/11/2024 06:40";
"28/11/2024 06:50";
"28/11/2024 07:00";
"28/11/2024 07:10";
"28/11/2024 07:20";
"28/11/2024 07:30";
"28/11/2024 07:40";
"28/11/2024 07:50";
"28/11/2024 08:00";
"28/11/2024 08:10";
"28/11/2024 08:20";
"28/11/2024 08:30";
"28/11/2024 08:40";
"28/11/2024 08:50";
"28/11/2024 09:00";
"28/11/2024 09:10";
"28/11/2024 09:20";
"28/11/2024 09:30";
"28/11/2024 09:40";
"28/11/2024 09:50";
"28/11/2024 10:00";
"28/11/2024 10:10";
"28/11/2024 10:20";
"28/11/2024 10:30";
"28/11/2024 10:40";
"28/11/2024 10:50";
"28/11/2024 11:00";
"28/11/2024 11:10";
"28/11/2024 11:20";
"28/11/2024 11:30";
"28/11/2024 11:40";
"28/11/2024 11:50";
"28/11/2024 12:00";
"28/11/2024 12:10";
"28/11/2024 12:20";
"28/11/2024 12:30";
"28/11/2024 12:40";
"28/11/2024 12:50";
"28/11/2024 13:00";
"28/11/2024 13:10";
"28/11/2024 13:20";
"28/11/2024 13:30";
"28/11/2024 13:40";
"28/11/2024 13:50";
"28/11/2024 14:00";
"28/11/2024 14:10";
"28/11/2024 14:20";
"28/11/2024 14:30";
"28/11/2024 14:40";
"28/11/2024 14:50";
"28/11/2024 15:00";
"28/11/2024 15:10";
"28/11/2024 15:20";
"28/11/2024 15:30";
"28/11/2024 15:40";
"28/11/2024 15:50";
"28/11/2024 16:00";
"28/11/2024 16:10";
"28/11/2024 16:20";
"28/11/2024 16:30";
"28/11/2024 16:40";
"28/11/2024 16:50";
"28/11/2024 17:00";
"28/11/2024 17:10";
"28/11/2024 17:20";
"28/11/2024 17:30";
"28/11/2024 17:40";
"28/11/2024 17:50";
"28/11/2024 18:00";
"28/11/2024 18:10";
"28/11/2024 18:20";
"28/11/2024 18:30";
"28/11/2024 18:40";
"28/11/2024 18:50";
"28/11/2024 19:00";
"28/11/2024 19:10";
"28/11/2024 19:20";
"28/11/2024 19:30";
"28/11/2024 19:40";
"28/11/2024 19:50";
"28/11/2024 20:00";
"28/11/2024 20:10";
"28/11/2024 20:20";
"28/11/2024 20:30";
"28/11/2024 20:40";
"28/11/2024 20:50";
"28/11/2024 21:00";
"28/11/2024 21:10";
"28/11/2024 21:20";
"28/11/2024 21:30";
"28/11/2024 21:40";
"28/11/2024 21:50";
"28/11/2024 22:00";
"28/11/2024 22:10";
"28/11/2024 22:20";
"28/11/2024 22:30";
"28/11/2024 22:40";
"28/11/2024 22:50";
"28/11/2024 23:00";
"28/11/2024 23:10";
"28/11/2024 23:20";
"28/11/2024 23:30";
"28/11/2024 23:40";
"28/11/2024 23:50";
"29/11/2024 00:00";
"29/11/2024 00:10";
"29/11/2024 00:20";
"29/11/2024 00:30";
"29/11/2024 00:40";
"29/11/2024 00:50";
"29/11/2024 01:00";
"29/11/2024 01:10";
"29/11/2024 01:20";
"29/11/2024 01:30";
"29/11/2024 01:40";
"29/11/2024 01:50";
"29/11/2024 02:00";
"29/11/2024 02:10";
"29/11/2024 02:20";
"29/11/2024 02:30";
"29/11/2024 02:40";
"29/11/2024 02:50";
"29/11/2024 03:00";
"29/11/2024 03:10";
"29/11/2024 03:20";
"29/11/2024 03:30";
"29/11/2024 03:40";
"29/11/2024 03:50";
"29/11/2024 04:00";
"29/11/2024 04:10";
"29/11/2024 04:20";
"29/11/2024 04:30";
"29/11/2024 04:40";
"29/11/2024 04:50";
"29/11/2024 05:00";
"29/11/2024 05:10";
"29/11/2024 05:20";
"29/11/2024 05:30";
"29/11/2024 05:40";
"29/11/2024 05:50";
"29/11/2024 06:00";
"29/11/2024 06:10";
"29/11/2024 06:20";
"29/11/2024 06:30";
"29/11/2024 06:40";
"29/11/2024 06:50";
"29/11/2024 07:00";
"29/11/2024 07:10";
"29/11/2024 07:20";
"29/11/2024 07:30";
"29/11/2024 07:40";
"29/11/2024 07:50";
"29/11/2024 08:00";
"29/11/2024 08:10";
"29/11/2024 08:20";
"29/11/2024 08:30";
"29/11/2024 08:40";
"29/11/2024 08:50";
"29/11/2024 09:00";
"29/11/2024 09:10";
"29/11/2024 09:20";
"29/11/2024 09:30";
"29/11/2024 09:40";
"29/11/2024 09:50";
"29/11/2024 10:00";
"29/11/2024 10:10";
"29/11/2024 10:20";
"29/11/2024 10:30";
"29/11/2024 10:40";
"29/11/2024 10:50";
"29/11/2024 11:00";
"29/11/2024 11:10";
"29/11/2024 11:20";
"29/11/2024 11:30";
"29/11/2024 11:40";
"29/11/2024 11:50";
"29/11/2024 12:00";
"29/11/2024 12:10";
"29/11/2024 12:20";
"29/11/2024 12:30";
"29/11/2024 12:40";
"29/11/2024 12:50";
"29/11/2024 13:00";
"29/11/2024 13:10";
"29/11/2024 13:20";
"29/11/2024 13:30";
"29/11/2024 13:40";
"29/11/2024 13:50";
"29/11/2024 14:00";
"29/11/2024 14:10";
"29/11/2024 14:20";
"29/11/2024 14:30";
"29/11/2024 14:40";
"29/11/2024 14:50";
"29/11/2024 15:00";
"29/11/2024 15:10";
"29/11/2024 15:20";
"29/11/2024 15:30";
"29/11/2024 15:40";
"29/11/2024 15:50";
"29/11/2024 16:00";
"29/11/2024 16:10";
"29/11/2024 16:20";
"29/11/2024 16:30";
"29/11/2024 16:40";
"29/11/2024 16:50";
"29/11/2024 17:00";
"29/11/2024 17:10";
"29/11/2024 17:20";
"29/11/2024 17:30";
"29/11/2024 17:40";
"29/11/2024 17:50";
"29/11/2024 18:00";
"29/11/2024 18:10";
"29/11/2024 18:20";
"29/11/2024 18:30";
"29/11/2024 18:40";
"29/11/2024 18:50";
"29/11/2024 19:00";
"29/11/2024 19:10";
"29/11/2024 19:20";
"29/11/2024 19:30";
"29/11/2024 19:40";
"29/11/2024 19:50";
"29/11/2024 20:00";
"29/11/2024 20:10";
"29/11/2024 20:20";
"29/11/2024 20:30";
"29/11/2024 20:40";
"29/11/2024 20:50";
"29/11/2024 21:00";
"29/11/2024 21:10";
"29/11/2024 21:20";
"29/11/2024 21:30";
"29/11/2024 21:40";
"29/11/2024 21:50";
"29/11/2024 22:00";
"29/11/2024 22:10";
"29/11/2024 22:20";
"29/11/2024 22:30";
"29/11/2024 22:40";
"29/11/2024 22:50";
"29/11/2024 23:00";
"29/11/2024 23:10";
"29/11/2024 23:20";
"29/11/2024 23:30";
"29/11/2024 23:40";
"29/11/2024 23:50";
"30/11/2024 00:00";
"30/11/2024 00:10";
"30/11/2024 00:20";
"30/11/2024 00:30";
"30/11/2024 00:40";
"30/11/2024 00:50";
"30/11/2024 01:00";
"30/11/2024 01:10";
"30/11/2024 01:20";
"30/11/2024 01:30";
"30/11/2024 01:40";
"30/11/2024 01:50";
"30/11/2024 02:00";
"30/11/2024 02:10";
"30/11/2024 02:20";
"30/11/2024 02:30";
"30/11/2024 02:40";
"30/11/2024 02:50";
"30/11/2024 03:00";
"30/11/2024 03:10";
"30/11/2024 03:20";
"30/11/2024 03:30";
"30/11/2024 03:40";
"30/11/2024 03:50";
"30/11/2024 04:00";
"30/11/2024 04:10";
"30/11/2024 04:20";
"30/11/2024 04:30";
"30/11/2024 04:40";
"30/11/2024 04:50";
"30/11/2024 05:00";
"30/11/2024 05:10";
"30/11/2024 05:20";
"30/11/2024 05:30";
"30/11/2024 05:40";
"30/11/2024 05:50";
"30/11/2024 06:00";
"30/11/2024 06:10";
"30/11/2024 06:20";
"30/11/2024 06:30";
"30/11/2024 06:40";
"30/11/2024 06:50";
"30/11/2024 07:00";
"30/11/2024 07:10";
"30/11/2024 07:20";
"30/11/2024 07:30";
"30/11/2024 07:40";
"30/11/2024 07:50";
"30/11/2024 08:00";
"30/11/2024 08:10";
"30/11/2024 08:20";
"30/11/2024 08:30";
"30/11/2024 08:40";
"30/11/2024 08:50";
"30/11/2024 09:00";
"30/11/2024 09:10";
"30/11/2024 09:20";
"30/11/2024 09:30";
"30/11/2024 09:40";
"30/11/2024 09:50";
"30/11/2024 10:00";
"30/11/2024 10:10";
"30/11/2024 10:20";
"30/11/2024 10:30";
"30/11/2024 10:40";
"30/11/2024 10:50";
"30/11/2024 11:00";
"30/11/2024 11:10";
"30/11/2024 11:20";
"30/11/2024 11:30";
"30/11/2024 11:40";
"30/11/2024 11:50";
"30/11/2024 12:00";
"30/11/2024 12:10";
"30/11/2024 12:20";
"30/11/2024 12:30";
"30/11/2024 12:40";
"30/11/2024 12:50";
"30/11/2024 13:00";
"30/11/2024 13:10";
"30/11/2024 13:20";
"30/11/2024 13:30";
"30/11/2024 13:40";
"30/11/2024 13:50";
"30/11/2024 14:00";
"30/11/2024 14:10";
"30/11/2024 14:20";
"30/11/2024 14:30";
"30/11/2024 14:40";
"30/11/2024 14:50";
"30/11/2024 15:00";
"30/11/2024 15:10";
"30/11/2024 15:20";
"30/11/2024 15:30";
"30/11/2024 15:40";
"30/11/2024 15:50";
"30/11/2024 16:00";
"30/11/2024 16:10";
"30/11/2024 16:20";
"30/11/2024 16:30";
"30/11/2024 16:40";
"30/11/2024 16:50";
"30/11/2024 17:00";
"30/11/2024 17:10";
"30/11/2024 17:20";
"30/11/2024 17:30";
"30/11/2024 17:40";
"30/11/2024 17:50";
"30/11/2024 18:00";
"30/11/2024 18:10";
"30/11/2024 18:20";
"30/11/2024 18:30";
"30/11/2024 18:40";
"30/11/2024 18:50";
"30/11/2024 19:00";
"30/11/2024 19:10";
"30/11/2024 19:20";
"30/11/2024 19:30";
"30/11/2024 19:40";
"30/11/2024 19:50";
"30/11/2024 20:00";
"30/11/2024 20:10";
"30/11/2024 20:20";
"30/11/2024 20:30";
"30/11/2024 20:40";
"30/11/2024 20:50";
"30/11/2024 21:00";
"30/11/2024 21:10";
"30/11/2024 21:20";
"30/11/2024 21:30";
"30/11/2024 21:40";
"30/11/2024 21:50";
"30/11/2024 22:00";
"30/11/2024 22:10";
"30/11/2024 22:20";
"30/11/2024 22:30";
"30/11/2024 22:40";
"30/11/2024 22:50";
"30/11/2024 23:00";
"30/11/2024 23:10";
"30/11/2024 23:20";
"30/11/2024 23:30";
"30/11/2024 23:40";
"30/11/2024 23:50";
